date,close
2010-12-01,4.159644603729248
2010-12-02,4.182754039764404
2010-12-03,4.254181861877441
2010-12-06,4.2604851722717285
2010-12-07,4.201662063598633
2010-12-08,4.241367816925049
2010-12-09,4.201662063598633
2010-12-10,4.259223937988281
2010-12-13,4.264476776123047
2010-12-14,4.262585639953613
2010-12-15,4.3275017738342285
2010-12-16,4.348720073699951
2010-12-17,4.348509311676025
2010-12-20,4.392837047576904
2010-12-21,4.48002290725708
2010-12-22,4.497878074645996
2010-12-23,4.552500247955322
2010-12-27,4.515735626220703
2010-12-28,4.516785621643066
2010-12-29,4.540944576263428
2010-12-30,4.558801174163818
2011-01-03,4.569305896759033
2011-01-04,4.570356369018555
2011-01-05,4.485272407531738
2011-01-06,4.443256378173828
2011-01-07,4.425399303436279
2011-01-10,4.410693645477295
2011-01-11,4.419097900390625
2011-01-12,4.280442237854004
2011-01-13,4.243677616119385
2011-01-14,4.171199798583984
2011-01-17,4.269936561584473
2011-01-18,4.095568656921387
2011-01-19,4.122880935668945
2011-01-20,4.09346866607666
2011-01-21,3.992628335952759
2011-01-24,4.06300687789917
2011-01-26,4.138635635375977
2011-01-27,4.11762809753418
2011-01-28,3.983175754547119
2011-01-31,3.988426446914673
2011-02-01,3.9338042736053467
2011-02-02,3.9548137187957764
2011-02-03,3.8970413208007812
2011-02-04,3.85817551612854
2011-02-07,3.8970413208007812
2011-02-08,3.944309711456299
2011-02-09,3.848722457885742
2011-02-10,3.7478814125061035
2011-02-11,3.910696029663086
2011-02-14,3.928553819656372
2011-02-15,3.95166277885437
2011-02-16,4.053552627563477
2011-02-17,4.0850653648376465
2011-02-18,4.131283760070801
2011-02-21,4.095568656921387
2011-02-22,3.9600651264190674
2011-02-23,3.886536121368408
2011-02-24,3.886536121368408
2011-02-25,3.834015130996704
2011-02-28,3.9338042736053467
2011-03-01,4.006284236907959
2011-03-02,4.147039890289307
2011-03-03,4.103972911834717
2011-03-04,3.996337413787842
2011-03-09,3.996337413787842
2011-03-10,3.996337413787842
2011-03-11,4.049622058868408
2011-03-14,4.022980213165283
2011-03-15,4.017651081085205
2011-03-16,3.953709602355957
2011-03-17,3.921738862991333
2011-03-18,3.9750232696533203
2011-03-21,3.9696943759918213
2011-03-22,4.038964748382568
2011-03-23,4.1135640144348145
2011-03-24,4.028307914733887
2011-03-25,4.061345100402832
2011-03-28,4.00699520111084
2011-03-29,4.028307914733887
2011-03-30,4.091183662414551
2011-03-31,4.134877681732178
2011-04-01,4.262762069702148
2011-04-04,4.199884414672852
2011-04-05,4.199884414672852
2011-04-06,4.187095642089844
2011-04-07,4.145533561706543
2011-04-08,4.1135640144348145
2011-04-11,4.145533561706543
2011-04-12,4.102906703948975
2011-04-13,4.102906703948975
2011-04-14,4.193489074707031
2011-04-15,4.236117839813232
2011-04-18,4.245708465576172
2011-04-19,4.316043853759766
2011-04-20,4.326703071594238
2011-04-25,4.358672618865967
2011-04-26,4.456717491149902
2011-04-27,4.4332709312438965
2011-04-28,4.443928241729736
2011-04-29,4.495080947875977
2011-05-02,4.56204891204834
2011-05-03,4.499146461486816
2011-05-04,4.454367637634277
2011-05-05,4.600430488586426
2011-05-06,4.701714992523193
2011-05-09,5.009829998016357
2011-05-10,5.009829998016357
2011-05-11,4.540726661682129
2011-05-12,4.5268659591674805
2011-05-13,4.46929407119751
2011-05-16,4.46929407119751
2011-05-17,4.514071464538574
2011-05-18,4.458631992340088
2011-05-19,4.4564995765686035
2011-05-20,4.408522605895996
2011-05-23,4.413854122161865
2011-05-24,4.403192043304443
2011-05-25,4.370142936706543
2011-05-26,4.370142936706543
2011-05-27,4.3914642333984375
2011-05-30,4.371208190917969
2011-05-31,4.384001731872559
2011-06-01,4.30190896987915
2011-06-02,4.360546112060547
2011-06-03,4.436243534088135
2011-06-06,4.403192043304443
2011-06-07,4.4405083656311035
2011-06-08,4.424515247344971
2011-06-09,4.4767560958862305
2011-06-10,4.409589767456055
2011-06-13,4.366943836212158
2011-06-14,4.457565784454346
2011-06-15,4.435176849365234
2011-06-16,4.307239055633545
2011-06-17,4.371208190917969
2011-06-20,4.423450469970703
2011-06-21,4.515137195587158
2011-06-22,4.467161655426025
2011-06-24,4.477823257446289
2011-06-27,4.493814468383789
2011-06-28,4.568445205688477
2011-06-29,4.6164231300354
2011-06-30,4.584438323974609
2011-07-01,4.630636692047119
2011-07-04,4.647867202758789
2011-07-05,4.684481620788574
2011-07-06,4.706018924713135
2011-07-07,4.668327808380127
2011-07-08,4.584330081939697
2011-07-11,4.512178897857666
2011-07-12,4.414181709289551
2011-07-13,4.426027297973633
2011-07-14,4.415258407592773
2011-07-15,4.36141300201416
2011-07-18,4.415258407592773
2011-07-19,4.415258407592773
2011-07-20,4.388338088989258
2011-07-21,4.377567291259766
2011-07-22,4.382951736450195
2011-07-25,4.296799182891846
2011-07-26,4.174032688140869
2011-07-27,4.129880905151367
2011-07-28,4.208494663238525
2011-07-29,4.070652008056641
2011-08-01,4.070652008056641
2011-08-02,4.142804145812988
2011-08-03,4.102959632873535
2011-08-04,4.004963397979736
2011-08-05,4.070652008056641
2011-08-08,3.9812705516815186
2011-08-09,4.01680850982666
2011-08-10,4.022192478179932
2011-08-11,4.232186794281006
2011-08-12,4.296799182891846
2011-08-15,4.460486888885498
2011-08-16,4.501410007476807
2011-08-17,4.501410007476807
2011-08-18,4.479872703552246
2011-08-19,4.522946834564209
2011-08-22,4.548792362213135
2011-08-23,4.6295599937438965
2011-08-24,4.673711776733398
2011-08-25,4.653252124786377
2011-08-26,4.564945697784424
2011-08-29,4.673711776733398
2011-08-30,4.73940372467041
2011-08-31,4.899860382080078
2011-09-01,4.9138593673706055
2011-09-02,4.846014499664307
2011-09-05,4.738325595855713
2011-09-06,4.73724889755249
2011-09-08,4.738325595855713
2011-09-09,4.738325595855713
2011-09-12,4.769555568695068
2011-09-13,4.792170524597168
2011-09-14,4.84063196182251
2011-09-15,4.851399898529053
2011-09-16,4.932165622711182
2011-09-19,4.964472770690918
2011-09-20,4.986011981964111
2011-09-21,4.976318359375
2011-09-22,4.851399898529053
2011-09-23,4.878321170806885
2011-09-26,4.878321170806885
2011-09-27,4.812631130218506
2011-09-28,4.889092922210693
2011-09-29,4.899860382080078
2011-09-30,4.9526286125183105
2011-10-03,4.9178361892700195
2011-10-04,4.868603229522705
2011-10-05,4.962692737579346
2011-10-06,4.9342474937438965
2011-10-07,4.949563980102539
2011-10-10,5.003173828125
2011-10-11,5.021771430969238
2011-10-13,5.027243614196777
2011-10-14,4.9998908042907715
2011-10-17,4.988949298858643
2011-10-18,5.1388373374938965
2011-10-19,5.185882091522217
2011-10-20,5.164001941680908
2011-10-21,5.164001941680908
2011-10-24,5.158531188964844
2011-10-25,5.158531188964844
2011-10-26,5.143212795257568
2011-10-27,5.076477527618408
2011-10-28,5.065534591674805
2011-10-31,5.0721001625061035
2011-11-01,5.143212795257568
2011-11-03,5.142121315002441
2011-11-04,5.1300859451293945
2011-11-07,5.1300859451293945
2011-11-08,5.076477527618408
2011-11-09,5.142121315002441
2011-11-10,5.124614715576172
2011-11-11,5.180412292480469
2011-11-14,5.1475911140441895
2011-11-16,5.235116004943848
2011-11-17,5.164001941680908
2011-11-18,5.153060436248779
2011-11-21,5.142121315002441
2011-11-22,5.142121315002441
2011-11-23,5.25152587890625
2011-11-24,5.25152587890625
2011-11-25,5.202293395996094
2011-11-28,5.224175930023193
2011-11-29,5.289819240570068
2011-11-30,5.426578998565674
2011-12-01,5.486751556396484
2011-12-02,5.470339775085449
2011-12-05,5.450646877288818
2011-12-06,5.567712783813477
2011-12-07,5.656332492828369
2011-12-08,5.656332492828369
2011-12-09,5.67930793762207
2011-12-12,5.667272090911865
2011-12-13,5.74385929107666
2011-12-14,5.74385929107666
2011-12-15,5.8313822746276855
2011-12-16,5.809502124786377
2011-12-19,5.865299701690674
2011-12-20,5.907968044281006
2011-12-21,5.857640266418457
2011-12-22,5.8313822746276855
2011-12-23,5.906874179840088
2011-12-26,5.864204406738281
2011-12-27,5.918910026550293
2011-12-28,5.9046854972839355
2011-12-29,5.973610877990723
2012-01-02,5.951728343963623
2012-01-03,5.883898735046387
2012-01-04,5.747142314910889
2012-01-05,5.633357524871826
2012-01-06,5.619134426116943
2012-01-09,5.608193397521973
2012-01-10,5.579745769500732
2012-01-11,5.579745769500732
2012-01-12,5.604911804199219
2012-01-13,5.612569332122803
2012-01-16,5.67930793762207
2012-01-17,5.71650505065918
2012-01-18,5.776679039001465
2012-01-19,5.74932861328125
2012-01-20,5.7657389640808105
2012-01-23,5.688061714172363
2012-01-24,5.763551712036133
2012-01-26,5.74385929107666
2012-01-27,5.661802291870117
2012-01-30,5.666177749633789
2012-01-31,5.689152240753174
2012-02-01,5.7657389640808105
2012-02-02,5.776679039001465
2012-02-03,5.864204406738281
2012-02-06,5.769021034240723
2012-02-07,5.711036205291748
2012-02-08,5.685872554779053
2012-02-09,5.731823921203613
2012-02-10,5.705564498901367
2012-02-13,5.804030418395996
2012-02-14,5.814972400665283
2012-02-15,5.8313822746276855
2012-02-16,5.95063591003418
2012-02-17,6.099428653717041
2012-02-23,6.02831506729126
2012-02-24,6.182577610015869
2012-02-27,6.236187934875488
2012-02-28,6.2810444831848145
2012-02-29,6.358726501464844
2012-03-01,6.351295471191406
2012-03-02,6.4588165283203125
2012-03-05,6.4011759757995605
2012-03-06,6.395633697509766
2012-03-07,6.567439556121826
2012-03-08,6.662765026092529
2012-03-09,6.872259616851807
2012-03-12,6.927679538726807
2012-03-13,7.041848659515381
2012-03-14,7.005270004272461
2012-03-15,6.937657833099365
2012-03-16,6.852309226989746
2012-03-19,6.852309226989746
2012-03-20,7.005270004272461
2012-03-21,7.027438163757324
2012-03-22,7.093944549560547
2012-03-23,7.093944549560547
2012-03-26,7.415388584136963
2012-03-27,7.2812676429748535
2012-03-28,6.983100891113281
2012-03-29,7.016355514526367
2012-03-30,6.979776859283447
2012-04-02,7.1216559410095215
2012-04-03,7.0629072189331055
2012-04-04,6.983100891113281
2012-04-05,6.939869403839111
2012-04-09,6.933222770690918
2012-04-10,7.010811805725098
2012-04-11,7.1670989990234375
2012-04-12,7.204784870147705
2012-04-13,7.232497215270996
2012-04-16,7.231389999389648
2012-04-17,7.3156304359436035
2012-04-18,7.556157112121582
2012-04-19,7.536206245422363
2012-04-20,7.645941257476807
2012-04-23,7.537313938140869
2012-04-24,7.492977619171143
2012-04-25,7.557269096374512
2012-04-26,7.541750431060791
2012-04-27,7.552833557128906
2012-04-30,7.476327419281006
2012-05-02,7.396473407745361
2012-05-03,7.450818061828613
2012-05-04,7.209039211273193
2012-05-07,7.379837989807129
2012-05-08,7.38538122177124
2012-05-09,7.268929481506348
2012-05-10,7.204601764678955
2012-05-11,7.1757659912109375
2012-05-14,7.119201183319092
2012-05-15,7.112546443939209
2012-05-16,7.113654136657715
2012-05-17,7.09813117980957
2012-05-18,7.069294452667236
2012-05-21,7.047113418579102
2012-05-22,7.087037563323975
2012-05-23,6.88962459564209
2012-05-24,6.831949710845947
2012-05-25,6.8153157234191895
2012-05-28,6.8652238845825195
2012-05-29,6.821967124938965
2012-05-30,6.876312732696533
2012-05-31,6.941749095916748
2012-06-01,6.628987789154053
2012-06-04,6.585733890533447
2012-06-05,6.521407604217529
2012-06-06,6.754315376281738
2012-06-08,6.7088422775268555
2012-06-11,6.593496799468994
2012-06-12,6.677787780761719
2012-06-13,6.643404483795166
2012-06-14,6.664480209350586
2012-06-15,6.694423198699951
2012-06-18,6.882969379425049
2012-06-19,7.0848212242126465
2012-06-20,7.09813117980957
2012-06-21,6.976132392883301
2012-06-22,6.899827480316162
2012-06-25,6.916558265686035
2012-06-26,6.9355244636535645
2012-06-27,6.8273138999938965
2012-06-28,6.888669967651367
2012-06-29,7.045965671539307
2012-07-02,6.883093357086182
2012-07-03,7.00580358505249
2012-07-04,7.092820167541504
2012-07-05,7.028115272521973
2012-07-06,6.944449424743652
2012-07-10,6.821734428405762
2012-07-11,6.844047546386719
2012-07-12,6.767070770263672
2012-07-13,6.792731285095215
2012-07-16,6.760377883911133
2012-07-17,6.754802227020264
2012-07-18,6.805004596710205
2012-07-19,6.815040588378906
2012-07-20,6.775996685028076
2012-07-23,6.805004596710205
2012-07-24,6.7191033363342285
2012-07-25,6.726912021636963
2012-07-26,6.933295249938965
2012-07-27,7.172024726867676
2012-07-30,7.240076541900635
2012-07-31,7.173141956329346
2012-08-01,7.170910358428955
2012-08-02,7.012497901916504
2012-08-03,7.0649309158325195
2012-08-06,7.173141956329346
2012-08-07,7.08724308013916
2012-08-08,7.083894729614258
2012-08-09,7.059352874755859
2012-08-10,6.979032039642334
2012-08-13,6.993532180786133
2012-08-14,7.045965671539307
2012-08-15,7.014730453491211
2012-08-16,7.027002334594727
2012-08-17,6.906518936157227
2012-08-20,6.913212776184082
2012-08-21,6.73918342590332
2012-08-22,6.8819780349731445
2012-08-23,6.917675018310547
2012-08-24,6.9500250816345215
2012-08-27,6.9277143478393555
2012-08-28,6.8719353675842285
2012-08-29,6.889787197113037
2012-08-30,6.849625587463379
2012-08-31,7.114016056060791
2012-09-03,7.103975772857666
2012-09-04,7.024768352508545
2012-09-05,7.025884628295898
2012-09-06,7.132979393005371
2012-09-10,7.132979393005371
2012-09-11,7.043735504150391
2012-09-12,6.972337245941162
2012-09-13,7.13521146774292
2012-09-14,7.10062837600708
2012-09-17,7.10062837600708
2012-09-18,6.983493804931641
2012-09-19,6.953372478485107
2012-09-20,7.039273738861084
2012-09-21,7.0850090980529785
2012-09-24,7.173141956329346
2012-09-25,7.13521146774292
2012-09-26,7.122940540313721
2012-09-27,7.128519058227539
2012-09-28,7.112898349761963
2012-10-01,7.29998254776001
2012-10-02,7.472048759460449
2012-10-03,7.42144250869751
2012-10-04,7.51141357421875
2012-10-05,7.564272403717041
2012-10-08,7.761081218719482
2012-10-09,7.521535873413086
2012-10-10,7.557524681091309
2012-10-11,7.582265377044678
2012-10-15,7.7554612159729
2012-10-16,7.758833408355713
2012-10-17,7.799319267272949
2012-10-18,7.909534454345703
2012-10-19,7.768956184387207
2012-10-22,7.753210544586182
2012-10-23,7.692479610443115
2012-10-24,7.6452460289001465
2012-10-25,7.671108245849609
2012-10-26,7.7048492431640625
2012-10-29,7.801567554473877
2012-10-30,7.737464904785156
2012-10-31,7.681233882904053
2012-11-01,7.758833408355713
2012-11-05,7.788073539733887
2012-11-06,7.781325817108154
2012-11-07,7.768956184387207
2012-11-08,7.709349155426025
2012-11-09,7.5541486740112305
2012-11-12,7.582265377044678
2012-11-13,7.658740520477295
2012-11-14,7.668862342834473
2012-11-16,8.176071166992188
2012-11-19,8.312151908874512
2012-11-21,8.434739112854004
2012-11-22,8.420114517211914
2012-11-23,8.502212524414062
2012-11-26,8.485346794128418
2012-11-27,8.460603713989258
2012-11-28,8.431364059448242
2012-11-29,8.321148872375488
2012-11-30,8.738389015197754
2012-12-03,8.923952102661133
2012-12-04,8.727139472961426
2012-12-05,8.772125244140625
2012-12-06,8.769874572753906
2012-12-07,8.614677429199219
2012-12-10,9.587484359741211
2012-12-11,9.738184928894043
2012-12-12,9.761802673339844
2012-12-13,9.795536994934082
2012-12-14,9.683076858520508
2012-12-17,9.670708656311035
2012-12-18,9.739309310913086
2012-12-19,9.80678653717041
2012-12-20,9.518880844116211
2012-12-21,9.557119369506836
2012-12-26,9.430034637451172
2012-12-27,9.538439750671387
2012-12-28,9.515698432922363
2013-01-02,9.554350852966309
2013-01-03,9.723750114440918
2013-01-04,9.563448905944824
2013-01-07,9.673726081848145
2013-01-08,9.662357330322266
2013-01-09,9.811287879943848
2013-01-10,9.790824890136719
2013-01-11,9.67486572265625
2013-01-14,9.720337867736816
2013-01-15,9.751033782958984
2013-01-16,9.992053031921387
2013-01-17,10.089821815490723
2013-01-18,10.197831153869629
2013-01-21,10.175090789794922
2013-01-22,10.175090789794922
2013-01-23,10.23193359375
2013-01-24,10.360403060913086
2013-01-28,10.061406135559082
2013-01-29,10.183048248291016
2013-01-30,10.288777351379395
2013-01-31,10.235346794128418
2013-02-01,10.180776596069336
2013-02-04,10.309243202209473
2013-02-05,10.246816635131836
2013-02-06,10.241129875183105
2013-02-07,10.106979370117188
2013-02-08,10.322988510131836
2013-02-13,10.249091148376465
2013-02-14,10.232039451599121
2013-02-15,10.160412788391113
2013-02-18,10.17860221862793
2013-02-19,10.220667839050293
2013-02-20,10.288881301879883
2013-02-21,10.083105087280273
2013-02-22,10.230897903442383
2013-02-25,9.876188278198242
2013-02-26,9.970549583435059
2013-02-27,9.639714241027832
2013-02-28,9.998943328857422
2013-03-01,10.02299690246582
2013-03-04,9.94395637512207
2013-03-05,9.926775932312012
2013-03-06,10.194818496704102
2013-03-07,10.040175437927246
2013-03-08,10.080267906188965
2013-03-11,10.02872085571289
2013-03-12,9.891264915466309
2013-03-13,9.797334671020508
2013-03-14,9.874082565307617
2013-03-15,9.644986152648926
2013-03-18,9.775569915771484
2013-03-19,9.608330726623535
2013-03-20,9.679351806640625
2013-03-21,9.623220443725586
2013-03-22,9.564800262451172
2013-03-25,9.337993621826172
2013-03-26,9.365486145019531
2013-03-27,9.383813858032227
2013-03-28,9.383813858032227
2013-04-01,9.467432975769043
2013-04-02,9.397561073303223
2013-04-03,9.142118453979492
2013-04-04,9.199390411376953
2013-04-05,9.20855712890625
2013-04-08,9.170754432678223
2013-04-09,9.203971862792969
2013-04-10,9.237194061279297
2013-04-11,9.071100234985352
2013-04-12,8.969149589538574
2013-04-15,8.715994834899902
2013-04-16,8.90500259399414
2013-04-17,8.901565551757812
2013-04-18,8.946236610412598
2013-04-19,9.032151222229004
2013-04-22,8.997787475585938
2013-04-23,9.182210922241211
2013-04-24,8.949674606323242
2013-04-25,8.900421142578125
2013-04-26,8.900421142578125
2013-04-29,8.808781623840332
2013-04-30,9.37006950378418
2013-05-02,9.159300804138184
2013-05-03,9.37006950378418
2013-05-06,9.34830379486084
2013-05-07,9.37006950378418
2013-05-08,9.341431617736816
2013-05-09,9.62665843963623
2013-05-10,9.649567604064941
2013-05-13,9.705695152282715
2013-05-14,9.862624168395996
2013-05-15,9.908447265625
2013-05-16,9.807642936706543
2013-05-17,9.911883354187012
2013-05-20,9.839716911315918
2013-05-21,9.792756080627441
2013-05-22,9.712570190429688
2013-05-23,9.659876823425293
2013-05-24,9.604891777038574
2013-05-27,9.59572982788086
2013-05-28,9.725167274475098
2013-05-29,9.522418022155762
2013-05-31,9.398704528808594
2013-06-03,9.184500694274902
2013-06-04,9.112334251403809
2013-06-05,8.998931884765625
2013-06-06,9.05162525177002
2013-06-07,8.934783935546875
2013-06-10,8.943947792053223
2013-06-11,8.722869873046875
2013-06-12,8.729744911193848
2013-06-13,8.67017650604248
2013-06-14,8.785870552062988
2013-06-17,8.940512657165527
2013-06-18,8.894693374633789
2013-06-19,8.843146324157715
2013-06-20,8.73432445526123
2013-06-21,8.913019180297852
2013-06-24,8.706831932067871
2013-06-25,8.727448463439941
2013-06-26,8.957693099975586
2013-06-27,9.083697319030762
2013-06-28,9.493782997131348
2013-07-01,9.481179237365723
2013-07-02,9.30134105682373
2013-07-03,9.203971862792969
2013-07-04,9.18679141998291
2013-07-05,9.333414077758789
2013-07-08,9.291029930114746
2013-07-10,9.37006950378418
2013-07-11,9.384960174560547
2013-07-12,9.389541625976562
2013-07-15,9.508673667907715
2013-07-16,9.37121295928955
2013-07-17,9.292174339294434
2013-07-18,9.18679141998291
2013-07-19,9.17304515838623
2013-07-22,9.30134105682373
2013-07-23,9.368922233581543
2013-07-24,9.278428077697754
2013-07-25,9.283012390136719
2013-07-26,9.283012390136719
2013-07-29,9.293320655822754
2013-07-30,9.400999069213867
2013-07-31,9.85002613067627
2013-08-01,10.068816184997559
2013-08-02,9.966865539550781
2013-08-05,9.896992683410645
2013-08-06,9.805354118347168
2013-08-07,9.75495433807373
2013-08-08,9.851170539855957
2013-08-09,9.757242202758789
2013-08-12,9.69767951965332
2013-08-13,9.872937202453613
2013-08-14,9.816808700561523
2013-08-15,9.925627708435059
2013-08-16,9.988630294799805
2013-08-19,9.948539733886719
2013-08-20,9.507529258728027
2013-08-21,9.433070182800293
2013-08-22,9.507529258728027
2013-08-23,9.423908233642578
2013-08-26,9.299049377441406
2013-08-27,9.278428077697754
2013-08-28,9.203971862792969
2013-08-29,9.478891372680664
2013-08-30,9.564800262451172
2013-09-02,9.564800262451172
2013-09-03,9.30134105682373
2013-09-04,9.30134105682373
2013-09-05,9.392977714538574
2013-09-06,9.351738929748535
2013-09-09,9.477744102478027
2013-09-10,9.650713920593262
2013-09-11,9.746933937072754
2013-09-12,9.673624992370605
2013-09-13,9.678204536437988
2013-09-16,9.792487144470215
2013-09-17,9.809802055358887
2013-09-18,9.865214347839355
2013-09-19,10.056838035583496
2013-09-20,10.009509086608887
2013-09-23,9.993349075317383
2013-09-24,9.952942848205566
2013-09-25,9.939087867736816
2013-09-26,10.13071346282959
2013-09-27,10.106473922729492
2013-09-30,9.775169372558594
2013-10-01,9.84904956817627
2013-10-02,9.791329383850098
2013-10-03,9.768244743347168
2013-10-04,9.868678092956543
2013-10-07,9.789023399353027
2013-10-08,9.65050220489502
2013-10-09,9.634339332580566
2013-10-10,9.737075805664062
2013-10-11,9.777482032775879
2013-10-14,9.845588684082031
2013-10-15,9.862902641296387
2013-10-16,9.777482032775879
2013-10-17,9.9263916015625
2013-10-18,9.973719596862793
2013-10-21,9.958714485168457
2013-10-22,10.019895553588867
2013-10-23,9.75439167022705
2013-10-24,9.812111854553223
2013-10-25,9.87098503112793
2013-10-28,9.884834289550781
2013-10-29,9.80056381225586
2013-10-30,9.711681365966797
2013-10-31,9.633183479309082
2013-11-01,9.74284839630127
2013-11-04,9.638956069946289
2013-11-05,9.511975288391113
2013-11-06,9.673585891723633
2013-11-07,9.807496070861816
2013-11-08,9.956405639648438
2013-11-11,9.956405639648438
2013-11-12,9.8467435836792
2013-11-13,9.829426765441895
2013-11-14,10.08338451385498
2013-11-18,10.187278747558594
2013-11-19,10.025671005249023
2013-11-21,9.967950820922852
2013-11-22,10.07761287689209
2013-11-25,10.037211418151855
2013-11-26,10.15842056274414
2013-11-27,10.141107559204102
2013-11-28,10.07761287689209
2013-11-29,10.135334968566895
2013-12-02,10.106473922729492
2013-12-03,9.904458045959473
2013-12-04,9.615866661071777
2013-12-05,9.725531578063965
2013-12-06,9.662044525146484
2013-12-09,9.812111854553223
2013-12-10,9.696674346923828
2013-12-11,9.737075805664062
2013-12-12,9.581238746643066
2013-12-13,9.390769004821777
2013-12-16,9.529290199279785
2013-12-17,9.523519515991211
2013-12-18,9.638956069946289
2013-12-19,9.829426765441895
2013-12-20,9.78325366973877
2013-12-23,9.85251522064209
2013-12-26,9.777482032775879
2013-12-27,9.869828224182129
2013-12-30,9.996809005737305
2014-01-02,10.037211418151855
2014-01-03,9.823655128479004
2014-01-06,9.696674346923828
2014-01-07,10.002580642700195
2014-01-08,10.100703239440918
2014-01-09,9.864055633544922
2014-01-10,9.927546501159668
2014-01-13,9.835197448730469
2014-01-14,9.806339263916016
2014-01-15,9.961029052734375
2014-01-16,9.832121849060059
2014-01-17,9.750090599060059
2014-01-20,9.785246849060059
2014-01-21,9.902434349060059
2014-01-22,10.043059349060059
2014-01-23,9.697356224060059
2014-01-24,9.627038955688477
2014-01-27,9.398523330688477
2014-01-28,9.433679580688477
2014-01-29,9.404382705688477
2014-01-30,9.298912048339844
2014-01-31,9.42781925201416
2014-02-03,9.082113265991211
2014-02-04,9.123129844665527
2014-02-05,9.046957015991211
2014-02-06,9.474698066711426
2014-02-07,9.603606224060059
2014-02-10,9.457115173339844
2014-02-11,9.726652145385742
2014-02-12,9.46297550201416
2014-02-13,9.568446159362793
2014-02-14,9.773530006408691
2014-02-17,9.703214645385742
2014-02-18,9.46297550201416
2014-02-19,9.57430648803711
2014-02-20,9.68563461303711
2014-02-21,9.714933395385742
2014-02-24,9.726652145385742
2014-02-25,9.726652145385742
2014-02-26,9.785246849060059
2014-02-27,9.896575927734375
2014-02-28,9.890715599060059
2014-03-05,9.843838691711426
2014-03-06,9.884855270385742
2014-03-07,9.820401191711426
2014-03-10,9.77938461303711
2014-03-11,9.785246849060059
2014-03-12,9.796965599060059
2014-03-13,9.720792770385742
2014-03-14,9.58602523803711
2014-03-17,9.767666816711426
2014-03-18,9.837980270385742
2014-03-19,9.826260566711426
2014-03-20,9.820401191711426
2014-03-21,9.761807441711426
2014-03-24,9.861418724060059
2014-03-25,9.808683395385742
2014-03-26,9.755950927734375
2014-03-27,9.990326881408691
2014-03-28,9.931731224060059
2014-03-31,9.931731224060059
2014-04-01,10.019620895385742
2014-04-02,10.060639381408691
2014-04-03,10.101799011230469
2014-04-04,9.937158584594727
2014-04-07,9.937158584594727
2014-04-08,9.890118598937988
2014-04-09,9.8783597946167
2014-04-10,9.984197616577148
2014-04-11,10.231159210205078
2014-04-14,10.213517189025879
2014-04-15,10.195877075195312
2014-04-16,10.284078598022461
2014-04-17,10.22528076171875
2014-04-22,10.489877700805664
2014-04-23,10.366395950317383
2014-04-24,10.231159210205078
2014-04-25,10.154718399047852
2014-04-28,10.13119888305664
2014-04-29,10.09096622467041
2014-04-30,9.597004890441895
2014-05-02,9.461753845214844
2014-05-05,9.702853202819824
2014-05-06,9.791060447692871
2014-05-07,9.585240364074707
2014-05-08,9.585240364074707
2014-05-09,9.720494270324707
2014-05-12,9.808701515197754
2014-05-13,9.761656761169434
2014-05-14,9.820463180541992
2014-05-15,9.702853202819824
2014-05-16,9.708733558654785
2014-05-19,9.696972846984863
2014-05-20,9.585240364074707
2014-05-21,9.702853202819824
2014-05-22,9.832221984863281
2014-05-23,9.749898910522461
2014-05-26,9.791060447692871
2014-05-27,9.479394912719727
2014-05-28,9.49703311920166
2014-05-29,9.49703311920166
2014-05-30,9.326499938964844
2014-06-02,9.56760025024414
2014-06-03,9.614646911621094
2014-06-04,9.532318115234375
2014-06-05,9.455869674682617
2014-06-06,9.585240364074707
2014-06-09,9.644044876098633
2014-06-10,9.64992904663086
2014-06-11,9.455869674682617
2014-06-13,9.320619583129883
2014-06-16,9.20300579071045
2014-06-17,9.144203186035156
2014-06-18,9.385303497314453
2014-06-20,9.408825874328613
2014-06-23,9.20300579071045
2014-06-24,9.161845207214355
2014-06-25,9.120682716369629
2014-06-26,9.220651626586914
2014-06-27,9.138321876525879
2014-06-30,9.267695426940918
2014-07-01,9.426469802856445
2014-07-02,9.408825874328613
2014-07-03,9.561718940734863
2014-07-04,9.597004890441895
2014-07-07,9.426469802856445
2014-07-08,9.44998836517334
2014-07-10,9.214770317077637
2014-07-11,9.20888900756836
2014-07-14,9.17360782623291
2014-07-15,9.23829174041748
2014-07-16,9.420586585998535
2014-07-17,9.526435852050781
2014-07-18,9.779297828674316
2014-07-21,9.879268646240234
2014-07-22,9.802820205688477
2014-07-23,9.661686897277832
2014-07-24,9.832221984863281
2014-07-25,9.761656761169434
2014-07-28,9.591124534606934
2014-07-29,9.739590644836426
2014-07-30,9.739590644836426
2014-07-31,9.306061744689941
2014-08-01,9.270428657531738
2014-08-04,9.282305717468262
2014-08-05,9.104143142700195
2014-08-06,9.18134593963623
2014-08-07,9.234795570373535
2014-08-08,9.323875427246094
2014-08-11,9.424836158752441
2014-08-12,9.401082992553711
2014-08-13,9.317937850952148
2014-08-14,9.33575439453125
2014-08-15,9.442649841308594
2014-08-18,9.585182189941406
2014-08-19,9.680201530456543
2014-08-20,9.727713584899902
2014-08-21,9.68614387512207
2014-08-22,9.65050983428955
2014-08-25,9.870245933532715
2014-08-26,9.82867431640625
2014-08-27,9.82867431640625
2014-08-28,9.692082405090332
2014-08-29,9.72177505493164
2014-09-01,9.47828483581543
2014-09-02,9.484223365783691
2014-09-03,9.638630867004395
2014-09-04,9.709898948669434
2014-09-05,9.502039909362793
2014-09-08,9.359511375427246
2014-09-09,9.323875427246094
2014-09-10,9.460471153259277
2014-09-11,9.38326644897461
2014-09-12,9.187283515930176
2014-09-15,9.519859313964844
2014-09-16,9.638630867004395
2014-09-17,9.472346305847168
2014-09-18,9.608939170837402
2014-09-19,9.739590644836426
2014-09-22,9.763346672058105
2014-09-23,9.733650207519531
2014-09-24,9.798979759216309
2014-09-25,9.715834617614746
2014-09-26,9.745532035827637
2014-09-29,9.597061157226562
2014-09-30,9.525797843933105
2014-10-01,9.26449203491211
2014-10-02,9.484223365783691
2014-10-03,9.620816230773926
2014-10-06,9.870245933532715
2014-10-07,9.763346672058105
2014-10-08,9.585182189941406
2014-10-09,9.561429023742676
2014-10-10,9.323875427246094
2014-10-13,9.543609619140625
2014-10-14,9.579243659973145
2014-10-15,9.365447044372559
2014-10-16,9.234795570373535
2014-10-17,9.543609619140625
2014-10-20,9.448591232299805
2014-10-21,9.306061744689941
2014-10-22,9.222917556762695
2014-10-23,9.02099895477295
2014-10-24,9.323875427246094
2014-10-27,9.26449203491211
2014-10-28,9.409058570861816
2014-10-29,9.415084838867188
2014-10-30,9.463273048400879
2014-10-31,9.87890911102295
2014-11-03,9.75843620300293
2014-11-04,9.848793029785156
2014-11-05,9.848793029785156
2014-11-06,9.812650680541992
2014-11-07,9.90300464630127
2014-11-10,9.830719947814941
2014-11-11,9.637960433959961
2014-11-12,9.860840797424316
2014-11-13,9.637960433959961
2014-11-14,9.529532432556152
2014-11-17,9.559651374816895
2014-11-18,9.74638843536377
2014-11-19,9.963241577148438
2014-11-21,10.31864070892334
2014-11-24,10.162026405334473
2014-11-25,10.137930870056152
2014-11-26,10.023477554321289
2014-11-27,9.975289344787598
2014-11-28,10.09576416015625
2014-12-01,9.637960433959961
2014-12-02,9.409058570861816
2014-12-03,9.445201873779297
2014-12-04,9.45724868774414
2014-12-05,9.607842445373535
2014-12-08,9.505438804626465
2014-12-09,9.433155059814453
2014-12-10,9.517487525939941
2014-12-11,9.571698188781738
2014-12-12,9.34279727935791
2014-12-15,9.384964942932129
2014-12-16,9.397011756896973
2014-12-17,9.475319862365723
2014-12-18,9.541581153869629
2014-12-19,9.686150550842285
2014-12-22,9.842766761779785
2014-12-23,9.800600051879883
2014-12-26,9.770482063293457
2014-12-29,9.92710018157959
2014-12-30,9.812650680541992
2015-01-02,9.727638244628906
2015-01-05,9.551544189453125
2015-01-06,9.915875434875488
2015-01-07,10.055534362792969
2015-01-08,10.661446571350098
2015-01-09,10.635663986206055
2015-01-12,10.771026611328125
2015-01-13,10.771026611328125
2015-01-14,10.803255081176758
2015-01-15,10.822593688964844
2015-01-16,10.899942398071289
2015-01-19,10.70012092590332
2015-01-20,10.893497467041016
2015-01-21,11.015968322753906
2015-01-22,11.13844108581543
2015-01-23,10.977293014526367
2015-01-26,10.951507568359375
2015-01-27,10.932171821594238
2015-01-28,10.977293014526367
2015-01-29,11.383379936218262
2015-01-30,11.402718544006348
2015-02-02,11.273802757263184
2015-02-03,11.312478065490723
2015-02-04,11.177115440368652
2015-02-05,11.434951782226562
2015-02-06,11.544527053833008
2015-02-09,11.712120056152344
2015-02-10,11.628325462341309
2015-02-11,11.628325462341309
2015-02-12,11.660551071166992
2015-02-13,11.602540016174316
2015-02-18,11.731459617614746
2015-02-19,11.750798225402832
2015-02-20,11.712120056152344
2015-02-23,11.911941528320312
2015-02-24,11.911941528320312
2015-02-25,11.763683319091797
2015-02-26,11.918388366699219
2015-02-27,11.802363395690918
2015-03-02,11.724630355834961
2015-03-03,11.938392639160156
2015-03-04,11.860662460327148
2015-03-05,11.893052101135254
2015-03-06,11.808841705322266
2015-03-09,11.815317153930664
2015-03-10,11.465524673461914
2015-03-11,11.750541687011719
2015-03-12,11.685766220092773
2015-03-13,11.750541687011719
2015-03-16,11.659852027893066
2015-03-17,11.769974708557129
2015-03-18,11.938392639160156
2015-03-19,11.983739852905273
2015-03-20,12.09385871887207
2015-03-23,12.2039794921875
2015-03-24,12.080904960632324
2015-03-25,11.931915283203125
2015-03-26,11.711673736572266
2015-03-27,11.841228485107422
2015-03-30,12.080904960632324
2015-03-31,11.970780372619629
2015-04-01,12.275237083435059
2015-04-02,12.210457801818848
2015-04-06,12.463088035583496
2015-04-07,12.592643737792969
2015-04-08,12.586163520812988
2015-04-09,12.521384239196777
2015-04-10,12.644463539123535
2015-04-13,12.573208808898926
2015-04-14,12.385354995727539
2015-04-15,12.398309707641602
2015-04-16,12.372403144836426
2015-04-17,12.352967262268066
2015-04-20,12.236370086669922
2015-04-22,12.281712532043457
2015-04-23,12.216938972473145
2015-04-24,12.26228141784668
2015-04-27,12.178069114685059
2015-04-28,12.242846488952637
2015-04-29,12.210457801818848
2015-04-30,12.275237083435059
2015-05-04,12.527865409851074
2015-05-05,12.676850318908691
2015-05-06,12.851752281188965
2015-05-07,12.637984275817871
2015-05-08,12.877663612365723
2015-05-11,12.780494689941406
2015-05-12,12.592643737792969
2015-05-13,12.63150691986084
2015-05-14,12.566731452941895
2015-05-15,12.741628646850586
2015-05-18,12.488999366760254
2015-05-19,12.463088035583496
2015-05-20,11.970780372619629
2015-05-21,12.2039794921875
2015-05-22,12.145679473876953
2015-05-25,12.242846488952637
2015-05-26,12.003172874450684
2015-05-27,11.983739852905273
2015-05-28,11.970780372619629
2015-05-29,12.003172874450684
2015-06-01,12.048515319824219
2015-06-02,12.08107852935791
2015-06-03,11.996413230895996
2015-06-05,12.178770065307617
2015-06-08,12.022464752197266
2015-06-09,12.068055152893066
2015-06-10,12.217848777770996
2015-06-11,12.159231185913086
2015-06-12,12.20482063293457
2015-06-15,11.918259620666504
2015-06-16,12.198307037353516
2015-06-17,12.152719497680664
2015-06-18,12.159231185913086
2015-06-19,12.2894868850708
2015-06-22,12.34158706665039
2015-06-23,12.31553840637207
2015-06-24,12.3090238571167
2015-06-25,12.322050094604492
2015-06-26,12.465330123901367
2015-06-29,12.348100662231445
2015-06-30,12.367637634277344
2015-07-01,12.458816528320312
2015-07-02,12.400203704833984
2015-07-03,12.471841812133789
2015-07-06,12.517428398132324
2015-07-07,12.576044082641602
2015-07-08,12.439278602600098
2015-07-10,12.654197692871094
2015-07-13,12.725838661193848
2015-07-14,12.797475814819336
2015-07-15,12.862606048583984
2015-07-16,12.849579811096191
2015-07-17,12.83004093170166
2015-07-20,12.85609245300293
2015-07-21,12.77794075012207
2015-07-22,12.71932315826416
2015-07-23,12.497895240783691
2015-07-24,12.348100662231445
2015-07-27,12.165742874145508
2015-07-28,12.237385749816895
2015-07-29,12.120159149169922
2015-07-30,12.302510261535645
2015-07-31,12.68024730682373
2015-08-03,12.764913558959961
2015-08-04,12.849579811096191
2015-08-05,12.99285888671875
2015-08-06,12.947272300720215
2015-08-07,12.621633529663086
2015-08-10,12.725838661193848
2015-08-11,12.849579811096191
2015-08-12,12.3090238571167
2015-08-13,12.152719497680664
2015-08-14,12.087592124938965
2015-08-17,12.107129096984863
2015-08-18,12.165742874145508
2015-08-19,11.801033020019531
2015-08-20,12.035489082336426
2015-08-21,11.761954307556152
2015-08-24,11.774980545043945
2015-08-25,11.924774169921875
2015-08-26,12.282974243164062
2015-08-27,12.413225173950195
2015-08-28,12.53045654296875
2015-08-31,12.432765007019043
2015-09-01,12.185284614562988
2015-09-02,12.465330123901367
2015-09-03,12.784452438354492
2015-09-04,12.92773151397705
2015-09-08,12.771429061889648
2015-09-09,12.607354164123535
2015-09-10,12.581101417541504
2015-09-11,12.377654075622559
2015-09-14,12.377654075622559
2015-09-15,12.508909225463867
2015-09-16,12.764864921569824
2015-09-17,12.791115760803223
2015-09-18,12.77798843383789
2015-09-21,12.68610668182373
2015-09-22,12.732049942016602
2015-09-23,12.581101417541504
2015-09-24,12.54828929901123
2015-09-25,12.666420936584473
2015-09-28,12.653295516967773
2015-09-29,12.70580005645752
2015-09-30,12.745173454284668
2015-10-01,12.928936958312988
2015-10-02,13.16519832611084
2015-10-05,13.355527877807617
2015-10-06,13.053628921508789
2015-10-07,13.125823020935059
2015-10-08,12.915811538696289
2015-10-09,12.98800277709961
2015-10-13,12.272645950317383
2015-10-14,12.075757026672363
2015-10-15,12.541725158691406
2015-10-16,12.659856796264648
2015-10-19,12.77798843383789
2015-10-20,12.85018253326416
2015-10-21,12.928936958312988
2015-10-22,12.902684211730957
2015-10-23,12.97487735748291
2015-10-26,12.915811538696289
2015-10-27,13.001127243041992
2015-10-28,12.889555931091309
2015-10-29,12.469533920288086
2015-10-30,12.52859878540039
2015-11-03,12.86330795288086
2015-11-04,12.86330795288086
2015-11-05,12.771425247192383
2015-11-06,12.449844360351562
2015-11-09,12.272645950317383
2015-11-10,12.23983097076416
2015-11-11,12.508909225463867
2015-11-12,12.397340774536133
2015-11-13,12.535162925720215
2015-11-16,12.50234603881836
2015-11-17,12.54828929901123
2015-11-18,12.581101417541504
2015-11-19,12.699233055114746
2015-11-23,12.508909225463867
2015-11-24,12.430156707763672
2015-11-25,12.207016944885254
2015-11-26,12.344839096069336
2015-11-27,12.187326431274414
2015-11-30,12.233268737792969
2015-12-01,12.292333602905273
2015-12-02,12.102010726928711
2015-12-03,12.305459976196289
2015-12-04,12.167640686035156
2015-12-07,12.207016944885254
2015-12-08,11.905122756958008
2015-12-09,12.128259658813477
2015-12-10,12.010128021240234
2015-12-11,11.997004508972168
2015-12-14,11.84605598449707
2015-12-15,11.714797019958496
2015-12-16,11.905122756958008
2015-12-17,11.911684036254883
2015-12-18,11.681983947753906
2015-12-21,11.813240051269531
2015-12-22,11.879422187805176
2015-12-23,12.044875144958496
2015-12-28,12.005165100097656
2015-12-29,12.044875144958496
2015-12-30,11.813240051269531
2016-01-04,11.389686584472656
2016-01-05,11.568371772766113
2016-01-06,11.455866813659668
2016-01-07,11.151434898376465
2016-01-08,11.297033309936523
2016-01-11,11.1183443069458
2016-01-12,11.237469673156738
2016-01-13,11.138198852539062
2016-01-14,11.151434898376465
2016-01-15,10.97936725616455
2016-01-18,10.747734069824219
2016-01-19,11.08525276184082
2016-01-20,10.946276664733887
2016-01-21,10.800678253173828
2016-01-22,11.151434898376465
2016-01-26,11.144817352294922
2016-01-27,11.793387413024902
2016-01-28,11.839714050292969
2016-01-29,12.34930419921875
2016-02-01,12.262665748596191
2016-02-02,11.982757568359375
2016-02-03,12.06273078918457
2016-02-04,12.23600959777832
2016-02-05,12.089388847351074
2016-02-10,11.956099510192871
2016-02-11,11.8961181640625
2016-02-12,11.942770004272461
2016-02-15,11.942770004272461
2016-02-16,11.976094245910645
2016-02-17,12.16936206817627
2016-02-18,12.262665748596191
2016-02-19,12.209348678588867
2016-02-22,12.389289855957031
2016-02-23,12.16936206817627
2016-02-24,12.116047859191895
2016-02-25,11.802816390991211
2016-02-26,11.74950122833252
2016-02-29,11.756168365478516
2016-03-01,12.162697792053223
2016-03-02,12.089388847351074
2016-03-03,12.289325714111328
2016-03-04,12.735845565795898
2016-03-07,12.77583122253418
2016-03-08,12.695857048034668
2016-03-09,12.429279327392578
2016-03-10,12.415949821472168
2016-03-11,12.142704010009766
2016-03-14,12.022745132446289
2016-03-15,12.196020126342773
2016-03-16,12.18935775756836
2016-03-17,12.482593536376953
2016-03-18,12.275994300842285
2016-03-21,12.482593536376953
2016-03-22,12.489259719848633
2016-03-23,12.662535667419434
2016-03-24,12.662535667419434
2016-03-28,12.862470626831055
2016-03-29,12.889129638671875
2016-03-30,12.762502670288086
2016-03-31,12.52924633026123
2016-04-01,12.549238204956055
2016-04-04,12.335975646972656
2016-04-05,12.469266891479492
2016-04-06,12.415949821472168
2016-04-07,12.362630844116211
2016-04-08,12.375962257385254
2016-04-11,12.129378318786621
2016-04-12,12.262665748596191
2016-04-13,12.196020126342773
2016-04-14,12.489259719848633
2016-04-15,12.65587043762207
2016-04-18,12.63587760925293
2016-04-19,12.742510795593262
2016-04-20,12.79582691192627
2016-04-22,12.769164085388184
2016-04-25,12.749173164367676
2016-04-26,12.82248306274414
2016-04-27,12.902459144592285
2016-04-28,12.969099998474121
2016-04-29,12.922450065612793
2016-05-02,13.002425193786621
2016-05-03,13.055740356445312
2016-05-04,13.06240463256836
2016-05-05,12.755839347839355
2016-05-06,12.555904388427734
2016-05-09,12.589225769042969
2016-05-10,12.722515106201172
2016-05-11,12.569234848022461
2016-05-12,12.782499313354492
2016-05-13,12.50259017944336
2016-05-16,12.509254455566406
2016-05-17,12.369298934936523
2016-05-18,12.262665748596191
2016-05-19,12.395956993103027
2016-05-20,12.355971336364746
2016-05-23,12.289325714111328
2016-05-24,12.45593547821045
2016-05-25,12.649205207824707
2016-05-27,12.862470626831055
2016-05-30,12.762502670288086
2016-05-31,12.735845565795898
2016-06-01,12.889129638671875
2016-06-02,12.849142074584961
2016-06-03,12.995759010314941
2016-06-06,12.942441940307617
2016-06-07,12.722515106201172
2016-06-08,12.842476844787598
2016-06-09,12.769164085388184
2016-06-10,12.47592830657959
2016-06-13,12.602556228637695
2016-06-14,12.375962257385254
2016-06-15,12.315980911254883
2016-06-16,12.442605972290039
2016-06-17,12.402624130249023
2016-06-20,12.389289855957031
2016-06-21,12.382625579833984
2016-06-22,12.209348678588867
2016-06-23,12.335975646972656
2016-06-24,12.315980911254883
2016-06-27,12.469266891479492
2016-06-28,12.495923042297363
2016-06-29,12.675867080688477
2016-06-30,12.695857048034668
2016-07-01,12.809152603149414
2016-07-04,12.702520370483398
2016-07-05,12.855804443359375
2016-07-06,12.782499313354492
2016-07-07,12.729182243347168
2016-07-08,12.929115295410156
2016-07-11,12.929115295410156
2016-07-12,12.949244499206543
2016-07-13,12.815056800842285
2016-07-14,12.815056800842285
2016-07-15,12.7144136428833
2016-07-18,12.788217544555664
2016-07-19,12.862018585205078
2016-07-20,12.828474998474121
2016-07-21,12.88215160369873
2016-07-22,13.009631156921387
2016-07-25,13.009631156921387
2016-07-26,12.98279094696045
2016-07-27,12.962662696838379
2016-07-28,13.04317855834961
2016-07-29,12.61377239227295
2016-08-01,12.74795913696289
2016-08-02,12.640608787536621
2016-08-03,12.506421089172363
2016-08-04,12.560094833374023
2016-08-05,12.815056800842285
2016-08-08,12.915696144104004
2016-08-09,12.922405242919922
2016-08-10,12.862018585205078
2016-08-11,13.083431243896484
2016-08-12,13.237750053405762
2016-08-15,13.378649711608887
2016-08-16,13.418906211853027
2016-08-17,13.452452659606934
2016-08-18,13.365228652954102
2016-08-19,13.318264961242676
2016-08-22,13.143817901611328
2016-08-23,13.13711166381836
2016-08-24,13.13711166381836
2016-08-25,12.955953598022461
2016-08-26,12.875442504882812
2016-08-29,12.908987998962402
2016-08-30,12.908987998962402
2016-08-31,12.875442504882812
2016-09-01,13.197493553161621
2016-09-02,13.311553001403809
2016-09-05,13.338394165039062
2016-09-06,13.418906211853027
2016-09-08,13.418906211853027
2016-09-09,13.251171112060547
2016-09-12,13.251171112060547
2016-09-13,13.029756546020508
2016-09-14,13.190784454345703
2016-09-15,13.237750053405762
2016-09-16,13.036467552185059
2016-09-19,13.049886703491211
2016-09-20,13.0767240524292
2016-09-21,13.05659294128418
2016-09-22,13.197493553161621
2016-09-23,13.237750053405762
2016-09-26,13.163949012756348
2016-09-27,13.217623710632324
2016-09-28,13.318264961242676
2016-09-29,13.231040000915527
2016-09-30,13.298134803771973
2016-10-03,13.251171112060547
2016-10-04,13.110271453857422
2016-10-05,13.143817901611328
2016-10-06,13.184075355529785
2016-10-07,13.184075355529785
2016-10-10,13.204204559326172
2016-10-11,13.049886703491211
2016-10-13,12.902278900146484
2016-10-14,13.10356330871582
2016-10-17,13.123688697814941
2016-10-18,13.184075355529785
2016-10-19,13.204204559326172
2016-10-20,13.184075355529785
2016-10-21,13.251171112060547
2016-10-24,13.217623710632324
2016-10-25,13.10356330871582
2016-10-26,13.110271453857422
2016-10-27,13.083431243896484
2016-10-28,12.815056800842285
2016-10-31,12.633898735046387
2016-11-01,12.403822898864746
2016-11-03,12.112845420837402
2016-11-04,11.99103832244873
2016-11-07,12.173745155334473
2016-11-08,12.221115112304688
2016-11-09,12.133146286010742
2016-11-10,12.214346885681152
2016-11-11,11.808332443237305
2016-11-14,11.706825256347656
2016-11-16,12.065478324890137
2016-11-17,11.923368453979492
2016-11-18,11.720358848571777
2016-11-21,11.808332443237305
2016-11-22,11.618856430053711
2016-11-23,11.936904907226562
2016-11-24,11.740662574768066
2016-11-25,11.659457206726074
2016-11-28,11.87600040435791
2016-11-29,11.544421195983887
2016-11-30,11.605323791503906
2016-12-01,11.253439903259277
2016-12-02,11.307577133178711
2016-12-05,11.13840389251709
2016-12-06,11.33464527130127
2016-12-07,11.260210037231445
2016-12-08,11.13840389251709
2016-12-09,11.260210037231445
2016-12-12,10.901558876037598
2016-12-13,11.02336597442627
2016-12-14,10.935394287109375
2016-12-15,11.04366683959961
2016-12-16,11.287276268005371
2016-12-19,11.030130386352539
2016-12-20,11.097801208496094
2016-12-21,11.057198524475098
2016-12-22,10.851421356201172
2016-12-23,10.974889755249023
2016-12-26,11.098355293273926
2016-12-27,11.050339698791504
2016-12-28,11.13265323638916
2016-12-29,11.249258995056152
2017-01-02,11.187525749206543
2017-01-03,11.413884162902832
2017-01-04,11.324712753295898
2017-01-05,11.38644790649414
2017-01-06,11.29041576385498
2017-01-09,11.338432312011719
2017-01-10,11.20810604095459
2017-01-11,11.256118774414062
2017-01-12,11.612804412841797
2017-01-13,11.736270904541016
2017-01-16,11.695114135742188
2017-01-17,11.798006057739258
2017-01-18,11.839160919189453
2017-01-19,11.866599082946777
2017-01-20,11.900894165039062
2017-01-23,11.894034385681152
2017-01-24,11.91469669342041
2017-01-26,11.921585083007812
2017-01-27,11.928467750549316
2017-01-30,11.687422752380371
2017-01-31,11.845826148986816
2017-02-01,11.928467750549316
2017-02-02,11.818276405334473
2017-02-03,11.949131965637207
2017-02-06,11.756292343139648
2017-02-07,11.721856117248535
2017-02-08,11.680535316467285
2017-02-09,11.632323265075684
2017-02-10,11.80450439453125
2017-02-13,11.880260467529297
2017-02-14,11.969794273376465
2017-02-15,12.410567283630371
2017-02-16,12.376132011413574
2017-02-17,12.327920913696289
2017-02-20,12.286599159240723
2017-02-21,12.445005416870117
2017-02-22,12.589632987976074
2017-02-23,12.486327171325684
2017-02-24,12.286599159240723
2017-03-01,12.334809303283691
2017-03-02,11.852712631225586
2017-03-03,11.976679801940918
2017-03-06,11.880260467529297
2017-03-07,11.584115028381348
2017-03-08,11.790728569030762
2017-03-09,11.91469669342041
2017-03-10,11.91469669342041
2017-03-13,11.956018447875977
2017-03-14,11.776952743530273
2017-03-15,11.91469669342041
2017-03-16,11.900924682617188
2017-03-17,11.852712631225586
2017-03-20,12.148859977722168
2017-03-21,11.997340202331543
2017-03-22,11.921585083007812
2017-03-23,12.011115074157715
2017-03-24,12.14197063446045
2017-03-27,12.252165794372559
2017-03-28,12.355469703674316
2017-03-29,12.520761489868164
2017-03-30,12.582745552062988
2017-03-31,12.56208610534668
2017-04-03,12.396793365478516
2017-04-04,12.472551345825195
2017-04-05,12.31414794921875
2017-04-06,12.383020401000977
2017-04-07,12.431227684020996
2017-04-10,12.396793365478516
2017-04-11,12.135083198547363
2017-04-12,12.169519424438477
2017-04-13,12.2315034866333
2017-04-17,12.438116073608398
2017-04-18,12.506985664367676
2017-04-19,12.46566390991211
2017-04-20,12.383020401000977
2017-04-24,12.417457580566406
2017-04-25,12.617179870605469
2017-04-26,12.541423797607422
2017-04-27,12.534537315368652
2017-04-28,12.575857162475586
2017-05-02,12.789359092712402
2017-05-03,12.782472610473633
2017-05-04,13.106167793273926
2017-05-05,13.016632080078125
2017-05-08,13.009746551513672
2017-05-09,13.051068305969238
2017-05-10,13.216361045837402
2017-05-11,13.450523376464844
2017-05-12,13.560714721679688
2017-05-15,13.595147132873535
2017-05-16,13.650248527526855
2017-05-17,13.52627944946289
2017-05-18,12.947760581970215
2017-05-19,12.8237943649292
2017-05-22,12.789359092712402
2017-05-23,13.009746551513672
2017-05-24,12.98908805847168
2017-05-25,13.030406951904297
2017-05-26,13.106167793273926
2017-05-29,13.106167793273926
2017-05-30,12.940875053405762
2017-05-31,12.885780334472656
2017-06-01,12.775582313537598
2017-06-02,12.789359092712402
2017-06-05,13.023523330688477
2017-06-06,13.133713722229004
2017-06-07,12.975312232971191
2017-06-08,12.761810302734375
2017-06-09,12.472551345825195
2017-06-12,12.45189094543457
2017-06-13,12.665390014648438
2017-06-14,12.520761489868164
2017-06-15,12.520761489868164
2017-06-16,12.245278358459473
2017-06-19,12.307263374328613
2017-06-20,12.445005416870117
2017-06-21,12.486327171325684
2017-06-22,12.534537315368652
2017-06-23,12.56208610534668
2017-06-26,12.694098472595215
2017-06-27,12.70799446105957
2017-06-28,12.714942932128906
2017-06-29,12.680200576782227
2017-06-30,12.72188949584961
2017-07-03,12.701045989990234
2017-07-04,12.673254013061523
2017-07-05,12.659358024597168
2017-07-06,12.353643417358398
2017-07-07,12.52039623260498
2017-07-10,12.72188949584961
2017-07-11,12.867799758911133
2017-07-12,12.958122253417969
2017-07-13,12.978968620300293
2017-07-14,13.027603149414062
2017-07-17,13.09013843536377
2017-07-18,13.027603149414062
2017-07-19,13.076239585876465
2017-07-20,13.048449516296387
2017-07-21,13.069293975830078
2017-07-24,13.076239585876465
2017-07-25,13.117931365966797
2017-07-26,13.083189964294434
2017-07-27,13.277734756469727
2017-07-28,13.27078628540039
2017-07-31,13.30552864074707
2017-08-01,13.368060111999512
2017-08-02,13.479228973388672
2017-08-03,13.38195514678955
2017-08-04,13.38195514678955
2017-08-07,13.444488525390625
2017-08-08,13.472280502319336
2017-08-09,13.493121147155762
2017-08-10,13.479228973388672
2017-08-11,13.562605857849121
2017-08-14,13.694618225097656
2017-08-15,13.743255615234375
2017-08-16,13.764100074768066
2017-08-17,13.750201225280762
2017-08-18,13.72935676574707
2017-08-21,13.715459823608398
2017-08-22,13.722408294677734
2017-08-23,13.784942626953125
2017-08-24,13.757149696350098
2017-08-25,13.791892051696777
2017-08-28,13.791892051696777
2017-08-29,13.826629638671875
2017-08-30,13.812734603881836
2017-08-31,13.798839569091797
2017-09-01,13.72935676574707
2017-09-04,13.708515167236328
2017-09-05,13.77104663848877
2017-09-06,13.986435890197754
2017-09-07,13.986435890197754
2017-09-08,13.965591430664062
2017-09-11,14.076759338378906
2017-09-12,14.59786605834961
2017-09-13,14.715984344482422
2017-09-14,14.722933769226074
2017-09-15,14.910528182983398
2017-09-18,14.729878425598145
2017-09-19,14.868837356567383
2017-09-20,14.924424171447754
2017-09-21,14.841049194335938
2017-09-22,14.95221996307373
2017-09-25,14.93832015991211
2017-09-26,14.715984344482422
2017-09-27,14.66039752960205
2017-09-28,14.632604598999023
2017-09-29,14.6187105178833
2017-10-02,14.382473945617676
2017-10-03,14.882732391357422
2017-10-04,14.729878425598145
2017-10-05,14.750720024108887
2017-10-06,14.639554023742676
2017-10-09,14.639554023742676
2017-10-10,14.980009078979492
2017-10-11,15.028641700744629
2017-10-12,15.028641700744629
2017-10-13,15.376046180725098
2017-10-16,15.23013973236084
2017-10-17,15.112021446228027
2017-10-18,15.132863998413086
2017-10-19,15.167603492736816
2017-10-20,14.959165573120117
2017-10-23,14.799356460571289
2017-10-24,14.81325626373291
2017-10-25,14.722933769226074
2017-10-26,14.6187105178833
2017-10-27,14.528383255004883
2017-10-30,14.56312370300293
2017-10-31,14.521435737609863
2017-11-01,14.410265922546387
2017-11-02,14.410265922546387
2017-11-03,14.312994956970215
2017-11-06,14.271307945251465
2017-11-07,14.035074234008789
2017-11-08,14.083707809448242
2017-11-09,14.048968315124512
2017-11-10,14.04201889038086
2017-11-13,14.048968315124512
2017-11-14,14.035074234008789
2017-11-15,14.035074234008789
2017-11-16,14.187928199768066
2017-11-17,14.271307945251465
2017-11-20,14.271307945251465
2017-11-21,14.458902359008789
2017-11-22,14.472798347473145
2017-11-23,14.389423370361328
2017-11-24,14.32689380645752
2017-11-27,14.410265922546387
2017-11-28,14.438061714172363
2017-11-29,14.285202980041504
2017-11-30,14.285202980041504
2017-12-01,14.208778381347656
2017-12-04,14.299099922180176
2017-12-05,14.278255462646484
2017-12-06,14.389423370361328
2017-12-07,14.39637279510498
2017-12-08,14.604813575744629
2017-12-11,14.695137023925781
2017-12-12,14.93832015991211
2017-12-13,14.625656127929688
2017-12-14,14.570070266723633
2017-12-15,14.521435737609863
2017-12-18,14.528383255004883
2017-12-19,14.521332740783691
2017-12-20,14.598910331726074
2017-12-21,14.789329528808594
2017-12-22,14.831649780273438
2017-12-25,14.831649780273438
2017-12-26,14.986806869506836
2017-12-27,15.092596054077148
2017-12-28,15.007962226867676
2017-12-29,15.007962226867676
2018-01-02,15.29712200164795
2018-01-03,15.332381248474121
2018-01-04,15.247754096984863
2018-01-05,15.304173469543457
2018-01-08,15.275964736938477
2018-01-09,15.233644485473633
2018-01-10,15.233644485473633
2018-01-11,15.40996265411377
2018-01-12,15.233644485473633
2018-01-15,15.388805389404297
2018-01-16,15.445220947265625
2018-01-17,15.536908149719238
2018-01-18,15.459333419799805
2018-01-19,15.51574993133545
2018-01-22,15.445220947265625
2018-01-23,15.388805389404297
2018-01-24,15.438170433044434
2018-01-25,15.438170433044434
2018-01-26,15.43111801147461
2018-01-29,15.402909278869629
2018-01-30,15.424067497253418
2018-01-31,15.480485916137695
2018-02-01,15.728120803833008
2018-02-02,15.572466850280762
2018-02-05,15.338983535766602
2018-02-06,15.296537399291992
2018-02-07,15.296537399291992
2018-02-08,15.324837684631348
2018-02-09,15.204554557800293
2018-02-14,15.735193252563477
2018-02-15,15.7776460647583
2018-02-16,15.869622230529785
2018-02-19,15.805944442749023
2018-02-20,16.067724227905273
2018-02-21,15.84839916229248
2018-02-22,15.862549781799316
2018-02-23,15.544164657592773
2018-02-26,15.67151927947998
2018-02-27,15.721044540405273
2018-02-28,15.565389633178711
2018-03-01,15.805944442749023
2018-03-02,15.975749969482422
2018-03-05,15.93329906463623
2018-03-06,16.110177993774414
2018-03-07,16.322431564331055
2018-03-08,16.485164642333984
2018-03-09,16.58421516418457
2018-03-12,16.96627426147461
2018-03-13,16.952123641967773
2018-03-14,17.171457290649414
2018-03-15,16.895523071289062
2018-03-16,16.70449447631836
2018-03-19,16.831846237182617
2018-03-20,16.761096954345703
2018-03-21,16.902597427368164
2018-03-22,16.98750114440918
2018-03-23,16.923824310302734
2018-03-26,16.980426788330078
2018-03-27,16.867223739624023
2018-03-28,16.853069305419922
2018-03-29,17.029951095581055
2018-04-02,16.874298095703125
2018-04-03,17.12192726135254
2018-04-04,17.114850997924805
2018-04-05,17.00165367126465
2018-04-06,16.449790954589844
2018-04-09,16.478084564208984
2018-04-10,16.838918685913086
2018-04-11,16.874298095703125
2018-04-12,16.478084564208984
2018-04-13,16.456865310668945
2018-04-16,16.258756637573242
2018-04-17,16.350732803344727
2018-04-18,16.520540237426758
2018-04-19,16.62666893005371
2018-04-20,16.57714080810547
2018-04-23,16.591291427612305
2018-04-24,16.492237091064453
2018-04-25,16.393184661865234
2018-04-26,16.492237091064453
2018-04-27,16.40026092529297
2018-04-30,16.506389617919922
2018-05-02,16.039424896240234
2018-05-03,15.98990249633789
2018-05-04,15.919149398803711
2018-05-07,15.805944442749023
2018-05-08,15.87669849395752
2018-05-09,15.501710891723633
2018-05-10,15.423887252807617
2018-05-11,15.45926570892334
2018-05-14,15.360208511352539
2018-05-15,15.183332443237305
2018-05-16,15.218707084655762
2018-05-17,14.921551704406738
2018-05-18,14.596091270446777
2018-05-21,14.36260986328125
2018-05-22,14.256484985351562
2018-05-23,14.185728073120117
2018-05-24,14.383833885192871
2018-05-25,14.263556480407715
2018-05-28,13.980549812316895
2018-05-29,13.860270500183105
2018-05-30,13.931024551391602
2018-06-01,14.107906341552734
2018-06-04,14.178656578063965
2018-06-05,13.980549812316895
2018-06-06,13.817821502685547
2018-06-07,13.499438285827637
2018-06-08,13.414535522460938
2018-06-11,13.435762405395508
2018-06-12,13.357935905456543
2018-06-13,13.23765754699707
2018-06-14,13.393310546875
2018-06-15,13.244729995727539
2018-06-18,13.230459213256836
2018-06-19,13.415999412536621
2018-06-20,13.230459213256836
2018-06-21,12.93787670135498
2018-06-22,12.959285736083984
2018-06-25,13.002102851867676
2018-06-26,12.909332275390625
2018-06-27,12.809426307678223
2018-06-28,12.852242469787598
2018-06-29,12.83083438873291
2018-07-02,12.945013999938965
2018-07-03,12.909332275390625
2018-07-04,12.91646957397461
2018-07-05,13.130553245544434
2018-07-06,12.909332275390625
2018-07-10,12.980692863464355
2018-07-11,12.780882835388184
2018-07-12,13.016372680664062
2018-07-13,13.159100532531738
2018-07-16,13.52304458618164
2018-07-17,13.680037498474121
2018-07-18,13.387455940246582
2018-07-19,13.473090171813965
2018-07-20,13.408865928649902
2018-07-23,13.308958053588867
2018-07-24,13.53731632232666
2018-07-25,13.487361907958984
2018-07-26,14.193842887878418
2018-07-27,14.13675308227539
2018-07-30,14.058256149291992
2018-07-31,13.85130500793457
2018-08-01,13.879851341247559
2018-08-02,13.765671730041504
2018-08-03,13.772808074951172
2018-08-06,13.772808074951172
2018-08-07,13.680037498474121
2018-08-08,13.672904014587402
2018-08-09,13.751399993896484
2018-08-10,13.494497299194336
2018-08-13,13.658628463745117
2018-08-14,13.85130500793457
2018-08-15,13.858444213867188
2018-08-16,13.5658597946167
2018-08-17,13.687174797058105
2018-08-20,13.665765762329102
2018-08-21,13.544449806213379
2018-08-22,13.487361907958984
2018-08-23,13.515909194946289
2018-08-24,13.608675956726074
2018-08-27,13.651493072509766
2018-08-28,13.630085945129395
2018-08-29,13.737128257751465
2018-08-30,13.558722496032715
2018-08-31,13.451679229736328
2018-09-03,13.294684410095215
2018-09-04,12.852242469787598
2018-09-05,12.945013999938965
2018-09-06,13.073463439941406
2018-09-10,13.052057266235352
2018-09-11,12.980692863464355
2018-09-12,13.166234016418457
2018-09-13,13.08060073852539
2018-09-14,13.009238243103027
2018-09-17,13.102007865905762
2018-09-18,13.408865928649902
2018-09-19,13.408865928649902
2018-09-20,13.380318641662598
2018-09-21,13.451679229736328
2018-09-24,13.12341594696045
2018-09-25,13.130553245544434
2018-09-26,13.34463882446289
2018-09-27,13.187642097473145
2018-09-28,13.087738037109375
2018-10-01,13.151959419250488
2018-10-02,13.02351188659668
2018-10-03,12.93787670135498
2018-10-04,12.752335548400879
2018-10-05,12.595340728759766
2018-10-08,12.845108032226562
2018-10-09,12.474024772644043
2018-10-10,12.274211883544922
2018-10-11,12.124354362487793
2018-10-15,12.081537246704102
2018-10-16,12.424073219299316
2018-10-17,12.167171478271484
2018-10-18,11.881722450256348
2018-10-19,12.031583786010742
2018-10-22,12.00303840637207
2018-10-23,11.867450714111328
2018-10-24,11.339374542236328
2018-10-25,10.704256057739258
2018-10-26,10.839841842651367
2018-10-29,11.011110305786133
2018-10-30,11.453554153442383
2018-10-31,11.660502433776855
2018-11-01,11.681912422180176
2018-11-05,11.746135711669922
2018-11-06,11.874587059020996
2018-11-07,11.667638778686523
2018-11-08,11.21092414855957
2018-11-09,11.474960327148438
2018-11-12,11.382189750671387
2018-11-13,11.246604919433594
2018-11-14,11.439279556274414
2018-11-16,11.774681091308594
2018-11-19,11.746135711669922
2018-11-21,11.689047813415527
2018-11-22,11.774681091308594
2018-11-23,11.560595512390137
2018-11-26,11.524914741516113
2018-11-27,11.803226470947266
2018-11-28,11.91026782989502
2018-11-29,11.874587059020996
2018-11-30,12.074399948120117
2018-12-03,11.94594955444336
2018-12-04,11.881722450256348
2018-12-05,11.803226470947266
2018-12-06,11.696183204650879
2018-12-07,11.496370315551758
2018-12-10,11.339374542236328
2018-12-11,11.382189750671387
2018-12-12,11.382189750671387
2018-12-13,11.64622974395752
2018-12-14,11.46069049835205
2018-12-17,11.489234924316406
2018-12-18,11.33223819732666
2018-12-19,11.21571159362793
2018-12-20,11.0773344039917
2018-12-21,11.048202514648438
2018-12-26,11.026354789733887
2018-12-27,10.997223854064941
2018-12-28,11.201146125793457
2019-01-02,11.761930465698242
2019-01-03,11.893023490905762
2019-01-04,12.053247451782227
2019-01-07,12.002266883850098
2019-01-08,11.761930465698242
2019-01-09,11.929438591003418
2019-01-10,12.271736145019531
2019-01-11,12.59218692779541
2019-01-14,12.774259567260742
2019-01-15,12.890786170959473
2019-01-16,12.96361255645752
2019-01-17,13.000029563903809
2019-01-18,13.109274864196777
2019-01-21,13.109274864196777
2019-01-22,12.774259567260742
2019-01-23,12.51207160949707
2019-01-24,12.497506141662598
2019-01-28,13.072859764099121
2019-01-29,13.014595031738281
2019-01-30,13.087424278259277
2019-01-31,12.752410888671875
2019-02-01,13.189385414123535
2019-02-04,13.437005043029785
2019-02-05,13.5753812789917
2019-02-06,13.174820899963379
2019-02-07,13.655492782592773
2019-02-08,13.269497871398926
2019-02-11,13.626361846923828
2019-02-12,13.597229957580566
2019-02-13,13.393306732177734
2019-02-14,13.538966178894043
2019-02-15,13.466136932373047
2019-02-18,13.247647285461426
2019-02-19,13.342326164245605
2019-02-20,13.21851634979248
2019-02-21,13.342326164245605
2019-02-22,13.342326164245605
2019-02-25,13.393306732177734
2019-02-26,13.466136932373047
2019-02-27,13.371459007263184
2019-02-28,12.548487663269043
2019-03-01,12.206191062927246
2019-03-06,11.922157287597656
2019-03-07,12.1552095413208
2019-03-08,12.082379341125488
2019-03-11,12.461092948913574
2019-03-12,12.3809814453125
2019-03-13,12.308150291442871
2019-03-14,12.133359909057617
2019-03-15,12.206191062927246
2019-03-18,12.606749534606934
2019-03-19,12.519356727600098
2019-03-20,12.3809814453125
2019-03-21,12.366415977478027
2019-03-22,12.177057266235352
2019-03-25,12.031399726867676
2019-03-26,12.373698234558105
2019-03-27,12.045965194702148
2019-03-28,12.198908805847168
2019-03-29,12.257170677185059
2019-04-01,12.249886512756348
2019-04-02,12.213473320007324
2019-04-03,12.264452934265137
2019-04-04,12.614033699035645
2019-04-05,12.701430320739746
2019-04-08,12.635884284973145
2019-04-09,12.883501052856445
2019-04-10,12.781542778015137
2019-04-11,12.563054084777832
2019-04-12,12.424677848815918
2019-04-15,12.686863899230957
2019-04-16,12.766974449157715
2019-04-17,12.41739559173584
2019-04-18,12.439241409301758
2019-04-22,12.745125770568848
2019-04-23,12.868938446044922
2019-04-24,12.905352592468262
2019-04-25,13.335042953491211
2019-04-26,13.320479393005371
2019-04-29,13.364173889160156
2019-04-30,13.451569557189941
2019-05-02,13.072859764099121
2019-05-03,13.051010131835938
2019-05-06,13.152969360351562
2019-05-07,12.8543701171875
2019-05-08,13.051010131835938
2019-05-09,12.737845420837402
2019-05-10,12.599467277526855
2019-05-13,12.388263702392578
2019-05-14,12.33728313446045
2019-05-15,12.096945762634277
2019-05-16,12.118795394897461
2019-05-17,12.009550094604492
2019-05-20,12.009550094604492
2019-05-21,12.446526527404785
2019-05-22,12.533921241760254
2019-05-23,12.533921241760254
2019-05-24,12.424677848815918
2019-05-27,12.541203498840332
2019-05-28,12.606749534606934
2019-05-29,12.570337295532227
2019-05-30,12.694147109985352
2019-05-31,12.781542778015137
2019-06-03,12.686863899230957
2019-06-04,12.635884284973145
2019-06-05,12.679580688476562
2019-06-06,12.847087860107422
2019-06-07,12.825239181518555
2019-06-10,12.8543701171875
2019-06-11,12.905352592468262
2019-06-12,12.876220703125
2019-06-13,13.000029563903809
2019-06-14,12.847087860107422
2019-06-17,12.96361255645752
2019-06-18,13.145687103271484
2019-06-19,13.254932403564453
2019-06-21,13.437005043029785
2019-06-24,13.32776165008545
2019-06-25,13.233081817626953
2019-06-26,13.182103157043457
2019-06-27,13.145687103271484
2019-06-28,13.029159545898438
2019-07-01,12.97089672088623
2019-07-02,13.203951835632324
2019-07-03,13.721039772033691
2019-07-04,13.837566375732422
2019-07-05,13.837566375732422
2019-07-08,13.793869972229004
2019-07-10,13.852133750915527
2019-07-11,13.611795425415039
2019-07-12,13.254932403564453
2019-07-15,13.291349411010742
2019-07-16,13.182103157043457
2019-07-17,13.101990699768066
2019-07-18,13.291349411010742
2019-07-19,13.174820899963379
2019-07-22,13.101990699768066
2019-07-23,13.131122589111328
2019-07-24,13.08013916015625
2019-07-25,14.194428443908691
2019-07-26,14.42020034790039
2019-07-29,14.930008888244629
2019-07-30,14.813478469848633
2019-07-31,14.66053581237793
2019-08-01,14.87174129486084
2019-08-02,14.922722816467285
2019-08-05,14.682385444641113
2019-08-06,14.915441513061523
2019-08-07,15.024682998657227
2019-08-08,14.689667701721191
2019-08-09,14.616839408874512
2019-08-12,14.187145233154297
2019-08-13,14.114317893981934
2019-08-14,13.8448486328125
2019-08-15,13.677343368530273
2019-08-16,13.764737129211426
2019-08-19,13.917679786682129
2019-08-20,13.793869972229004
2019-08-21,13.691906929016113
2019-08-22,13.451569557189941
2019-08-23,13.349610328674316
2019-08-26,13.174820899963379
2019-08-27,13.233081817626953
2019-08-28,13.21851634979248
2019-08-29,13.509835243225098
2019-08-30,13.633644104003906
2019-09-02,13.38602352142334
2019-09-03,13.487985610961914
2019-09-04,13.691906929016113
2019-09-05,13.611795425415039
2019-09-06,13.633644104003906
2019-09-09,13.742890357971191
2019-09-10,13.706473350524902
2019-09-11,13.772019386291504
2019-09-12,14.107034683227539
2019-09-13,13.910396575927734
2019-09-16,13.946808815002441
2019-09-17,14.150731086730957
2019-09-18,14.026923179626465
2019-09-19,14.092469215393066
2019-09-20,14.121602058410645
2019-09-23,14.136164665222168
2019-09-24,14.092469215393066
2019-09-25,14.274542808532715
2019-09-26,14.223562240600586
2019-09-27,14.165298461914062
2019-09-30,14.01963996887207
2019-10-01,14.063336372375488
2019-10-02,13.73560619354248
2019-10-03,13.531682014465332
2019-10-04,13.990507125854492
2019-10-07,13.742890357971191
2019-10-08,13.546250343322754
2019-10-09,13.597229957580566
2019-10-10,13.415156364440918
2019-10-11,13.531682014465332
2019-10-14,13.633644104003906
2019-10-15,13.757453918457031
2019-10-16,13.757453918457031
2019-10-17,13.67005729675293
2019-10-18,13.597229957580566
2019-10-21,13.830284118652344
2019-10-22,13.67005729675293
2019-10-23,13.604513168334961
2019-10-24,13.97594165802002
2019-10-25,12.817957878112793
2019-10-28,12.774259567260742
2019-10-29,12.803389549255371
2019-10-30,12.788825988769531
2019-10-31,12.657730102539062
2019-11-01,12.621317863464355
2019-11-04,12.79610538482666
2019-11-05,12.898066520690918
2019-11-06,12.759693145751953
2019-11-07,12.788825988769531
2019-11-08,12.599467277526855
2019-11-11,12.774259567260742
2019-11-12,12.650449752807617
2019-11-13,12.650449752807617
2019-11-14,12.708710670471191
2019-11-18,12.788825988769531
2019-11-19,12.868938446044922
2019-11-21,13.160255432128906
2019-11-22,13.247647285461426
2019-11-25,13.254932403564453
2019-11-26,13.131122589111328
2019-11-27,13.08013916015625
2019-11-28,13.116556167602539
2019-11-29,13.145687103271484
2019-12-02,13.087424278259277
2019-12-03,13.014595031738281
2019-12-04,13.32776165008545
2019-12-05,13.21851634979248
2019-12-06,13.437005043029785
2019-12-09,13.429723739624023
2019-12-10,13.378743171691895
2019-12-11,13.437005043029785
2019-12-12,13.61907958984375
2019-12-13,13.8448486328125
2019-12-16,13.895830154418945
2019-12-17,13.772019386291504
2019-12-18,13.90311336517334
2019-12-19,13.96137523651123
2019-12-20,14.133729934692383
2019-12-23,14.171101570129395
2019-12-26,14.365433692932129
2019-12-27,14.320587158203125
2019-12-30,13.954350471496582
2020-01-02,14.350485801696777
2020-01-03,14.14867877960205
2020-01-06,14.215949058532715
2020-01-07,14.24584674835205
2020-01-08,14.17857551574707
2020-01-09,14.066463470458984
2020-01-10,14.118781089782715
2020-01-13,14.357955932617188
2020-01-14,14.275742530822754
2020-01-15,14.021618843078613
2020-01-16,13.97677230834961
2020-01-17,13.97677230834961
2020-01-20,14.051515579223633
2020-01-21,14.006669998168945
2020-01-22,14.238369941711426
2020-01-23,13.93940258026123
2020-01-24,14.193526268005371
2020-01-27,13.864659309387207
2020-01-28,14.051515579223633
2020-01-29,13.677804946899414
2020-01-30,13.707701683044434
2020-01-31,13.341465950012207
2020-02-03,13.147135734558105
2020-02-04,13.19198226928711
2020-02-05,12.893013954162598
2020-02-06,12.608993530273438
2020-02-07,12.6463623046875
2020-02-10,12.504354476928711
2020-02-11,12.556673049926758
2020-02-12,12.444559097290039
2020-02-13,12.160541534423828
2020-02-14,12.265178680419922
2020-02-17,12.407188415527344
2020-02-18,12.09327220916748
2020-02-19,12.055899620056152
2020-02-20,12.085798263549805
2020-02-21,12.145591735839844
2020-02-26,11.824201583862305
2020-02-27,10.837603569030762
2020-02-28,10.867502212524414
2020-03-02,11.002037048339844
2020-03-03,11.016985893249512
2020-03-04,11.44301700592041
2020-03-05,11.383222579956055
2020-03-06,11.450490951538086
2020-03-09,10.964666366577148
2020-03-10,10.777812004089355
2020-03-11,10.277040481567383
2020-03-12,8.655135154724121
2020-03-13,9.4922456741333
2020-03-16,8.244053840637207
2020-03-17,8.737351417541504
2020-03-18,8.363642692565918
2020-03-19,8.74482536315918
2020-03-20,9.006422996520996
2020-03-23,8.60281753540039
2020-03-24,8.438383102416992
2020-03-25,8.7074556350708
2020-03-26,9.566988945007324
2020-03-27,9.335289001464844
2020-03-30,9.380132675170898
2020-03-31,8.909258842468262
2020-04-01,8.737351417541504
2020-04-02,8.961576461791992
2020-04-03,8.5131254196167
2020-04-06,8.864413261413574
2020-04-07,9.275494575500488
2020-04-08,9.200754165649414
2020-04-09,9.043795585632324
2020-04-13,9.043795585632324
2020-04-14,9.036320686340332
2020-04-15,8.901784896850586
2020-04-16,8.557969093322754
2020-04-17,8.670083999633789
2020-04-20,8.677558898925781
2020-04-22,8.68503189086914
2020-04-23,8.632713317871094
2020-04-24,8.30384635925293
2020-04-27,8.677558898925781
2020-04-28,8.74482536315918
2020-04-29,8.722404479980469
2020-04-30,8.47575569152832
2020-05-04,8.789671897888184
2020-05-05,8.924206733703613
2020-05-06,8.84199047088623
2020-05-07,8.625238418579102
2020-05-08,8.998950958251953
2020-05-11,8.924206733703613
2020-05-12,8.759775161743164
2020-05-13,8.415960311889648
2020-05-14,8.774724006652832
2020-05-15,8.699981689453125
2020-05-18,9.043795585632324
2020-05-19,8.924206733703613
2020-05-20,9.073692321777344
2020-05-21,8.879362106323242
2020-05-22,8.774724006652832
2020-05-25,9.170856475830078
2020-05-26,9.36518383026123
2020-05-27,10.000492095947266
2020-05-28,9.581939697265625
2020-05-29,9.327814102172852
2020-06-01,9.417505264282227
2020-06-02,9.694052696228027
2020-06-03,9.903327941894531
2020-06-04,10.000492095947266
2020-06-05,10.501264572143555
2020-06-08,10.912348747253418
2020-06-09,10.703069686889648
2020-06-10,10.433998107910156
2020-06-12,10.14250373840332
2020-06-15,10.037864685058594
2020-06-16,9.910802841186523
2020-06-17,10.291988372802734
2020-06-18,10.224720001220703
2020-06-19,10.344308853149414
2020-06-22,10.546110153198242
2020-06-23,10.411575317382812
2020-06-24,10.224720001220703
2020-06-25,10.598430633544922
2020-06-26,10.426522254943848
2020-06-29,10.658223152160645
2020-06-30,10.568533897399902
2020-07-01,10.732965469360352
2020-07-02,10.59095573425293
2020-07-03,10.568533897399902
2020-07-06,10.732965469360352
2020-07-07,10.800233840942383
2020-07-08,10.994562149047852
2020-07-09,10.942245483398438
2020-07-10,11.099202156066895
2020-07-13,10.46389389038086
2020-07-14,10.396626472473145
2020-07-15,10.680646896362305
2020-07-16,10.501264572143555
2020-07-17,10.583480834960938
2020-07-20,10.553585052490234
2020-07-21,10.972140312194824
2020-07-22,10.994562149047852
2020-07-23,10.762861251831055
2020-07-24,11.158994674682617
2020-07-27,11.420594215393066
2020-07-28,11.278585433959961
2020-07-29,11.3234281539917
2020-07-30,10.87497615814209
2020-07-31,10.389150619506836
2020-08-03,10.24714469909668
2020-08-04,10.015440940856934
2020-08-05,9.8510103225708
2020-08-06,9.910802841186523
2020-08-07,9.948173522949219
2020-08-10,9.895853996276855
2020-08-11,10.022915840148926
2020-08-12,10.075236320495605
2020-08-13,9.873432159423828
2020-08-14,9.910802841186523
2020-08-17,9.60435962677002
2020-08-18,9.776266098022461
2020-08-19,9.60435962677002
2020-08-20,9.626781463623047
2020-08-21,9.694052696228027
2020-08-24,9.611834526062012
2020-08-25,9.529617309570312
2020-08-26,9.4922456741333
2020-08-27,9.477298736572266
2020-08-28,9.529617309570312
2020-08-31,9.200754165649414
2020-09-01,9.454874992370605
2020-09-02,9.537093162536621
2020-09-03,9.417505264282227
2020-09-04,9.417505264282227
2020-09-08,9.230650901794434
2020-09-09,9.230650901794434
2020-09-10,9.200754165649414
2020-09-11,8.998950958251953
2020-09-14,9.395082473754883
2020-09-15,9.634258270263672
2020-09-16,9.38760757446289
2020-09-17,9.836061477661133
2020-09-18,9.559514999389648
2020-09-21,9.514668464660645
2020-09-22,9.566988945007324
2020-09-23,9.297918319702148
2020-09-24,9.46982479095459
2020-09-25,9.596885681152344
2020-09-28,9.327814102172852
2020-09-29,9.230650901794434
2020-09-30,9.372659683227539
2020-10-01,9.4922456741333
2020-10-02,9.36518383026123
2020-10-05,9.574463844299316
2020-10-06,9.970596313476562
2020-10-07,10.112606048583984
2020-10-08,10.224720001220703
2020-10-09,10.14250373840332
2020-10-13,10.277040481567383
2020-10-14,10.314409255981445
2020-10-15,10.04533863067627
2020-10-16,9.918277740478516
2020-10-19,9.828585624694824
2020-10-20,10.000492095947266
2020-10-21,9.99301815032959
2020-10-22,10.14250373840332
2020-10-23,10.381678581237793
2020-10-26,10.613377571105957
2020-10-27,10.254616737365723
2020-10-28,9.99301815032959
2020-10-29,9.634258270263672
2020-10-30,9.103588104248047
2020-11-03,9.552040100097656
2020-11-04,9.581939697265625
2020-11-05,9.96312141418457
2020-11-06,9.903327941894531
2020-11-09,10.628327369689941
2020-11-10,11.36827278137207
2020-11-11,11.13657283782959
2020-11-12,10.92729663848877
2020-11-13,11.293532371520996
2020-11-16,11.480387687683105
2020-11-17,11.555129051208496
2020-11-18,11.091727256774902
2020-11-19,11.00951099395752
2020-11-23,10.957192420959473
2020-11-24,11.024457931518555
2020-11-25,10.830129623413086
2020-11-26,10.777812004089355
2020-11-27,10.703069686889648
2020-11-30,10.448946952819824
2020-12-01,10.972140312194824
2020-12-02,11.121624946594238
2020-12-03,10.987088203430176
2020-12-04,11.016985893249512
2020-12-07,11.18889331817627
2020-12-08,11.248685836791992
2020-12-09,11.405645370483398
2020-12-10,11.727035522460938
2020-12-11,11.5850248336792
2020-12-14,11.450490951538086
2020-12-15,11.629870414733887
2020-12-16,11.824201583862305
2020-12-17,12.003582954406738
2020-12-18,12.16752815246582
2020-12-21,11.829968452453613
2020-12-22,11.899014472961426
2020-12-23,11.891341209411621
2020-12-28,12.098483085632324
2020-12-29,12.23657512664795
2020-12-30,12.00641918182373
2021-01-04,11.875997543334961
2021-01-05,12.129170417785645
2021-01-06,12.374666213989258
2021-01-07,12.31329345703125
2021-01-08,12.68154239654541
2021-01-11,12.351651191711426
2021-01-12,12.888680458068848
2021-01-13,12.405355453491211
2021-01-14,12.533854484558105
2021-01-15,12.294894218444824
2021-01-18,12.503020286560059
2021-01-19,12.541563987731934
2021-01-20,12.348854064941406
2021-01-21,12.032808303833008
2021-01-22,11.678221702575684
2021-01-26,11.870932579040527
2021-01-27,11.870932579040527
2021-01-28,11.978849411010742
2021-01-29,11.64738941192627
2021-02-01,12.025099754333496
2021-02-02,12.032808303833008
2021-02-03,12.08676815032959
2021-02-04,12.025099754333496
2021-02-05,11.963432312011719
2021-02-08,11.516345024108887
2021-02-09,11.531763076782227
2021-02-10,11.570304870605469
2021-02-11,11.524054527282715
2021-02-12,11.400720596313477
2021-02-17,11.770724296569824
2021-02-18,11.400720596313477
2021-02-19,11.477803230285645
2021-02-22,11.23884391784668
2021-02-23,11.32363510131836
2021-02-24,11.315927505493164
2021-02-25,10.9459228515625
2021-02-26,10.807173728942871
2021-03-01,10.61446475982666
2021-03-02,10.784048080444336
2021-03-03,10.922798156738281
2021-03-04,11.393011093139648
2021-03-05,11.624262809753418
2021-03-08,11.32363510131836
2021-03-09,11.685930252075195
2021-03-10,11.770724296569824
2021-03-11,11.631973266601562
2021-03-12,11.585721969604492
2021-03-15,11.793848037719727
2021-03-16,11.6011381149292
2021-03-17,11.88634967803955
2021-03-18,11.793848037719727
2021-03-19,12.025099754333496
2021-03-22,11.978849411010742
2021-03-23,11.624262809753418
2021-03-24,11.408429145812988
2021-03-25,11.554887771606445
2021-03-26,11.678221702575684
2021-03-29,11.793848037719727
2021-03-30,12.017391204833984
2021-03-31,11.786139488220215
2021-04-01,11.56259536743164
2021-04-05,11.770724296569824
2021-04-06,11.863224029541016
2021-04-07,11.73218059539795
2021-04-08,11.90947437286377
2021-04-09,11.84009838104248
2021-04-12,11.955723762512207
2021-04-13,12.048225402832031
2021-04-14,12.186976432800293
2021-04-15,12.23322582244873
2021-04-16,12.179267883300781
2021-04-19,12.125308990478516
2021-04-20,12.04051685333252
2021-04-22,12.256352424621582
2021-04-23,12.217809677124023
2021-04-26,12.017391204833984
2021-04-27,11.786139488220215
2021-04-28,11.724472045898438
2021-04-29,11.763014793395996
2021-04-30,11.516345024108887
2021-05-03,11.408429145812988
2021-05-04,11.28509521484375
2021-05-05,11.45467758178711
2021-05-06,12.472187042236328
2021-05-07,12.49531078338623
2021-05-10,12.718855857849121
2021-05-11,13.004067420959473
2021-05-12,13.004067420959473
2021-05-13,13.011774063110352
2021-05-14,13.243026733398438
2021-05-17,13.412612915039062
2021-05-18,13.42802906036377
2021-05-19,13.5359468460083
2021-05-20,13.520529747009277
2021-05-21,13.574487686157227
2021-05-24,13.589903831481934
2021-05-25,13.574487686157227
2021-05-26,13.466570854187012
2021-05-27,13.63615608215332
2021-05-28,13.759490013122559
2021-05-31,13.836575508117676
2021-06-01,14.468658447265625
2021-06-02,14.93116569519043
2021-06-04,14.938871383666992
2021-06-07,15.10845947265625
2021-06-08,15.100749969482422
2021-06-09,14.88491439819336
2021-06-10,14.892622947692871
2021-06-11,14.59970474243164
2021-06-14,15.01595687866211
2021-06-15,14.746163368225098
2021-06-16,14.715330123901367
2021-06-17,14.65366268157959
2021-06-18,14.460954666137695
2021-06-21,14.437827110290527
2021-06-22,14.098661422729492
2021-06-23,13.86740779876709
2021-06-24,13.836575508117676
2021-06-25,13.065733909606934
2021-06-28,13.489694595336914
2021-06-29,13.327820777893066
2021-06-30,13.158233642578125
2021-07-01,13.258443832397461
2021-07-02,13.435736656188965
2021-07-05,13.828864097595215
2021-07-06,13.528237342834473
2021-07-07,13.697822570800781
2021-07-08,13.381778717041016
2021-07-12,13.613029479980469
2021-07-13,13.720945358276367
2021-07-14,13.805740356445312
2021-07-15,13.582197189331055
2021-07-16,13.435736656188965
2021-07-19,13.111985206604004
2021-07-20,13.127401351928711
2021-07-21,13.258443832397461
2021-07-22,13.127401351928711
2021-07-23,12.911565780639648
2021-07-26,13.173650741577148
2021-07-27,13.042606353759766
2021-07-28,13.358654022216797
2021-07-29,13.204483985900879
2021-07-30,12.826772689819336
2021-08-02,12.996358871459961
2021-08-03,13.158233642578125
2021-08-04,12.819064140319824
2021-08-05,12.811356544494629
2021-08-06,13.181360244750977
2021-08-09,13.22761058807373
2021-08-10,12.880732536315918
2021-08-11,12.772814750671387
2021-08-12,12.780523300170898
2021-08-13,12.834481239318848
2021-08-16,12.641770362854004
2021-08-17,12.580103874206543
2021-08-18,12.69572925567627
2021-08-19,13.25073528289795
2021-08-20,13.520529747009277
2021-08-23,13.381778717041016
2021-08-24,13.559070587158203
2021-08-25,13.551363945007324
2021-08-26,13.189067840576172
2021-08-27,13.135109901428223
2021-08-30,13.243026733398438
2021-08-31,13.181360244750977
2021-09-01,13.304694175720215
2021-09-02,12.734272956848145
2021-09-03,12.765106201171875
2021-09-06,13.25073528289795
2021-09-08,12.49531078338623
2021-09-09,12.572396278381348
2021-09-10,12.41051959991455
2021-09-13,12.603229522705078
2021-09-14,12.672605514526367
2021-09-15,12.348854064941406
2021-09-16,12.43364429473877
2021-09-17,12.133017539978027
2021-09-20,12.032808303833008
2021-09-21,12.07135009765625
2021-09-22,12.11760139465332
2021-09-23,12.240935325622559
2021-09-24,12.210102081298828
2021-09-27,12.202392578125
2021-09-28,11.901765823364258
2021-09-29,11.940306663513184
2021-09-30,11.793848037719727
2021-10-01,11.770724296569824
2021-10-04,11.593428611755371
2021-10-05,11.701347351074219
2021-10-06,11.639681816101074
2021-10-07,11.624262809753418
2021-10-08,11.84009838104248
2021-10-11,11.747598648071289
2021-10-13,11.955723762512207
2021-10-14,11.940306663513184
2021-10-15,11.971139907836914
2021-10-18,12.04051685333252
2021-10-19,11.670514106750488
2021-10-20,11.878641128540039
2021-10-21,11.670514106750488
2021-10-22,11.56259536743164
2021-10-25,11.770724296569824
2021-10-26,11.685930252075195
2021-10-27,11.73218059539795
2021-10-28,12.873023986816406
2021-10-29,13.096566200256348
2021-11-01,13.381778717041016
2021-11-03,13.744073867797852
2021-11-04,13.782612800598145
2021-11-05,13.798030853271484
2021-11-08,13.674696922302246
2021-11-09,13.790322303771973
2021-11-10,13.682406425476074
2021-11-11,13.574487686157227
2021-11-12,13.497404098510742
2021-11-16,13.497404098510742
2021-11-17,13.520529747009277
2021-11-18,13.566781044006348
2021-11-19,13.404902458190918
2021-11-22,13.350945472717285
2021-11-23,13.258443832397461
2021-11-24,13.181360244750977
2021-11-25,13.281567573547363
2021-11-26,12.865316390991211
2021-11-29,12.595520973205566
2021-11-30,12.379687309265137
2021-12-01,12.225518226623535
2021-12-02,12.341144561767578
2021-12-03,12.333436965942383
2021-12-06,12.395103454589844
2021-12-07,12.41051959991455
2021-12-08,12.395103454589844
2021-12-09,12.186976432800293
2021-12-10,12.294894218444824
2021-12-13,12.341144561767578
2021-12-14,12.464478492736816
2021-12-15,12.395103454589844
2021-12-16,12.41051959991455
2021-12-17,12.387393951416016
2021-12-20,12.350232124328613
2021-12-21,12.334214210510254
2021-12-22,12.326204299926758
2021-12-23,12.454353332519531
2021-12-27,12.438333511352539
2021-12-28,12.43032455444336
2021-12-29,12.374259948730469
2021-12-30,12.350232124328613
2022-01-03,12.278148651123047
2022-01-04,12.262130737304688
2022-01-05,12.02185344696045
2022-01-06,11.829632759094238
2022-01-07,11.637411117553711
2022-01-10,11.733521461486816
2022-01-11,11.757550239562988
2022-01-12,11.917733192443848
2022-01-13,12.00583553314209
2022-01-14,12.093937873840332
2022-01-17,11.853660583496094
2022-01-18,11.677457809448242
2022-01-19,11.64542007446289
2022-01-20,11.60537338256836
2022-01-21,11.765559196472168
2022-01-24,11.773567199707031
2022-01-25,12.06990909576416
2022-01-26,12.013843536376953
2022-01-27,12.334214210510254
2022-01-28,11.957779884338379
2022-01-31,11.989816665649414
2022-02-01,11.893706321716309
2022-02-02,11.629402160644531
2022-02-03,11.58134651184082
2022-02-04,11.541299819946289
2022-02-07,11.445189476013184
2022-02-08,11.341069221496582
2022-02-09,11.64542007446289
2022-02-10,11.813613891601562
2022-02-11,11.901713371276855
2022-02-14,12.061899185180664
2022-02-15,12.318196296691895
2022-02-16,12.07791805267334
2022-02-17,11.893706321716309
2022-02-18,11.829632759094238
2022-02-21,11.57333755493164
2022-02-22,11.781577110290527
2022-02-23,11.861669540405273
2022-02-24,11.885696411132812
2022-02-25,12.174028396606445
2022-03-02,11.629402160644531
2022-03-03,11.357087135314941
2022-03-04,11.15685749053955
2022-03-07,10.75639533996582
2022-03-08,10.764404296875
2022-03-09,11.15685749053955
2022-03-10,10.716348648071289
2022-03-11,10.556166648864746
2022-03-14,10.668294906616211
2022-03-15,10.788433074951172
2022-03-16,11.03671932220459
2022-03-17,11.15685749053955
2022-03-18,11.413152694702148
2022-03-21,11.357087135314941
2022-03-22,11.517273902893066
2022-03-23,11.365097045898438
2022-03-24,11.373106002807617
2022-03-25,11.469216346740723
2022-03-28,11.8056058883667
2022-03-29,12.214075088500977
2022-03-30,12.150001525878906
2022-03-31,12.334214210510254
2022-04-01,12.326204299926758
2022-04-04,12.16601848602295
2022-04-05,12.06990909576416
2022-04-06,11.973798751831055
2022-04-07,12.061899185180664
2022-04-08,11.957779884338379
2022-04-11,12.174028396606445
2022-04-12,12.0538911819458
2022-04-13,11.877687454223633
2022-04-14,11.773567199707031
2022-04-18,11.781577110290527
2022-04-19,11.733521461486816
2022-04-20,11.797595024108887
2022-04-22,11.813613891601562
2022-04-25,12.109954833984375
2022-04-26,11.813613891601562
2022-04-27,11.757550239562988
2022-04-28,11.781577110290527
2022-04-29,11.629402160644531
2022-05-02,11.589356422424316
2022-05-03,11.405142784118652
2022-05-04,11.485235214233398
2022-05-05,10.996672630310059
2022-05-06,10.83648681640625
2022-05-09,10.964634895324707
2022-05-10,10.996672630310059
2022-05-11,11.172874450683594
2022-05-12,11.59736442565918
2022-05-13,11.64542007446289
2022-05-16,11.765559196472168
2022-05-17,11.797595024108887
2022-05-18,11.389124870300293
2022-05-19,11.325052261352539
2022-05-20,11.2289400100708
2022-05-23,11.276996612548828
2022-05-24,11.317041397094727
2022-05-25,11.244958877563477
2022-05-26,11.381115913391113
2022-05-27,11.381115913391113
2022-05-30,11.285004615783691
2022-05-31,11.365097045898438
2022-06-01,11.309032440185547
2022-06-02,11.309032440185547
2022-06-03,11.276996612548828
2022-06-06,11.252967834472656
2022-06-07,10.996672630310059
2022-06-08,11.020699501037598
2022-06-09,10.90056037902832
2022-06-10,10.884543418884277
2022-06-13,10.67630386352539
2022-06-14,10.532137870788574
2022-06-15,10.460054397583008
2022-06-17,10.436027526855469
2022-06-20,10.452045440673828
2022-06-21,10.548154830932617
2022-06-22,10.652276039123535
2022-06-23,10.67630386352539
2022-06-24,10.948616981506348
2022-06-27,10.988662719726562
2022-06-28,10.82847785949707
2022-06-29,10.90056037902832
2022-06-30,10.732367515563965
2022-07-01,11.020699501037598
2022-07-04,10.956625938415527
2022-07-05,11.285004615783691
2022-07-06,11.397133827209473
2022-07-07,11.397133827209473
2022-07-08,11.46120834350586
2022-07-11,11.293013572692871
2022-07-12,11.044727325439453
2022-07-13,11.669447898864746
2022-07-14,11.885696411132812
2022-07-15,11.685466766357422
2022-07-18,11.60537338256836
2022-07-19,11.59736442565918
2022-07-20,11.45319938659668
2022-07-21,11.661438941955566
2022-07-22,11.621393203735352
2022-07-25,11.757550239562988
2022-07-26,11.869677543640137
2022-07-27,11.997825622558594
2022-07-28,12.093937873840332
2022-07-29,11.957779884338379
2022-08-01,11.717503547668457
2022-08-02,11.781577110290527
2022-08-03,11.717503547668457
2022-08-04,11.757550239562988
2022-08-05,11.693475723266602
2022-08-08,11.853660583496094
2022-08-09,11.8056058883667
2022-08-10,12.141992568969727
2022-08-11,12.117964744567871
2022-08-12,12.182038307189941
2022-08-15,12.350232124328613
2022-08-16,12.414305686950684
2022-08-17,12.454353332519531
2022-08-18,12.814767837524414
2022-08-19,12.542452812194824
2022-08-22,12.350232124328613
2022-08-23,12.366250991821289
2022-08-24,12.654582977294922
2022-08-25,12.670601844787598
2022-08-26,12.550463676452637
2022-08-29,12.50240707397461
2022-08-30,12.326204299926758
2022-08-31,12.230093002319336
2022-09-01,12.358241081237793
2022-09-02,12.398286819458008
2022-09-05,12.454353332519531
2022-09-06,12.462362289428711
2022-09-08,12.414305686950684
2022-09-09,12.590508460998535
2022-09-12,12.574490547180176
2022-09-13,12.486390113830566
2022-09-14,12.318196296691895
2022-09-15,12.254120826721191
2022-09-16,12.230093002319336
2022-09-19,12.390278816223145
2022-09-20,12.622547149658203
2022-09-21,12.454353332519531
2022-09-22,12.550463676452637
2022-09-23,12.310186386108398
2022-09-26,12.230093002319336
2022-09-27,12.366250991821289
2022-09-28,12.590508460998535
2022-09-29,12.50240707397461
2022-09-30,12.446342468261719
2022-10-03,13.05504322052002
2022-10-04,13.006987571716309
2022-10-05,12.910880088806152
2022-10-06,12.934906005859375
2022-10-07,12.350232124328613
2022-10-10,12.174028396606445
2022-10-11,12.00583553314209
2022-10-13,12.02185344696045
2022-10-14,11.877687454223633
2022-10-17,11.949769973754883
2022-10-18,11.933752059936523
2022-10-19,11.925743103027344
2022-10-20,12.045881271362305
2022-10-21,12.262130737304688
2022-10-24,12.158011436462402
2022-10-25,11.941761016845703
2022-10-26,12.093937873840332
2022-10-27,12.462362289428711
2022-10-28,12.630556106567383
2022-10-31,12.814767837524414
2022-11-01,12.646574020385742
2022-11-03,12.83078670501709
2022-11-04,13.175182342529297
2022-11-07,13.103099822998047
2022-11-08,13.407451629638672
2022-11-09,13.199210166931152
2022-11-10,12.806757926940918
2022-11-11,12.88685131072998
2022-11-14,12.774721145629883
2022-11-16,12.366250991821289
2022-11-17,12.334214210510254
2022-11-18,12.510416984558105
2022-11-21,12.550463676452637
2022-11-22,12.542452812194824
2022-11-23,12.590508460998535
2022-11-24,12.846805572509766
2022-11-25,12.630556106567383
2022-11-28,12.742684364318848
2022-11-29,12.622547149658203
2022-11-30,12.750694274902344
2022-12-01,12.878841400146484
2022-12-02,13.079072952270508
2022-12-05,12.83078670501709
2022-12-06,12.854813575744629
2022-12-07,12.814767837524414
2022-12-08,12.574490547180176
2022-12-09,12.422314643859863
2022-12-12,12.206066131591797
2022-12-13,12.238101959228516
2022-12-14,12.117964744567871
2022-12-15,12.013843536376953
2022-12-16,11.893706321716309
2022-12-19,12.198057174682617
2022-12-20,12.24215316772461
2022-12-21,12.098821640014648
2022-12-22,12.15783977508545
2022-12-23,12.326464653015137
2022-12-26,12.24215316772461
2022-12-27,12.24215316772461
2022-12-28,12.26744556427002
2022-12-29,12.24215316772461
2023-01-02,11.963921546936035
2023-01-03,11.947059631347656
2023-01-04,12.014509201049805
2023-01-05,12.048233985900879
2023-01-06,12.073527336120605
2023-01-09,12.140976905822754
2023-01-10,12.259015083312988
2023-01-11,12.048233985900879
2023-01-12,11.888040542602539
2023-01-13,11.702552795410156
2023-01-16,11.129229545593262
2023-01-17,11.685690879821777
2023-01-18,11.618241310119629
2023-01-19,11.500203132629395
2023-01-20,11.407459259033203
2023-01-23,11.314717292785645
2023-01-24,11.474908828735352
2023-01-25,11.559222221374512
2023-01-26,11.584514617919922
2023-01-27,11.508634567260742
2023-01-30,11.407459259033203
2023-01-31,11.517065048217773
2023-02-01,11.1123685836792
2023-02-02,11.053348541259766
2023-02-03,10.943741798400879
2023-02-06,10.97746753692627
2023-02-07,10.9268798828125
2023-02-08,11.120797157287598
2023-02-09,10.97746753692627
2023-02-10,10.84256649017334
2023-02-13,11.070211410522461
2023-02-14,10.960604667663574
2023-02-15,11.154522895812988
2023-02-16,11.028054237365723
2023-02-17,11.129229545593262
2023-02-22,11.13766098022461
2023-02-23,11.171385765075684
2023-02-24,11.2304048538208
2023-02-27,11.297853469848633
2023-02-28,11.289422035217285
2023-03-01,11.35687255859375
2023-03-02,11.070211410522461
2023-03-03,11.053348541259766
2023-03-06,11.38216495513916
2023-03-07,11.32314682006836
2023-03-08,11.483341217041016
2023-03-09,11.46647834777832
2023-03-10,11.39059829711914
2023-03-13,11.474908828735352
2023-03-14,11.761570930480957
2023-03-15,11.82059097290039
2023-03-16,12.022939682006836
2023-03-17,11.989215850830078
2023-03-20,11.904902458190918
2023-03-21,11.761570930480957
2023-03-22,11.761570930480957
2023-03-23,11.618241310119629
2023-03-24,11.710984230041504
2023-03-27,11.744709968566895
2023-03-28,12.30117130279541
2023-03-29,12.486658096313477
2023-03-30,12.495088577270508
2023-03-31,12.08195972442627
2023-04-03,12.08195972442627
2023-04-04,12.166272163391113
2023-04-05,12.140976905822754
2023-04-06,12.166272163391113
2023-04-10,12.191564559936523
2023-04-11,12.461363792419434
2023-04-12,12.444500923156738
2023-04-13,12.30117130279541
2023-04-14,12.351758003234863
2023-04-17,12.436071395874023
2023-04-18,12.334896087646484
2023-04-19,12.292739868164062
2023-04-20,12.309602737426758
2023-04-24,12.090389251708984
2023-04-25,12.048233985900879
2023-04-26,11.98078441619873
2023-04-27,11.938627243041992
2023-04-28,11.938627243041992
2023-05-02,12.022939682006836
2023-05-03,12.292739868164062
2023-05-04,12.334896087646484
2023-05-05,12.21685791015625
2023-05-08,12.233721733093262
2023-05-09,12.225290298461914
2023-05-10,12.140976905822754
2023-05-11,12.225290298461914
2023-05-12,12.183135032653809
2023-05-15,12.326464653015137
2023-05-16,12.309602737426758
2023-05-17,12.275877952575684
2023-05-18,12.26744556427002
2023-05-19,12.292739868164062
2023-05-22,12.326464653015137
2023-05-23,12.30117130279541
2023-05-24,12.360191345214844
2023-05-25,12.427640914916992
2023-05-26,12.444500923156738
2023-05-29,12.444500923156738
2023-05-30,12.208427429199219
2023-05-31,12.149409294128418
2023-06-01,12.00607681274414
2023-06-02,12.191564559936523
2023-06-05,12.149409294128418
2023-06-06,12.495088577270508
2023-06-07,12.52038288116455
2023-06-09,12.764888763427734
2023-06-12,12.78175163269043
2023-06-13,12.874494552612305
2023-06-14,12.925081253051758
2023-06-15,12.80704402923584
2023-06-16,12.705869674682617
2023-06-19,12.739595413208008
2023-06-20,12.764888763427734
2023-06-21,12.882925033569336
2023-06-22,13.110569953918457
2023-06-23,13.059981346130371
2023-06-26,12.933514595031738
2023-06-27,12.967239379882812
2023-06-28,12.832338333129883
2023-06-29,12.832338333129883
2023-06-30,12.992531776428223
2023-07-03,12.992531776428223
2023-07-04,12.764888763427734
2023-07-05,12.823906898498535
2023-07-06,12.503520011901855
2023-07-07,12.52038288116455
2023-07-10,12.655282974243164
2023-07-11,12.334896087646484
2023-07-12,12.385483741760254
2023-07-13,12.444500923156738
2023-07-14,12.427640914916992
2023-07-17,12.495088577270508
2023-07-18,12.368620872497559
2023-07-19,12.334896087646484
2023-07-20,12.579401016235352
2023-07-21,12.899787902832031
2023-07-24,12.748025894165039
2023-07-25,12.672144889831543
2023-07-26,12.629987716674805
2023-07-27,12.393914222717285
2023-07-28,12.613126754760742
2023-07-31,12.528812408447266
2023-08-01,12.629987716674805
2023-08-02,12.689007759094238
2023-08-03,12.334896087646484
2023-08-04,12.402345657348633
2023-08-07,12.377052307128906
2023-08-08,12.225290298461914
2023-08-09,12.124115943908691
2023-08-10,12.115683555603027
2023-08-11,12.107253074645996
2023-08-14,12.08195972442627
2023-08-15,11.972352027893066
2023-08-16,11.955490112304688
2023-08-17,11.989215850830078
2023-08-18,12.107253074645996
2023-08-21,12.065096855163574
2023-08-22,12.15783977508545
2023-08-23,12.183135032653809
2023-08-24,11.963921546936035
2023-08-25,11.795296669006348
2023-08-28,11.98078441619873
2023-08-29,12.022939682006836
2023-08-30,11.955490112304688
2023-08-31,11.668828964233398
2023-09-01,11.694121360778809
2023-09-04,11.685690879821777
2023-09-05,11.812159538269043
2023-09-06,11.786866188049316
2023-09-08,11.550790786743164
2023-09-11,11.694121360778809
2023-09-12,11.559222221374512
2023-09-13,11.500203132629395
2023-09-14,11.407459259033203
2023-09-15,11.314717292785645
2023-09-18,11.289422035217285
2023-09-19,11.32314682006836
2023-09-20,11.35687255859375
2023-09-21,11.162954330444336
2023-09-22,11.06178092956543
2023-09-25,11.14609146118164
2023-09-26,10.994329452514648
2023-09-27,10.935312271118164
2023-09-28,10.943741798400879
2023-09-29,11.053348541259766
2023-10-02,11.03648567199707
2023-10-03,11.002761840820312
2023-10-04,11.13766098022461
2023-10-05,10.8678617477417
2023-10-06,11.120797157287598
2023-10-09,11.103934288024902
2023-10-10,11.171385765075684
2023-10-11,11.205110549926758
2023-10-13,10.943741798400879
2023-10-16,10.969036102294922
2023-10-17,10.791979789733887
2023-10-18,10.564335823059082
2023-10-19,10.555907249450684
2023-10-20,10.530611991882324
2023-10-23,10.52217960357666
2023-10-24,10.555907249450684
2023-10-25,10.488455772399902
2023-10-26,10.648649215698242
2023-10-27,10.36198616027832
2023-10-30,10.421004295349121
2023-10-31,10.84256649017334
2023-11-01,10.952174186706543
2023-11-03,11.205110549926758
2023-11-06,11.39059829711914
2023-11-07,11.441184997558594
2023-11-08,11.41589069366455
2023-11-09,11.30628490447998
2023-11-10,11.255697250366211
2023-11-13,11.32314682006836
2023-11-14,11.550790786743164
2023-11-16,11.525497436523438
2023-11-17,11.46647834777832
2023-11-20,11.46647834777832
2023-11-21,11.331578254699707
2023-11-22,11.441184997558594
2023-11-23,11.424322128295898
2023-11-24,11.289422035217285
2023-11-27,11.449614524841309
2023-11-28,11.508634567260742
2023-11-29,11.213541984558105
2023-11-30,11.542359352111816
2023-12-01,11.87117862701416
2023-12-04,11.854316711425781
2023-12-05,12.00607681274414
2023-12-06,11.795296669006348
2023-12-07,11.87117862701416
2023-12-08,12.065096855163574
2023-12-11,12.073527336120605
2023-12-12,11.99764633178711
2023-12-13,12.393914222717285
2023-12-14,12.225290298461914
2023-12-15,12.199996948242188
2023-12-18,12.26744556427002
2023-12-19,12.393914222717285
2023-12-20,12.190035820007324
2023-12-21,12.154549598693848
2023-12-22,12.163420677185059
2023-12-26,12.216652870178223
2023-12-27,12.278756141662598
2023-12-28,12.181163787841797
2024-01-02,12.163420677185059
2024-01-03,12.06583023071289
2024-01-04,12.110189437866211
2024-01-05,12.06583023071289
2024-01-08,12.163420677185059
2024-01-09,12.083574295043945
2024-01-10,12.207781791687012
2024-01-11,12.030343055725098
2024-01-12,12.056958198547363
2024-01-15,12.056958198547363
2024-01-16,11.844032287597656
2024-01-17,11.915006637573242
2024-01-18,11.835160255432129
2024-01-19,11.844032287597656
2024-01-22,11.852903366088867
2024-01-23,11.861775398254395
2024-01-24,11.781928062438965
2024-01-25,11.710952758789062
2024-01-26,11.710952758789062
2024-01-29,11.7553129196167
2024-01-30,11.569002151489258
2024-01-31,11.60448932647705
2024-02-01,11.59561824798584
2024-02-02,11.59561824798584
2024-02-05,11.613360404968262
2024-02-06,11.737567901611328
2024-02-07,11.533514022827148
2024-02-08,11.489153861999512
2024-02-09,11.489153861999512
2024-02-14,11.46253776550293
2024-02-15,11.400436401367188
2024-02-16,11.320587158203125
2024-02-19,11.364946365356445
2024-02-20,11.400436401367188
2024-02-21,11.444794654846191
2024-02-22,11.498025894165039
2024-02-23,11.435922622680664
2024-02-26,11.569002151489258
2024-02-27,11.808544158935547
2024-02-28,11.932750701904297
2024-02-29,11.160892486572266
2024-03-01,11.036685943603516
2024-03-04,11.072173118591309
2024-03-05,11.311715126037598
2024-03-06,11.25848388671875
2024-03-07,11.222996711730957
2024-03-08,11.39156436920166
2024-03-11,11.356074333190918
2024-03-12,11.39156436920166
2024-03-13,11.311715126037598
2024-03-14,11.356074333190918
2024-03-15,11.205253601074219
2024-03-18,11.205253601074219
2024-03-19,11.125404357910156
2024-03-20,11.125404357910156
2024-03-21,11.187507629394531
2024-03-22,11.010068893432617
2024-03-25,10.850375175476074
2024-03-26,11.010068893432617
2024-03-27,11.045557975769043
2024-03-28,11.081045150756836
2024-04-01,10.939094543457031
2024-04-02,10.885863304138184
2024-04-03,11.045557975769043
2024-04-04,11.063301086425781
2024-04-05,10.850375175476074
2024-04-08,10.79714298248291
2024-04-09,10.965709686279297
2024-04-10,10.735040664672852
2024-04-11,10.823759078979492
2024-04-12,10.752784729003906
2024-04-15,10.708423614501953
2024-04-16,10.59308910369873
2024-04-17,10.566473007202148
2024-04-18,10.610832214355469
2024-04-19,10.601960182189941
2024-04-22,10.601960182189941
2024-04-23,10.522113800048828
2024-04-24,10.681808471679688
2024-04-25,10.664063453674316
2024-04-26,10.655192375183105
2024-04-29,10.735040664672852
2024-04-30,10.779398918151855
2024-05-02,10.939094543457031
2024-05-03,10.974581718444824
2024-05-06,11.045557975769043
2024-05-07,11.178635597229004
2024-05-08,10.79714298248291
2024-05-09,10.690680503845215
2024-05-10,10.681808471679688
2024-05-13,10.699553489685059
2024-05-14,10.788270950317383
2024-05-15,10.921350479125977
2024-05-16,10.983453750610352
2024-05-17,10.983453750610352
2024-05-20,10.735040664672852
2024-05-21,10.664063453674316
2024-05-22,10.619704246520996
2024-05-23,10.610832214355469
2024-05-24,10.530985832214355
2024-05-27,10.477753639221191
2024-05-28,10.282571792602539
2024-05-29,10.220468521118164
2024-05-31,10.25595474243164
2024-06-03,10.24708366394043
2024-06-04,10.37129020690918
2024-06-05,10.264826774597168
2024-06-06,10.486624717712402
2024-06-07,10.25595474243164
2024-06-10,10.167235374450684
2024-06-11,10.11400318145752
2024-06-12,9.998669624328613
2024-06-13,9.83897590637207
2024-06-14,9.972053527832031
2024-06-17,9.972053527832031
2024-06-18,9.980924606323242
2024-06-19,9.936565399169922
2024-06-20,10.00754165649414
2024-06-21,10.00754165649414
2024-06-24,10.043028831481934
2024-06-25,10.096261978149414
2024-06-26,10.158364295959473
2024-06-27,10.167235374450684
2024-06-28,10.122876167297363
2024-07-01,10.158364295959473
2024-07-02,10.167235374450684
2024-07-03,10.096261978149414
2024-07-04,10.158364295959473
2024-07-05,10.043028831481934
2024-07-08,9.980924606323242
2024-07-09,9.980924606323242
2024-07-10,10.11400318145752
2024-07-11,10.229338645935059
2024-07-12,10.32693099975586
2024-07-15,10.32693099975586
2024-07-16,10.380163192749023
2024-07-17,10.486624717712402
2024-07-18,10.353546142578125
2024-07-19,10.406778335571289
2024-07-22,10.477753639221191
2024-07-23,10.45113754272461
2024-07-24,10.460009574890137
2024-07-25,10.5132417678833
2024-07-26,10.539856910705566
2024-07-29,10.486624717712402
2024-07-30,10.32693099975586
2024-07-31,10.273699760437012
2024-08-01,10.4156494140625
2024-08-02,10.530985832214355
2024-08-05,10.5132417678833
2024-08-06,10.655192375183105
2024-08-07,11.098791122436523
2024-08-08,10.965709686279297
2024-08-09,11.045557975769043
2024-08-12,10.992325782775879
2024-08-13,11.152020454406738
2024-08-14,11.143149375915527
2024-08-15,11.56013011932373
2024-08-16,11.54238510131836
2024-08-19,11.54238510131836
2024-08-20,11.480281829833984
2024-08-21,11.480281829833984
2024-08-22,11.533514022827148
2024-08-23,11.60448932647705
2024-08-26,11.60448932647705
2024-08-27,11.56013011932373
2024-08-28,11.489153861999512
2024-08-29,11.409307479858398
2024-08-30,11.409307479858398
2024-09-02,11.41817855834961
2024-09-03,11.356074333190918
2024-09-04,11.524641036987305
2024-09-05,11.506898880004883
2024-09-06,11.524641036987305
2024-09-09,11.631104469299316
2024-09-10,11.746440887451172
2024-09-11,11.569002151489258
2024-09-12,11.453666687011719
2024-09-13,11.293971061706543
2024-09-16,11.409307479858398
2024-09-17,11.498025894165039
2024-09-18,11.515769004821777
2024-09-19,11.489153861999512
2024-09-20,11.320587158203125
2024-09-23,11.311715126037598
2024-09-24,11.320587158203125
2024-09-25,11.249612808227539
2024-09-26,11.39156436920166
2024-09-27,11.46253776550293
2024-09-30,11.60448932647705
2024-10-01,12.06583023071289
2024-10-02,12.172292709350586
2024-10-03,11.88839054107666
2024-10-04,11.781928062438965
2024-10-07,11.68433666229248
2024-10-08,11.60448932647705
2024-10-09,11.60448932647705
2024-10-10,11.631104469299316
2024-10-11,11.427050590515137
2024-10-14,11.46253776550293
2024-10-15,11.427050590515137
2024-10-16,11.480281829833984
2024-10-17,11.409307479858398
2024-10-18,11.427050590515137
2024-10-21,11.382691383361816
2024-10-22,11.373818397521973
2024-10-23,11.311715126037598
2024-10-24,11.382691383361816
2024-10-25,11.311715126037598
2024-10-28,11.435922622680664
2024-10-29,11.515769004821777
2024-10-30,11.471410751342773
2024-10-31,11.214125633239746
2024-11-01,11.125404357910156
2024-11-04,11.240739822387695
2024-11-05,11.249612808227539
2024-11-06,11.089917182922363
2024-11-07,11.13427734375
2024-11-08,10.939094543457031
2024-11-11,11.098791122436523
2024-11-12,11.160892486572266
2024-11-13,11.293971061706543
2024-11-14,11.214125633239746
2024-11-18,11.018941879272461
2024-11-19,11.027814865112305
2024-11-21,10.992325782775879
2024-11-22,11.249612808227539
2024-11-25,11.125404357910156
2024-11-26,11.187507629394531
2024-11-27,11.13427734375
2024-11-28,11.00119686126709
2024-11-29,11.293971061706543
2024-12-02,11.7553129196167
2024-12-03,12.287628173828125
2024-12-04,12.358603477478027
2024-12-05,12.793328285217285
2024-12-06,12.615890502929688
2024-12-09,12.60701847076416
2024-12-10,12.660250663757324
2024-12-11,12.243268966674805
2024-12-12,11.622233390808105
2024-12-13,11.60448932647705
2024-12-16,11.39156436920166
2024-12-17,11.622233390808105
2024-12-18,11.320587158203125
2024-12-19,11.33833122253418
2024-12-20,11.448415756225586
2024-12-23,11.439055442810059
2024-12-26,11.364168167114258
2024-12-27,11.298641204833984
2024-12-30,10.989729881286621
2025-01-02,10.858677864074707
2025-01-03,10.605932235717773
2025-01-06,10.568489074707031
2025-01-07,10.802512168884277
2025-01-08,10.690180778503418
2025-01-09,10.671457290649414
2025-01-10,10.446796417236328
2025-01-13,10.521683692932129
2025-01-14,10.493600845336914
2025-01-15,10.662097930908203
2025-01-16,10.371910095214844
2025-01-17,10.381270408630371
2025-01-20,10.343826293945312
2025-01-21,10.531044006347656
2025-01-22,10.315744400024414
2025-01-23,10.343826293945312
2025-01-24,10.17533016204834
2025-01-27,10.40935230255127
2025-01-28,10.399991989135742
2025-01-29,10.268938064575195
2025-01-30,10.399991989135742
2025-01-31,10.390631675720215
2025-02-03,10.325103759765625
2025-02-04,10.203412055969238
2025-02-05,10.128523826599121
2025-02-06,10.165968894958496
2025-02-07,10.156607627868652
2025-02-10,10.268938064575195
2025-02-11,10.259578704833984
2025-02-12,10.222134590148926
2025-02-13,10.278299331665039
2025-02-14,10.418713569641113
2025-02-17,10.390631675720215
2025-02-18,10.381270408630371
2025-02-19,10.268938064575195
2025-02-20,10.334464073181152
2025-02-21,10.40935230255127
2025-02-24,10.325103759765625
2025-02-25,10.381270408630371
2025-02-26,10.952286720275879
2025-02-27,11.53266429901123
2025-02-28,11.439055442810059
2025-03-05,11.963266372680664
2025-03-06,12.028794288635254
2025-03-07,12.2628173828125
2025-03-10,12.281538009643555
2025-03-11,12.038154602050781
2025-03-12,12.197290420532227
2025-03-13,12.478117942810059
2025-03-14,12.768306732177734
2025-03-17,12.822733879089355
2025-03-18,12.803836822509766
2025-03-19,12.926678657531738
2025-03-20,12.851082801818848
2025-03-21,12.973923683166504
2025-03-24,12.794386863708496
2025-03-25,12.851082801818848
2025-03-26,12.643197059631348
2025-03-27,12.718792915344238
2025-03-28,12.690443992614746
2025-03-31,12.75658893585205
2025-04-01,12.8605318069458
2025-04-02,12.917227745056152
2025-04-03,13.087316513061523
2025-04-04,12.955024719238281
2025-04-07,12.454211235046387
2025-04-08,12.510907173156738
2025-04-09,12.917227745056152
2025-04-10,12.851082801818848
2025-04-11,12.737689971923828
2025-04-14,12.926678657531738
2025-04-15,12.9077787399292
2025-04-16,13.125113487243652
2025-04-17,13.229055404663086
2025-04-22,13.247955322265625
2025-04-23,13.2763032913208
2025-04-24,13.370795249938965
2025-04-25,13.314099311828613
2025-04-28,13.51253604888916
2025-04-29,13.71097183227539
2025-04-30,13.767666816711426
2025-05-02,13.342448234558105
2025-05-05,13.285752296447754
2025-05-06,13.427491188049316
2025-05-07,13.4841890335083
2025-05-08,13.578680992126465
2025-05-09,13.493636131286621
2025-05-12,13.50308609008789
2025-05-13,13.465289115905762
2025-05-14,13.446389198303223
2025-05-15,13.61647891998291
2025-05-16,13.71944522857666
2025-05-19,13.65270709991455
2025-05-20,13.624104499816895
2025-05-21,13.500163078308105
2025-05-22,13.44295883178711
2025-05-23,13.576434135437012
2025-05-26,13.595503807067871
2025-05-27,13.538298606872559
2025-05-28,13.44295883178711
2025-05-29,13.404823303222656
2025-05-30,13.376220703125
2025-06-02,13.261812210083008
2025-06-03,13.357152938842773
2025-06-04,13.423891067504883
2025-06-05,13.223675727844238
2025-06-06,13.423891067504883
2025-06-09,13.30948257446289
2025-06-10,13.156938552856445
2025-06-11,13.261812210083008
2025-06-12,13.156938552856445
2025-06-13,13.00439453125
2025-06-16,13.042530059814453
2025-06-17,12.842316627502441
2025-06-18,12.861383438110352
2025-06-20,12.899519920349121
2025-06-23,12.928122520446777
2025-06-24,12.880453109741211
2025-06-25,12.537227630615234
2025-06-26,12.699305534362793
2025-06-27,12.537227630615234
2025-06-30,12.699305534362793
2025-07-01,12.756509780883789
2025-07-02,13.013928413391113
2025-07-03,12.851849555969238
2025-07-04,12.889986991882324
2025-07-07,12.775577545166016
2025-07-08,12.756509780883789
2025-07-09,12.68977165222168
2025-07-10,12.613499641418457
2025-07-11,12.708840370178223
2025-07-14,12.670703887939453
2025-07-15,12.651636123657227
2025-07-16,13.042530059814453
2025-07-17,12.832782745361328
2025-07-18,12.699305534362793
2025-07-21,12.794646263122559
2025-07-22,12.775577545166016
2025-07-23,12.956724166870117
2025-07-24,12.870917320251465
2025-07-25,12.842316627502441
2025-07-28,12.451421737670898
2025-07-29,12.575363159179688
2025-07-30,12.537227630615234
2025-07-31,11.879380226135254
2025-08-01,11.717302322387695
2025-08-04,11.831710815429688
2025-08-05,11.784040451049805
2025-08-06,11.898448944091797
2025-08-07,11.955653190612793
2025-08-08,11.793574333190918
2025-08-11,11.736371040344238
2025-08-12,11.6600980758667
2025-08-13,11.555224418640137
2025-08-14,11.459884643554688
2025-08-15,11.478952407836914
2025-08-18,11.507554054260254
2025-08-19,11.507554054260254
2025-08-20,11.53615665435791
2025-08-21,11.498021125793457
2025-08-22,11.641030311584473
2025-08-25,11.555224418640137
2025-08-26,11.612428665161133
2025-08-27,11.58382511138916
2025-08-28,11.679166793823242
2025-08-29,11.774507522583008
2025-09-01,11.726837158203125
2025-09-02,11.59335994720459
2025-09-03,11.345475196838379
2025-09-04,11.59335994720459
2025-09-05,11.679166793823242
2025-09-08,11.574292182922363
2025-09-09,11.755437850952148
2025-09-10,11.784040451049805
2025-09-11,11.93658447265625
2025-09-12,11.993788719177246
2025-09-15,12.041459083557129
2025-09-16,12.117730140686035
2025-09-17,12.194003105163574
2025-09-18,11.93658447265625
2025-09-19,11.965187072753906
2025-09-22,11.784040451049805
2025-09-23,11.879380226135254
2025-09-24,11.803108215332031
2025-09-25,11.879380226135254
2025-09-26,11.879380226135254
2025-09-29,11.831710815429688
2025-09-30,11.52662181854248
2025-10-01,11.431282043457031
2025-10-02,11.374078750610352
2025-10-03,11.316873550415039
2025-10-06,11.297805786132812
2025-10-07,11.164329528808594
2025-10-08,11.326408386230469
2025-10-09,11.173863410949707
2025-10-10,11.25967025756836
2025-10-13,11.307339668273926
2025-10-14,11.488486289978027
2025-10-15,11.431282043457031
2025-10-16,11.58382511138916
2025-10-17,11.793574333190918
2025-10-20,11.784040451049805
2025-10-21,11.650564193725586
2025-10-22,11.507554054260254
2025-10-23,11.555224418640137
2025-10-24,11.545690536499023
2025-10-27,11.58382511138916
2025-10-28,11.469417572021484
2025-10-29,11.469417572021484
2025-10-30,12.003323554992676
2025-10-31,12.117730140686035
2025-11-03,12.308411598205566
2025-11-04,12.546761512756348
2025-11-05,12.56583023071289
2025-11-06,12.470489501953125
2025-11-07,12.508625030517578
2025-11-10,12.56583023071289
2025-11-11,12.956724166870117
2025-11-12,12.985325813293457
2025-11-13,12.99485969543457
2025-11-14,13.05206298828125
2025-11-17,13.118803024291992
2025-11-18,13.09973430633545
2025-11-19,12.785111427307129
2025-11-21,12.985325813293457
2025-11-24,13.128336906433105
2025-11-25,13.09973430633545
2025-11-26,13.03299617767334
2025-11-27,13.080666542053223
2025-11-28,13.214141845703125
2025-12-01,13.357152938842773
2025-12-02,13.34761905670166
2025-12-03,13.490628242492676
2025-12-04,13.299948692321777
2025-12-05,12.975791931152344
2025-12-08,12.985325813293457
2025-12-09,13.00439453125
2025-12-10,12.966259002685547
2025-12-11,13.137869834899902
2025-12-12,13.385754585266113
2025-12-15,13.614570617675781
2025-12-16,13.500163078308105
2025-12-17,13.366687774658203
2025-12-18,13.271346092224121
2025-12-19,13.243124961853027
2025-12-22,13.083568572998047
2025-12-23,13.432597160339355
2025-12-26,13.681903839111328
2025-12-29,13.831486701965332
2025-12-30,13.821514129638672
