date,close
2011-02-02,13.780977249145508
2011-02-03,13.651276588439941
2011-02-04,13.618847846984863
2011-02-07,13.618847846984863
2011-02-08,13.022214889526367
2011-02-09,12.581221580505371
2011-02-10,12.970330238342285
2011-02-11,13.197311401367188
2011-02-14,13.13245964050293
2011-02-15,13.424298286437988
2011-02-16,13.489144325256348
2011-02-17,13.229742050170898
2011-02-18,13.424298286437988
2011-02-21,13.294591903686523
2011-02-22,13.294591903686523
2011-02-23,13.515081405639648
2011-02-24,13.515081405639648
2011-02-25,13.58642578125
2011-02-28,13.878252029418945
2011-03-01,13.618847846984863
2011-03-02,13.618847846984863
2011-03-03,13.780977249145508
2011-03-04,13.878252029418945
2011-03-09,13.878252029418945
2011-03-10,14.91588020324707
2011-03-11,14.909398078918457
2011-03-14,15.045581817626953
2011-03-15,14.656472206115723
2011-03-16,14.91588020324707
2011-03-17,14.980731964111328
2011-03-18,14.624048233032227
2011-03-21,14.902910232543945
2011-03-22,14.980731964111328
2011-03-23,14.68890380859375
2011-03-24,14.68890380859375
2011-03-25,14.68890380859375
2011-03-28,15.43469524383545
2011-03-29,15.246623039245605
2011-03-30,14.786172866821289
2011-03-31,14.753751754760742
2011-04-01,14.753751754760742
2011-04-04,14.585137367248535
2011-04-05,14.585137367248535
2011-04-06,14.591623306274414
2011-04-07,14.753751754760742
2011-04-08,14.91588020324707
2011-04-11,14.91588020324707
2011-04-12,14.922371864318848
2011-04-13,15.337414741516113
2011-04-14,15.953509330749512
2011-04-15,16.180490493774414
2011-04-18,16.13508415222168
2011-04-19,15.797859191894531
2011-04-20,15.791376113891602
2011-04-25,15.62276554107666
2011-04-26,15.758952140808105
2011-04-27,15.758952140808105
2011-04-28,15.694096565246582
2011-04-29,15.817320823669434
2011-05-02,16.031330108642578
2011-05-03,15.992416381835938
2011-05-04,15.888652801513672
2011-05-05,15.758952140808105
2011-05-06,16.1480655670166
2011-05-09,15.953509330749512
2011-05-10,15.953509330749512
2011-05-11,15.953509330749512
2011-05-12,16.05078887939453
2011-05-13,16.05078887939453
2011-05-16,16.05078887939453
2011-05-17,16.699304580688477
2011-05-18,16.731731414794922
2011-05-19,16.472322463989258
2011-05-20,16.53717613220215
2011-05-23,16.08321189880371
2011-05-24,16.05078887939453
2011-05-25,15.953509330749512
2011-05-26,15.953509330749512
2011-05-27,15.856230735778809
2011-05-30,15.791376113891602
2011-05-31,16.854944229125977
2011-06-01,16.1480655670166
2011-06-02,15.758952140808105
2011-06-03,15.7135591506958
2011-06-06,15.758952140808105
2011-06-07,15.823801040649414
2011-06-08,15.823801040649414
2011-06-09,16.01836395263672
2011-06-10,15.856230735778809
2011-06-13,16.31667709350586
2011-06-14,16.1480655670166
2011-06-15,16.21291732788086
2011-06-16,15.888652801513672
2011-06-17,15.629253387451172
2011-06-20,14.987218856811523
2011-06-21,14.79266357421875
2011-06-22,14.267362594604492
2011-06-24,14.448951721191406
2011-06-27,14.39707088470459
2011-06-28,14.267362594604492
2011-06-29,13.845831871032715
2011-06-30,14.170085906982422
2011-07-01,14.870515823364258
2011-07-04,15.111519813537598
2011-07-05,15.730316162109375
2011-07-06,15.502338409423828
2011-07-07,15.339494705200195
2011-07-08,15.013815879821777
2011-07-11,14.78584098815918
2011-07-12,15.469766616821289
2011-07-13,15.717287063598633
2011-07-14,15.502338409423828
2011-07-15,15.306925773620605
2011-07-18,15.176660537719727
2011-07-19,14.655570030212402
2011-07-20,14.06934928894043
2011-07-21,14.466681480407715
2011-07-22,14.655570030212402
2011-07-25,14.336405754089355
2011-07-26,14.492728233337402
2011-07-27,13.743667602539062
2011-07-28,13.639450073242188
2011-07-29,13.776236534118652
2011-08-01,14.167051315307617
2011-08-02,14.06934928894043
2011-08-03,12.857816696166992
2011-08-04,12.245546340942383
2011-08-05,11.789593696594238
2011-08-08,11.398776054382324
2011-08-09,11.50950813293457
2011-08-10,11.861237525939941
2011-08-11,12.05665397644043
2011-08-12,12.278112411499023
2011-08-15,12.83176326751709
2011-08-16,12.5712251663208
2011-08-17,13.059745788574219
2011-08-18,12.636358261108398
2011-08-19,12.440950393676758
2011-08-22,12.538658142089844
2011-08-23,12.701495170593262
2011-08-24,12.421409606933594
2011-08-25,12.701495170593262
2011-08-26,12.636358261108398
2011-08-29,13.216071128845215
2011-08-30,13.235608100891113
2011-08-31,14.329890251159668
2011-09-01,14.649056434631348
2011-09-02,14.655570030212402
2011-09-05,14.460165023803711
2011-09-06,14.362455368041992
2011-09-08,14.81840991973877
2011-09-09,14.329890251159668
2011-09-12,14.329890251159668
2011-09-13,14.25173282623291
2011-09-14,14.336405754089355
2011-09-15,14.329890251159668
2011-09-16,14.850974082946777
2011-09-19,14.160537719726562
2011-09-20,13.873940467834473
2011-09-21,13.222582817077637
2011-09-22,13.02717399597168
2011-09-23,12.734060287475586
2011-09-26,13.04671573638916
2011-09-27,13.02717399597168
2011-09-28,12.799200057983398
2011-09-29,12.792685508728027
2011-09-30,12.375816345214844
2011-10-03,12.499571800231934
2011-10-04,11.91986083984375
2011-10-05,11.789593696594238
2011-10-06,12.030594825744629
2011-10-07,12.050140380859375
2011-10-10,12.506087303161621
2011-10-11,12.83176326751709
2011-10-13,12.890390396118164
2011-10-14,13.287723541259766
2011-10-17,13.02717399597168
2011-10-18,13.287723541259766
2011-10-19,13.711102485656738
2011-10-20,13.02717399597168
2011-10-21,13.613394737243652
2011-10-24,13.437533378601074
2011-10-25,13.437533378601074
2011-10-26,13.782753944396973
2011-10-27,15.10500717163086
2011-10-28,15.241792678833008
2011-10-31,14.78584098815918
2011-11-01,14.525293350219727
2011-11-03,14.91611099243164
2011-11-04,14.655570030212402
2011-11-07,14.655570030212402
2011-11-08,14.78584098815918
2011-11-09,14.342917442321777
2011-11-10,14.395026206970215
2011-11-11,15.046384811401367
2011-11-14,16.062501907348633
2011-11-16,15.372064590454102
2011-11-17,14.753273963928223
2011-11-18,14.473196029663086
2011-11-21,14.616491317749023
2011-11-22,14.06282901763916
2011-11-23,14.329890251159668
2011-11-24,14.78584098815918
2011-11-25,14.753273963928223
2011-11-28,14.655570030212402
2011-11-29,14.981250762939453
2011-11-30,15.632606506347656
2011-12-01,14.981250762939453
2011-12-02,15.762877464294434
2011-12-05,16.023422241210938
2011-12-06,15.587017059326172
2011-12-07,15.51536750793457
2011-12-08,14.981250762939453
2011-12-09,14.792363166809082
2011-12-12,15.3004150390625
2011-12-13,14.948685646057129
2011-12-14,14.720704078674316
2011-12-15,14.720704078674316
2011-12-16,14.850974082946777
2011-12-19,15.124547958374023
2011-12-20,15.899662017822266
2011-12-21,15.678203582763672
2011-12-22,14.8379545211792
2011-12-23,15.176660537719727
2011-12-26,15.437204360961914
2011-12-27,15.63912296295166
2011-12-28,15.339494705200195
2011-12-29,15.111519813537598
2012-01-02,15.497322082519531
2012-01-03,15.333850860595703
2012-01-04,15.445001602172852
2012-01-05,15.562710762023926
2012-01-06,15.948505401611328
2012-01-09,16.151214599609375
2012-01-10,16.34738540649414
2012-01-11,17.197446823120117
2012-01-12,17.2955322265625
2012-01-13,17.001283645629883
2012-01-16,16.86395835876465
2012-01-17,17.413236618041992
2012-01-18,18.374460220336914
2012-01-19,18.17828941345215
2012-01-20,17.720569610595703
2012-01-23,17.655174255371094
2012-01-24,18.080209732055664
2012-01-26,17.58978271484375
2012-01-27,17.491697311401367
2012-01-30,17.687870025634766
2012-01-31,19.11989974975586
2012-02-01,19.453392028808594
2012-02-02,18.70794677734375
2012-02-03,19.126440048217773
2012-02-06,19.126440048217773
2012-02-07,19.38799476623535
2012-02-08,18.70140838623047
2012-02-09,18.89756965637207
2012-02-10,19.276838302612305
2012-02-13,19.616857528686523
2012-02-14,19.669172286987305
2012-02-15,20.139972686767578
2012-02-16,20.69578742980957
2012-02-17,21.447765350341797
2012-02-23,20.85926055908203
2012-02-24,20.990036010742188
2012-02-27,20.342679977416992
2012-02-28,20.793874740600586
2012-02-29,20.918109893798828
2012-03-01,19.616857528686523
2012-03-02,19.28990936279297
2012-03-05,19.342226028442383
2012-03-06,19.28990936279297
2012-03-07,19.28990936279297
2012-03-08,19.231061935424805
2012-03-09,19.276838302612305
2012-03-12,19.616857528686523
2012-03-13,20.0745906829834
2012-03-14,19.649555206298828
2012-03-15,19.943803787231445
2012-03-16,20.139972686767578
2012-03-19,20.0288143157959
2012-03-20,19.78687858581543
2012-03-21,19.9241886138916
2012-03-22,20.277292251586914
2012-03-23,21.120819091796875
2012-03-26,22.101661682128906
2012-03-27,21.840110778808594
2012-03-28,21.859718322753906
2012-03-29,20.466922760009766
2012-03-30,20.76117706298828
2012-04-02,21.61124038696289
2012-04-03,21.77471160888672
2012-04-04,22.055896759033203
2012-04-05,21.40199089050293
2012-04-09,21.382375717163086
2012-04-10,21.022737503051758
2012-04-11,20.85926055908203
2012-04-12,20.388456344604492
2012-04-13,19.943803787231445
2012-04-16,20.133440017700195
2012-04-17,19.88496208190918
2012-04-18,20.009197235107422
2012-04-19,20.22498321533203
2012-04-20,20.107280731201172
2012-04-23,19.832645416259766
2012-04-24,19.51877212524414
2012-04-25,19.33466339111328
2012-04-26,19.649261474609375
2012-04-27,19.59682846069336
2012-04-30,19.66236686706543
2012-05-02,19.105270385742188
2012-05-03,18.580944061279297
2012-05-04,18.679250717163086
2012-05-07,18.934864044189453
2012-05-08,19.00040626525879
2012-05-09,18.679250717163086
2012-05-10,18.023847579956055
2012-05-11,17.696138381958008
2012-05-14,16.975183486938477
2012-05-15,16.647478103637695
2012-05-16,17.007953643798828
2012-05-17,16.909645080566406
2012-05-18,16.942411422729492
2012-05-21,18.220460891723633
2012-05-22,17.56505012512207
2012-05-23,17.04072380065918
2012-05-24,17.04072380065918
2012-05-25,17.270116806030273
2012-05-28,17.827219009399414
2012-05-29,17.892759323120117
2012-05-30,18.220460891723633
2012-05-31,19.33466339111328
2012-06-01,18.94141387939453
2012-06-04,18.744792938232422
2012-06-05,18.646482467651367
2012-06-06,18.417085647583008
2012-06-08,18.08938217163086
2012-06-11,17.932085037231445
2012-06-12,18.61371421813965
2012-06-13,18.731687545776367
2012-06-14,18.810335159301758
2012-06-15,19.00696563720703
2012-06-18,18.61371421813965
2012-06-19,19.33466339111328
2012-06-20,19.40020751953125
2012-06-21,18.875879287719727
2012-06-22,18.679250717163086
2012-06-25,17.696138381958008
2012-06-26,18.2860050201416
2012-06-27,18.390872955322266
2012-06-28,18.482629776000977
2012-06-29,19.59682846069336
2012-07-02,19.97062110900879
2012-07-03,20.60251235961914
2012-07-04,20.734153747558594
2012-07-05,21.12909698486328
2012-07-06,20.536691665649414
2012-07-10,20.635427474975586
2012-07-11,20.391887664794922
2012-07-12,20.003528594970703
2012-07-13,19.878469467163086
2012-07-16,19.746816635131836
2012-07-17,19.667831420898438
2012-07-18,19.674419403076172
2012-07-19,20.405044555664062
2012-07-20,20.37213897705078
2012-07-23,20.17466926574707
2012-07-24,19.22023582458496
2012-07-25,19.746816635131836
2012-07-26,20.96454620361328
2012-07-27,22.011119842529297
2012-07-30,21.95188331604004
2012-07-31,21.225358963012695
2012-08-01,21.772991180419922
2012-08-02,22.47896385192871
2012-08-03,23.092557907104492
2012-08-06,23.554407119750977
2012-08-07,23.283897399902344
2012-08-08,23.554407119750977
2012-08-09,22.102886199951172
2012-08-10,21.937931060791016
2012-08-13,21.937931060791016
2012-08-14,22.426176071166992
2012-08-15,22.28762435913086
2012-08-16,21.904943466186523
2012-08-17,22.3931827545166
2012-08-20,23.290502548217773
2012-08-21,22.993593215942383
2012-08-22,22.756071090698242
2012-08-23,21.641027450561523
2012-08-24,21.871957778930664
2012-08-27,22.459171295166016
2012-08-28,22.102886199951172
2012-08-29,22.300819396972656
2012-08-30,22.4063777923584
2012-08-31,22.412979125976562
2012-09-03,22.41958236694336
2012-09-04,22.267831802368164
2012-09-05,22.426176071166992
2012-09-06,22.432775497436523
2012-09-10,22.432775497436523
2012-09-11,22.855043411254883
2012-09-12,22.907825469970703
2012-09-13,23.356477737426758
2012-09-14,21.70701026916504
2012-09-17,21.62123680114746
2012-09-18,21.15938377380371
2012-09-19,21.700408935546875
2012-09-20,22.33380126953125
2012-09-21,22.95400047302246
2012-09-24,23.072772979736328
2012-09-25,23.34328269958496
2012-09-26,23.290502548217773
2012-09-27,23.099157333374023
2012-09-28,24.121826171875
2012-10-01,24.280181884765625
2012-10-02,24.14822006225586
2012-10-03,23.673175811767578
2012-10-04,23.831520080566406
2012-10-05,24.016273498535156
2012-10-08,24.13502311706543
2012-10-09,23.910707473754883
2012-10-10,23.851314544677734
2012-10-11,23.752347946166992
2012-10-15,24.207605361938477
2012-10-16,24.669450759887695
2012-10-17,24.873992919921875
2012-10-18,24.93996810913086
2012-10-19,24.088838577270508
2012-10-22,24.392345428466797
2012-10-23,24.21420669555664
2012-10-24,24.247190475463867
2012-10-25,24.58367347717285
2012-10-26,24.082244873046875
2012-10-29,23.25751495361328
2012-10-30,23.7193546295166
2012-10-31,23.917293548583984
2012-11-01,24.478111267089844
2012-11-05,24.682647705078125
2012-11-06,25.078527450561523
2012-11-07,25.626136779785156
2012-11-08,25.93625259399414
2012-11-09,24.80801010131836
2012-11-12,25.07192611694336
2012-11-13,24.84099769592285
2012-11-14,24.93996810913086
2012-11-16,25.302846908569336
2012-11-19,25.533782958984375
2012-11-21,24.74203109741211
2012-11-22,24.544099807739258
2012-11-23,24.544099807739258
2012-11-26,24.115238189697266
2012-11-27,23.85791778564453
2012-11-28,23.686372756958008
2012-11-29,24.676054000854492
2012-11-30,24.41214370727539
2012-12-03,24.676054000854492
2012-12-04,25.401823043823242
2012-12-05,25.533782958984375
2012-12-06,26.008819580078125
2012-12-07,26.061609268188477
2012-12-10,26.061609268188477
2012-12-11,26.12758445739746
2012-12-12,26.12758445739746
2012-12-13,26.061609268188477
2012-12-14,26.292530059814453
2012-12-17,26.325525283813477
2012-12-18,26.061609268188477
2012-12-19,25.863666534423828
2012-12-20,26.219951629638672
2012-12-21,26.39810562133789
2012-12-26,27.044694900512695
2012-12-27,26.655414581298828
2012-12-28,26.09458351135254
2013-01-02,26.271791458129883
2013-01-03,26.172517776489258
2013-01-04,26.337974548339844
2013-01-07,26.437240600585938
2013-01-08,25.252689361572266
2013-01-09,26.172517776489258
2013-01-10,25.44459342956543
2013-01-11,25.411514282226562
2013-01-14,25.021074295043945
2013-01-15,24.617406845092773
2013-01-16,24.61078453063965
2013-01-17,24.432111740112305
2013-01-18,24.835790634155273
2013-01-21,25.54387092590332
2013-01-22,25.54387092590332
2013-01-23,25.1600399017334
2013-01-24,25.14681053161621
2013-01-28,24.471818923950195
2013-01-29,24.17402458190918
2013-01-30,24.22034454345703
2013-01-31,24.81592559814453
2013-02-01,25.90781593322754
2013-02-04,25.974010467529297
2013-02-05,25.90781593322754
2013-02-06,25.517396926879883
2013-02-07,25.345335006713867
2013-02-08,25.557100296020508
2013-02-13,25.557100296020508
2013-02-14,24.981367111206055
2013-02-15,25.411514282226562
2013-02-18,24.485057830810547
2013-02-19,24.491670608520508
2013-02-20,24.935047149658203
2013-02-21,25.91444969177246
2013-02-22,26.271791458129883
2013-02-25,26.490182876586914
2013-02-26,26.76149559020996
2013-02-27,26.52326202392578
2013-02-28,26.47032928466797
2013-03-01,26.47032928466797
2013-03-04,26.139450073242188
2013-03-05,25.808568954467773
2013-03-06,25.65635871887207
2013-03-07,26.172517776489258
2013-03-08,26.351207733154297
2013-03-11,26.437240600585938
2013-03-12,26.536495208740234
2013-03-13,26.496793746948242
2013-03-14,27.125469207763672
2013-03-15,27.793846130371094
2013-03-18,27.793846130371094
2013-03-19,27.727663040161133
2013-03-20,26.900461196899414
2013-03-21,26.20562171936035
2013-03-22,26.47032928466797
2013-03-25,26.020326614379883
2013-03-26,25.815185546875
2013-03-27,26.371057510375977
2013-03-28,26.371057510375977
2013-04-01,27.290904998779297
2013-04-02,27.231348037719727
2013-04-03,27.562227249145508
2013-04-04,27.264429092407227
2013-04-05,27.462961196899414
2013-04-08,26.86737823486328
2013-04-09,26.56959342956543
2013-04-10,26.602672576904297
2013-04-11,26.503414154052734
2013-04-12,25.682828903198242
2013-04-15,25.01445770263672
2013-04-16,25.477691650390625
2013-04-17,25.01445770263672
2013-04-18,24.643869400024414
2013-04-19,25.490928649902344
2013-04-22,25.74239158630371
2013-04-23,26.05341911315918
2013-04-24,26.741641998291016
2013-04-25,26.159297943115234
2013-04-26,26.159297943115234
2013-04-29,27.0659122467041
2013-04-30,29.779115676879883
2013-05-02,27.73712921142578
2013-05-03,28.03644371032715
2013-05-06,27.903417587280273
2013-05-07,27.803638458251953
2013-05-08,26.918981552124023
2013-05-09,26.61965560913086
2013-05-10,27.604089736938477
2013-05-13,27.271512985229492
2013-05-14,27.211652755737305
2013-05-15,27.271512985229492
2013-05-16,27.198348999023438
2013-05-17,27.065317153930664
2013-05-20,27.105234146118164
2013-05-21,27.271512985229492
2013-05-22,26.533185958862305
2013-05-23,26.37354850769043
2013-05-24,26.60636329650879
2013-05-27,26.82586097717285
2013-05-28,27.165096282958984
2013-05-29,26.0609188079834
2013-05-31,24.95010757446289
2013-06-03,24.24504280090332
2013-06-04,23.48011589050293
2013-06-05,23.08101463317871
2013-06-06,24.27830696105957
2013-06-07,24.24504280090332
2013-06-10,24.930158615112305
2013-06-11,24.610876083374023
2013-06-12,23.945720672607422
2013-06-13,23.679662704467773
2013-06-14,22.967941284179688
2013-06-17,22.74178123474121
2013-06-18,21.97685432434082
2013-06-19,21.13874626159668
2013-06-20,21.35159683227539
2013-06-21,21.75735092163086
2013-06-24,22.116535186767578
2013-06-25,22.814952850341797
2013-06-26,22.94798469543457
2013-06-27,23.08101463317871
2013-06-28,22.582149505615234
2013-07-01,22.141843795776367
2013-07-02,21.401329040527344
2013-07-03,21.18118667602539
2013-07-04,21.8749942779541
2013-07-05,21.74823760986328
2013-07-08,22.53544807434082
2013-07-10,22.748920440673828
2013-07-11,23.389368057250977
2013-07-12,23.049131393432617
2013-07-15,23.762956619262695
2013-07-16,24.716934204101562
2013-07-17,24.616872787475586
2013-07-18,23.789642333984375
2013-07-19,23.816322326660156
2013-07-22,23.69624137878418
2013-07-23,23.249267578125
2013-07-24,23.64954376220703
2013-07-25,23.949752807617188
2013-07-26,23.949752807617188
2013-07-29,24.910409927368164
2013-07-30,24.448457717895508
2013-07-31,23.83222007751465
2013-08-01,22.91457176208496
2013-08-02,22.706928253173828
2013-08-05,23.77863311767578
2013-08-06,23.81882667541504
2013-08-07,24.421669006347656
2013-08-08,25.051305770874023
2013-08-09,25.31922721862793
2013-08-12,25.453201293945312
2013-08-13,24.388174057006836
2013-08-14,25.09818458557129
2013-08-15,24.227415084838867
2013-08-16,24.522136688232422
2013-08-19,24.41497230529785
2013-08-20,23.242782592773438
2013-08-21,22.439001083374023
2013-08-22,23.075328826904297
2013-08-23,23.77193832397461
2013-08-26,23.43033218383789
2013-08-27,22.673433303833008
2013-08-28,22.104082107543945
2013-08-29,22.43230438232422
2013-08-30,22.238052368164062
2013-09-02,23.108827590942383
2013-09-03,23.26957893371582
2013-09-04,23.28966522216797
2013-09-05,23.30976676940918
2013-09-06,23.195898056030273
2013-09-09,24.25421142578125
2013-09-10,23.946096420288086
2013-09-11,24.763277053833008
2013-09-12,24.850345611572266
2013-09-13,25.52016830444336
2013-09-16,24.78337287902832
2013-09-17,25.25225067138672
2013-09-18,25.312522888183594
2013-09-19,25.158470153808594
2013-09-20,25.017810821533203
2013-09-23,26.089527130126953
2013-09-24,25.66753387451172
2013-09-25,25.1182804107666
2013-09-26,25.955547332763672
2013-09-27,26.123010635375977
2013-09-30,26.250282287597656
2013-10-01,25.788101196289062
2013-10-02,25.707725524902344
2013-10-03,24.830263137817383
2013-10-04,25.051305770874023
2013-10-07,24.78337287902832
2013-10-08,24.790071487426758
2013-10-09,24.662799835205078
2013-10-10,23.711660385131836
2013-10-11,24.013071060180664
2013-10-14,23.30976676940918
2013-10-15,23.51071548461914
2013-10-16,23.18919563293457
2013-10-17,23.370052337646484
2013-10-18,22.104082107543945
2013-10-21,22.97486114501953
2013-10-22,24.080066680908203
2013-10-23,23.108827590942383
2013-10-24,23.108827590942383
2013-10-25,23.29636573791504
2013-10-28,23.095420837402344
2013-10-29,22.452396392822266
2013-10-30,22.325130462646484
2013-10-31,22.439001083374023
2013-11-01,22.104082107543945
2013-11-04,21.775880813598633
2013-11-05,21.300302505493164
2013-11-06,21.233322143554688
2013-11-07,21.13284683227539
2013-11-08,20.429540634155273
2013-11-11,20.02764320373535
2013-11-12,19.893680572509766
2013-11-13,21.065868377685547
2013-11-14,21.039072036743164
2013-11-18,20.590288162231445
2013-11-19,20.128116607666016
2013-11-21,20.02764320373535
2013-11-22,19.86018943786621
2013-11-25,19.759719848632812
2013-11-26,19.5319766998291
2013-11-27,19.33772850036621
2013-11-28,19.6860408782959
2013-11-29,19.424806594848633
2013-12-02,19.63914680480957
2013-12-03,19.35782241821289
2013-12-04,19.826692581176758
2013-12-05,20.09462547302246
2013-12-06,20.44963264465332
2013-12-09,20.32906723022461
2013-12-10,20.6304874420166
2013-12-11,20.255382537841797
2013-12-12,20.19509506225586
2013-12-13,19.525279998779297
2013-12-16,20.128116607666016
2013-12-17,20.429540634155273
2013-12-18,19.706130981445312
2013-12-19,19.939237594604492
2013-12-20,19.711360931396484
2013-12-23,19.912429809570312
2013-12-26,19.952646255493164
2013-12-27,19.805194854736328
2013-12-30,20.00694465637207
2014-01-02,20.51132583618164
2014-01-03,21.1165714263916
2014-01-06,20.800495147705078
2014-01-07,19.95314598083496
2014-01-08,19.36134147644043
2014-01-09,18.42656707763672
2014-01-10,18.359312057495117
2014-01-13,19.435319900512695
2014-01-14,19.105792999267578
2014-01-15,18.830066680908203
2014-01-16,18.3929386138916
2014-01-17,18.258438110351562
2014-01-20,18.5408878326416
2014-01-21,18.285335540771484
2014-01-22,18.399662017822266
2014-01-23,18.318960189819336
2014-01-24,17.754060745239258
2014-01-27,17.821311950683594
2014-01-28,17.115184783935547
2014-01-29,16.476308822631836
2014-01-30,17.552316665649414
2014-01-31,17.485055923461914
2014-02-03,17.485055923461914
2014-02-04,17.485055923461914
2014-02-05,17.014314651489258
2014-02-06,16.947057723999023
2014-02-07,17.316936492919922
2014-02-10,17.47833824157715
2014-02-11,17.552316665649414
2014-02-12,17.316936492919922
2014-02-13,18.049962997436523
2014-02-14,17.821311950683594
2014-02-17,17.787687301635742
2014-02-18,17.485055923461914
2014-02-19,18.123937606811523
2014-02-20,18.150842666625977
2014-02-21,18.58796501159668
2014-02-24,18.42656707763672
2014-02-25,17.821311950683594
2014-02-26,17.236234664916992
2014-02-27,17.88856315612793
2014-02-28,18.594688415527344
2014-03-05,17.9558162689209
2014-03-06,18.41983985900879
2014-03-07,17.49178695678711
2014-03-10,17.35055923461914
2014-03-11,17.316936492919922
2014-03-12,17.485055923461914
2014-03-13,17.424537658691406
2014-03-14,17.303485870361328
2014-03-17,17.182432174682617
2014-03-18,17.148805618286133
2014-03-19,17.148805618286133
2014-03-20,16.947057723999023
2014-03-21,16.577178955078125
2014-03-24,16.745309829711914
2014-03-25,16.53011131286621
2014-03-26,16.476308822631836
2014-03-27,17.209335327148438
2014-03-28,17.47833824157715
2014-03-31,18.493816375732422
2014-04-01,18.493816375732422
2014-04-02,18.594688415527344
2014-04-03,18.42656707763672
2014-04-04,18.460187911987305
2014-04-07,18.466917037963867
2014-04-08,18.42656707763672
2014-04-09,18.15755844116211
2014-04-10,18.507265090942383
2014-04-11,17.989439010620117
2014-04-14,17.96253776550293
2014-04-15,17.754060745239258
2014-04-16,17.485055923461914
2014-04-17,17.12190818786621
2014-04-22,16.476308822631836
2014-04-23,16.10643196105957
2014-04-24,16.2611083984375
2014-04-25,16.126602172851562
2014-04-28,16.972675323486328
2014-04-29,16.979469299316406
2014-04-30,16.945514678955078
2014-05-02,17.522811889648438
2014-05-05,17.733360290527344
2014-05-06,17.65865135192871
2014-05-07,18.038990020751953
2014-05-08,18.541582107543945
2014-05-09,18.79287338256836
2014-05-12,19.940692901611328
2014-05-13,19.940692901611328
2014-05-14,19.79805564880371
2014-05-15,19.621479034423828
2014-05-16,19.037382125854492
2014-05-19,18.439708709716797
2014-05-20,18.6094970703125
2014-05-21,18.786087036132812
2014-05-22,18.684207916259766
2014-05-23,18.854005813598633
2014-05-26,18.867591857910156
2014-05-27,18.860797882080078
2014-05-28,18.915128707885742
2014-05-29,19.69618797302246
2014-05-30,19.356599807739258
2014-06-02,18.854005813598633
2014-06-03,19.017009735107422
2014-06-04,18.93550682067871
2014-06-05,18.684207916259766
2014-06-06,19.017009735107422
2014-06-09,19.295473098754883
2014-06-10,19.492435455322266
2014-06-11,19.628273010253906
2014-06-13,19.22076416015625
2014-06-16,19.38376235961914
2014-06-17,19.254714965820312
2014-06-18,19.3430118560791
2014-06-20,19.152847290039062
2014-06-23,19.315311431884766
2014-06-24,20.47559356689453
2014-06-25,20.407339096069336
2014-06-26,20.23670768737793
2014-06-27,20.53019142150879
2014-06-30,21.54031753540039
2014-07-01,21.233192443847656
2014-07-02,20.11385154724121
2014-07-03,19.929580688476562
2014-07-04,19.929580688476562
2014-07-07,19.96370506286621
2014-07-08,19.38355827331543
2014-07-10,19.752119064331055
2014-07-11,20.195758819580078
2014-07-14,20.789554595947266
2014-07-15,19.861324310302734
2014-07-16,20.202585220336914
2014-07-17,20.031953811645508
2014-07-18,20.066083908081055
2014-07-21,20.47559356689453
2014-07-22,20.81685447692871
2014-07-23,21.13763427734375
2014-07-24,21.567628860473633
2014-07-25,21.335569381713867
2014-07-28,21.58127212524414
2014-07-29,20.097625732421875
2014-07-30,20.556724548339844
2014-07-31,19.61111831665039
2014-08-01,19.912616729736328
2014-08-04,20.262081146240234
2014-08-05,20.00169563293457
2014-08-06,19.802980422973633
2014-08-07,19.494625091552734
2014-08-08,19.96058464050293
2014-08-11,19.549449920654297
2014-08-12,19.515180587768555
2014-08-13,20.07706642150879
2014-08-14,20.358013153076172
2014-08-15,20.46079444885254
2014-08-18,20.28264045715332
2014-08-19,20.95415687561035
2014-08-20,21.317325592041016
2014-08-21,21.070646286010742
2014-08-22,21.454370498657227
2014-08-25,21.228246688842773
2014-08-26,21.413253784179688
2014-08-27,21.584562301635742
2014-08-28,22.029956817626953
2014-08-29,22.016250610351562
2014-09-01,21.75586700439453
2014-09-02,21.454370498657227
2014-09-03,21.31047248840332
2014-09-04,21.269359588623047
2014-09-05,21.83124351501465
2014-09-08,21.653087615966797
2014-09-09,21.241954803466797
2014-09-10,20.741735458374023
2014-09-11,21.193988800048828
2014-09-12,21.235095977783203
2014-09-15,21.118610382080078
2014-09-16,21.070646286010742
2014-09-17,21.927169799804688
2014-09-18,20.536169052124023
2014-09-19,20.090774536132812
2014-09-22,19.48092269897461
2014-09-23,19.357585906982422
2014-09-24,20.344303131103516
2014-09-25,19.508337020874023
2014-09-26,20.310047149658203
2014-09-29,19.87150764465332
2014-09-30,20.008541107177734
2014-10-01,19.556299209594727
2014-10-02,19.083494186401367
2014-10-03,19.734455108642578
2014-10-06,20.38542366027832
2014-10-07,20.556724548339844
2014-10-08,19.755016326904297
2014-10-09,19.768714904785156
2014-10-10,19.61796760559082
2014-10-13,19.049232482910156
2014-10-14,18.946447372436523
2014-10-15,18.603832244873047
2014-10-16,17.713043212890625
2014-10-17,18.15843963623047
2014-10-20,18.459936141967773
2014-10-21,17.952871322631836
2014-10-22,17.3361759185791
2014-10-23,16.479639053344727
2014-10-24,17.8021183013916
2014-10-27,17.301910400390625
2014-10-28,18.644956588745117
2014-10-29,18.638092041015625
2014-10-30,19.563152313232422
2014-10-31,19.66593360900879
2014-11-03,19.45351219177246
2014-11-04,19.049232482910156
2014-11-05,19.323326110839844
2014-11-06,18.79570198059082
2014-11-07,18.89848518371582
2014-11-10,18.84366226196289
2014-11-11,18.8779239654541
2014-11-12,18.864225387573242
2014-11-13,18.226964950561523
2014-11-14,18.501054763793945
2014-11-17,18.17214584350586
2014-11-18,18.226964950561523
2014-11-19,18.124176025390625
2014-11-21,18.19270133972168
2014-11-24,18.268075942993164
2014-11-25,17.987133026123047
2014-11-26,18.788846969604492
2014-11-27,18.967004776000977
2014-11-28,19.727603912353516
2014-12-01,18.432531356811523
2014-12-02,18.473642349243164
2014-12-03,18.29549217224121
2014-12-04,18.19270133972168
2014-12-05,17.7473087310791
2014-12-08,18.15159034729004
2014-12-09,17.473220825195312
2014-12-10,17.130605697631836
2014-12-11,17.322471618652344
2014-12-12,17.199129104614258
2014-12-15,16.863367080688477
2014-12-16,16.54816436767578
2014-12-17,17.00244140625
2014-12-18,17.415462493896484
2014-12-19,17.381040573120117
2014-12-22,17.862890243530273
2014-12-23,18.207069396972656
2014-12-26,17.9730224609375
2014-12-29,18.317201614379883
2014-12-30,18.558122634887695
2015-01-02,17.794052124023438
2015-01-05,17.236480712890625
2015-01-06,16.899188995361328
2015-01-07,17.07128143310547
2015-01-08,16.988670349121094
2015-01-09,16.802818298339844
2015-01-12,16.623842239379883
2015-01-13,16.747753143310547
2015-01-14,16.761518478393555
2015-01-15,16.589426040649414
2015-01-16,16.933609008789062
2015-01-19,16.885417938232422
2015-01-20,17.208953857421875
2015-01-21,17.208953857421875
2015-01-22,18.103811264038086
2015-01-23,18.792171478271484
2015-01-26,17.725215911865234
2015-01-27,17.553129196166992
2015-01-28,17.140117645263672
2015-01-29,17.16765022277832
2015-01-30,16.135112762451172
2015-02-02,16.65825843811035
2015-02-03,17.243371963500977
2015-02-04,17.415462493896484
2015-02-05,18.01432991027832
2015-02-06,17.28466796875
2015-02-09,17.621967315673828
2015-02-10,17.442991256713867
2015-02-11,17.277788162231445
2015-02-12,17.291553497314453
2015-02-13,18.234603881835938
2015-02-18,17.621967315673828
2015-02-19,17.573780059814453
2015-02-20,17.484289169311523
2015-02-23,18.11069679260254
2015-02-24,17.897308349609375
2015-02-25,17.484289169311523
2015-02-26,17.649499893188477
2015-02-27,17.484289169311523
2015-03-02,17.904193878173828
2015-03-03,18.447996139526367
2015-03-04,17.82158660888672
2015-03-05,18.03497886657715
2015-03-06,18.241487503051758
2015-03-09,18.447996139526367
2015-03-10,17.904193878173828
2015-03-11,18.03497886657715
2015-03-12,17.745866775512695
2015-03-13,16.82346534729004
2015-03-16,16.837236404418945
2015-03-17,17.08504867553711
2015-03-18,17.415462493896484
2015-03-19,17.264022827148438
2015-03-20,17.47052574157715
2015-03-23,17.208953857421875
2015-03-24,17.036861419677734
2015-03-25,16.933609008789062
2015-03-26,17.08504867553711
2015-03-27,16.520591735839844
2015-03-30,17.195180892944336
2015-03-31,16.899188995361328
2015-04-01,17.07128143310547
2015-04-02,17.408571243286133
2015-04-06,17.725215911865234
2015-04-07,17.897308349609375
2015-04-08,17.828474044799805
2015-04-09,17.553129196166992
2015-04-10,17.917959213256836
2015-04-13,17.890424728393555
2015-04-14,18.447996139526367
2015-04-15,17.862890243530273
2015-04-16,17.415462493896484
2015-04-17,17.00244140625
2015-04-20,16.844118118286133
2015-04-22,16.589426040649414
2015-04-23,16.685794830322266
2015-04-24,16.727094650268555
2015-04-27,17.125015258789062
2015-04-28,16.93606185913086
2015-04-29,16.866079330444336
2015-04-30,17.195005416870117
2015-05-04,17.530925750732422
2015-05-05,17.845855712890625
2015-05-06,17.600906372070312
2015-05-07,17.817855834960938
2015-05-08,17.72688102722168
2015-05-11,16.90807342529297
2015-05-12,17.041040420532227
2015-05-13,17.14601707458496
2015-05-14,17.13201332092285
2015-05-15,17.181007385253906
2015-05-18,17.055034637451172
2015-05-19,16.83808708190918
2015-05-20,16.922067642211914
2015-05-21,16.831087112426758
2015-05-22,16.901065826416016
2015-05-25,16.79609489440918
2015-05-26,16.831087112426758
2015-05-27,17.42595100402832
2015-05-28,17.215999603271484
2015-05-29,17.160009384155273
2015-06-01,17.14601707458496
2015-06-02,17.684892654418945
2015-06-03,17.495935440063477
2015-06-05,17.285978317260742
2015-06-08,17.09002685546875
2015-06-09,17.07603645324707
2015-06-10,17.257986068725586
2015-06-11,17.055034637451172
2015-06-12,16.8030948638916
2015-06-15,16.79609489440918
2015-06-16,16.726110458374023
2015-06-17,16.8030948638916
2015-06-18,16.84922218322754
2015-06-19,16.6729736328125
2015-06-22,16.567228317260742
2015-06-23,16.919719696044922
2015-06-24,16.884471893310547
2015-06-25,16.623626708984375
2015-06-26,16.567228317260742
2015-06-29,16.426227569580078
2015-06-30,16.926767349243164
2015-07-01,16.933818817138672
2015-07-02,17.09596824645996
2015-07-03,16.99022102355957
2015-07-06,16.99022102355957
2015-07-07,16.940872192382812
2015-07-08,16.383930206298828
2015-07-10,16.40508270263672
2015-07-13,16.482629776000977
2015-07-14,16.34162712097168
2015-07-15,16.21473503112793
2015-07-16,16.21473503112793
2015-07-17,16.010284423828125
2015-07-20,15.897485733032227
2015-07-21,15.643692970275879
2015-07-22,15.43924617767334
2015-07-23,14.543910026550293
2015-07-24,14.66375732421875
2015-07-27,14.804758071899414
2015-07-28,14.529813766479492
2015-07-29,14.804758071899414
2015-07-30,14.917553901672363
2015-07-31,15.100852012634277
2015-08-03,14.452264785766602
2015-08-04,14.400516510009766
2015-08-05,14.563517570495605
2015-08-06,14.421781539916992
2015-08-07,14.301305770874023
2015-08-10,14.173734664916992
2015-08-11,14.159564971923828
2015-08-12,14.173734664916992
2015-08-13,14.067435264587402
2015-08-14,14.357999801635742
2015-08-17,14.705255508422852
2015-08-18,14.981642723083496
2015-08-19,14.882426261901855
2015-08-20,14.882426261901855
2015-08-21,14.896599769592285
2015-08-24,15.038335800170898
2015-08-25,15.095035552978516
2015-08-26,15.42811393737793
2015-08-27,15.910022735595703
2015-08-28,15.378506660461426
2015-08-31,15.50606918334961
2015-09-01,15.201338768005371
2015-09-02,14.939115524291992
2015-09-03,15.65489387512207
2015-09-04,15.555680274963379
2015-09-08,15.697417259216309
2015-09-09,15.803716659545898
2015-09-10,15.520245552062988
2015-09-11,15.555680274963379
2015-09-14,15.413939476013184
2015-09-15,14.953293800354004
2015-09-16,15.633633613586426
2015-09-17,15.130468368530273
2015-09-18,14.315476417541504
2015-09-21,14.357999801635742
2015-09-22,14.641468048095703
2015-09-23,14.499734878540039
2015-09-24,14.336734771728516
2015-09-25,14.74068546295166
2015-09-28,14.173734664916992
2015-09-29,14.173734664916992
2015-09-30,14.102871894836426
2015-10-01,13.925699234008789
2015-10-02,14.712345123291016
2015-10-05,14.421781539916992
2015-10-06,14.846988677978516
2015-10-07,14.882426261901855
2015-10-08,15.392675399780273
2015-10-09,16.654146194458008
2015-10-13,16.228933334350586
2015-10-14,15.718677520751953
2015-10-15,15.555680274963379
2015-10-16,15.229680061340332
2015-10-19,14.974552154541016
2015-10-20,15.265118598937988
2015-10-21,14.68399715423584
2015-10-22,14.882426261901855
2015-10-23,14.960383415222168
2015-10-26,14.61312484741211
2015-10-27,14.528082847595215
2015-10-28,15.059597969055176
2015-10-29,14.244607925415039
2015-10-30,14.882426261901855
2015-11-03,15.413939476013184
2015-11-04,15.236770629882812
2015-11-05,15.236770629882812
2015-11-06,14.818643569946289
2015-11-09,14.69816780090332
2015-11-10,15.236770629882812
2015-11-11,15.591111183166504
2015-11-12,15.945456504821777
2015-11-13,15.151725769042969
2015-11-16,15.180075645446777
2015-11-17,15.449376106262207
2015-11-18,15.591111183166504
2015-11-19,15.598199844360352
2015-11-23,15.754115104675293
2015-11-24,16.328147888183594
2015-11-25,16.19350242614746
2015-11-26,16.370664596557617
2015-11-27,16.122631072998047
2015-11-30,15.591111183166504
2015-12-01,15.803716659545898
2015-12-02,16.498233795166016
2015-12-03,16.654146194458008
2015-12-04,16.51240348815918
2015-12-07,16.965965270996094
2015-12-08,16.647056579589844
2015-12-09,16.583271026611328
2015-12-10,16.93761444091797
2015-12-11,16.654146194458008
2015-12-14,16.31397247314453
2015-12-15,16.370664596557617
2015-12-16,16.229379653930664
2015-12-17,16.72985076904297
2015-12-18,15.228453636169434
2015-12-21,14.8709716796875
2015-12-22,15.492980003356934
2015-12-23,15.207002639770508
2015-12-28,15.013964653015137
2015-12-29,15.013964653015137
2015-12-30,15.013964653015137
2016-01-04,14.120277404785156
2016-01-05,14.220372200012207
2016-01-06,14.013036727905273
2016-01-07,14.4491548538208
2016-01-08,14.64933967590332
2016-01-11,13.798545837402344
2016-01-12,14.048781394958496
2016-01-13,14.156023979187012
2016-01-14,14.120277404785156
2016-01-15,13.94153881072998
2016-01-18,13.891493797302246
2016-01-19,13.44107437133789
2016-01-20,13.512565612792969
2016-01-21,13.426776885986328
2016-01-22,13.648407936096191
2016-01-26,13.262333869934082
2016-01-27,13.36958122253418
2016-01-28,13.283784866333008
2016-01-29,13.584061622619629
2016-02-01,14.492056846618652
2016-02-02,14.291865348815918
2016-02-03,13.698455810546875
2016-02-04,13.94153881072998
2016-02-05,13.784250259399414
2016-02-10,13.333829879760742
2016-02-11,12.86911392211914
2016-02-12,12.819064140319824
2016-02-15,12.783317565917969
2016-02-16,13.105045318603516
2016-02-17,12.883415222167969
2016-02-18,12.99780559539795
2016-02-19,12.933459281921387
2016-02-22,13.162240982055664
2016-02-23,12.654629707336426
2016-02-24,12.440141677856445
2016-02-25,12.189908981323242
2016-02-26,12.340048789978027
2016-02-29,12.733269691467285
2016-03-01,13.155097007751465
2016-03-02,13.269484519958496
2016-03-03,14.413405418395996
2016-03-04,15.371440887451172
2016-03-07,16.33662223815918
2016-03-08,15.9076509475708
2016-03-09,15.442935943603516
2016-03-10,15.657417297363281
2016-03-11,15.578776359558105
2016-03-14,14.956764221191406
2016-03-15,15.228453636169434
2016-03-16,15.442935943603516
2016-03-17,16.30087661743164
2016-03-18,15.800411224365234
2016-03-21,15.85760498046875
2016-03-22,16.28658103942871
2016-03-23,15.728913307189941
2016-03-24,15.728913307189941
2016-03-28,16.30087661743164
2016-03-29,16.40812110900879
2016-03-30,16.65834617614746
2016-03-31,16.694101333618164
2016-04-01,16.30087661743164
2016-04-04,15.943403244018555
2016-04-05,15.943403244018555
2016-04-06,15.664570808410645
2016-04-07,15.757512092590332
2016-04-08,16.52250862121582
2016-04-11,16.400970458984375
2016-04-12,16.636903762817383
2016-04-13,17.058725357055664
2016-04-14,17.373302459716797
2016-04-15,17.594940185546875
2016-04-18,18.166898727416992
2016-04-19,18.674510955810547
2016-04-20,18.052507400512695
2016-04-22,17.330406188964844
2016-04-25,17.230314254760742
2016-04-26,17.394752502441406
2016-04-27,18.374235153198242
2016-04-28,17.716480255126953
2016-04-29,17.33755111694336
2016-05-02,17.504011154174805
2016-05-03,17.67710304260254
2016-05-04,17.597766876220703
2016-05-05,17.42466926574707
2016-05-06,17.504011154174805
2016-05-09,18.42717170715332
2016-05-10,19.29263687133789
2016-05-11,19.069059371948242
2016-05-12,19.573904037475586
2016-05-13,19.530635833740234
2016-05-16,19.43687629699707
2016-05-17,19.256572723388672
2016-05-18,19.11954116821289
2016-05-19,18.823837280273438
2016-05-20,19.40081787109375
2016-05-23,18.859901428222656
2016-05-24,18.75172233581543
2016-05-25,18.607473373413086
2016-05-27,18.369470596313477
2016-05-30,18.463232040405273
2016-05-31,17.792491912841797
2016-06-01,17.8718318939209
2016-06-02,17.89345932006836
2016-06-03,17.886255264282227
2016-06-06,18.030498504638672
2016-06-07,18.333412170410156
2016-06-08,18.42717170715332
2016-06-09,18.326194763183594
2016-06-10,18.030498504638672
2016-06-13,17.980009078979492
2016-06-14,17.90789031982422
2016-06-15,17.958375930786133
2016-06-16,17.814130783081055
2016-06-17,17.74201011657715
2016-06-20,18.708450317382812
2016-06-21,18.79499053955078
2016-06-22,18.96087074279785
2016-06-23,18.75172233581543
2016-06-24,19.29263687133789
2016-06-27,18.649578094482422
2016-06-28,18.926191329956055
2016-06-29,19.18096923828125
2016-06-30,19.493980407714844
2016-07-01,19.428464889526367
2016-07-04,19.625003814697266
2016-07-05,19.362947463989258
2016-07-06,19.03537940979004
2016-07-07,18.998985290527344
2016-07-08,19.02082061767578
2016-07-11,20.127273559570312
2016-07-12,20.571317672729492
2016-07-13,19.79970932006836
2016-07-14,19.981689453125
2016-07-15,19.908899307250977
2016-07-18,20.05448341369629
2016-07-19,19.981689453125
2016-07-20,20.163673400878906
2016-07-21,20.294696807861328
2016-07-22,20.38205337524414
2016-07-25,20.418447494506836
2016-07-26,20.38205337524414
2016-07-27,20.578590393066406
2016-07-28,20.301982879638672
2016-07-29,20.38205337524414
2016-08-01,20.17823028564453
2016-08-02,20.31654167175293
2016-08-03,20.21462631225586
2016-08-04,19.908899307250977
2016-08-05,19.413902282714844
2016-08-08,19.159128189086914
2016-08-09,19.30471420288086
2016-08-10,19.617727279663086
2016-08-11,19.435745239257812
2016-08-12,19.253761291503906
2016-08-15,18.926191329956055
2016-08-16,18.998985290527344
2016-08-17,19.40662956237793
2016-08-18,19.217363357543945
2016-08-19,19.246482849121094
2016-08-22,18.926191329956055
2016-08-23,19.07177734375
2016-08-24,19.144573211669922
2016-08-25,18.78788185119629
2016-08-26,18.88979721069336
2016-08-29,18.9116268157959
2016-08-30,18.926191329956055
2016-08-31,18.926191329956055
2016-09-01,18.926191329956055
2016-09-02,19.16640853881836
2016-09-05,19.093610763549805
2016-09-06,19.603166580200195
2016-09-08,19.22464370727539
2016-09-09,18.948030471801758
2016-09-12,19.65411949157715
2016-09-13,20.010807037353516
2016-09-14,19.246482849121094
2016-09-15,19.34111213684082
2016-09-16,19.981689453125
2016-09-19,19.45030403137207
2016-09-20,20.083599090576172
2016-09-21,20.025371551513672
2016-09-22,19.93801498413086
2016-09-23,19.632280349731445
2016-09-26,19.30471420288086
2016-09-27,19.29743766784668
2016-09-28,19.82882308959961
2016-09-29,19.428464889526367
2016-09-30,19.14812469482422
2016-10-03,19.821014404296875
2016-10-04,20.40613555908203
2016-10-05,20.662132263183594
2016-10-06,19.85758399963379
2016-10-07,19.64548110961914
2016-10-10,19.39680290222168
2016-10-11,19.959985733032227
2016-10-13,19.74056625366211
2016-10-14,19.96729278564453
2016-10-17,20.508533477783203
2016-10-18,20.954694747924805
2016-10-19,22.278533935546875
2016-10-20,23.2220401763916
2016-10-21,22.527204513549805
2016-10-24,22.783203125
2016-10-25,22.680803298950195
2016-10-26,22.658855438232422
2016-10-27,22.819774627685547
2016-10-28,22.110307693481445
2016-10-31,21.62758445739746
2016-11-01,21.137542724609375
2016-11-03,21.773862838745117
2016-11-04,21.642208099365234
2016-11-07,21.583696365356445
2016-11-08,21.437416076660156
2016-11-09,21.466670989990234
2016-11-10,20.991262435913086
2016-11-11,20.881549835205078
2016-11-14,20.420764923095703
2016-11-16,20.530475616455078
2016-11-17,20.82303810119629
2016-11-18,20.698701858520508
2016-11-21,20.63287353515625
2016-11-22,20.142833709716797
2016-11-23,20.398826599121094
2016-11-24,20.515850067138672
2016-11-25,20.033123016357422
2016-11-28,20.33299446105957
2016-11-29,19.938039779663086
2016-11-30,20.11357307434082
2016-12-01,19.162755966186523
2016-12-02,18.687339782714844
2016-12-05,17.714574813842773
2016-12-06,18.32895278930664
2016-12-07,18.058334350585938
2016-12-08,17.963253021240234
2016-12-09,18.17535972595215
2016-12-12,17.714574813842773
2016-12-13,18.2265567779541
2016-12-14,17.97787857055664
2016-12-15,17.707263946533203
2016-12-16,17.626293182373047
2016-12-19,17.153303146362305
2016-12-20,17.360239028930664
2016-12-21,17.59673309326172
2016-12-22,17.958871841430664
2016-12-23,17.99582290649414
2016-12-26,17.737150192260742
2016-12-27,17.729761123657227
2016-12-28,18.394908905029297
2016-12-29,18.52054214477539
2017-01-02,18.513151168823242
2017-01-03,19.148733139038086
2017-01-04,19.695632934570312
2017-01-05,19.806486129760742
2017-01-06,19.769540786743164
2017-01-09,19.86560821533203
2017-01-10,19.710411071777344
2017-01-11,19.88039779663086
2017-01-12,20.53814697265625
2017-01-13,20.449460983276367
2017-01-16,20.249919891357422
2017-01-17,19.95429801940918
2017-01-18,20.552927017211914
2017-01-19,20.47163200378418
2017-01-20,20.53814697265625
2017-01-23,20.279478073120117
2017-01-24,20.929841995239258
2017-01-26,21.321537017822266
2017-01-27,21.432390213012695
2017-01-30,21.32892608642578
2017-01-31,21.506296157836914
2017-02-01,22.171443939208984
2017-02-02,22.393156051635742
2017-02-03,22.762683868408203
2017-02-06,21.97190284729004
2017-02-07,22.045806884765625
2017-02-08,21.99407196044922
2017-02-09,21.816699981689453
2017-02-10,22.031021118164062
2017-02-13,21.861042022705078
2017-02-14,21.838871002197266
2017-02-15,22.060583114624023
2017-02-16,22.045806884765625
2017-02-17,22.090147018432617
2017-02-20,22.319252014160156
2017-02-21,22.755290985107422
2017-02-22,23.08786392211914
2017-02-23,23.169160842895508
2017-02-24,23.272621154785156
2017-03-01,22.910491943359375
2017-03-02,22.334030151367188
2017-03-03,22.614866256713867
2017-03-06,22.6961612701416
2017-03-07,23.00657081604004
2017-03-08,22.984390258789062
2017-03-09,22.3562068939209
2017-03-10,23.04351806640625
2017-03-13,23.07308006286621
2017-03-14,23.1174259185791
2017-03-15,23.501728057861328
2017-03-16,23.501728057861328
2017-03-17,23.420440673828125
2017-03-20,23.161767959594727
2017-03-21,22.784849166870117
2017-03-22,22.977001190185547
2017-03-23,23.021345138549805
2017-03-24,22.984390258789062
2017-03-27,22.688779830932617
2017-03-28,23.280014038085938
2017-03-29,23.169160842895508
2017-03-30,23.1322021484375
2017-03-31,23.191329956054688
2017-04-03,23.021345138549805
2017-04-04,22.895713806152344
2017-04-05,23.206111907958984
2017-04-06,22.422718048095703
2017-04-07,23.36870002746582
2017-04-10,24.388591766357422
2017-04-11,23.538681030273438
2017-04-12,23.47956085205078
2017-04-13,23.723440170288086
2017-04-17,23.61258888244629
2017-04-18,23.280014038085938
2017-04-19,23.723440170288086
2017-04-20,23.649534225463867
2017-04-24,23.568241119384766
2017-04-25,23.797353744506836
2017-04-26,23.945159912109375
2017-04-27,23.76039695739746
2017-04-28,24.90592384338379
2017-05-02,25.467430114746094
2017-05-03,25.61037826538086
2017-05-04,25.204099655151367
2017-05-05,25.61037826538086
2017-05-08,25.489999771118164
2017-05-09,25.58028221130371
2017-05-10,25.956466674804688
2017-05-11,26.70882797241211
2017-05-12,26.48311996459961
2017-05-15,26.7840633392334
2017-05-16,27.160242080688477
2017-05-17,27.08500099182129
2017-05-18,24.075557708740234
2017-05-19,25.151439666748047
2017-05-22,24.000322341918945
2017-05-23,24.827919006347656
2017-05-24,25.05362892150879
2017-05-25,24.827919006347656
2017-05-26,25.204099655151367
2017-05-29,25.204099655151367
2017-05-30,24.429168701171875
2017-05-31,24.143274307250977
2017-06-01,23.736997604370117
2017-06-02,24.143274307250977
2017-06-05,24.15079689025879
2017-06-06,24.692495346069336
2017-06-07,25.128870010375977
2017-06-08,25.354568481445312
2017-06-09,24.376506805419922
2017-06-12,24.248598098754883
2017-06-13,24.4667911529541
2017-06-14,24.827919006347656
2017-06-15,24.827919006347656
2017-06-16,24.827919006347656
2017-06-19,24.752689361572266
2017-06-20,24.632305145263672
2017-06-21,23.864904403686523
2017-06-22,24.075557708740234
2017-06-23,24.218507766723633
2017-06-26,24.376506805419922
2017-06-27,24.376506805419922
2017-06-28,23.96269989013672
2017-06-29,24.11318016052246
2017-06-30,24.609739303588867
2017-07-03,24.2080020904541
2017-07-04,24.253475189208984
2017-07-05,24.48085594177246
2017-07-06,25.10993194580078
2017-07-07,26.50450897216797
2017-07-10,26.216506958007812
2017-07-11,26.5120849609375
2017-07-12,26.701566696166992
2017-07-13,26.981998443603516
2017-07-14,27.398860931396484
2017-07-17,27.558021545410156
2017-07-18,27.81571388244629
2017-07-19,27.444326400756836
2017-07-20,27.38370132446289
2017-07-21,27.724763870239258
2017-07-24,27.83087158203125
2017-07-25,27.58833122253418
2017-07-26,27.338220596313477
2017-07-27,27.81571388244629
2017-07-28,27.81571388244629
2017-07-31,28.0430850982666
2017-08-01,27.702022552490234
2017-08-02,26.68641471862793
2017-08-03,26.90620994567871
2017-08-04,26.90620994567871
2017-08-07,26.830411911010742
2017-08-08,28.0430850982666
2017-08-09,27.929397583007812
2017-08-10,28.156774520874023
2017-08-11,29.558931350708008
2017-08-14,31.196035385131836
2017-08-15,31.787212371826172
2017-08-16,31.832700729370117
2017-08-17,31.36278533935547
2017-08-18,32.58304214477539
2017-08-21,31.726585388183594
2017-08-22,33.348541259765625
2017-08-23,34.561214447021484
2017-08-24,34.1064567565918
2017-08-25,33.61381149291992
2017-08-28,35.84967041015625
2017-08-29,34.11404800415039
2017-08-30,34.02309036254883
2017-08-31,34.6976432800293
2017-09-01,35.62229919433594
2017-09-04,35.015968322753906
2017-09-05,35.64301300048828
2017-09-06,38.72556686401367
2017-09-07,38.72556686401367
2017-09-08,40.27458953857422
2017-09-11,41.5138053894043
2017-09-12,41.637733459472656
2017-09-13,41.59126663208008
2017-09-14,40.80125427246094
2017-09-15,40.305572509765625
2017-09-18,41.80812072753906
2017-09-19,41.04910659790039
2017-09-20,39.80988693237305
2017-09-21,39.77116012573242
2017-09-22,39.54656219482422
2017-09-25,38.31507110595703
2017-09-26,37.95105743408203
2017-09-27,36.920955657958984
2017-09-28,36.4794921875
2017-09-29,38.72556686401367
2017-10-02,38.50870895385742
2017-10-03,39.244483947753906
2017-10-04,40.54566955566406
2017-10-05,39.1593017578125
2017-10-06,39.112823486328125
2017-10-09,39.345176696777344
2017-10-10,40.452735900878906
2017-10-11,40.22812271118164
2017-10-12,40.22812271118164
2017-10-13,41.02587127685547
2017-10-16,41.39763259887695
2017-10-17,40.080955505371094
2017-10-18,40.91743469238281
2017-10-19,41.20400619506836
2017-10-20,41.39763259887695
2017-10-23,41.281455993652344
2017-10-24,41.436363220214844
2017-10-25,42.13341522216797
2017-10-26,42.094688415527344
2017-10-27,42.59811782836914
2017-10-30,41.281455993652344
2017-10-31,39.15155792236328
2017-11-01,38.95792007446289
2017-11-02,38.95792007446289
2017-11-03,37.563804626464844
2017-11-06,39.50008773803711
2017-11-07,35.29447937011719
2017-11-08,37.43987274169922
2017-11-09,34.81428909301758
2017-11-10,34.341835021972656
2017-11-13,35.99155044555664
2017-11-14,36.4794921875
2017-11-15,36.4794921875
2017-11-16,37.563804626464844
2017-11-17,38.330570220947266
2017-11-20,38.330570220947266
2017-11-21,38.43125534057617
2017-11-22,37.989784240722656
2017-11-23,37.87361145019531
2017-11-24,37.176536560058594
2017-11-27,37.548309326171875
2017-11-28,38.253116607666016
2017-11-29,37.52507019042969
2017-11-30,35.7901611328125
2017-12-01,36.78928756713867
2017-12-04,37.478607177734375
2017-12-05,37.95105743408203
2017-12-06,39.5078239440918
2017-12-07,38.338314056396484
2017-12-08,38.72556686401367
2017-12-11,37.83488082885742
2017-12-12,37.695465087890625
2017-12-13,38.338314056396484
2017-12-14,37.176536560058594
2017-12-15,38.83399963378906
2017-12-18,39.7324333190918
2017-12-19,40.00352096557617
2017-12-20,39.61626434326172
2017-12-21,40.042240142822266
2017-12-22,40.0680046081543
2017-12-25,40.0680046081543
2017-12-26,40.29363250732422
2017-12-27,40.503692626953125
2017-12-28,42.55766677856445
2017-12-29,42.55766677856445
2018-01-02,43.80250549316406
2018-01-03,45.125125885009766
2018-01-04,46.54890823364258
2018-01-05,44.985084533691406
2018-01-08,44.43269348144531
2018-01-09,44.15260314941406
2018-01-10,44.191505432128906
2018-01-11,44.736122131347656
2018-01-12,44.03590774536133
2018-01-15,45.545265197753906
2018-01-16,46.05875778198242
2018-01-17,47.47475051879883
2018-01-18,47.61479949951172
2018-01-19,47.303585052490234
2018-01-22,47.92601013183594
2018-01-23,45.872032165527344
2018-01-24,45.80200958251953
2018-01-25,45.80200958251953
2018-01-26,45.794227600097656
2018-01-29,45.125125885009766
2018-01-30,45.125125885009766
2018-01-31,46.50223159790039
2018-02-01,46.00429153442383
2018-02-02,44.00477981567383
2018-02-05,43.421268463134766
2018-02-06,42.65103530883789
2018-02-07,41.59292221069336
2018-02-08,40.6904296875
2018-02-09,41.39064025878906
2018-02-14,42.31647872924805
2018-02-15,42.28535842895508
2018-02-16,42.0130615234375
2018-02-19,43.25010681152344
2018-02-20,43.07115936279297
2018-02-21,42.20755386352539
2018-02-22,44.00477981567383
2018-02-23,43.95810317993164
2018-02-26,44.113704681396484
2018-02-27,44.48715591430664
2018-02-28,43.64690017700195
2018-03-01,43.60799789428711
2018-03-02,43.51462936401367
2018-03-05,42.94667434692383
2018-03-06,42.791080474853516
2018-03-07,41.39064025878906
2018-03-08,40.45701217651367
2018-03-09,41.507347106933594
2018-03-12,41.07943344116211
2018-03-13,40.760440826416016
2018-03-14,39.8346061706543
2018-03-15,40.45701217651367
2018-03-16,39.025455474853516
2018-03-19,38.97877883911133
2018-03-20,37.59390640258789
2018-03-21,37.03372573852539
2018-03-22,38.90097427368164
2018-03-23,38.75315475463867
2018-03-26,39.4844970703125
2018-03-27,38.45750427246094
2018-03-28,39.00211715698242
2018-03-29,39.328895568847656
2018-04-02,38.86984634399414
2018-04-03,39.25885772705078
2018-04-04,39.04880142211914
2018-04-05,40.37921142578125
2018-04-06,39.289974212646484
2018-04-09,38.14629364013672
2018-04-10,37.43052291870117
2018-04-11,37.93622970581055
2018-04-12,38.83095932006836
2018-04-13,40.41811752319336
2018-04-16,39.44559860229492
2018-04-17,40.59706115722656
2018-04-18,42.86887741088867
2018-04-19,42.29314041137695
2018-04-20,41.44509506225586
2018-04-23,41.25917053222656
2018-04-24,39.7956428527832
2018-04-25,40.67530822753906
2018-04-26,40.69866180419922
2018-04-27,41.02561950683594
2018-04-30,41.24361038208008
2018-05-02,39.72556686401367
2018-05-03,37.44464111328125
2018-05-04,36.58832550048828
2018-05-07,35.537376403808594
2018-05-08,34.649925231933594
2018-05-09,35.3739013671875
2018-05-10,36.49490737915039
2018-05-11,36.51826095581055
2018-05-14,33.80916976928711
2018-05-15,34.937957763671875
2018-05-16,35.809852600097656
2018-05-17,35.26491928100586
2018-05-18,33.78582000732422
2018-05-21,34.766693115234375
2018-05-22,36.09010314941406
2018-05-23,35.381690979003906
2018-05-24,36.05320358276367
2018-05-25,34.754058837890625
2018-05-28,32.04554748535156
2018-05-29,33.63601303100586
2018-05-30,33.65962600708008
2018-06-01,33.85646438598633
2018-06-04,35.07687759399414
2018-06-05,33.85646438598633
2018-06-06,33.60451126098633
2018-06-07,32.580955505371094
2018-06-08,33.19509506225586
2018-06-11,33.28956604003906
2018-06-12,33.65962600708008
2018-06-13,33.974571228027344
2018-06-14,32.51795196533203
2018-06-15,31.793590545654297
2018-06-18,31.100711822509766
2018-06-19,32.281742095947266
2018-06-20,33.368309020996094
2018-06-21,31.344797134399414
2018-06-22,31.74634552001953
2018-06-25,32.281742095947266
2018-06-26,33.31319046020508
2018-06-27,32.20302200317383
2018-06-28,33.265953063964844
2018-06-29,35.11624526977539
2018-07-02,33.638370513916016
2018-07-03,34.667293548583984
2018-07-04,35.1342887878418
2018-07-05,34.54065704345703
2018-07-06,35.32423782348633
2018-07-10,35.150108337402344
2018-07-11,34.263633728027344
2018-07-12,34.548580169677734
2018-07-13,35.023475646972656
2018-07-16,33.907470703125
2018-07-17,33.163475036621094
2018-07-18,34.065765380859375
2018-07-19,34.873085021972656
2018-07-20,35.83871078491211
2018-07-23,35.30049514770508
2018-07-24,34.691043853759766
2018-07-25,34.326961517333984
2018-07-26,33.638370513916016
2018-07-27,33.559207916259766
2018-07-30,32.641090393066406
2018-07-31,33.7570915222168
2018-08-01,33.400909423828125
2018-08-02,34.05785369873047
2018-08-03,34.350704193115234
2018-08-06,35.01555252075195
2018-08-07,34.334869384765625
2018-08-08,34.089508056640625
2018-08-09,33.559207916259766
2018-08-10,33.12388610839844
2018-08-13,32.51444625854492
2018-08-14,33.44049072265625
2018-08-15,32.775630950927734
2018-08-16,32.76771926879883
2018-08-17,32.60942077636719
2018-08-20,32.84687423706055
2018-08-21,32.094947814941406
2018-08-22,32.60150909423828
2018-08-23,32.45111846923828
2018-08-24,32.617332458496094
2018-08-27,32.5777702331543
2018-08-28,32.60942077636719
2018-08-29,32.015811920166016
2018-08-30,31.596311569213867
2018-08-31,31.319297790527344
2018-09-03,30.86814308166504
2018-09-04,30.472396850585938
2018-09-05,30.971038818359375
2018-09-06,31.50925636291504
2018-09-10,32.07912826538086
2018-09-11,30.6148738861084
2018-09-12,29.98166847229004
2018-09-13,29.483036041259766
2018-09-14,30.630691528320312
2018-09-17,30.86814308166504
2018-09-18,32.45111846923828
2018-09-19,32.76771926879883
2018-09-20,32.17410659790039
2018-09-21,33.242618560791016
2018-09-24,33.20303726196289
2018-09-25,33.242618560791016
2018-09-26,32.688568115234375
2018-09-27,34.03410339355469
2018-09-28,33.92329788208008
2018-10-01,33.242618560791016
2018-10-02,34.825599670410156
2018-10-03,34.80185317993164
2018-10-04,34.825599670410156
2018-10-05,34.07367706298828
2018-10-08,36.28193664550781
2018-10-09,36.01677703857422
2018-10-10,35.21250915527344
2018-10-11,34.782508850097656
2018-10-15,34.6391716003418
2018-10-16,35.753997802734375
2018-10-17,36.39103698730469
2018-10-18,36.09640884399414
2018-10-19,36.263633728027344
2018-10-22,37.40234375
2018-10-23,37.545677185058594
2018-10-24,37.10771179199219
2018-10-25,37.82438278198242
2018-10-26,37.41030502319336
2018-10-29,35.8336296081543
2018-10-30,37.42623519897461
2018-10-31,37.744754791259766
2018-11-01,38.5649528503418
2018-11-05,37.62530517578125
2018-11-06,37.42623519897461
2018-11-07,36.94049835205078
2018-11-08,35.8336296081543
2018-11-09,36.13622283935547
2018-11-12,35.769920349121094
2018-11-13,35.38770294189453
2018-11-14,35.8336296081543
2018-11-16,38.437538146972656
2018-11-19,37.94384002685547
2018-11-21,38.11105728149414
2018-11-22,39.488651275634766
2018-11-23,39.416988372802734
2018-11-26,39.6240348815918
2018-11-27,40.810516357421875
2018-11-28,41.00959396362305
2018-11-29,40.05404281616211
2018-11-30,39.76736068725586
2018-12-03,39.257728576660156
2018-12-04,39.138282775878906
2018-12-05,39.43292236328125
2018-12-06,38.803836822509766
2018-12-07,39.512542724609375
2018-12-10,39.36920928955078
2018-12-11,40.611446380615234
2018-12-12,41.40774917602539
2018-12-13,42.116455078125
2018-12-14,41.837764739990234
2018-12-17,40.99366760253906
2018-12-18,41.77404022216797
2018-12-19,41.39182662963867
2018-12-20,41.99702072143555
2018-12-21,42.80127716064453
2018-12-26,42.82606506347656
2018-12-27,43.185951232910156
2018-12-28,44.03367233276367
2019-01-02,44.233604431152344
2019-01-03,44.44953918457031
2019-01-04,42.65011978149414
2019-01-07,42.01033401489258
2019-01-08,43.225929260253906
2019-01-09,44.209617614746094
2019-01-10,44.06566619873047
2019-01-11,42.55415344238281
2019-01-14,41.62645721435547
2019-01-15,41.666439056396484
2019-01-16,41.3465461730957
2019-01-17,40.90669250488281
2019-01-18,41.18660354614258
2019-01-21,41.02665710449219
2019-01-22,41.498497009277344
2019-01-23,41.50649642944336
2019-01-24,41.87437438964844
2019-01-28,41.41053009033203
2019-01-29,42.762081146240234
2019-01-30,43.98569107055664
2019-01-31,43.98569107055664
2019-02-01,44.46552658081055
2019-02-04,44.665462493896484
2019-02-05,44.04966735839844
2019-02-06,42.03432846069336
2019-02-07,41.48249816894531
2019-02-08,41.9063606262207
2019-02-11,41.27457046508789
2019-02-12,41.25057601928711
2019-02-13,41.42652130126953
2019-02-14,41.97834396362305
2019-02-15,41.954345703125
2019-02-18,42.80207443237305
2019-02-19,43.51383590698242
2019-02-20,43.36188888549805
2019-02-21,42.9940071105957
2019-02-22,43.46585464477539
2019-02-25,43.129966735839844
2019-02-26,43.425872802734375
2019-02-27,43.69470977783203
2019-02-28,43.832786560058594
2019-03-01,42.96376037597656
2019-03-06,42.39524841308594
2019-03-07,41.802364349365234
2019-03-08,42.39524841308594
2019-03-11,43.52415084838867
2019-03-12,43.35361099243164
2019-03-13,43.32924270629883
2019-03-14,43.01249313354492
2019-03-15,42.31402587890625
2019-03-18,43.069339752197266
2019-03-19,42.47645568847656
2019-03-20,41.01455307006836
2019-03-21,41.250083923339844
2019-03-22,40.543495178222656
2019-03-25,40.40542221069336
2019-03-26,40.94145965576172
2019-03-27,40.283599853515625
2019-03-28,39.983097076416016
2019-03-29,40.59222412109375
2019-04-01,41.193233489990234
2019-04-02,40.93334197998047
2019-04-03,40.5678596496582
2019-04-04,40.03995132446289
2019-04-05,40.18614959716797
2019-04-08,39.92625427246094
2019-04-09,39.8206672668457
2019-04-10,39.796302795410156
2019-04-11,39.552650451660156
2019-04-12,39.39021682739258
2019-04-15,39.30900192260742
2019-04-16,38.26130294799805
2019-04-17,37.5222282409668
2019-04-18,38.496826171875
2019-04-22,38.009525299072266
2019-04-23,39.39021682739258
2019-04-24,40.59222412109375
2019-04-25,41.07140350341797
2019-04-26,41.274444580078125
2019-04-29,40.67344284057617
2019-04-30,41.42063903808594
2019-05-02,40.76546859741211
2019-05-03,41.727535247802734
2019-05-06,40.928531646728516
2019-05-07,41.30356979370117
2019-05-08,41.49924850463867
2019-05-09,40.40673828125
2019-05-10,39.54250717163086
2019-05-13,39.35498046875
2019-05-14,39.13484573364258
2019-05-15,39.037010192871094
2019-05-16,38.66196823120117
2019-05-17,37.86296463012695
2019-05-20,38.36030578613281
2019-05-21,39.950157165527344
2019-05-22,40.02354049682617
2019-05-23,39.999080657958984
2019-05-24,39.501747131347656
2019-05-27,39.26530456542969
2019-05-28,39.01255416870117
2019-05-29,40.03984069824219
2019-05-30,40.488258361816406
2019-05-31,41.17312240600586
2019-06-03,40.879615783691406
2019-06-04,39.54250717163086
2019-06-05,40.11322784423828
2019-06-06,39.950157165527344
2019-06-07,40.43934631347656
2019-06-10,40.24367141723633
2019-06-11,39.83601379394531
2019-06-12,39.094085693359375
2019-06-13,40.33335494995117
2019-06-14,39.99091720581055
2019-06-17,40.15398406982422
2019-06-18,39.950157165527344
2019-06-19,40.75731658935547
2019-06-21,40.98560333251953
2019-06-24,40.846988677978516
2019-06-25,40.23552322387695
2019-06-26,39.82786178588867
2019-06-27,39.82786178588867
2019-06-28,41.11689376831055
2019-07-01,40.80565643310547
2019-07-02,40.871177673339844
2019-07-03,41.18242263793945
2019-07-04,41.77214431762695
2019-07-05,42.60758972167969
2019-07-08,42.714073181152344
2019-07-10,43.63960266113281
2019-07-11,42.96797561645508
2019-07-12,43.123600006103516
2019-07-15,42.42739486694336
2019-07-16,43.058074951171875
2019-07-17,42.85331726074219
2019-07-18,42.61578369140625
2019-07-19,42.94340896606445
2019-07-22,41.77214431762695
2019-07-23,40.953086853027344
2019-07-24,41.03498458862305
2019-07-25,40.666412353515625
2019-07-26,41.10052490234375
2019-07-29,40.879371643066406
2019-07-30,40.85479736328125
2019-07-31,41.272525787353516
2019-08-01,42.5748291015625
2019-08-02,42.05882263183594
2019-08-05,41.550994873046875
2019-08-06,42.61578369140625
2019-08-07,41.36261749267578
2019-08-08,41.69843673706055
2019-08-09,41.23975372314453
2019-08-12,40.4616584777832
2019-08-13,40.24869155883789
2019-08-14,39.3968620300293
2019-08-15,38.233802795410156
2019-08-16,38.47133255004883
2019-08-19,38.98733139038086
2019-08-20,38.7170524597168
2019-08-21,39.5606803894043
2019-08-22,38.659706115722656
2019-08-23,37.676841735839844
2019-08-26,37.46388626098633
2019-08-27,37.53759765625
2019-08-28,37.676841735839844
2019-08-29,39.200294494628906
2019-08-30,40.52717590332031
2019-09-02,39.47877502441406
2019-09-03,38.98733139038086
2019-09-04,39.38867950439453
2019-09-05,39.66716003417969
2019-09-06,39.30677795410156
2019-09-09,39.25762939453125
2019-09-10,39.159339904785156
2019-09-11,40.51079177856445
2019-09-12,39.888301849365234
2019-09-13,39.3968620300293
2019-09-16,39.48696517944336
2019-09-17,40.19955062866211
2019-09-18,40.37974166870117
2019-09-19,40.748321533203125
2019-09-20,41.16603469848633
2019-09-23,40.1422119140625
2019-09-24,40.1340217590332
2019-09-25,40.06850051879883
2019-09-26,40.535369873046875
2019-09-27,40.44527053833008
2019-09-30,40.5599365234375
2019-10-01,40.69098663330078
2019-10-02,41.89501190185547
2019-10-03,43.410274505615234
2019-10-04,45.47430419921875
2019-10-07,45.93362808227539
2019-10-08,45.27742385864258
2019-10-09,44.94932556152344
2019-10-10,45.09697723388672
2019-10-11,45.58913040161133
2019-10-14,45.25282287597656
2019-10-15,44.81808853149414
2019-10-16,45.220008850097656
2019-10-17,46.46677780151367
2019-10-18,46.90970993041992
2019-10-21,46.68004608154297
2019-10-22,47.410057067871094
2019-10-23,46.79487228393555
2019-10-24,46.58980941772461
2019-10-25,47.180389404296875
2019-10-28,47.08196258544922
2019-10-29,47.410057067871094
2019-10-30,47.98423385620117
2019-10-31,48.476375579833984
2019-11-01,50.95351028442383
2019-11-04,49.99382781982422
2019-11-05,49.46066665649414
2019-11-06,49.77236557006836
2019-11-07,49.173583984375
2019-11-08,48.804473876953125
2019-11-11,49.132572174072266
2019-11-12,48.35334014892578
2019-11-13,48.722450256347656
2019-11-14,49.76416015625
2019-11-18,49.44425964355469
2019-11-19,49.22279357910156
2019-11-21,51.7901611328125
2019-11-22,53.06973648071289
2019-11-25,51.675331115722656
2019-11-26,51.42924880981445
2019-11-27,51.019134521484375
2019-11-28,51.08474349975586
2019-11-29,51.265201568603516
2019-12-02,51.347225189208984
2019-12-03,52.84827423095703
2019-12-04,53.053253173828125
2019-12-05,53.71025848388672
2019-12-06,55.92765426635742
2019-12-09,56.25615310668945
2019-12-10,54.69576644897461
2019-12-11,54.203006744384766
2019-12-12,53.899147033691406
2019-12-13,53.87450408935547
2019-12-16,53.1353759765625
2019-12-17,52.97111892700195
2019-12-18,52.56049728393555
2019-12-19,53.1682243347168
2019-12-20,53.1682243347168
2019-12-23,54.03875732421875
2019-12-26,53.1928596496582
2019-12-27,52.544071197509766
2019-12-30,52.56049728393555
2020-01-02,52.4865837097168
2020-01-03,51.73924255371094
2020-01-06,51.418949127197266
2020-01-07,51.6571159362793
2020-01-08,50.9179801940918
2020-01-09,50.34309768676758
2020-01-10,49.98175048828125
2020-01-13,51.574989318847656
2020-01-14,51.73924255371094
2020-01-15,51.476436614990234
2020-01-16,51.328609466552734
2020-01-17,51.59141159057617
2020-01-20,51.89527130126953
2020-01-21,54.22764587402344
2020-01-22,53.143592834472656
2020-01-23,52.31412124633789
2020-01-24,52.388031005859375
2020-01-27,51.48465347290039
2020-01-28,52.26484298706055
2020-01-29,52.75759506225586
2020-01-30,51.60783386230469
2020-01-31,49.52184295654297
2020-02-03,50.417015075683594
2020-02-04,50.9179801940918
2020-02-05,51.52571105957031
2020-02-06,50.09672164916992
2020-02-07,49.83392333984375
2020-02-10,48.027156829833984
2020-02-11,49.020877838134766
2020-02-12,50.753726959228516
2020-02-13,52.256629943847656
2020-02-14,51.328609466552734
2020-02-17,52.41267013549805
2020-02-18,53.283199310302734
2020-02-19,53.94020080566406
2020-02-20,53.84165573120117
2020-02-21,52.73296356201172
2020-02-26,50.58946990966797
2020-02-27,49.17691421508789
2020-02-28,49.35758972167969
2020-03-02,49.15227508544922
2020-03-03,48.092857360839844
2020-03-04,47.63295364379883
2020-03-05,46.64743423461914
2020-03-06,46.40106201171875
2020-03-09,42.352256774902344
2020-03-10,45.75226974487305
2020-03-11,43.354190826416016
2020-03-12,37.07157897949219
2020-03-13,40.134864807128906
2020-03-16,34.492828369140625
2020-03-17,34.492828369140625
2020-03-18,28.744022369384766
2020-03-19,30.797163009643555
2020-03-20,28.941125869750977
2020-03-23,27.544981002807617
2020-03-24,28.90827178955078
2020-03-25,33.71263122558594
2020-03-26,34.61601638793945
2020-03-27,32.546443939208984
2020-03-30,30.756105422973633
2020-03-31,30.279773712158203
2020-04-01,29.647403717041016
2020-04-02,29.639196395874023
2020-04-03,27.126142501831055
2020-04-06,30.797163009643555
2020-04-07,31.93871307373047
2020-04-08,32.497169494628906
2020-04-09,30.879289627075195
2020-04-13,30.0169734954834
2020-04-14,30.71504783630371
2020-04-15,31.51987648010254
2020-04-16,32.932437896728516
2020-04-17,34.73920440673828
2020-04-20,36.89910888671875
2020-04-22,39.24790573120117
2020-04-23,36.52133560180664
2020-04-24,35.30587387084961
2020-04-27,34.9855842590332
2020-04-28,37.44113540649414
2020-04-29,37.84355926513672
2020-04-30,34.9034538269043
2020-05-04,33.589447021484375
2020-05-05,34.1643180847168
2020-05-06,35.174468994140625
2020-05-07,34.21359634399414
2020-05-08,34.2464485168457
2020-05-11,34.73920440673828
2020-05-12,33.21987533569336
2020-05-13,32.34934616088867
2020-05-14,31.478811264038086
2020-05-15,31.823740005493164
2020-05-18,32.56287384033203
2020-05-19,34.23823928833008
2020-05-20,33.26093292236328
2020-05-21,35.82326126098633
2020-05-22,34.254661560058594
2020-05-25,35.14982986450195
2020-05-26,34.11505126953125
2020-05-27,36.0532112121582
2020-05-28,35.79863357543945
2020-05-29,34.574951171875
2020-06-01,35.14982986450195
2020-06-02,38.599117279052734
2020-06-03,38.385589599609375
2020-06-04,37.25225067138672
2020-06-05,37.8599739074707
2020-06-08,38.84550094604492
2020-06-09,38.35274124145508
2020-06-10,36.85804748535156
2020-06-12,35.89717102050781
2020-06-15,36.365291595458984
2020-06-16,35.3140869140625
2020-06-17,36.25031661987305
2020-06-18,36.094276428222656
2020-06-19,36.61167526245117
2020-06-22,38.01602554321289
2020-06-23,39.14935302734375
2020-06-24,37.31794357299805
2020-06-25,39.33824920654297
2020-06-26,38.01602554321289
2020-06-29,38.96868133544922
2020-06-30,39.33824920654297
2020-07-01,39.412166595458984
2020-07-02,39.69138717651367
2020-07-03,40.03631591796875
2020-07-06,41.06289291381836
2020-07-07,41.77737808227539
2020-07-08,42.647918701171875
2020-07-09,42.78752517700195
2020-07-10,42.95177459716797
2020-07-13,43.50202941894531
2020-07-14,43.11603546142578
2020-07-15,43.493812561035156
2020-07-16,43.937286376953125
2020-07-17,43.15709686279297
2020-07-20,45.41555404663086
2020-07-21,44.97207260131836
2020-07-22,44.25757598876953
2020-07-23,42.58221435546875
2020-07-24,42.130523681640625
2020-07-27,41.71989822387695
2020-07-28,41.47351837158203
2020-07-29,42.820377349853516
2020-07-30,42.69719696044922
2020-07-31,43.32956314086914
2020-08-03,43.85515594482422
2020-08-04,42.376895904541016
2020-08-05,43.57593536376953
2020-08-06,45.004920959472656
2020-08-07,45.004920959472656
2020-08-10,44.323280334472656
2020-08-11,45.76048278808594
2020-08-12,45.09526443481445
2020-08-13,45.579803466796875
2020-08-14,45.579803466796875
2020-08-17,43.41989517211914
2020-08-18,46.10541534423828
2020-08-19,44.347923278808594
2020-08-20,43.63343048095703
2020-08-21,43.6909065246582
2020-08-24,43.52666473388672
2020-08-25,44.347923278808594
2020-08-26,44.48753356933594
2020-08-27,45.004920959472656
2020-08-28,46.86096954345703
2020-08-31,46.088985443115234
2020-09-01,48.347442626953125
2020-09-02,48.77449417114258
2020-09-03,47.77255630493164
2020-09-04,48.31459426879883
2020-09-08,48.142127990722656
2020-09-09,49.456146240234375
2020-09-10,46.778846740722656
2020-09-11,45.785125732421875
2020-09-14,46.9513053894043
2020-09-15,47.26338577270508
2020-09-16,46.57352828979492
2020-09-17,46.154685974121094
2020-09-18,44.758544921875
2020-09-21,44.43003845214844
2020-09-22,45.29236602783203
2020-09-23,44.06047821044922
2020-09-24,44.26579666137695
2020-09-25,44.79139709472656
2020-09-28,43.44453811645508
2020-09-29,43.8140983581543
2020-09-30,44.627140045166016
2020-10-01,45.52232360839844
2020-10-02,45.1116943359375
2020-10-05,46.22860336303711
2020-10-06,45.47304153442383
2020-10-07,45.64551544189453
2020-10-08,46.64743423461914
2020-10-09,45.05419921875
2020-10-13,44.96385955810547
2020-10-14,44.93101119995117
2020-10-15,44.17544937133789
2020-10-16,44.12617874145508
2020-10-19,44.86531066894531
2020-10-20,45.25130081176758
2020-10-21,44.49574279785156
2020-10-22,43.173526763916016
2020-10-23,50.09672164916992
2020-10-26,51.04937744140625
2020-10-27,50.30203628540039
2020-10-28,49.43972396850586
2020-10-29,51.02474594116211
2020-10-30,49.948509216308594
2020-11-03,49.53434371948242
2020-11-04,53.087886810302734
2020-11-05,53.12931442260742
2020-11-06,52.35896301269531
2020-11-09,53.800262451171875
2020-11-10,54.421504974365234
2020-11-11,54.24755859375
2020-11-12,53.137603759765625
2020-11-13,56.31840133666992
2020-11-16,58.331241607666016
2020-11-17,57.337257385253906
2020-11-18,56.90650177001953
2020-11-19,57.32896041870117
2020-11-23,59.540618896484375
2020-11-24,59.582035064697266
2020-11-25,59.24240493774414
2020-11-26,58.97734832763672
2020-11-27,58.811676025390625
2020-11-30,57.52777099609375
2020-12-01,57.28754806518555
2020-12-02,58.687435150146484
2020-12-03,57.49463653564453
2020-12-04,58.728843688964844
2020-12-07,58.14073181152344
2020-12-08,58.09931564331055
2020-12-09,57.94193649291992
2020-12-10,57.652015686035156
2020-12-11,57.66029739379883
2020-12-14,58.13245391845703
2020-12-15,58.331241607666016
2020-12-16,58.679141998291016
2020-12-17,58.16557312011719
2020-12-18,56.6911506652832
2020-12-21,56.29354476928711
2020-12-22,56.24383544921875
2020-12-23,55.8793830871582
2020-12-28,56.823673248291016
2020-12-29,56.442649841308594
2020-12-30,56.47578048706055
2021-01-04,56.3266716003418
2021-01-05,55.465213775634766
2021-01-06,52.18501663208008
2021-01-07,52.118751525878906
2021-01-08,53.09617614746094
2021-01-11,52.267845153808594
2021-01-12,52.85596466064453
2021-01-13,52.84767532348633
2021-01-14,54.84396743774414
2021-01-15,55.83796691894531
2021-01-18,56.91478729248047
2021-01-19,58.19043731689453
2021-01-20,57.98334884643555
2021-01-21,57.98334884643555
2021-01-22,57.55263137817383
2021-01-26,57.163299560546875
2021-01-27,58.83653259277344
2021-01-28,60.128726959228516
2021-01-29,58.455501556396484
2021-02-01,59.55717468261719
2021-02-02,60.0541877746582
2021-02-03,60.0541877746582
2021-02-04,61.7191276550293
2021-02-05,61.296688079833984
2021-02-08,61.76054382324219
2021-02-09,62.16642761230469
2021-02-10,61.296688079833984
2021-02-11,61.73569869995117
2021-02-12,62.95335388183594
2021-02-17,62.961639404296875
2021-02-18,62.539188385009766
2021-02-19,63.78168869018555
2021-02-22,64.01361083984375
2021-02-23,62.39836883544922
2021-02-24,61.76054382324219
2021-02-25,59.89679718017578
2021-02-26,59.076744079589844
2021-03-01,58.97734832763672
2021-03-02,59.49919509887695
2021-03-03,58.728843688964844
2021-03-04,60.46834182739258
2021-03-05,65.01588439941406
2021-03-08,59.93821334838867
2021-03-09,58.53832244873047
2021-03-10,59.93821334838867
2021-03-11,61.2718391418457
2021-03-12,60.46006393432617
2021-03-15,60.94049072265625
2021-03-16,60.749961853027344
2021-03-17,61.677711486816406
2021-03-18,60.44349670410156
2021-03-19,60.327537536621094
2021-03-22,59.91335678100586
2021-03-23,60.82453536987305
2021-03-24,57.22128677368164
2021-03-25,57.842533111572266
2021-03-26,58.39751434326172
2021-03-29,57.246124267578125
2021-03-30,58.646026611328125
2021-03-31,58.27326583862305
2021-04-01,57.9088020324707
2021-04-05,58.83653259277344
2021-04-06,60.46006393432617
2021-04-07,59.391510009765625
2021-04-08,60.576019287109375
2021-04-09,61.70256805419922
2021-04-12,61.611446380615234
2021-04-13,61.6197395324707
2021-04-14,61.884796142578125
2021-04-15,67.05360412597656
2021-04-16,65.91879272460938
2021-04-19,65.07388305664062
2021-04-20,65.29753875732422
2021-04-22,65.37210083007812
2021-04-23,65.8525161743164
2021-04-26,63.7071418762207
2021-04-27,63.34267044067383
2021-04-28,63.632564544677734
2021-04-29,63.09416580200195
2021-04-30,62.684757232666016
2021-05-03,62.6599006652832
2021-05-04,62.974769592285156
2021-05-05,65.83350372314453
2021-05-06,66.28923034667969
2021-05-07,67.19242095947266
2021-05-10,67.68130493164062
2021-05-11,67.94647979736328
2021-05-12,66.62067413330078
2021-05-13,67.26702117919922
2021-05-14,69.47113037109375
2021-05-17,70.8134765625
2021-05-18,70.43231964111328
2021-05-19,70.26658630371094
2021-05-20,70.1920166015625
2021-05-21,70.29973602294922
2021-05-24,71.06207275390625
2021-05-25,71.11177825927734
2021-05-26,71.34379577636719
2021-05-27,72.51214599609375
2021-05-28,73.7716293334961
2021-05-31,73.440185546875
2021-06-01,73.16675567626953
2021-06-02,72.37956237792969
2021-06-04,71.09521484375
2021-06-07,70.85491180419922
2021-06-08,72.58672332763672
2021-06-09,73.21647644042969
2021-06-10,73.00930786132812
2021-06-11,73.0838851928711
2021-06-14,76.39006805419922
2021-06-15,75.69403839111328
2021-06-16,75.71887969970703
2021-06-17,76.75464630126953
2021-06-18,78.11358642578125
2021-06-21,79.48908233642578
2021-06-22,78.71847534179688
2021-06-23,77.64955139160156
2021-06-24,78.13844299316406
2021-06-25,76.88723754882812
2021-06-28,78.67704772949219
2021-06-29,78.7847671508789
2021-06-30,78.30416107177734
2021-07-01,77.48383331298828
2021-07-02,79.31982421875
2021-07-05,79.84352111816406
2021-07-06,79.64402770996094
2021-07-07,80.1926498413086
2021-07-08,79.835205078125
2021-07-12,80.31734466552734
2021-07-13,80.74128723144531
2021-07-14,82.67815399169922
2021-07-15,83.80037689208984
2021-07-16,82.76959228515625
2021-07-19,81.59750366210938
2021-07-20,80.82441711425781
2021-07-21,80.47528839111328
2021-07-22,81.56425476074219
2021-07-23,81.24005889892578
2021-07-26,80.0263900756836
2021-07-27,78.02304077148438
2021-07-28,77.59076690673828
2021-07-29,76.93407440185547
2021-07-30,75.2466049194336
2021-08-02,76.54338073730469
2021-08-03,76.50181579589844
2021-08-04,76.30231475830078
2021-08-05,76.47686767578125
2021-08-06,77.80690002441406
2021-08-09,77.22502899169922
2021-08-10,76.55999755859375
2021-08-11,76.46025848388672
2021-08-12,77.1252670288086
2021-08-13,76.0113754272461
2021-08-16,74.56495666503906
2021-08-17,72.80266571044922
2021-08-18,72.98554229736328
2021-08-19,74.1493148803711
2021-08-20,75.14683532714844
2021-08-23,75.02215576171875
2021-08-24,76.26073455810547
2021-08-25,77.00057983398438
2021-08-26,75.91160583496094
2021-08-27,76.80107879638672
2021-08-30,76.086181640625
2021-08-31,74.33219909667969
2021-09-01,73.51756286621094
2021-09-02,71.31468963623047
2021-09-03,71.39781951904297
2021-09-06,71.9880142211914
2021-09-08,68.60474395751953
2021-09-09,69.25313568115234
2021-09-10,69.12844848632812
2021-09-13,69.90983581542969
2021-09-14,70.39197540283203
2021-09-15,70.14259338378906
2021-09-16,69.76020812988281
2021-09-17,69.23650360107422
2021-09-20,68.97881317138672
2021-09-21,72.12101745605469
2021-09-22,71.90489959716797
2021-09-23,73.1102294921875
2021-09-24,74.81433868408203
2021-09-27,72.76940155029297
2021-09-28,68.6795654296875
2021-09-29,68.99543762207031
2021-09-30,68.88737487792969
2021-10-01,71.2315673828125
2021-10-04,66.58475494384766
2021-10-05,65.65373992919922
2021-10-06,65.62877655029297
2021-10-07,66.01948547363281
2021-10-08,69.90983581542969
2021-10-11,69.00375366210938
2021-10-13,71.40612030029297
2021-10-14,70.99049377441406
2021-10-15,74.11608123779297
2021-10-18,73.16841888427734
2021-10-19,69.28638458251953
2021-10-20,68.6878662109375
2021-10-21,66.28550720214844
2021-10-22,64.91390991210938
2021-10-25,66.87570190429688
2021-10-26,64.36527252197266
2021-10-27,64.73103332519531
2021-10-28,63.14330291748047
2021-10-29,61.43088150024414
2021-11-01,63.18486022949219
2021-11-03,66.55150604248047
2021-11-04,66.16912078857422
2021-11-05,65.81999969482422
2021-11-08,63.59217834472656
2021-11-09,63.384361267089844
2021-11-10,64.63127136230469
2021-11-11,67.0835189819336
2021-11-12,64.87234497070312
2021-11-16,61.24800491333008
2021-11-17,58.66274642944336
2021-11-18,60.6827392578125
2021-11-19,63.18486022949219
2021-11-22,60.90718078613281
2021-11-23,59.07838439941406
2021-11-24,59.26957702636719
2021-11-25,59.69352722167969
2021-11-26,57.474037170410156
2021-11-29,56.69263458251953
2021-11-30,55.828128814697266
2021-12-01,57.124908447265625
2021-12-02,60.1008415222168
2021-12-03,61.66364288330078
2021-12-06,62.9395866394043
2021-12-07,62.10988998413086
2021-12-08,64.24698638916016
2021-12-09,63.41728210449219
2021-12-10,65.3281021118164
2021-12-13,65.10181427001953
2021-12-14,63.55976104736328
2021-12-15,66.30026245117188
2021-12-16,64.60736083984375
2021-12-17,63.80279541015625
2021-12-20,62.646244049072266
2021-12-21,62.14341354370117
2021-12-22,62.52054214477539
2021-12-23,62.16017150878906
2021-12-27,62.78034591674805
2021-12-28,62.9395866394043
2021-12-29,62.33616638183594
2021-12-30,64.33917236328125
2022-01-03,60.5343017578125
2022-01-04,58.74919128417969
2022-01-05,55.92487716674805
2022-01-06,56.94732666015625
2022-01-07,56.494773864746094
2022-01-10,54.290626525878906
2022-01-11,55.80754470825195
2022-01-12,57.542362213134766
2022-01-13,57.307701110839844
2022-01-14,57.03952407836914
2022-01-17,56.7378044128418
2022-01-18,56.0589714050293
2022-01-19,59.00061798095703
2022-01-20,62.411590576171875
2022-01-21,63.23291015625
2022-01-24,62.11827087402344
2022-01-25,65.11858367919922
2022-01-26,68.64688873291016
2022-01-27,66.76959228515625
2022-01-28,66.27513885498047
2022-01-31,68.54631042480469
2022-02-01,67.98480224609375
2022-02-02,68.7223129272461
2022-02-03,69.55201721191406
2022-02-04,68.9737319946289
2022-02-07,68.17756652832031
2022-02-08,68.06861114501953
2022-02-09,68.7474594116211
2022-02-10,70.76721954345703
2022-02-11,70.02970886230469
2022-02-14,70.29788970947266
2022-02-15,72.99650573730469
2022-02-16,71.57176971435547
2022-02-17,70.2057113647461
2022-02-18,69.72798919677734
2022-02-21,66.80311584472656
2022-02-22,69.04915618896484
2022-02-23,69.08268737792969
2022-02-24,68.60498046875
2022-02-25,68.06861114501953
2022-03-02,67.20539093017578
2022-03-03,66.45951080322266
2022-03-04,65.0850601196289
2022-03-07,61.674076080322266
2022-03-08,62.386451721191406
2022-03-09,64.82525634765625
2022-03-10,64.94258117675781
2022-03-11,64.691162109375
2022-03-14,64.78335571289062
2022-03-15,66.71931457519531
2022-03-16,66.52655029296875
2022-03-17,67.83395385742188
2022-03-18,67.40653228759766
2022-03-21,66.8366470336914
2022-03-22,69.56037902832031
2022-03-23,70.90131378173828
2022-03-24,72.67804718017578
2022-03-25,74.68941497802734
2022-03-28,74.75646209716797
2022-03-29,76.34880828857422
2022-03-30,74.97435760498047
2022-03-31,75.5777816772461
2022-04-01,78.5445785522461
2022-04-04,78.77923583984375
2022-04-05,78.452392578125
2022-04-06,77.77355194091797
2022-04-07,79.18988800048828
2022-04-08,77.70650482177734
2022-04-11,74.63912200927734
2022-04-12,75.67835235595703
2022-04-13,77.59754943847656
2022-04-14,77.54724884033203
2022-04-18,77.85734558105469
2022-04-19,78.502685546875
2022-04-20,79.15636444091797
2022-04-22,76.60862731933594
2022-04-25,77.12822723388672
2022-04-26,75.31797790527344
2022-04-27,75.61129760742188
2022-04-28,75.41016387939453
2022-04-29,74.98274993896484
2022-05-02,74.10294342041016
2022-05-03,73.37008666992188
2022-05-04,74.51570892333984
2022-05-05,71.61795806884766
2022-05-06,69.24249267578125
2022-05-09,67.0607681274414
2022-05-10,68.08003234863281
2022-05-11,66.96810150146484
2022-05-12,67.6925277709961
2022-05-13,69.48677062988281
2022-05-16,69.72264099121094
2022-05-17,69.72264099121094
2022-05-18,68.94766235351562
2022-05-19,68.40011596679688
2022-05-20,68.534912109375
2022-05-23,66.97653198242188
2022-05-24,67.22081756591797
2022-05-25,66.93441009521484
2022-05-26,68.45909881591797
2022-05-27,69.43624114990234
2022-05-30,69.37725830078125
2022-05-31,67.55775451660156
2022-06-01,68.14742279052734
2022-06-02,69.17510986328125
2022-06-03,68.02104949951172
2022-06-06,65.8561782836914
2022-06-07,63.6407585144043
2022-06-08,64.21356964111328
2022-06-09,63.17744827270508
2022-06-10,61.86336135864258
2022-06-13,59.80799865722656
2022-06-14,60.818824768066406
2022-06-15,61.70331573486328
2022-06-17,59.61425018310547
2022-06-20,58.637107849121094
2022-06-21,57.79473876953125
2022-06-22,58.839263916015625
2022-06-23,60.19548416137695
2022-06-24,58.58656311035156
2022-06-27,58.57813262939453
2022-06-28,57.89582443237305
2022-06-29,57.79473876953125
2022-06-30,58.58656311035156
2022-07-01,58.89823913574219
2022-07-04,57.63576889038086
2022-07-05,57.94179916381836
2022-07-06,59.888492584228516
2022-07-07,61.3846435546875
2022-07-08,61.461151123046875
2022-07-11,58.800384521484375
2022-07-12,59.16592025756836
2022-07-13,60.466548919677734
2022-07-14,61.04461669921875
2022-07-15,63.246337890625
2022-07-18,63.82438659667969
2022-07-19,62.76178741455078
2022-07-20,63.09331130981445
2022-07-21,63.38234329223633
2022-07-22,63.01679992675781
2022-07-25,64.78498077392578
2022-07-26,63.52686309814453
2022-07-27,65.60956573486328
2022-07-28,67.72628021240234
2022-07-29,67.28422546386719
2022-08-01,67.18222045898438
2022-08-02,67.70077514648438
2022-08-03,71.83219146728516
2022-08-04,74.0254135131836
2022-08-05,72.74179077148438
2022-08-08,71.89169311523438
2022-08-09,70.13201904296875
2022-08-10,73.44734954833984
2022-08-11,71.38163757324219
2022-08-12,76.29513549804688
2022-08-15,76.006103515625
2022-08-16,74.67997741699219
2022-08-17,75.42805480957031
2022-08-18,75.96360778808594
2022-08-19,75.47905731201172
2022-08-22,75.1390151977539
2022-08-23,75.4620590209961
2022-08-24,77.32373809814453
2022-08-25,77.27273559570312
2022-08-26,76.93270111083984
2022-08-29,78.03782653808594
2022-08-30,78.36083984375
2022-08-31,78.54785919189453
2022-09-01,79.822998046875
2022-09-02,78.94740295410156
2022-09-05,79.32144165039062
2022-09-06,77.91880798339844
2022-09-08,78.42035675048828
2022-09-09,79.1854248046875
2022-09-12,80.49456024169922
2022-09-13,79.90800476074219
2022-09-14,80.5030517578125
2022-09-15,80.38404846191406
2022-09-16,80.5455551147461
2022-09-19,82.81529235839844
2022-09-20,83.30834197998047
2022-09-21,84.32844543457031
2022-09-22,85.73108673095703
2022-09-23,84.82148742675781
2022-09-26,82.26273345947266
2022-09-27,82.03321075439453
2022-09-28,82.24574279785156
2022-09-29,81.99070739746094
2022-09-30,83.6568832397461
2022-10-03,87.2102279663086
2022-10-04,85.85858917236328
2022-10-05,86.30914306640625
2022-10-06,86.70868682861328
2022-10-07,86.6236801147461
2022-10-10,85.9011001586914
2022-10-11,84.8809814453125
2022-10-13,84.34544372558594
2022-10-14,84.03091430664062
2022-10-17,84.3709487915039
2022-10-18,85.53556823730469
2022-10-19,85.0085220336914
2022-10-20,84.47295379638672
2022-10-21,85.13603210449219
2022-10-24,85.68856811523438
2022-10-25,84.84699249267578
2022-10-26,79.86548614501953
2022-10-27,81.85469818115234
2022-10-28,83.8523941040039
2022-10-31,88.8338851928711
2022-11-01,87.51626586914062
2022-11-03,88.00080871582031
2022-11-04,86.53866577148438
2022-11-07,83.44435119628906
2022-11-08,83.07882690429688
2022-11-09,79.5424575805664
2022-11-10,73.75338745117188
2022-11-11,73.83838653564453
2022-11-14,75.04551696777344
2022-11-16,73.18382263183594
2022-11-17,73.99140930175781
2022-11-18,75.14751434326172
2022-11-21,79.43196868896484
2022-11-22,75.5640640258789
2022-11-23,72.91179656982422
2022-11-24,77.10270690917969
2022-11-25,73.83838653564453
2022-11-28,73.05631256103516
2022-11-29,74.6374740600586
2022-11-30,76.14212799072266
2022-12-01,72.6142807006836
2022-12-02,74.19542694091797
2022-12-05,71.69617462158203
2022-12-06,70.98210906982422
2022-12-07,71.31363677978516
2022-12-08,69.82598114013672
2022-12-09,67.62427520751953
2022-12-12,66.12812805175781
2022-12-13,64.30892944335938
2022-12-14,63.33133316040039
2022-12-15,63.985904693603516
2022-12-16,62.863792419433594
2022-12-19,66.23448944091797
2022-12-20,68.87081909179688
2022-12-21,67.37661743164062
2022-12-22,66.09709930419922
2022-12-23,69.42900085449219
2022-12-26,67.46247863769531
2022-12-27,65.75360107421875
2022-12-28,67.56554412841797
2022-12-29,67.19628143310547
2023-01-02,63.649696350097656
2023-01-03,61.66600799560547
2023-01-04,63.082923889160156
2023-01-05,63.83861541748047
2023-01-06,65.09236907958984
2023-01-09,64.43114471435547
2023-01-10,66.18296813964844
2023-01-11,67.84033203125
2023-01-12,68.3555679321289
2023-01-13,67.62564849853516
2023-01-16,66.49211120605469
2023-01-17,68.6990737915039
2023-01-18,68.99962615966797
2023-01-19,70.25338745117188
2023-01-20,69.90989685058594
2023-01-23,70.42513275146484
2023-01-24,71.16365051269531
2023-01-25,72.45175170898438
2023-01-26,71.82488250732422
2023-01-27,71.13787841796875
2023-01-30,75.66344451904297
2023-01-31,75.22549438476562
2023-02-01,75.77508544921875
2023-02-02,76.12715148925781
2023-02-03,74.30663299560547
2023-02-06,73.3448486328125
2023-02-07,71.70465850830078
2023-02-08,72.48612213134766
2023-02-09,69.65227508544922
2023-02-10,66.48352813720703
2023-02-13,68.78494262695312
2023-02-14,66.56939697265625
2023-02-15,67.23062896728516
2023-02-16,67.60848236083984
2023-02-17,68.1408920288086
2023-02-22,65.77935791015625
2023-02-23,65.865234375
2023-02-24,64.09623718261719
2023-02-27,64.4053726196289
2023-02-28,64.06188201904297
2023-03-01,63.47793960571289
2023-03-02,62.45604705810547
2023-03-03,63.73556137084961
2023-03-06,64.06188201904297
2023-03-07,64.52559661865234
2023-03-08,66.6552734375
2023-03-09,66.7239761352539
2023-03-10,58.995323181152344
2023-03-13,58.883697509765625
2023-03-14,57.51830291748047
2023-03-15,58.3083381652832
2023-03-16,59.18424606323242
2023-03-17,57.346553802490234
2023-03-20,54.92490768432617
2023-03-21,55.13959503173828
2023-03-22,53.671146392822266
2023-03-23,52.563377380371094
2023-03-24,53.3705940246582
2023-03-27,53.55093002319336
2023-03-28,55.30274963378906
2023-03-29,55.208290100097656
2023-03-30,56.625205993652344
2023-03-31,54.53847122192383
2023-04-03,53.28471755981445
2023-04-04,53.98030090332031
2023-04-05,51.23233413696289
2023-04-06,53.645389556884766
2023-04-10,54.607173919677734
2023-04-11,59.252952575683594
2023-04-12,59.17566680908203
2023-04-13,59.14131546020508
2023-04-14,58.27399444580078
2023-04-17,58.20528793334961
2023-04-18,57.68146514892578
2023-04-19,55.156768798828125
2023-04-20,56.75402069091797
2023-04-24,55.53460693359375
2023-04-25,53.58528137207031
2023-04-26,53.78278732299805
2023-04-27,54.55564880371094
2023-04-28,57.0030517578125
2023-05-02,54.89915084838867
2023-05-03,51.8677978515625
2023-05-04,51.094940185546875
2023-05-05,54.349552154541016
2023-05-08,53.722679138183594
2023-05-09,55.39720916748047
2023-05-10,56.22159957885742
2023-05-11,57.85321044921875
2023-05-12,58.20528793334961
2023-05-15,59.84548568725586
2023-05-16,58.89228057861328
2023-05-17,61.47707748413086
2023-05-18,62.24136734008789
2023-05-19,61.11640930175781
2023-05-22,60.8502082824707
2023-05-23,59.562103271484375
2023-05-24,59.888404846191406
2023-05-25,61.94080352783203
2023-05-26,64.35385131835938
2023-05-29,63.8643798828125
2023-05-30,63.37488555908203
2023-05-31,63.34912872314453
2023-06-01,65.2469482421875
2023-06-02,64.96355438232422
2023-06-05,65.26412200927734
2023-06-06,66.6295166015625
2023-06-07,67.46247863769531
2023-06-09,67.93479919433594
2023-06-12,67.9090347290039
2023-06-13,64.89485931396484
2023-06-14,65.52174377441406
2023-06-15,65.41011047363281
2023-06-16,64.4053726196289
2023-06-19,64.49983978271484
2023-06-20,66.2430648803711
2023-06-21,68.57884979248047
2023-06-22,67.1533432006836
2023-06-23,68.39851379394531
2023-06-26,66.33753967285156
2023-06-27,64.83475494384766
2023-06-28,64.80899047851562
2023-06-29,66.86136627197266
2023-06-30,67.90045166015625
2023-07-03,70.2527084350586
2023-07-04,70.57389831542969
2023-07-05,73.7857437133789
2023-07-06,72.61386108398438
2023-07-07,72.52704620361328
2023-07-10,71.05133819580078
2023-07-11,70.0964584350586
2023-07-12,70.48709106445312
2023-07-13,69.66242218017578
2023-07-14,67.6051025390625
2023-07-17,67.9262924194336
2023-07-18,68.58602142333984
2023-07-19,68.69886779785156
2023-07-20,69.42804718017578
2023-07-21,71.1641845703125
2023-07-24,71.1641845703125
2023-07-25,72.04960632324219
2023-07-26,72.1884994506836
2023-07-27,71.90203857421875
2023-07-28,71.34647369384766
2023-07-31,71.52877044677734
2023-08-01,69.18498229980469
2023-08-02,70.04438018798828
2023-08-03,70.46973419189453
2023-08-04,71.76315307617188
2023-08-07,71.96280670166016
2023-08-08,71.48535919189453
2023-08-09,71.89335632324219
2023-08-10,70.44369506835938
2023-08-11,69.00269317626953
2023-08-14,67.9957275390625
2023-08-15,70.57389831542969
2023-08-16,70.46973419189453
2023-08-17,69.6797866821289
2023-08-18,68.6728286743164
2023-08-21,66.4332046508789
2023-08-22,70.4784164428711
2023-08-23,71.92808532714844
2023-08-24,69.36727905273438
2023-08-25,66.35508728027344
2023-08-28,65.3741683959961
2023-08-29,63.846378326416016
2023-08-30,64.23699951171875
2023-08-31,61.34634017944336
2023-09-01,63.96790313720703
2023-09-04,63.82032775878906
2023-09-05,62.35329818725586
2023-09-06,59.783817291259766
2023-09-08,58.59456253051758
2023-09-11,59.65359878540039
2023-09-12,61.06855392456055
2023-09-13,62.50086212158203
2023-09-14,62.7178840637207
2023-09-15,61.0338249206543
2023-09-18,60.89493942260742
2023-09-19,60.24388885498047
2023-09-20,59.75777053833008
2023-09-21,56.34626770019531
2023-09-22,55.313262939453125
2023-09-25,55.0528450012207
2023-09-26,53.36879348754883
2023-09-27,52.969486236572266
2023-09-28,55.20042037963867
2023-09-29,56.38966751098633
2023-10-02,55.48687744140625
2023-10-03,53.568450927734375
2023-10-04,56.875789642333984
2023-10-05,56.31155014038086
2023-10-06,55.30458068847656
2023-10-09,55.95563888549805
2023-10-10,58.68136978149414
2023-10-11,57.9174690246582
2023-10-13,55.40875244140625
2023-10-16,55.17437744140625
2023-10-17,54.497283935546875
2023-10-18,51.6587028503418
2023-10-19,50.938209533691406
2023-10-20,51.13786315917969
2023-10-23,52.17954635620117
2023-10-24,52.53545379638672
2023-10-25,51.32015609741211
2023-10-26,53.0389289855957
2023-10-27,51.04237365722656
2023-10-30,50.13957977294922
2023-10-31,50.68647003173828
2023-11-01,50.44340515136719
2023-11-03,52.69170379638672
2023-11-06,50.51285171508789
2023-11-07,54.31498718261719
2023-11-08,51.762874603271484
2023-11-09,50.104862213134766
2023-11-10,51.242027282714844
2023-11-13,51.01449966430664
2023-11-14,53.51703643798828
2023-11-16,55.00263595581055
2023-11-17,55.13527297973633
2023-11-20,55.842708587646484
2023-11-21,54.09181213378906
2023-11-22,53.82653045654297
2023-11-23,53.623146057128906
2023-11-24,52.54431915283203
2023-11-27,53.180999755859375
2023-11-28,53.76463317871094
2023-11-29,52.9864616394043
2023-11-30,52.473575592041016
2023-12-01,52.6239013671875
2023-12-04,50.84648895263672
2023-12-05,52.783077239990234
2023-12-06,54.10065841674805
2023-12-07,55.3121337890625
2023-12-08,57.31946563720703
2023-12-11,56.806575775146484
2023-12-12,57.39020919799805
2023-12-13,59.088035583496094
2023-12-14,60.74166488647461
2023-12-15,58.04457473754883
2023-12-18,58.3629264831543
2023-12-19,58.77853775024414
2023-12-20,57.87656021118164
2023-12-21,58.50441360473633
2023-12-22,58.937713623046875
2023-12-26,58.71664047241211
2023-12-27,58.92002487182617
2023-12-28,57.063018798828125
2024-01-02,55.06453323364258
2024-01-03,54.410160064697266
2024-01-04,51.96068572998047
2024-01-05,53.65851593017578
2024-01-08,56.576663970947266
2024-01-09,56.62087631225586
2024-01-10,56.56782150268555
2024-01-11,55.97534942626953
2024-01-12,55.93113327026367
2024-01-15,54.20677947998047
2024-01-16,53.64082717895508
2024-01-17,52.19944381713867
2024-01-18,51.279788970947266
2024-01-19,51.739620208740234
2024-01-22,50.572357177734375
2024-01-23,50.84648895263672
2024-01-24,49.086753845214844
2024-01-25,50.62541198730469
2024-01-26,51.20904541015625
2024-01-29,50.40434265136719
2024-01-30,49.378570556640625
2024-01-31,55.34750747680664
2024-02-01,55.57741928100586
2024-02-02,55.533206939697266
2024-02-05,52.48241424560547
2024-02-06,52.61506271362305
2024-02-07,53.08373260498047
2024-02-08,51.8192024230957
2024-02-09,53.234066009521484
2024-02-14,51.978370666503906
2024-02-15,51.84572982788086
2024-02-16,51.978370666503906
2024-02-19,52.172916412353516
2024-02-20,53.38438415527344
2024-02-21,53.10141372680664
2024-02-22,53.13679122924805
2024-02-23,53.03067398071289
2024-02-26,51.545074462890625
2024-02-27,52.59737014770508
2024-02-28,52.526634216308594
2024-02-29,52.37630081176758
2024-03-01,52.48241424560547
2024-03-04,50.2540168762207
2024-03-05,51.20020294189453
2024-03-06,52.31439971923828
2024-03-07,51.925315856933594
2024-03-08,52.05795669555664
2024-03-11,51.730777740478516
2024-03-12,53.58777618408203
2024-03-13,54.38363265991211
2024-03-14,54.95842361450195
2024-03-15,52.951087951660156
2024-03-18,52.50894546508789
2024-03-19,52.7034912109375
2024-03-20,55.81617736816406
2024-03-21,55.40056228637695
2024-03-22,53.623146057128906
2024-03-25,54.304046630859375
2024-03-26,54.96726608276367
2024-03-27,56.12567901611328
2024-03-28,56.83310317993164
2024-04-01,55.13527297973633
2024-04-02,55.37403106689453
2024-04-03,51.951847076416016
2024-04-04,50.430870056152344
2024-04-05,50.03294372558594
2024-04-08,50.050628662109375
2024-04-09,50.22748565673828
2024-04-10,47.70726776123047
2024-04-11,47.70726776123047
2024-04-12,46.56653594970703
2024-04-15,45.06325149536133
2024-04-16,45.45233917236328
2024-04-17,44.95713424682617
2024-04-18,44.78028106689453
2024-04-19,45.531925201416016
2024-04-22,46.8671989440918
2024-04-23,46.2039794921875
2024-04-24,46.19513702392578
2024-04-25,45.59382247924805
2024-04-26,46.009437561035156
2024-04-29,45.88563537597656
2024-04-30,45.91216278076172
2024-05-02,46.469268798828125
2024-05-03,46.54001235961914
2024-05-06,45.761837005615234
2024-05-07,45.797210693359375
2024-05-08,45.9652214050293
2024-05-09,43.99326705932617
2024-05-10,42.28659439086914
2024-05-13,41.74717712402344
2024-05-14,41.41115188598633
2024-05-15,42.507659912109375
2024-05-16,43.04707717895508
2024-05-17,43.409629821777344
2024-05-20,43.692604064941406
2024-05-21,44.19664764404297
2024-05-22,44.78912353515625
2024-05-23,45.05440902709961
2024-05-24,45.06325149536133
2024-05-27,45.07209396362305
2024-05-28,45.08978271484375
2024-05-29,44.37350845336914
2024-05-31,43.68376541137695
2024-06-03,44.95713424682617
2024-06-04,44.904075622558594
2024-06-05,45.06325149536133
2024-06-06,45.2224235534668
2024-06-07,44.64763641357422
2024-06-10,42.799476623535156
2024-06-11,43.825252532958984
2024-06-12,43.41847610473633
2024-06-13,43.41847610473633
2024-06-14,44.44424819946289
2024-06-17,44.523834228515625
2024-06-18,44.382347106933594
2024-06-19,44.13475036621094
2024-06-20,44.08169174194336
2024-06-21,43.851776123046875
2024-06-24,44.39119338989258
2024-06-25,45.03672409057617
2024-06-26,44.6211051940918
2024-06-27,45.81489944458008
2024-06-28,45.408119201660156
2024-07-01,45.17820739746094
2024-07-02,44.930606842041016
2024-07-03,45.41696548461914
2024-07-04,45.867950439453125
2024-07-05,46.67264938354492
2024-07-08,46.97331237792969
2024-07-09,47.70726776123047
2024-07-10,47.53041076660156
2024-07-11,48.14743423461914
2024-07-12,48.50474166870117
2024-07-15,48.10276794433594
2024-07-16,47.68292999267578
2024-07-17,48.14743423461914
2024-07-18,46.96831130981445
2024-07-19,46.70926284790039
2024-07-22,47.72759246826172
2024-07-23,46.99510955810547
2024-07-24,46.182228088378906
2024-07-25,45.02097702026367
2024-07-26,45.41401290893555
2024-07-29,44.44927978515625
2024-07-30,43.49347686767578
2024-07-31,43.45774459838867
2024-08-01,45.01204299926758
2024-08-02,44.9763069152832
2024-08-05,43.94011306762695
2024-08-06,44.109840393066406
2024-08-07,44.94951248168945
2024-08-08,45.84278869628906
2024-08-09,48.156368255615234
2024-08-12,47.77225875854492
2024-08-13,48.549400329589844
2024-08-14,49.2729606628418
2024-08-15,48.183162689208984
2024-08-16,45.64626693725586
2024-08-19,46.80752182006836
2024-08-20,46.682464599609375
2024-08-21,46.24475860595703
2024-08-22,44.88698196411133
2024-08-23,46.870052337646484
2024-08-26,46.97724533081055
2024-08-27,48.058101654052734
2024-08-28,47.30775833129883
2024-08-29,45.30682373046875
2024-08-30,43.77039337158203
2024-09-02,42.87711715698242
2024-09-03,42.3500862121582
2024-09-04,42.80565643310547
2024-09-05,42.43048095703125
2024-09-06,42.287559509277344
2024-09-09,41.53721237182617
2024-09-10,42.51087951660156
2024-09-11,43.073638916015625
2024-09-12,42.47514724731445
2024-09-13,43.18083190917969
2024-09-16,42.62700271606445
2024-09-17,42.10890197753906
2024-09-18,42.67166519165039
2024-09-19,41.35855484008789
2024-09-20,39.8846549987793
2024-09-23,40.37595748901367
2024-09-24,40.02758026123047
2024-09-25,38.357154846191406
2024-09-26,37.89265441894531
2024-09-27,38.29462432861328
2024-09-30,37.669334411621094
2024-10-01,37.30309295654297
2024-10-02,37.812259674072266
2024-10-03,36.21329879760742
2024-10-04,37.09764099121094
2024-10-07,36.534881591796875
2024-10-08,37.36562728881836
2024-10-09,36.936851501464844
2024-10-10,36.936851501464844
2024-10-11,37.33882522583008
2024-10-14,37.5532112121582
2024-10-15,37.54427719116211
2024-10-16,36.94578552246094
2024-10-17,36.62420654296875
2024-10-18,36.07931137084961
2024-10-21,36.525943756103516
2024-10-22,35.93638229370117
2024-10-23,36.0882453918457
2024-10-24,37.061912536621094
2024-10-25,36.20436477661133
2024-10-28,36.47235107421875
2024-10-29,35.87385940551758
2024-10-30,36.356224060058594
2024-10-31,36.838592529296875
2024-11-01,35.73093032836914
2024-11-04,37.00831604003906
2024-11-05,36.91899108886719
2024-11-06,36.62420654296875
2024-11-07,36.06144332885742
2024-11-08,35.954254150390625
2024-11-11,36.11503982543945
2024-11-12,35.82025909423828
2024-11-13,36.784996032714844
2024-11-14,37.61574172973633
2024-11-18,37.33882522583008
2024-11-19,36.784996032714844
2024-11-21,35.56121063232422
2024-11-22,36.48128128051758
2024-11-25,37.231632232666016
2024-11-26,37.928382873535156
2024-11-27,35.19497299194336
2024-11-28,31.8541259765625
2024-11-29,32.77419662475586
2024-12-02,32.92605209350586
2024-12-03,32.81886291503906
2024-12-04,31.34496307373047
2024-12-05,31.62187957763672
2024-12-06,30.36236000061035
2024-12-09,29.676464080810547
2024-12-10,30.80318832397461
2024-12-11,30.875877380371094
2024-12-12,29.104013442993164
2024-12-13,28.14084815979004
2024-12-16,27.713783264160156
2024-12-17,28.086328506469727
2024-12-18,26.35080909729004
2024-12-19,26.941431045532227
2024-12-20,28.168106079101562
2024-12-23,26.65974998474121
2024-12-26,26.196340560913086
2024-12-27,26.47801971435547
2024-12-30,26.877826690673828
2025-01-02,26.47801971435547
2025-01-03,26.241771697998047
2025-01-06,27.759214401245117
2025-01-07,28.45887565612793
2025-01-08,27.850078582763672
2025-01-09,27.8955135345459
2025-01-10,27.359411239624023
2025-01-13,26.98686408996582
2025-01-14,27.53205108642578
2025-01-15,28.549739837646484
2025-01-16,27.75012969970703
2025-01-17,27.55022621154785
2025-01-20,28.504308700561523
2025-01-21,28.57699966430664
2025-01-22,29.26757049560547
2025-01-23,29.213054656982422
2025-01-24,28.8950252532959
2025-01-27,30.1217041015625
2025-01-28,30.666889190673828
2025-01-29,30.530593872070312
2025-01-30,31.511932373046875
2025-01-31,31.030353546142578
2025-02-03,31.048521041870117
2025-02-04,30.576026916503906
2025-02-05,30.476076126098633
2025-02-06,31.284770965576172
2025-02-07,30.775928497314453
2025-02-10,30.267087936401367
2025-02-11,29.712810516357422
2025-02-12,28.604257583618164
2025-02-13,28.349836349487305
2025-02-14,29.09493064880371
2025-02-17,29.067668914794922
2025-02-18,29.812763214111328
2025-02-19,28.731470108032227
2025-02-20,28.8950252532959
2025-02-21,28.168106079101562
2025-02-24,26.069128036499023
2025-02-25,25.1877384185791
2025-02-26,24.342697143554688
2025-02-27,24.597118377685547
2025-02-28,23.624862670898438
2025-03-05,23.397701263427734
2025-03-06,23.470394134521484
2025-03-07,24.170053482055664
2025-03-10,23.87928581237793
2025-03-11,24.015583038330078
2025-03-12,20.798967361450195
2025-03-13,21.807565689086914
2025-03-14,19.535945892333984
2025-03-17,19.772193908691406
2025-03-18,20.89891815185547
2025-03-19,21.298725128173828
2025-03-20,21.61675262451172
2025-03-21,21.807565689086914
2025-03-24,21.725788116455078
2025-03-25,21.61675262451172
2025-03-26,22.016555786132812
2025-03-27,22.716215133666992
2025-03-28,22.41636085510254
2025-03-31,22.261890411376953
2025-04-01,22.443620681762695
2025-04-02,22.7525634765625
2025-04-03,23.23414421081543
2025-04-04,22.352754592895508
2025-04-07,22.007469177246094
2025-04-08,22.489051818847656
2025-04-09,23.379528045654297
2025-04-10,22.92520523071289
2025-04-11,23.842939376831055
2025-04-14,24.342697143554688
2025-04-15,24.533512115478516
2025-04-16,24.733415603637695
2025-04-17,25.07870101928711
2025-04-22,25.442161560058594
2025-04-23,25.678409576416016
2025-04-24,26.886911392211914
2025-04-25,27.568397521972656
2025-04-28,28.077241897583008
2025-04-29,28.149932861328125
2025-04-30,28.931371688842773
2025-05-02,28.87685203552246
2025-05-05,29.7673282623291
2025-05-06,29.712810516357422
2025-05-07,28.6224308013916
2025-05-08,34.92845153808594
2025-05-09,34.70128631591797
2025-05-12,35.85527420043945
2025-05-13,37.53627395629883
2025-05-14,38.16324234008789
2025-05-15,39.353572845458984
2025-05-16,39.88967514038086
2025-05-19,40.889190673828125
2025-05-20,39.853328704833984
2025-05-21,37.64531326293945
2025-05-22,37.43632507324219
2025-05-23,35.164703369140625
2025-05-26,35.96431350708008
2025-05-27,38.16324234008789
2025-05-28,38.02694320678711
2025-05-29,38.68116760253906
2025-05-30,40.11684036254883
2025-06-02,41.161781311035156
2025-06-03,40.771060943603516
2025-06-04,39.70794677734375
2025-06-05,39.598907470703125
2025-06-06,38.881072998046875
2025-06-09,38.344974517822266
2025-06-10,38.93559265136719
2025-06-11,37.92699432373047
2025-06-12,38.626651763916016
2025-06-13,37.372718811035156
2025-06-16,37.93608093261719
2025-06-17,36.96382522583008
2025-06-18,37.54536056518555
2025-06-20,36.5731086730957
2025-06-23,35.101097106933594
2025-06-24,36.68214416503906
2025-06-25,35.00114822387695
2025-06-26,37.09103775024414
2025-06-27,37.318199157714844
2025-06-30,39.07189178466797
2025-07-01,37.345458984375
2025-07-02,35.96431350708008
2025-07-03,37.309112548828125
2025-07-04,37.336368560791016
2025-07-07,36.600364685058594
2025-07-08,35.164703369140625
2025-07-09,33.619998931884766
2025-07-10,33.15658950805664
2025-07-11,32.42058181762695
2025-07-14,31.975343704223633
2025-07-15,32.89308166503906
2025-07-16,32.902164459228516
2025-07-17,33.06571960449219
2025-07-18,32.42966842651367
2025-07-21,32.28428268432617
2025-07-22,32.70226287841797
2025-07-23,33.72903823852539
2025-07-24,33.17475891113281
2025-07-25,33.047550201416016
2025-07-28,31.948083877563477
2025-07-29,32.39332580566406
2025-07-30,33.365577697753906
2025-07-31,32.42058181762695
2025-08-01,32.03894805908203
2025-08-04,32.02986526489258
2025-08-05,32.35697555541992
2025-08-06,33.647254943847656
2025-08-07,34.601341247558594
2025-08-08,32.16616439819336
2025-08-11,30.303428649902344
2025-08-12,31.202993392944336
2025-08-13,30.003578186035156
2025-08-14,29.158533096313477
2025-08-15,29.894540786743164
2025-08-18,30.894054412841797
2025-08-19,29.476558685302734
2025-08-20,28.467960357666016
2025-08-21,28.431615829467773
2025-08-22,30.07626724243164
2025-08-25,30.394298553466797
2025-08-26,30.712322235107422
2025-08-27,31.366548538208008
2025-08-28,31.784526824951172
2025-08-29,31.539194107055664
2025-09-01,31.56645393371582
2025-09-02,30.703237533569336
2025-09-03,30.530593872070312
2025-09-04,30.194393157958984
2025-09-05,29.867279052734375
2025-09-08,29.285743713378906
2025-09-09,28.567913055419922
2025-09-10,28.913198471069336
2025-09-11,29.939971923828125
2025-09-12,29.59468650817871
2025-09-15,30.394298553466797
2025-09-16,30.35795021057129
2025-09-17,30.703237533569336
2025-09-18,29.66737937927246
2025-09-19,29.258485794067383
2025-09-22,28.6224308013916
2025-09-23,29.01314926147461
2025-09-24,28.676950454711914
2025-09-25,28.086328506469727
2025-09-26,27.913684844970703
2025-09-29,28.213539123535156
2025-09-30,27.395755767822266
2025-10-01,26.85056495666504
2025-10-02,25.46942138671875
2025-10-03,24.797019958496094
2025-10-06,24.115535736083984
2025-10-07,22.74347496032715
2025-10-08,22.943376541137695
2025-10-09,22.816165924072266
2025-10-10,22.579917907714844
2025-10-13,22.40727424621582
2025-10-14,22.716215133666992
2025-10-15,22.77981948852539
2025-10-16,22.252805709838867
2025-10-17,22.561744689941406
2025-10-20,23.125106811523438
2025-10-21,23.288663864135742
2025-10-22,23.724815368652344
2025-10-23,25.042354583740234
2025-10-24,25.47850799560547
2025-10-27,26.069128036499023
2025-10-28,25.832881927490234
2025-10-29,25.542112350463867
2025-10-30,26.03278160095215
2025-10-31,26.08730125427246
2025-11-03,25.669322967529297
2025-11-04,25.787446975708008
2025-11-05,26.42350196838379
2025-11-06,25.623891830444336
2025-11-07,26.123647689819336
2025-11-10,25.58754539489746
2025-11-11,26.123647689819336
2025-11-12,26.859651565551758
2025-11-13,26.696096420288086
2025-11-14,27.023208618164062
2025-11-17,26.387155532836914
2025-11-18,27.55022621154785
2025-11-19,27.014123916625977
2025-11-21,27.62291717529297
2025-11-24,26.950292587280273
2025-11-25,26.669462203979492
2025-11-26,27.34345245361328
2025-11-27,26.706907272338867
2025-11-28,27.10942840576172
2025-12-01,26.360549926757812
2025-12-02,27.006458282470703
2025-12-03,26.669462203979492
2025-12-04,26.68818473815918
2025-12-05,24.0296630859375
2025-12-08,23.917329788208008
2025-12-09,23.964136123657227
2025-12-10,23.374393463134766
2025-12-11,23.27142333984375
2025-12-12,23.74883460998535
2025-12-15,23.177812576293945
2025-12-16,22.588069915771484
2025-12-17,22.46637725830078
2025-12-18,22.840816497802734
2025-12-19,23.215255737304688
2025-12-22,23.399999618530273
2025-12-23,23.81999969482422
2025-12-26,24.459999084472656
2025-12-29,24.81999969482422
2025-12-30,25.15999984741211
