date,close
2010-12-01,7.3299946784973145
2010-12-02,7.3299946784973145
2010-12-03,7.4177141189575195
2010-12-06,7.346444606781006
2010-12-07,7.280651092529297
2010-12-08,7.055873394012451
2010-12-09,7.006533145904541
2010-12-10,6.880435466766357
2010-12-13,7.0010480880737305
2010-12-14,6.962674140930176
2010-12-15,7.022976398468018
2010-12-16,6.990085124969482
2010-12-17,7.105215072631836
2010-12-20,7.028461933135986
2010-12-21,6.902365684509277
2010-12-22,6.9926276206970215
2010-12-23,6.981658935546875
2010-12-27,6.95423698425293
2010-12-28,7.036502361297607
2010-12-29,7.11876916885376
2010-12-30,7.201035022735596
2011-01-03,7.34911584854126
2011-01-04,7.3655686378479
2011-01-05,7.195550441741943
2011-01-06,7.30523681640625
2011-01-07,7.124255657196045
2011-01-10,7.157161235809326
2011-01-11,6.91036319732666
2011-01-12,6.932298183441162
2011-01-13,6.926815032958984
2011-01-14,6.8006720542907715
2011-01-17,6.828096866607666
2011-01-18,6.701955318450928
2011-01-19,6.60323429107666
2011-01-20,6.5538740158081055
2011-01-21,6.570328712463379
2011-01-24,6.701955318450928
2011-01-26,6.669046878814697
2011-01-27,6.60323429107666
2011-01-28,6.5154805183410645
2011-01-31,6.389342308044434
2011-02-01,6.526451587677002
2011-02-02,6.499032020568848
2011-02-03,6.3783745765686035
2011-02-04,6.180931568145752
2011-02-07,6.032855033874512
2011-02-08,6.142543315887451
2011-02-09,6.36191987991333
2011-02-10,6.372887134552002
2011-02-11,6.509995937347412
2011-02-14,6.59226655960083
2011-02-15,6.279653072357178
2011-02-16,6.4003095626831055
2011-02-17,6.526451587677002
2011-02-18,6.411278247833252
2011-02-21,6.241261005401611
2011-02-22,6.042169094085693
2011-02-23,6.075094699859619
2011-02-25,6.201317310333252
2011-02-28,6.20680570602417
2011-03-01,6.075094699859619
2011-03-02,6.228757381439209
2011-03-03,6.36595344543457
2011-03-04,6.327539920806885
2011-03-10,6.190341949462891
2011-03-11,6.0915608406066895
2011-03-14,6.157413482666016
2011-03-15,6.146439075469971
2011-03-16,6.162901401519775
2011-03-17,6.184853553771973
2011-03-18,6.338511943817139
2011-03-21,6.20680570602417
2011-03-22,6.146439075469971
2011-03-23,6.146439075469971
2011-03-24,6.108024597167969
2011-03-25,6.108024597167969
2011-03-28,6.0915608406066895
2011-03-29,6.294610500335693
2011-03-30,6.508638381958008
2011-03-31,6.508638381958008
2011-04-01,6.508638381958008
2011-04-04,6.689737796783447
2011-04-05,6.689737796783447
2011-04-06,6.662301540374756
2011-04-07,6.711690902709961
2011-04-08,6.684250354766846
2011-04-11,6.536076545715332
2011-04-12,6.437295436859131
2011-04-13,6.294610500335693
2011-04-14,6.316563129425049
2011-04-15,6.36595344543457
2011-04-18,6.349487781524658
2011-04-19,6.459249496459961
2011-04-20,6.464735984802246
2011-04-25,6.519614219665527
2011-04-26,6.530588626861572
2011-04-27,6.530588626861572
2011-04-28,6.4976654052734375
2011-04-29,6.4976654052734375
2011-05-02,6.448271751403809
2011-05-03,6.32070255279541
2011-05-04,6.3483052253723145
2011-05-05,6.35382604598999
2011-05-06,6.558073997497559
2011-05-09,2.220986843109131
2011-05-10,2.220986843109131
2011-05-11,2.171304702758789
2011-05-12,2.1529035568237305
2011-05-13,2.123461961746216
2011-05-16,2.123461961746216
2011-05-17,2.0921807289123535
2011-05-18,2.0424981117248535
2011-05-19,2.0259361267089844
2011-05-20,2.0277771949768066
2011-05-23,2.0240964889526367
2011-05-24,2.029616117477417
2011-05-25,2.046177864074707
2011-05-26,2.0351366996765137
2011-05-27,2.0590593814849854
2011-05-30,2.049858331680298
2011-05-31,2.0829803943634033
2011-06-01,2.033297061920166
2011-06-02,2.0608997344970703
2011-06-03,2.0829803943634033
2011-06-06,2.046177864074707
2011-06-07,2.033297061920166
2011-06-08,2.049858331680298
2011-06-09,2.097701072692871
2011-06-10,2.0792994499206543
2011-06-13,2.057217597961426
2011-06-14,2.048018217086792
2011-06-15,1.9652149677276611
2011-06-16,1.9284124374389648
2011-06-17,2.0056965351104736
2011-06-20,1.9431333541870117
2011-06-21,1.9486536979675293
2011-06-22,1.9347749948501587
2011-06-24,1.9162242412567139
2011-06-27,1.8958191871643066
2011-06-28,1.9700194597244263
2011-06-29,1.9421952962875366
2011-06-30,1.9162242412567139
2011-07-01,2.0163943767547607
2011-07-04,2.0034093856811523
2011-07-05,1.9570342302322388
2011-07-06,1.9421952962875366
2011-07-07,1.9700194597244263
2011-07-08,1.9403399229049683
2011-07-11,1.8772697448730469
2011-07-12,1.816054344177246
2011-07-13,1.855008602142334
2011-07-14,1.7900842428207397
2011-07-15,1.8123435974121094
2011-07-18,1.7696788311004639
2011-07-19,1.764114499092102
2011-07-20,1.7863737344741821
2011-07-21,1.8494441509246826
2011-07-22,1.8271838426589966
2011-07-25,1.8308942317962646
2011-07-26,1.7715336084365845
2011-07-27,1.6750731468200684
2011-07-28,1.6491035223007202
2011-07-29,1.6769285202026367
2011-08-01,1.6620882749557495
2011-08-02,1.6157128810882568
2011-08-03,1.5526431798934937
2011-08-04,1.4469077587127686
2011-08-05,1.5322377681732178
2011-08-08,1.4747329950332642
2011-08-09,1.5582079887390137
2011-08-10,1.6231317520141602
2011-08-11,1.671363115310669
2011-08-12,1.6787827014923096
2011-08-15,1.6639429330825806
2011-08-16,1.6695083379745483
2011-08-17,1.7158828973770142
2011-08-18,1.6491035223007202
2011-08-19,1.6157128810882568
2011-08-22,1.643537998199463
2011-08-23,1.6602333784103394
2011-08-24,1.6899136304855347
2011-08-25,1.6231317520141602
2011-08-26,1.6231317520141602
2011-08-29,1.696825623512268
2011-08-30,1.706231951713562
2011-08-31,1.755143404006958
2011-09-01,1.8999940156936646
2011-09-02,1.82474684715271
2011-09-05,1.7645487785339355
2011-09-06,1.753261685371399
2011-09-08,1.8191030025482178
2011-09-09,1.7325693368911743
2011-09-12,1.6930642127990723
2011-09-13,1.679895281791687
2011-09-14,1.7175201177597046
2011-09-15,1.7231626510620117
2011-09-16,1.758905053138733
2011-09-19,1.7438565492630005
2011-09-20,1.760787010192871
2011-09-21,1.7626677751541138
2011-09-22,1.6535595655441284
2011-09-23,1.7325693368911743
2011-09-26,1.7400931119918823
2011-09-27,1.7118756771087646
2011-09-28,1.668608546257019
2011-09-29,1.6648467779159546
2011-09-30,1.6535595655441284
2011-10-03,1.617816686630249
2011-10-04,1.6272225379943848
2011-10-05,1.6554402112960815
2011-10-06,1.7438565492630005
2011-10-07,1.7363311052322388
2011-10-10,1.7927664518356323
2011-10-11,1.8567266464233398
2011-10-13,1.862370252609253
2011-10-14,1.8548446893692017
2011-10-17,1.830390453338623
2011-10-18,1.830390453338623
2011-10-19,1.8567266464233398
2011-10-20,1.804054856300354
2011-10-21,1.8567266464233398
2011-10-24,1.8567266464233398
2011-10-25,1.8567266464233398
2011-10-26,1.8567266464233398
2011-10-27,1.8567266464233398
2011-10-28,1.95454740524292
2011-10-31,1.969597339630127
2011-11-01,1.8962321281433105
2011-11-03,1.8962321281433105
2011-11-04,1.8962321281433105
2011-11-07,1.9169248342514038
2011-11-08,1.9282119274139404
2011-11-09,1.943260669708252
2011-11-10,1.943260669708252
2011-11-11,1.9470244646072388
2011-11-14,1.9263312816619873
2011-11-16,1.971479058265686
2011-11-17,2.014746904373169
2011-11-18,2.0130603313446045
2011-11-21,1.9236339330673218
2011-11-22,1.8836764097213745
2011-11-23,1.8284977674484253
2011-11-24,1.8246936798095703
2011-11-25,1.8018592596054077
2011-11-28,1.7980549335479736
2011-11-29,1.807568073272705
2011-11-30,1.879871129989624
2011-12-01,2.005449056625366
2011-12-02,2.007352828979492
2011-12-05,2.018768548965454
2011-12-06,1.9921306371688843
2011-12-07,1.9407583475112915
2011-12-08,1.8855795860290527
2011-12-09,1.921730637550354
2011-12-12,1.921730637550354
2011-12-13,1.8969957828521729
2011-12-14,1.8836764097213745
2011-12-15,1.9027034044265747
2011-12-16,1.8836764097213745
2011-12-19,1.8570388555526733
2011-12-20,1.9103137254714966
2011-12-21,1.9046053886413574
2011-12-22,1.9255361557006836
2011-12-23,1.9236339330673218
2011-12-26,1.9198274612426758
2011-12-27,1.9255361557006836
2011-12-28,1.8741626739501953
2011-12-29,1.8646494150161743
2012-01-02,1.8551362752914429
2012-01-03,1.8874820470809937
2012-01-04,1.921730637550354
2012-01-05,1.900801420211792
2012-01-06,1.9293413162231445
2012-01-09,1.9597851037979126
2012-01-10,1.9997416734695435
2012-01-11,1.9807146787643433
2012-01-12,1.9426603317260742
2012-01-13,1.9236339330673218
2012-01-16,1.9236339330673218
2012-01-17,1.9236339330673218
2012-01-18,1.9788126945495605
2012-01-19,1.9692989587783813
2012-01-20,1.9788126945495605
2012-01-23,1.9826164245605469
2012-01-24,1.9807146787643433
2012-01-26,2.033989906311035
2012-01-27,2.072044610977173
2012-01-30,2.089168071746826
2012-01-31,2.0910706520080566
2012-02-01,2.1957199573516846
2012-02-02,2.222358226776123
2012-02-03,2.252800703048706
2012-02-06,2.252800703048706
2012-02-07,2.266120195388794
2012-02-08,2.2984650135040283
2012-02-09,2.2623140811920166
2012-02-10,2.207136869430542
2012-02-13,2.3155903816223145
2012-02-14,2.3422276973724365
2012-02-15,2.2908551692962646
2012-02-16,2.237579584121704
2012-02-17,2.237579584121704
2012-02-23,2.2185521125793457
2012-02-24,2.2299680709838867
2012-02-27,2.216648817062378
2012-02-28,2.264216899871826
2012-02-29,2.1862072944641113
2012-03-01,2.2261626720428467
2012-03-02,2.288952589035034
2012-03-05,2.2832438945770264
2012-03-06,2.2261626720428467
2012-03-07,2.292757987976074
2012-03-08,2.3384222984313965
2012-03-09,2.380282402038574
2012-03-12,2.378380060195923
2012-03-13,2.406919479370117
2012-03-14,2.378380060195923
2012-03-15,2.328909397125244
2012-03-16,2.313687324523926
2012-03-19,2.325103521347046
2012-03-20,2.2775368690490723
2012-03-21,2.2623140811920166
2012-03-22,2.2623140811920166
2012-03-23,2.252800703048706
2012-03-26,2.2832438945770264
2012-03-27,2.2832438945770264
2012-03-28,2.2242603302001953
2012-03-29,2.1576664447784424
2012-03-30,2.1610140800476074
2012-04-02,2.2417640686035156
2012-04-03,2.2321512699127197
2012-04-04,2.182164430618286
2012-04-05,2.1533243656158447
2012-04-09,2.189854383468628
2012-04-10,2.1398658752441406
2012-04-11,2.066807508468628
2012-04-12,2.141788959503174
2012-04-13,2.076420545578003
2012-04-16,2.1033363342285156
2012-04-17,2.128330707550049
2012-04-18,2.145634651184082
2012-04-19,2.164860725402832
2012-04-20,2.136021614074707
2012-04-23,2.0571939945220947
2012-04-24,2.0706520080566406
2012-04-25,2.0860331058502197
2012-04-26,2.097569227218628
2012-04-27,2.0591180324554443
2012-04-30,2.0610384941101074
2012-05-02,2.0610384941101074
2012-05-03,2.1148717403411865
2012-05-04,2.0475807189941406
2012-05-07,2.076420545578003
2012-05-08,2.037968158721924
2012-05-09,1.9572184085845947
2012-05-10,1.9476051330566406
2012-05-11,1.970676064491272
2012-05-14,1.8860819339752197
2012-05-15,1.9028456211090088
2012-05-16,1.8211287260055542
2012-05-17,1.7899971008300781
2012-05-18,1.770541787147522
2012-05-21,1.8542035818099976
2012-05-22,1.8075085878372192
2012-05-23,1.8250190019607544
2012-05-24,1.8386387825012207
2012-05-25,1.850313425064087
2012-05-28,1.8619874715805054
2012-05-29,1.8970084190368652
2012-05-30,1.867823600769043
2012-05-31,1.8580955266952515
2012-06-01,1.8347482681274414
2012-06-04,1.8580955266952515
2012-06-05,1.8522590398788452
2012-06-06,1.9456487894058228
2012-06-08,2.0020737648010254
2012-06-11,1.941758394241333
2012-06-12,2.0195846557617188
2012-06-13,2.083791971206665
2012-06-14,2.1265954971313477
2012-06-15,2.0896284580230713
2012-06-18,2.0254220962524414
2012-06-19,1.9845632314682007
2012-06-20,1.9845632314682007
2012-06-21,1.8775525093078613
2012-06-22,1.9437042474746704
2012-06-25,1.8970084190368652
2012-06-26,1.9359208345413208
2012-06-27,1.926193118095398
2012-06-28,1.949541687965393
2012-06-29,1.9942903518676758
2012-07-02,2.060443639755249
2012-07-03,2.1499431133270264
2012-07-04,2.1830196380615234
2012-07-05,2.2199862003326416
2012-07-06,2.1577255725860596
2012-07-10,2.140214681625366
2012-07-11,2.1460511684417725
2012-07-12,2.1616175174713135
2012-07-13,2.196639060974121
2012-07-16,2.1304872035980225
2012-07-17,2.1596715450286865
2012-07-18,2.177182674407959
2012-07-19,2.2199862003326416
2012-07-20,2.111029863357544
2012-07-23,2.0546064376831055
2012-07-24,2.0896284580230713
2012-07-25,2.1013023853302
2012-07-26,2.1985838413238525
2012-07-27,2.31337833404541
2012-07-30,2.2997586727142334
2012-07-31,2.237496852874756
2012-08-01,2.2686269283294678
2012-08-02,2.2063663005828857
2012-08-03,2.3269968032836914
2012-08-06,2.334779739379883
2012-08-07,2.293921709060669
2012-08-08,2.2919747829437256
2012-08-09,2.3055951595306396
2012-08-10,2.330051898956299
2012-08-13,2.3103880882263184
2012-08-14,2.2690956592559814
2012-08-15,2.3103880882263184
2012-08-16,2.3398830890655518
2012-08-17,2.343816041946411
2012-08-20,2.3693766593933105
2012-08-21,2.351679801940918
2012-08-22,2.3359501361846924
2012-08-23,2.286792278289795
2012-08-24,2.312354803085327
2012-08-27,2.312354803085327
2012-08-28,2.2651638984680176
2012-08-29,2.188478469848633
2012-08-30,2.153085947036743
2012-08-31,2.101962089538574
2012-09-03,2.2002766132354736
2012-09-04,2.1983096599578857
2012-09-05,2.231736898422241
2012-09-06,2.3044893741607666
2012-09-10,2.2769620418548584
2012-09-11,2.2848258018493652
2012-09-12,2.2808945178985596
2012-09-13,2.3752756118774414
2012-09-14,2.4676918983459473
2012-09-17,2.4971861839294434
2012-09-18,2.5424108505249023
2012-09-19,2.516847610473633
2012-09-20,2.499152183532715
2012-09-21,2.477522611618042
2012-09-24,2.5699386596679688
2012-09-25,2.5188148021698
2012-09-26,2.499152183532715
2012-09-27,2.4676918983459473
2012-09-28,2.4087021350860596
2012-10-01,2.4106686115264893
2012-10-02,2.412635564804077
2012-10-03,2.41853404045105
2012-10-04,2.4205000400543213
2012-10-05,2.438196897506714
2012-10-08,2.5050504207611084
2012-10-09,2.4637584686279297
2012-10-10,2.438196897506714
2012-10-11,2.5325794219970703
2012-10-15,2.5404436588287354
2012-10-16,2.6544885635375977
2012-10-17,2.6446573734283447
2012-10-18,2.632859945297241
2012-10-19,2.607297658920288
2012-10-22,2.6367921829223633
2012-10-23,2.5561742782592773
2012-10-24,2.524714946746826
2012-10-25,2.593533992767334
2012-10-26,2.611229419708252
2012-10-29,2.5915679931640625
2012-10-30,2.5994322299957275
2012-10-31,2.5561742782592773
2012-11-01,2.6544885635375977
2012-11-05,2.595501184463501
2012-11-06,2.717410087585449
2012-11-07,2.6977477073669434
2012-11-08,2.61909556388855
2012-11-09,2.6053314208984375
2012-11-12,2.589601516723633
2012-11-13,2.5679726600646973
2012-11-14,2.5188148021698
2012-11-16,2.4971861839294434
2012-11-19,2.52274751663208
2012-11-21,2.442129611968994
2012-11-22,2.4807369709014893
2012-11-23,2.4946300983428955
2012-11-26,2.496614933013916
2012-11-27,2.4807369709014893
2012-11-28,2.5224132537841797
2012-11-29,2.562105178833008
2012-11-30,2.5482146739959717
2012-12-03,2.6097359657287598
2012-12-04,2.560121536254883
2012-12-05,2.530352830886841
2012-12-06,2.502568006515503
2012-12-07,2.587905168533325
2012-12-10,2.6514105796813965
2012-12-11,2.738734245300293
2012-12-12,2.7169041633605957
2012-12-13,2.718888521194458
2012-12-14,2.7288100719451904
2012-12-17,2.667288064956665
2012-12-18,2.750641345977783
2012-12-19,2.837963581085205
2012-12-20,2.7724711894989014
2012-12-21,2.7347638607025146
2012-12-26,2.780409812927246
2012-12-27,2.7347638607025146
2012-12-28,2.778425455093384
2013-01-02,2.8002560138702393
2013-01-03,2.8002560138702393
2013-01-04,2.7486565113067627
2013-01-07,2.7347638607025146
2013-01-08,2.7585794925689697
2013-01-09,2.778425455093384
2013-01-10,2.7764415740966797
2013-01-11,2.778425455093384
2013-01-14,2.7565958499908447
2013-01-15,2.6891181468963623
2013-01-16,2.6593503952026367
2013-01-17,2.738734245300293
2013-01-18,2.76254940032959
2013-01-21,2.7764415740966797
2013-01-22,2.7764415740966797
2013-01-23,2.760563850402832
2013-01-24,2.7069802284240723
2013-01-28,2.6911041736602783
2013-01-29,2.76254940032959
2013-01-30,2.7228567600250244
2013-01-31,2.7665176391601562
2013-02-01,2.843916654586792
2013-02-04,2.788349151611328
2013-02-05,2.847886323928833
2013-02-06,2.754610776901245
2013-02-07,2.708965301513672
2013-02-08,2.667288064956665
2013-02-13,2.708965301513672
2013-02-14,2.6752264499664307
2013-02-15,2.7585794925689697
2013-02-18,2.7288100719451904
2013-02-19,2.6851494312286377
2013-02-20,2.6097359657287598
2013-02-21,2.5700435638427734
2013-02-22,2.617673397064209
2013-02-25,2.6256120204925537
2013-02-26,2.6335506439208984
2013-02-27,2.6395046710968018
2013-02-28,2.6613352298736572
2013-03-01,2.611720085144043
2013-03-04,2.615689277648926
2013-03-05,2.6514105796813965
2013-03-06,2.780409812927246
2013-03-07,2.738734245300293
2013-03-08,2.780409812927246
2013-03-11,2.7982726097106934
2013-03-12,2.7446882724761963
2013-03-13,2.6891181468963623
2013-03-14,2.7129340171813965
2013-03-15,2.724842071533203
2013-03-18,2.6930880546569824
2013-03-19,2.7169041633605957
2013-03-20,2.6712582111358643
2013-03-21,2.5978288650512695
2013-03-22,2.615689277648926
2013-03-25,2.623627185821533
2013-03-26,2.6514105796813965
2013-03-27,2.677211284637451
2013-03-28,2.7069802284240723
2013-04-01,2.724842071533203
2013-04-02,2.6613352298736572
2013-04-03,2.7268261909484863
2013-04-04,2.714918375015259
2013-04-05,2.7208731174468994
2013-04-08,2.679196357727051
2013-04-09,2.6712582111358643
2013-04-10,2.7565958499908447
2013-04-11,2.701026678085327
2013-04-12,2.619659185409546
2013-04-15,2.599813222885132
2013-04-16,2.6295809745788574
2013-04-17,2.5422592163085938
2013-04-18,2.6090457439422607
2013-04-19,2.661468744277954
2013-04-22,2.6917128562927246
2013-04-23,2.732037305831909
2013-04-24,2.685664176940918
2013-04-25,2.7522003650665283
2013-04-26,2.7522003650665283
2013-04-29,2.711874485015869
2013-04-30,2.792525053024292
2013-05-02,2.8550286293029785
2013-05-03,2.893339157104492
2013-05-06,2.8792262077331543
2013-05-07,2.9014031887054443
2013-05-08,2.895355463027954
2013-05-09,2.9014031887054443
2013-05-10,2.9135005474090576
2013-05-13,2.8651115894317627
2013-05-14,2.8671274185180664
2013-05-15,2.86914324760437
2013-05-16,2.8368844985961914
2013-05-17,2.8550286293029785
2013-05-20,2.9135005474090576
2013-05-21,2.9336650371551514
2013-05-22,2.9459569454193115
2013-05-23,2.9236080646514893
2013-05-24,2.8992276191711426
2013-05-27,2.9215774536132812
2013-05-28,2.9378316402435303
2013-05-29,2.8646903038024902
2013-05-31,2.8464040756225586
2013-06-03,2.834214925765991
2013-06-04,2.8362460136413574
2013-06-05,2.763104200363159
2013-06-06,2.787485361099243
2013-06-07,2.70824933052063
2013-06-10,2.704185724258423
2013-06-11,2.6086971759796143
2013-06-12,2.5599358081817627
2013-06-13,2.6147913932800293
2013-06-14,2.5782201290130615
2013-06-17,2.5802524089813232
2013-06-18,2.661520481109619
2013-06-19,2.4766359329223633
2013-06-20,2.3811464309692383
2013-06-21,2.332386016845703
2013-06-24,2.3872411251068115
2013-06-25,2.474604606628418
2013-06-26,2.4603822231292725
2013-06-27,2.503047227859497
2013-06-28,2.503047227859497
2013-07-01,2.5944736003875732
2013-07-02,2.4685094356536865
2013-07-03,2.4563188552856445
2013-07-04,2.4685094356536865
2013-07-05,2.470541000366211
2013-07-08,2.4644458293914795
2013-07-10,2.533522844314575
2013-07-11,2.620887041091919
2013-07-12,2.5700933933258057
2013-07-15,2.5822842121124268
2013-07-16,2.4928903579711914
2013-07-17,2.535555362701416
2013-07-18,2.5700933933258057
2013-07-19,2.507111072540283
2013-07-22,2.519301414489746
2013-07-23,2.5213332176208496
2013-07-24,2.501016139984131
2013-07-25,2.553840398788452
2013-07-26,2.553840398788452
2013-07-29,2.5253970623016357
2013-07-30,2.454286813735962
2013-07-31,2.4989848136901855
2013-08-01,2.535555362701416
2013-08-02,2.4685094356536865
2013-08-05,2.4177167415618896
2013-08-06,2.348639488220215
2013-08-07,2.3608291149139404
2013-08-08,2.45835018157959
2013-08-09,2.3750510215759277
2013-08-12,2.4034948348999023
2013-08-13,2.4075586795806885
2013-08-14,2.348639488220215
2013-08-15,2.3364484310150146
2013-08-16,2.377082347869873
2013-08-19,2.2998783588409424
2013-08-20,2.2917520999908447
2013-08-21,2.3181631565093994
2013-08-22,2.3463494777679443
2013-08-23,2.4636664390563965
2013-08-26,2.4492595195770264
2013-08-27,2.323709011077881
2013-08-28,2.3710477352142334
2013-08-29,2.383397340774536
2013-08-30,2.4142701625823975
2013-09-02,2.4225027561187744
2013-09-03,2.4492595195770264
2013-09-04,2.4739575386047363
2013-09-05,2.5171806812286377
2013-09-06,2.5830423831939697
2013-09-09,2.62420654296875
2013-09-10,2.5871598720550537
2013-09-11,2.5995078086853027
2013-09-12,2.5439367294311523
2013-09-13,2.61391544342041
2013-09-16,2.6344971656799316
2013-09-17,2.6468465328216553
2013-09-18,2.7476987838745117
2013-09-19,2.6736035346984863
2013-09-20,2.607741117477417
2013-09-23,2.640671491622925
2013-09-24,2.6365556716918945
2013-09-25,2.6550798416137695
2013-09-26,2.603623628616333
2013-09-27,2.5830423831939697
2013-09-30,2.548053026199341
2013-10-01,2.6344971656799316
2013-10-02,2.5768675804138184
2013-10-03,2.56246018409729
2013-10-04,2.603623628616333
2013-10-07,2.603623628616333
2013-10-08,2.5995078086853027
2013-10-09,2.5912747383117676
2013-10-10,2.570693016052246
2013-10-11,2.5871598720550537
2013-10-14,2.6097989082336426
2013-10-15,2.5933337211608887
2013-10-16,2.65096378326416
2013-10-17,2.6344971656799316
2013-10-18,2.683894634246826
2013-10-21,2.6653695106506348
2013-10-22,2.6880109310150146
2013-10-23,2.6550798416137695
2013-10-24,2.6447885036468506
2013-10-25,2.5830423831939697
2013-10-28,2.640671491622925
2013-10-29,2.6612534523010254
2013-10-30,2.6386139392852783
2013-10-31,2.597450017929077
2013-11-01,2.564518451690674
2013-11-04,2.5521693229675293
2013-11-05,2.469841241836548
2013-11-06,2.496598243713379
2013-11-07,2.4348526000976562
2013-11-08,2.4286770820617676
2013-11-11,2.3875136375427246
2013-11-12,2.3850886821746826
2013-11-13,2.459948778152466
2013-11-14,2.495297431945801
2013-11-18,2.4849002361297607
2013-11-19,2.449550151824951
2013-11-21,2.4412331581115723
2013-11-22,2.495297431945801
2013-11-25,2.4703452587127686
2013-11-26,2.4412331581115723
2013-11-27,2.4079623222351074
2013-11-28,2.430835723876953
2013-11-29,2.4516305923461914
2013-12-02,2.391326427459717
2013-12-03,2.310230016708374
2013-12-04,2.3164687156677246
2013-12-05,2.2166554927825928
2013-12-06,2.3393421173095703
2013-12-09,2.301912784576416
2013-12-10,2.2769594192504883
2013-12-11,2.2000207901000977
2013-12-12,2.279038190841675
2013-12-13,2.2416090965270996
2013-12-16,2.2436885833740234
2013-12-17,2.210418462753296
2013-12-18,2.1979422569274902
2013-12-19,2.22705340385437
2013-12-20,2.1813058853149414
2013-12-23,2.210418462753296
2013-12-26,2.247847557067871
2013-12-27,2.2665624618530273
2013-12-30,2.299833059310913
2014-01-02,2.2000207901000977
2014-01-03,2.220815420150757
2014-01-06,2.1646714210510254
2014-01-07,2.143876075744629
2014-01-08,2.1937830448150635
2014-01-09,2.112685203552246
2014-01-10,2.112685203552246
2014-01-13,2.0981297492980957
2014-01-14,2.127241373062134
2014-01-15,2.1501142978668213
2014-01-16,2.114764928817749
2014-01-17,2.0960512161254883
2014-01-20,2.083573818206787
2014-01-21,2.04406476020813
2014-01-22,2.079414129257202
2014-01-23,2.0274295806884766
2014-01-24,2.0170326232910156
2014-01-27,2.0586209297180176
2014-01-28,2.046144723892212
2014-01-29,1.9775233268737793
2014-01-30,1.954649567604065
2014-01-31,1.994158148765564
2014-02-03,1.9192994832992554
2014-02-04,1.935935616493225
2014-02-05,1.9650475978851318
2014-02-06,2.0607001781463623
2014-02-07,2.000396490097046
2014-02-10,1.9754443168640137
2014-02-11,2.0191116333007812
2014-02-12,1.9484118223190308
2014-02-13,1.9213788509368896
2014-02-14,1.9920798540115356
2014-02-17,1.9692059755325317
2014-02-18,1.9276177883148193
2014-02-19,1.9879205226898193
2014-02-20,1.9692059755325317
2014-02-21,2.000396490097046
2014-02-24,2.0170326232910156
2014-02-25,2.002476692199707
2014-02-26,1.9796026945114136
2014-02-27,2.0939712524414062
2014-02-28,2.0939712524414062
2014-03-05,2.079414129257202
2014-03-06,2.121004104614258
2014-03-07,2.135558843612671
2014-03-10,2.0898118019104004
2014-03-11,2.0565409660339355
2014-03-12,2.0586209297180176
2014-03-13,2.0482242107391357
2014-03-14,2.035747528076172
2014-03-17,2.0877320766448975
2014-03-18,2.137638807296753
2014-03-19,2.1646714210510254
2014-03-20,2.1813058853149414
2014-03-21,2.1521947383880615
2014-03-24,2.1813058853149414
2014-03-25,2.1667490005493164
2014-03-26,2.1417977809906006
2014-03-27,2.2353715896606445
2014-03-28,2.2769594192504883
2014-03-31,2.3393421173095703
2014-04-01,2.258244514465332
2014-04-02,2.343500852584839
2014-04-03,2.3414218425750732
2014-04-04,2.35805606842041
2014-04-07,2.426677942276001
2014-04-08,2.4100422859191895
2014-04-09,2.4370739459991455
2014-04-10,2.3788509368896484
2014-04-11,2.383009910583496
2014-04-14,2.3705334663391113
2014-04-15,2.31438946723938
2014-04-16,2.3497390747070312
2014-04-17,2.3788509368896484
2014-04-22,2.4204397201538086
2014-04-23,2.403804302215576
2014-04-24,2.412121534347534
2014-04-25,2.3414218425750732
2014-04-28,2.3123085498809814
2014-04-29,2.391326427459717
2014-04-30,2.3705334663391113
2014-05-02,2.466186761856079
2014-05-05,2.468266010284424
2014-05-06,2.4620261192321777
2014-05-07,2.495297431945801
2014-05-08,2.4391543865203857
2014-05-09,2.4245975017547607
2014-05-12,2.4745032787323
2014-05-13,2.453709363937378
2014-05-14,2.4620261192321777
2014-05-15,2.4412331581115723
2014-05-16,2.4724245071411133
2014-05-19,2.4391543865203857
2014-05-20,2.431079149246216
2014-05-21,2.4457740783691406
2014-05-22,2.477264404296875
2014-05-23,2.4730663299560547
2014-05-26,2.477264404296875
2014-05-27,2.4562716484069824
2014-05-28,2.4562716484069824
2014-05-29,2.389091730117798
2014-05-30,2.3051161766052246
2014-06-02,2.307215690612793
2014-06-03,2.3093152046203613
2014-06-04,2.286221981048584
2014-06-05,2.286221981048584
2014-06-06,2.3513023853302
2014-06-09,2.391190528869629
2014-06-10,2.4646687507629395
2014-06-11,2.4646687507629395
2014-06-13,2.4939353466033936
2014-06-16,2.5150701999664307
2014-06-17,2.4875946044921875
2014-06-18,2.580589532852173
2014-06-20,2.5002758502960205
2014-06-23,2.4918224811553955
2014-06-24,2.5108437538146973
2014-06-25,2.4918224811553955
2014-06-26,2.496048927307129
2014-06-27,2.4791409969329834
2014-06-30,2.449551582336426
2014-07-01,2.4453251361846924
2014-07-02,2.377692222595215
2014-07-03,2.430530309677124
2014-07-04,2.417849063873291
2014-07-07,2.4199626445770264
2014-07-08,2.3798060417175293
2014-07-10,2.449551582336426
2014-07-11,2.504503011703491
2014-07-14,2.572134494781494
2014-07-15,2.580589532852173
2014-07-16,2.610177516937256
2014-07-17,2.580589532852173
2014-07-18,2.730647563934326
2014-07-21,2.7771453857421875
2014-07-22,2.8109607696533203
2014-07-23,2.6947178840637207
2014-07-24,2.787712335586548
2014-07-25,2.7834854125976562
2014-07-28,2.7813720703125
2014-07-29,2.656675338745117
2014-07-30,2.631312847137451
2014-07-31,2.559453010559082
2014-08-01,2.5742485523223877
2014-08-04,2.6376543045043945
2014-08-05,2.5996110439300537
2014-08-06,2.6439943313598633
2014-08-07,2.570021390914917
2014-08-08,2.5467724800109863
2014-08-11,2.6059515476226807
2014-08-12,2.6079511642456055
2014-08-13,2.558905839920044
2014-08-14,2.5908920764923096
2014-08-15,2.7039101123809814
2014-08-18,2.7614858150482178
2014-08-19,2.825457811355591
2014-08-20,2.7529566287994385
2014-08-21,2.7380294799804688
2014-08-22,2.7017769813537598
2014-08-25,2.7508249282836914
2014-08-26,2.7508249282836914
2014-08-27,2.8169283866882324
2014-08-28,2.808398723602295
2014-08-29,2.878769636154175
2014-09-01,2.98538875579834
2014-09-02,2.966198444366455
2014-09-03,3.006714105606079
2014-09-04,2.966198444366455
2014-09-05,3.0259058475494385
2014-09-08,2.9406092166900635
2014-09-09,2.8553123474121094
2014-09-10,2.8147974014282227
2014-09-11,2.8318560123443604
2014-09-12,2.697512626647949
2014-09-15,2.7892062664031982
2014-09-16,2.853179931640625
2014-09-17,2.8553123474121094
2014-09-18,2.7721476554870605
2014-09-19,2.7252345085144043
2014-09-22,2.6228790283203125
2014-09-23,2.6420700550079346
2014-09-24,2.646333694458008
2014-09-25,2.6292755603790283
2014-09-26,2.7081751823425293
2014-09-29,2.4885365962982178
2014-09-30,2.386179208755493
2014-10-01,2.322207450866699
2014-10-02,2.3541932106018066
2014-10-03,2.375516891479492
2014-10-06,2.5695667266845703
2014-10-07,2.631408214569092
2014-10-08,2.6292755603790283
2014-10-09,2.706042766571045
2014-10-10,2.5567729473114014
2014-10-13,2.7614858150482178
2014-10-14,2.7614858150482178
2014-10-15,2.6761889457702637
2014-10-16,2.5162570476531982
2014-10-17,2.599421739578247
2014-10-20,2.486402750015259
2014-10-21,2.2795586585998535
2014-10-22,2.2561020851135254
2014-10-23,2.1622745990753174
2014-10-24,2.273160696029663
2014-10-27,2.243306875228882
2014-10-28,2.322207450866699
2014-10-29,2.2177183628082275
2014-10-30,2.2369096279144287
2014-10-31,2.3243391513824463
2014-11-03,2.260366439819336
2014-11-04,2.262498617172241
2014-11-05,2.202791452407837
2014-11-06,2.1430835723876953
2014-11-07,2.1388192176818848
2014-11-10,2.108963966369629
2014-11-11,2.117495059967041
2014-11-12,2.160142183303833
2014-11-13,2.102567195892334
2014-11-14,2.106832265853882
2014-11-17,2.057785749435425
2014-11-18,2.134279251098633
2014-11-19,2.1515252590179443
2014-11-21,2.2744078636169434
2014-11-24,2.2679405212402344
2014-11-25,2.285187005996704
2014-11-26,2.2916550636291504
2014-11-27,2.2744078636169434
2014-11-28,2.27009654045105
2014-12-01,2.1278114318847656
2014-12-02,2.0674476623535156
2014-12-03,2.1019415855407715
2014-12-04,2.0696043968200684
2014-12-05,2.0846943855285645
2014-12-08,2.002772569656372
2014-12-09,1.9833697080612183
2014-12-10,1.953188419342041
2014-12-11,1.9402530193328857
2014-12-12,1.9014482498168945
2014-12-15,1.9186946153640747
2014-12-16,1.9079159498214722
2014-12-17,2.0049285888671875
2014-12-18,2.020019292831421
2014-12-19,2.020019292831421
2014-12-22,2.0846943855285645
2014-12-23,2.1234989166259766
2014-12-26,2.0890064239501953
2014-12-29,2.1278114318847656
2014-12-30,2.1213431358337402
2015-01-02,2.0502007007598877
2015-01-05,1.9941492080688477
2015-01-06,2.0135512351989746
2015-01-07,2.0933175086975098
2015-01-08,2.065291166305542
2015-01-09,2.0113959312438965
2015-01-12,1.953188419342041
2015-01-13,1.9574999809265137
2015-01-14,1.9963051080703735
2015-01-15,1.9876823425292969
2015-01-16,2.048044443130493
2015-01-19,1.9359409809112549
2015-01-20,1.9747464656829834
2015-01-21,2.065291166305542
2015-01-22,2.153681755065918
2015-01-23,2.117032289505005
2015-01-26,2.0911619663238525
2015-01-27,2.129966974258423
2015-01-28,2.0825395584106445
2015-01-29,2.1234989166259766
2015-01-30,1.9833697080612183
2015-02-02,2.0092406272888184
2015-02-03,2.065291166305542
2015-02-04,2.1019415855407715
2015-02-05,2.0868496894836426
2015-02-06,2.032954692840576
2015-02-09,2.032954692840576
2015-02-10,2.0135512351989746
2015-02-11,1.9337857961654663
2015-02-12,1.9984616041183472
2015-02-13,2.022174596786499
2015-02-18,2.0782268047332764
2015-02-19,2.0825395584106445
2015-02-20,2.0933175086975098
2015-02-23,2.0674476623535156
2015-02-24,2.1450581550598145
2015-02-25,2.129966974258423
2015-02-26,2.1623051166534424
2015-02-27,2.173084020614624
2015-03-02,2.0803821086883545
2015-03-03,2.1234989166259766
2015-03-04,2.1407461166381836
2015-03-05,2.0782268047332764
2015-03-06,2.0846943855285645
2015-03-09,2.071758985519409
2015-03-10,2.0502007007598877
2015-03-11,2.099785327911377
2015-03-12,2.07607102394104
2015-03-13,2.0803821086883545
2015-03-16,2.149369955062866
2015-03-17,2.3132126331329346
2015-03-18,2.4253175258636475
2015-03-19,2.3886680603027344
2015-03-20,2.453343152999878
2015-03-23,2.418849468231201
2015-03-24,2.362797975540161
2015-03-25,2.336927890777588
2015-03-26,2.37788724899292
2015-03-27,2.399447441101074
2015-03-30,2.4468750953674316
2015-03-31,2.3972911834716797
2015-04-01,2.5266406536102295
2015-04-02,2.591315507888794
2015-04-06,2.5676021575927734
2015-04-07,2.5029263496398926
2015-04-08,2.582693099975586
2015-04-09,2.582693099975586
2015-04-10,2.606407403945923
2015-04-13,2.619342088699341
2015-04-14,2.602095365524292
2015-04-15,2.681861400604248
2015-04-16,2.6499416828155518
2015-04-17,2.6499416828155518
2015-04-20,2.612985134124756
2015-04-22,2.6542887687683105
2015-04-23,2.6825497150421143
2015-04-24,2.7738516330718994
2015-04-27,2.7390694618225098
2015-04-28,2.7303740978240967
2015-04-29,2.6586368083953857
2015-04-30,2.70428729057312
2015-05-04,2.7651565074920654
2015-05-05,2.7781991958618164
2015-05-06,2.7781991958618164
2015-05-07,2.6912450790405273
2015-05-08,2.741243839263916
2015-05-11,2.7368955612182617
2015-05-12,2.667332887649536
2015-05-13,2.619507074356079
2015-05-14,2.6303763389587402
2015-05-15,2.6651580333709717
2015-05-18,2.6955926418304443
2015-05-19,2.7008864879608154
2015-05-20,2.6789286136627197
2015-05-21,2.6569695472717285
2015-05-22,2.5954864025115967
2015-05-25,2.57133150100708
2015-05-26,2.5405893325805664
2015-05-27,2.569136619567871
2015-05-28,2.538393974304199
2015-05-29,2.459343433380127
2015-06-01,2.542785406112671
2015-06-02,2.5954864025115967
2015-06-03,2.5845072269439697
2015-06-05,2.5779192447662354
2015-06-08,2.5340018272399902
2015-06-09,2.5340018272399902
2015-06-10,2.593289613723755
2015-06-11,2.593289613723755
2015-06-12,2.57133150100708
2015-06-15,2.575723648071289
2015-06-16,2.5559616088867188
2015-06-17,2.547177314758301
2015-06-18,2.57133150100708
2015-06-19,2.5296103954315186
2015-06-22,2.538393974304199
2015-06-23,2.5054566860198975
2015-06-24,2.503260612487793
2015-06-25,2.5274150371551514
2015-06-26,2.564744710922241
2015-06-29,2.523022413253784
2015-06-30,2.5625483989715576
2015-07-01,2.5449814796447754
2015-07-02,2.536198139190674
2015-07-03,2.5120444297790527
2015-07-06,2.5340018272399902
2015-07-07,2.5779192447662354
2015-07-08,2.5405893325805664
2015-07-10,2.5888988971710205
2015-07-13,2.5976815223693848
2015-07-14,2.6437947750091553
2015-07-15,2.6020736694335938
2015-07-16,2.6284234523773193
2015-07-17,2.5735270977020264
2015-07-20,2.5164358615875244
2015-07-21,2.4725191593170166
2015-07-22,2.441776990890503
2015-07-23,2.3495519161224365
2015-07-24,2.299046516418457
2015-07-27,2.2836761474609375
2015-07-28,2.2617180347442627
2015-07-29,2.2441513538360596
2015-07-30,2.2551302909851074
2015-07-31,2.296851396560669
2015-08-03,2.2595221996307373
2015-08-04,2.252934694290161
2015-08-05,2.246346950531006
2015-08-06,2.235368490219116
2015-08-07,2.211214303970337
2015-08-10,2.2726974487304688
2015-08-11,2.3275930881500244
2015-08-12,2.303438901901245
2015-08-13,2.3495519161224365
2015-08-14,2.323201894760132
2015-08-17,2.2946550846099854
2015-08-18,2.3561389446258545
2015-08-19,2.3319854736328125
2015-08-20,2.3802928924560547
2015-08-21,2.2946550846099854
2015-08-24,2.337567090988159
2015-08-25,2.2707788944244385
2015-08-26,2.4177112579345703
2015-08-27,2.4822731018066406
2015-08-28,2.439974069595337
2015-08-31,2.3999013900756836
2015-09-01,2.3041727542877197
2015-09-02,2.3197569847106934
2015-09-03,2.346471071243286
2015-09-04,2.2707788944244385
2015-09-08,2.279683828353882
2015-09-09,2.3665080070495605
2015-09-10,2.4043538570404053
2015-09-11,2.3731863498687744
2015-09-14,2.4577839374542236
2015-09-15,2.5379295349121094
2015-09-16,2.644789457321167
2015-09-17,2.531250238418579
2015-09-18,2.484499931335449
2015-09-21,2.439974069595337
2015-09-22,2.4689154624938965
2015-09-23,2.435521364212036
2015-09-24,2.473367214202881
2015-09-25,2.446652889251709
2015-09-28,2.3999013900756836
2015-09-29,2.3932220935821533
2015-09-30,2.466688871383667
2015-10-01,2.5334768295288086
2015-10-02,2.622526168823242
2015-10-05,2.5713233947753906
2015-10-06,2.5690970420837402
2015-10-07,2.575775146484375
2015-10-08,2.5980377197265625
2015-10-09,2.6536941528320312
2015-10-13,2.620299816131592
2015-10-14,2.5156667232513428
2015-10-15,2.5646440982818604
2015-10-16,2.5468344688415527
2015-10-19,2.5512871742248535
2015-10-20,2.5334768295288086
2015-10-21,2.531250238418579
2015-10-22,2.640336513519287
2015-10-23,2.6826353073120117
2015-10-26,2.6870884895324707
2015-10-27,2.6603732109069824
2015-10-28,2.6670522689819336
2015-10-29,2.5646440982818604
2015-10-30,2.5379295349121094
2015-11-03,2.760554313659668
2015-11-04,2.74051833152771
2015-11-05,2.722708225250244
2015-11-06,2.6715049743652344
2015-11-09,2.689314365386963
2015-11-10,2.722708225250244
2015-11-11,2.7828171253204346
2015-11-12,2.7204811573028564
2015-11-13,2.6715049743652344
2015-11-16,2.6737310886383057
2015-11-17,2.6915414333343506
2015-11-18,2.760554313659668
2015-11-19,2.718255043029785
2015-11-23,2.771686553955078
2015-11-24,2.7415504455566406
2015-11-25,2.7415504455566406
2015-11-26,2.7189674377441406
2015-11-27,2.655735969543457
2015-11-30,2.5676631927490234
2015-12-01,2.619602680206299
2015-12-02,2.601536750793457
2015-12-03,2.664768934249878
2015-12-04,2.6105692386627197
2015-12-07,2.6083123683929443
2015-12-08,2.5631468296051025
2015-12-09,2.705418109893799
2015-12-10,2.7031593322753906
2015-12-11,2.709935188293457
2015-12-14,2.7035932540893555
2015-12-15,2.673604726791382
2015-12-16,2.6759116649627686
2015-12-17,2.701287031173706
2015-12-18,2.5905604362487793
2015-12-21,2.5513434410095215
2015-12-22,2.5605709552764893
2015-12-23,2.549036979675293
2015-12-28,2.5167407989501953
2015-12-29,2.521355152130127
2015-12-30,2.5121278762817383
2016-01-04,2.410627841949463
2016-01-05,2.502899646759033
2016-01-06,2.500593423843384
2016-01-07,2.396787166595459
2016-01-08,2.4267754554748535
2016-01-11,2.4221625328063965
2016-01-12,2.4060137271881104
2016-01-13,2.401400327682495
2016-01-14,2.452150344848633
2016-01-15,2.401400327682495
2016-01-18,2.3990931510925293
2016-01-19,2.429082155227661
2016-01-20,2.3644912242889404
2016-01-21,2.3252756595611572
2016-01-22,2.3160476684570312
2016-01-26,2.2952864170074463
2016-01-27,2.3667986392974854
2016-01-28,2.3921735286712646
2016-01-29,2.3667986392974854
2016-02-01,2.415241241455078
2016-02-02,2.3529574871063232
2016-02-03,2.3944802284240723
2016-02-04,2.419854164123535
2016-02-05,2.3783321380615234
2016-02-10,2.3829452991485596
2016-02-11,2.3529574871063232
2016-02-12,2.3414223194122314
2016-02-15,2.3944802284240723
2016-02-16,2.410627841949463
2016-02-17,2.4267754554748535
2016-02-18,2.4360034465789795
2016-02-19,2.4336960315704346
2016-02-22,2.5905604362487793
2016-02-23,2.5721046924591064
2016-02-24,2.5790257453918457
2016-02-25,2.5605709552764893
2016-02-26,2.5836386680603027
2016-02-29,2.6805262565612793
2016-03-01,2.81201434135437
2016-03-02,2.895059823989868
2016-03-03,3.1003670692443848
2016-03-04,3.4140937328338623
2016-03-07,3.231856107711792
2016-03-08,3.2456977367401123
2016-03-09,3.4094812870025635
2016-03-10,3.5663440227508545
2016-03-11,3.644775629043579
2016-03-14,3.5271294116973877
2016-03-15,3.3518104553222656
2016-03-16,3.432548999786377
2016-03-17,3.656311273574829
2016-03-18,3.575571298599243
2016-03-21,3.5986404418945312
2016-03-22,3.570958375930786
2016-03-23,3.5271294116973877
2016-03-24,3.5363566875457764
2016-03-28,3.6332430839538574
2016-03-29,3.589413642883301
2016-03-30,3.617095470428467
2016-03-31,3.540968418121338
2016-04-01,3.5986404418945312
2016-04-04,3.5271294116973877
2016-04-05,3.5917201042175293
2016-04-06,3.4094812870025635
2016-04-07,3.490219831466675
2016-04-08,3.6678454875946045
2016-04-11,3.617095470428467
2016-04-12,3.702449083328247
2016-04-13,3.829322576522827
2016-04-14,3.9215950965881348
2016-04-15,3.9446635246276855
2016-04-18,3.799333333969116
2016-04-19,3.8570046424865723
2016-04-20,3.9561989307403564
2016-04-22,3.903141498565674
2016-04-25,3.850083827972412
2016-04-26,3.861616849899292
2016-04-27,4.071539402008057
2016-04-28,4.149970054626465
2016-04-29,3.9631166458129883
2016-05-02,3.953890085220337
2016-05-03,3.8639259338378906
2016-05-04,3.859311580657959
2016-05-05,3.817786931991577
2016-05-06,3.801640510559082
2016-05-09,3.8108673095703125
2016-05-10,4.032323360443115
2016-05-11,4.055392265319824
2016-05-12,4.170731544494629
2016-05-13,4.092299938201904
2016-05-16,4.0484700202941895
2016-05-17,3.8523905277252197
2016-05-18,3.808560371398926
2016-05-19,3.8062551021575928
2016-05-20,3.7831850051879883
2016-05-23,3.7485828399658203
2016-05-24,3.749737501144409
2016-05-25,3.7334952354431152
2016-05-27,3.7566981315612793
2016-05-30,3.7126119136810303
2016-05-31,3.694047212600708
2016-06-01,3.7218923568725586
2016-06-02,3.7590184211730957
2016-06-03,3.861114978790283
2016-06-06,3.814709186553955
2016-06-07,3.763658285140991
2016-06-08,3.898242473602295
2016-06-09,3.898242473602295
2016-06-10,3.742777109146118
2016-06-13,3.689408302307129
2016-06-14,3.670844793319702
2016-06-15,3.7566981315612793
2016-06-16,3.742777109146118
2016-06-17,3.728853464126587
2016-06-20,3.8634369373321533
2016-06-21,3.9284067153930664
2016-06-22,3.937687873840332
2016-06-23,3.9933784008026123
2016-06-24,3.923766613006592
2016-06-27,3.879678726196289
2016-06-28,3.979456901550293
2016-06-29,3.991058826446533
2016-06-30,4.176688194274902
2016-07-01,4.1534833908081055
2016-07-04,4.176688194274902
2016-07-05,4.095475196838379
2016-07-06,4.060669898986816
2016-07-07,4.09083366394043
2016-07-08,4.211495876312256
2016-07-11,4.274143695831299
2016-07-12,4.339113712310791
2016-07-13,4.436570167541504
2016-07-14,4.598997592926025
2016-07-15,4.663968563079834
2016-07-18,4.72661828994751
2016-07-19,4.6871724128723145
2016-07-20,4.4899396896362305
2016-07-21,4.4899396896362305
2016-07-22,4.482978343963623
2016-07-25,4.455134391784668
2016-07-26,4.427289962768555
2016-07-27,4.3785600662231445
2016-07-28,4.455134391784668
2016-07-29,4.429610729217529
2016-08-01,4.3553571701049805
2016-08-02,4.239337921142578
2016-08-03,4.223095417022705
2016-08-04,4.408726692199707
2016-08-05,4.436570167541504
2016-08-08,4.348397731781006
2016-08-09,4.415686130523682
2016-08-10,4.332152843475342
2016-08-11,4.443531513214111
2016-08-12,4.4899396896362305
2016-08-15,4.353038311004639
2016-08-16,4.29038667678833
2016-08-17,4.353038311004639
2016-08-18,4.257901191711426
2016-08-19,4.246299743652344
2016-08-22,4.1650848388671875
2016-08-23,4.20494270324707
2016-08-24,4.200273036956787
2016-08-25,4.2166242599487305
2016-08-26,4.197936058044434
2016-08-29,4.172238349914551
2016-08-30,4.228303909301758
2016-08-31,4.18391752243042
2016-09-01,4.0554351806640625
2016-09-02,4.200273036956787
2016-09-05,4.181582927703857
2016-09-06,4.197936058044434
2016-09-08,4.144205093383789
2016-09-09,3.9549813270568848
2016-09-12,3.964327096939087
2016-09-13,3.8311712741851807
2016-09-14,3.870885133743286
2016-09-15,4.006377696990967
2016-09-16,3.976008653640747
2016-09-19,3.9970316886901855
2016-09-20,3.983015298843384
2016-09-21,4.015721321105957
2016-09-22,4.034409523010254
2016-09-23,3.9689996242523193
2016-09-26,3.905925750732422
2016-09-27,3.9339585304260254
2016-09-28,3.9689996242523193
2016-09-29,3.882565498352051
2016-09-30,3.926950454711914
2016-10-03,4.0647783279418945
2016-10-04,4.029737949371338
2016-10-05,4.074123859405518
2016-10-06,4.08814001083374
2016-10-07,4.160558223724365
2016-10-10,4.186254978179932
2016-10-11,4.0858049392700195
2016-10-13,4.109165191650391
2016-10-14,4.134861469268799
2016-10-17,4.158222675323486
2016-10-18,4.165231227874756
2016-10-19,4.258673191070557
2016-10-20,4.345109462738037
2016-10-21,4.345109462738037
2016-10-24,4.359125137329102
2016-10-25,4.298387050628662
2016-10-26,4.3100666999816895
2016-10-27,4.321749210357666
2016-10-28,4.275026321411133
2016-10-31,4.391829490661621
2016-11-01,4.263346195220947
2016-11-03,4.13953161239624
2016-11-04,4.109165191650391
2016-11-07,4.335764408111572
2016-11-08,4.298387050628662
2016-11-09,4.197936058044434
2016-11-10,4.0554351806640625
2016-11-11,3.971336603164673
2016-11-14,3.9129345417022705
2016-11-16,3.9152698516845703
2016-11-17,3.845187187194824
2016-11-18,3.8685483932495117
2016-11-21,3.8428521156311035
2016-11-22,3.871513605117798
2016-11-23,3.8269076347351074
2016-11-24,3.8362982273101807
2016-11-25,3.8550825119018555
2016-11-28,3.9114279747009277
2016-11-29,3.871513605117798
2016-11-30,3.8996894359588623
2016-12-01,3.690735340118408
2016-12-02,3.756472587585449
2016-12-05,3.6719512939453125
2016-12-06,3.7658653259277344
2016-12-07,3.8128201961517334
2016-12-08,3.7869956493377686
2016-12-09,3.6954309940338135
2016-12-12,3.6320409774780273
2016-12-13,3.690735340118408
2016-12-14,3.568650245666504
2016-12-15,3.5216948986053467
2016-12-16,3.610910177230835
2016-12-19,3.6414308547973633
2016-12-20,3.6743006706237793
2016-12-21,3.657866954803467
2016-12-22,3.640232801437378
2016-12-23,3.744920253753662
2016-12-26,3.7782278060913086
2016-12-27,3.8305716514587402
2016-12-28,3.9257428646087646
2016-12-29,3.9257428646087646
2017-01-02,3.8733975887298584
2017-01-03,4.032808780670166
2017-01-04,4.108942985534668
2017-01-05,4.058980464935303
2017-01-06,4.056600093841553
2017-01-09,4.056600093841553
2017-01-10,4.132736682891846
2017-01-11,4.151769638061523
2017-01-12,4.261214256286621
2017-01-13,4.254078388214111
2017-01-16,4.227906227111816
2017-01-17,4.254078388214111
2017-01-18,4.223146915435791
2017-01-19,4.2469401359558105
2017-01-20,4.334971904754639
2017-01-23,4.411106109619141
2017-01-24,4.308799743652344
2017-01-26,4.354005336761475
2017-01-27,4.370658874511719
2017-01-30,4.32783317565918
2017-01-31,4.399210453033447
2017-02-01,4.411106109619141
2017-02-02,4.413486480712891
2017-02-03,4.451554298400879
2017-02-06,4.439657211303711
2017-02-07,4.463450908660889
2017-02-08,4.482483863830566
2017-02-09,4.468210220336914
2017-02-10,4.47296667098999
2017-02-13,4.496761322021484
2017-02-14,4.475345611572266
2017-02-15,4.653789043426514
2017-02-16,4.6585469245910645
2017-02-17,4.687097072601318
2017-02-20,4.63951301574707
2017-02-21,4.758474826812744
2017-02-22,4.7656121253967285
2017-02-23,4.641892433166504
2017-02-24,4.52531099319458
2017-03-01,4.544342994689941
2017-03-02,4.449173927307129
2017-03-03,4.47296667098999
2017-03-06,4.444415092468262
2017-03-07,4.3944525718688965
2017-03-08,4.361141204833984
2017-03-09,4.330211639404297
2017-03-10,4.446795463562012
2017-03-13,4.499137878417969
2017-03-14,4.47296667098999
2017-03-15,4.587169170379639
2017-03-16,4.358762741088867
2017-03-17,4.3325910568237305
2017-03-20,4.380176544189453
2017-03-21,4.370658874511719
2017-03-22,4.506275653839111
2017-03-23,4.449173927307129
2017-03-24,4.451554298400879
2017-03-27,4.444415092468262
2017-03-28,4.4420366287231445
2017-03-29,4.603824138641357
2017-03-30,4.613339424133301
2017-03-31,4.589549541473389
2017-04-03,4.627616882324219
2017-04-04,4.684719085693359
2017-04-05,4.6347551345825195
2017-04-06,4.556240081787109
2017-04-07,4.6299967765808105
2017-04-10,4.594308853149414
2017-04-11,4.553859710693359
2017-04-12,4.53482723236084
2017-04-13,4.403970241546631
2017-04-17,4.651408672332764
2017-04-18,4.687097072601318
2017-04-19,4.594308853149414
2017-04-20,4.556240081787109
2017-04-24,4.52531099319458
2017-04-25,4.558619499206543
2017-04-26,4.541965007781982
2017-04-27,4.508654594421387
2017-04-28,4.522931098937988
2017-05-02,4.651408672332764
2017-05-03,4.641892433166504
2017-05-04,4.591927528381348
2017-05-05,4.627616882324219
2017-05-08,4.615720748901367
2017-05-09,4.6347551345825195
2017-05-10,4.737062454223633
2017-05-11,4.760854244232178
2017-05-12,4.791785717010498
2017-05-15,4.848886013031006
2017-05-16,4.910747051239014
2017-05-17,4.877438068389893
2017-05-18,4.465829849243164
2017-05-19,4.556240081787109
2017-05-22,4.403970241546631
2017-05-23,4.439521789550781
2017-05-24,4.489673137664795
2017-05-25,4.425192356109619
2017-05-26,4.566092014312744
2017-05-29,4.566092014312744
2017-05-30,4.523106575012207
2017-05-31,4.398923397064209
2017-06-01,4.427579879760742
2017-06-02,4.453850269317627
2017-06-05,4.453850269317627
2017-06-06,4.429969310760498
2017-06-07,4.480119228363037
2017-06-08,4.439521789550781
2017-06-09,4.429969310760498
2017-06-12,4.40131139755249
2017-06-13,4.429969310760498
2017-06-14,4.484897136688232
2017-06-15,4.484897136688232
2017-06-16,4.520718097686768
2017-06-19,4.604301929473877
2017-06-20,4.494449138641357
2017-06-21,4.561316013336182
2017-06-22,4.532658100128174
2017-06-23,4.504001617431641
2017-06-26,4.630570411682129
2017-06-27,4.597137928009033
2017-06-28,4.637735843658447
2017-06-29,4.664004802703857
2017-06-30,4.716543674468994
2017-07-03,4.742813587188721
2017-07-04,4.738037109375
2017-07-05,4.733261585235596
2017-07-06,4.6568403244018555
2017-07-07,4.6114678382873535
2017-07-10,4.649675369262695
2017-07-11,4.704603672027588
2017-07-12,4.809681415557861
2017-07-13,4.883711814880371
2017-07-14,4.9028167724609375
2017-07-17,4.93625020980835
2017-07-18,4.912369728088379
2017-07-19,4.924311637878418
2017-07-20,4.962520122528076
2017-07-21,4.9672956466674805
2017-07-24,5.015061378479004
2017-07-25,4.979238510131836
2017-07-26,4.945804119110107
2017-07-27,4.948190212249756
2017-07-28,4.943416595458984
2017-07-31,4.893265724182129
2017-08-01,4.991177558898926
2017-08-02,5.034164905548096
2017-08-03,5.050881862640381
2017-08-04,5.029387950897217
2017-08-07,5.134465217590332
2017-08-08,5.093867778778076
2017-08-09,5.0795392990112305
2017-08-10,5.038939952850342
2017-08-11,5.038939952850342
2017-08-14,5.122524738311768
2017-08-15,5.1941680908203125
2017-08-16,5.151183605194092
2017-08-17,5.112972259521484
2017-08-18,5.227602481842041
2017-08-21,5.2323784828186035
2017-08-22,5.395073413848877
2017-08-23,5.464455604553223
2017-08-24,5.402251720428467
2017-08-25,5.3424391746521
2017-08-28,5.344832420349121
2017-08-29,5.392680644989014
2017-08-30,5.3496174812316895
2017-08-31,5.292196750640869
2017-09-01,5.390289306640625
2017-09-04,5.395073413848877
2017-09-05,5.407036781311035
2017-09-06,5.445315837860107
2017-09-07,5.445315837860107
2017-09-08,5.488381862640381
2017-09-11,5.495558738708496
2017-09-12,5.478812217712402
2017-09-13,5.478812217712402
2017-09-14,5.591259479522705
2017-09-15,5.653463363647461
2017-09-18,5.689350605010986
2017-09-19,5.806582450866699
2017-09-20,5.930992603302002
2017-09-21,5.976449489593506
2017-09-22,5.978841781616211
2017-09-25,5.818543910980225
2017-09-26,5.74677038192749
2017-09-27,5.658249378204346
2017-09-28,5.6056132316589355
2017-09-29,5.730024814605713
2017-10-02,5.7252373695373535
2017-10-03,5.854432582855225
2017-10-04,5.797013282775879
2017-10-05,5.718059539794922
2017-10-06,5.6821722984313965
2017-10-09,5.643892765045166
2017-10-10,5.722844123840332
2017-10-11,5.751556396484375
2017-10-12,5.751556396484375
2017-10-13,5.684565544128418
2017-10-16,5.703704833984375
2017-10-17,5.727630615234375
2017-10-18,5.871179103851318
2017-10-19,5.849648475646973
2017-10-20,5.895104885101318
2017-10-23,5.832900047302246
2017-10-24,5.861609935760498
2017-10-25,6.041046619415283
2017-10-26,5.971665382385254
2017-10-27,6.002767086029053
2017-10-30,5.811367511749268
2017-10-31,5.718059539794922
2017-11-01,5.713276386260986
2017-11-02,5.713276386260986
2017-11-03,5.584079742431641
2017-11-06,5.58647346496582
2017-11-07,5.407036781311035
2017-11-08,5.555370807647705
2017-11-09,5.462063312530518
2017-11-10,5.359186172485352
2017-11-13,5.430960178375244
2017-11-14,5.3424391746521
2017-11-15,5.3424391746521
2017-11-16,5.624752521514893
2017-11-17,5.665426254272461
2017-11-20,5.665426254272461
2017-11-21,5.808973789215088
2017-11-22,5.879185199737549
2017-11-23,5.874382019042969
2017-11-24,5.833571434020996
2017-11-27,5.826369762420654
2017-11-28,5.823968887329102
2017-11-29,5.641520023345947
2017-11-30,5.579103469848633
2017-12-01,5.526288986206055
2017-12-04,5.499881744384766
2017-12-05,5.442266464233398
2017-12-06,5.3894524574279785
2017-12-07,5.2910261154174805
2017-12-08,5.2166056632995605
2017-12-11,5.2910261154174805
2017-12-12,5.401456356048584
2017-12-13,5.2766218185424805
2017-12-14,5.295827388763428
2017-12-15,5.274221420288086
2017-12-18,5.288625240325928
2017-12-19,5.25741720199585
2017-12-20,5.279022216796875
2017-12-21,5.3486409187316895
2017-12-22,5.41456413269043
2017-12-25,5.41456413269043
2017-12-26,5.431568622589111
2017-12-27,5.506870746612549
2017-12-28,5.533591270446777
2017-12-29,5.533591270446777
2018-01-02,5.565171241760254
2018-01-03,5.659905910491943
2018-01-04,5.69634485244751
2018-01-05,5.77893590927124
2018-01-08,5.805655479431152
2018-01-09,5.72306489944458
2018-01-10,5.672053813934326
2018-01-11,5.764359474182129
2018-01-12,5.735210418701172
2018-01-15,5.7522149085998535
2018-01-16,5.791080951690674
2018-01-17,5.839665412902832
2018-01-18,5.907678604125977
2018-01-19,6.043712615966797
2018-01-22,6.012134075164795
2018-01-23,5.970836639404297
2018-01-24,6.284195899963379
2018-01-25,6.284195899963379
2018-01-26,6.4007954597473145
2018-01-29,6.410512447357178
2018-01-30,6.364359378814697
2018-01-31,6.335208892822266
2018-02-01,6.381364345550537
2018-02-02,6.3157758712768555
2018-02-05,6.050999641418457
2018-02-06,6.070432186126709
2018-02-07,5.992700576782227
2018-02-08,5.941688537597656
2018-02-09,5.827517986297607
2018-02-14,5.93682861328125
2018-02-15,6.099582672119141
2018-02-16,6.204035758972168
2018-02-19,6.194319248199463
2018-02-20,6.279338359832764
2018-02-21,6.476100921630859
2018-02-22,6.391080856323242
2018-02-23,6.561119079589844
2018-02-26,6.6097025871276855
2018-02-27,6.437232971191406
2018-02-28,6.223468780517578
2018-03-01,6.216182708740234
2018-03-02,6.28662633895874
2018-03-05,6.364359378814697
2018-03-06,6.376503944396973
2018-03-07,6.352212905883789
2018-03-08,6.337636947631836
2018-03-09,6.558690071105957
2018-03-12,6.551403045654297
2018-03-13,6.536827564239502
2018-03-14,6.422658920288086
2018-03-15,6.3157758712768555
2018-03-16,6.25504732131958
2018-03-19,6.208894729614258
2018-03-20,6.330350875854492
2018-03-21,6.3692193031311035
2018-03-22,6.310917854309082
2018-03-23,6.177314758300781
2018-03-26,6.2331862449646
2018-03-27,6.216182708740234
2018-03-28,6.340068340301514
2018-03-29,6.483386516571045
2018-04-02,6.434804916381836
2018-04-03,6.425086498260498
2018-04-04,6.357072830200195
2018-04-05,6.502819538116455
2018-04-06,6.512537479400635
2018-04-09,6.364359378814697
2018-04-10,6.383792400360107
2018-04-11,6.449379920959473
2018-04-12,6.531970500946045
2018-04-13,6.417799949645996
2018-04-16,6.165170669555664
2018-04-17,6.2356157302856445
2018-04-18,6.376503944396973
2018-04-19,6.330350875854492
2018-04-20,6.242901802062988
2018-04-23,6.252619743347168
2018-04-24,6.16920804977417
2018-04-25,6.110686779022217
2018-04-26,6.259430408477783
2018-04-27,6.29844331741333
2018-04-30,6.16920804977417
2018-05-02,6.0009565353393555
2018-05-03,5.891227722167969
2018-05-04,5.861966133117676
2018-05-07,5.847335338592529
2018-05-08,5.825389862060547
2018-05-09,5.866843223571777
2018-05-10,6.018024921417236
2018-05-11,5.754674434661865
2018-05-14,5.679084300994873
2018-05-15,5.559601306915283
2018-05-16,5.627877235412598
2018-05-17,5.391352653503418
2018-05-18,5.432803153991699
2018-05-21,5.401105880737305
2018-05-22,5.693714618682861
2018-05-23,5.388912200927734
2018-05-24,5.26699161529541
2018-05-25,5.12556266784668
2018-05-28,5.00607967376709
2018-05-29,5.0548481941223145
2018-05-30,5.308445453643799
2018-06-01,5.425487518310547
2018-06-04,5.564478874206543
2018-06-05,5.393788814544678
2018-06-06,5.220661163330078
2018-06-07,4.876843452453613
2018-06-08,5.08167028427124
2018-06-11,4.979257106781006
2018-06-12,5.120686054229736
2018-06-13,5.040216445922852
2018-06-14,4.9134202003479
2018-06-15,4.8256378173828125
2018-06-18,4.684208393096924
2018-06-19,4.859773635864258
2018-06-20,4.823197841644287
2018-06-21,4.771992206573486
2018-06-22,4.8695268630981445
2018-06-25,5.0450944900512695
2018-06-26,5.032903671264648
2018-06-27,4.925612449645996
2018-06-28,5.0590291023254395
2018-06-29,5.0417680740356445
2018-07-02,5.088613510131836
2018-07-03,5.150248050689697
2018-07-04,5.211884021759033
2018-07-05,5.179832458496094
2018-07-06,5.362273216247559
2018-07-10,5.515129566192627
2018-07-11,5.517594814300537
2018-07-12,5.685240745544434
2018-07-13,5.872613430023193
2018-07-16,5.7937211990356445
2018-07-17,5.902198791503906
2018-07-18,5.7246880531311035
2018-07-19,5.695104598999023
2018-07-20,5.732085704803467
2018-07-23,5.667985916137695
2018-07-24,5.729620456695557
2018-07-25,5.862751007080078
2018-07-26,5.806048393249512
2018-07-27,5.830703258514404
2018-07-30,5.855356216430664
2018-07-31,5.865217685699463
2018-08-01,5.835634708404541
2018-08-02,5.94164514541626
2018-08-03,6.151205539703369
2018-08-06,6.09450101852417
2018-08-07,5.916991710662842
2018-08-08,5.776461601257324
2018-08-09,5.734550476074219
2018-08-10,5.616210460662842
2018-08-13,5.645796298980713
2018-08-14,5.751807689666748
2018-08-15,5.717293739318848
2018-08-16,5.7246880531311035
2018-08-17,5.559505462646484
2018-08-20,5.569369316101074
2018-08-21,5.473216533660889
2018-08-22,5.52992057800293
2018-08-23,5.20941686630249
2018-08-24,5.206953048706055
2018-08-27,5.362273216247559
2018-08-28,5.349947452545166
2018-08-29,5.485543251037598
2018-08-30,5.3425493240356445
2018-08-31,5.364738464355469
2018-09-03,5.256259918212891
2018-09-04,5.155179500579834
2018-09-05,5.379531383514404
2018-09-06,5.384461879730225
2018-09-10,5.394324779510498
2018-09-11,5.192159652709961
2018-09-12,5.226675510406494
2018-09-13,5.226675510406494
2018-09-14,5.33268928527832
2018-09-17,5.453493118286133
2018-09-18,5.473216533660889
2018-09-19,5.5077314376831055
2018-09-20,5.589091777801514
2018-09-21,5.695104598999023
2018-09-24,5.659359931945801
2018-09-25,5.584831237792969
2018-09-26,5.614643096923828
2018-09-27,5.805938720703125
2018-09-28,5.813390254974365
2018-10-01,5.701595783233643
2018-10-02,5.9376091957092285
2018-10-03,6.0295305252075195
2018-10-04,6.079217433929443
2018-10-05,6.024560928344727
2018-10-08,6.136357307434082
2018-10-09,6.23573112487793
2018-10-10,6.1612019538879395
2018-10-11,5.917733669281006
2018-10-15,5.989780426025391
2018-10-16,6.210887908935547
2018-10-17,6.2854204177856445
2018-10-18,6.0295305252075195
2018-10-19,5.974874019622803
2018-10-22,6.111514091491699
2018-10-23,6.210887908935547
2018-10-24,6.104059219360352
2018-10-25,6.086669445037842
2018-10-26,6.305293560028076
2018-10-29,6.23573112487793
2018-10-30,6.558696746826172
2018-10-31,6.593477725982666
2018-11-01,6.817068576812744
2018-11-05,6.769867897033691
2018-11-06,6.67297887802124
2018-11-07,6.446902275085449
2018-11-08,6.347527503967285
2018-11-09,6.382308006286621
2018-11-12,6.431995868682861
2018-11-13,6.397214889526367
2018-11-14,6.459322452545166
2018-11-16,6.779806137084961
2018-11-19,6.523917198181152
2018-11-21,6.620807647705078
2018-11-22,6.60590124130249
2018-11-23,6.558696746826172
2018-11-26,6.55621337890625
2018-11-27,6.971100807189941
2018-11-28,7.005880832672119
2018-11-29,7.117679119110107
2018-11-30,7.005880832672119
2018-12-03,6.993460178375244
2018-12-04,6.931351661682129
2018-12-05,7.008364200592041
2018-12-06,7.102771759033203
2018-12-07,7.080411434173584
2018-12-10,6.8344621658325195
2018-12-11,6.854335784912109
2018-12-12,6.993460178375244
2018-12-13,6.8816633224487305
2018-12-14,6.794711589813232
2018-12-17,6.658071041107178
2018-12-18,6.620807647705078
2018-12-19,6.499073505401611
2018-12-20,6.484166622161865
2018-12-21,6.6431660652160645
2018-12-26,6.522218227386475
2018-12-27,6.549757957458496
2018-12-28,6.712498188018799
2019-01-02,6.957867622375488
2019-01-03,7.2608160972595215
2019-01-04,6.997923374176025
2019-01-07,6.960368633270264
2019-01-08,6.980398178100586
2019-01-09,7.012948036193848
2019-01-10,7.0780463218688965
2019-01-11,7.228267669677734
2019-01-14,7.388506889343262
2019-01-15,7.315898895263672
2019-01-16,7.473634719848633
2019-01-17,7.511188983917236
2019-01-18,7.61134147644043
2019-01-21,7.636375904083252
2019-01-22,7.453607082366943
2019-01-23,7.69146203994751
2019-01-24,7.924306869506836
2019-01-28,8.069522857666016
2019-01-29,7.899270057678223
2019-01-30,7.879239082336426
2019-01-31,7.879239082336426
2019-02-01,7.996914386749268
2019-02-04,8.079535484313965
2019-02-05,8.257302284240723
2019-02-06,8.062010765075684
2019-02-07,7.761565685272217
2019-02-08,7.844183444976807
2019-02-11,7.706482887268066
2019-02-12,7.791609764099121
2019-02-13,7.771580219268799
2019-02-14,8.102068901062012
2019-02-15,8.092057228088379
2019-02-18,8.004425048828125
2019-02-19,8.212234497070312
2019-02-20,8.149641990661621
2019-02-21,8.099567413330078
2019-02-22,8.309879302978516
2019-02-25,8.374977111816406
2019-02-26,8.475126266479492
2019-02-27,8.34493350982666
2019-02-28,8.209733009338379
2019-03-01,7.981894016265869
2019-03-06,7.9142889976501465
2019-03-07,7.784098148345947
2019-03-08,7.9142889976501465
2019-03-11,8.237273216247559
2019-03-12,8.274828910827637
2019-03-13,8.332415580749512
2019-03-14,8.307378768920898
2019-03-15,8.48013687133789
2019-03-18,8.602815628051758
2019-03-19,8.682937622070312
2019-03-20,8.525201797485352
2019-03-21,8.379982948303223
2019-03-22,8.149641990661621
2019-03-25,8.132115364074707
2019-03-26,8.337417602539062
2019-03-27,7.874792575836182
2019-03-28,8.07625961303711
2019-03-29,8.088850975036621
2019-04-01,8.204696655273438
2019-04-02,8.224838256835938
2019-04-03,7.94782829284668
2019-04-04,8.244989395141602
2019-04-05,8.28528118133545
2019-04-08,8.310464859008789
2019-04-09,8.063665390014648
2019-04-10,8.093887329101562
2019-04-11,7.912567138671875
2019-04-12,7.726212024688721
2019-04-15,7.8445725440979
2019-04-16,7.920123100280762
2019-04-17,7.831982612609863
2019-04-18,8.046038627624512
2019-04-22,8.046038627624512
2019-04-23,8.270173072814941
2019-04-24,8.436381340026855
2019-04-25,8.756207466125488
2019-04-26,8.592516899108887
2019-04-29,8.663025856018066
2019-04-30,8.675620079040527
2019-05-02,8.537111282348633
2019-05-03,8.579919815063477
2019-05-06,8.486746788024902
2019-05-07,8.476672172546387
2019-05-08,8.650435447692871
2019-05-09,8.537111282348633
2019-05-10,8.386008262634277
2019-05-13,8.14425277709961
2019-05-14,8.209728240966797
2019-05-15,8.184548377990723
2019-05-16,8.03345012664795
2019-05-17,7.9830803871154785
2019-05-20,8.237432479858398
2019-05-21,8.642882347106934
2019-05-22,8.557260513305664
2019-05-23,8.647918701171875
2019-05-24,8.61266040802002
2019-05-27,8.741096496582031
2019-05-28,9.000481605529785
2019-05-29,9.093663215637207
2019-05-30,9.242242813110352
2019-05-31,9.209506034851074
2019-06-03,9.191874504089355
2019-06-04,9.15410041809082
2019-06-05,9.045815467834473
2019-06-06,9.393342018127441
2019-06-07,9.340457916259766
2019-06-10,9.38075065612793
2019-06-11,9.574662208557129
2019-06-12,9.478967666625977
2019-06-13,9.509186744689941
2019-06-14,9.00300121307373
2019-06-17,8.940042495727539
2019-06-18,9.597325325012207
2019-06-19,9.416006088256836
2019-06-21,10.010330200195312
2019-06-24,9.997736930847168
2019-06-25,9.484003067016602
2019-06-26,9.339849472045898
2019-06-27,9.51449203491211
2019-06-28,9.481588363647461
2019-07-01,9.656234741210938
2019-07-02,9.50436782836914
2019-07-03,9.719514846801758
2019-07-04,10.058686256408691
2019-07-05,10.252364158630371
2019-07-08,10.226988792419434
2019-07-10,10.683774948120117
2019-07-11,10.445228576660156
2019-07-12,10.074724197387695
2019-07-15,10.08487606048584
2019-07-16,10.40462589263916
2019-07-17,10.478219985961914
2019-07-18,10.412240028381348
2019-07-19,10.24729061126709
2019-07-22,10.493447303771973
2019-07-23,10.3411865234375
2019-07-24,10.79289722442627
2019-07-25,10.633018493652344
2019-07-26,10.693923950195312
2019-07-29,10.815736770629883
2019-07-30,10.945160865783691
2019-07-31,10.706612586975098
2019-08-01,10.874102592468262
2019-08-02,10.942621231079102
2019-08-05,10.523898124694824
2019-08-06,10.86141586303711
2019-08-07,11.023829460144043
2019-08-08,11.503457069396973
2019-08-09,11.546599388122559
2019-08-12,11.226847648620605
2019-08-13,11.637955665588379
2019-08-14,11.08980941772461
2019-08-15,11.000988960266113
2019-08-16,11.292827606201172
2019-08-19,11.546599388122559
2019-08-20,11.612579345703125
2019-08-21,11.62780475616455
2019-08-22,11.538984298706055
2019-08-23,11.122798919677734
2019-08-26,10.734532356262207
2019-08-27,10.912168502807617
2019-08-28,11.072047233581543
2019-08-29,11.239534378051758
2019-08-30,11.36895751953125
2019-09-02,11.150715827941895
2019-09-03,11.102499008178711
2019-09-04,11.325817108154297
2019-09-05,11.495843887329102
2019-09-06,11.648106575012207
2019-09-09,11.120262145996094
2019-09-10,11.140563011169434
2019-09-11,11.300440788269043
2019-09-12,11.287751197814941
2019-09-13,10.912168502807617
2019-09-16,10.929933547973633
2019-09-17,11.196393966674805
2019-09-18,11.39941120147705
2019-09-19,11.313129425048828
2019-09-20,11.500916481018066
2019-09-23,11.384184837341309
2019-09-24,11.242072105407715
2019-09-25,11.249130249023438
2019-09-26,11.443388938903809
2019-09-27,11.343706130981445
2019-09-30,11.152002334594727
2019-10-01,11.187785148620605
2019-10-02,11.016529083251953
2019-10-03,11.144330978393555
2019-10-04,11.387155532836914
2019-10-07,10.99096965789795
2019-10-08,11.067652702331543
2019-10-09,11.221013069152832
2019-10-10,11.261909484863281
2019-10-11,11.514958381652832
2019-10-14,11.543075561523438
2019-10-15,11.37692928314209
2019-10-16,11.553297996520996
2019-10-17,11.796123504638672
2019-10-18,11.870248794555664
2019-10-21,11.985270500183105
2019-10-22,12.148856163024902
2019-10-23,12.330336570739746
2019-10-24,12.427467346191406
2019-10-25,12.373788833618164
2019-10-28,12.460694313049316
2019-10-29,12.243430137634277
2019-10-30,12.396790504455566
2019-10-31,12.366120338439941
2019-11-01,12.575715065002441
2019-11-04,12.593607902526855
2019-11-05,12.601273536682129
2019-11-06,12.499032020568848
2019-11-07,12.62683391571045
2019-11-08,12.447915077209473
2019-11-11,12.805760383605957
2019-11-12,12.575715065002441
2019-11-13,12.660065650939941
2019-11-14,12.729080200195312
2019-11-18,12.534817695617676
2019-11-19,12.253656387329102
2019-11-21,12.493921279907227
2019-11-22,12.64984130859375
2019-11-25,12.210200309753418
2019-11-26,11.885581970214844
2019-11-27,12.128406524658203
2019-11-28,12.307327270507812
2019-11-29,12.197419166564941
2019-12-02,12.166747093200684
2019-12-03,12.297109603881836
2019-12-04,12.621725082397461
2019-12-05,12.588492393493652
2019-12-06,12.550155639648438
2019-12-09,12.17952823638916
2019-12-10,11.959712028503418
2019-12-11,11.808902740478516
2019-12-12,11.934149742126465
2019-12-13,11.860023498535156
2019-12-16,11.814016342163086
2019-12-17,12.215315818786621
2019-12-18,12.412129402160645
2019-12-19,12.412129402160645
2019-12-20,12.550155639648438
2019-12-23,11.980155944824219
2019-12-26,11.923924446105957
2019-12-27,11.300250053405762
2019-12-30,10.98330020904541
2020-01-02,11.626029014587402
2020-01-03,11.29098892211914
2020-01-06,11.182740211486816
2020-01-07,11.543558120727539
2020-01-08,11.512633323669434
2020-01-09,11.507478713989258
2020-01-10,11.41727352142334
2020-01-13,11.430159568786621
2020-01-14,11.507478713989258
2020-01-15,11.198204040527344
2020-01-16,11.327071189880371
2020-01-17,11.685309410095215
2020-01-20,11.726545333862305
2020-01-21,11.520364761352539
2020-01-22,12.24199390411377
2020-01-23,12.55126953125
2020-01-24,12.62601089477539
2020-01-27,12.280653953552246
2020-01-28,12.649203300476074
2020-01-29,12.525497436523438
2020-01-30,12.577041625976562
2020-01-31,12.422405242919922
2020-02-03,12.909507751464844
2020-02-04,12.876005172729492
2020-02-05,12.718791961669922
2020-02-06,12.54869270324707
2020-02-07,12.448179244995117
2020-02-10,12.533228874206543
2020-02-11,12.602811813354492
2020-02-12,12.85538387298584
2020-02-13,12.778067588806152
2020-02-14,12.937857627868652
2020-02-17,13.321867942810059
2020-02-18,13.177546501159668
2020-02-19,13.692996978759766
2020-02-20,13.481660842895508
2020-02-21,13.414649963378906
2020-02-26,12.357973098754883
2020-02-27,11.865717887878418
2020-02-28,12.370862007141113
2020-03-02,12.886313438415527
2020-03-03,12.785799026489258
2020-03-04,12.832191467285156
2020-03-05,12.14148235321045
2020-03-06,11.979120254516602
2020-03-09,10.541004180908203
2020-03-10,11.855406761169434
2020-03-11,10.9662504196167
2020-03-12,9.507522583007812
2020-03-13,10.535850524902344
2020-03-16,8.837434768676758
2020-03-17,9.159591674804688
2020-03-18,8.453420639038086
2020-03-19,8.378679275512695
2020-03-20,8.360640525817871
2020-03-23,7.847764492034912
2020-03-24,9.358040809631348
2020-03-25,9.997204780578613
2020-03-26,10.1229248046875
2020-03-27,9.669699668884277
2020-03-30,9.693277359008789
2020-03-31,9.405097961425781
2020-04-01,9.077625274658203
2020-04-02,9.640878677368164
2020-04-03,9.391999244689941
2020-04-06,9.748291015625
2020-04-07,10.086247444152832
2020-04-08,10.298450469970703
2020-04-09,10.219855308532715
2020-04-13,10.306310653686523
2020-04-14,10.363944053649902
2020-04-15,10.45826244354248
2020-04-16,10.298450469970703
2020-04-17,10.356087684631348
2020-04-20,10.63378620147705
2020-04-22,11.005796432495117
2020-04-23,10.806692123413086
2020-04-24,9.693277359008789
2020-04-27,10.277493476867676
2020-04-28,10.426823616027832
2020-04-29,10.453022003173828
2020-04-30,10.065288543701172
2020-05-04,10.054808616638184
2020-05-05,10.149123191833496
2020-05-06,10.07052993774414
2020-05-07,9.653977394104004
2020-05-08,9.892380714416504
2020-05-11,9.640878677368164
2020-05-12,9.360559463500977
2020-05-13,9.473215103149414
2020-05-14,9.908102035522461
2020-05-15,10.358707427978516
2020-05-18,11.000558853149414
2020-05-19,10.66784381866455
2020-05-20,10.64688491821289
2020-05-21,11.427589416503906
2020-05-22,11.495701789855957
2020-05-25,12.182088851928711
2020-05-26,12.182088851928711
2020-05-27,12.205669403076172
2020-05-28,12.038002967834473
2020-05-29,11.933212280273438
2020-06-01,11.92796802520752
2020-06-02,12.171609878540039
2020-06-03,12.789885520935059
2020-06-04,12.988992691040039
2020-06-05,12.855380058288574
2020-06-08,13.549628257751465
2020-06-09,13.379341125488281
2020-06-10,13.292888641357422
2020-06-12,13.059723854064941
2020-06-15,12.97065258026123
2020-06-16,12.968034744262695
2020-06-17,13.413396835327148
2020-06-18,13.19333553314209
2020-06-19,13.361001968383789
2020-06-22,13.185476303100586
2020-06-23,13.696337699890137
2020-06-24,13.793268203735352
2020-06-25,14.40892505645752
2020-06-26,14.002854347229004
2020-06-29,14.398446083068848
2020-06-30,14.432500839233398
2020-07-01,14.717987060546875
2020-07-02,14.762638092041016
2020-07-03,14.841445922851562
2020-07-06,14.846693992614746
2020-07-07,15.017436027526855
2020-07-08,15.931570053100586
2020-07-09,15.469247817993164
2020-07-10,15.747692108154297
2020-07-13,15.731925010681152
2020-07-14,16.060283660888672
2020-07-15,16.257291793823242
2020-07-16,16.15484619140625
2020-07-17,16.78264808654785
2020-07-20,17.70465850830078
2020-07-21,17.371057510375977
2020-07-22,17.520784378051758
2020-07-23,17.210819244384766
2020-07-24,17.166166305541992
2020-07-27,17.397321701049805
2020-07-28,17.1346435546875
2020-07-29,16.97702980041504
2020-07-30,16.971776962280273
2020-07-31,16.664443969726562
2020-08-03,16.78264808654785
2020-08-04,16.606657028198242
2020-08-05,16.680206298828125
2020-08-06,16.824682235717773
2020-08-07,16.430662155151367
2020-08-10,16.35186004638672
2020-08-11,15.981475830078125
2020-08-12,16.15484619140625
2020-08-13,15.931570053100586
2020-08-14,15.910552024841309
2020-08-17,15.261731147766113
2020-08-18,16.233652114868164
2020-08-19,15.647873878479004
2020-08-20,16.375499725341797
2020-08-21,16.0156307220459
2020-08-24,15.997239112854004
2020-08-25,16.246782302856445
2020-08-26,15.892163276672363
2020-08-27,15.834372520446777
2020-08-28,16.028764724731445
2020-08-31,15.445609092712402
2020-09-01,15.773956298828125
2020-09-02,15.752943992614746
2020-09-03,15.188180923461914
2020-09-04,15.322145462036133
2020-09-08,14.983291625976562
2020-09-09,15.30375862121582
2020-09-10,14.710103034973145
2020-09-11,14.715357780456543
2020-09-14,15.42721939086914
2020-09-15,15.046334266662598
2020-09-16,14.978036880493164
2020-09-17,14.888725280761719
2020-09-18,14.74425220489502
2020-09-21,14.736372947692871
2020-09-22,15.06734561920166
2020-09-23,14.681205749511719
2020-09-24,15.49025821685791
2020-09-25,15.271012306213379
2020-09-28,14.64792537689209
2020-09-29,14.285786628723145
2020-09-30,14.64792537689209
2020-10-01,14.520111083984375
2020-10-02,14.181936264038086
2020-10-05,14.844974517822266
2020-10-06,14.315077781677246
2020-10-07,14.301761627197266
2020-10-08,14.605320930480957
2020-10-09,14.568041801452637
2020-10-13,14.59200668334961
2020-10-14,15.012721061706543
2020-10-15,14.807694435119629
2020-10-16,14.46951961517334
2020-10-19,14.948820114135742
2020-10-20,15.417464256286621
2020-10-21,15.27634048461914
2020-10-22,14.93017864227295
2020-10-23,14.59200668334961
2020-10-26,14.639933586120605
2020-10-27,14.046136856079102
2020-10-28,13.668023109436035
2020-10-29,14.107378959655762
2020-10-30,13.593464851379395
2020-11-03,13.572163581848145
2020-11-04,14.40561294555664
2020-11-05,15.073969841003418
2020-11-06,15.076630592346191
2020-11-09,14.339045524597168
2020-11-10,14.40561294555664
2020-11-11,14.751771926879883
2020-11-12,14.320405960083008
2020-11-13,14.299100875854492
2020-11-16,14.219217300415039
2020-11-17,14.25915813446045
2020-11-18,14.39229679107666
2020-11-19,14.730474472045898
2020-11-23,14.402953147888184
2020-11-24,14.831655502319336
2020-11-25,15.073969841003418
2020-11-26,15.177817344665527
2020-11-27,15.151188850402832
2020-11-30,14.94615364074707
2020-12-01,15.119234085083008
2020-12-02,15.870139122009277
2020-12-03,15.681082725524902
2020-12-04,15.649127006530762
2020-12-07,15.566583633422852
2020-12-08,15.476046562194824
2020-12-09,15.084620475769043
2020-12-10,15.500014305114746
2020-12-11,15.667768478393555
2020-12-14,15.518654823303223
2020-12-15,15.67841911315918
2020-12-16,16.123106002807617
2020-12-17,16.096477508544922
2020-12-18,15.923396110534668
2020-12-21,15.710372924804688
2020-12-22,16.051206588745117
2020-12-23,15.973987579345703
2020-12-28,16.37606430053711
2020-12-29,16.461275100708008
2020-12-30,16.503877639770508
2021-01-04,16.384950637817383
2021-01-05,16.417200088500977
2021-01-06,16.14849853515625
2021-01-07,16.599905014038086
2021-01-08,16.84442138671875
2021-01-11,16.151199340820312
2021-01-12,16.618724822998047
2021-01-13,16.685895919799805
2021-01-14,16.56766700744629
2021-01-15,16.07326889038086
2021-01-18,16.336589813232422
2021-01-19,16.28016471862793
2021-01-20,16.12163734436035
2021-01-21,15.611122131347656
2021-01-22,15.73202896118164
2021-01-26,15.933550834655762
2021-01-27,15.855626106262207
2021-01-28,16.46824836730957
2021-01-29,16.06789779663086
2021-02-01,16.457500457763672
2021-02-02,16.84442138671875
2021-02-03,16.91697120666504
2021-02-04,16.77724838256836
2021-02-05,17.048627853393555
2021-02-08,16.796056747436523
2021-02-09,16.7181339263916
2021-02-10,16.13507080078125
2021-02-11,16.207618713378906
2021-02-12,16.084014892578125
2021-02-17,15.855626106262207
2021-02-18,15.589617729187012
2021-02-19,15.597681045532227
2021-02-22,14.976998329162598
2021-02-23,14.869522094726562
2021-02-24,14.944756507873535
2021-02-25,14.74860954284668
2021-02-26,14.590081214904785
2021-03-01,14.603514671325684
2021-03-02,15.049548149108887
2021-03-03,15.205388069152832
2021-03-04,14.909829139709473
2021-03-05,15.178516387939453
2021-03-08,14.15748405456543
2021-03-09,14.37511920928955
2021-03-10,14.861459732055664
2021-03-11,15.234950065612793
2021-03-12,14.869522094726562
2021-03-15,14.455731391906738
2021-03-16,14.092999458312988
2021-03-17,14.22734546661377
2021-03-18,14.43692684173584
2021-03-19,14.950130462646484
2021-03-22,14.783539772033691
2021-03-23,14.555146217346191
2021-03-24,14.453046798706055
2021-03-25,14.718196868896484
2021-03-26,14.781145095825195
2021-03-29,14.700098037719727
2021-03-30,14.672669410705566
2021-03-31,14.97983455657959
2021-04-01,14.702838897705078
2021-04-05,14.897560119628906
2021-04-06,15.10324764251709
2021-04-07,15.070338249206543
2021-04-08,15.317172050476074
2021-04-09,15.144392013549805
2021-04-12,15.2952299118042
2021-04-13,15.166327476501465
2021-04-14,15.092280387878418
2021-04-15,14.963379859924316
2021-04-16,15.193755149841309
2021-04-19,14.908530235290527
2021-04-20,14.733010292053223
2021-04-22,14.63153076171875
2021-04-23,14.733010292053223
2021-04-26,14.538286209106445
2021-04-27,14.521829605102539
2021-04-28,14.700098037719727
2021-04-29,14.412130355834961
2021-04-30,14.124160766601562
2021-05-03,14.121417999267578
2021-05-04,13.896527290344238
2021-05-05,14.124160766601562
2021-05-06,13.932178497314453
2021-05-07,14.628787994384766
2021-05-10,14.61782169342041
2021-05-11,14.494405746459961
2021-05-12,14.124160766601562
2021-05-13,14.19272232055664
2021-05-14,14.686382293701172
2021-05-17,14.464234352111816
2021-05-18,14.233860969543457
2021-05-19,14.168039321899414
2021-05-20,14.19272232055664
2021-05-21,14.274999618530273
2021-05-24,14.357281684875488
2021-05-25,13.98703384399414
2021-05-26,14.06930923461914
2021-05-27,13.970575332641602
2021-05-28,14.381956100463867
2021-05-31,14.431327819824219
2021-06-01,14.562972068786621
2021-06-02,13.995260238647461
2021-06-04,14.18449878692627
2021-06-07,14.22563648223877
2021-06-08,13.435779571533203
2021-06-09,13.493371963500977
2021-06-10,13.164264678955078
2021-06-11,13.271224021911621
2021-06-14,13.427549362182617
2021-06-15,13.715517044067383
2021-06-16,13.912983894348145
2021-06-17,14.126901626586914
2021-06-18,14.299680709838867
2021-06-21,14.044624328613281
2021-06-22,13.978803634643555
2021-06-23,14.003486633300781
2021-06-24,13.978803634643555
2021-06-25,13.731977462768555
2021-06-28,13.978803634643555
2021-06-29,14.019944190979004
2021-06-30,14.015484809875488
2021-07-01,13.598851203918457
2021-07-02,13.682180404663086
2021-07-05,13.423869132995605
2021-07-06,13.265549659729004
2021-07-07,13.557190895080566
2021-07-08,13.457198143005371
2021-07-12,13.923827171325684
2021-07-13,14.123810768127441
2021-07-14,14.265467643737793
2021-07-15,14.165475845336914
2021-07-16,13.823837280273438
2021-07-19,13.673849105834961
2021-07-20,13.682180404663086
2021-07-21,13.623852729797363
2021-07-22,13.748844146728516
2021-07-23,13.623852729797363
2021-07-26,13.673849105834961
2021-07-27,13.415534973144531
2021-07-28,13.19888973236084
2021-07-29,13.1738920211792
2021-07-30,12.707262992858887
2021-08-02,13.015569686889648
2021-08-03,13.34054183959961
2021-08-04,13.28221321105957
2021-08-05,13.09056282043457
2021-08-06,13.248882293701172
2021-08-09,13.140560150146484
2021-08-10,12.923911094665527
2021-08-11,12.540609359741211
2021-08-12,11.574024200439453
2021-08-13,12.198973655700684
2021-08-16,11.649017333984375
2021-08-17,11.515695571899414
2021-08-18,11.282383918762207
2021-08-19,11.81567096710205
2021-08-20,11.832337379455566
2021-08-23,11.374039649963379
2021-08-24,11.582356452941895
2021-08-25,11.657349586486816
2021-08-26,11.382373809814453
2021-08-27,11.61568546295166
2021-08-30,11.415703773498535
2021-08-31,11.724010467529297
2021-09-01,12.023987770080566
2021-09-02,11.724010467529297
2021-09-03,11.70734691619873
2021-09-06,11.932326316833496
2021-09-08,10.932412147521973
2021-09-09,11.357378005981445
2021-09-10,11.507362365722656
2021-09-13,11.832337379455566
2021-09-14,11.774008750915527
2021-09-15,11.70734691619873
2021-09-16,11.76567554473877
2021-09-17,11.81567096710205
2021-09-20,11.399041175842285
2021-09-21,11.290714263916016
2021-09-22,11.874000549316406
2021-09-23,11.590692520141602
2021-09-24,11.565692901611328
2021-09-27,11.399041175842285
2021-09-28,10.78242301940918
2021-09-29,10.624103546142578
2021-09-30,10.615772247314453
2021-10-01,11.02407169342041
2021-10-04,10.332463264465332
2021-10-05,10.124147415161133
2021-10-06,10.182478904724121
2021-10-07,10.215806007385254
2021-10-08,10.407455444335938
2021-10-11,10.107481956481934
2021-10-13,10.707432746887207
2021-10-14,10.607439994812012
2021-10-15,10.95741081237793
2021-10-18,10.76576042175293
2021-10-19,10.432453155517578
2021-10-20,10.949077606201172
2021-10-21,10.840753555297852
2021-10-22,10.515782356262207
2021-10-25,10.74075984954834
2021-10-26,10.124147415161133
2021-10-27,10.099149703979492
2021-10-28,10.032487869262695
2021-10-29,9.924161911010742
2021-11-01,9.982490539550781
2021-11-03,9.999156951904297
2021-11-04,9.949158668518066
2021-11-05,10.307466506958008
2021-11-08,10.199142456054688
2021-11-09,10.532445907592773
2021-11-10,10.55744457244873
2021-11-11,10.95741081237793
2021-11-12,10.874083518981934
2021-11-16,10.624103546142578
2021-11-17,10.549110412597656
2021-11-18,10.390790939331055
2021-11-19,10.390790939331055
2021-11-22,10.082484245300293
2021-11-23,9.982490539550781
2021-11-24,10.157477378845215
2021-11-25,10.307466506958008
2021-11-26,9.815839767456055
2021-11-29,9.582523345947266
2021-11-30,9.257551193237305
2021-12-01,9.174227714538574
2021-12-02,9.549196243286133
2021-12-03,9.690850257873535
2021-12-06,9.815839767456055
2021-12-07,10.04082202911377
2021-12-08,10.099149703979492
2021-12-09,9.757509231567383
2021-12-10,10.315796852111816
2021-12-13,10.124147415161133
2021-12-14,10.082484245300293
2021-12-15,10.049155235290527
2021-12-16,10.057487487792969
2021-12-17,10.25747013092041
2021-12-20,9.899165153503418
2021-12-21,9.594905853271484
2021-12-22,9.704608917236328
2021-12-23,9.603343963623047
2021-12-27,9.54427433013916
2021-12-28,9.417691230773926
2021-12-29,9.350177764892578
2021-12-30,9.400814056396484
2022-01-03,9.086989402770996
2022-01-04,9.281949996948242
2022-01-05,9.086989402770996
2022-01-06,9.307380676269531
2022-01-07,9.527774810791016
2022-01-10,9.47691535949707
2022-01-11,9.50234603881836
2022-01-12,9.841409683227539
2022-01-13,9.824459075927734
2022-01-14,10.358490943908691
2022-01-17,10.477161407470703
2022-01-18,10.434779167175293
2022-01-19,10.39239501953125
2022-01-20,11.231585502624512
2022-01-21,11.562172889709473
2022-01-24,11.07052993774414
2022-01-25,11.290921211242676
2022-01-26,11.680848121643066
2022-01-27,12.257259368896484
2022-01-28,12.494609832763672
2022-01-31,12.392889976501465
2022-02-01,12.087728500366211
2022-02-02,11.977533340454102
2022-02-03,11.986007690429688
2022-02-04,11.977533340454102
2022-02-07,11.61303424835205
2022-02-08,11.485884666442871
2022-02-09,12.002963066101074
2022-02-10,11.952101707458496
2022-02-11,11.799522399902344
2022-02-14,11.969056129455566
2022-02-15,12.375937461853027
2022-02-16,12.367459297180176
2022-02-17,12.036870002746582
2022-02-18,12.096203804016113
2022-02-21,11.92667293548584
2022-02-22,12.19792366027832
2022-02-23,12.367459297180176
2022-02-24,12.460700988769531
2022-02-25,12.358981132507324
2022-03-02,12.13858699798584
2022-03-03,12.520038604736328
2022-03-04,12.24030876159668
2022-03-07,11.782567977905273
2022-03-08,11.545222282409668
2022-03-09,11.697800636291504
2022-03-10,11.282445907592773
2022-03-11,11.240060806274414
2022-03-14,11.240060806274414
2022-03-15,11.273967742919922
2022-03-16,11.528268814086914
2022-03-17,11.782567977905273
2022-03-18,11.960576057434082
2022-03-21,11.765616416931152
2022-03-22,12.401365280151367
2022-03-23,12.51156234741211
2022-03-24,12.621759414672852
2022-03-25,12.992020606994629
2022-03-28,12.949113845825195
2022-03-29,13.3352689743042
2022-03-30,13.446825981140137
2022-03-31,13.481151580810547
2022-04-01,13.764330863952637
2022-04-04,13.850142478942871
2022-04-05,13.584125518798828
2022-04-06,13.618449211120605
2022-04-07,13.601287841796875
2022-04-08,13.386756896972656
2022-04-11,12.768906593322754
2022-04-12,12.31410026550293
2022-04-13,12.365584373474121
2022-04-14,12.434237480163574
2022-04-18,12.459980964660645
2022-04-19,12.477143287658691
2022-04-20,12.605860710144043
2022-04-22,12.32267951965332
2022-04-25,12.116730690002441
2022-04-26,11.679086685180664
2022-04-27,11.593274116516113
2022-04-28,11.653343200683594
2022-04-29,11.413067817687988
2022-05-02,10.98400592803955
2022-05-03,10.769474029541016
2022-05-04,10.85528564453125
2022-05-05,10.400479316711426
2022-05-06,10.100136756896973
2022-05-09,10.074390411376953
2022-05-10,9.928509712219238
2022-05-11,9.68823528289795
2022-05-12,10.211691856384277
2022-05-13,9.84270191192627
2022-05-16,9.84270191192627
2022-05-17,10.211691856384277
2022-05-18,9.91135025024414
2022-05-19,10.134461402893066
2022-05-20,10.331830024719238
2022-05-23,10.383317947387695
2022-05-24,10.314666748046875
2022-05-25,10.2202730178833
2022-05-26,10.649335861206055
2022-05-27,10.898192405700684
2022-05-30,10.98400592803955
2022-05-31,10.95826244354248
2022-06-01,10.726568222045898
2022-06-02,11.061236381530762
2022-06-03,10.872448921203613
2022-06-06,10.537779808044434
2022-06-07,10.203109741210938
2022-06-08,10.117297172546387
2022-06-09,10.254596710205078
2022-06-10,10.00574016571045
2022-06-13,9.902766227722168
2022-06-14,9.859859466552734
2022-06-15,9.962834358215332
2022-06-17,9.825533866882324
2022-06-20,9.91135025024414
2022-06-21,9.859859466552734
2022-06-22,9.997161865234375
2022-06-23,9.937091827392578
2022-06-24,9.95425796508789
2022-06-27,9.95425796508789
2022-06-28,9.671073913574219
2022-06-29,9.506787300109863
2022-06-30,9.515469551086426
2022-07-01,9.715156555175781
2022-07-04,9.61965274810791
2022-07-05,9.784614562988281
2022-07-06,9.645698547363281
2022-07-07,9.862749099731445
2022-07-08,9.932205200195312
2022-07-11,9.350513458251953
2022-07-12,9.150827407836914
2022-07-13,8.925095558166504
2022-07-14,8.925095558166504
2022-07-15,8.708043098449707
2022-07-18,8.916411399841309
2022-07-19,8.8643217086792
2022-07-20,9.150827407836914
2022-07-21,9.558882713317871
2022-07-22,9.307104110717773
2022-07-25,9.31578254699707
2022-07-26,9.31578254699707
2022-07-27,9.446017265319824
2022-07-28,9.775928497314453
2022-07-29,9.628337860107422
2022-08-01,9.437333106994629
2022-08-02,9.37656021118164
2022-08-03,9.68911075592041
2022-08-04,10.331578254699707
2022-08-05,10.47917366027832
2022-08-08,10.809088706970215
2022-08-09,10.635449409484863
2022-08-10,10.739633560180664
2022-08-11,10.548627853393555
2022-08-12,11.373419761657715
2022-08-15,11.460238456726074
2022-08-16,11.390782356262207
2022-08-17,11.173731803894043
2022-08-18,11.15636920928955
2022-08-19,10.86117935180664
2022-08-22,10.678858757019043
2022-08-23,10.791726112365723
2022-08-24,10.817770004272461
2022-08-25,11.086913108825684
2022-08-26,10.791726112365723
2022-08-29,10.713587760925293
2022-08-30,10.583354949951172
2022-08-31,10.288169860839844
2022-09-01,10.505220413208008
2022-09-02,10.97404670715332
2022-09-05,11.15636920928955
2022-09-06,10.756999015808105
2022-09-08,11.286598205566406
2022-09-09,11.243186950683594
2022-09-12,11.503647804260254
2022-09-13,11.182413101196289
2022-09-14,11.095595359802246
2022-09-15,10.904590606689453
2022-09-16,10.74831485748291
2022-09-19,11.477605819702148
2022-09-20,11.842243194580078
2022-09-21,11.564422607421875
2022-09-22,11.668606758117676
2022-09-23,11.69732666015625
2022-09-26,11.243060111999512
2022-09-27,11.138230323791504
2022-09-28,11.225589752197266
2022-09-29,11.007194519042969
2022-09-30,11.400306701660156
2022-10-03,12.125384330749512
2022-10-04,12.649532318115234
2022-10-05,12.867932319641113
2022-10-06,12.955288887023926
2022-10-07,12.929082870483398
2022-10-10,12.964027404785156
2022-10-11,12.535970687866211
2022-10-13,12.142855644226074
2022-10-14,12.13411808013916
2022-10-17,12.361249923706055
2022-10-18,12.230215072631836
2022-10-19,12.448610305786133
2022-10-20,12.230215072631836
2022-10-21,12.780574798583984
2022-10-24,12.265154838562012
2022-10-25,12.099178314208984
2022-10-26,11.513873100280762
2022-10-27,12.125384330749512
2022-10-28,12.387458801269531
2022-10-31,13.138745307922363
2022-11-01,13.208630561828613
2022-11-03,13.435763359069824
2022-11-04,13.627952575683594
2022-11-07,13.365876197814941
2022-11-08,13.392082214355469
2022-11-09,13.313460350036621
2022-11-10,11.62743854522705
2022-11-11,10.98971939086914
2022-11-14,10.893625259399414
2022-11-16,10.832474708557129
2022-11-17,10.177285194396973
2022-11-18,10.36947250366211
2022-11-21,10.526719093322754
2022-11-22,10.47430419921875
2022-11-23,10.47430419921875
2022-11-24,11.059606552124023
2022-11-25,10.526719093322754
2022-11-28,10.552927017211914
2022-11-29,10.96351146697998
2022-11-30,11.120758056640625
2022-12-01,10.841212272644043
2022-12-02,11.094551086425781
2022-12-05,10.6140775680542
2022-12-06,10.64028549194336
2022-12-07,10.701436996459961
2022-12-08,10.255906105041504
2022-12-09,10.255906105041504
2022-12-12,10.002565383911133
2022-12-13,9.950152397155762
2022-12-14,10.290849685668945
2022-12-15,10.072453498840332
2022-12-16,9.923942565917969
2022-12-19,10.561661720275879
2022-12-20,11.024663925170898
2022-12-21,10.972248077392578
2022-12-22,10.762588500976562
2022-12-23,11.685336112976074
2022-12-26,11.746609687805176
2022-12-27,11.335216522216797
2022-12-28,11.729103088378906
2022-12-29,11.562793731689453
2023-01-02,10.774686813354492
2023-01-03,10.41406536102295
2023-01-04,10.493226051330566
2023-01-05,10.818666458129883
2023-01-06,11.073739051818848
2023-01-09,10.924214363098145
2023-01-10,11.3112211227417
2023-01-11,11.830164909362793
2023-01-12,11.75979995727539
2023-01-13,11.575092315673828
2023-01-16,11.390382766723633
2023-01-17,11.443157196044922
2023-01-18,11.50472354888916
2023-01-19,11.407977104187012
2023-01-20,11.232060432434082
2023-01-23,11.126513481140137
2023-01-24,11.293631553649902
2023-01-25,11.53111457824707
2023-01-26,11.539908409118652
2023-01-27,11.17928409576416
2023-01-30,11.320018768310547
2023-01-31,11.399178504943848
2023-02-01,11.35519790649414
2023-02-02,11.434359550476074
2023-02-03,10.651545524597168
2023-02-06,10.651545524597168
2023-02-07,10.45804500579834
2023-02-08,10.6603422164917
2023-02-09,10.246946334838867
2023-02-10,10.378883361816406
2023-02-13,10.484427452087402
2023-02-14,10.062237739562988
2023-02-15,10.194175720214844
2023-02-16,10.000667572021484
2023-02-17,9.701614379882812
2023-02-22,9.543296813964844
2023-02-23,9.481724739074707
2023-02-24,9.169936180114746
2023-02-27,9.319973945617676
2023-02-28,9.311148643493652
2023-03-01,9.267019271850586
2023-03-02,9.346452713012695
2023-03-03,9.284669876098633
2023-03-06,9.673002243041992
2023-03-07,9.752434730529785
2023-03-08,10.281977653503418
2023-03-09,10.220197677612305
2023-03-10,9.937774658203125
2023-03-13,10.017207145690918
2023-03-14,10.096637725830078
2023-03-15,10.184894561767578
2023-03-16,10.467316627502441
2023-03-17,9.973076820373535
2023-03-20,9.867167472839355
2023-03-21,9.858342170715332
2023-03-22,9.743609428405762
2023-03-23,9.196412086486816
2023-03-24,9.319973945617676
2023-03-27,9.346452713012695
2023-03-28,9.425882339477539
2023-03-29,9.346202850341797
2023-03-30,9.58584976196289
2023-03-31,9.186441421508789
2023-04-03,9.390583038330078
2023-04-04,9.61247730255127
2023-04-05,9.57697582244873
2023-04-06,9.497091293334961
2023-04-10,9.683485984802246
2023-04-11,10.322542190551758
2023-04-12,10.526680946350098
2023-04-13,10.420173645019531
2023-04-14,10.624316215515137
2023-04-17,10.668696403503418
2023-04-18,10.553312301635742
2023-04-19,10.28703784942627
2023-04-20,10.349167823791504
2023-04-24,10.43792724609375
2023-04-25,10.473428726196289
2023-04-26,9.985260963439941
2023-04-27,10.18940258026123
2023-04-28,10.366920471191406
2023-05-02,10.056266784667969
2023-05-03,10.216032028198242
2023-05-04,10.500059127807617
2023-05-05,11.085859298706055
2023-05-08,11.041479110717773
2023-05-09,11.147990226745605
2023-05-10,11.139115333557129
2023-05-11,11.343255996704102
2023-05-12,11.387635231018066
2023-05-15,11.53852367401123
2023-05-16,11.369882583618164
2023-05-17,11.822548866271973
2023-05-18,11.973437309265137
2023-05-19,12.035568237304688
2023-05-22,11.88467788696289
2023-05-23,11.72491455078125
2023-05-24,11.414259910583496
2023-05-25,11.698287963867188
2023-05-26,12.124324798583984
2023-05-29,12.008940696716309
2023-05-30,11.849174499511719
2023-05-31,11.822548866271973
2023-06-01,12.692377090454102
2023-06-02,12.798885345458984
2023-06-05,12.834388732910156
2023-06-06,12.790008544921875
2023-06-07,13.082907676696777
2023-06-09,13.047408103942871
2023-06-12,13.224923133850098
2023-06-13,12.96752643585205
2023-06-14,13.508950233459473
2023-06-15,13.056282997131348
2023-06-16,12.976402282714844
2023-06-19,13.136163711547852
2023-06-20,13.074034690856934
2023-06-21,12.994153022766113
2023-06-22,12.603616714477539
2023-06-23,12.807761192321777
2023-06-26,12.470481872558594
2023-06-27,12.479357719421387
2023-06-28,12.484148025512695
2023-06-29,13.101644515991211
2023-06-30,13.07479476928711
2023-07-03,13.361170768737793
2023-07-04,13.191134452819824
2023-07-05,13.1821870803833
2023-07-06,12.689979553222656
2023-07-07,12.851067543029785
2023-07-10,12.600488662719727
2023-07-11,12.466249465942383
2023-07-12,12.752622604370117
2023-07-13,13.030051231384277
2023-07-14,12.931611061096191
2023-07-17,13.056896209716797
2023-07-18,13.164288520812988
2023-07-19,13.06584644317627
2023-07-20,13.07479476928711
2023-07-21,13.575952529907227
2023-07-24,13.513310432434082
2023-07-25,13.41486644744873
2023-07-26,13.379068374633789
2023-07-27,13.06584644317627
2023-07-28,13.173237800598145
2023-07-31,13.33432388305664
2023-08-01,13.191134452819824
2023-08-02,13.21798324584961
2023-08-03,13.307475090026855
2023-08-04,13.164288520812988
2023-08-07,13.092695236206055
2023-08-08,12.9674072265625
2023-08-09,12.797372817993164
2023-08-10,12.770523071289062
2023-08-11,12.707877159118652
2023-08-14,12.627334594726562
2023-08-15,12.546794891357422
2023-08-16,12.358860969543457
2023-08-17,12.018790245056152
2023-08-18,12.224621772766113
2023-08-21,12.063535690307617
2023-08-22,12.403606414794922
2023-08-23,12.707877159118652
2023-08-24,12.251469612121582
2023-08-25,12.07248592376709
2023-08-28,12.108283042907715
2023-08-29,12.144076347351074
2023-08-30,11.830855369567871
2023-08-31,11.571331024169922
2023-09-01,11.61607551574707
2023-09-04,11.68766975402832
2023-09-05,11.428141593933105
2023-09-06,11.222309112548828
2023-09-08,11.222309112548828
2023-09-11,11.55342960357666
2023-09-12,11.777161598205566
2023-09-13,11.821905136108398
2023-09-14,11.902449607849121
2023-09-15,11.812957763671875
2023-09-18,11.705567359924316
2023-09-19,11.562379837036133
2023-09-20,11.750313758850098
2023-09-21,11.26705551147461
2023-09-22,11.127811431884766
2023-09-25,11.136835098266602
2023-09-26,10.893157958984375
2023-09-27,10.857057571411133
2023-09-28,11.019508361816406
2023-09-29,11.091710090637207
2023-10-02,10.829983711242676
2023-10-03,10.369709014892578
2023-10-04,10.703633308410645
2023-10-05,10.586310386657715
2023-10-06,10.685585021972656
2023-10-09,10.631436347961426
2023-10-10,10.875109672546387
2023-10-11,10.857057571411133
2023-10-13,10.468984603881836
2023-10-16,10.595335006713867
2023-10-17,10.171159744262695
2023-10-18,10.04481029510498
2023-10-19,9.927484512329102
2023-10-20,10.062859535217285
2023-10-23,10.207260131835938
2023-10-24,10.468984603881836
2023-10-25,10.414834976196289
2023-10-26,10.586310386657715
2023-10-27,10.107986450195312
2023-10-30,9.999686241149902
2023-10-31,10.01773738861084
2023-11-01,10.423860549926758
2023-11-03,11.019508361816406
2023-11-06,11.046585083007812
2023-11-07,11.245134353637695
2023-11-08,11.254159927368164
2023-11-09,11.154884338378906
2023-11-10,11.696383476257324
2023-11-13,11.218058586120605
2023-11-14,11.425634384155273
2023-11-16,11.660283088684082
2023-11-17,11.48880672454834
2023-11-20,11.831758499145508
2023-11-21,11.588083267211914
2023-11-22,11.750534057617188
2023-11-23,11.885908126831055
2023-11-24,11.660283088684082
2023-11-27,11.660283088684082
2023-11-28,11.931032180786133
2023-11-29,11.958109855651855
2023-11-30,12.003232955932617
2023-12-01,12.210808753967285
2023-12-04,12.219832420349121
2023-12-05,12.138606071472168
2023-12-06,11.940055847167969
2023-12-07,11.994206428527832
2023-12-08,12.219832420349121
2023-12-11,12.571806907653809
2023-12-12,12.499608039855957
2023-12-13,13.023056983947754
2023-12-14,13.384055137634277
2023-12-15,13.239656448364258
2023-12-18,13.30282974243164
2023-12-19,13.131355285644531
2023-12-20,12.788405418395996
2023-12-21,13.077207565307617
2023-12-22,13.095256805419922
2023-12-26,13.230630874633789
2023-12-27,13.158431053161621
2023-12-28,13.131355285644531
2024-01-02,12.87736988067627
2024-01-03,12.841018676757812
2024-01-04,12.468421936035156
2024-01-05,12.6956148147583
2024-01-08,12.977336883544922
2024-01-09,12.777405738830566
2024-01-10,12.650175094604492
2024-01-11,12.677438735961914
2024-01-12,12.813756942749023
2024-01-15,12.841018676757812
2024-01-16,12.704703330993652
2024-01-17,12.477507591247559
2024-01-18,12.586563110351562
2024-01-19,12.532034873962402
2024-01-22,12.250314712524414
2024-01-23,12.477507591247559
2024-01-24,12.38663101196289
2024-01-25,12.204875946044922
2024-01-26,12.014031410217285
2024-01-29,12.004942893981934
2024-01-30,11.814102172851562
2024-01-31,11.895890235900879
2024-02-01,12.077646255493164
2024-02-02,11.968594551086426
2024-02-05,11.877716064453125
2024-02-06,12.004942893981934
2024-02-07,12.204875946044922
2024-02-08,11.959506034851074
2024-02-09,12.032205581665039
2024-02-14,11.686871528625488
2024-02-15,11.532379150390625
2024-02-16,11.568730354309082
2024-02-19,11.532379150390625
2024-02-20,11.759575843811035
2024-02-21,11.641433715820312
2024-02-22,11.4960298538208
2024-02-23,11.314273834228516
2024-02-26,11.341538429260254
2024-02-27,11.586906433105469
2024-02-28,11.492717742919922
2024-02-29,11.721111297607422
2024-03-01,11.346546173095703
2024-03-04,11.236919403076172
2024-03-05,11.136425018310547
2024-03-06,11.191240310668945
2024-03-07,11.255188941955566
2024-03-08,11.383089065551758
2024-03-11,11.492717742919922
2024-03-12,11.711974143981934
2024-03-13,11.657161712646484
2024-03-14,11.428768157958984
2024-03-15,11.264327049255371
2024-03-18,11.291732788085938
2024-03-19,11.246054649353027
2024-03-20,11.648024559020996
2024-03-21,11.328276634216309
2024-03-22,10.962846755981445
2024-03-25,10.871488571166992
2024-03-26,10.871488571166992
2024-03-27,11.029736518859863
2024-03-28,11.002205848693848
2024-04-01,10.800332069396973
2024-04-02,10.763627052307129
2024-04-03,10.736100196838379
2024-04-04,10.974678993225098
2024-04-05,11.011383056640625
2024-04-08,11.130672454833984
2024-04-09,11.369254112243652
2024-04-10,10.974678993225098
2024-04-11,10.993029594421387
2024-04-12,10.745275497436523
2024-04-15,10.534220695495605
2024-04-16,10.396580696105957
2024-04-17,10.313995361328125
2024-04-18,10.222234725952148
2024-04-19,10.258938789367676
2024-04-22,10.341525077819824
2024-04-23,10.17635440826416
2024-04-24,10.038710594177246
2024-04-25,9.937771797180176
2024-04-26,10.29564380645752
2024-04-29,10.222234725952148
2024-04-30,9.901068687438965
2024-05-02,10.148825645446777
2024-05-03,10.451638221740723
2024-05-06,10.561752319335938
2024-05-07,10.625985145568848
2024-05-08,10.70857048034668
2024-05-09,10.286467552185059
2024-05-10,10.038710594177246
2024-05-13,10.30482006072998
2024-05-14,10.525046348571777
2024-05-15,10.561752319335938
2024-05-16,10.625985145568848
2024-05-17,10.479166984558105
2024-05-20,10.48834228515625
2024-05-21,10.469990730285645
2024-05-22,10.148825645446777
2024-05-23,10.19470500946045
2024-05-24,10.222234725952148
2024-05-27,10.185531616210938
2024-05-28,10.158000946044922
2024-05-29,9.983654022216797
2024-05-31,9.8184814453125
2024-06-03,9.809305191040039
2024-06-04,9.827659606933594
2024-06-05,9.855188369750977
2024-06-06,10.167177200317383
2024-06-07,9.864363670349121
2024-06-10,9.625785827636719
2024-06-11,9.680842399597168
2024-06-12,9.543198585510254
2024-06-13,9.249561309814453
2024-06-14,9.515669822692871
2024-06-17,9.690017700195312
2024-06-18,9.7358980178833
2024-06-19,9.67677116394043
2024-06-20,9.547253608703613
2024-06-21,9.612011909484863
2024-06-24,9.72302532196045
2024-06-25,9.547253608703613
2024-06-26,9.454740524291992
2024-06-27,9.621262550354004
2024-06-28,9.473243713378906
2024-07-01,9.68602180480957
2024-07-02,9.667519569396973
2024-07-03,9.649017333984375
2024-07-04,9.7877836227417
2024-07-05,9.732277870178223
2024-07-08,9.889547348022461
2024-07-09,9.824790000915527
2024-07-10,9.926552772521973
2024-07-11,10.2225923538208
2024-07-12,10.648148536682129
2024-07-15,10.601892471313477
2024-07-16,10.620392799377441
2024-07-17,10.629644393920898
2024-07-18,10.333605766296387
2024-07-19,10.333605766296387
2024-07-22,10.444621086120605
2024-07-23,10.34285831451416
2024-07-24,10.204089164733887
2024-07-25,10.083823204040527
2024-07-26,10.130081176757812
2024-07-29,10.037568092346191
2024-07-30,9.954305648803711
2024-07-31,10.037568092346191
2024-08-01,10.056069374084473
2024-08-02,10.046819686889648
2024-08-05,10.046819686889648
2024-08-06,10.074573516845703
2024-08-07,10.305853843688965
2024-08-08,10.500128746032715
2024-08-09,11.11996078491211
2024-08-12,11.286481857299805
2024-08-13,11.693535804748535
2024-08-14,11.749042510986328
2024-08-15,11.758294105529785
2024-08-16,11.554766654968262
2024-08-19,11.832304000854492
2024-08-20,11.934066772460938
2024-08-21,11.989574432373047
2024-08-22,11.601022720336914
2024-08-23,11.786046981811523
2024-08-26,11.841554641723633
2024-08-27,11.702786445617676
2024-08-28,11.749042510986328
2024-08-29,11.601022720336914
2024-08-30,11.73054027557373
2024-09-02,11.499259948730469
2024-09-03,11.240225791931152
2024-09-04,11.610272407531738
2024-09-05,11.647278785705566
2024-09-06,11.314233779907227
2024-09-09,11.37899398803711
2024-09-10,11.508509635925293
2024-09-11,11.221722602844238
2024-09-12,11.147712707519531
2024-09-13,11.221722602844238
2024-09-16,11.24947738647461
2024-09-17,11.341989517211914
2024-09-18,11.221722602844238
2024-09-19,11.101457595825195
2024-09-20,10.731409072875977
2024-09-23,10.361360549926758
2024-09-24,10.407617568969727
2024-09-25,10.067668914794922
2024-09-26,10.123651504516602
2024-09-27,10.011685371398926
2024-09-30,9.993022918701172
2024-10-01,9.993022918701172
2024-10-02,10.207625389099121
2024-10-03,10.002354621887207
2024-10-04,10.03034496307373
2024-10-07,9.843735694885254
2024-10-08,9.98369312286377
2024-10-09,9.965031623840332
2024-10-10,10.03034496307373
2024-10-11,9.97436237335205
2024-10-14,10.151643753051758
2024-10-15,10.114320755004883
2024-10-16,10.244949340820312
2024-10-17,10.002354621887207
2024-10-18,9.937039375305176
2024-10-21,10.123651504516602
2024-10-22,9.899717330932617
2024-10-23,9.909048080444336
2024-10-24,10.05833625793457
2024-10-25,9.993022918701172
2024-10-28,10.160974502563477
2024-10-29,10.104990005493164
2024-10-30,10.05833625793457
2024-10-31,9.909048080444336
2024-11-01,9.722437858581543
2024-11-04,10.13298225402832
2024-11-05,10.235618591308594
2024-11-06,9.937039375305176
2024-11-07,9.993022918701172
2024-11-08,9.619802474975586
2024-11-11,9.479844093322754
2024-11-12,9.619802474975586
2024-11-13,9.54515552520752
2024-11-14,9.582480430603027
2024-11-18,9.330554962158203
2024-11-19,9.349215507507324
2024-11-21,9.162603378295898
2024-11-22,9.349215507507324
2024-11-25,9.461181640625
2024-11-26,9.498505592346191
2024-11-27,9.106620788574219
2024-11-28,8.537456512451172
2024-11-29,8.640091896057129
2024-12-02,8.742729187011719
2024-12-03,8.826704978942871
2024-12-04,8.929339408874512
2024-12-05,9.125282287597656
2024-12-06,9.265239715576172
2024-12-09,9.330554962158203
2024-12-10,9.479844093322754
2024-12-11,9.694445610046387
2024-12-12,9.591809272766113
2024-12-13,9.535825729370117
2024-12-16,9.442522048950195
2024-12-17,9.442522048950195
2024-12-18,9.199925422668457
2024-12-19,9.31189250946045
2024-12-20,9.582480430603027
2024-12-23,9.573147773742676
2024-12-26,9.638463973999023
2024-12-27,9.666454315185547
2024-12-30,9.629132270812988
2025-01-02,9.57658576965332
2025-01-03,9.482698440551758
2025-01-06,9.745585441589355
2025-01-07,9.679863929748535
2025-01-08,9.6704740524292
2025-01-09,9.57658576965332
2025-01-10,9.201033592224121
2025-01-13,9.191644668579102
2025-01-14,9.238590240478516
2025-01-15,9.858250617980957
2025-01-16,9.64231014251709
2025-01-17,9.71741771697998
2025-01-20,9.689251899719238
2025-01-21,9.73619556427002
2025-01-22,9.792529106140137
2025-01-23,9.71741771697998
2025-01-24,9.73619556427002
2025-01-27,9.914583206176758
2025-01-28,9.905195236206055
2025-01-29,9.905195236206055
2025-01-30,10.412190437316895
2025-01-31,10.506078720092773
2025-02-03,10.477912902832031
2025-02-04,10.393412590026855
2025-02-05,10.318303108215332
2025-02-06,10.534245491027832
2025-02-07,10.290135383605957
2025-02-10,10.421579360961914
2025-02-11,10.49669075012207
2025-02-12,10.36524772644043
2025-02-13,10.487299919128418
2025-02-14,10.881630897521973
2025-02-17,10.87224292755127
2025-02-18,10.815909385681152
2025-02-19,10.67507553100586
2025-02-20,10.599967956542969
2025-02-21,10.534245491027832
2025-02-24,10.177470207214355
2025-02-25,10.139915466308594
2025-02-26,9.98969554901123
2025-02-27,10.046027183532715
2025-02-28,9.764362335205078
2025-03-05,9.886417388916016
2025-03-06,9.98969554901123
2025-03-07,10.046027183532715
2025-03-10,9.830085754394531
2025-03-11,9.764362335205078
2025-03-12,9.858250617980957
2025-03-13,10.891020774841309
2025-03-14,12.083398818969727
2025-03-17,11.660902976989746
2025-03-18,11.30412769317627
2025-03-19,11.595181465148926
2025-03-20,11.642125129699707
2025-03-21,11.792346000671387
2025-03-24,11.642125129699707
2025-03-25,11.632736206054688
2025-03-26,11.682588577270508
2025-03-27,11.692024230957031
2025-03-28,11.550475120544434
2025-03-31,11.456109046936035
2025-04-01,11.569348335266113
2025-04-02,11.720335960388184
2025-04-03,12.012870788574219
2025-04-04,11.371179580688477
2025-04-07,11.276811599731445
2025-04-08,11.078640937805176
2025-04-09,11.484417915344238
2025-04-10,11.19188117980957
2025-04-11,11.267373085021973
2025-04-14,11.484417915344238
2025-04-15,11.569348335266113
2025-04-16,11.380616188049316
2025-04-17,11.493855476379395
2025-04-22,11.720335960388184
2025-04-23,11.937376022338867
2025-04-24,12.522451400756836
2025-04-25,12.635690689086914
2025-04-28,12.664000511169434
2025-04-29,12.484704971313477
2025-04-30,12.730057716369629
2025-05-02,12.560197830200195
2025-05-05,12.46583080291748
2025-05-06,12.418647766113281
2025-05-07,12.409210205078125
2025-05-08,13.447243690490723
2025-05-09,13.711468696594238
2025-05-12,13.551047325134277
2025-05-13,14.107810020446777
2025-05-14,13.824710845947266
2025-05-15,13.937950134277344
2025-05-16,13.937950134277344
2025-05-19,13.985133171081543
2025-05-20,14.107810020446777
2025-05-21,13.683159828186035
2025-05-22,13.532174110412598
2025-05-23,13.579357147216797
2025-05-26,13.522736549377441
2025-05-27,13.569920539855957
2025-05-28,13.494426727294922
2025-05-29,13.305694580078125
2025-05-30,13.164143562316895
2025-06-02,12.937664031982422
2025-06-03,13.381187438964844
2025-06-04,13.164143562316895
2025-06-05,12.814987182617188
2025-06-06,12.805550575256348
2025-06-09,12.418647766113281
2025-06-10,12.399775505065918
2025-06-11,12.494140625
2025-06-12,12.248786926269531
2025-06-13,12.314844131469727
2025-06-16,12.711185455322266
2025-06-17,12.767804145812988
2025-06-18,13.01315689086914
2025-06-20,12.852733612060547
2025-06-23,12.645127296447754
2025-06-24,12.828080177307129
2025-06-25,12.913474082946777
2025-06-26,13.378397941589355
2025-06-27,13.39737319946289
2025-06-30,13.833830833435059
2025-07-01,13.757925033569336
2025-07-02,13.710484504699707
2025-07-03,13.871785163879395
2025-07-04,13.957178115844727
2025-07-07,13.900249481201172
2025-07-08,13.843318939208984
2025-07-09,13.738948822021484
2025-07-10,13.368907928466797
2025-07-11,13.027332305908203
2025-07-14,12.913474082946777
2025-07-15,13.027332305908203
2025-07-16,12.979891777038574
2025-07-17,13.036820411682129
2025-07-18,12.306227684020996
2025-07-21,12.429574966430664
2025-07-22,12.401108741760254
2025-07-23,12.704732894897461
2025-07-24,12.4485502243042
2025-07-25,12.401108741760254
2025-07-28,12.050044059753418
2025-07-29,12.05953311920166
2025-07-30,12.09748649597168
2025-07-31,11.936186790466309
2025-08-01,11.945674896240234
2025-08-04,12.031067848205566
2025-08-05,11.936186790466309
2025-08-06,12.069022178649902
2025-08-07,12.249297142028809
2025-08-08,12.220832824707031
2025-08-11,12.106974601745605
2025-08-12,12.002603530883789
2025-08-13,12.050044059753418
2025-08-14,12.192368507385254
2025-08-15,12.477014541625977
2025-08-18,12.486504554748535
2025-08-19,11.888745307922363
2025-08-20,11.698981285095215
2025-08-21,11.623075485229492
2025-08-22,11.917210578918457
2025-08-25,11.907722473144531
2025-08-26,11.803349494934082
2025-08-27,12.021581649780273
2025-08-28,12.36315631866455
2025-08-29,12.315714836120605
2025-09-01,12.315714836120605
2025-09-02,12.09748649597168
2025-09-03,12.287250518798828
2025-09-04,12.420085906982422
2025-09-05,12.695243835449219
2025-09-08,12.467528343200684
2025-09-09,12.3441801071167
2025-09-10,12.306227684020996
2025-09-11,12.4485502243042
2025-09-12,12.287250518798828
2025-09-15,12.685755729675293
2025-09-16,12.790125846862793
2025-09-17,13.017843246459961
2025-09-18,13.027332305908203
2025-09-19,12.960915565490723
2025-09-22,12.809103012084961
2025-09-23,12.657292366027832
2025-09-24,12.56976318359375
2025-09-25,12.359789848327637
2025-09-26,12.617484092712402
2025-09-29,12.789280891418457
2025-09-30,12.789280891418457
2025-10-01,12.493409156799316
2025-10-02,12.254802703857422
2025-10-03,12.168905258178711
2025-10-06,12.063920021057129
2025-10-07,11.682148933410645
2025-10-08,12.083006858825684
2025-10-09,12.207082748413086
2025-10-10,12.025742530822754
2025-10-13,12.130727767944336
2025-10-14,11.978020668029785
2025-10-15,12.063920021057129
2025-10-16,12.025742530822754
2025-10-17,11.987565040588379
2025-10-20,12.083006858825684
2025-10-21,11.768046379089355
2025-10-22,11.88257884979248
2025-10-23,12.016197204589844
2025-10-24,11.930298805236816
2025-10-27,11.958931922912598
2025-10-28,12.054374694824219
2025-10-29,12.063920021057129
2025-10-30,12.025742530822754
2025-10-31,12.083006858825684
2025-11-03,12.254802703857422
2025-11-04,12.254802703857422
2025-11-05,12.598395347595215
2025-11-06,12.502954483032227
2025-11-07,12.388422012329102
2025-11-10,12.522042274475098
2025-11-11,12.913355827331543
2025-11-12,13.476466178894043
2025-11-13,13.810514450073242
2025-11-14,13.781881332397461
2025-11-17,13.514642715454102
2025-11-18,13.409656524658203
2025-11-19,13.218770980834961
2025-11-21,13.256949424743652
2025-11-24,13.342845916748047
2025-11-25,13.524187088012695
2025-11-26,14.039576530456543
2025-11-27,14.058664321899414
2025-11-28,14.278182029724121
2025-12-01,14.211373329162598
2025-12-02,14.4118013381958
2025-12-03,14.11592960357666
2025-12-04,14.335448265075684
2025-12-05,13.371479988098145
2025-12-08,13.69598388671875
2025-12-09,13.476466178894043
2025-12-10,13.562363624572754
2025-12-11,13.648262023925781
2025-12-12,13.676895141601562
2025-12-15,13.753249168395996
2025-12-16,13.094696998596191
2025-12-17,12.646117210388184
2025-12-18,12.693838119506836
2025-12-19,12.779736518859863
2025-12-22,12.63657283782959
2025-12-23,12.913355827331543
2025-12-26,13.094696998596191
2025-12-29,13.161505699157715
2025-12-30,13.256949424743652
