date,close
2010-12-01,5.605809688568115
2010-12-02,5.663756370544434
2010-12-03,5.549340724945068
2010-12-06,5.451268196105957
2010-12-07,5.385887622833252
2010-12-08,5.371167182922363
2010-12-09,5.320504188537598
2010-12-10,5.304154396057129
2010-12-13,5.364636421203613
2010-12-14,5.385887622833252
2010-12-15,5.327045917510986
2010-12-16,5.246949195861816
2010-12-17,5.263293743133545
2010-12-20,5.203018665313721
2010-12-21,5.2867279052734375
2010-12-22,5.391772747039795
2010-12-23,5.3704304695129395
2010-12-27,5.262106418609619
2010-12-28,5.252260208129883
2010-12-29,5.331037521362305
2010-12-30,5.358946800231934
2011-01-03,5.422954082489014
2011-01-04,5.472964286804199
2011-01-05,5.574773788452148
2011-01-06,5.426987648010254
2011-01-07,5.335029125213623
2011-01-10,5.344882488250732
2011-01-11,5.372798442840576
2011-01-12,5.47788667678833
2011-01-13,5.410563945770264
2011-01-14,5.461472511291504
2011-01-17,5.385936737060547
2011-01-18,5.390860080718994
2011-01-19,5.3268208503723145
2011-01-20,5.2315826416015625
2011-01-21,5.188887596130371
2011-01-24,5.269348621368408
2011-01-26,5.238150119781494
2011-01-27,5.2594990730285645
2011-01-28,5.134700775146484
2011-01-31,5.057523250579834
2011-02-01,5.085439682006836
2011-02-02,5.00239896774292
2011-02-03,4.930110931396484
2011-02-04,4.797043800354004
2011-02-07,4.846330165863037
2011-02-08,4.96362829208374
2011-02-09,4.885757923126221
2011-02-10,4.895613670349121
2011-02-11,4.895613670349121
2011-02-14,4.91007137298584
2011-02-15,4.91007137298584
2011-02-16,4.91007137298584
2011-02-17,4.91007137298584
2011-02-18,4.91007137298584
2011-02-21,4.91007137298584
2011-02-22,4.91007137298584
2011-02-23,4.91007137298584
2011-02-24,4.91007137298584
2011-02-25,4.91007137298584
2011-02-28,4.91007137298584
2011-03-01,4.91007137298584
2011-03-02,4.91247034072876
2011-03-03,4.91247034072876
2011-03-04,4.91247034072876
2011-03-09,4.91247034072876
2011-03-10,4.981705665588379
2011-03-11,5.027866363525391
2011-03-14,5.05918550491333
2011-03-15,5.108643531799316
2011-03-16,5.011381149291992
2011-03-17,5.011381149291992
2011-03-18,5.077320098876953
2011-03-21,5.12512731552124
2011-03-22,5.121828556060791
2011-03-23,5.220742225646973
2011-03-24,5.233924388885498
2011-03-25,5.217440128326416
2011-03-28,5.191067218780518
2011-03-29,5.187768459320068
2011-03-30,5.187768459320068
2011-03-31,5.34932279586792
2011-04-01,5.34932279586792
2011-04-04,5.4754109382629395
2011-04-05,5.4754109382629395
2011-04-06,5.449019908905029
2011-04-07,5.467162132263184
2011-04-08,5.351720333099365
2011-04-11,5.317088603973389
2011-04-12,5.252763748168945
2011-04-13,5.264308452606201
2011-04-14,5.218133449554443
2011-04-15,5.195039749145508
2011-04-18,5.183496475219727
2011-04-19,5.221429824829102
2011-04-20,5.315435886383057
2011-04-25,5.307188034057617
2011-04-26,5.336875915527344
2011-04-27,5.252763748168945
2011-04-28,5.125772476196289
2011-04-29,5.180202484130859
2011-05-02,5.135668754577637
2011-05-03,4.982968330383301
2011-05-04,4.979665756225586
2011-05-05,5.0110182762146
2011-05-06,5.1149725914001465
2011-05-09,5.147970676422119
2011-05-10,5.147970676422119
2011-05-11,5.19251823425293
2011-05-12,5.207369327545166
2011-05-13,5.073716640472412
2011-05-16,5.073716640472412
2011-05-17,5.057217597961426
2011-05-18,4.925219535827637
2011-05-19,4.925219535827637
2011-05-20,4.925219535827637
2011-05-23,4.9301652908325195
2011-05-24,5.025867938995361
2011-05-25,4.979665756225586
2011-05-26,5.124870777130127
2011-05-27,5.121573448181152
2011-05-30,5.091872215270996
2011-05-31,5.118271827697754
2011-06-01,5.034116744995117
2011-06-02,5.067885398864746
2011-06-03,5.092645645141602
2011-06-06,5.010107040405273
2011-06-07,5.109156131744385
2011-06-08,5.099249839782715
2011-06-09,5.061284065246582
2011-06-10,4.988645553588867
2011-06-13,4.993598461151123
2011-06-14,5.039823055267334
2011-06-15,5.07448673248291
2011-06-16,5.0183634757995605
2011-06-17,5.001855850219727
2011-06-20,5.0183634757995605
2011-06-21,5.021661281585693
2011-06-22,5.059628486633301
2011-06-24,5.023314476013184
2011-06-27,5.048074245452881
2011-06-28,5.196000099182129
2011-06-29,5.237504959106445
2011-06-30,5.2624053955078125
2011-07-01,5.278999328613281
2011-07-04,5.3561553955078125
2011-07-05,5.337886333465576
2011-07-06,5.2731099128723145
2011-07-07,5.198379039764404
2011-07-08,5.112011909484863
2011-07-11,4.95755672454834
2011-07-12,4.849607944488525
2011-07-13,4.972504615783691
2011-07-14,4.852929592132568
2011-07-15,4.773205280303955
2011-07-18,4.66691255569458
2011-07-19,4.733348846435547
2011-07-20,4.791474342346191
2011-07-21,4.907733917236328
2011-07-22,4.916036128997803
2011-07-25,4.882822036743164
2011-07-26,4.847940444946289
2011-07-27,4.788152694702148
2011-07-28,4.874516487121582
2011-07-29,4.899425506591797
2011-08-01,4.945935249328613
2011-08-02,4.785508155822754
2011-08-03,4.70741081237793
2011-08-04,4.53626012802124
2011-08-05,4.602729797363281
2011-08-08,4.197287559509277
2011-08-09,4.428255558013916
2011-08-10,4.365113735198975
2011-08-11,4.486414432525635
2011-08-12,4.493059158325195
2011-08-15,4.561188220977783
2011-08-16,4.566170692443848
2011-08-17,4.65257453918457
2011-08-18,4.469793796539307
2011-08-19,4.361793041229248
2011-08-22,4.3551435470581055
2011-08-23,4.41994571685791
2011-08-24,4.45318078994751
2011-08-25,4.41994571685791
2011-08-26,4.411637306213379
2011-08-29,4.5113396644592285
2011-08-30,4.5528764724731445
2011-08-31,4.6774983406066895
2011-09-01,5.023123264312744
2011-09-02,4.837916851043701
2011-09-05,4.66834020614624
2011-09-06,4.846230506896973
2011-09-08,4.912731170654297
2011-09-09,4.768091678619385
2011-09-12,4.68662691116333
2011-09-13,4.671665668487549
2011-09-14,4.7215399742126465
2011-09-15,4.781388282775879
2011-09-16,4.854543209075928
2011-09-19,4.82960319519043
2011-09-20,4.814640522003174
2011-09-21,4.807993412017822
2011-09-22,4.615139484405518
2011-09-23,4.463848114013672
2011-09-26,4.543651580810547
2011-09-27,4.63508939743042
2011-09-28,4.63508939743042
2011-09-29,4.684964179992676
2011-09-30,4.6068267822265625
2011-10-03,4.488788604736328
2011-10-04,4.5430145263671875
2011-10-05,4.549671649932861
2011-10-06,4.589594841003418
2011-10-07,4.474812984466553
2011-10-10,4.657799243927002
2011-10-11,4.7060441970825195
2011-10-13,4.815832138061523
2011-10-14,4.805849552154541
2011-10-17,4.790881156921387
2011-10-18,4.790881156921387
2011-10-19,4.857420444488525
2011-10-20,4.857420444488525
2011-10-21,4.96055793762207
2011-10-24,5.081991195678711
2011-10-25,5.081991195678711
2011-10-26,5.081991195678711
2011-10-27,5.081991195678711
2011-10-28,5.231705188751221
2011-10-31,5.215071201324463
2011-11-01,5.115256309509277
2011-11-03,5.151211261749268
2011-11-04,5.13789701461792
2011-11-07,5.159533977508545
2011-11-08,5.192821979522705
2011-11-09,5.109602451324463
2011-11-10,5.109602451324463
2011-11-11,5.08463716506958
2011-11-14,5.159533977508545
2011-11-16,5.177839756011963
2011-11-17,4.9930949211120605
2011-11-18,4.901556491851807
2011-11-21,4.810018062591553
2011-11-22,4.743442058563232
2011-11-23,4.665216445922852
2011-11-24,4.676867485046387
2011-11-25,4.660223007202148
2011-11-28,4.7534260749816895
2011-11-29,4.716813087463379
2011-11-30,4.931518077850342
2011-12-01,5.102945327758789
2011-12-02,5.112269878387451
2011-12-05,5.173882484436035
2011-12-06,5.2055206298828125
2011-12-07,5.162227630615234
2011-12-08,5.162227630615234
2011-12-09,5.200526714324951
2011-12-12,5.200526714324951
2011-12-13,5.231768608093262
2011-12-14,5.167181968688965
2011-12-15,5.036305904388428
2011-12-16,5.034602642059326
2011-12-19,5.082193851470947
2011-12-20,5.218173980712891
2011-12-21,5.20117712020874
2011-12-22,5.269167423248291
2011-12-23,5.265763282775879
2011-12-26,5.2504682540893555
2011-12-27,5.267467498779297
2011-12-28,5.172278881072998
2011-12-29,5.226667404174805
2012-01-02,5.2198710441589355
2012-01-03,5.333131313323975
2012-01-04,5.3416361808776855
2012-01-05,5.307626724243164
2012-01-06,5.373945713043213
2012-01-09,5.38755464553833
2012-01-10,5.39946174621582
2012-01-11,5.402858257293701
2012-01-12,5.40455436706543
2012-01-13,5.307626724243164
2012-01-16,5.348438739776611
2012-01-17,5.348438739776611
2012-01-18,5.450475215911865
2012-01-19,5.467479705810547
2012-01-20,5.489587306976318
2012-01-23,5.475985527038574
2012-01-24,5.511697292327881
2012-01-26,5.562723159790039
2012-01-27,5.605236053466797
2012-01-30,5.513399600982666
2012-01-31,5.339938163757324
2012-02-01,5.328032970428467
2012-02-02,5.340965270996094
2012-02-03,5.402215957641602
2012-02-06,5.402215957641602
2012-02-07,5.41582727432251
2012-02-08,5.398813247680664
2012-02-09,5.359679698944092
2012-02-10,5.259291172027588
2012-02-13,5.32905387878418
2012-02-14,5.2831130027771
2012-02-15,5.225262641906738
2012-02-16,5.257587909698486
2012-02-17,5.242275714874268
2012-02-23,5.158901691436768
2012-02-24,5.167411804199219
2012-02-27,5.114660739898682
2012-02-28,5.225262641906738
2012-02-29,5.308638572692871
2012-03-01,5.378393173217773
2012-03-02,5.459427833557129
2012-03-05,5.381118297576904
2012-03-06,5.243227481842041
2012-03-07,5.364091873168945
2012-03-08,5.447511672973633
2012-03-09,5.544544219970703
2012-03-12,5.507097244262695
2012-03-13,5.60072135925293
2012-03-14,5.592207908630371
2012-03-15,5.621145725250244
2012-03-16,5.634766578674316
2012-03-19,5.58199405670166
2012-03-20,5.503689289093018
2012-03-21,5.515601634979248
2012-03-22,5.515601634979248
2012-03-23,5.575189113616943
2012-03-26,5.629656791687012
2012-03-27,5.614345073699951
2012-03-28,5.493466854095459
2012-03-29,5.456019878387451
2012-03-30,5.428782939910889
2012-04-02,5.444101333618164
2012-04-03,5.399409770965576
2012-04-04,5.263145923614502
2012-04-05,5.229077339172363
2012-04-09,5.2018280029296875
2012-04-10,5.1933135986328125
2012-04-11,5.225679874420166
2012-04-12,5.332984447479248
2012-04-13,5.225679874420166
2012-04-16,5.198421001434326
2012-04-17,5.2086405754089355
2012-04-18,5.2018280029296875
2012-04-19,5.183094501495361
2012-04-20,5.177982330322266
2012-04-23,5.177982330322266
2012-04-24,5.218864440917969
2012-04-25,5.084300994873047
2012-04-26,5.118370532989502
2012-04-27,5.126883029937744
2012-04-30,5.217159748077393
2012-05-02,5.217159748077393
2012-05-03,5.112789154052734
2012-05-04,5.087224006652832
2012-05-07,5.06166410446167
2012-05-08,5.032688140869141
2012-05-09,5.002012252807617
2012-05-10,5.020757675170898
2012-05-11,5.022463321685791
2012-05-14,4.916797637939453
2012-05-15,4.875898361206055
2012-05-16,4.790682792663574
2012-05-17,4.58105993270874
2012-05-18,4.610030651092529
2012-05-21,4.935545921325684
2012-05-22,4.933839797973633
2012-05-23,4.877599239349365
2012-05-24,4.8332905769348145
2012-05-25,4.884416580200195
2012-05-28,4.848627090454102
2012-05-29,4.899755477905273
2012-05-30,4.94747257232666
2012-05-31,5.044619083404541
2012-06-01,5.020757675170898
2012-06-04,4.984536170959473
2012-06-05,4.8856329917907715
2012-06-06,5.081736087799072
2012-06-08,5.0936737060546875
2012-06-11,5.149946689605713
2012-06-12,5.235209941864014
2012-06-13,5.252264976501465
2012-06-14,5.286370277404785
2012-06-15,5.3562846183776855
2012-06-18,5.311951637268066
2012-06-19,5.354583263397217
2012-06-20,5.311951637268066
2012-06-21,5.158476829528809
2012-06-22,5.158476829528809
2012-06-25,5.030580043792725
2012-06-26,4.999882698059082
2012-06-27,5.078327178955078
2012-06-28,5.036599159240723
2012-06-29,5.14135217666626
2012-07-02,5.153369426727295
2012-07-03,5.284088611602783
2012-07-04,5.289243221282959
2012-07-05,5.294399738311768
2012-07-06,5.275493621826172
2012-07-10,5.172390937805176
2012-07-11,5.163801670074463
2012-07-12,5.071008205413818
2012-07-13,5.1259918212890625
2012-07-16,5.120841026306152
2012-07-17,5.119119167327881
2012-07-18,5.208479881286621
2012-07-19,5.266907691955566
2012-07-20,5.246286869049072
2012-07-23,4.995399475097656
2012-07-24,5.040075302124023
2012-07-25,5.06241512298584
2012-07-26,5.095065593719482
2012-07-27,5.378602981567383
2012-07-30,5.443901538848877
2012-07-31,5.430153846740723
2012-08-01,5.455930233001709
2012-08-02,5.395866394042969
2012-08-03,5.552342891693115
2012-08-06,5.677873611450195
2012-08-07,5.73461389541626
2012-08-08,5.811994552612305
2012-08-09,5.777598857879639
2012-08-10,5.777598857879639
2012-08-13,5.872177600860596
2012-08-14,5.841222286224365
2012-08-15,5.896248817443848
2012-08-16,5.9203200340271
2012-08-17,5.980505466461182
2012-08-20,5.961589336395264
2012-08-21,5.944396018981934
2012-08-22,5.949555397033691
2012-08-23,5.873894691467285
2012-08-24,5.85498046875
2012-08-27,5.813709735870361
2012-08-28,5.877331256866455
2012-08-29,5.789635181427002
2012-08-30,5.794793605804443
2012-08-31,5.6486358642578125
2012-09-03,5.774164199829102
2012-09-04,5.712342739105225
2012-09-05,5.729549884796143
2012-09-06,5.7863264083862305
2012-09-10,5.7914862632751465
2012-09-11,5.827622413635254
2012-09-12,5.9102091789245605
2012-09-13,6.063342571258545
2012-09-14,6.144209861755371
2012-09-17,6.16829252243042
2012-09-18,6.094311714172363
2012-09-19,6.090871334075928
2012-09-20,6.078827381134033
2012-09-21,6.125284194946289
2012-09-24,6.089149475097656
2012-09-25,5.677932262420654
2012-09-26,5.631474018096924
2012-09-27,5.703739643096924
2012-09-28,5.603945255279541
2012-10-01,5.702017307281494
2012-10-02,5.714192867279053
2012-10-03,5.571290969848633
2012-10-04,5.595394611358643
2012-10-05,5.569570064544678
2012-10-08,5.548912048339844
2012-10-09,5.3819122314453125
2012-10-10,5.340593338012695
2012-10-11,5.435280799865723
2012-10-15,5.43183708190918
2012-10-16,5.521364688873291
2012-10-17,5.547187328338623
2012-10-18,5.585063457489014
2012-10-19,5.569570064544678
2012-10-22,5.500701904296875
2012-10-23,5.407732963562012
2012-10-24,5.449052333831787
2012-10-25,5.583344459533691
2012-10-26,5.488655090332031
2012-10-29,5.512757301330566
2012-10-30,5.55235481262207
2012-10-31,5.509314060211182
2012-11-01,5.707300662994385
2012-11-05,5.710871696472168
2012-11-06,5.788393020629883
2012-11-07,5.650577068328857
2012-11-08,5.557546615600586
2012-11-09,5.547208309173584
2012-11-12,5.511035442352295
2012-11-13,5.626455783843994
2012-11-14,5.581663131713867
2012-11-16,5.6454057693481445
2012-11-19,5.77116584777832
2012-11-21,5.888312816619873
2012-11-22,5.952053546905518
2012-11-23,6.020960330963135
2012-11-26,5.964111328125
2012-11-27,5.872804164886475
2012-11-28,5.833183765411377
2012-11-29,5.926211833953857
2012-11-30,6.113992214202881
2012-12-03,6.162229061126709
2012-12-04,6.0830559730529785
2012-12-05,6.179585933685303
2012-12-06,6.052031517028809
2012-12-07,6.055474758148193
2012-12-10,6.134768486022949
2012-12-11,6.170964241027832
2012-12-12,6.177865028381348
2012-12-13,6.2226738929748535
2012-12-14,6.195096492767334
2012-12-17,6.195096492767334
2012-12-18,6.200270175933838
2012-12-19,6.353682041168213
2012-12-20,6.291626930236816
2012-12-21,6.267493724822998
2012-12-26,6.233150959014893
2012-12-27,6.1193342208862305
2012-12-28,6.157857418060303
2013-01-02,6.301425933837891
2013-01-03,6.677635669708252
2013-01-04,6.5655198097229
2013-01-07,6.532237529754639
2013-01-08,6.555009365081787
2013-01-09,6.639095306396484
2013-01-10,6.551510810852051
2013-01-11,6.528736591339111
2013-01-14,6.639095306396484
2013-01-15,6.53399133682251
2013-01-16,6.567273139953613
2013-01-17,6.67587947845459
2013-01-18,6.700407981872559
2013-01-21,6.672379970550537
2013-01-22,6.672379970550537
2013-01-23,6.628582954406738
2013-01-24,6.612818717956543
2013-01-28,6.409615516662598
2013-01-29,6.33604097366333
2013-01-30,6.271228313446045
2013-01-31,6.411370754241943
2013-02-01,6.374581813812256
2013-02-04,6.292325019836426
2013-02-05,6.273047924041748
2013-02-06,6.182265281677246
2013-02-07,6.129577159881592
2013-02-08,6.2525224685668945
2013-02-13,6.1980743408203125
2013-02-14,6.115528106689453
2013-02-15,6.386004447937012
2013-02-18,6.489625453948975
2013-02-19,6.350876331329346
2013-02-20,6.206854820251465
2013-02-21,6.138354778289795
2013-02-22,6.264817714691162
2013-02-25,6.24900484085083
2013-02-26,6.1120123863220215
2013-02-27,6.1471452713012695
2013-02-28,6.203344345092773
2013-03-01,6.273599147796631
2013-03-04,6.349281311035156
2013-03-05,6.365098476409912
2013-03-06,6.356314659118652
2013-03-07,6.421337604522705
2013-03-08,6.516236782073975
2013-03-11,6.516236782073975
2013-03-12,6.465268135070801
2013-03-13,6.486357688903809
2013-03-14,6.465268135070801
2013-03-15,6.509202003479004
2013-03-18,6.38970422744751
2013-03-19,6.308862686157227
2013-03-20,6.365098476409912
2013-03-21,6.30711030960083
2013-03-22,6.296563148498535
2013-03-25,6.2069411277771
2013-03-26,6.30570125579834
2013-03-27,6.442950248718262
2013-03-28,6.442950248718262
2013-04-01,6.529943466186523
2013-04-02,6.460439205169678
2013-04-03,6.53781270980835
2013-04-04,6.410147190093994
2013-04-05,6.443031311035156
2013-04-08,6.3173041343688965
2013-04-09,6.520404815673828
2013-04-10,6.6732096672058105
2013-04-11,6.665472030639648
2013-04-12,6.615188121795654
2013-04-15,6.417886734008789
2013-04-16,6.5358781814575195
2013-04-17,6.296029090881348
2013-04-18,6.176107883453369
2013-04-19,6.247676372528076
2013-04-22,6.224462985992432
2013-04-23,6.296029090881348
2013-04-24,6.284424304962158
2013-04-25,6.236072063446045
2013-04-26,6.236072063446045
2013-04-29,6.168370246887207
2013-04-30,6.3734025955200195
2013-05-02,6.361795902252197
2013-05-03,6.348382949829102
2013-05-06,6.290320873260498
2013-05-07,6.464509963989258
2013-05-08,6.522571563720703
2013-05-09,6.512900352478027
2013-05-10,6.485799312591553
2013-05-13,6.329029560089111
2013-05-14,6.416123390197754
2013-05-15,6.464509963989258
2013-05-16,6.4780592918396
2013-05-17,6.598053932189941
2013-05-20,6.725798606872559
2013-05-21,6.760640621185303
2013-05-22,6.785802364349365
2013-05-23,6.692896366119385
2013-05-24,6.64257287979126
2013-05-27,6.619347095489502
2013-05-28,6.658060073852539
2013-05-29,6.514831066131592
2013-05-31,6.6445112228393555
2013-06-03,6.452897548675537
2013-06-04,6.369754314422607
2013-06-05,6.189642906188965
2013-06-06,6.193515300750732
2013-06-07,6.044390678405762
2013-06-10,6.172211647033691
2013-06-11,5.935941696166992
2013-06-12,5.916566848754883
2013-06-13,5.835230350494385
2013-06-14,5.738396644592285
2013-06-17,5.765509605407715
2013-06-18,5.722902774810791
2013-06-19,5.598956108093262
2013-06-20,5.6105756759643555
2013-06-21,5.500183582305908
2013-06-24,5.3936638832092285
2013-06-25,5.438209056854248
2013-06-26,5.4730706214904785
2013-06-27,5.488562107086182
2013-06-28,5.608953475952148
2013-07-01,5.61870813369751
2013-07-02,5.333800792694092
2013-07-03,5.290849685668945
2013-07-04,5.283041000366211
2013-07-05,5.0995192527771
2013-07-08,5.103423595428467
2013-07-10,5.101473331451416
2013-07-11,5.34356164932251
2013-07-12,5.329894065856934
2013-07-15,5.472416877746582
2013-07-16,5.452893257141113
2013-07-17,5.583702564239502
2013-07-18,5.509510040283203
2013-07-19,5.421654224395752
2013-07-22,5.620796203613281
2013-07-23,5.700839996337891
2013-07-24,5.616888999938965
2013-07-25,5.62860631942749
2013-07-26,5.62860631942749
2013-07-29,5.517326831817627
2013-07-30,5.495846271514893
2013-07-31,5.407991409301758
2013-08-01,5.552464485168457
2013-08-02,5.509621620178223
2013-08-05,5.396299839019775
2013-08-06,5.286890506744385
2013-08-07,5.302517414093018
2013-08-08,5.474448204040527
2013-08-09,5.531112194061279
2013-08-12,5.626844882965088
2013-08-13,5.7538371086120605
2013-08-14,5.695221900939941
2013-08-15,5.620984077453613
2013-08-16,5.56823205947876
2013-08-19,5.558465003967285
2013-08-20,5.484219551086426
2013-08-21,5.392390251159668
2013-08-22,5.372858047485352
2013-08-23,5.480309963226318
2013-08-26,5.413886547088623
2013-08-27,5.255630970001221
2013-08-28,5.226322650909424
2013-08-29,5.314239501953125
2013-08-30,5.423654079437256
2013-09-02,5.466635704040527
2013-09-03,5.406164169311523
2013-09-04,5.433531284332275
2013-09-05,5.496100425720215
2013-09-06,5.601681709289551
2013-09-09,5.765918254852295
2013-09-10,5.836306571960449
2013-09-11,5.893007278442383
2013-09-12,5.779603004455566
2013-09-13,5.826529502868652
2013-09-16,5.85194730758667
2013-09-17,5.912563323974609
2013-09-18,6.108080863952637
2013-09-19,6.133498668670654
2013-09-20,5.980994701385498
2013-09-23,6.012274742126465
2013-09-24,6.012274742126465
2013-09-25,6.041604042053223
2013-09-26,6.039649486541748
2013-09-27,6.184335708618164
2013-09-30,5.939932346343994
2013-10-01,6.020097255706787
2013-10-02,6.035888195037842
2013-10-03,6.016319751739502
2013-10-04,5.986973285675049
2013-10-07,6.016319751739502
2013-10-08,6.008493900299072
2013-10-09,6.1082763671875
2013-10-10,6.19240665435791
2013-10-11,6.172849178314209
2013-10-14,6.3078436851501465
2013-10-15,6.323494911193848
2013-10-16,6.378278732299805
2013-10-17,6.411539554595947
2013-10-18,6.456538677215576
2013-10-21,6.378278732299805
2013-10-22,6.470231533050537
2013-10-23,6.339148044586182
2013-10-24,6.333279132843018
2013-10-25,6.292190074920654
2013-10-28,6.288282871246338
2013-10-29,6.356759071350098
2013-10-30,6.331320762634277
2013-10-31,6.301971435546875
2013-11-01,6.3078436851501465
2013-11-04,6.460684299468994
2013-11-05,6.374544143676758
2013-11-06,6.304062843322754
2013-11-07,6.249242782592773
2013-11-08,6.026058673858643
2013-11-11,6.02018404006958
2013-11-12,5.9712419509887695
2013-11-13,6.05150842666626
2013-11-14,6.165065288543701
2013-11-18,6.200300693511963
2013-11-19,5.9966959953308105
2013-11-21,5.9712419509887695
2013-11-22,5.932085037231445
2013-11-25,5.879225730895996
2013-11-26,5.853769779205322
2013-11-27,5.990818977355957
2013-11-28,6.0103912353515625
2013-11-29,6.069130897521973
2013-12-02,5.934045314788818
2013-12-03,5.800960540771484
2013-12-04,5.724551200866699
2013-12-05,5.685371398925781
2013-12-06,5.68145227432251
2013-12-09,5.708880424499512
2013-12-10,5.640313625335693
2013-12-11,5.516885757446289
2013-12-12,5.56390905380249
2013-12-13,5.589372158050537
2013-12-16,5.626598834991455
2013-12-17,5.6187615394592285
2013-12-18,5.650107383728027
2013-12-19,5.748061656951904
2013-12-20,5.657941818237305
2013-12-23,5.620718002319336
2013-12-26,5.693092346191406
2013-12-27,5.728793621063232
2013-12-30,5.770451545715332
2014-01-02,5.697057723999023
2014-01-03,5.675239086151123
2014-01-06,5.722845554351807
2014-01-07,5.597873210906982
2014-01-08,5.593908786773682
2014-01-09,5.433231830596924
2014-01-10,5.478855133056641
2014-01-13,5.439182758331299
2014-01-14,5.488773822784424
2014-01-15,5.520509243011475
2014-01-16,5.441167831420898
2014-01-17,5.387606143951416
2014-01-20,5.355868339538574
2014-01-21,5.417361736297607
2014-01-22,5.45306921005249
2014-01-23,5.330080509185791
2014-01-24,5.2249436378479
2014-01-27,5.250733852386475
2014-01-28,5.254700183868408
2014-01-29,5.133697509765625
2014-01-30,5.101959228515625
2014-01-31,5.189239501953125
2014-02-03,5.006744861602783
2014-02-04,5.127984523773193
2014-02-05,5.106147766113281
2014-02-06,5.207396984100342
2014-02-07,5.280853271484375
2014-02-10,5.187550067901611
2014-02-11,5.280853271484375
2014-02-12,5.25504732131958
2014-02-13,5.241145610809326
2014-02-14,5.3007073402404785
2014-02-17,5.2649688720703125
2014-02-18,5.241145610809326
2014-02-19,5.350334644317627
2014-02-20,5.3026957511901855
2014-02-21,5.413866996765137
2014-02-24,5.4773969650268555
2014-02-25,5.350334644317627
2014-02-26,5.334454536437988
2014-02-27,5.44563102722168
2014-02-28,5.421806812286377
2014-03-05,5.354308605194092
2014-03-06,5.5630598068237305
2014-03-07,5.491539478302002
2014-03-10,5.360408782958984
2014-03-11,5.386235237121582
2014-03-12,5.420012950897217
2014-03-13,5.304778575897217
2014-03-14,5.23921012878418
2014-03-17,5.350474834442139
2014-03-18,5.4140472412109375
2014-03-19,5.467694282531738
2014-03-20,5.622663974761963
2014-03-21,5.612728595733643
2014-03-24,5.781612396240234
2014-03-25,5.735915184020996
2014-03-26,5.863072395324707
2014-03-27,6.085589408874512
2014-03-28,6.099496841430664
2014-03-31,6.196854591369629
2014-04-01,6.258444309234619
2014-04-02,6.421608924865723
2014-04-03,6.387810707092285
2014-04-04,6.312260627746582
2014-04-07,6.5667405128479
2014-04-08,6.4375152587890625
2014-04-09,6.383831977844238
2014-04-10,6.425587177276611
2014-04-11,6.594575881958008
2014-04-14,6.513059616088867
2014-04-15,6.451427936553955
2014-04-16,6.526979923248291
2014-04-17,6.64626407623291
2014-04-22,6.62439489364624
2014-04-23,6.574690818786621
2014-04-24,6.6800642013549805
2014-04-25,6.666145324707031
2014-04-28,6.618433952331543
2014-04-29,6.670122146606445
2014-04-30,6.604514122009277
2014-05-02,6.719827651977539
2014-05-05,6.825397968292236
2014-05-06,6.875130653381348
2014-05-07,6.956696510314941
2014-05-08,6.879114151000977
2014-05-09,6.821419715881348
2014-05-12,6.944762229919434
2014-05-13,6.910943984985352
2014-05-14,7.026317596435547
2014-05-15,6.936802864074707
2014-05-16,6.972607612609863
2014-05-19,6.863195896148682
2014-05-20,6.7398600578308105
2014-05-21,6.568774223327637
2014-05-22,6.636412620544434
2014-05-23,6.530980110168457
2014-05-26,6.505117416381836
2014-05-27,6.405652046203613
2014-05-28,6.471301555633545
2014-05-29,6.401670455932617
2014-05-30,6.208699703216553
2014-06-02,6.2166595458984375
2014-06-03,6.270552635192871
2014-06-04,6.216803550720215
2014-06-05,6.169027328491211
2014-06-06,6.469615459442139
2014-06-09,6.644790172576904
2014-06-10,6.77816915512085
2014-06-11,6.851821422576904
2014-06-13,6.835897445678711
2014-06-16,6.829924583435059
2014-06-17,6.7383551597595215
2014-06-18,6.855804920196533
2014-06-20,6.837887763977051
2014-06-23,6.782149791717529
2014-06-24,6.845848083496094
2014-06-25,6.5728840827941895
2014-06-26,6.558862686157227
2014-06-27,6.486764430999756
2014-06-30,6.4186787605285645
2014-07-01,6.4126667976379395
2014-07-02,6.398778915405273
2014-07-03,6.50900411605835
2014-07-04,6.541065216064453
2014-07-07,6.476934909820557
2014-07-08,6.422828674316406
2014-07-10,6.613211631774902
2014-07-11,6.655295372009277
2014-07-14,6.893770217895508
2014-07-15,6.955892086029053
2014-07-16,6.7274394035339355
2014-07-17,6.697375297546387
2014-07-18,7.0180158615112305
2014-07-21,7.10018253326416
2014-07-22,7.050079822540283
2014-07-23,7.0540900230407715
2014-07-24,7.134251594543457
2014-07-25,7.074132442474365
2014-07-28,7.001984119415283
2014-07-29,7.032045364379883
2014-07-30,6.995975017547607
2014-07-31,6.935852527618408
2014-08-01,7.014005661010742
2014-08-04,7.118417739868164
2014-08-05,7.038212299346924
2014-08-06,7.042223930358887
2014-08-07,6.9680304527282715
2014-08-08,6.817639350891113
2014-08-11,7.00813102722168
2014-08-12,7.00813102722168
2014-08-13,6.941962718963623
2014-08-14,7.148497581481934
2014-08-15,7.24875545501709
2014-08-18,7.29888391494751
2014-08-19,7.519458770751953
2014-08-20,7.559563636779785
2014-08-21,7.659822463989258
2014-08-22,7.539514064788818
2014-08-25,7.754061222076416
2014-08-26,7.796169281005859
2014-08-27,8.002704620361328
2014-08-28,8.020755767822266
2014-08-29,8.24933910369873
2014-09-01,8.163122177124023
2014-09-02,8.335798263549805
2014-09-03,8.35385513305664
2014-09-04,8.064956665039062
2014-09-05,8.203391075134277
2014-09-08,7.974674701690674
2014-09-09,7.86835241317749
2014-09-10,7.673747539520264
2014-09-11,7.637632369995117
2014-09-12,7.422966003417969
2014-09-15,7.673747539520264
2014-09-16,7.86835241317749
2014-09-17,7.908477783203125
2014-09-18,7.8041486740112305
2014-09-19,7.623594284057617
2014-09-22,7.561399936676025
2014-09-23,7.499207019805908
2014-09-24,7.5573883056640625
2014-09-25,7.376829624176025
2014-09-26,7.70183801651001
2014-09-29,7.160155296325684
2014-09-30,6.989631175994873
2014-10-01,6.734840393066406
2014-10-02,6.947767734527588
2014-10-03,7.092306613922119
2014-10-06,7.628298282623291
2014-10-07,7.578113079071045
2014-10-08,7.513875484466553
2014-10-09,7.6604156494140625
2014-10-10,7.276998043060303
2014-10-13,7.8611578941345215
2014-10-14,7.969559192657471
2014-10-15,7.533946990966797
2014-10-16,7.2669548988342285
2014-10-17,7.547998905181885
2014-10-20,7.369338035583496
2014-10-21,7.0501484870910645
2014-10-22,7.00598669052124
2014-10-23,6.632606029510498
2014-10-24,6.807244777679443
2014-10-27,6.732973575592041
2014-10-28,7.0561747550964355
2014-10-29,6.777134895324707
2014-10-30,7.236842632293701
2014-10-31,7.491786479949951
2014-11-03,7.395430564880371
2014-11-04,7.489975452423096
2014-11-05,7.379500389099121
2014-11-06,7.220829486846924
2014-11-07,7.250953674316406
2014-11-10,7.289122104644775
2014-11-11,7.333309650421143
2014-11-12,7.353390693664551
2014-11-13,7.158564567565918
2014-11-14,7.182661056518555
2014-11-17,7.021979808807373
2014-11-18,7.3373236656188965
2014-11-19,7.652666091918945
2014-11-21,8.235158920288086
2014-11-24,8.102593421936035
2014-11-25,8.219086647033691
2014-11-26,8.13472843170166
2014-11-27,7.982071876525879
2014-11-28,7.959984302520752
2014-12-01,7.552241325378418
2014-12-02,7.4438581466674805
2014-12-03,7.526254653930664
2014-12-04,7.365482807159424
2014-12-05,7.528271198272705
2014-12-08,7.150445938110352
2014-12-09,7.317249774932861
2014-12-10,7.104223728179932
2014-12-11,7.275047779083252
2014-12-12,6.848994731903076
2014-12-15,6.656062126159668
2014-12-16,6.690230846405029
2014-12-17,7.017806529998779
2014-12-18,6.975602626800537
2014-12-19,7.1544647216796875
2014-12-22,7.214755535125732
2014-12-23,7.331296443939209
2014-12-26,7.175747394561768
2014-12-29,7.224865913391113
2014-12-30,7.175747394561768
2015-01-02,7.020191669464111
2015-01-05,7.0346760749816895
2015-01-06,7.266088485717773
2015-01-07,7.5548553466796875
2015-01-08,7.593759536743164
2015-01-09,7.264047622680664
2015-01-12,7.13502311706543
2015-01-13,7.157552719116211
2015-01-14,7.233325004577637
2015-01-15,7.159599781036377
2015-01-16,7.229230880737305
2015-01-19,7.077683448791504
2015-01-20,7.055150508880615
2015-01-21,7.227179527282715
2015-01-22,7.307048797607422
2015-01-23,7.243565082550049
2015-01-26,7.360296726226807
2015-01-27,7.372583389282227
2015-01-28,7.218989849090576
2015-01-29,7.120687961578369
2015-01-30,6.907702445983887
2015-02-02,6.979386329650879
2015-02-03,7.237716197967529
2015-02-04,7.420098304748535
2015-02-05,7.30124568939209
2015-02-06,7.331980228424072
2015-02-09,7.407803058624268
2015-02-10,7.252922058105469
2015-02-11,7.057403087615967
2015-02-12,7.337306022644043
2015-02-13,7.532828330993652
2015-02-18,7.6151556968688965
2015-02-19,7.598684310913086
2015-02-20,7.617213249206543
2015-02-23,7.69130802154541
2015-02-24,7.775686264038086
2015-02-25,7.818912506103516
2015-02-26,7.835377216339111
2015-02-27,7.738650321960449
2015-03-02,7.6336774826049805
2015-03-03,7.650297164916992
2015-03-04,7.491734027862549
2015-03-05,7.47937536239624
2015-03-06,7.388768672943115
2015-03-09,7.176656723022461
2015-03-10,6.937777519226074
2015-03-11,7.145771026611328
2015-03-12,7.018089771270752
2015-03-13,6.931598663330078
2015-03-16,7.034567832946777
2015-03-17,7.310513019561768
2015-03-18,7.598814964294434
2015-03-19,7.471135139465332
2015-03-20,7.586456298828125
2015-03-23,7.567927360534668
2015-03-24,7.495849132537842
2015-03-25,7.499968528747559
2015-03-26,7.269323348999023
2015-03-27,7.067510604858398
2015-03-30,7.215787887573242
2015-03-31,7.30227518081665
2015-04-01,7.539510726928711
2015-04-02,7.618379592895508
2015-04-06,7.692559242248535
2015-04-07,7.7345967292785645
2015-04-08,7.732120037078857
2015-04-09,7.5936479568481445
2015-04-10,7.623324871063232
2015-04-13,7.6431097984313965
2015-04-14,7.749435901641846
2015-04-15,7.8335065841674805
2015-04-16,7.835975170135498
2015-04-17,7.603541851043701
2015-04-20,7.561504364013672
2015-04-22,7.623324871063232
2015-04-23,7.818667411804199
2015-04-24,8.036267280578613
2015-04-27,7.885428428649902
2015-04-28,8.036267280578613
2015-04-29,7.7964067459106445
2015-04-30,7.957142353057861
2015-05-04,7.996699333190918
2015-05-05,8.028614044189453
2015-05-06,7.830680847167969
2015-05-07,7.800991535186768
2015-05-08,7.830680847167969
2015-05-11,7.805941104888916
2015-05-12,7.726766586303711
2015-05-13,7.650064468383789
2015-05-14,7.825732707977295
2015-05-15,7.961811065673828
2015-05-18,7.758927822113037
2015-05-19,7.689657211303711
2015-05-20,7.47192907333374
2015-05-21,7.3828582763671875
2015-05-22,7.175029277801514
2015-05-25,7.249256134033203
2015-05-26,6.989467620849609
2015-05-27,7.244305610656738
2015-05-28,7.160186290740967
2015-05-29,6.977097511291504
2015-06-01,6.9350409507751465
2015-06-02,7.1724629402160645
2015-06-03,6.979355812072754
2015-06-05,6.830804824829102
2015-06-08,6.823370933532715
2015-06-09,6.783756256103516
2015-06-10,7.0313401222229
2015-06-11,7.021437644958496
2015-06-12,6.8827948570251465
2015-06-15,6.855560779571533
2015-06-16,7.009059429168701
2015-06-17,6.860506534576416
2015-06-18,7.11799955368042
2015-06-19,6.974399566650391
2015-06-22,7.041251182556152
2015-06-23,7.133442401885986
2015-06-24,7.178308963775635
2015-06-25,7.15338134765625
2015-06-26,7.2580647468566895
2015-06-29,7.063647270202637
2015-06-30,7.086085796356201
2015-07-01,7.063647270202637
2015-07-02,7.20805549621582
2015-07-03,7.1257524490356445
2015-07-06,6.986081123352051
2015-07-07,6.923720836639404
2015-07-08,6.816477298736572
2015-07-10,7.108288288116455
2015-07-13,7.232996940612793
2015-07-14,7.277888298034668
2015-07-15,7.242973804473877
2015-07-16,7.20805549621582
2015-07-17,7.188101291656494
2015-07-20,7.048434734344482
2015-07-21,6.958642482757568
2015-07-22,6.8713507652282715
2015-07-23,6.606966495513916
2015-07-24,6.666828632354736
2015-07-27,6.759109973907471
2015-07-28,6.828944683074951
2015-07-29,6.886311054229736
2015-07-30,6.709227085113525
2015-07-31,6.853891849517822
2015-08-03,6.562073707580566
2015-08-04,6.501916408538818
2015-08-05,6.474459171295166
2015-08-06,6.501916408538818
2015-08-07,6.319708824157715
2015-08-10,6.402078628540039
2015-08-11,6.50940465927124
2015-08-12,6.212385654449463
2015-08-13,6.065127849578857
2015-08-14,6.032677173614502
2015-08-17,5.930347442626953
2015-08-18,6.050151348114014
2015-08-19,5.867947101593018
2015-08-20,5.835500240325928
2015-08-21,5.770604610443115
2015-08-24,5.745645999908447
2015-08-25,5.643311023712158
2015-08-26,6.010220050811768
2015-08-27,6.179941654205322
2015-08-28,5.982760906219482
2015-08-31,5.753134727478027
2015-09-01,5.588399410247803
2015-09-02,5.69056510925293
2015-09-03,5.832958221435547
2015-09-04,5.585650444030762
2015-09-08,5.715546131134033
2015-09-09,5.78299617767334
2015-09-10,5.65809440612793
2015-09-11,5.595640182495117
2015-09-14,5.845446586608887
2015-09-15,5.957857131958008
2015-09-16,6.180188179016113
2015-09-17,6.1626973152160645
2015-09-18,5.8279595375061035
2015-09-21,5.64810037612915
2015-09-22,5.670581817626953
2015-09-23,5.478232383728027
2015-09-24,5.543179512023926
2015-09-25,5.415780544281006
2015-09-28,5.280884265899658
2015-09-29,5.248409271240234
2015-09-30,5.350831508636475
2015-10-01,5.423276901245117
2015-10-02,5.628037452697754
2015-10-05,5.793054103851318
2015-10-06,5.84805965423584
2015-10-07,6.058082103729248
2015-10-08,6.063082695007324
2015-10-09,5.998072147369385
2015-10-13,5.670544147491455
2015-10-14,5.640539646148682
2015-10-15,5.620534896850586
2015-10-16,5.513027191162109
2015-10-19,5.505529880523682
2015-10-20,5.37551736831665
2015-10-21,5.383016586303711
2015-10-22,5.463022708892822
2015-10-23,5.388014316558838
2015-10-26,5.348015308380127
2015-10-27,5.370515823364258
2015-10-28,5.6055402755737305
2015-10-29,5.260504245758057
2015-10-30,5.250504016876221
2015-11-03,5.528027057647705
2015-11-04,5.417666912078857
2015-11-05,5.565310001373291
2015-11-06,5.4852294921875
2015-11-09,5.36261510848999
2015-11-10,5.335090637207031
2015-11-11,5.465210914611816
2015-11-12,5.462710857391357
2015-11-13,5.382633209228516
2015-11-16,5.427680015563965
2015-11-17,5.630371570587158
2015-11-18,5.675415992736816
2015-11-19,5.855585098266602
2015-11-23,5.798032283782959
2015-11-24,5.757995128631592
2015-11-25,5.477724552154541
2015-11-26,5.597838401794434
2015-11-27,5.392641544342041
2015-11-30,5.285040855407715
2015-12-01,5.255013465881348
2015-12-02,5.252251148223877
2015-12-03,5.48267936706543
2015-12-04,5.4075398445129395
2015-12-07,5.352438926696777
2015-12-08,5.234717845916748
2015-12-09,5.497706413269043
2015-12-10,5.259765148162842
2015-12-11,5.214682102203369
2015-12-14,5.122009754180908
2015-12-15,5.202157020568848
2015-12-16,5.247241020202637
2015-12-17,5.3606343269348145
2015-12-18,5.12835693359375
2015-12-21,4.979595184326172
2015-12-22,5.023965358734131
2015-12-23,5.0631103515625
2015-12-28,5.11269998550415
2015-12-29,5.138794422149658
2015-12-30,5.031793594360352
2016-01-04,4.958718776702881
2016-01-05,4.976739406585693
2016-01-06,4.906201362609863
2016-01-07,4.806928634643555
2016-01-08,4.712874889373779
2016-01-11,4.579644680023193
2016-01-12,4.553518295288086
2016-01-13,4.488204002380371
2016-01-14,4.624055862426758
2016-01-15,4.506493091583252
2016-01-18,4.467306137084961
2016-01-19,4.498653411865234
2016-01-20,4.5091047286987305
2016-01-21,4.443790912628174
2016-01-22,4.535228729248047
2016-01-26,4.4829816818237305
2016-01-27,4.537844181060791
2016-01-28,4.545680999755859
2016-01-29,4.74161434173584
2016-02-01,4.864399433135986
2016-02-02,4.6680006980896
2016-02-03,4.892900466918945
2016-02-04,5.15964412689209
2016-02-05,5.107340335845947
2016-02-10,5.164875030517578
2016-02-11,5.031500816345215
2016-02-12,5.047191619873047
2016-02-15,5.047191619873047
2016-02-16,5.227636337280273
2016-02-17,5.285167217254639
2016-02-18,5.177948474884033
2016-02-19,5.198874473571777
2016-02-22,5.4708404541015625
2016-02-23,5.418540954589844
2016-02-24,5.408079147338867
2016-02-25,5.39238977432251
2016-02-26,5.408079147338867
2016-02-29,5.580680847167969
2016-03-01,5.737586975097656
2016-03-02,5.862946510314941
2016-03-03,6.386430740356445
2016-03-04,7.046013355255127
2016-03-07,6.847089767456055
2016-03-08,6.881119728088379
2016-03-09,6.569646835327148
2016-03-10,6.765949249267578
2016-03-11,7.006753444671631
2016-03-14,6.962253570556641
2016-03-15,6.595820426940918
2016-03-16,6.449248313903809
2016-03-17,7.289428234100342
2016-03-18,7.19258451461792
2016-03-21,7.312979698181152
2016-03-22,7.237081527709961
2016-03-23,7.001516819000244
2016-03-24,6.873265743255615
2016-03-28,7.208287239074707
2016-03-29,7.333921432495117
2016-03-30,7.344396114349365
2016-03-31,7.0826592445373535
2016-04-01,7.223997592926025
2016-04-04,6.9303717613220215
2016-04-05,6.9618048667907715
2016-04-06,6.778461933135986
2016-04-07,6.8308491706848145
2016-04-08,7.179200172424316
2016-04-11,7.299683094024658
2016-04-12,7.642796039581299
2016-04-13,8.407075881958008
2016-04-14,7.517078876495361
2016-04-15,7.551125526428223
2016-04-18,7.508170127868652
2016-04-19,7.525455951690674
2016-04-20,7.519696235656738
2016-04-22,7.361233234405518
2016-04-25,7.191248416900635
2016-04-26,7.45054817199707
2016-04-27,7.712728977203369
2016-04-28,7.554268836975098
2016-04-29,7.462070465087891
2016-05-02,7.315134048461914
2016-05-03,7.162031173706055
2016-05-04,7.467651844024658
2016-05-05,7.280241966247559
2016-05-06,7.3148393630981445
2016-05-09,7.360970497131348
2016-05-10,7.678127288818359
2016-05-11,7.753092288970947
2016-05-12,7.920329570770264
2016-05-13,7.60028076171875
2016-05-16,7.467651844024658
2016-05-17,7.225457668304443
2016-05-18,7.257173538208008
2016-05-19,7.107240200042725
2016-05-20,7.029393672943115
2016-05-23,7.049580097198486
2016-05-24,7.069765090942383
2016-05-25,7.040923595428467
2016-05-27,6.940013885498047
2016-05-30,6.919835567474365
2016-05-31,6.5738420486450195
2016-06-01,6.694940567016602
2016-06-02,6.911068439483643
2016-06-03,6.945693492889404
2016-06-06,6.905294895172119
2016-06-07,6.994747638702393
2016-06-08,7.214056968688965
2016-06-09,7.2255940437316895
2016-06-10,6.937035083770752
2016-06-13,7.052459716796875
2016-06-14,6.913947582244873
2016-06-15,6.925495624542236
2016-06-16,7.029372215270996
2016-06-17,6.986093044281006
2016-06-20,7.1015167236328125
2016-06-21,7.185204029083252
2016-06-22,7.170773029327393
2016-06-23,7.406244277954102
2016-06-24,7.223050594329834
2016-06-27,6.938077449798584
2016-06-28,7.1096415519714355
2016-06-29,7.281203269958496
2016-06-30,7.321911334991455
2016-07-01,7.449855327606201
2016-07-04,7.48157262802124
2016-07-05,7.478659152984619
2016-07-06,7.478659152984619
2016-07-07,7.507758140563965
2016-07-08,7.714364528656006
2016-07-11,7.801670551300049
2016-07-12,7.737645626068115
2016-07-13,7.909337520599365
2016-07-14,8.235252380371094
2016-07-15,8.235252380371094
2016-07-18,8.406939506530762
2016-07-19,8.374937057495117
2016-07-20,8.44768238067627
2016-07-21,8.38366413116455
2016-07-22,8.438956260681152
2016-07-25,8.412763595581055
2016-07-26,8.345829963684082
2016-07-27,8.374937057495117
2016-07-28,8.002456665039062
2016-07-29,8.252717018127441
2016-08-01,8.264354705810547
2016-08-02,8.162137985229492
2016-08-03,8.351408958435059
2016-08-04,8.44168758392334
2016-08-05,8.494098663330078
2016-08-08,8.409650802612305
2016-08-09,8.365972518920898
2016-08-10,8.246582984924316
2016-08-11,8.491189002990723
2016-08-12,8.50283145904541
2016-08-15,8.628046989440918
2016-08-16,8.4970121383667
2016-08-17,8.59310245513916
2016-08-18,8.616399765014648
2016-08-19,8.566898345947266
2016-08-22,8.33685302734375
2016-08-23,8.246582984924316
2016-08-24,8.188346862792969
2016-08-25,8.226202011108398
2016-08-26,8.339770317077637
2016-08-29,8.491189002990723
2016-08-30,8.5173921585083
2016-08-31,8.462063789367676
2016-09-01,8.377622604370117
2016-09-02,8.622084617614746
2016-09-05,8.651224136352539
2016-09-06,8.741557121276855
2016-09-08,8.858110427856445
2016-09-09,8.368579864501953
2016-09-12,8.39771842956543
2016-09-13,8.048057556152344
2016-09-14,8.115071296691895
2016-09-15,8.336529731750488
2016-09-16,8.185006141662598
2016-09-19,8.228718757629395
2016-09-20,8.319040298461914
2016-09-21,8.482219696044922
2016-09-22,8.645397186279297
2016-09-23,8.662878036499023
2016-09-26,8.555072784423828
2016-09-27,8.732808113098145
2016-09-28,8.785260200500488
2016-09-29,8.639569282531738
2016-09-30,8.645397186279297
2016-10-03,8.868136405944824
2016-10-04,8.995922088623047
2016-10-05,9.06740951538086
2016-10-06,9.06740951538086
2016-10-07,9.1954984664917
2016-10-10,9.192522048950195
2016-10-11,9.159754753112793
2016-10-13,9.171670913696289
2016-10-14,9.246138572692871
2016-10-17,9.430819511413574
2016-10-18,9.660187721252441
2016-10-19,9.591670036315918
2016-10-20,9.731680870056152
2016-10-21,9.639338493347168
2016-10-24,9.546998977661133
2016-10-25,9.502313613891602
2016-10-26,9.463590621948242
2016-10-27,9.621461868286133
2016-10-28,9.657208442687988
2016-10-31,9.961042404174805
2016-11-01,9.669120788574219
2016-11-03,9.439315795898438
2016-11-04,9.439315795898438
2016-11-07,9.767176628112793
2016-11-08,9.761214256286621
2016-11-09,9.492973327636719
2016-11-10,8.646495819091797
2016-11-11,8.661406517028809
2016-11-14,8.723986625671387
2016-11-16,8.855135917663574
2016-11-17,8.577945709228516
2016-11-18,8.726971626281738
2016-11-21,8.777644157409668
2016-11-22,8.837254524230957
2016-11-23,8.876001358032227
2016-11-24,8.792545318603516
2016-11-25,8.834273338317871
2016-11-28,8.944550514221191
2016-11-29,8.661406517028809
2016-11-30,8.867053031921387
2016-12-01,8.372294425964355
2016-12-02,8.50619888305664
2016-12-05,8.461462020874023
2016-12-06,8.643391609191895
2016-12-07,8.589710235595703
2016-12-08,8.500235557556152
2016-12-09,8.613570213317871
2016-12-12,8.255664825439453
2016-12-13,8.288474082946777
2016-12-14,8.190048217773438
2016-12-15,8.216890335083008
2016-12-16,8.172152519226074
2016-12-19,7.99320125579834
2016-12-20,8.16618537902832
2016-12-21,8.097591400146484
2016-12-22,8.062145233154297
2016-12-23,8.230923652648926
2016-12-26,8.381617546081543
2016-12-27,8.30024528503418
2016-12-28,8.598617553710938
2016-12-29,8.740273475646973
2017-01-02,8.679993629455566
2017-01-03,9.04761791229248
2017-01-04,8.990317344665527
2017-01-05,9.089842796325684
2017-01-06,9.147139549255371
2017-01-09,9.159205436706543
2017-01-10,9.159205436706543
2017-01-11,9.228569030761719
2017-01-12,9.44571590423584
2017-01-13,9.370318412780762
2017-01-16,9.388415336608887
2017-01-17,9.65682601928711
2017-01-18,9.560322761535645
2017-01-19,9.551267623901367
2017-01-20,9.506032943725586
2017-01-23,9.723175048828125
2017-01-24,9.686984062194824
2017-01-26,9.904130935668945
2017-01-27,9.934288024902344
2017-01-30,9.759368896484375
2017-01-31,9.86190414428711
2017-02-01,9.780474662780762
2017-02-02,9.41503620147705
2017-02-03,9.644372940063477
2017-02-06,9.445208549499512
2017-02-07,9.430119514465332
2017-02-08,9.605147361755371
2017-02-09,9.662482261657715
2017-02-10,9.807330131530762
2017-02-13,9.834485054016113
2017-02-14,9.774133682250977
2017-02-15,9.985369682312012
2017-02-16,9.952169418334961
2017-02-17,9.931053161621094
2017-02-20,9.970276832580566
2017-02-21,10.250922203063965
2017-02-22,10.31731128692627
2017-02-23,10.160392761230469
2017-02-24,10.084949493408203
2017-03-01,9.994420051574707
2017-03-02,9.963916778564453
2017-03-03,10.199424743652344
2017-03-06,10.09979248046875
2017-03-07,9.963916778564453
2017-03-08,9.794832229614258
2017-03-09,9.707270622253418
2017-03-10,9.652922630310059
2017-03-13,9.77369499206543
2017-03-14,9.692178726196289
2017-03-15,9.864278793334961
2017-03-16,9.818988800048828
2017-03-17,9.517048835754395
2017-03-20,9.686138153076172
2017-03-21,9.399296760559082
2017-03-22,9.435526847839355
2017-03-23,9.44458293914795
2017-03-24,9.580458641052246
2017-03-27,9.661981582641602
2017-03-28,9.716333389282227
2017-03-29,9.918627738952637
2017-03-30,9.85521411895752
2017-03-31,9.776715278625488
2017-04-03,9.825027465820312
2017-04-04,9.900242805480957
2017-04-05,9.69782829284668
2017-04-06,9.595109939575195
2017-04-07,9.616259574890137
2017-04-10,9.676679611206055
2017-04-11,9.700848579406738
2017-04-12,9.60417366027832
2017-04-13,9.311124801635742
2017-04-17,9.72803783416748
2017-04-18,9.670638084411621
2017-04-19,9.573963165283203
2017-04-20,9.407800674438477
2017-04-24,9.580005645751953
2017-04-25,9.667617797851562
2017-04-26,9.830756187438965
2017-04-27,10.117765426635742
2017-04-28,10.09359073638916
2017-05-02,10.36519718170166
2017-05-03,10.358202934265137
2017-05-04,10.205242156982422
2017-05-05,10.218544006347656
2017-05-08,10.21189022064209
2017-05-09,10.30167293548584
2017-05-10,10.454638481140137
2017-05-11,10.517817497253418
2017-05-12,10.624223709106445
2017-05-15,10.640852928161621
2017-05-16,10.65748119354248
2017-05-17,10.447989463806152
2017-05-18,9.07797622680664
2017-05-19,9.22761344909668
2017-05-22,8.96491813659668
2017-05-23,9.024773597717285
2017-05-24,9.127857208251953
2017-05-25,9.064669609069824
2017-05-26,9.274170875549316
2017-05-29,9.274170875549316
2017-05-30,9.327371597290039
2017-05-31,9.151137351989746
2017-06-01,9.101256370544434
2017-06-02,8.974467277526855
2017-06-05,8.967808723449707
2017-06-06,9.087603569030762
2017-06-07,9.234020233154297
2017-06-08,9.094259262084961
2017-06-09,8.907916069030762
2017-06-12,8.764824867248535
2017-06-13,8.694947242736816
2017-06-14,9.031030654907227
2017-06-15,9.031030654907227
2017-06-16,8.987774848937988
2017-06-19,9.011069297790527
2017-06-20,8.801432609558105
2017-06-21,8.751521110534668
2017-06-22,8.861328125
2017-06-23,8.788121223449707
2017-06-26,9.184100151062012
2017-06-27,9.080948829650879
2017-06-28,9.157485008239746
2017-06-29,9.200735092163086
2017-06-30,9.3671236038208
2017-07-03,9.447433471679688
2017-07-04,9.460501670837402
2017-07-05,9.463858604431152
2017-07-06,9.326403617858887
2017-07-07,9.336466789245605
2017-07-10,9.440387725830078
2017-07-11,9.604654312133789
2017-07-12,9.859436988830566
2017-07-13,9.946605682373047
2017-07-14,9.956657409667969
2017-07-17,9.889609336853027
2017-07-18,10.01364803314209
2017-07-19,9.889609336853027
2017-07-20,9.856086730957031
2017-07-21,9.815855979919434
2017-07-24,9.899666786193848
2017-07-25,10.060579299926758
2017-07-26,9.973416328430176
2017-07-27,9.960012435913086
2017-07-28,9.973416328430176
2017-07-31,10.120930671691895
2017-08-01,10.244967460632324
2017-08-02,10.385512351989746
2017-08-03,10.382155418395996
2017-08-04,10.392223358154297
2017-08-07,10.512984275817871
2017-08-08,10.623682022094727
2017-08-09,10.630393028259277
2017-08-10,10.529759407043457
2017-08-11,10.623682022094727
2017-08-14,10.835021018981934
2017-08-15,10.861845970153809
2017-08-16,10.861845970153809
2017-08-17,10.771275520324707
2017-08-18,10.992679595947266
2017-08-21,10.989324569702148
2017-08-22,11.237549781799316
2017-08-23,11.338187217712402
2017-08-24,11.375088691711426
2017-08-25,11.385150909423828
2017-08-28,11.210711479187012
2017-08-29,11.401923179626465
2017-08-30,11.287872314453125
2017-08-31,11.264389991760254
2017-09-01,11.499205589294434
2017-09-04,11.495504379272461
2017-09-05,11.331037521362305
2017-09-06,11.502213478088379
2017-09-07,11.502213478088379
2017-09-08,11.411590576171875
2017-09-11,11.851269721984863
2017-09-12,11.834488868713379
2017-09-13,11.884835243225098
2017-09-14,11.794225692749023
2017-09-15,12.045944213867188
2017-09-18,12.149989128112793
2017-09-19,12.186915397644043
2017-09-20,12.116430282592773
2017-09-21,12.119791030883789
2017-09-22,12.089583396911621
2017-09-25,11.884835243225098
2017-09-26,11.871411323547363
2017-09-27,11.747228622436523
2017-09-28,11.599553108215332
2017-09-29,11.764013290405273
2017-10-02,11.881484031677246
2017-10-03,12.391583442687988
2017-10-04,12.310980796813965
2017-10-05,12.321063041687012
2017-10-06,12.193453788757324
2017-10-09,12.186732292175293
2017-10-10,12.465456008911133
2017-10-11,12.391583442687988
2017-10-12,12.391583442687988
2017-10-13,12.297544479370117
2017-10-16,12.263962745666504
2017-10-17,12.233744621276855
2017-10-18,12.18001651763916
2017-10-19,12.12963581085205
2017-10-20,12.069192886352539
2017-10-23,11.955020904541016
2017-10-24,12.116217613220215
2017-10-25,12.15315055847168
2017-10-26,12.042328834533691
2017-10-27,12.018824577331543
2017-10-30,11.80390453338623
2017-10-31,11.646075248718262
2017-11-01,11.2833833694458
2017-11-02,11.2833833694458
2017-11-03,11.397289276123047
2017-11-06,11.397289276123047
2017-11-07,11.004162788391113
2017-11-08,11.404010772705078
2017-11-09,10.990717887878418
2017-11-10,11.000802993774414
2017-11-13,11.05456256866455
2017-11-14,10.81935977935791
2017-11-15,10.81935977935791
2017-11-16,11.101603507995605
2017-11-17,11.296486854553223
2017-11-20,11.296486854553223
2017-11-21,11.555207252502441
2017-11-22,11.424165725708008
2017-11-23,11.340167045593262
2017-11-24,11.239365577697754
2017-11-27,11.222565650939941
2017-11-28,11.256166458129883
2017-11-29,11.041119575500488
2017-11-30,10.970555305480957
2017-12-01,10.943679809570312
2017-12-04,11.131603240966797
2017-12-05,11.017298698425293
2017-12-06,11.131603240966797
2017-12-07,11.050919532775879
2017-12-08,11.081180572509766
2017-12-11,11.081180572509766
2017-12-12,11.299701690673828
2017-12-13,11.108074188232422
2017-12-14,11.020658493041992
2017-12-15,10.97695541381836
2017-12-18,11.064360618591309
2017-12-19,10.993766784667969
2017-12-20,11.09462833404541
2017-12-21,11.420741081237793
2017-12-22,11.454358100891113
2017-12-25,11.454358100891113
2017-12-26,11.47845458984375
2017-12-27,11.492231369018555
2017-12-28,11.664531707763672
2017-12-29,11.664531707763672
2018-01-02,11.922975540161133
2018-01-03,11.977787017822266
2018-01-04,12.174317359924316
2018-01-05,12.243274688720703
2018-01-08,12.239830017089844
2018-01-09,12.126047134399414
2018-01-10,11.998480796813965
2018-01-11,12.239830017089844
2018-01-12,12.239830017089844
2018-01-15,12.326016426086426
2018-01-16,12.40877628326416
2018-01-17,12.719074249267578
2018-01-18,12.705284118652344
2018-01-19,12.794937133789062
2018-01-22,12.97076416015625
2018-01-23,13.029378890991211
2018-01-24,13.72239875793457
2018-01-25,13.72239875793457
2018-01-26,14.205098152160645
2018-01-29,13.791350364685059
2018-01-30,13.929264068603516
2018-01-31,14.049948692321777
2018-02-01,13.677578926086426
2018-02-02,13.25293254852295
2018-02-05,13.039074897766113
2018-02-06,13.349523544311523
2018-02-07,13.149445533752441
2018-02-08,12.987317085266113
2018-02-09,12.838996887207031
2018-02-14,13.308127403259277
2018-02-15,13.363316535949707
2018-02-16,13.339174270629883
2018-02-19,13.27363109588623
2018-02-20,13.67721939086914
2018-02-21,13.749659538269043
2018-02-22,13.832454681396484
2018-02-23,13.96008586883545
2018-02-26,13.96008586883545
2018-02-27,13.808308601379395
2018-02-28,13.373664855957031
2018-03-01,13.44956111907959
2018-03-02,13.535467147827148
2018-03-05,13.625223159790039
2018-03-06,13.649367332458496
2018-03-07,13.40778636932373
2018-03-08,13.231782913208008
2018-03-09,13.514775276184082
2018-03-12,13.621763229370117
2018-03-13,13.425039291381836
2018-03-14,13.352568626403809
2018-03-15,13.159314155578613
2018-03-16,13.193819999694824
2018-03-19,13.059216499328613
2018-03-20,13.045414924621582
2018-03-21,13.110987663269043
2018-03-22,13.1903657913208
2018-03-23,13.280092239379883
2018-03-26,13.356021881103516
2018-03-27,13.193819999694824
2018-03-28,13.280092239379883
2018-03-29,13.632109642028809
2018-04-02,13.50718879699707
2018-04-03,13.658724784851074
2018-04-04,13.540973663330078
2018-04-05,13.582756042480469
2018-04-06,13.540973663330078
2018-04-09,13.028202056884766
2018-04-10,13.138358116149902
2018-04-11,13.446022033691406
2018-04-12,13.202927589416504
2018-04-13,12.91425895690918
2018-04-16,12.633174896240234
2018-04-17,12.792716979980469
2018-04-18,13.221915245056152
2018-04-19,13.199121475219727
2018-04-20,13.013004302978516
2018-04-23,13.009215354919434
2018-04-24,13.03200626373291
2018-04-25,13.191534042358398
2018-04-26,13.191534042358398
2018-04-27,13.335869789123535
2018-04-30,13.13076114654541
2018-05-02,12.792716979980469
2018-05-03,12.530092239379883
2018-05-04,12.541487693786621
2018-05-07,12.427478790283203
2018-05-08,12.362868309020996
2018-05-09,12.461681365966797
2018-05-10,12.712514877319336
2018-05-11,12.484477043151855
2018-05-14,12.30586051940918
2018-05-15,12.233661651611328
2018-05-16,12.431278228759766
2018-05-17,11.914416313171387
2018-05-18,11.967617988586426
2018-05-21,11.79660701751709
2018-05-22,12.134841918945312
2018-05-23,11.815605163574219
2018-05-24,11.834601402282715
2018-05-25,11.598978042602539
2018-05-28,11.108724594116211
2018-05-29,11.154324531555176
2018-05-30,11.085915565490723
2018-06-01,11.355752944946289
2018-06-04,11.473245620727539
2018-06-05,10.921831130981445
2018-06-06,10.739295959472656
2018-06-07,10.549151420593262
2018-06-08,10.457880020141602
2018-06-11,10.260137557983398
2018-06-12,10.233511924743652
2018-06-13,10.024357795715332
2018-06-14,9.617447853088379
2018-06-15,9.788580894470215
2018-06-18,9.472941398620605
2018-06-19,9.963508605957031
2018-06-20,10.176472663879395
2018-06-21,9.754351615905762
2018-06-22,9.940690994262695
2018-06-25,9.925482749938965
2018-06-26,9.872241973876953
2018-06-27,9.712519645690918
2018-06-28,10.043373107910156
2018-06-29,10.229711532592773
2018-07-02,10.09660816192627
2018-07-03,10.564311981201172
2018-07-04,10.712723731994629
2018-07-05,10.689888000488281
2018-07-06,10.720341682434082
2018-07-10,10.579524993896484
2018-07-11,10.537668228149414
2018-07-12,10.84592056274414
2018-07-13,11.062835693359375
2018-07-16,11.112308502197266
2018-07-17,11.431978225708008
2018-07-18,11.150368690490723
2018-07-19,11.291170120239258
2018-07-20,11.683150291442871
2018-07-23,11.549952507019043
2018-07-24,11.721210479736328
2018-07-25,11.93431568145752
2018-07-26,11.629867553710938
2018-07-27,11.759260177612305
2018-07-30,11.846794128417969
2018-07-31,11.618453979492188
2018-08-01,11.77067756652832
2018-08-02,11.774093627929688
2018-08-03,12.223427772521973
2018-08-06,12.139649391174316
2018-08-07,11.956872940063477
2018-08-08,11.671280860900879
2018-08-09,11.549430847167969
2018-08-10,10.974432945251465
2018-08-13,11.187682151794434
2018-08-14,11.378072738647461
2018-08-15,11.24098014831543
2018-08-16,11.24098014831543
2018-08-17,10.898270606994629
2018-08-20,10.966822624206543
2018-08-21,10.700261116027832
2018-08-22,10.963006019592285
2018-08-23,10.688838958740234
2018-08-24,10.784035682678223
2018-08-27,11.07343578338623
2018-08-28,11.004897117614746
2018-08-29,11.138172149658203
2018-08-30,10.66218376159668
2018-08-31,10.806880950927734
2018-09-03,10.711685180664062
2018-09-04,10.471233367919922
2018-09-05,10.536009788513184
2018-09-06,10.837037086486816
2018-09-10,10.878955841064453
2018-09-11,10.551254272460938
2018-09-12,10.555065155029297
2018-09-13,10.513145446777344
2018-09-14,10.558868408203125
2018-09-17,10.859905242919922
2018-09-18,10.94754409790039
2018-09-19,10.997087478637695
2018-09-20,10.974224090576172
2018-09-21,11.149503707885742
2018-09-24,10.852280616760254
2018-09-25,10.859905242919922
2018-09-26,10.886573791503906
2018-09-27,11.134261131286621
2018-09-28,10.924684524536133
2018-10-01,10.802745819091797
2018-10-02,11.439132690429688
2018-10-03,11.934826850891113
2018-10-04,11.992026329040527
2018-10-05,11.812817573547363
2018-10-08,12.613551139831543
2018-10-09,12.659313201904297
2018-10-10,12.247496604919434
2018-10-11,12.175052642822266
2018-10-15,12.239870071411133
2018-10-16,12.823272705078125
2018-10-17,12.838519096374512
2018-10-18,12.483907699584961
2018-10-19,12.525849342346191
2018-10-22,12.678376197814941
2018-10-23,12.724130630493164
2018-10-24,12.419087409973145
2018-10-25,12.777517318725586
2018-10-26,12.998665809631348
2018-10-29,12.754631996154785
2018-10-30,13.250329971313477
2018-10-31,13.078742980957031
2018-11-01,13.826101303100586
2018-11-05,14.123290061950684
2018-11-06,13.97067642211914
2018-11-07,13.69981861114502
2018-11-08,13.41368579864502
2018-11-09,13.61206340789795
2018-11-12,13.600617408752441
2018-11-13,13.356460571289062
2018-11-14,13.543391227722168
2018-11-16,14.199578285217285
2018-11-19,14.13853931427002
2018-11-21,13.982117652893066
2018-11-22,14.039353370666504
2018-11-23,14.008830070495605
2018-11-26,13.806634902954102
2018-11-27,14.371262550354004
2018-11-28,14.665008544921875
2018-11-29,14.848145484924316
2018-11-30,14.672651290893555
2018-12-03,14.420853614807129
2018-12-04,14.382291793823242
2018-12-05,14.374665260314941
2018-12-06,14.531155586242676
2018-12-07,14.462447166442871
2018-12-10,14.183817863464355
2018-12-11,14.34795093536377
2018-12-12,14.443363189697266
2018-12-13,14.825058937072754
2018-12-14,14.65711498260498
2018-12-17,14.37083911895752
2018-12-18,14.638030052185059
2018-12-19,14.428098678588867
2018-12-20,14.504434585571289
2018-12-21,14.393743515014648
2018-12-26,14.245915412902832
2018-12-27,14.576770782470703
2018-12-28,15.043846130371094
2019-01-02,15.721105575561523
2019-01-03,15.880366325378418
2019-01-04,15.755748748779297
2019-01-07,15.942678451538086
2019-01-08,16.04002571105957
2019-01-09,16.316509246826172
2019-01-10,16.265886306762695
2019-01-11,16.160743713378906
2019-01-14,16.351560592651367
2019-01-15,16.320409774780273
2019-01-16,16.398286819458008
2019-01-17,16.452817916870117
2019-01-18,16.620256423950195
2019-01-21,16.429452896118164
2019-01-22,16.355453491210938
2019-01-23,16.635828018188477
2019-01-24,16.803274154663086
2019-01-28,16.9395809173584
2019-01-29,16.72150230407715
2019-01-30,16.68255615234375
2019-01-31,17.624948501586914
2019-02-01,17.406879425048828
2019-02-04,17.79216766357422
2019-02-05,17.799955368041992
2019-02-06,16.962356567382812
2019-02-07,17.219486236572266
2019-02-08,17.402578353881836
2019-02-11,17.301288604736328
2019-02-12,17.64801597595215
2019-02-13,17.37531280517578
2019-02-14,18.0375919342041
2019-02-15,17.92072296142578
2019-02-18,17.51165771484375
2019-02-19,17.659709930419922
2019-02-20,17.367525100708008
2019-02-21,17.519454956054688
2019-02-22,17.37531280517578
2019-02-25,17.199995040893555
2019-02-26,17.507766723632812
2019-02-27,17.312984466552734
2019-02-28,16.85717010498047
2019-03-01,16.57666778564453
2019-03-06,16.451547622680664
2019-03-07,16.5684757232666
2019-03-08,16.798433303833008
2019-03-11,17.480501174926758
2019-03-12,17.531171798706055
2019-03-13,17.698762893676758
2019-03-14,17.73774528503418
2019-03-15,17.811798095703125
2019-03-18,17.90532875061035
2019-03-19,17.519474029541016
2019-03-20,17.043973922729492
2019-03-21,16.669811248779297
2019-03-22,16.081275939941406
2019-03-25,16.116363525390625
2019-03-26,16.221601486206055
2019-03-27,15.66035270690918
2019-03-28,16.4554500579834
2019-03-29,16.736074447631836
2019-04-01,16.870147705078125
2019-04-02,16.654394149780273
2019-04-03,16.467226028442383
2019-04-04,16.893064498901367
2019-04-05,17.03345489501953
2019-04-08,17.056842803955078
2019-04-09,16.9913330078125
2019-04-10,16.747997283935547
2019-04-11,16.48126983642578
2019-04-12,16.33152198791504
2019-04-15,16.294082641601562
2019-04-16,16.266008377075195
2019-04-17,16.0413818359375
2019-04-18,16.261329650878906
2019-04-22,16.397029876708984
2019-04-23,16.794795989990234
2019-04-24,16.682491302490234
2019-04-25,16.879030227661133
2019-04-26,16.82754898071289
2019-04-29,16.60761260986328
2019-04-30,16.64972496032715
2019-05-02,16.659090042114258
2019-05-03,16.83652687072754
2019-05-06,16.382373809814453
2019-05-07,16.27935791015625
2019-05-08,16.61646842956543
2019-05-09,16.326187133789062
2019-05-10,16.18104362487793
2019-05-13,15.7783842086792
2019-05-14,15.731573104858398
2019-05-15,15.563018798828125
2019-05-16,15.38041877746582
2019-05-17,15.497467041015625
2019-05-20,15.918839454650879
2019-05-21,16.574325561523438
2019-05-22,16.27935791015625
2019-05-23,16.19976806640625
2019-05-24,16.040578842163086
2019-05-27,16.26999855041504
2019-05-28,16.71947479248047
2019-05-29,17.051908493041992
2019-05-30,17.365589141845703
2019-05-31,17.323455810546875
2019-06-03,17.26726722717285
2019-06-04,17.35578727722168
2019-06-05,17.088777542114258
2019-06-06,17.463533401489258
2019-06-07,17.46822166442871
2019-06-10,17.262104034423828
2019-06-11,17.341732025146484
2019-06-12,17.140310287475586
2019-06-13,16.95292854309082
2019-06-14,16.924823760986328
2019-06-17,16.882661819458008
2019-06-18,17.027877807617188
2019-06-19,17.238677978515625
2019-06-21,17.627479553222656
2019-06-24,17.768022537231445
2019-06-25,17.618120193481445
2019-06-26,17.838279724121094
2019-06-27,17.75395965576172
2019-06-28,17.67902183532715
2019-07-01,17.716583251953125
2019-07-02,17.772626876831055
2019-07-03,18.088226318359375
2019-07-04,18.403823852539062
2019-07-05,18.563987731933594
2019-07-08,18.479188919067383
2019-07-10,18.394411087036133
2019-07-11,18.23895263671875
2019-07-12,17.899810791015625
2019-07-15,17.82443618774414
2019-07-16,17.82915496826172
2019-07-17,17.734935760498047
2019-07-18,18.121200561523438
2019-07-19,17.711389541625977
2019-07-22,17.956336975097656
2019-07-23,18.01756477355957
2019-07-24,18.356719970703125
2019-07-25,17.28744888305664
2019-07-26,17.0660457611084
2019-07-29,17.02837562561035
2019-07-30,16.675079345703125
2019-07-31,16.25113868713379
2019-08-01,16.109825134277344
2019-08-02,16.156478881835938
2019-08-05,15.864265441894531
2019-08-06,16.10462760925293
2019-08-07,16.4439697265625
2019-08-08,16.524091720581055
2019-08-09,16.250736236572266
2019-08-12,15.91140079498291
2019-08-13,16.07162857055664
2019-08-14,15.75586223602295
2019-08-15,15.647467613220215
2019-08-16,15.680453300476074
2019-08-19,15.454221725463867
2019-08-20,15.303403854370117
2019-08-21,15.60505485534668
2019-08-22,15.402382850646973
2019-08-23,15.067754745483398
2019-08-26,14.912225723266602
2019-08-27,15.100737571716309
2019-08-28,15.01119327545166
2019-08-29,15.29396915435791
2019-08-30,15.52963638305664
2019-09-02,15.369394302368164
2019-09-03,15.118956565856934
2019-09-04,15.307596206665039
2019-09-05,15.661286354064941
2019-09-06,16.316787719726562
2019-09-09,16.524280548095703
2019-09-10,16.231903076171875
2019-09-11,16.161169052124023
2019-09-12,15.986673355102539
2019-09-13,15.779178619384766
2019-09-16,15.571685791015625
2019-09-17,15.986673355102539
2019-09-18,16.03383445739746
2019-09-19,15.84047794342041
2019-09-20,16.11872100830078
2019-09-23,16.1517333984375
2019-09-24,15.944231986999512
2019-09-25,16.047983169555664
2019-09-26,16.27906036376953
2019-09-27,16.26962661743164
2019-09-30,15.996108055114746
2019-10-01,15.779178619384766
2019-10-02,15.170007705688477
2019-10-03,15.212480545043945
2019-10-04,15.368183135986328
2019-10-07,15.26909065246582
2019-10-08,15.254938125610352
2019-10-09,15.689033508300781
2019-10-10,15.868348121643066
2019-10-11,16.047653198242188
2019-10-14,16.274133682250977
2019-10-15,16.406259536743164
2019-10-16,16.797901153564453
2019-10-17,16.514781951904297
2019-10-18,16.433818817138672
2019-10-21,16.550535202026367
2019-10-22,17.022300720214844
2019-10-23,17.168203353881836
2019-10-24,17.14875030517578
2019-10-25,17.372478485107422
2019-10-28,17.999866485595703
2019-10-29,17.751829147338867
2019-10-30,17.834503173828125
2019-10-31,17.10498046875
2019-11-01,16.95907974243164
2019-11-04,16.978036880493164
2019-11-05,17.206748962402344
2019-11-06,17.114290237426758
2019-11-07,17.1580810546875
2019-11-08,16.661739349365234
2019-11-11,16.622804641723633
2019-11-12,16.467086791992188
2019-11-13,16.296775817871094
2019-11-14,16.228649139404297
2019-11-18,16.121599197387695
2019-11-19,16.0924015045166
2019-11-21,16.184860229492188
2019-11-22,16.45249366760254
2019-11-25,16.36977195739746
2019-11-26,16.019405364990234
2019-11-27,16.287036895751953
2019-11-28,16.160520553588867
2019-11-29,16.238378524780273
2019-12-02,16.345436096191406
2019-12-03,16.403369903564453
2019-12-04,16.82695960998535
2019-12-05,16.895126342773438
2019-12-06,16.705236434936523
2019-12-09,16.8464412689209
2019-12-10,16.788009643554688
2019-12-11,16.69063377380371
2019-12-12,16.914608001708984
2019-12-13,16.943809509277344
2019-12-16,16.64681053161621
2019-12-17,16.953550338745117
2019-12-18,17.42584228515625
2019-12-19,17.74718475341797
2019-12-20,17.645200729370117
2019-12-23,17.753969192504883
2019-12-26,17.976451873779297
2019-12-27,17.907238006591797
2019-12-30,17.882511138916016
2020-01-02,18.54500961303711
2020-01-03,18.554397583007812
2020-01-06,18.22297477722168
2020-01-07,17.906400680541992
2020-01-08,17.629398345947266
2020-01-09,17.347450256347656
2020-01-10,17.03086280822754
2020-01-13,17.21388816833496
2020-01-14,17.19409942626953
2020-01-15,16.892372131347656
2020-01-16,17.13474464416504
2020-01-17,17.53540802001953
2020-01-20,17.19409942626953
2020-01-21,16.62030029296875
2020-01-22,16.679662704467773
2020-01-23,17.11989974975586
2020-01-24,16.991296768188477
2020-01-27,16.600521087646484
2020-01-28,16.62030029296875
2020-01-29,16.38288116455078
2020-01-30,16.546106338500977
2020-01-31,16.269107818603516
2020-02-03,16.37298011779785
2020-02-04,16.382366180419922
2020-02-05,16.699134826660156
2020-02-06,16.506105422973633
2020-02-07,16.694185256958008
2020-02-10,16.87236213684082
2020-02-11,17.020843505859375
2020-02-12,16.793170928955078
2020-02-13,16.471454620361328
2020-02-14,16.10025405883789
2020-02-17,15.96662712097168
2020-02-18,15.904157638549805
2020-02-19,16.132280349731445
2020-02-20,15.899199485778809
2020-02-21,15.775213241577148
2020-02-26,14.927194595336914
2020-02-27,14.8627290725708
2020-02-28,15.140436172485352
2020-03-02,15.343768119812012
2020-03-03,14.946273803710938
2020-03-04,15.110024452209473
2020-03-05,14.613807678222656
2020-03-06,14.196977615356445
2020-03-09,13.174749374389648
2020-03-10,13.492341041564941
2020-03-11,12.400647163391113
2020-03-12,10.73829460144043
2020-03-13,12.549516677856445
2020-03-16,10.758145332336426
2020-03-17,11.621576309204102
2020-03-18,10.266881942749023
2020-03-19,10.296656608581543
2020-03-20,9.547355651855469
2020-03-23,8.768279075622559
2020-03-24,10.088240623474121
2020-03-25,10.842498779296875
2020-03-26,11.070764541625977
2020-03-27,10.351243019104004
2020-03-30,10.673786163330078
2020-03-31,10.306577682495117
2020-04-01,9.855010032653809
2020-04-02,9.909143447875977
2020-04-03,9.541584014892578
2020-04-06,10.445577621459961
2020-04-07,10.837971687316895
2020-04-08,11.126053810119629
2020-04-09,11.121089935302734
2020-04-13,11.409172058105469
2020-04-14,11.533842086791992
2020-04-15,11.200559616088867
2020-04-16,10.91098403930664
2020-04-17,11.124067306518555
2020-04-20,10.763463020324707
2020-04-22,10.725217819213867
2020-04-23,10.572235107421875
2020-04-24,9.747220993041992
2020-04-27,10.031331062316895
2020-04-28,10.91098403930664
2020-04-29,11.277048110961914
2020-04-30,10.462965965270996
2020-05-04,9.998549461364746
2020-05-05,10.00892448425293
2020-05-06,9.801090240478516
2020-05-07,9.379950523376465
2020-05-08,9.801090240478516
2020-05-11,9.653416633605957
2020-05-12,9.352602005004883
2020-05-13,9.270565032958984
2020-05-14,9.77921199798584
2020-05-15,9.358074188232422
2020-05-18,9.850317001342773
2020-05-19,9.560441017150879
2020-05-20,9.65888786315918
2020-05-21,10.1948823928833
2020-05-22,10.255046844482422
2020-05-25,10.98246955871582
2020-05-26,10.506638526916504
2020-05-27,10.687129020690918
2020-05-28,10.446474075317383
2020-05-29,10.364431381225586
2020-06-01,10.829333305358887
2020-06-02,11.316009521484375
2020-06-03,11.819672584533691
2020-06-04,11.989388465881348
2020-06-05,12.208369255065918
2020-06-08,12.848894119262695
2020-06-09,12.564215660095215
2020-06-10,11.978434562683105
2020-06-12,11.841569900512695
2020-06-15,11.578787803649902
2020-06-16,12.060556411743164
2020-06-17,12.252164840698242
2020-06-18,12.208369255065918
2020-06-19,12.241215705871582
2020-06-22,11.81419849395752
2020-06-23,11.797779083251953
2020-06-24,11.41455078125
2020-06-25,11.688282012939453
2020-06-26,11.326959609985352
2020-06-29,11.721128463745117
2020-06-30,11.332429885864258
2020-07-01,11.584261894226074
2020-07-02,11.622056007385254
2020-07-03,11.698772430419922
2020-07-06,12.411103248596191
2020-07-07,11.896031379699707
2020-07-08,12.301518440246582
2020-07-09,12.02754020690918
2020-07-10,12.202881813049316
2020-07-13,12.03302001953125
2020-07-14,12.235763549804688
2020-07-15,12.438506126403809
2020-07-16,12.219325065612793
2020-07-17,12.279593467712402
2020-07-20,12.394670486450195
2020-07-21,12.728921890258789
2020-07-22,12.50974178314209
2020-07-23,12.328916549682617
2020-07-24,12.40562915802002
2020-07-27,12.975497245788574
2020-07-28,12.887828826904297
2020-07-29,13.293304443359375
2020-07-30,12.827549934387207
2020-07-31,12.296036720275879
2020-08-03,12.16452693939209
2020-08-04,11.911693572998047
2020-08-05,11.966530799865723
2020-08-06,12.048798561096191
2020-08-07,11.97750473022461
2020-08-10,12.081706047058105
2020-08-11,11.982990264892578
2020-08-12,11.87330150604248
2020-08-13,11.626514434814453
2020-08-14,11.642962455749512
2020-08-17,11.30294418334961
2020-08-18,11.423603057861328
2020-08-19,11.379719734191895
2020-08-20,11.352301597595215
2020-08-21,11.352301597595215
2020-08-24,11.610061645507812
2020-08-25,11.610061645507812
2020-08-26,11.368754386901855
2020-08-27,11.538764953613281
2020-08-28,11.77458381652832
2020-08-31,11.374241828918457
2020-09-01,11.604574203491211
2020-09-02,11.593037605285645
2020-09-03,12.048629760742188
2020-09-04,12.059612274169922
2020-09-08,11.8674898147583
2020-09-09,11.834553718566895
2020-09-10,11.444830894470215
2020-09-11,11.230754852294922
2020-09-14,11.362492561340332
2020-09-15,11.24173641204834
2020-09-16,11.263686180114746
2020-09-17,11.291133880615234
2020-09-18,11.022164344787598
2020-09-21,10.857492446899414
2020-09-22,10.923361778259277
2020-09-23,10.665374755859375
2020-09-24,10.868476867675781
2020-09-25,10.857492446899414
2020-09-28,10.824562072753906
2020-09-29,10.566574096679688
2020-09-30,10.654393196105957
2020-10-01,10.703800201416016
2020-10-02,10.791145324707031
2020-10-05,10.944990158081055
2020-10-06,10.906532287597656
2020-10-07,10.791145324707031
2020-10-08,11.346086502075195
2020-10-09,11.395535469055176
2020-10-13,11.461477279663086
2020-10-14,11.472461700439453
2020-10-15,11.395535469055176
2020-10-16,11.170263290405273
2020-10-19,11.324111938476562
2020-10-20,11.813116073608398
2020-10-21,11.933999061584473
2020-10-22,12.483439445495605
2020-10-23,12.428506851196289
2020-10-26,12.582345008850098
2020-10-27,12.230701446533203
2020-10-28,11.538396835327148
2020-10-29,11.423011779785156
2020-10-30,11.07685661315918
2020-11-03,11.45598030090332
2020-11-04,11.372917175292969
2020-11-05,11.548907279968262
2020-11-06,11.521409034729004
2020-11-09,12.615796089172363
2020-11-10,13.429727554321289
2020-11-11,13.374731063842773
2020-11-12,12.846783638000488
2020-11-13,13.30323314666748
2020-11-16,13.891680717468262
2020-11-17,13.968671798706055
2020-11-18,13.539711952209473
2020-11-19,13.550718307495117
2020-11-23,13.46271800994873
2020-11-24,14.067666053771973
2020-11-25,13.886180877685547
2020-11-26,13.660704612731934
2020-11-27,13.550718307495117
2020-11-30,13.363731384277344
2020-12-01,14.111659049987793
2020-12-02,14.265192985534668
2020-12-03,14.078071594238281
2020-12-04,14.199159622192383
2020-12-07,14.292716979980469
2020-12-08,14.122108459472656
2020-12-09,14.160630226135254
2020-12-10,14.744013786315918
2020-12-11,14.628426551818848
2020-12-14,14.551380157470703
2020-12-15,14.551380157470703
2020-12-16,14.881593704223633
2020-12-17,14.953139305114746
2020-12-18,14.980666160583496
2020-12-21,14.617423057556152
2020-12-22,14.9146146774292
2020-12-23,15.255831718444824
2020-12-28,15.40442180633545
2020-12-29,15.379448890686035
2020-12-30,15.161571502685547
2021-01-04,14.764937400817871
2021-01-05,14.674917221069336
2021-01-06,15.161282539367676
2021-01-07,15.563797950744629
2021-01-08,15.4296236038208
2021-01-11,15.155694007873535
2021-01-12,15.144515037536621
2021-01-13,14.915305137634277
2021-01-14,15.37371826171875
2021-01-15,14.948844909667969
2021-01-18,14.99916934967041
2021-01-19,14.758782386779785
2021-01-20,14.451297760009766
2021-01-21,14.2444486618042
2021-01-22,13.981698036193848
2021-01-26,13.646272659301758
2021-01-27,13.841936111450195
2021-01-28,14.272406578063965
2021-01-29,13.830756187438965
2021-02-01,14.115865707397461
2021-02-02,14.059356689453125
2021-02-03,14.126480102539062
2021-02-04,14.551673889160156
2021-02-05,14.47335433959961
2021-02-08,14.1656494140625
2021-02-09,14.238381385803223
2021-02-10,14.081731796264648
2021-02-11,14.098515510559082
2021-02-12,14.098515510559082
2021-02-17,14.087323188781738
2021-02-18,13.948352813720703
2021-02-19,13.83076000213623
2021-02-22,12.923638343811035
2021-02-23,13.539590835571289
2021-02-24,13.4443941116333
2021-02-25,13.153218269348145
2021-02-26,12.878840446472168
2021-03-01,12.45328140258789
2021-03-02,12.78896427154541
2021-03-03,12.901049613952637
2021-03-04,13.399827003479004
2021-03-05,14.033116340637207
2021-03-08,13.534333229064941
2021-03-09,13.646417617797852
2021-03-10,13.876195907592773
2021-03-11,14.117180824279785
2021-03-12,14.021906852722168
2021-03-15,14.21805477142334
2021-03-16,13.982671737670898
2021-03-17,14.565513610839844
2021-03-18,14.834521293640137
2021-03-19,14.985843658447266
2021-03-22,14.907384872436523
2021-03-23,14.744854927062988
2021-03-24,14.593539237976074
2021-03-25,14.918584823608398
2021-03-26,15.019468307495117
2021-03-29,15.081110000610352
2021-03-30,15.333305358886719
2021-03-31,15.002653121948242
2021-04-01,14.453436851501465
2021-04-05,14.58745002746582
2021-04-06,14.357521057128906
2021-04-07,14.200479507446289
2021-04-08,14.155609130859375
2021-04-09,14.133180618286133
2021-04-12,14.396768569946289
2021-04-13,14.301431655883789
2021-04-14,14.469688415527344
2021-04-15,14.469688415527344
2021-04-16,14.637929916381836
2021-04-19,14.571752548217773
2021-04-20,14.349665641784668
2021-04-22,14.250957489013672
2021-04-23,14.516230583190918
2021-04-26,14.528568267822266
2021-04-27,14.399019241333008
2021-04-28,15.170172691345215
2021-04-29,14.66429328918457
2021-04-30,14.713645935058594
2021-05-03,15.151667594909668
2021-05-04,14.694149017333984
2021-05-05,14.718853950500488
2021-05-06,14.792946815490723
2021-05-07,14.854677200317383
2021-05-10,15.2127685546875
2021-05-11,15.188078880310059
2021-05-12,14.879372596740723
2021-05-13,15.225113868713379
2021-05-14,15.367112159729004
2021-05-17,15.435036659240723
2021-05-18,15.68199634552002
2021-05-19,15.786957740783691
2021-05-20,15.935139656066895
2021-05-21,16.00921630859375
2021-05-24,15.965997695922852
2021-05-25,15.88573932647705
2021-05-26,16.250011444091797
2021-05-27,16.34878921508789
2021-05-28,16.385839462280273
2021-05-31,16.34878921508789
2021-06-01,16.719228744506836
2021-06-02,17.373498916625977
2021-06-04,17.354965209960938
2021-06-07,17.57120704650879
2021-06-08,17.44764518737793
2021-06-09,17.361141204833984
2021-06-10,17.392038345336914
2021-06-11,17.324079513549805
2021-06-14,17.24993324279785
2021-06-15,17.262290954589844
2021-06-16,17.348783493041992
2021-06-17,17.2746524810791
2021-06-18,17.052230834960938
2021-06-21,17.09547996520996
2021-06-22,16.780380249023438
2021-06-23,16.70624351501465
2021-06-24,16.829801559448242
2021-06-25,16.304651260375977
2021-06-28,16.224328994750977
2021-06-29,16.125471115112305
2021-06-30,15.89687728881836
2021-07-01,15.699172019958496
2021-07-02,16.075695037841797
2021-07-05,15.790946960449219
2021-07-06,15.595212936401367
2021-07-07,15.708868026733398
2021-07-08,15.525762557983398
2021-07-12,15.91722297668457
2021-07-13,15.904590606689453
2021-07-14,15.97404670715332
2021-07-15,15.734111785888672
2021-07-16,15.734111785888672
2021-07-19,15.159563064575195
2021-07-20,15.39317512512207
2021-07-21,15.399492263793945
2021-07-22,15.279529571533203
2021-07-23,15.121684074401855
2021-07-26,15.247957229614258
2021-07-27,15.36790943145752
2021-07-28,15.727810859680176
2021-07-29,15.57627010345459
2021-07-30,15.31109619140625
2021-08-02,15.405797958374023
2021-08-03,15.493609428405762
2021-08-04,14.880696296691895
2021-08-05,14.65954303741455
2021-08-06,14.981796264648438
2021-08-09,14.975478172302246
2021-08-10,14.760642051696777
2021-08-11,14.817509651184082
2021-08-12,14.608992576599121
2021-08-13,14.678494453430176
2021-08-16,14.55843448638916
2021-08-17,14.501574516296387
2021-08-18,14.406791687011719
2021-08-19,14.375197410583496
2021-08-20,14.293048858642578
2021-08-23,14.39415454864502
2021-08-24,14.773276329040527
2021-08-25,14.798551559448242
2021-08-26,14.514208793640137
2021-08-27,14.703771591186523
2021-08-30,14.545804023742676
2021-08-31,14.62794303894043
2021-09-01,14.602666854858398
2021-09-02,14.089783668518066
2021-09-03,14.020218849182129
2021-09-06,14.165668487548828
2021-09-08,13.349878311157227
2021-09-09,13.406792640686035
2021-09-10,13.242369651794434
2021-09-13,13.514305114746094
2021-09-14,13.425763130187988
2021-09-15,13.305610656738281
2021-09-16,13.134866714477539
2021-09-17,12.660566329956055
2021-09-20,12.18626880645752
2021-09-21,12.363344192504883
2021-09-22,12.546734809875488
2021-09-23,13.103249549865723
2021-09-24,12.812345504760742
2021-09-27,13.198105812072754
2021-09-28,12.919849395751953
2021-09-29,13.153829574584961
2021-09-30,13.172807693481445
2021-10-01,13.501649856567383
2021-10-04,13.121223449707031
2021-10-05,13.342761993408203
2021-10-06,13.444031715393066
2021-10-07,13.10856819152832
2021-10-08,13.19718074798584
2021-10-11,12.956661224365234
2021-10-13,12.918679237365723
2021-10-14,12.798422813415527
2021-10-15,13.469353675842285
2021-10-18,13.703543663024902
2021-10-19,13.279470443725586
2021-10-20,13.735194206237793
2021-10-21,13.450371742248535
2021-10-22,12.943998336791992
2021-10-25,13.140215873718262
2021-10-26,12.842723846435547
2021-10-27,13.01362419128418
2021-10-28,12.969319343566895
2021-10-29,12.595871925354004
2021-11-01,13.032615661621094
2021-11-03,12.924256324768066
2021-11-04,12.068982124328613
2021-11-05,12.664512634277344
2021-11-08,12.373079299926758
2021-11-09,12.233699798583984
2021-11-10,12.917922973632812
2021-11-11,12.981280326843262
2021-11-12,13.107992172241211
2021-11-16,13.088984489440918
2021-11-17,13.146001815795898
2021-11-18,13.019291877746582
2021-11-19,13.006621360778809
2021-11-22,12.784879684448242
2021-11-23,13.031962394714355
2021-11-24,13.367743492126465
2021-11-25,13.475440979003906
2021-11-26,12.936930656433105
2021-11-29,12.841900825500488
2021-11-30,12.613828659057617
2021-12-01,12.563141822814941
2021-12-02,13.202983856201172
2021-12-03,13.164931297302246
2021-12-06,13.443960189819336
2021-12-07,13.285416603088379
2021-12-08,13.202983856201172
2021-12-09,12.866880416870117
2021-12-10,12.816147804260254
2021-12-13,12.581512451171875
2021-12-14,12.771759986877441
2021-12-15,12.771759986877441
2021-12-16,12.93030071258545
2021-12-17,12.568835258483887
2021-12-20,12.308832168579102
2021-12-21,12.256108283996582
2021-12-22,12.31389331817627
2021-12-23,12.352412223815918
2021-12-27,12.49365520477295
2021-12-28,12.448713302612305
2021-12-29,12.390932083129883
2021-12-30,12.333148956298828
2022-01-03,12.641318321228027
2022-01-04,12.724204063415527
2022-01-05,12.634233474731445
2022-01-06,12.81417465209961
2022-01-07,13.000536918640137
2022-01-10,13.045523643493652
2022-01-11,13.064800262451172
2022-01-12,12.968400955200195
2022-01-13,13.19975471496582
2022-01-14,13.411823272705078
2022-01-17,13.48893928527832
2022-01-18,13.733141899108887
2022-01-19,13.559632301330566
2022-01-20,13.546778678894043
2022-01-21,13.405397415161133
2022-01-24,13.68815803527832
2022-01-25,14.234395027160645
2022-01-26,14.247249603271484
2022-01-27,14.317934036254883
2022-01-28,14.52358341217041
2022-01-31,14.652111053466797
2022-02-01,14.703523635864258
2022-02-02,14.439166069030762
2022-02-03,14.651407241821289
2022-02-04,14.747879028320312
2022-02-07,14.696433067321777
2022-02-08,14.612818717956543
2022-02-09,13.35863971710205
2022-02-10,13.551592826843262
2022-02-11,13.596611976623535
2022-02-14,13.615903854370117
2022-02-15,13.628767967224121
2022-02-16,13.789558410644531
2022-02-17,13.628767967224121
2022-02-18,13.705949783325195
2022-02-21,13.545162200927734
2022-02-22,13.493704795837402
2022-02-23,13.429389953613281
2022-02-24,13.024190902709961
2022-02-25,13.088505744934082
2022-03-02,12.95344066619873
2022-03-03,13.203728675842285
2022-03-04,12.823901176452637
2022-03-07,12.495584487915039
2022-03-08,12.656518936157227
2022-03-09,13.467669486999512
2022-03-10,13.383981704711914
2022-03-11,13.32603931427002
2022-03-14,13.422607421875
2022-03-15,13.390423774719238
2022-03-16,13.583551406860352
2022-03-17,13.635047912597656
2022-03-18,13.602862358093262
2022-03-21,13.924750328063965
2022-03-22,14.098567962646484
2022-03-23,14.00843620300293
2022-03-24,14.214444160461426
2022-03-25,14.343195915222168
2022-03-28,14.272384643554688
2022-03-29,14.52989387512207
2022-03-30,14.439764976501465
2022-03-31,14.304574966430664
2022-04-01,14.150068283081055
2022-04-04,14.091421127319336
2022-04-05,13.698378562927246
2022-04-06,13.6274995803833
2022-04-07,13.685489654541016
2022-04-08,13.840126037597656
2022-04-11,13.820796012878418
2022-04-12,13.698378562927246
2022-04-13,13.840126037597656
2022-04-14,13.807913780212402
2022-04-18,14.052762031555176
2022-04-19,13.870409965515137
2022-04-20,13.820796012878418
2022-04-22,13.62234878540039
2022-04-25,13.537300109863281
2022-04-26,12.95611572265625
2022-04-27,13.034076690673828
2022-04-28,12.913595199584961
2022-04-29,12.743488311767578
2022-05-02,12.736397743225098
2022-05-03,12.820815086364746
2022-05-04,13.005288124084473
2022-05-05,12.579577445983887
2022-05-06,12.842092514038086
2022-05-09,13.033665657043457
2022-05-10,13.161372184753418
2022-05-11,13.38841438293457
2022-05-12,13.473560333251953
2022-05-13,13.629653930664062
2022-05-16,13.856693267822266
2022-05-17,14.140498161315918
2022-05-18,13.877979278564453
2022-05-19,13.771553993225098
2022-05-20,13.95602798461914
2022-05-23,14.183072090148926
2022-05-24,14.481061935424805
2022-05-25,14.317878723144531
2022-05-26,14.395914077758789
2022-05-27,14.601680755615234
2022-05-30,14.4597749710083
2022-05-31,14.544909477233887
2022-06-01,14.28239631652832
2022-06-02,14.22485637664795
2022-06-03,14.13963508605957
2022-06-06,14.153841972351074
2022-06-07,14.033108711242676
2022-06-08,13.7845458984375
2022-06-09,13.777446746826172
2022-06-10,13.571490287780762
2022-06-13,13.372644424438477
2022-06-14,13.237710952758789
2022-06-15,13.330037117004395
2022-06-17,13.124079704284668
2022-06-20,13.472066879272461
2022-06-21,13.376333236694336
2022-06-22,13.31892204284668
2022-06-23,12.967296600341797
2022-06-24,12.859654426574707
2022-06-27,13.039052963256836
2022-06-28,12.852474212646484
2022-06-29,12.630013465881348
2022-06-30,12.342972755432129
2022-07-01,12.436257362365723
2022-07-04,12.30621337890625
2022-07-05,12.334946632385254
2022-07-06,12.234370231628418
2022-07-07,12.485810279846191
2022-07-08,12.492996215820312
2022-07-11,12.241555213928223
2022-07-12,12.291845321655273
2022-07-13,12.011667251586914
2022-07-14,11.73867130279541
2022-07-15,11.810514450073242
2022-07-18,11.96137809753418
2022-07-19,12.399605751037598
2022-07-20,12.241555213928223
2022-07-21,12.406787872314453
2022-07-22,12.24874210357666
2022-07-25,12.413969993591309
2022-07-26,12.327766418457031
2022-07-27,12.399605751037598
2022-07-28,12.492996215820312
2022-07-29,12.52173137664795
2022-08-01,12.492996215820312
2022-08-02,12.708011627197266
2022-08-03,12.909387588500977
2022-08-04,13.146719932556152
2022-08-05,13.304938316345215
2022-08-08,13.348084449768066
2022-08-09,13.542268753051758
2022-08-10,13.758025169372559
2022-08-11,13.873093605041504
2022-08-12,14.045696258544922
2022-08-15,13.973785400390625
2022-08-16,14.175158500671387
2022-08-17,14.196724891662598
2022-08-18,14.283031463623047
2022-08-19,14.103229522705078
2022-08-22,13.909056663513184
2022-08-23,14.009739875793457
2022-08-24,13.93062973022461
2022-08-25,14.031315803527832
2022-08-26,13.980971336364746
2022-08-29,14.031315803527832
2022-08-30,13.98816204071045
2022-08-31,13.635760307312012
2022-09-01,13.750831604003906
2022-09-02,13.901274681091309
2022-09-05,13.930065155029297
2022-09-06,13.843677520751953
2022-09-08,13.764490127563477
2022-09-09,13.951659202575684
2022-09-12,14.088444709777832
2022-09-13,13.980463027954102
2022-09-14,13.91567325592041
2022-09-15,13.865277290344238
2022-09-16,13.706900596618652
2022-09-19,14.059646606445312
2022-09-20,14.513187408447266
2022-09-21,14.426797866821289
2022-09-22,14.757948875427246
2022-09-23,14.469986915588379
2022-09-26,14.21082878112793
2022-09-27,14.124444007873535
2022-09-28,14.131638526916504
2022-09-29,14.239629745483398
2022-09-30,14.282819747924805
2022-10-03,15.269087791442871
2022-10-04,15.261137008666992
2022-10-05,15.426860809326172
2022-10-06,15.10982608795166
2022-10-07,14.749556541442871
2022-10-10,14.526185035705566
2022-10-11,14.490158081054688
2022-10-13,14.281190872192383
2022-10-14,14.18752384185791
2022-10-17,14.288405418395996
2022-10-18,14.396485328674316
2022-10-19,14.46133041381836
2022-10-20,14.627058029174805
2022-10-21,14.936893463134766
2022-10-24,14.302820205688477
2022-10-25,14.216353416442871
2022-10-26,13.596678733825684
2022-10-27,13.848870277404785
2022-10-28,13.928133010864258
2022-10-31,14.310017585754395
2022-11-01,14.389280319213867
2022-11-03,14.143322944641113
2022-11-04,13.991861343383789
2022-11-07,13.530275344848633
2022-11-08,13.400452613830566
2022-11-09,11.070882797241211
2022-11-10,10.74632740020752
2022-11-11,10.926636695861816
2022-11-14,10.93384838104248
2022-11-16,10.969908714294434
2022-11-17,11.20791244506836
2022-11-18,11.258400917053223
2022-11-21,11.17906379699707
2022-11-22,11.13578987121582
2022-11-23,11.056453704833984
2022-11-24,11.280036926269531
2022-11-25,11.070882797241211
2022-11-28,11.056453704833984
2022-11-29,11.186280250549316
2022-11-30,11.236764907836914
2022-12-01,11.106943130493164
2022-12-02,11.098978042602539
2022-12-05,10.687373161315918
2022-12-06,10.940116882324219
2022-12-07,10.817351341247559
2022-12-08,10.506839752197266
2022-12-09,10.326312065124512
2022-12-12,10.210775375366211
2022-12-13,9.907482147216797
2022-12-14,10.116898536682129
2022-12-15,9.994136810302734
2022-12-16,9.979695320129395
2022-12-19,10.254098892211914
2022-12-20,10.622384071350098
2022-12-21,10.709035873413086
2022-12-22,10.745141983032227
2022-12-23,10.932892799377441
2022-12-26,10.672928810119629
2022-12-27,10.622384071350098
2022-12-28,10.947336196899414
2022-12-29,10.940116882324219
2023-01-02,10.65126895904541
2023-01-03,10.122700691223145
2023-01-04,10.151622772216797
2023-01-05,10.592679977416992
2023-01-06,10.889132499694824
2023-01-09,11.02708911895752
2023-01-10,11.358054161071777
2023-01-11,11.583706855773926
2023-01-12,11.312919616699219
2023-01-13,11.275309562683105
2023-01-16,10.929305076599121
2023-01-17,11.004522323608398
2023-01-18,11.170005798339844
2023-01-19,11.192573547363281
2023-01-20,11.034611701965332
2023-01-23,10.568253517150879
2023-01-24,10.68108081817627
2023-01-25,10.605860710144043
2023-01-26,10.635950088500977
2023-01-27,10.32003116607666
2023-01-30,10.372685432434082
2023-01-31,10.545684814453125
2023-02-01,10.342597961425781
2023-02-02,10.50000286102295
2023-02-03,10.266504287719727
2023-02-06,10.228842735290527
2023-02-07,10.168583869934082
2023-02-08,10.665712356567383
2023-02-09,10.394550323486328
2023-02-10,9.543401718139648
2023-02-13,9.88235855102539
2023-02-14,9.972742080688477
2023-02-15,10.364419937133789
2023-02-16,10.560260772705078
2023-02-17,10.50000286102295
2023-02-22,10.394550323486328
2023-02-23,10.349356651306152
2023-02-24,10.017937660217285
2023-02-27,9.920016288757324
2023-02-28,9.852226257324219
2023-03-01,9.776904106140137
2023-03-02,9.647895812988281
2023-03-03,9.700697898864746
2023-03-06,10.02506160736084
2023-03-07,10.258898735046387
2023-03-08,10.575721740722656
2023-03-09,10.538003921508789
2023-03-10,10.236271858215332
2023-03-13,10.123122215270996
2023-03-14,10.062774658203125
2023-03-15,10.206095695495605
2023-03-16,10.492744445800781
2023-03-17,10.055231094360352
2023-03-20,9.88173770904541
2023-03-21,9.911908149719238
2023-03-22,9.821389198303223
2023-03-23,9.481941223144531
2023-03-24,9.587550163269043
2023-03-27,9.761041641235352
2023-03-28,9.745955467224121
2023-03-29,9.798758506774902
2023-03-30,10.092947959899902
2023-03-31,9.934540748596191
2023-04-03,9.685609817504883
2023-04-04,9.903918266296387
2023-04-05,9.987011909484863
2023-04-06,9.843480110168457
2023-04-10,9.956798553466797
2023-04-11,10.478056907653809
2023-04-12,10.42517375946045
2023-04-13,10.432727813720703
2023-04-14,10.417618751525879
2023-04-17,10.372291564941406
2023-04-18,10.304303169250488
2023-04-19,10.115440368652344
2023-04-20,10.206093788146973
2023-04-24,10.122993469238281
2023-04-25,10.349631309509277
2023-04-26,10.198539733886719
2023-04-27,10.394956588745117
2023-04-28,10.462946891784668
2023-05-02,10.311857223510742
2023-05-03,10.401864051818848
2023-05-04,10.643943786621094
2023-05-05,11.173489570617676
2023-05-08,11.58956527709961
2023-05-09,11.476089477539062
2023-05-10,11.498785972595215
2023-05-11,11.650084495544434
2023-05-12,11.70304012298584
2023-05-15,11.884599685668945
2023-05-16,11.892163276672363
2023-05-17,11.839207649230957
2023-05-18,11.877036094665527
2023-05-19,12.164501190185547
2023-05-22,12.043463706970215
2023-05-23,12.141806602478027
2023-05-24,11.771126747131348
2023-05-25,12.194764137268066
2023-05-26,12.194764137268066
2023-05-29,12.209896087646484
2023-05-30,11.877036094665527
2023-05-31,11.733297348022461
2023-06-01,11.937555313110352
2023-06-02,11.951927185058594
2023-06-05,12.368500709533691
2023-06-06,12.565428733825684
2023-06-07,12.557854652404785
2023-06-09,12.769927024841309
2023-06-12,12.663890838623047
2023-06-13,12.679037094116211
2023-06-14,12.762354850769043
2023-06-15,12.800222396850586
2023-06-16,12.83809757232666
2023-06-19,13.065320014953613
2023-06-20,13.095614433288574
2023-06-21,13.065320014953613
2023-06-22,12.724482536315918
2023-06-23,12.565428733825684
2023-06-26,12.504836082458496
2023-06-27,12.548453330993652
2023-06-28,12.341483116149902
2023-06-29,12.395140647888184
2023-06-30,12.609774589538574
2023-07-03,12.770748138427734
2023-07-04,12.693222045898438
2023-07-05,12.716243743896484
2023-07-06,12.409273147583008
2023-07-07,12.49368667602539
2023-07-10,12.501364707946777
2023-07-11,12.509037017822266
2023-07-12,12.39392375946045
2023-07-13,12.700892448425293
2023-07-14,12.608810424804688
2023-07-17,12.73926830291748
2023-07-18,12.716243743896484
2023-07-19,12.670198440551758
2023-07-20,12.677871704101562
2023-07-21,13.092281341552734
2023-07-24,12.73926830291748
2023-07-25,12.693222045898438
2023-07-26,12.823684692382812
2023-07-27,12.532060623168945
2023-07-28,12.670198440551758
2023-07-31,12.785310745239258
2023-08-01,12.754616737365723
2023-08-02,12.807607650756836
2023-08-03,12.715412139892578
2023-08-04,11.870278358459473
2023-08-07,11.7857666015625
2023-08-08,11.83954906463623
2023-08-09,11.778080940246582
2023-08-10,11.877961158752441
2023-08-11,11.808816909790039
2023-08-14,11.74735164642334
2023-08-15,11.778080940246582
2023-08-16,11.716622352600098
2023-08-17,11.593690872192383
2023-08-18,11.670519828796387
2023-08-21,11.58600902557373
2023-08-22,11.662837982177734
2023-08-23,11.82418155670166
2023-08-24,11.539910316467285
2023-08-25,11.39393424987793
2023-08-28,11.762716293334961
2023-08-29,11.901008605957031
2023-08-30,11.64747142791748
2023-08-31,11.486126899719238
2023-09-01,11.516861915588379
2023-09-04,11.462223052978516
2023-09-05,11.216052055358887
2023-09-06,11.0621976852417
2023-09-08,11.0621976852417
2023-09-11,11.269902229309082
2023-09-12,11.408374786376953
2023-09-13,11.454529762268066
2023-09-14,11.50068473815918
2023-09-15,11.477607727050781
2023-09-18,11.477607727050781
2023-09-19,11.346830368041992
2023-09-20,11.392990112304688
2023-09-21,10.96988582611084
2023-09-22,10.885262489318848
2023-09-25,10.854496002197266
2023-09-26,10.73910140991211
2023-09-27,10.708333015441895
2023-09-28,10.962193489074707
2023-09-29,11.000653266906738
2023-10-02,10.8468017578125
2023-10-03,10.715057373046875
2023-10-04,11.077104568481445
2023-10-05,11.123321533203125
2023-10-06,11.146432876586914
2023-10-09,11.046293258666992
2023-10-10,11.169543266296387
2023-10-11,11.331308364868164
2023-10-13,11.161843299865723
2023-10-16,11.277384757995605
2023-10-17,11.161843299865723
2023-10-18,11.061701774597168
2023-10-19,11.115619659423828
2023-10-20,10.907635688781738
2023-10-23,10.923043251037598
2023-10-24,10.923043251037598
2023-10-25,10.892230987548828
2023-10-26,11.169543266296387
2023-10-27,11.053994178771973
2023-10-30,10.930740356445312
2023-10-31,10.776679992675781
2023-11-01,10.876823425292969
2023-11-03,11.392836570739746
2023-11-06,11.385122299194336
2023-11-07,11.685952186584473
2023-11-08,11.747659683227539
2023-11-09,11.770800590515137
2023-11-10,11.601103782653809
2023-11-13,11.369696617126465
2023-11-14,11.60881519317627
2023-11-16,12.009915351867676
2023-11-17,11.901928901672363
2023-11-20,11.932781219482422
2023-11-21,11.886502265930176
2023-11-22,12.133330345153809
2023-11-23,12.457300186157227
2023-11-24,12.465012550354004
2023-11-27,12.387877464294434
2023-11-28,12.503582000732422
2023-11-29,12.441868782043457
2023-11-30,12.549863815307617
2023-12-01,12.58842945098877
2023-12-04,12.494970321655273
2023-12-05,12.61080551147461
2023-12-06,12.479521751403809
2023-12-07,12.51041030883789
2023-12-08,12.711194038391113
2023-12-11,12.61080551147461
2023-12-12,12.549026489257812
2023-12-13,13.097320556640625
2023-12-14,13.321269989013672
2023-12-15,13.452554702758789
2023-12-18,13.552945137023926
2023-12-19,13.552945137023926
2023-12-20,13.328995704650879
2023-12-21,13.336719512939453
2023-12-22,13.536949157714844
2023-12-26,13.577168464660645
2023-12-27,13.65760326385498
2023-12-28,13.746077537536621
2024-01-02,13.472604751586914
2024-01-03,13.487883567810059
2024-01-04,13.302677154541016
2024-01-05,13.592567443847656
2024-01-08,13.487883567810059
2024-01-09,13.12552547454834
2024-01-10,12.900056838989258
2024-01-11,12.8356351852417
2024-01-12,12.730949401855469
2024-01-15,12.779267311096191
2024-01-16,12.666532516479492
2024-01-17,12.690690994262695
2024-01-18,12.61821460723877
2024-01-19,12.594062805175781
2024-01-22,12.449116706848145
2024-01-23,12.384696960449219
2024-01-24,12.336384773254395
2024-01-25,12.368590354919434
2024-01-26,12.49743366241455
2024-01-29,12.384696960449219
2024-01-30,12.296117782592773
2024-01-31,12.360540390014648
2024-02-01,12.336384773254395
2024-02-02,12.35168170928955
2024-02-05,12.601617813110352
2024-02-06,13.383671760559082
2024-02-07,11.255186080932617
2024-02-08,10.932690620422363
2024-02-09,10.85206127166748
2024-02-14,10.779500007629395
2024-02-15,10.827876091003418
2024-02-16,10.86818790435791
2024-02-19,11.005247116088867
2024-02-20,11.263249397277832
2024-02-21,11.222936630249023
2024-02-22,11.287435531616211
2024-02-23,11.142311096191406
2024-02-26,11.126188278198242
2024-02-27,11.303560256958008
2024-02-28,11.255186080932617
2024-02-29,11.085874557495117
2024-03-01,11.126188278198242
2024-03-04,11.020402908325195
2024-03-05,11.076918601989746
2024-03-06,11.157655715942383
2024-03-07,11.109211921691895
2024-03-08,11.173799514770508
2024-03-11,11.238389015197754
2024-03-12,11.375640869140625
2024-03-13,11.496743202209473
2024-03-14,11.569404602050781
2024-03-15,11.391786575317383
2024-03-18,11.464447975158691
2024-03-19,11.399861335754395
2024-03-20,11.545184135437012
2024-03-21,11.416007041931152
2024-03-22,11.270683288574219
2024-03-25,11.254535675048828
2024-03-26,11.416007041931152
2024-03-27,11.59362506866455
2024-03-28,11.51289176940918
2024-04-01,11.40793228149414
2024-04-02,11.471780776977539
2024-04-03,11.698143005371094
2024-04-04,11.770903587341309
2024-04-05,11.738566398620605
2024-04-08,11.819409370422363
2024-04-09,11.892170906066895
2024-04-10,11.641551971435547
2024-04-11,11.633469581604004
2024-04-12,11.48794937133789
2024-04-15,11.31817626953125
2024-04-16,11.23733139038086
2024-04-17,11.180740356445312
2024-04-18,11.132235527038574
2024-04-19,11.027138710021973
2024-04-22,10.978633880615234
2024-04-23,11.051392555236816
2024-04-24,11.051392555236816
2024-04-25,11.043304443359375
2024-04-26,11.22116470336914
2024-04-29,11.366683959960938
2024-04-30,11.31817626953125
2024-05-02,11.188826560974121
2024-05-03,11.155611991882324
2024-05-06,11.14752197265625
2024-05-07,11.14752197265625
2024-05-08,11.171804428100586
2024-05-09,10.888461112976074
2024-05-10,10.823698997497559
2024-05-13,10.872272491455078
2024-05-14,10.864178657531738
2024-05-15,10.758933067321777
2024-05-16,10.815604209899902
2024-05-17,10.872272491455078
2024-05-20,10.791316032409668
2024-05-21,10.847984313964844
2024-05-22,10.605118751525879
2024-05-23,10.427020072937012
2024-05-24,10.499878883361816
2024-05-27,10.467496871948242
2024-05-28,10.45940113067627
2024-05-29,10.354161262512207
2024-05-31,10.257011413574219
2024-06-03,10.321778297424316
2024-06-04,10.418237686157227
2024-06-05,10.361485481262207
2024-06-06,10.5803861618042
2024-06-07,10.499312400817871
2024-06-10,10.42634391784668
2024-06-11,10.483097076416016
2024-06-12,10.288514137268066
2024-06-13,10.296624183654785
2024-06-14,10.402019500732422
2024-06-17,10.515527725219727
2024-06-18,10.352508544921875
2024-06-19,10.40268325805664
2024-06-20,10.377595901489258
2024-06-21,10.369234085083008
2024-06-24,10.40268325805664
2024-06-25,10.319060325622559
2024-06-26,10.344147682189941
2024-06-27,10.385955810546875
2024-06-28,10.352508544921875
2024-07-01,10.260525703430176
2024-07-02,10.24291706085205
2024-07-03,10.27641773223877
2024-07-04,10.318290710449219
2024-07-05,10.435545921325684
2024-07-08,10.435545921325684
2024-07-09,10.435545921325684
2024-07-10,10.61142635345459
2024-07-11,10.61142635345459
2024-07-12,10.586299896240234
2024-07-15,10.561177253723145
2024-07-16,10.594672203063965
2024-07-17,10.720303535461426
2024-07-18,10.51929759979248
2024-07-19,10.460670471191406
2024-07-22,10.577924728393555
2024-07-23,10.502548217773438
2024-07-24,10.51092529296875
2024-07-25,10.343416213989258
2024-07-26,10.427172660827637
2024-07-29,10.469047546386719
2024-07-30,10.385293960571289
2024-07-31,10.410419464111328
2024-08-01,10.54442310333252
2024-08-02,10.610665321350098
2024-08-05,11.41590404510498
2024-08-06,11.793356895446777
2024-08-07,11.818523406982422
2024-08-08,11.952728271484375
2024-08-09,12.246302604675293
2024-08-12,12.330181121826172
2024-08-13,12.48116397857666
2024-08-14,12.590204238891602
2024-08-15,12.716025352478027
2024-08-16,12.556652069091797
2024-08-19,13.118644714355469
2024-08-20,13.16897201538086
2024-08-21,13.110255241394043
2024-08-22,13.017988204956055
2024-08-23,13.135418891906738
2024-08-26,13.093480110168457
2024-08-27,12.93410873413086
2024-08-28,13.143806457519531
2024-08-29,13.110255241394043
2024-08-30,13.118644714355469
2024-09-02,13.085091590881348
2024-09-03,13.226995468139648
2024-09-04,13.327776908874512
2024-09-05,13.445348739624023
2024-09-06,13.185009002685547
2024-09-09,13.226995468139648
2024-09-10,13.268989562988281
2024-09-11,13.11782455444336
2024-09-12,13.059037208557129
2024-09-13,13.059037208557129
2024-09-16,12.958258628845215
2024-09-17,12.87427806854248
2024-09-18,12.798693656921387
2024-09-19,12.622334480285645
2024-09-20,12.387187004089355
2024-09-23,12.068059921264648
2024-09-24,12.051263809204102
2024-09-25,12.126846313476562
2024-09-26,12.437577247619629
2024-09-27,12.5467529296875
2024-09-30,12.345197677612305
2024-10-01,12.504831314086914
2024-10-02,12.955700874328613
2024-10-03,12.81932544708252
2024-10-04,12.836374282836914
2024-10-07,12.955700874328613
2024-10-08,12.97275161743164
2024-10-09,12.717044830322266
2024-10-10,12.785231590270996
2024-10-11,12.614765167236328
2024-10-14,12.80228042602539
2024-10-15,12.913084983825684
2024-10-16,12.870466232299805
2024-10-17,12.955700874328613
2024-10-18,13.057984352111816
2024-10-21,13.023892402648926
2024-10-22,12.9386568069458
2024-10-23,12.887514114379883
2024-10-24,12.913084983825684
2024-10-25,12.725569725036621
2024-10-28,12.955700874328613
2024-10-29,12.768186569213867
2024-10-30,12.810803413391113
2024-10-31,12.24825382232666
2024-11-01,12.02664566040039
2024-11-04,12.042841911315918
2024-11-05,11.889205932617188
2024-11-06,11.786787986755371
2024-11-07,11.658764839172363
2024-11-08,11.530739784240723
2024-11-11,11.48806381225586
2024-11-12,11.428319931030273
2024-11-13,11.505130767822266
2024-11-14,11.547808647155762
2024-11-18,11.709975242614746
2024-11-19,11.79532241821289
2024-11-21,11.752649307250977
2024-11-22,11.778253555297852
2024-11-25,11.60755443572998
2024-11-26,11.684368133544922
2024-11-27,11.368573188781738
2024-11-28,10.890619277954102
2024-11-29,10.77966022491455
2024-12-02,10.549216270446777
2024-12-03,10.51414966583252
2024-12-04,10.633822441101074
2024-12-05,10.779139518737793
2024-12-06,10.531244277954102
2024-12-09,10.462862014770508
2024-12-10,10.668013572692871
2024-12-11,10.856074333190918
2024-12-12,10.479958534240723
2024-12-13,10.34318733215332
2024-12-16,10.172226905822754
2024-12-17,10.24915885925293
2024-12-18,9.821755409240723
2024-12-19,9.830303192138672
2024-12-20,10.052553176879883
2024-12-23,9.873042106628418
2024-12-26,9.94997787475586
2024-12-27,9.873042106628418
2024-12-30,9.88158893585205
2025-01-02,9.999101638793945
2025-01-03,9.840057373046875
2025-01-06,10.033346176147461
2025-01-07,10.173916816711426
2025-01-08,10.015772819519043
2025-01-09,9.94548511505127
2025-01-10,9.82248592376709
2025-01-13,9.857627868652344
2025-01-14,10.042131423950195
2025-01-15,10.393563270568848
2025-01-16,10.305702209472656
2025-01-17,10.182703971862793
2025-01-20,10.21784782409668
2025-01-21,10.226632118225098
2025-01-22,10.086058616638184
2025-01-23,10.006985664367676
2025-01-24,9.9279146194458
2025-01-27,10.173916816711426
2025-01-28,10.21784782409668
2025-01-29,10.11241626739502
2025-01-30,10.665921211242676
2025-01-31,10.621990203857422
2025-02-03,10.604419708251953
2025-02-04,10.585919380187988
2025-02-05,10.832308769226074
2025-02-06,10.981900215148926
2025-02-07,10.550719261169434
2025-02-10,10.559520721435547
2025-02-11,10.805910110473633
2025-02-12,10.313130378723145
2025-02-13,10.453925132751465
2025-02-14,10.726714134216309
2025-02-17,10.744311332702637
2025-02-18,10.73551082611084
2025-02-19,10.541921615600586
2025-02-20,10.515520095825195
2025-02-21,10.41872787475586
2025-02-24,10.233935356140137
2025-02-25,10.35713005065918
2025-02-26,10.15473747253418
2025-02-27,10.093141555786133
2025-02-28,9.890750885009766
2025-03-05,10.093141555786133
2025-03-06,10.18072509765625
2025-03-07,10.30412769317627
2025-03-10,10.154282569885254
2025-03-11,10.092581748962402
2025-03-12,10.092581748962402
2025-03-13,10.268867492675781
2025-03-14,10.691965103149414
2025-03-17,10.850625991821289
2025-03-18,10.841812133789062
2025-03-19,10.938770294189453
2025-03-20,10.885883331298828
2025-03-21,11.035728454589844
2025-03-24,11.150317192077637
2025-03-25,11.335423469543457
2025-03-26,11.520524024963379
2025-03-27,11.476451873779297
2025-03-28,11.317791938781738
2025-03-31,11.167946815490723
2025-04-01,11.18394660949707
2025-04-02,11.20999526977539
2025-04-03,11.425742149353027
2025-04-04,11.299887657165527
2025-04-07,11.111109733581543
2025-04-08,10.805464744567871
2025-04-09,11.20999526977539
2025-04-10,11.19201374053955
2025-04-11,11.344836235046387
2025-04-14,11.44372272491455
2025-04-15,11.45271110534668
2025-04-16,11.434733390808105
2025-04-17,11.48867130279541
2025-04-22,11.44372272491455
2025-04-23,11.821283340454102
2025-04-24,12.010064125061035
2025-04-25,12.028044700622559
2025-04-28,12.001075744628906
2025-04-29,12.135918617248535
2025-04-30,12.34267807006836
2025-05-02,12.08198070526123
2025-05-05,11.973031997680664
2025-05-06,11.919017791748047
2025-05-07,11.738971710205078
2025-05-08,13.57543659210205
2025-05-09,13.611446380615234
2025-05-12,13.4133939743042
2025-05-13,13.701467514038086
2025-05-14,13.683463096618652
2025-05-15,13.818498611450195
2025-05-16,13.863510131835938
2025-05-19,13.989541053771973
2025-05-20,14.1245756149292
2025-05-21,13.872512817382812
2025-05-22,13.90852165222168
2025-05-23,14.07956600189209
2025-05-26,14.151581764221191
2025-05-27,14.439657211303711
2025-05-28,14.538681030273438
2025-05-29,14.475665092468262
2025-05-30,14.583694458007812
2025-06-02,14.619702339172363
2025-06-03,14.871135711669922
2025-06-04,14.82607650756836
2025-06-05,14.39345645904541
2025-06-06,14.384445190429688
2025-06-09,14.276291847229004
2025-06-10,14.267277717590332
2025-06-11,14.708907127380371
2025-06-12,14.853106498718262
2025-06-13,14.681868553161621
2025-06-16,14.997314453125
2025-06-17,15.222639083862305
2025-06-18,15.10546875
2025-06-20,14.979291915893555
2025-06-23,14.862122535705566
2025-06-24,14.907188415527344
2025-06-25,14.781006813049316
2025-06-26,14.916197776794434
2025-06-27,14.934226036071777
2025-06-30,15.168560028076172
2025-07-01,15.303577423095703
2025-07-02,15.027076721191406
2025-07-03,15.385300636291504
2025-07-04,15.311824798583984
2025-07-07,15.164857864379883
2025-07-08,15.201597213745117
2025-07-09,15.027076721191406
2025-07-10,14.825000762939453
2025-07-11,14.742332458496094
2025-07-14,14.797447204589844
2025-07-15,14.788261413574219
2025-07-16,14.751519203186035
2025-07-17,14.723965644836426
2025-07-18,14.393295288085938
2025-07-21,14.402480125427246
2025-07-22,14.356555938720703
2025-07-23,14.586187362670898
2025-07-24,14.402480125427246
2025-07-25,14.292258262634277
2025-07-28,14.182034492492676
2025-07-29,14.154478073120117
2025-07-30,14.384110450744629
2025-07-31,14.264702796936035
2025-08-01,14.292258262634277
2025-08-04,14.40167236328125
2025-08-05,14.429262161254883
2025-08-06,14.410867691040039
2025-08-07,14.521225929260254
2025-08-08,14.677566528320312
2025-08-11,14.62238597869873
2025-08-12,14.962658882141113
2025-08-13,14.833905220031738
2025-08-14,14.723550796508789
2025-08-15,14.741943359375
2025-08-18,15.03623104095459
2025-08-19,14.521225929260254
2025-08-20,14.567209243774414
2025-08-21,14.521225929260254
2025-08-22,14.999444007873535
2025-08-25,15.03623104095459
2025-08-26,14.999444007873535
2025-08-27,15.109800338745117
2025-08-28,15.440876007080078
2025-08-29,15.47765827178955
2025-09-01,15.376496315002441
2025-09-02,15.200624465942383
2025-09-03,15.191414833068848
2025-09-04,15.495243072509766
2025-09-05,15.872729301452637
2025-09-08,15.789864540100098
2025-09-09,15.64255428314209
2025-09-10,15.532069206237793
2025-09-11,15.67938232421875
2025-09-12,15.495243072509766
2025-09-15,15.67938232421875
2025-09-16,15.64255428314209
2025-09-17,16.185760498046875
2025-09-18,16.020038604736328
2025-09-19,16.30545425415039
2025-09-22,16.33307456970215
2025-09-23,16.434349060058594
2025-09-24,16.30545425415039
2025-09-25,16.176555633544922
2025-09-26,16.259416580200195
2025-09-29,16.425146102905273
2025-09-30,16.562929153442383
2025-10-01,16.282039642333984
2025-10-02,16.018634796142578
2025-10-03,16.02800941467285
2025-10-06,15.934274673461914
2025-10-07,15.671829223632812
2025-10-08,15.924903869628906
2025-10-09,16.009258270263672
2025-10-10,15.793678283691406
2025-10-13,15.859289169311523
2025-10-14,16.084243774414062
2025-10-15,16.271703720092773
2025-10-16,16.459169387817383
2025-10-17,16.5716495513916
2025-10-20,16.88096046447754
2025-10-21,16.656003952026367
2025-10-22,16.67474937438965
2025-10-23,16.852842330932617
2025-10-24,16.946571350097656
2025-10-27,17.087167739868164
2025-10-28,17.096542358398438
2025-10-29,17.649551391601562
2025-10-30,16.965314865112305
2025-10-31,17.02155303955078
2025-11-03,17.209020614624023
2025-11-04,17.264352798461914
2025-11-05,17.63028335571289
2025-11-06,17.555219650268555
2025-11-07,17.573984146118164
2025-11-10,17.902379989624023
2025-11-11,18.287076950073242
2025-11-12,18.24016761779785
2025-11-13,18.277694702148438
2025-11-14,18.268314361572266
2025-11-17,18.12757110595703
2025-11-18,17.911767959594727
2025-11-19,17.733491897583008
2025-11-21,17.63028335571289
2025-11-24,17.639663696289062
2025-11-25,17.780410766601562
2025-11-26,18.315223693847656
2025-11-27,18.277694702148438
2025-11-28,18.43720245361328
2025-12-01,18.155717849731445
2025-12-02,18.351987838745117
2025-12-03,17.844820022583008
2025-12-04,18.09840202331543
2025-12-05,17.01832389831543
2025-12-08,17.140419006347656
2025-12-09,16.915008544921875
2025-12-10,17.21555519104004
2025-12-11,17.41278648376465
2025-12-12,17.52549171447754
2025-12-15,17.769683837890625
2025-12-16,17.281299591064453
2025-12-17,17.140419006347656
2025-12-18,17.21555519104004
2025-12-19,17.375219345092773
2025-12-22,17.131025314331055
2025-12-23,17.290693283081055
2025-12-26,17.281299591064453
2025-12-29,17.365825653076172
2025-12-30,17.448617935180664
