date,close
2010-12-01,4.205777168273926
2010-12-02,4.237864971160889
2010-12-03,4.149446487426758
2010-12-06,4.0989179611206055
2010-12-07,4.122999668121338
2010-12-08,4.131021499633789
2010-12-09,4.094121932983398
2010-12-10,4.082890510559082
2010-12-13,4.114978313446045
2010-12-14,4.105350971221924
2010-12-15,4.049201965332031
2010-12-16,4.010698318481445
2010-12-17,4.037971019744873
2010-12-20,3.9798715114593506
2010-12-21,4.052119255065918
2010-12-22,4.125967979431152
2010-12-23,4.117938041687012
2010-12-27,4.04569673538208
2010-12-28,4.029639720916748
2010-12-29,4.077802658081055
2010-12-30,4.125967979431152
2011-01-03,4.178948402404785
2011-01-04,4.192311763763428
2011-01-05,4.224438190460205
2011-01-06,4.123246669769287
2011-01-07,4.091121673583984
2011-01-10,4.075058937072754
2011-01-11,4.075058937072754
2011-01-12,4.123246669769287
2011-01-13,4.047750473022461
2011-01-14,4.073451042175293
2011-01-17,4.030083656311035
2011-01-18,4.058995246887207
2011-01-19,4.033298969268799
2011-01-20,3.9818949699401855
2011-01-21,3.9963512420654297
2011-01-24,4.031689643859863
2011-01-26,4.015626907348633
2011-01-27,4.015626907348633
2011-01-28,3.9513766765594482
2011-01-31,3.9192512035369873
2011-02-01,3.9433436393737793
2011-02-02,3.89725661277771
2011-02-03,3.834580898284912
2011-02-04,3.760650873184204
2011-02-07,3.7927913665771484
2011-02-08,3.873150110244751
2011-02-09,3.816896915435791
2011-02-10,3.849041700363159
2011-02-11,3.9840400218963623
2011-02-14,4.009799480438232
2011-02-15,4.054945468902588
2011-02-16,4.127496719360352
2011-02-17,4.114600658416748
2011-02-18,4.082352638244629
2011-02-21,4.042044162750244
2011-02-22,3.9662702083587646
2011-02-23,3.9823904037475586
2011-02-24,3.9823904037475586
2011-02-25,4.01463508605957
2011-02-28,4.095251083374023
2011-03-01,4.0710673332214355
2011-03-02,4.0602946281433105
2011-03-03,4.142561912536621
2011-03-04,4.160311698913574
2011-03-09,4.160311698913574
2011-03-10,3.9425365924835205
2011-03-11,3.9683477878570557
2011-03-14,3.9667298793792725
2011-03-15,3.9844772815704346
2011-03-16,3.915114402770996
2011-03-17,3.910274028778076
2011-03-18,3.955439567565918
2011-03-21,3.9796388149261475
2011-03-22,4.110304832458496
2011-03-23,4.049002647399902
2011-03-24,4.044163227081299
2011-03-25,4.002222537994385
2011-03-28,4.226447582244873
2011-03-29,4.331308364868164
2011-03-30,4.416801452636719
2011-03-31,4.497457981109619
2011-04-01,4.555533409118652
2011-04-04,4.486655235290527
2011-04-05,4.486655235290527
2011-04-06,4.478584289550781
2011-04-07,4.5027947425842285
2011-04-08,4.4220991134643555
2011-04-11,4.357540607452393
2011-04-12,4.322036266326904
2011-04-13,4.322036266326904
2011-04-14,4.2768449783325195
2011-04-15,4.260710716247559
2011-04-18,4.252636909484863
2011-04-19,4.196151256561279
2011-04-20,4.260710716247559
2011-04-25,4.257481098175049
2011-04-26,4.315578937530518
2011-04-27,4.307510852813721
2011-04-28,4.204220294952393
2011-04-29,4.2768449783325195
2011-05-02,4.204220294952393
2011-05-03,4.117544651031494
2011-05-04,4.098167896270752
2011-05-05,4.1562981605529785
2011-05-06,4.2289652824401855
2011-05-09,4.27417516708374
2011-05-10,4.27417516708374
2011-05-11,4.282248497009277
2011-05-12,4.279017448425293
2011-05-13,4.2144269943237305
2011-05-16,4.2144269943237305
2011-05-17,4.232192039489746
2011-05-18,4.09009313583374
2011-05-19,4.101395606994629
2011-05-20,4.085251331329346
2011-05-23,4.093325138092041
2011-05-24,4.196669101715088
2011-05-25,4.1482253074646
2011-05-26,4.261255741119385
2011-05-27,4.254797458648682
2011-05-30,4.222505569458008
2011-05-31,4.238646507263184
2011-06-01,4.1789021492004395
2011-06-02,4.239202499389648
2011-06-03,4.232736587524414
2011-06-06,4.151959419250488
2011-06-07,4.240814208984375
2011-06-08,4.245662689208984
2011-06-09,4.193962574005127
2011-06-10,4.142266750335693
2011-06-13,4.150346279144287
2011-06-14,4.184268951416016
2011-06-15,4.214967727661133
2011-06-16,4.164880752563477
2011-06-17,4.184268951416016
2011-06-20,4.137420654296875
2011-06-21,4.160038471221924
2011-06-22,4.168114185333252
2011-06-24,4.181037902832031
2011-06-27,4.1988139152526855
2011-06-28,4.300473690032959
2011-06-29,4.319978713989258
2011-06-30,4.352482795715332
2011-07-01,4.3557353019714355
2011-07-04,4.382275104522705
2011-07-05,4.3887786865234375
2011-07-06,4.325362682342529
2011-07-07,4.2570695877075195
2011-07-08,4.219668865203857
2011-07-11,4.100965976715088
2011-07-12,4.0147833824157715
2011-07-13,4.087961673736572
2011-07-14,4.000148773193359
2011-07-15,3.9676263332366943
2011-07-18,3.8538014888763428
2011-07-19,3.9188432693481445
2011-07-20,3.983884811401367
2011-07-21,4.047300338745117
2011-07-22,4.04080057144165
2011-07-25,4.008278846740723
2011-07-26,3.983884811401367
2011-07-27,3.949740171432495
2011-07-28,4.024538993835449
2011-07-29,4.060311794281006
2011-08-01,4.053807258605957
2011-08-02,3.911160469055176
2011-08-03,3.842829942703247
2011-08-04,3.7419612407684326
2011-08-05,3.823305606842041
2011-08-08,3.4816489219665527
2011-08-09,3.6362082958221436
2011-08-10,3.6443421840667725
2011-08-11,3.7256906032562256
2011-08-12,3.6980319023132324
2011-08-15,3.7305753231048584
2011-08-16,3.733825445175171
2011-08-17,3.790769100189209
2011-08-18,3.6524765491485596
2011-08-19,3.5760111808776855
2011-08-22,3.5939066410064697
2011-08-23,3.6280760765075684
2011-08-24,3.6508514881134033
2011-08-25,3.616684913635254
2011-08-26,3.595533609390259
2011-08-29,3.6850175857543945
2011-08-30,3.7370800971984863
2011-08-31,3.847710609436035
2011-09-01,4.099886894226074
2011-09-02,3.9410929679870605
2011-09-05,3.8206324577331543
2011-09-06,3.9508614540100098
2011-09-08,4.007833480834961
2011-09-09,3.8548166751861572
2011-09-12,3.7978405952453613
2011-09-13,3.8027288913726807
2011-09-14,3.8255136013031006
2011-09-15,3.8499319553375244
2011-09-16,3.906912326812744
2011-09-19,3.8906311988830566
2011-09-20,3.8759775161743164
2011-09-21,3.87434983253479
2011-09-22,3.6773784160614014
2011-09-23,3.6106345653533936
2011-09-26,3.6383097171783447
2011-09-27,3.7197024822235107
2011-09-28,3.7164466381073
2011-09-29,3.742492914199829
2011-09-30,3.7343521118164062
2011-10-03,3.6285407543182373
2011-10-04,3.6634902954101562
2011-10-05,3.658602714538574
2011-10-06,3.712357997894287
2011-10-07,3.59833025932312
2011-10-10,3.746565580368042
2011-10-11,3.779144287109375
2011-10-13,3.795436382293701
2011-10-14,3.819869041442871
2011-10-17,3.7872869968414307
2011-10-18,3.8687329292297363
2011-10-19,3.876877784729004
2011-10-20,3.8638501167297363
2011-10-21,3.987650156021118
2011-10-24,4.072353839874268
2011-10-25,4.028372287750244
2011-10-26,4.069094657897949
2011-10-27,4.178232192993164
2011-10-28,4.142398357391357
2011-10-31,4.072353839874268
2011-11-01,4.06257963180542
2011-11-03,4.091028690338135
2011-11-04,4.074728488922119
2011-11-07,4.074728488922119
2011-11-08,4.108955383300781
2011-11-09,4.076356887817383
2011-11-10,3.993232250213623
2011-11-11,4.05842924118042
2011-11-14,4.099178314208984
2011-11-16,4.099178314208984
2011-11-17,3.9769372940063477
2011-11-18,3.9361884593963623
2011-11-21,3.861211061477661
2011-11-22,3.828618049621582
2011-11-23,3.7894959449768066
2011-11-24,3.796018600463867
2011-11-25,3.7454912662506104
2011-11-28,3.831876039505005
2011-11-29,3.7976491451263428
2011-11-30,4.0502800941467285
2011-12-01,4.1024370193481445
2011-12-02,4.117854118347168
2011-12-05,4.1341657638549805
2011-12-06,4.14232063293457
2011-12-07,4.085240840911865
2011-12-08,4.1015472412109375
2011-12-09,4.111331939697266
2011-12-12,4.1097002029418945
2011-12-13,4.145782470703125
2011-12-14,4.0890374183654785
2011-12-15,4.038969039916992
2011-12-16,4.022279739379883
2011-12-19,4.037301063537598
2011-12-20,4.167482376098633
2011-12-21,4.139108657836914
2011-12-22,4.214213848114014
2011-12-23,4.237582683563232
2011-12-26,4.210877418518066
2011-12-27,4.219218730926514
2011-12-28,4.164145469665527
2011-12-29,4.22089147567749
2012-01-02,4.224230766296387
2012-01-03,4.2416863441467285
2012-01-04,4.2416863441467285
2012-01-05,4.209955215454102
2012-01-06,4.273414611816406
2012-01-09,4.295124053955078
2012-01-10,4.316834449768066
2012-01-11,4.321841716766357
2012-01-12,4.316834449768066
2012-01-13,4.218305587768555
2012-01-16,4.408681869506836
2012-01-17,4.453770637512207
2012-01-18,4.493847846984863
2012-01-19,4.448761940002441
2012-01-20,4.458779335021973
2012-01-23,4.422039985656738
2012-01-24,4.425381183624268
2012-01-26,4.462121486663818
2012-01-27,4.495519638061523
2012-01-30,4.442080974578857
2012-01-31,4.331865310668945
2012-02-01,4.345224857330322
2012-02-02,4.337629795074463
2012-02-03,4.37606143951416
2012-02-06,4.352667808532715
2012-02-07,4.361021518707275
2012-02-08,4.359349727630615
2012-02-09,4.314237594604492
2012-02-10,4.285829544067383
2012-02-13,4.361021518707275
2012-02-14,4.317576885223389
2012-02-15,4.327602386474609
2012-02-16,4.374388694763184
2012-02-17,4.359349727630615
2012-02-23,4.299199104309082
2012-02-24,4.300869464874268
2012-02-27,4.280819416046143
2012-02-28,4.39443826675415
2012-02-29,4.4529218673706055
2012-03-01,4.496361255645752
2012-03-02,4.563992023468018
2012-03-05,4.505482196807861
2012-03-06,4.396813869476318
2012-03-07,4.517184257507324
2012-03-08,4.61916446685791
2012-03-09,4.689380645751953
2012-03-12,4.647584915161133
2012-03-13,4.731174945831299
2012-03-14,4.712784767150879
2012-03-15,4.706093788146973
2012-03-16,4.7395339012146
2012-03-19,4.67934513092041
2012-03-20,4.62250280380249
2012-03-21,4.614149570465088
2012-03-22,4.62250280380249
2012-03-23,4.692718029022217
2012-03-26,4.714455604553223
2012-03-27,4.630866527557373
2012-03-28,4.614149570465088
2012-03-29,4.570682525634766
2012-03-30,4.5673370361328125
2012-04-02,4.563992023468018
2012-04-03,4.524849891662598
2012-04-04,4.375975608825684
2012-04-05,4.370955467224121
2012-04-09,4.3324809074401855
2012-04-10,4.334153652191162
2012-04-11,4.349208354949951
2012-04-12,4.456268787384033
2012-04-13,4.365936279296875
2012-04-16,4.3625898361206055
2012-04-17,4.365936279296875
2012-04-18,4.33917236328125
2012-04-19,4.295676231384277
2012-04-20,4.272261142730713
2012-04-23,4.299025058746338
2012-04-24,4.349208354949951
2012-04-25,4.23211669921875
2012-04-26,4.23546028137207
2012-04-27,4.3191022872924805
2012-04-30,4.3324809074401855
2012-05-02,4.215389728546143
2012-05-03,4.167850017547607
2012-05-04,4.1410675048828125
2012-05-07,4.134373664855957
2012-05-08,4.105915069580078
2012-05-09,4.092526435852051
2012-05-10,4.117637634277344
2012-05-11,4.134373664855957
2012-05-14,4.037291526794434
2012-05-15,3.950252056121826
2012-05-16,3.9335150718688965
2012-05-17,3.8263888359069824
2012-05-18,3.861536979675293
2012-05-21,4.082484245300293
2012-05-22,4.107589244842529
2012-05-23,4.067418575286865
2012-05-24,3.9820539951324463
2012-05-25,4.032268524169922
2012-05-28,4.017204761505127
2012-05-29,4.0423150062561035
2012-05-30,4.069093704223633
2012-05-31,4.174543857574463
2012-06-01,4.134373664855957
2012-06-04,4.0767598152160645
2012-06-05,3.986311674118042
2012-06-06,4.116951942443848
2012-06-08,4.10522985458374
2012-06-11,4.153801918029785
2012-06-12,4.220798015594482
2012-06-13,4.200697422027588
2012-06-14,4.287795066833496
2012-06-15,4.329668045043945
2012-06-18,4.321293830871582
2012-06-19,4.371540069580078
2012-06-20,4.321293830871582
2012-06-21,4.220798015594482
2012-06-22,4.204046726226807
2012-06-25,4.070054531097412
2012-06-26,4.053305625915527
2012-06-27,4.145427227020264
2012-06-28,4.125189304351807
2012-06-29,4.214535713195801
2012-07-02,4.214535713195801
2012-07-03,4.3314337730407715
2012-07-04,4.3314337730407715
2012-07-05,4.348418712615967
2012-07-06,4.277078628540039
2012-07-10,4.24650239944458
2012-07-11,4.243105411529541
2012-07-12,4.159875392913818
2012-07-13,4.195542812347412
2012-07-16,4.159875392913818
2012-07-17,4.16157341003418
2012-07-18,4.241402626037598
2012-07-19,4.319543361663818
2012-07-20,4.294064998626709
2012-07-23,4.046069622039795
2012-07-24,4.144586563110352
2012-07-25,4.153080940246582
2012-07-26,4.17855978012085
2012-07-27,4.373902797698975
2012-07-30,4.453731536865234
2012-07-31,4.452033996582031
2012-08-01,4.463924407958984
2012-08-02,4.402054309844971
2012-08-03,4.5074334144592285
2012-08-06,4.651902198791504
2012-08-07,4.646804332733154
2012-08-08,4.69099235534668
2012-08-09,4.673999786376953
2012-08-10,4.758979797363281
2012-08-13,4.736886978149414
2012-08-14,4.70458984375
2012-08-15,4.702892780303955
2012-08-16,4.748780727386475
2012-08-17,4.77597713470459
2012-08-20,4.784474849700928
2012-08-21,4.723285675048828
2012-08-22,4.77597713470459
2012-08-23,4.743680953979492
2012-08-24,4.6790971755981445
2012-08-27,4.640006065368652
2012-08-28,4.692692279815674
2012-08-29,4.665501117706299
2012-08-30,4.673999786376953
2012-08-31,4.606010913848877
2012-09-03,4.628108978271484
2012-09-04,4.618927955627441
2012-09-05,4.613821983337402
2012-09-06,4.642733097076416
2012-09-10,4.668242454528809
2012-09-11,4.673345565795898
2012-09-12,4.724366664886475
2012-09-13,4.872317790985107
2012-09-14,4.8655195236206055
2012-09-17,4.889324188232422
2012-09-18,4.821298122406006
2012-09-19,4.853612422943115
2012-09-20,4.82640266418457
2012-09-21,4.897829532623291
2012-09-24,4.880822658538818
2012-09-25,4.596817493438721
2012-09-26,4.547495365142822
2012-09-27,4.591714382171631
2012-09-28,4.538992404937744
2012-10-01,4.593414306640625
2012-10-02,4.611929893493652
2012-10-03,4.492804050445557
2012-10-04,4.518333435058594
2012-10-05,4.501316070556641
2012-10-08,4.501316070556641
2012-10-09,4.366872787475586
2012-10-10,4.356657981872559
2012-10-11,4.407711982727051
2012-10-15,4.434943199157715
2012-10-16,4.526843070983887
2012-10-17,4.569386005401611
2012-10-18,4.569386005401611
2012-10-19,4.554070949554443
2012-10-22,4.503016948699951
2012-10-23,4.455367565155029
2012-10-24,4.487699031829834
2012-10-25,4.579596996307373
2012-10-26,4.535350322723389
2012-10-29,4.5659871101379395
2012-10-30,4.601722717285156
2012-10-31,4.548964977264404
2012-11-01,4.720848083496094
2012-11-05,4.725276470184326
2012-11-06,4.7882843017578125
2012-11-07,4.6827073097229
2012-11-08,4.6145920753479
2012-11-09,4.6111884117126465
2012-11-12,4.563510894775391
2012-11-13,4.674193382263184
2012-11-14,4.628218650817871
2012-11-16,4.883638381958008
2012-11-19,5.113513469696045
2012-11-21,5.210572719573975
2012-11-22,5.253145217895508
2012-11-23,5.355310916900635
2012-11-26,5.334878444671631
2012-11-27,5.237820148468018
2012-11-28,5.159490585327148
2012-11-29,5.2361159324646
2012-11-30,5.525592803955078
2012-12-03,5.556244850158691
2012-12-04,5.506155967712402
2012-12-05,5.596450328826904
2012-12-06,5.536826133728027
2012-12-07,5.584526538848877
2012-12-10,5.719110488891602
2012-12-11,5.824738025665283
2012-12-12,5.880960464477539
2012-12-13,6.01384162902832
2012-12-14,5.928659915924072
2012-12-17,5.851995944976807
2012-12-18,5.9201436042785645
2012-12-19,6.104133605957031
2012-12-20,5.95421028137207
2012-12-21,5.993393898010254
2012-12-26,5.898751735687256
2012-12-27,5.869364261627197
2012-12-28,5.867634296417236
2013-01-02,6.066449165344238
2013-01-03,6.399572849273682
2013-01-04,6.384006500244141
2013-01-07,6.233532428741455
2013-01-08,6.212777614593506
2013-01-09,6.351139545440674
2013-01-10,6.3113627433776855
2013-01-11,6.2439069747924805
2013-01-14,6.339034557342529
2013-01-15,6.264663219451904
2013-01-16,6.313089370727539
2013-01-17,6.358057022094727
2013-01-18,6.399572849273682
2013-01-21,6.328657150268555
2013-01-22,6.328657150268555
2013-01-23,6.276766777038574
2013-01-24,6.287147045135498
2013-01-28,6.122835636138916
2013-01-29,5.923929214477539
2013-01-30,5.910086631774902
2013-01-31,6.121105194091797
2013-02-01,6.074407577514648
2013-02-04,6.013869762420654
2013-02-05,5.998301982879639
2013-02-06,5.955414772033691
2013-02-07,5.936313152313232
2013-02-08,6.094316482543945
2013-02-13,6.125568389892578
2013-02-14,6.056112766265869
2013-02-15,6.2418928146362305
2013-02-18,6.337387561798096
2013-02-19,6.2262701988220215
2013-02-20,6.102993488311768
2013-02-21,6.090835094451904
2013-02-22,6.156820774078369
2013-02-25,6.11167573928833
2013-02-26,6.031806468963623
2013-02-27,6.023123741149902
2013-02-28,6.115148067474365
2013-03-01,6.195015907287598
2013-03-04,6.257349967956543
2013-03-05,6.222604751586914
2013-03-06,6.246924877166748
2013-03-07,6.3233642578125
2013-03-08,6.340731620788574
2013-03-11,6.309467792510986
2013-03-12,6.3320441246032715
2013-03-13,6.439758777618408
2013-03-14,6.488396167755127
2013-03-15,6.62910795211792
2013-03-18,6.3754754066467285
2013-03-19,6.349420070648193
2013-03-20,6.392849445343018
2013-03-21,6.391109943389893
2013-03-22,6.325099468231201
2013-03-25,6.285143852233887
2013-03-26,6.37669563293457
2013-03-27,6.495169639587402
2013-03-28,6.495169639587402
2013-04-01,6.611739158630371
2013-04-02,6.597589015960693
2013-04-03,6.7868547439575195
2013-04-04,6.658766269683838
2013-04-05,6.5612616539001465
2013-04-08,6.507734775543213
2013-04-09,6.65494441986084
2013-04-10,6.771561622619629
2013-04-11,6.828912734985352
2013-04-12,6.790680408477783
2013-04-15,6.6950907707214355
2013-04-16,6.838473320007324
2013-04-17,6.452291965484619
2013-04-18,6.375821590423584
2013-04-19,6.431263446807861
2013-04-22,6.442736625671387
2013-04-23,6.551706790924072
2013-04-24,6.513465881347656
2013-04-25,6.542145729064941
2013-04-26,6.542145729064941
2013-04-29,6.423614025115967
2013-04-30,6.624351501464844
2013-05-02,6.635822772979736
2013-05-03,6.573849678039551
2013-05-06,6.413191795349121
2013-05-07,6.545163154602051
2013-05-08,6.646533966064453
2013-05-09,6.547073841094971
2013-05-10,6.5107340812683105
2013-05-13,6.42657470703125
2013-05-14,6.424665451049805
2013-05-15,6.474390983581543
2013-05-16,6.577682018280029
2013-05-17,6.636974334716797
2013-05-20,6.759378433227539
2013-05-21,6.789982318878174
2013-05-22,6.870321273803711
2013-05-23,6.688614845275879
2013-05-24,6.6407952308654785
2013-05-27,6.598720073699951
2013-05-28,6.703917980194092
2013-05-29,6.646533966064453
2013-05-31,6.8282389640808105
2013-06-03,6.690526485443115
2013-06-04,6.594085216522217
2013-06-05,6.387417316436768
2013-06-06,6.374026298522949
2013-06-07,6.30322265625
2013-06-10,6.352973937988281
2013-06-11,6.14056921005249
2013-06-12,6.161623954772949
2013-06-13,6.096557140350342
2013-06-14,5.962612628936768
2013-06-17,6.031497955322266
2013-06-18,5.995141983032227
2013-06-19,5.819094657897949
2013-06-20,5.870761394500732
2013-06-21,5.868847370147705
2013-06-24,5.702371597290039
2013-06-25,5.740639686584473
2013-06-26,5.77508544921875
2013-06-27,5.803788185119629
2013-06-28,5.89202356338501
2013-07-01,5.926681995391846
2013-07-02,5.741497039794922
2013-07-03,5.724155426025391
2013-07-04,5.741497039794922
2013-07-05,5.539196014404297
2013-07-08,5.498737335205078
2013-07-10,5.573873043060303
2013-07-11,5.857095718383789
2013-07-12,5.843607425689697
2013-07-15,6.138387203216553
2013-07-16,6.165360927581787
2013-07-17,6.3387627601623535
2013-07-18,6.138387203216553
2013-07-19,6.02471399307251
2013-07-22,6.188483238220215
2013-07-23,6.265549182891846
2013-07-24,6.165360927581787
2013-07-25,6.153799533843994
2013-07-26,6.153799533843994
2013-07-29,6.040127754211426
2013-07-30,6.028570652008057
2013-07-31,5.953426837921143
2013-08-01,6.053617000579834
2013-08-02,5.964705467224121
2013-08-05,5.856750011444092
2013-08-06,5.6813130378723145
2013-08-07,5.7083048820495605
2013-08-08,5.89723539352417
2013-08-09,5.93771505355835
2013-08-12,6.034109592437744
2013-08-13,6.207611083984375
2013-08-14,6.140138149261475
2013-08-15,6.045677185058594
2013-08-16,6.084230422973633
2013-08-19,6.11121940612793
2013-08-20,6.010974884033203
2013-08-21,5.912655830383301
2013-08-22,5.918439865112305
2013-08-23,6.091945171356201
2013-08-26,5.9974799156188965
2013-08-27,5.852895259857178
2013-08-28,5.795055866241455
2013-08-29,5.879879951477051
2013-08-30,6.091945171356201
2013-09-02,6.14592170715332
2013-09-03,5.979803562164307
2013-09-04,6.105186462402344
2013-09-05,6.149554252624512
2013-09-06,6.296152114868164
2013-09-09,6.56620979309082
2013-09-10,6.65494441986084
2013-09-11,6.689662456512451
2013-09-12,6.571994304656982
2013-09-13,6.643368244171143
2013-09-16,6.6472296714782715
2013-09-17,6.735962390899658
2013-09-18,6.965504169464111
2013-09-19,6.91921329498291
2013-09-20,6.776468276977539
2013-09-23,6.845908164978027
2013-09-24,6.840121269226074
2013-09-25,6.791898727416992
2013-09-26,6.791898727416992
2013-09-27,6.924997329711914
2013-09-30,6.653014183044434
2013-10-01,6.747532367706299
2013-10-02,6.80520486831665
2013-10-03,6.803274631500244
2013-10-04,6.810996055603027
2013-10-07,6.822573661804199
2013-10-08,6.78397798538208
2013-10-09,6.907497882843018
2013-10-10,6.998204231262207
2013-10-11,6.942234039306641
2013-10-14,7.085060119628906
2013-10-15,7.073476314544678
2013-10-16,7.083127975463867
2013-10-17,7.102424144744873
2013-10-18,7.139095306396484
2013-10-21,6.990486145019531
2013-10-22,7.112076759338379
2013-10-23,6.944167613983154
2013-10-24,6.872757434844971
2013-10-25,6.8650383949279785
2013-10-28,6.863107681274414
2013-10-29,6.936446666717529
2013-10-30,6.926797866821289
2013-10-31,6.930655002593994
2013-11-01,6.814853668212891
2013-11-04,7.017384052276611
2013-11-05,6.965246200561523
2013-11-06,6.80690336227417
2013-11-07,6.6949028968811035
2013-11-08,6.555870532989502
2013-11-11,6.532696723937988
2013-11-12,6.478628635406494
2013-11-13,6.542351722717285
2013-11-14,6.739316940307617
2013-11-18,6.760554790496826
2013-11-19,6.538491249084473
2013-11-21,6.517248630523682
2013-11-22,6.447729587554932
2013-11-25,6.389798641204834
2013-11-26,6.565528392791748
2013-11-27,6.617660999298096
2013-11-28,6.596417427062988
2013-11-29,6.627317428588867
2013-12-02,6.478628635406494
2013-12-03,6.327689170837402
2013-12-04,6.242677211761475
2013-12-05,6.231087684631348
2013-12-06,6.169260025024414
2013-12-09,6.142209053039551
2013-12-10,6.078453063964844
2013-12-11,5.977976322174072
2013-12-12,5.970248699188232
2013-12-13,5.993436813354492
2013-12-16,6.008889198303223
2013-12-17,6.047538757324219
2013-12-18,6.030141830444336
2013-12-19,6.119027137756348
2013-12-20,6.078453063964844
2013-12-23,6.059126377105713
2013-12-26,6.057680606842041
2013-12-27,6.11038875579834
2013-12-30,6.237273693084717
2014-01-02,6.192381858825684
2014-01-03,6.053458213806152
2014-01-06,6.094482421875
2014-01-07,5.979231834411621
2014-01-08,5.961653232574463
2014-01-09,5.7780303955078125
2014-01-10,5.869844913482666
2014-01-13,5.781940937042236
2014-01-14,5.826871871948242
2014-01-15,5.86593770980835
2014-01-16,5.795619964599609
2014-01-17,5.707717418670654
2014-01-20,5.651069164276123
2014-01-21,5.75850248336792
2014-01-22,5.824918270111084
2014-01-23,5.65302038192749
2014-01-24,5.584653377532959
2014-01-27,5.586606025695801
2014-01-28,5.604189395904541
2014-01-29,5.5280070304870605
2014-01-30,5.5280070304870605
2014-01-31,5.606142520904541
2014-02-03,5.338531017303467
2014-02-04,5.520084857940674
2014-02-05,5.436033248901367
2014-02-06,5.600229740142822
2014-02-07,5.658873081207275
2014-02-10,5.570909023284912
2014-02-11,5.6897406578063965
2014-02-12,5.589365005493164
2014-02-13,5.599210262298584
2014-02-14,5.6720290184021
2014-02-17,5.624793529510498
2014-02-18,5.5342631340026855
2014-02-19,5.6385698318481445
2014-02-20,5.603142261505127
2014-02-21,5.766496181488037
2014-02-24,5.794049263000488
2014-02-25,5.589365005493164
2014-02-26,5.599210262298584
2014-02-27,5.746817111968994
2014-02-28,5.736974239349365
2014-03-05,5.61495304107666
2014-03-06,5.83726167678833
2014-03-07,5.754547119140625
2014-03-10,5.636384010314941
2014-03-11,5.61472225189209
2014-03-12,5.634410381317139
2014-03-13,5.543825149536133
2014-03-14,5.488677978515625
2014-03-17,5.5753350257873535
2014-03-18,5.701371669769287
2014-03-19,5.778179168701172
2014-03-20,5.898309230804443
2014-03-21,5.789992332458496
2014-03-24,6.00662899017334
2014-03-25,6.036169528961182
2014-03-26,6.21341609954834
2014-03-27,6.5777482986450195
2014-03-28,6.542301654815674
2014-03-31,6.619105339050293
2014-04-01,6.646675109863281
2014-04-02,6.896695613861084
2014-04-03,6.741028785705566
2014-04-04,6.526249885559082
2014-04-07,6.8986711502075195
2014-04-08,6.689794540405273
2014-04-09,6.607038497924805
2014-04-10,6.614919185638428
2014-04-11,6.778468132019043
2014-04-14,6.7114715576171875
2014-04-15,6.60112190246582
2014-04-16,6.670091152191162
2014-04-17,6.861227512359619
2014-04-22,6.829699516296387
2014-04-23,6.758761882781982
2014-04-24,6.890789031982422
2014-04-25,6.839552879333496
2014-04-28,6.841525077819824
2014-04-29,6.908519744873047
2014-04-30,6.772556781768799
2014-05-02,6.928220748901367
2014-05-05,7.048259258270264
2014-05-06,7.087687969207764
2014-05-07,7.156688690185547
2014-05-08,7.052197456359863
2014-05-09,6.967424392700195
2014-05-12,6.983190536499023
2014-05-13,6.9812211990356445
2014-05-14,7.129086971282959
2014-05-15,7.034457683563232
2014-05-16,7.077824115753174
2014-05-19,7.0324835777282715
2014-05-20,6.900388717651367
2014-05-21,6.782098770141602
2014-05-22,6.762382984161377
2014-05-23,6.677608966827393
2014-05-26,6.651973724365234
2014-05-27,6.5297441482543945
2014-05-28,6.547487735748291
2014-05-29,6.456792831420898
2014-05-30,6.336527347564697
2014-06-02,6.375960350036621
2014-06-03,6.361917018890381
2014-06-04,6.292872428894043
2014-06-05,6.233694553375244
2014-06-06,6.592724800109863
2014-06-09,6.695303440093994
2014-06-10,6.776183605194092
2014-06-11,6.890599727630615
2014-06-13,6.83930778503418
2014-06-16,6.801828861236572
2014-06-17,6.726866245269775
2014-06-18,6.943866729736328
2014-06-20,6.855086326599121
2014-06-23,6.744618892669678
2014-06-24,6.857059001922607
2014-06-25,6.59687614440918
2014-06-26,6.610757350921631
2014-06-27,6.525470733642578
2014-06-30,6.394565582275391
2014-07-01,6.424317359924316
2014-07-02,6.406222820281982
2014-07-03,6.586820125579834
2014-07-04,6.531253337860107
2014-07-07,6.5114054679870605
2014-07-08,6.509420394897461
2014-07-10,6.783291339874268
2014-07-11,6.775355815887451
2014-07-14,7.069073677062988
2014-07-15,7.045255661010742
2014-07-16,6.906337738037109
2014-07-17,6.957937240600586
2014-07-18,7.243713855743408
2014-07-21,7.243713855743408
2014-07-22,7.239748477935791
2014-07-23,7.2179107666015625
2014-07-24,7.21394681930542
2014-07-25,7.198068141937256
2014-07-28,7.1940999031066895
2014-07-29,7.114711284637451
2014-07-30,7.001594543457031
2014-07-31,7.021441459655762
2014-08-01,7.009535789489746
2014-08-04,7.1582231521606445
2014-08-05,7.070847988128662
2014-08-06,7.086737632751465
2014-08-07,6.999363899230957
2014-08-08,6.9457550048828125
2014-08-11,7.1899919509887695
2014-08-12,7.188002586364746
2014-08-13,7.1602091789245605
2014-08-14,7.299198150634766
2014-08-15,7.338916778564453
2014-08-18,7.346852779388428
2014-08-19,7.636758327484131
2014-08-20,7.595058441162109
2014-08-21,7.66455602645874
2014-08-22,7.585137367248535
2014-08-25,7.743978500366211
2014-08-26,7.670514106750488
2014-08-27,7.91276216506958
2014-08-28,7.946518898010254
2014-08-29,8.002114295959473
2014-09-01,7.938575267791748
2014-09-02,8.133018493652344
2014-09-03,8.041638374328613
2014-09-04,7.850927829742432
2014-09-05,7.916485786437988
2014-09-08,7.658230781555176
2014-09-09,7.660213947296143
2014-09-10,7.5688300132751465
2014-09-11,7.570818901062012
2014-09-12,7.334425926208496
2014-09-15,7.586711406707764
2014-09-16,7.717823505401611
2014-09-17,7.701934814453125
2014-09-18,7.543006896972656
2014-09-19,7.479441165924072
2014-09-22,7.449639320373535
2014-09-23,7.386068820953369
2014-09-24,7.4635467529296875
2014-09-25,7.278792381286621
2014-09-26,7.570818901062012
2014-09-29,7.042393207550049
2014-09-30,6.952996253967285
2014-10-01,6.7225542068481445
2014-10-02,6.855495929718018
2014-10-03,6.976738929748535
2014-10-06,7.515396595001221
2014-10-07,7.475645065307617
2014-10-08,7.294767379760742
2014-10-09,7.414028167724609
2014-10-10,7.121834754943848
2014-10-13,7.588939666748047
2014-10-14,7.590928077697754
2014-10-15,7.233147621154785
2014-10-16,6.982695579528809
2014-10-17,7.28085470199585
2014-10-20,7.141719341278076
2014-10-21,6.744181156158447
2014-10-22,6.744181156158447
2014-10-23,6.461933612823486
2014-10-24,6.537457466125488
2014-10-27,6.330747604370117
2014-10-28,6.6110053062438965
2014-10-29,6.418203830718994
2014-10-30,6.9151201248168945
2014-10-31,7.251041412353516
2014-11-03,7.068171977996826
2014-11-04,7.215094566345215
2014-11-05,7.040088176727295
2014-11-06,6.914801597595215
2014-11-07,6.960541248321533
2014-11-10,6.9525861740112305
2014-11-11,7.03412389755249
2014-11-12,6.960541248321533
2014-11-13,6.775590419769287
2014-11-14,6.871049880981445
2014-11-17,6.702004432678223
2014-11-18,7.018212795257568
2014-11-19,7.284704685211182
2014-11-21,7.760011672973633
2014-11-24,7.652616500854492
2014-11-25,7.869387626647949
2014-11-26,7.662560939788818
2014-11-27,7.54323673248291
2014-11-28,7.606879234313965
2014-12-01,7.209131240844727
2014-12-02,7.1750664710998535
2014-12-03,7.2526702880859375
2014-12-04,7.085531711578369
2014-12-05,7.143230438232422
2014-12-08,6.914411544799805
2014-12-09,6.924360752105713
2014-12-10,6.846759796142578
2014-12-11,6.980072498321533
2014-12-12,6.5980377197265625
2014-12-15,6.470693111419678
2014-12-16,6.466712951660156
2014-12-17,6.83482027053833
2014-12-18,6.767164707183838
2014-12-19,6.894509792327881
2014-12-22,7.009917259216309
2014-12-23,7.096995830535889
2014-12-26,6.98974609375
2014-12-29,7.044386386871338
2014-12-30,6.945220947265625
2015-01-02,6.918910980224609
2015-01-05,6.833632469177246
2015-01-06,7.015865325927734
2015-01-07,7.325652599334717
2015-01-08,7.34185266494751
2015-01-09,7.084700107574463
2015-01-12,6.965240001678467
2015-01-13,6.894373416900635
2015-01-14,6.975368976593018
2015-01-15,6.92474365234375
2015-01-16,6.942963600158691
2015-01-19,6.760737419128418
2015-01-20,6.7060723304748535
2015-01-21,7.015865325927734
2015-01-22,6.999661922454834
2015-01-23,6.932840347290039
2015-01-26,7.009785175323486
2015-01-27,7.086722373962402
2015-01-28,6.9267754554748535
2015-01-29,6.876149654388428
2015-01-30,6.783008575439453
2015-02-02,6.955113887786865
2015-02-03,7.070355415344238
2015-02-04,7.151390552520752
2015-02-05,7.120999336242676
2015-02-06,7.131128311157227
2015-02-09,7.12302827835083
2015-02-10,7.015857696533203
2015-02-11,6.930419921875
2015-02-12,7.233509063720703
2015-02-13,7.3372578620910645
2015-02-18,7.416586399078369
2015-02-19,7.406421661376953
2015-02-20,7.3698015213012695
2015-02-23,7.447103977203369
2015-02-24,7.565083026885986
2015-02-25,7.685097694396973
2015-02-26,7.589489936828613
2015-02-27,7.595592021942139
2015-03-02,7.432863712310791
2015-03-03,7.448588848114014
2015-03-04,7.38346004486084
2015-03-05,7.326478481292725
2015-03-06,7.232858657836914
2015-03-09,7.141274929046631
2015-03-10,6.9906768798828125
2015-03-11,7.1331353187561035
2015-03-12,6.9703288078308105
2015-03-13,6.89095401763916
2015-03-16,6.939797878265381
2015-03-17,7.2450690269470215
2015-03-18,7.6093621253967285
2015-03-19,7.470967769622803
2015-03-20,7.562553882598877
2015-03-23,7.544234752655029
2015-03-24,7.525918006896973
2015-03-25,7.5299882888793945
2015-03-26,7.342756271362305
2015-03-27,7.067606449127197
2015-03-30,7.19704532623291
2015-03-31,7.358222961425781
2015-04-01,7.607326507568359
2015-04-02,7.770364284515381
2015-04-06,7.777701377868652
2015-04-07,7.723939895629883
2015-04-08,7.785030841827393
2015-04-09,7.623749256134033
2015-04-10,7.684842109680176
2015-04-13,7.6726250648498535
2015-04-14,7.594438552856445
2015-04-15,7.623749256134033
2015-04-16,7.613978385925293
2015-04-17,7.39895486831665
2015-04-20,7.36475133895874
2015-04-22,7.538236618041992
2015-04-23,7.5651164054870605
2015-04-24,7.538236618041992
2015-04-27,7.462482452392578
2015-04-28,7.389180660247803
2015-04-29,7.350080966949463
2015-04-30,7.340306282043457
2015-05-04,7.291444778442383
2015-05-05,7.398340225219727
2015-05-06,7.288317680358887
2015-05-07,7.315213203430176
2015-05-08,7.241868019104004
2015-05-11,7.224756717681885
2015-05-12,7.15873908996582
2015-05-13,7.058499813079834
2015-05-14,7.239422798156738
2015-05-15,7.290770530700684
2015-05-18,7.151401996612549
2015-05-19,7.168519496917725
2015-05-20,7.041384220123291
2015-05-21,6.894691467285156
2015-05-22,6.6697564125061035
2015-05-25,6.733323097229004
2015-05-26,6.571957111358643
2015-05-27,6.7015380859375
2015-05-28,6.6453022956848145
2015-05-29,6.405703067779541
2015-06-01,6.50350284576416
2015-06-02,6.630044460296631
2015-06-03,6.422094821929932
2015-06-05,6.3413567543029785
2015-06-08,6.360928535461426
2015-06-09,6.390284538269043
2015-06-10,6.54442024230957
2015-06-11,6.529740810394287
2015-06-12,6.5003838539123535
2015-06-15,6.539525508880615
2015-06-16,6.642277240753174
2015-06-17,6.649613380432129
2015-06-18,6.796412944793701
2015-06-19,6.678979396820068
2015-06-22,6.774387836456299
2015-06-23,6.757804870605469
2015-06-24,6.8488945960998535
2015-06-25,6.819355010986328
2015-06-26,6.942448616027832
2015-06-29,6.829199314117432
2015-06-30,6.88828182220459
2015-07-01,6.843966007232666
2015-07-02,6.848222255706787
2015-07-03,6.867926597595215
2015-07-06,6.7349019050598145
2015-07-07,6.744752407073975
2015-07-08,6.648686408996582
2015-07-10,6.813730716705322
2015-07-13,6.890097618103027
2015-07-14,6.976314544677734
2015-07-15,7.013268947601318
2015-07-16,6.929512977600098
2015-07-17,6.872852802276611
2015-07-20,6.8235883712768555
2015-07-21,6.796489715576172
2015-07-22,6.779244422912598
2015-07-23,6.473781108856201
2015-07-24,6.483636379241943
2015-07-27,6.505807876586914
2015-07-28,6.624051570892334
2015-07-29,6.796489715576172
2015-07-30,6.7078022956848145
2015-07-31,6.813730716705322
2015-08-03,6.7496819496154785
2015-08-04,6.6824517250061035
2015-08-05,6.714498043060303
2015-08-06,6.689845561981201
2015-08-07,6.519763946533203
2015-08-10,6.569063663482666
2015-08-11,6.571526050567627
2015-08-12,6.396517276763916
2015-08-13,6.307780742645264
2015-08-14,6.260944843292236
2015-08-17,6.147562503814697
2015-08-18,6.2880635261535645
2015-08-19,6.162347316741943
2015-08-20,6.211644649505615
2015-08-21,6.063755035400391
2015-08-24,6.036640644073486
2015-08-25,6.083471298217773
2015-08-26,6.408841609954834
2015-08-27,6.655333518981934
2015-08-28,6.509902477264404
2015-08-31,6.204253196716309
2015-09-01,6.014456272125244
2015-09-02,6.134643077850342
2015-09-03,6.277711391448975
2015-09-04,6.016241550445557
2015-09-08,6.122307300567627
2015-09-09,6.151907920837402
2015-09-10,6.0433735847473145
2015-09-11,6.0557098388671875
2015-09-14,6.3714447021484375
2015-09-15,6.48491096496582
2015-09-16,6.664977550506592
2015-09-17,6.625509262084961
2015-09-18,6.322110176086426
2015-09-21,6.206178188323975
2015-09-22,6.191374778747559
2015-09-23,5.994041442871094
2015-09-24,6.035977363586426
2015-09-25,5.907709121704102
2015-09-28,5.732572555541992
2015-09-29,5.772037982940674
2015-09-30,5.826307773590088
2015-10-01,5.92250919342041
2015-10-02,6.17361307144165
2015-10-05,6.316786766052246
2015-10-06,6.393299102783203
2015-10-07,6.6154656410217285
2015-10-08,6.627810478210449
2015-10-09,6.5784382820129395
2015-10-13,6.210636615753174
2015-10-14,6.2205095291137695
2015-10-15,6.178550720214844
2015-10-16,6.106963634490967
2015-10-19,6.089682102203369
2015-10-20,5.990945816040039
2015-10-21,5.946511268615723
2015-10-22,6.018099308013916
2015-10-23,5.926762580871582
2015-10-26,5.946511268615723
2015-10-27,5.944044589996338
2015-10-28,6.035377502441406
2015-10-29,5.8008713722229
2015-10-30,5.78606653213501
2015-11-03,6.121774673461914
2015-11-04,6.088979721069336
2015-11-05,6.158146381378174
2015-11-06,6.0519304275512695
2015-11-09,5.876547336578369
2015-11-10,5.824675559997559
2015-11-11,5.906187057495117
2015-11-12,5.963001251220703
2015-11-13,5.879016876220703
2015-11-16,5.856787204742432
2015-11-17,6.126035690307617
2015-11-18,6.256954669952393
2015-11-19,6.407637119293213
2015-11-23,6.370576858520508
2015-11-24,6.397750377655029
2015-11-25,6.126035690307617
2015-11-26,6.274243354797363
2015-11-27,6.039578914642334
2015-11-30,5.933362007141113
2015-12-01,5.958061218261719
2015-12-02,5.979630470275879
2015-12-03,6.199634552001953
2015-12-04,6.01917839050293
2015-12-07,6.0043487548828125
2015-12-08,5.90794563293457
2015-12-09,6.090866565704346
2015-12-10,5.851088047027588
2015-12-11,5.7522101402282715
2015-12-14,5.636025905609131
2015-12-15,5.6607513427734375
2015-12-16,5.690412521362305
2015-12-17,5.845819473266602
2015-12-18,5.520956516265869
2015-12-21,5.389873027801514
2015-12-22,5.402721881866455
2015-12-23,5.466979503631592
2015-12-28,5.508103370666504
2015-12-29,5.500395774841309
2015-12-30,5.269067287445068
2016-01-04,5.191958904266357
2016-01-05,5.2324113845825195
2016-01-06,5.139801025390625
2016-01-07,4.975165843963623
2016-01-08,4.964875221252441
2016-01-11,4.869691848754883
2016-01-12,4.903135776519775
2016-01-13,4.885129928588867
2016-01-14,4.939151763916016
2016-01-15,4.725635528564453
2016-01-18,4.699910640716553
2016-01-19,4.692192554473877
2016-01-20,4.720489978790283
2016-01-21,4.746213912963867
2016-01-22,4.7590765953063965
2016-01-26,4.7590765953063965
2016-01-27,4.856831073760986
2016-01-28,4.939151763916016
2016-01-29,5.039478302001953
2016-02-01,5.101217746734619
2016-02-02,4.891952991485596
2016-02-03,5.200924396514893
2016-02-04,5.548506736755371
2016-02-05,5.376001834869385
2016-02-10,5.41204833984375
2016-02-11,5.319360733032227
2016-02-12,5.337384223937988
2016-02-15,5.3605570793151855
2016-02-16,5.509890556335449
2016-02-17,5.558805465698242
2016-02-18,5.540786266326904
2016-02-19,5.5613813400268555
2016-02-22,5.870347499847412
2016-02-23,5.8265767097473145
2016-02-24,5.829150199890137
2016-02-25,5.8368754386901855
2016-02-26,5.7879533767700195
2016-02-29,5.991360664367676
2016-03-01,6.140695571899414
2016-03-02,6.312618732452393
2016-03-03,6.727444171905518
2016-03-04,7.255642890930176
2016-03-07,7.129390716552734
2016-03-08,7.219573020935059
2016-03-09,7.183501243591309
2016-03-10,7.417963027954102
2016-03-11,7.701388359069824
2016-03-14,7.644707202911377
2016-03-15,7.224721908569336
2016-03-16,7.0366315841674805
2016-03-17,7.886900901794434
2016-03-18,7.886900901794434
2016-03-21,8.051803588867188
2016-03-22,8.044074058532715
2016-03-23,7.78641414642334
2016-03-24,7.603478908538818
2016-03-28,7.85340690612793
2016-03-29,8.028614044189453
2016-03-30,8.028614044189453
2016-03-31,7.750345230102539
2016-04-01,7.915243148803711
2016-04-04,7.7134480476379395
2016-04-05,7.716033458709717
2016-04-06,7.494317054748535
2016-04-07,7.587126731872559
2016-04-08,7.914536952972412
2016-04-11,8.027970314025879
2016-04-12,8.257411003112793
2016-04-13,8.355376243591309
2016-04-14,8.213584899902344
2016-04-15,8.200692176818848
2016-04-18,8.172853469848633
2016-04-19,8.101957321166992
2016-04-20,8.008377075195312
2016-04-22,7.93181037902832
2016-04-25,7.80136251449585
2016-04-26,8.045242309570312
2016-04-27,8.235241889953613
2016-04-28,8.101957321166992
2016-04-29,7.96583890914917
2016-05-02,7.852407455444336
2016-05-03,7.658670425415039
2016-05-04,7.925402641296387
2016-05-05,7.735282897949219
2016-05-06,7.766499996185303
2016-05-09,7.865815162658691
2016-05-10,8.107007026672363
2016-05-11,8.087143898010254
2016-05-12,8.28010368347168
2016-05-13,7.942431926727295
2016-05-16,7.837437629699707
2016-05-17,7.613269805908203
2016-05-18,7.618941783905029
2016-05-19,7.488418102264404
2016-05-20,7.408966064453125
2016-05-23,7.343696117401123
2016-05-24,7.39761209487915
2016-05-25,7.346537113189697
2016-05-27,7.247218132019043
2016-05-30,7.221680641174316
2016-05-31,6.9549455642700195
2016-06-01,7.031564712524414
2016-06-02,7.155718803405762
2016-06-03,7.286340713500977
2016-06-06,7.226707935333252
2016-06-07,7.243747234344482
2016-06-08,7.4027605056762695
2016-06-09,7.416962623596191
2016-06-10,7.186956882476807
2016-06-13,7.277822017669678
2016-06-14,7.164244651794434
2016-06-15,7.127326965332031
2016-06-16,7.223872184753418
2016-06-17,7.238068103790283
2016-06-20,7.343125343322754
2016-06-21,7.425478935241699
2016-06-22,7.451040267944336
2016-06-23,7.651841640472412
2016-06-24,7.520356178283691
2016-06-27,7.3231282234191895
2016-06-28,7.491776466369629
2016-06-29,7.6118292808532715
2016-06-30,7.720444202423096
2016-07-01,7.791907787322998
2016-07-04,7.773959159851074
2016-07-05,7.71674919128418
2016-07-06,7.679569244384766
2016-07-07,7.711032390594482
2016-07-08,7.876922607421875
2016-07-11,7.8940839767456055
2016-07-12,7.905523777008057
2016-07-13,8.025651931762695
2016-07-14,8.294510841369629
2016-07-15,8.334552764892578
2016-07-18,8.468976974487305
2016-07-19,8.451818466186523
2016-07-20,8.523321151733398
2016-07-21,8.480423927307129
2016-07-22,8.494721412658691
2016-07-25,8.43751335144043
2016-07-26,8.408915519714355
2016-07-27,8.440376281738281
2016-07-28,8.197261810302734
2016-07-29,8.354574203491211
2016-08-01,8.43751335144043
2016-08-02,8.316534042358398
2016-08-03,8.388079643249512
2016-08-04,8.554068565368652
2016-08-05,8.534032821655273
2016-08-08,8.51400089263916
2016-08-09,8.54834270477295
2016-08-10,8.299365043640137
2016-08-11,8.499686241149902
2016-08-12,8.531171798706055
2016-08-15,8.66281795501709
2016-08-16,8.5512056350708
2016-08-17,8.602715492248535
2016-08-18,8.594133377075195
2016-08-19,8.531171798706055
2016-08-22,8.310806274414062
2016-08-23,8.193471908569336
2016-08-24,8.184884071350098
2016-08-25,8.199197769165039
2016-08-26,8.224953651428223
2016-08-29,8.445313453674316
2016-08-30,8.4739351272583
2016-08-31,8.327983856201172
2016-09-01,8.348012924194336
2016-09-02,8.579170227050781
2016-09-05,8.627850532531738
2016-09-06,8.682262420654297
2016-09-08,8.676535606384277
2016-09-09,8.218368530273438
2016-09-12,8.226956367492676
2016-09-13,7.96065092086792
2016-09-14,7.954918384552002
2016-09-15,8.060870170593262
2016-09-16,7.846105575561523
2016-09-19,7.929147720336914
2016-09-20,8.043689727783203
2016-09-21,8.178275108337402
2016-09-22,8.232680320739746
2016-09-23,8.232680320739746
2016-09-26,8.172547340393066
2016-09-27,8.209775924682617
2016-09-28,8.258454322814941
2016-09-29,8.106688499450684
2016-09-30,8.118146896362305
2016-10-03,8.302579879760742
2016-10-04,8.392428398132324
2016-10-05,8.518167495727539
2016-10-06,8.556187629699707
2016-10-07,8.687769889831543
2016-10-10,8.737483978271484
2016-10-11,8.743328094482422
2016-10-13,8.757950782775879
2016-10-14,8.819364547729492
2016-10-17,8.91293716430664
2016-10-18,9.135176658630371
2016-10-19,9.073762893676758
2016-10-20,9.123476028442383
2016-10-21,9.044519424438477
2016-10-24,8.953873634338379
2016-10-25,8.918779373168945
2016-10-26,8.904163360595703
2016-10-27,9.03575325012207
2016-10-28,9.006513595581055
2016-10-31,9.278460502624512
2016-11-01,9.050371170043945
2016-11-03,8.865242958068848
2016-11-04,8.818428039550781
2016-11-07,9.111006736755371
2016-11-08,9.178305625915527
2016-11-09,8.985199928283691
2016-11-10,8.423444747924805
2016-11-11,8.154266357421875
2016-11-14,8.127933502197266
2016-11-16,8.294711112976074
2016-11-17,8.154266357421875
2016-11-18,8.283004760742188
2016-11-21,8.329813957214355
2016-11-22,8.484889030456543
2016-11-23,8.540477752685547
2016-11-24,8.443925857543945
2016-11-25,8.467329978942871
2016-11-28,8.546326637268066
2016-11-29,8.367851257324219
2016-11-30,8.52585220336914
2016-12-01,8.028453826904297
2016-12-02,8.071561813354492
2016-12-05,8.077418327331543
2016-12-06,8.194528579711914
2016-12-07,8.08034896850586
2016-12-08,8.133045196533203
2016-12-09,8.220876693725586
2016-12-12,8.124261856079102
2016-12-13,8.150609970092773
2016-12-14,8.045218467712402
2016-12-15,8.051070213317871
2016-12-16,8.15646743774414
2016-12-19,7.989592552185059
2016-12-20,8.051070213317871
2016-12-21,7.904688835144043
2016-12-22,7.891899108886719
2016-12-23,8.081066131591797
2016-12-26,8.246588706970215
2016-12-27,8.267276763916016
2016-12-28,8.459403991699219
2016-12-29,8.613104820251465
2017-01-02,8.518521308898926
2017-01-03,8.863741874694824
2017-01-04,8.86077880859375
2017-01-05,8.911059379577637
2017-01-06,8.979082107543945
2017-01-09,9.020484924316406
2017-01-10,9.020484924316406
2017-01-11,8.931760787963867
2017-01-12,9.144707679748535
2017-01-13,9.09738540649414
2017-01-16,9.132872581481934
2017-01-17,9.328073501586914
2017-01-18,9.227514266967773
2017-01-19,9.286663055419922
2017-01-20,9.319198608398438
2017-01-23,9.576504707336426
2017-01-24,9.558759689331055
2017-01-26,9.724385261535645
2017-01-27,9.671146392822266
2017-01-30,9.526222229003906
2017-01-31,9.50551986694336
2017-02-01,9.472991943359375
2017-02-02,9.238408088684082
2017-02-03,9.46033763885498
2017-02-06,9.267997741699219
2017-02-07,9.315340995788574
2017-02-08,9.34197998046875
2017-02-09,9.318304061889648
2017-02-10,9.35085678100586
2017-02-13,9.336050987243652
2017-02-14,9.262083053588867
2017-02-15,9.439629554748535
2017-02-16,9.42187213897705
2017-02-17,9.433707237243652
2017-02-20,9.469215393066406
2017-02-21,9.75625228881836
2017-02-22,9.95747184753418
2017-02-23,9.78584098815918
2017-02-24,9.655644416809082
2017-03-01,9.439629554748535
2017-03-02,9.344071388244629
2017-03-03,9.474337577819824
2017-03-06,9.518745422363281
2017-03-07,9.44473648071289
2017-03-08,9.347031593322754
2017-03-09,9.385517120361328
2017-03-10,9.465459823608398
2017-03-13,9.57796859741211
2017-03-14,9.450653076171875
2017-03-15,9.59869384765625
2017-03-16,9.592771530151367
2017-03-17,9.376635551452637
2017-03-20,9.619418144226074
2017-03-21,9.281892776489258
2017-03-22,9.225641250610352
2017-03-23,9.28781509399414
2017-03-24,9.4358491897583
2017-03-27,9.509867668151855
2017-03-28,9.619418144226074
2017-03-29,9.651982307434082
2017-03-30,9.607575416564941
2017-03-31,9.489140510559082
2017-04-03,9.589807510375977
2017-04-04,9.663054466247559
2017-04-05,9.408291816711426
2017-04-06,9.322385787963867
2017-04-07,9.328315734863281
2017-04-10,9.363862991333008
2017-04-11,9.396446228027344
2017-04-12,9.334238052368164
2017-04-13,9.07947826385498
2017-04-17,9.434955596923828
2017-04-18,9.437918663024902
2017-04-19,9.289803504943848
2017-04-20,9.186119079589844
2017-04-24,9.36090087890625
2017-04-25,9.390518188476562
2017-04-26,9.42013931274414
2017-04-27,9.70156478881836
2017-04-28,9.642317771911621
2017-05-02,9.971128463745117
2017-05-03,9.869166374206543
2017-05-04,9.66701889038086
2017-05-05,9.715927124023438
2017-05-08,9.657238960266113
2017-05-09,9.696365356445312
2017-05-10,9.901765823364258
2017-05-11,9.898512840270996
2017-05-12,10.074567794799805
2017-05-15,10.05500602722168
2017-05-16,10.041966438293457
2017-05-17,9.781136512756348
2017-05-18,8.509584426879883
2017-05-19,8.770414352416992
2017-05-22,8.620439529418945
2017-05-23,8.708466529846191
2017-05-24,8.770414352416992
2017-05-25,8.763898849487305
2017-05-26,8.982338905334473
2017-05-29,8.982338905334473
2017-05-30,9.03124713897705
2017-05-31,8.819323539733887
2017-06-01,8.770414352416992
2017-06-02,8.645545959472656
2017-06-05,8.66186237335205
2017-06-06,8.74341869354248
2017-06-07,8.88044261932373
2017-06-08,8.782569885253906
2017-06-09,8.642282485961914
2017-06-12,8.53136157989502
2017-06-13,8.521573066711426
2017-06-14,8.80866527557373
2017-06-15,8.80866527557373
2017-06-16,8.583559036254883
2017-06-19,8.7271089553833
2017-06-20,8.648809432983398
2017-06-21,8.586820602416992
2017-06-22,8.687956809997559
2017-06-23,8.586820602416992
2017-06-26,8.88044261932373
2017-06-27,8.798880577087402
2017-06-28,8.851080894470215
2017-06-29,8.864131927490234
2017-06-30,9.004414558410645
2017-07-03,9.093875885009766
2017-07-04,9.086404800415039
2017-07-05,9.10611343383789
2017-07-06,8.925436973571777
2017-07-07,8.961572647094727
2017-07-10,9.099543571472168
2017-07-11,9.224372863769531
2017-07-12,9.628432273864746
2017-07-13,9.736841201782227
2017-07-14,9.85181999206543
2017-07-17,9.782830238342285
2017-07-18,9.901092529296875
2017-07-19,9.77297306060791
2017-07-20,9.68756103515625
2017-07-21,9.68756103515625
2017-07-24,9.749984741210938
2017-07-25,9.910951614379883
2017-07-26,9.77297306060791
2017-07-27,9.674423217773438
2017-07-28,9.77297306060791
2017-07-31,9.904378890991211
2017-08-01,9.953653335571289
2017-08-02,10.057926177978516
2017-08-03,9.873865127563477
2017-08-04,9.946172714233398
2017-08-07,10.113811492919922
2017-08-08,10.156535148620605
2017-08-09,10.08422565460205
2017-08-10,10.057926177978516
2017-08-11,10.16310977935791
2017-08-14,10.330739974975586
2017-08-15,10.396482467651367
2017-08-16,10.288013458251953
2017-08-17,10.149962425231934
2017-08-18,10.531249046325684
2017-08-21,10.412914276123047
2017-08-22,10.807343482971191
2017-08-23,10.846786499023438
2017-08-24,10.823773384094238
2017-08-25,10.882939338684082
2017-08-28,10.781045913696289
2017-08-29,10.928955078125
2017-08-30,10.725168228149414
2017-08-31,10.600268363952637
2017-09-01,10.810633659362793
2017-09-04,10.688042640686035
2017-09-05,10.694625854492188
2017-09-06,10.918257713317871
2017-09-07,10.918257713317871
2017-09-08,10.951135635375977
2017-09-11,11.181337356567383
2017-09-12,11.0761079788208
2017-09-13,11.181337356567383
2017-09-14,11.155037879943848
2017-09-15,11.474031448364258
2017-09-18,11.385239601135254
2017-09-19,11.480600357055664
2017-09-20,11.388526916503906
2017-09-21,11.28000259399414
2017-09-22,11.283283233642578
2017-09-25,11.115570068359375
2017-09-26,11.053083419799805
2017-09-27,10.96757984161377
2017-09-28,10.819588661193848
2017-09-29,10.98402214050293
2017-10-02,11.122145652770996
2017-10-03,11.680595397949219
2017-10-04,11.516077041625977
2017-10-05,11.539112091064453
2017-10-06,11.470013618469238
2017-10-09,11.483174324035645
2017-10-10,11.618083000183105
2017-10-11,11.611496925354004
2017-10-12,11.611496925354004
2017-10-13,11.476591110229492
2017-10-16,11.3844633102417
2017-10-17,11.312077522277832
2017-10-18,11.269307136535645
2017-10-19,11.269307136535645
2017-10-20,11.226529121398926
2017-10-23,11.091628074645996
2017-10-24,11.229820251464844
2017-10-25,11.187047004699707
2017-10-26,11.02911376953125
2017-10-27,11.088335037231445
2017-10-30,10.910656929016113
2017-10-31,10.785633087158203
2017-11-01,10.496084213256836
2017-11-02,10.496084213256836
2017-11-03,10.47542667388916
2017-11-06,10.47542667388916
2017-11-07,10.12646484375
2017-11-08,10.402997016906738
2017-11-09,10.04086685180664
2017-11-10,10.08366870880127
2017-11-13,10.04086685180664
2017-11-14,9.879559516906738
2017-11-15,9.879559516906738
2017-11-16,10.096832275390625
2017-11-17,10.347026824951172
2017-11-20,10.347026824951172
2017-11-21,10.52480697631836
2017-11-22,10.402997016906738
2017-11-23,10.330572128295898
2017-11-24,10.205471992492676
2017-11-27,10.271313667297363
2017-11-28,10.221930503845215
2017-11-29,10.106710433959961
2017-11-30,10.001365661621094
2017-12-01,10.060619354248047
2017-12-04,10.125596046447754
2017-12-05,9.997125625610352
2017-12-06,10.135480880737305
2017-12-07,10.046539306640625
2017-12-08,10.046539306640625
2017-12-11,10.053121566772461
2017-12-12,10.257354736328125
2017-12-13,10.102538108825684
2017-12-14,10.003713607788086
2017-12-15,9.97736644744873
2017-12-18,9.997125625610352
2017-12-19,9.904895782470703
2017-12-20,9.997125625610352
2017-12-21,10.349583625793457
2017-12-22,10.408873558044434
2017-12-25,10.408873558044434
2017-12-26,10.531862258911133
2017-12-27,10.59935474395752
2017-12-28,10.818693161010742
2017-12-29,10.818693161010742
2018-01-02,10.892935752868652
2018-01-03,10.939281463623047
2018-01-04,11.138470649719238
2018-01-05,11.141851425170898
2018-01-08,11.141851425170898
2018-01-09,11.057441711425781
2018-01-10,10.986544609069824
2018-01-11,11.141851425170898
2018-01-12,11.141851425170898
2018-01-15,11.168865203857422
2018-01-16,11.354562759399414
2018-01-17,11.702326774597168
2018-01-18,11.74958610534668
2018-01-19,11.817117691040039
2018-01-22,12.05345630645752
2018-01-23,12.060216903686523
2018-01-24,12.894158363342285
2018-01-25,12.894158363342285
2018-01-26,13.48839282989502
2018-01-29,13.100115776062012
2018-01-30,13.167643547058105
2018-01-31,13.279070854187012
2018-02-01,12.89753246307373
2018-02-02,12.582473754882812
2018-02-05,12.302109718322754
2018-02-06,12.660163879394531
2018-02-07,12.346020698547363
2018-02-08,11.98121166229248
2018-02-09,11.937307357788086
2018-02-14,12.29534912109375
2018-02-15,12.376420021057129
2018-02-16,12.315621376037598
2018-02-19,12.29534912109375
2018-02-20,12.592608451843262
2018-02-21,12.832428932189941
2018-02-22,12.96754264831543
2018-02-23,12.950655937194824
2018-02-26,12.923630714416504
2018-02-27,12.83580493927002
2018-02-28,12.440598487854004
2018-03-01,12.53518295288086
2018-03-02,12.686328887939453
2018-03-05,12.85867977142334
2018-03-06,12.993851661682129
2018-03-07,12.588327407836914
2018-03-08,12.385549545288086
2018-03-09,12.672801971435547
2018-03-12,12.8248872756958
2018-03-13,12.642395973205566
2018-03-14,12.57142162322998
2018-03-15,12.287557601928711
2018-03-16,12.345008850097656
2018-03-19,12.277416229248047
2018-03-20,12.257137298583984
2018-03-21,12.368657112121582
2018-03-22,12.554533004760742
2018-03-23,12.706604957580566
2018-03-26,12.82825756072998
2018-03-27,12.561286926269531
2018-03-28,12.682948112487793
2018-03-29,13.00061321258545
2018-04-02,12.676187515258789
2018-04-03,12.853689193725586
2018-04-04,12.905755043029785
2018-04-05,12.664007186889648
2018-04-06,12.567301750183105
2018-04-09,11.957350730895996
2018-04-10,12.068936347961426
2018-04-11,12.366461753845215
2018-04-12,12.11356258392334
2018-04-13,11.845769882202148
2018-04-16,11.421780586242676
2018-04-17,11.66353702545166
2018-04-18,11.990829467773438
2018-04-19,12.06148624420166
2018-04-20,11.92016315460205
2018-04-23,11.94991683959961
2018-04-24,11.864375114440918
2018-04-25,12.046615600585938
2018-04-26,12.068936347961426
2018-04-27,12.098682403564453
2018-04-30,11.864375114440918
2018-05-02,11.674690246582031
2018-05-03,11.535979270935059
2018-05-04,11.495047569274902
2018-05-07,11.349913597106934
2018-05-08,11.379683494567871
2018-05-09,11.39456844329834
2018-05-10,11.677387237548828
2018-05-11,11.424341201782227
2018-05-14,11.227110862731934
2018-05-15,11.163848876953125
2018-05-16,11.39456844329834
2018-05-17,10.776837348937988
2018-05-18,10.843822479248047
2018-05-21,10.494019508361816
2018-05-22,10.765669822692871
2018-05-23,10.456807136535645
2018-05-24,10.490299224853516
2018-05-25,10.270742416381836
2018-05-28,9.917222023010254
2018-05-29,9.831634521484375
2018-05-30,9.705107688903809
2018-06-01,10.084680557250977
2018-06-04,10.202811241149902
2018-06-05,9.733633995056152
2018-06-06,9.48042106628418
2018-06-07,9.29051399230957
2018-06-08,9.327751159667969
2018-06-11,9.137845993041992
2018-06-12,9.08944034576416
2018-06-13,8.929319381713867
2018-06-14,8.471312522888184
2018-06-15,8.687285423278809
2018-06-18,8.452693939208984
2018-06-19,8.825058937072754
2018-06-20,8.880914688110352
2018-06-21,8.605360984802246
2018-06-22,8.787822723388672
2018-06-25,8.73196792602539
2018-06-26,8.739418983459473
2018-06-27,8.609086990356445
2018-06-28,8.880914688110352
2018-06-29,9.078269004821777
2018-07-02,9.022937774658203
2018-07-03,9.250831604003906
2018-07-04,9.442230224609375
2018-07-05,9.382183074951172
2018-07-06,9.45348834991455
2018-07-10,9.303375244140625
2018-07-11,9.27334976196289
2018-07-12,9.494767189025879
2018-07-13,9.66364860534668
2018-07-16,9.738707542419434
2018-07-17,10.076465606689453
2018-07-18,9.881315231323242
2018-07-19,9.847538948059082
2018-07-20,10.320403099060059
2018-07-23,10.264106750488281
2018-07-24,10.511802673339844
2018-07-25,10.770748138427734
2018-07-26,10.399213790893555
2018-07-27,10.474264144897461
2018-07-30,10.658156394958496
2018-07-31,10.46300983428955
2018-08-01,10.620633125305176
2018-08-02,10.582047462463379
2018-08-03,10.784823417663574
2018-08-06,10.664657592773438
2018-08-07,10.431842803955078
2018-08-08,10.240325927734375
2018-08-09,10.07509994506836
2018-08-10,9.549379348754883
2018-08-13,9.782197952270508
2018-08-14,9.91738510131836
2018-08-15,9.853549003601074
2018-08-16,9.688316345214844
2018-08-17,9.429208755493164
2018-08-20,9.440475463867188
2018-08-21,9.125042915344238
2018-08-22,9.425461769104004
2018-08-23,9.18136978149414
2018-08-24,9.256471633911133
2018-08-27,9.575664520263672
2018-08-28,9.662028312683105
2018-08-29,9.714606285095215
2018-08-30,9.342844009399414
2018-08-31,9.429208755493164
2018-09-03,9.32031536102295
2018-09-04,9.033687591552734
2018-09-05,9.08629322052002
2018-09-06,9.349347114562988
2018-09-10,9.356853485107422
2018-09-11,9.018656730651855
2018-09-12,9.048717498779297
2018-09-13,9.033687591552734
2018-09-14,9.127635955810547
2018-09-17,9.383159637451172
2018-09-18,9.548503875732422
2018-09-19,9.548503875732422
2018-09-20,9.522194862365723
2018-09-21,9.717604637145996
2018-09-24,9.39443302154541
2018-09-25,9.499650955200195
2018-09-26,9.642446517944336
2018-09-27,9.86039924621582
2018-09-28,9.67626667022705
2018-10-01,9.597358703613281
2018-10-02,10.265652656555176
2018-10-03,10.762020111083984
2018-10-04,10.67176628112793
2018-10-05,10.359664916992188
2018-10-08,10.904906272888184
2018-10-09,10.919951438903809
2018-10-10,10.453673362731934
2018-10-11,10.513842582702637
2018-10-15,10.622884750366211
2018-10-16,11.070361137390137
2018-10-17,11.074122428894043
2018-10-18,10.731935501098633
2018-10-19,10.750740051269531
2018-10-22,10.878585815429688
2018-10-23,10.908666610717773
2018-10-24,10.600319862365723
2018-10-25,11.055323600769043
2018-10-26,11.179415702819824
2018-10-29,10.950031280517578
2018-10-30,11.435111045837402
2018-10-31,11.374951362609863
2018-11-01,11.9728364944458
2018-11-05,12.415763854980469
2018-11-06,12.20130443572998
2018-11-07,12.152392387390137
2018-11-08,11.70467472076416
2018-11-09,11.964278221130371
2018-11-12,11.983094215393066
2018-11-13,11.73100757598877
2018-11-14,11.851408958435059
2018-11-16,12.509822845458984
2018-11-19,12.366847038269043
2018-11-21,12.250214576721191
2018-11-22,12.2765531539917
2018-11-23,12.302886009216309
2018-11-26,12.039525985717773
2018-11-27,12.528633117675781
2018-11-28,12.93496036529541
2018-11-29,13.025261878967285
2018-11-30,12.637741088867188
2018-12-03,12.596351623535156
2018-12-04,12.610380172729492
2018-12-05,12.65554428100586
2018-12-06,12.832464218139648
2018-12-07,12.666841506958008
2018-12-10,12.38075065612793
2018-12-11,12.42593002319336
2018-12-12,12.535091400146484
2018-12-13,12.896461486816406
2018-12-14,12.738359451293945
2018-12-17,12.478623390197754
2018-12-18,12.681893348693848
2018-12-19,12.478623390197754
2018-12-20,12.610380172729492
2018-12-21,12.520031929016113
2018-12-26,12.475401878356934
2018-12-27,12.79036808013916
2018-12-28,13.001615524291992
2019-01-02,13.739080429077148
2019-01-03,14.02623462677002
2019-01-04,13.71881103515625
2019-01-07,13.834100723266602
2019-01-08,13.987811088562012
2019-01-09,14.279854774475098
2019-01-10,14.322129249572754
2019-01-11,14.26448917388916
2019-01-14,14.279854774475098
2019-01-15,14.333661079406738
2019-01-16,14.410518646240234
2019-01-17,14.468157768249512
2019-01-18,14.641082763671875
2019-01-21,14.387455940246582
2019-01-22,14.375933647155762
2019-01-23,14.64876651763916
2019-01-24,14.86396598815918
2019-01-28,15.213666915893555
2019-01-29,14.798646926879883
2019-01-30,14.917765617370605
2019-01-31,15.471122741699219
2019-02-01,15.286674499511719
2019-02-04,15.62009048461914
2019-02-05,15.608551025390625
2019-02-06,14.866561889648438
2019-02-07,15.081864356994629
2019-02-08,15.473993301391602
2019-02-11,15.17412281036377
2019-02-12,15.500909805297852
2019-02-13,15.370194435119629
2019-02-14,15.893043518066406
2019-02-15,15.681597709655762
2019-02-18,15.320213317871094
2019-02-19,15.570107460021973
2019-02-20,15.270235061645508
2019-02-21,15.45477294921875
2019-02-22,15.424016952514648
2019-02-25,15.316376686096191
2019-02-26,15.381723403930664
2019-02-27,15.281769752502441
2019-02-28,14.812748908996582
2019-03-01,14.378317832946777
2019-03-06,14.269560813903809
2019-03-07,14.400341033935547
2019-03-08,14.538808822631836
2019-03-11,15.131129264831543
2019-03-12,15.296507835388184
2019-03-13,15.288824081420898
2019-03-14,15.23497486114502
2019-03-15,15.308059692382812
2019-03-18,15.41959285736084
2019-03-19,15.115745544433594
2019-03-20,14.831119537353516
2019-03-21,14.365723609924316
2019-03-22,13.984942436218262
2019-03-25,14.038797378540039
2019-03-26,14.08495044708252
2019-03-27,13.638782501220703
2019-03-28,14.23110294342041
2019-03-29,14.558042526245117
2019-04-01,14.584959030151367
2019-04-02,14.454395294189453
2019-04-03,14.269661903381348
2019-04-04,14.50056266784668
2019-04-05,14.579076766967773
2019-04-08,14.629860877990723
2019-04-09,14.542129516601562
2019-04-10,14.408210754394531
2019-04-11,14.255812644958496
2019-04-12,14.084944725036621
2019-04-15,13.974113464355469
2019-04-16,13.964884757995605
2019-04-17,13.890984535217285
2019-04-18,14.061851501464844
2019-04-22,14.057234764099121
2019-04-23,14.315851211547852
2019-04-24,14.32046127319336
2019-04-25,14.315851211547852
2019-04-26,14.315851211547852
2019-04-29,14.274291038513184
2019-04-30,14.315851211547852
2019-05-02,14.371261596679688
2019-05-03,14.66108226776123
2019-05-06,14.185172080993652
2019-05-07,13.986478805541992
2019-05-08,14.314544677734375
2019-05-09,14.032690048217773
2019-05-10,13.889451026916504
2019-05-13,13.492073059082031
2019-05-14,13.376565933227539
2019-05-15,13.256436347961426
2019-05-16,13.016159057617188
2019-05-17,13.122435569763184
2019-05-20,13.575252532958984
2019-05-21,14.162059783935547
2019-05-22,13.958758354187012
2019-05-23,13.963377952575684
2019-05-24,13.870967864990234
2019-05-27,14.069650650024414
2019-05-28,14.540948867797852
2019-05-29,14.808945655822754
2019-05-30,15.039971351623535
2019-05-31,15.08617877960205
2019-06-03,15.141627311706543
2019-06-04,15.117234230041504
2019-06-05,14.941571235656738
2019-06-06,15.140352249145508
2019-06-07,15.232812881469727
2019-06-10,15.094121932983398
2019-06-11,15.131105422973633
2019-06-12,15.158845901489258
2019-06-13,14.997036933898926
2019-06-14,14.793627738952637
2019-06-17,14.71041202545166
2019-06-18,14.881463050842285
2019-06-19,15.22818374633789
2019-06-21,15.579545021057129
2019-06-24,15.64889144897461
2019-06-25,15.380757331848145
2019-06-26,15.440850257873535
2019-06-27,15.487076759338379
2019-06-28,15.463953018188477
2019-07-01,15.567370414733887
2019-07-02,15.552148818969727
2019-07-03,15.845065116882324
2019-07-04,16.198415756225586
2019-07-05,16.323949813842773
2019-07-08,16.430871963500977
2019-07-10,16.319299697875977
2019-07-11,16.133325576782227
2019-07-12,15.812507629394531
2019-07-15,15.817169189453125
2019-07-16,15.677678108215332
2019-07-17,15.733465194702148
2019-07-18,16.021738052368164
2019-07-19,15.82181167602539
2019-07-22,15.989191055297852
2019-07-23,15.993837356567383
2019-07-24,16.286752700805664
2019-07-25,15.487060546875
2019-07-26,15.235995292663574
2019-07-29,15.235995292663574
2019-07-30,14.970976829528809
2019-07-31,14.46419906616211
2019-08-01,14.338665962219238
2019-08-02,14.304813385009766
2019-08-05,14.007097244262695
2019-08-06,14.355988502502441
2019-08-07,14.560675621032715
2019-08-08,14.639765739440918
2019-08-09,14.337382316589355
2019-08-12,14.002434730529785
2019-08-13,14.174559593200684
2019-08-14,13.79775619506836
2019-08-15,13.727980613708496
2019-08-16,13.765191078186035
2019-08-19,13.53724193572998
2019-08-20,13.397683143615723
2019-08-21,13.727980613708496
2019-08-22,13.444209098815918
2019-08-23,13.09531021118164
2019-08-26,13.039477348327637
2019-08-27,13.202301979064941
2019-08-28,13.1278657913208
2019-08-29,13.546547889709473
2019-08-30,14.095479011535645
2019-09-02,13.779144287109375
2019-09-03,13.484617233276367
2019-09-04,13.68942928314209
2019-09-05,14.024566650390625
2019-09-06,14.56916332244873
2019-09-09,14.764663696289062
2019-09-10,14.666912078857422
2019-09-11,14.70880126953125
2019-09-12,14.587788581848145
2019-09-13,14.420214653015137
2019-09-16,14.289881706237793
2019-09-17,14.457444190979004
2019-09-18,14.564506530761719
2019-09-19,14.369012832641602
2019-09-20,14.848440170288086
2019-09-23,14.727422714233398
2019-09-24,14.564506530761719
2019-09-25,14.704143524169922
2019-09-26,14.829824447631836
2019-09-27,14.815860748291016
2019-09-30,14.545889854431152
2019-10-01,14.420214653015137
2019-10-02,13.864715576171875
2019-10-03,13.883341789245605
2019-10-04,13.93923568725586
2019-10-07,13.724996566772461
2019-10-08,13.780888557434082
2019-10-09,14.330437660217285
2019-10-10,14.414271354675293
2019-10-11,14.623847007751465
2019-10-14,14.838081359863281
2019-10-15,14.982468605041504
2019-10-16,15.438880920410156
2019-10-17,15.224639892578125
2019-10-18,15.080107688903809
2019-10-21,15.315126419067383
2019-10-22,15.718034744262695
2019-10-23,15.881111145019531
2019-10-24,15.852328300476074
2019-10-25,15.977044105529785
2019-10-28,16.451892852783203
2019-10-29,16.269622802734375
2019-10-30,16.432695388793945
2019-10-31,15.756400108337402
2019-11-01,15.583732604980469
2019-11-04,15.663993835449219
2019-11-05,15.927932739257812
2019-11-06,15.707188606262207
2019-11-07,15.846358299255371
2019-11-08,15.371252059936523
2019-11-11,15.443242073059082
2019-11-12,15.227283477783203
2019-11-13,15.16489315032959
2019-11-14,15.064112663269043
2019-11-18,14.948938369750977
2019-11-19,14.92494010925293
2019-11-21,15.097713470458984
2019-11-22,15.35204792022705
2019-11-25,15.131301879882812
2019-11-26,14.65620231628418
2019-11-27,14.862558364868164
2019-11-28,14.848166465759277
2019-11-29,14.996935844421387
2019-12-02,15.145710945129395
2019-12-03,15.072359085083008
2019-12-04,15.4132719039917
2019-12-05,15.518904685974121
2019-12-06,15.50930404663086
2019-12-09,15.379648208618164
2019-12-10,15.322042465209961
2019-12-11,15.293228149414062
2019-12-12,15.475690841674805
2019-12-13,15.614943504333496
2019-12-16,15.379648208618164
2019-12-17,15.624537467956543
2019-12-18,16.22955322265625
2019-12-19,16.469627380371094
2019-12-20,16.23737144470215
2019-12-23,16.563871383666992
2019-12-26,16.739299774169922
2019-12-27,16.632089614868164
2019-12-30,16.602853775024414
2020-01-02,17.270479202270508
2020-01-03,17.000978469848633
2020-01-06,16.903467178344727
2020-01-07,16.615812301635742
2020-01-08,16.362285614013672
2020-01-09,16.201393127441406
2020-01-10,15.918612480163574
2020-01-13,16.1136417388916
2020-01-14,16.14776039123535
2020-01-15,15.777217864990234
2020-01-16,16.03561782836914
2020-01-17,16.372037887573242
2020-01-20,16.118507385253906
2020-01-21,15.557822227478027
2020-01-22,15.689465522766113
2020-01-23,16.1136417388916
2020-01-24,16.025876998901367
2020-01-27,15.601700782775879
2020-01-28,15.640705108642578
2020-01-29,15.309181213378906
2020-01-30,15.455434799194336
2020-01-31,15.284796714782715
2020-02-03,15.396931648254395
2020-02-04,15.454122543334961
2020-02-05,15.737061500549316
2020-02-06,15.51754093170166
2020-02-07,15.468754768371582
2020-02-10,15.551689147949219
2020-02-11,15.976093292236328
2020-02-12,15.746816635131836
2020-02-13,15.376082420349121
2020-02-14,14.961423873901367
2020-02-17,14.878500938415527
2020-02-18,14.794537544250488
2020-02-19,14.88250732421875
2020-02-20,14.545279502868652
2020-02-21,14.354660987854004
2020-02-26,13.303841590881348
2020-02-27,13.02525520324707
2020-02-28,13.338053703308105
2020-03-02,13.49445629119873
2020-03-03,13.277922630310059
2020-03-04,13.38061809539795
2020-03-05,12.984488487243652
2020-03-06,12.57368278503418
2020-03-09,11.341257095336914
2020-03-10,11.668922424316406
2020-03-11,10.744606018066406
2020-03-12,9.375242233276367
2020-03-13,10.905989646911621
2020-03-16,9.341010093688965
2020-03-17,9.93765640258789
2020-03-18,9.135604858398438
2020-03-19,8.817715644836426
2020-03-20,8.309097290039062
2020-03-23,7.668429851531982
2020-03-24,8.749251365661621
2020-03-25,9.443710327148438
2020-03-26,9.776269912719727
2020-03-27,9.208963394165039
2020-03-30,9.414366722106934
2020-03-31,9.199178695678711
2020-04-01,8.798149108886719
2020-04-02,9.00240421295166
2020-04-03,8.649948120117188
2020-04-06,9.526200294494629
2020-04-07,10.05489444732666
2020-04-08,10.236018180847168
2020-04-09,10.123431205749512
2020-04-13,10.397560119628906
2020-04-14,10.651135444641113
2020-04-15,10.231123924255371
2020-04-16,10.031886100769043
2020-04-17,10.161120414733887
2020-04-20,9.918801307678223
2020-04-22,9.918801307678223
2020-04-23,9.633405685424805
2020-04-24,8.577990531921387
2020-04-27,8.857999801635742
2020-04-28,9.730335235595703
2020-04-29,10.107269287109375
2020-04-30,9.455709457397461
2020-05-04,9.094925880432129
2020-05-05,9.082666397094727
2020-05-06,8.872441291809082
2020-05-07,8.581364631652832
2020-05-08,8.964078903198242
2020-05-11,8.807759284973145
2020-05-12,8.527463912963867
2020-05-13,8.462778091430664
2020-05-14,8.829323768615723
2020-05-15,8.522068977355957
2020-05-18,8.92634105682373
2020-05-19,8.62448501586914
2020-05-20,8.786197662353516
2020-05-21,9.325226783752441
2020-05-22,9.174302101135254
2020-05-25,9.907384872436523
2020-05-26,9.459985733032227
2020-05-27,9.610913276672363
2020-05-28,9.52466869354248
2020-05-29,9.594743728637695
2020-06-01,9.901989936828613
2020-06-02,10.278181076049805
2020-06-03,10.742180824279785
2020-06-04,10.785346984863281
2020-06-05,11.033531188964844
2020-06-08,11.562281608581543
2020-06-09,11.443581581115723
2020-06-10,10.984977722167969
2020-06-12,10.731398582458496
2020-06-15,10.547950744628906
2020-06-16,10.893251419067383
2020-06-17,11.038928985595703
2020-06-18,11.033531188964844
2020-06-19,10.785346984863281
2020-06-22,10.596508026123047
2020-06-23,10.60190200805664
2020-06-24,10.369904518127441
2020-06-25,10.591115951538086
2020-06-26,10.294365882873535
2020-06-29,10.553348541259766
2020-06-30,10.229619979858398
2020-07-01,10.402276039123535
2020-07-02,10.492588996887207
2020-07-03,10.492588996887207
2020-07-06,11.194619178771973
2020-07-07,10.735603332519531
2020-07-08,11.102812767028809
2020-07-09,10.962410926818848
2020-07-10,11.043414115905762
2020-07-13,10.822005271911621
2020-07-14,10.973213195800781
2020-07-15,11.200017929077148
2020-07-16,11.016410827636719
2020-07-17,11.227018356323242
2020-07-20,11.367424011230469
2020-07-21,11.556435585021973
2020-07-22,11.416025161743164
2020-07-23,11.275618553161621
2020-07-24,11.189221382141113
2020-07-27,11.653636932373047
2020-07-28,11.567233085632324
2020-07-29,11.912846565246582
2020-07-30,11.610432624816895
2020-07-31,11.194619178771973
2020-08-03,11.151419639587402
2020-08-04,10.820243835449219
2020-08-05,10.885099411010742
2020-08-06,11.036431312561035
2020-08-07,10.96617317199707
2020-08-10,11.058049201965332
2020-08-11,10.917527198791504
2020-08-12,10.863479614257812
2020-08-13,10.54460620880127
2020-08-14,10.63107967376709
2020-08-17,10.350029945373535
2020-08-18,10.495956420898438
2020-08-19,10.458125114440918
2020-08-20,10.38786506652832
2020-08-21,10.43651008605957
2020-08-24,10.598650932312012
2020-08-25,10.593241691589355
2020-08-26,10.355440139770508
2020-08-27,10.571629524230957
2020-08-28,10.771598815917969
2020-08-31,10.285177230834961
2020-09-01,10.604057312011719
2020-09-02,10.602563858032227
2020-09-03,11.008272171020508
2020-09-04,10.992050170898438
2020-09-08,10.78107738494873
2020-09-09,10.808126449584961
2020-09-10,10.44569206237793
2020-09-11,10.20767593383789
2020-09-14,10.364551544189453
2020-09-15,10.234721183776855
2020-09-16,10.299635887145996
2020-09-17,10.337503433227539
2020-09-18,10.153579711914062
2020-09-21,9.975066184997559
2020-09-22,10.077850341796875
2020-09-23,9.812783241271973
2020-09-24,9.969655990600586
2020-09-25,9.948019981384277
2020-09-28,9.856060028076172
2020-09-29,9.677543640136719
2020-09-30,9.7478666305542
2020-10-01,9.764100074768066
2020-10-02,9.8113374710083
2020-10-05,10.027923583984375
2020-10-06,9.968363761901855
2020-10-07,9.838414192199707
2020-10-08,10.396121978759766
2020-10-09,10.37446403503418
2020-10-13,10.379875183105469
2020-10-14,10.40153694152832
2020-10-15,10.379875183105469
2020-10-16,10.103729248046875
2020-10-19,10.228265762329102
2020-10-20,10.607295036315918
2020-10-21,10.704756736755371
2020-10-22,11.067535400390625
2020-10-23,11.045877456665039
2020-10-26,11.170417785644531
2020-10-27,10.883439064025879
2020-10-28,10.228265762329102
2020-10-29,10.147042274475098
2020-10-30,9.838414192199707
2020-11-03,10.087489128112793
2020-11-04,10.091414451599121
2020-11-05,10.286523818969727
2020-11-06,10.29736042022705
2020-11-09,11.234963417053223
2020-11-10,11.863642692565918
2020-11-11,11.885321617126465
2020-11-12,11.468011856079102
2020-11-13,11.782349586486816
2020-11-16,12.297216415405273
2020-11-17,12.367673873901367
2020-11-18,12.080432891845703
2020-11-19,12.080432891845703
2020-11-23,11.993720054626465
2020-11-24,12.432709693908691
2020-11-25,12.232184410095215
2020-11-26,12.02081298828125
2020-11-27,11.934098243713379
2020-11-30,11.7335786819458
2020-12-01,12.356837272644043
2020-12-02,12.46924114227295
2020-12-03,12.382465362548828
2020-12-04,12.447542190551758
2020-12-07,12.490935325622559
2020-12-08,12.355342864990234
2020-12-09,12.328221321105957
2020-12-10,12.865171432495117
2020-12-11,12.848898887634277
2020-12-14,12.87602424621582
2020-12-15,12.946534156799316
2020-12-16,13.250263214111328
2020-12-17,13.418400764465332
2020-12-18,13.315352439880371
2020-12-21,12.98991584777832
2020-12-22,13.196027755737305
2020-12-23,13.47806167602539
2020-12-28,13.591958999633789
2020-12-29,13.590598106384277
2020-12-30,13.326276779174805
2021-01-04,12.995869636535645
2021-01-05,12.933733940124512
2021-01-06,13.258871078491211
2021-01-07,13.583998680114746
2021-01-08,13.479297637939453
2021-01-11,13.275398254394531
2021-01-12,13.280914306640625
2021-01-13,13.032926559448242
2021-01-14,13.446239471435547
2021-01-15,12.950267791748047
2021-01-18,13.005374908447266
2021-01-19,12.762908935546875
2021-01-20,12.50940990447998
2021-01-21,12.283464431762695
2021-01-22,12.07956600189209
2021-01-26,11.820561408996582
2021-01-27,11.919758796691895
2021-01-28,12.28897476196289
2021-01-29,11.92526912689209
2021-02-01,12.178760528564453
2021-02-02,12.155183792114258
2021-02-03,12.232393264770508
2021-02-04,12.607417106628418
2021-02-05,12.524697303771973
2021-02-08,12.298574447631836
2021-02-09,12.41439151763916
2021-02-10,12.293058395385742
2021-02-11,12.32614803314209
2021-02-12,12.35372543334961
2021-02-17,12.22688102722168
2021-02-18,12.061081886291504
2021-02-19,12.016921997070312
2021-02-22,11.332448959350586
2021-02-23,11.851324081420898
2021-02-24,11.774040222167969
2021-02-25,11.47044849395752
2021-02-26,11.365561485290527
2021-03-01,10.995733261108398
2021-03-02,11.18757438659668
2021-03-03,11.414084434509277
2021-03-04,11.795297622680664
2021-03-05,12.441691398620605
2021-03-08,11.96103572845459
2021-03-09,11.97761344909668
2021-03-10,12.159927368164062
2021-03-11,12.403014183044434
2021-03-12,12.226219177246094
2021-03-15,12.347765922546387
2021-03-16,12.126782417297363
2021-03-17,12.557705879211426
2021-03-18,12.789749145507812
2021-03-19,12.872620582580566
2021-03-22,12.817370414733887
2021-03-23,12.690298080444336
2021-03-24,12.491412162780762
2021-03-25,12.745545387268066
2021-03-26,12.8505220413208
2021-03-29,12.944436073303223
2021-03-30,13.248297691345215
2021-03-31,12.988640785217285
2021-04-01,12.541132926940918
2021-04-05,12.69442367553711
2021-04-06,12.440089225769043
2021-04-07,12.357156753540039
2021-04-08,12.340569496154785
2021-04-09,12.25210952758789
2021-04-12,12.511972427368164
2021-04-13,12.445615768432617
2021-04-14,12.561724662780762
2021-04-15,12.605962753295898
2021-04-16,12.78288459777832
2021-04-19,12.62586498260498
2021-04-20,12.437332153320312
2021-04-22,12.333937644958496
2021-04-23,12.571124076843262
2021-04-26,12.571124076843262
2021-04-27,12.467735290527344
2021-04-28,13.063756942749023
2021-04-29,12.619778633117676
2021-04-30,12.571124076843262
2021-05-03,12.936039924621582
2021-05-04,12.53872013092041
2021-05-05,12.62393569946289
2021-05-06,12.660460472106934
2021-05-07,12.77610969543457
2021-05-10,13.068272590637207
2021-05-11,13.043924331665039
2021-05-12,12.763934135437012
2021-05-13,13.153482437133789
2021-05-14,13.238704681396484
2021-05-17,13.256959915161133
2021-05-18,13.396958351135254
2021-05-19,13.46999740600586
2021-05-20,13.622171401977539
2021-05-21,13.658682823181152
2021-05-24,13.707378387451172
2021-05-25,13.573473930358887
2021-05-26,13.896073341369629
2021-05-27,13.938677787780762
2021-05-28,13.914335250854492
2021-05-31,13.914335250854492
2021-06-01,14.163887023925781
2021-06-02,14.588601112365723
2021-06-04,14.667784690856934
2021-06-07,14.868799209594727
2021-06-08,14.807881355285645
2021-06-09,14.600780487060547
2021-06-10,14.710423469543457
2021-06-11,14.521600723266602
2021-06-14,14.527681350708008
2021-06-15,14.50333023071289
2021-06-16,14.533782005310059
2021-06-17,14.454593658447266
2021-06-18,14.247491836547852
2021-06-21,14.241399765014648
2021-06-22,14.070842742919922
2021-06-23,14.046477317810059
2021-06-24,14.046477317810059
2021-06-25,13.687097549438477
2021-06-28,13.583541870117188
2021-06-29,13.467806816101074
2021-06-30,13.315522193908691
2021-07-01,13.181514739990234
2021-07-02,13.399295806884766
2021-07-05,13.237188339233398
2021-07-06,13.031429290771484
2021-07-07,13.13119888305664
2021-07-08,12.944144248962402
2021-07-12,13.218482971191406
2021-07-13,13.262134552001953
2021-07-14,13.430484771728516
2021-07-15,13.368133544921875
2021-07-16,13.13742446899414
2021-07-19,12.956608772277832
2021-07-20,13.09378433227539
2021-07-21,13.156137466430664
2021-07-22,13.025193214416504
2021-07-23,12.900492668151855
2021-07-26,12.99402141571045
2021-07-27,13.025193214416504
2021-07-28,13.274605751037598
2021-07-29,13.20601749420166
2021-07-30,12.875555038452148
2021-08-02,12.981548309326172
2021-08-03,13.067195892333984
2021-08-04,12.605417251586914
2021-08-05,12.393245697021484
2021-08-06,12.6553373336792
2021-08-09,12.642862319946289
2021-08-10,12.424452781677246
2021-08-11,12.505570411682129
2021-08-12,12.380767822265625
2021-08-13,12.46189022064209
2021-08-16,12.337084770202637
2021-08-17,12.33084774017334
2021-08-18,12.162354469299316
2021-08-19,12.243480682373047
2021-08-20,12.193553924560547
2021-08-23,12.212276458740234
2021-08-24,12.574216842651367
2021-08-25,12.53677749633789
2021-08-26,12.287161827087402
2021-08-27,12.443167686462402
2021-08-30,12.337084770202637
2021-08-31,12.443167686462402
2021-09-01,12.455648422241211
2021-09-02,11.98550033569336
2021-09-03,11.98550033569336
2021-09-06,12.104169845581055
2021-09-08,11.33595085144043
2021-09-09,11.423394203186035
2021-09-10,11.304718971252441
2021-09-13,11.492094039916992
2021-09-14,11.41089916229248
2021-09-15,11.32345962524414
2021-09-16,11.111104965209961
2021-09-17,10.792572975158691
2021-09-20,10.424076080322266
2021-09-21,10.561487197875977
2021-09-22,10.798819541931152
2021-09-23,11.167317390441895
2021-09-24,11.017419815063477
2021-09-27,11.248512268066406
2021-09-28,10.992436408996582
2021-09-29,11.16107177734375
2021-09-30,11.154823303222656
2021-10-01,11.39216136932373
2021-10-04,10.977835655212402
2021-10-05,11.234150886535645
2021-10-06,11.277914047241211
2021-10-07,11.040351867675781
2021-10-08,11.20914363861084
2021-10-11,10.996587753295898
2021-10-13,11.05285358428955
2021-10-14,10.946576118469238
2021-10-15,11.42795467376709
2021-10-18,11.552984237670898
2021-10-19,11.171638488769531
2021-10-20,11.584244728088379
2021-10-21,11.252904891967773
2021-10-22,10.88405990600586
2021-10-25,11.059104919433594
2021-10-26,10.802788734436035
2021-10-27,10.984086990356445
2021-10-28,10.877808570861816
2021-10-29,10.6277437210083
2021-11-01,10.971583366394043
2021-11-03,10.944831848144531
2021-11-04,10.35034465789795
2021-11-05,10.76961612701416
2021-11-08,10.556851387023926
2021-11-09,10.475495338439941
2021-11-10,10.969860076904297
2021-11-11,11.076241493225098
2021-11-12,11.113787651062012
2021-11-16,11.088764190673828
2021-11-17,11.12630844116211
2021-11-18,10.988638877868652
2021-11-19,11.007410049438477
2021-11-22,10.863480567932129
2021-11-23,11.132564544677734
2021-11-24,11.33281421661377
2021-11-25,11.376615524291992
2021-11-26,10.976119995117188
2021-11-29,10.913543701171875
2021-11-30,10.650716781616211
2021-12-01,10.59439754486084
2021-12-02,11.12512493133545
2021-12-03,11.156445503234863
2021-12-06,11.287991523742676
2021-12-07,11.137655258178711
2021-12-08,11.10633373260498
2021-12-09,10.774334907531738
2021-12-10,10.774334907531738
2021-12-13,10.598938941955566
2021-12-14,10.743010520935059
2021-12-15,10.73674488067627
2021-12-16,10.849501609802246
2021-12-17,10.548821449279785
2021-12-20,10.348371505737305
2021-12-21,10.301563262939453
2021-12-22,10.326953887939453
2021-12-23,10.314255714416504
2021-12-27,10.422158241271973
2021-12-28,10.415813446044922
2021-12-29,10.339648246765137
2021-12-30,10.276176452636719
2022-01-03,10.504677772521973
2022-01-04,10.553757667541504
2022-01-05,10.483865737915039
2022-01-06,10.598235130310059
2022-01-07,10.64271068572998
2022-01-10,10.782496452331543
2022-01-11,10.890509605407715
2022-01-12,10.795204162597656
2022-01-13,10.915928840637207
2022-01-14,11.08112907409668
2022-01-17,11.144668579101562
2022-01-18,11.208208084106445
2022-01-19,11.195496559143066
2022-01-20,11.144668579101562
2022-01-21,11.087481498718262
2022-01-24,11.201852798461914
2022-01-25,11.589431762695312
2022-01-26,11.595792770385742
2022-01-27,11.672036170959473
2022-01-28,11.818172454833984
2022-01-31,11.945252418518066
2022-02-01,11.945252418518066
2022-02-02,11.746349334716797
2022-02-03,11.911702156066895
2022-02-04,11.93714714050293
2022-02-07,11.956220626831055
2022-02-08,12.00074577331543
2022-02-09,10.945033073425293
2022-02-10,11.034067153930664
2022-02-11,11.14854621887207
2022-02-14,11.231215476989746
2022-02-15,11.358410835266113
2022-02-16,11.453807830810547
2022-02-17,11.339329719543457
2022-02-18,11.39021110534668
2022-02-21,11.199419021606445
2022-02-22,11.199419021606445
2022-02-23,11.065864562988281
2022-02-24,10.817838668823242
2022-02-25,10.849637031555176
2022-03-02,10.760601043701172
2022-03-03,10.898815155029297
2022-03-04,10.688729286193848
2022-03-07,10.357691764831543
2022-03-08,10.446817398071289
2022-03-09,11.045234680175781
2022-03-10,10.943378448486328
2022-03-11,10.847887992858887
2022-03-14,10.956111907958984
2022-03-15,10.898815155029297
2022-03-16,11.083434104919434
2022-03-17,11.166189193725586
2022-03-18,11.140727996826172
2022-03-21,11.350807189941406
2022-03-22,11.490859985351562
2022-03-23,11.427201271057129
2022-03-24,11.56088924407959
2022-03-25,11.713676452636719
2022-03-28,11.662750244140625
2022-03-29,11.80916976928711
2022-03-30,11.75823974609375
2022-03-31,11.630916595458984
2022-04-01,11.554526329040527
2022-04-04,11.514537811279297
2022-04-05,11.208675384521484
2022-04-06,11.119461059570312
2022-04-07,11.157697677612305
2022-04-08,11.215044975280762
2022-04-11,11.234161376953125
2022-04-12,11.157697677612305
2022-04-13,11.266021728515625
2022-04-14,11.297883987426758
2022-04-18,11.514537811279297
2022-04-19,11.306166648864746
2022-04-20,11.271124839782715
2022-04-22,11.102896690368652
2022-04-25,11.04682445526123
2022-04-26,10.626258850097656
2022-04-27,10.626258850097656
2022-04-28,10.52812671661377
2022-04-29,10.451020240783691
2022-05-02,10.359901428222656
2022-05-03,10.414108276367188
2022-05-04,10.533414840698242
2022-05-05,10.217618942260742
2022-05-06,10.421127319335938
2022-05-09,10.57551383972168
2022-05-10,10.603585243225098
2022-05-11,10.779024124145508
2022-05-12,10.835162162780762
2022-05-13,10.98954963684082
2022-05-16,11.228153228759766
2022-05-17,11.445694923400879
2022-05-18,11.23516845703125
2022-05-19,11.214116096496582
2022-05-20,11.431662559509277
2022-05-23,11.5439453125
2022-05-24,11.768505096435547
2022-05-25,11.656220436096191
2022-05-26,11.70534610748291
2022-05-27,11.789557456970215
2022-05-30,11.698328018188477
2022-05-31,11.845691680908203
2022-06-01,11.64920425415039
2022-06-02,11.661322593688965
2022-06-03,11.59107494354248
2022-06-06,11.534873962402344
2022-06-07,11.436528205871582
2022-06-08,11.310078620910645
2022-06-09,11.324129104614258
2022-06-10,11.176605224609375
2022-06-13,11.000983238220215
2022-06-14,10.9166841506958
2022-06-15,10.993955612182617
2022-06-17,10.818334579467773
2022-06-20,11.036108016967773
2022-06-21,10.957036972045898
2022-06-22,10.900192260742188
2022-06-23,10.637283325195312
2022-06-24,10.623071670532227
2022-06-27,10.715442657470703
2022-06-28,10.615962028503418
2022-06-29,10.459635734558105
2022-06-30,10.218043327331543
2022-07-01,10.23935604095459
2022-07-04,10.13068962097168
2022-07-05,10.166257858276367
2022-07-06,10.13068962097168
2022-07-07,10.258744239807129
2022-07-08,10.294317245483398
2022-07-11,10.137803077697754
2022-07-12,10.109345436096191
2022-07-13,9.917258262634277
2022-07-14,9.696717262268066
2022-07-15,9.782090187072754
2022-07-18,9.86034870147705
2022-07-19,10.194718360900879
2022-07-20,10.031086921691895
2022-07-21,10.152029991149902
2022-07-22,10.073772430419922
2022-07-25,10.180486679077148
2022-07-26,10.159146308898926
2022-07-27,10.216060638427734
2022-07-28,10.258744239807129
2022-07-29,10.294317245483398
2022-08-01,10.272974014282227
2022-08-02,10.427715301513672
2022-08-03,10.555923461914062
2022-08-04,10.81234073638916
2022-08-05,10.91205883026123
2022-08-08,10.940550804138184
2022-08-09,11.111501693725586
2022-08-10,11.289566993713379
2022-08-11,11.346552848815918
2022-08-12,11.55311107635498
2022-08-15,11.410653114318848
2022-08-16,11.610089302062988
2022-08-17,11.652824401855469
2022-08-18,11.702690124511719
2022-08-19,11.545987129211426
2022-08-22,11.417778968811035
2022-08-23,11.481882095336914
2022-08-24,11.439146995544434
2022-08-25,11.51749324798584
2022-08-26,11.46051025390625
2022-08-29,11.496124267578125
2022-08-30,11.489004135131836
2022-08-31,11.282442092895508
2022-09-01,11.282442092895508
2022-09-02,11.358919143676758
2022-09-05,11.451617240905762
2022-09-06,11.344661712646484
2022-09-08,11.301876068115234
2022-09-09,11.408833503723145
2022-09-12,11.572830200195312
2022-09-13,11.408833503723145
2022-09-14,11.344661712646484
2022-09-15,11.294740676879883
2022-09-16,11.180654525756836
2022-09-19,11.451617240905762
2022-09-20,11.872314453125
2022-09-21,11.793883323669434
2022-09-22,12.029187202453613
2022-09-23,11.779618263244629
2022-09-26,11.515789985656738
2022-09-27,11.430225372314453
2022-09-28,11.473005294799805
2022-09-29,11.594223022460938
2022-09-30,11.629878044128418
2022-10-03,12.39997673034668
2022-10-04,12.340909004211426
2022-10-05,12.533624649047852
2022-10-06,12.376598358154297
2022-10-07,12.07681941986084
2022-10-10,11.962618827819824
2022-10-11,11.84841537475586
2022-10-13,11.691390991210938
2022-10-14,11.641423225402832
2022-10-17,11.727076530456543
2022-10-18,11.834136962890625
2022-10-19,11.919793128967285
2022-10-20,12.07681941986084
2022-10-21,12.398012161254883
2022-10-24,11.819866180419922
2022-10-25,11.734213829040527
2022-10-26,11.277408599853516
2022-10-27,11.498673439025879
2022-10-28,11.58432388305664
2022-10-31,11.876967430114746
2022-11-01,11.926932334899902
2022-11-03,11.689179420471191
2022-11-04,11.66059684753418
2022-11-07,11.353365898132324
2022-11-08,11.289060592651367
2022-11-09,9.481383323669434
2022-11-10,9.181290626525879
2022-11-11,9.288469314575195
2022-11-14,9.35991382598877
2022-11-16,9.295613288879395
2022-11-17,9.431367874145508
2022-11-18,9.474238395690918
2022-11-21,9.395639419555664
2022-11-22,9.409930229187012
2022-11-23,9.37420654296875
2022-11-24,9.538544654846191
2022-11-25,9.417078971862793
2022-11-28,9.381351470947266
2022-11-29,9.53139877319336
2022-11-30,9.831487655639648
2022-12-01,9.58855152130127
2022-12-02,9.5651273727417
2022-12-05,9.31473159790039
2022-12-06,9.45065689086914
2022-12-07,9.400580406188965
2022-12-08,9.228882789611816
2022-12-09,9.164496421813965
2022-12-12,8.992791175842285
2022-12-13,8.728089332580566
2022-12-14,8.935561180114746
2022-12-15,8.821090698242188
2022-12-16,8.871174812316895
2022-12-19,9.050025939941406
2022-12-20,9.34334945678711
2022-12-21,9.400580406188965
2022-12-22,9.429197311401367
2022-12-23,9.55797004699707
2022-12-26,9.33619499206543
2022-12-27,9.393424987792969
2022-12-28,9.679594993591309
2022-12-29,9.63667106628418
2023-01-02,9.436348915100098
2023-01-03,8.990241050720215
2023-01-04,9.06904125213623
2023-01-05,9.362744331359863
2023-01-06,9.613472938537598
2023-01-09,9.636119842529297
2023-01-10,9.837494850158691
2023-01-11,9.941909790039062
2023-01-12,9.740538597106934
2023-01-13,9.777828216552734
2023-01-16,9.56153678894043
2023-01-17,9.628660202026367
2023-01-18,9.733077049255371
2023-01-19,9.777828216552734
2023-01-20,9.591368675231934
2023-01-23,9.285582542419434
2023-01-24,9.389994621276855
2023-01-25,9.404909133911133
2023-01-26,9.382539749145508
2023-01-27,9.188620567321777
2023-01-30,9.210993766784668
2023-01-31,9.412368774414062
2023-02-01,9.293042182922363
2023-02-02,9.350732803344727
2023-02-03,9.149080276489258
2023-02-06,9.164017677307129
2023-02-07,9.104269981384277
2023-02-08,9.43288803100586
2023-02-09,9.216296195983887
2023-02-10,8.656150817871094
2023-02-13,8.910088539123535
2023-02-14,8.887675285339355
2023-02-15,9.05945873260498
2023-02-16,9.12667465209961
2023-02-17,9.119207382202148
2023-02-22,8.977300643920898
2023-02-23,8.992239952087402
2023-02-24,8.805524826049805
2023-02-27,8.798055648803711
2023-02-28,8.693495750427246
2023-03-01,8.678555488586426
2023-03-02,8.541865348815918
2023-03-03,8.511946678161621
2023-03-06,8.766257286071777
2023-03-07,8.893410682678223
2023-03-08,9.125283241271973
2023-03-09,9.080405235290527
2023-03-10,8.841053009033203
2023-03-13,8.766257286071777
2023-03-14,8.70641803741455
2023-03-15,8.87096881866455
2023-03-16,9.005607604980469
2023-03-17,8.721373558044434
2023-03-20,8.691458702087402
2023-03-21,8.661541938781738
2023-03-22,8.594220161437988
2023-03-23,8.407225608825684
2023-03-24,8.526904106140137
2023-03-27,8.639103889465332
2023-03-28,8.594220161437988
2023-03-29,8.691458702087402
2023-03-30,8.923328399658203
2023-03-31,8.86349105834961
2023-04-03,8.661541938781738
2023-04-04,8.794312477111816
2023-04-05,8.809297561645508
2023-04-06,8.726897239685059
2023-04-10,8.771842002868652
2023-04-11,9.1314058303833
2023-04-12,9.191332817077637
2023-04-13,9.28122615814209
2023-04-14,9.288715362548828
2023-04-17,9.273735046386719
2023-04-18,9.22878646850586
2023-04-19,9.0490083694458
2023-04-20,9.153877258300781
2023-04-24,9.07896900177002
2023-04-25,9.221295356750488
2023-04-26,9.056497573852539
2023-04-27,9.183843612670898
2023-04-28,9.303699493408203
2023-05-02,9.063989639282227
2023-05-03,9.099437713623047
2023-05-04,9.309476852416992
2023-05-05,9.647050857543945
2023-05-08,9.84959602355957
2023-05-09,9.947113990783691
2023-05-10,9.977120399475098
2023-05-11,10.044632911682129
2023-05-12,10.022127151489258
2023-05-15,10.149656295776367
2023-05-16,10.052136421203613
2023-05-17,10.149656295776367
2023-05-18,10.172163009643555
2023-05-19,10.29218864440918
2023-05-22,10.247175216674805
2023-05-23,10.31469440460205
2023-05-24,10.09714412689209
2023-05-25,10.269679069519043
2023-05-26,10.254681587219238
2023-05-29,10.247175216674805
2023-05-30,10.059637069702148
2023-05-31,9.95461654663086
2023-06-01,10.03713321685791
2023-06-02,10.050091743469238
2023-06-05,10.43316650390625
2023-06-06,10.650993347167969
2023-06-07,10.681035995483398
2023-06-09,10.921398162841797
2023-06-12,10.816242218017578
2023-06-13,10.838774681091309
2023-06-14,10.86882209777832
2023-06-15,10.921398162841797
2023-06-16,10.921398162841797
2023-06-19,11.146736145019531
2023-06-20,11.161759376525879
2023-06-21,11.244383811950684
2023-06-22,11.041577339172363
2023-06-23,11.011533737182617
2023-06-26,11.011533737182617
2023-06-27,11.025979995727539
2023-06-28,10.881502151489258
2023-06-29,11.018376350402832
2023-06-30,11.132437705993652
2023-07-03,11.2769136428833
2023-07-04,11.168240547180176
2023-07-05,11.183464050292969
2023-07-06,10.924626350402832
2023-07-07,11.038817405700684
2023-07-10,11.046432495117188
2023-07-11,10.94746208190918
2023-07-12,10.878946304321289
2023-07-13,11.099720001220703
2023-07-14,11.054044723510742
2023-07-17,11.183464050292969
2023-07-18,11.13779354095459
2023-07-19,11.107339859008789
2023-07-20,11.17585277557373
2023-07-21,11.495599746704102
2023-07-24,11.297660827636719
2023-07-25,11.236759185791016
2023-07-26,11.32811450958252
2023-07-27,11.076886177062988
2023-07-28,11.229143142700195
2023-07-31,11.30527400970459
2023-08-01,11.26720905303955
2023-08-02,11.2955961227417
2023-08-03,11.18127155303955
2023-08-04,10.64774227142334
2023-08-07,10.579148292541504
2023-08-08,10.541037559509277
2023-08-09,10.464818000793457
2023-08-10,10.579148292541504
2023-08-11,10.52579402923584
2023-08-14,10.518174171447754
2023-08-15,10.457196235656738
2023-08-16,10.304755210876465
2023-08-17,10.114213943481445
2023-08-18,10.198054313659668
2023-08-21,10.144700050354004
2023-08-22,10.213294982910156
2023-08-23,10.327624320983887
2023-08-24,10.121834754943848
2023-08-25,10.0684814453125
2023-08-28,10.266648292541504
2023-08-29,10.350492477416992
2023-08-30,10.213294982910156
2023-08-31,10.091343879699707
2023-09-01,10.0684814453125
2023-09-04,10.028226852416992
2023-09-05,9.906112670898438
2023-09-06,9.768742561340332
2023-09-08,9.768742561340332
2023-09-11,9.906112670898438
2023-09-12,10.005326271057129
2023-09-13,10.03585433959961
2023-09-14,10.074012756347656
2023-09-15,10.020590782165527
2023-09-18,10.03585433959961
2023-09-19,9.951903343200684
2023-09-20,9.967166900634766
2023-09-21,9.539786338806152
2023-09-22,9.547415733337402
2023-09-25,9.501627922058105
2023-09-26,9.364252090454102
2023-09-27,9.364252090454102
2023-09-28,9.5703125
2023-09-29,9.661894798278809
2023-10-02,9.509259223937988
2023-10-03,9.369592666625977
2023-10-04,9.629435539245605
2023-10-05,9.652364730834961
2023-10-06,9.660009384155273
2023-10-09,9.660009384155273
2023-10-10,9.736427307128906
2023-10-11,9.828139305114746
2023-10-13,9.682930946350098
2023-10-16,9.789925575256348
2023-10-17,9.682930946350098
2023-10-18,9.575937271118164
2023-10-19,9.637077331542969
2023-10-20,9.51479721069336
2023-10-23,9.522441864013672
2023-10-24,9.545367240905762
2023-10-25,9.484227180480957
2023-10-26,9.70586109161377
2023-10-27,9.545367240905762
2023-10-30,9.468942642211914
2023-10-31,9.392518043518066
2023-11-01,9.522441864013672
2023-11-03,9.98716926574707
2023-11-06,10.010129928588867
2023-11-07,10.21675968170166
2023-11-08,10.285635948181152
2023-11-09,10.316253662109375
2023-11-10,10.18614673614502
2023-11-13,10.033088684082031
2023-11-14,10.270331382751465
2023-11-16,10.55349349975586
2023-11-17,10.515228271484375
2023-11-20,10.507575035095215
2023-11-21,10.476961135864258
2023-11-22,10.66828727722168
2023-11-23,10.867264747619629
2023-11-24,10.936141014099121
2023-11-27,10.836652755737305
2023-11-28,10.89022445678711
2023-11-29,10.829000473022461
2023-11-30,10.928488731384277
2023-12-01,10.989713668823242
2023-12-04,11.025918960571289
2023-12-05,11.11020278930664
2023-12-06,10.972282409667969
2023-12-07,11.002931594848633
2023-12-08,11.117865562438965
2023-12-11,11.048907279968262
2023-12-12,11.07955265045166
2023-12-13,11.462665557861328
2023-12-14,11.730842590332031
2023-12-15,11.876424789428711
2023-12-18,11.930057525634766
2023-12-19,12.022003173828125
2023-12-20,11.853438377380371
2023-12-21,11.84577465057373
2023-12-22,12.018516540527344
2023-12-26,12.066431045532227
2023-12-27,12.154272079467773
2023-12-28,12.202184677124023
2024-01-02,12.066431045532227
2024-01-03,12.072221755981445
2024-01-04,11.912327766418457
2024-01-05,12.112199783325195
2024-01-08,12.072221755981445
2024-01-09,11.752429962158203
2024-01-10,11.552558898925781
2024-01-11,11.536569595336914
2024-01-12,11.432635307312012
2024-01-15,11.472613334655762
2024-01-16,11.28873062133789
2024-01-17,11.304717063903809
2024-01-18,11.176799774169922
2024-01-19,11.072869300842285
2024-01-22,11.016905784606934
2024-01-23,11.032894134521484
2024-01-24,10.976933479309082
2024-01-25,10.952946662902832
2024-01-26,10.992920875549316
2024-01-29,10.952946662902832
2024-01-30,10.904974937438965
2024-01-31,10.936954498291016
2024-02-01,10.98492431640625
2024-02-02,10.918683052062988
2024-02-05,11.134817123413086
2024-02-06,11.623116493225098
2024-02-07,10.110190391540527
2024-02-08,10.022136688232422
2024-02-09,9.926078796386719
2024-02-14,9.797999382019043
2024-02-15,9.781989097595215
2024-02-16,9.830018997192383
2024-02-19,9.854033470153809
2024-02-20,10.078168869018555
2024-02-21,10.006128311157227
2024-02-22,9.982112884521484
2024-02-23,9.96610164642334
2024-02-26,9.934082984924316
2024-02-27,10.022136688232422
2024-02-28,9.982112884521484
2024-02-29,9.846028327941895
2024-03-01,9.926078796386719
2024-03-04,9.771564483642578
2024-03-05,9.875774383544922
2024-03-06,9.819663047790527
2024-03-07,9.763551712036133
2024-03-08,9.795616149902344
2024-03-11,9.86776065826416
2024-03-12,10.004033088684082
2024-03-13,10.100221633911133
2024-03-14,10.100221633911133
2024-03-15,10.044111251831055
2024-03-18,10.164352416992188
2024-03-19,10.124274253845215
2024-03-20,10.324676513671875
2024-03-21,10.228483200073242
2024-03-22,10.036097526550293
2024-03-25,9.996017456054688
2024-03-26,10.124274253845215
2024-03-27,10.26856517791748
2024-03-28,10.212451934814453
2024-04-01,10.076173782348633
2024-04-02,10.13818645477295
2024-04-03,10.370972633361816
2024-04-04,10.395051956176758
2024-04-05,10.346893310546875
2024-04-08,10.403080940246582
2024-04-09,10.515457153320312
2024-04-10,10.282674789428711
2024-04-11,10.226484298706055
2024-04-12,10.073970794677734
2024-04-15,9.977645874023438
2024-04-16,9.873291969299316
2024-04-17,9.841184616088867
2024-04-18,9.760912895202637
2024-04-19,9.688668251037598
2024-04-22,9.656559944152832
2024-04-23,9.680641174316406
2024-04-24,9.656559944152832
2024-04-25,9.640508651733398
2024-04-26,9.793024063110352
2024-04-29,9.945537567138672
2024-04-30,9.921455383300781
2024-05-02,9.945537567138672
2024-05-03,10.03978443145752
2024-05-06,9.9031343460083
2024-05-07,9.93528938293457
2024-05-08,9.870983123779297
2024-05-09,9.613757133483887
2024-05-10,9.605718612670898
2024-05-13,9.581603050231934
2024-05-14,9.637871742248535
2024-05-15,9.589642524719238
2024-05-16,9.589642524719238
2024-05-17,9.661988258361816
2024-05-20,9.637871742248535
2024-05-21,9.637871742248535
2024-05-22,9.444953918457031
2024-05-23,9.356532096862793
2024-05-24,9.364574432373047
2024-05-27,9.364574432373047
2024-05-28,9.340455055236816
2024-05-29,9.243997573852539
2024-05-31,9.203804969787598
2024-06-03,9.21988296508789
2024-06-04,9.241820335388184
2024-06-05,9.177417755126953
2024-06-06,9.314273834228516
2024-06-07,9.241820335388184
2024-06-10,9.249872207641602
2024-06-11,9.290122032165527
2024-06-12,9.104966163635254
2024-06-13,9.080811500549316
2024-06-14,9.161317825317383
2024-06-17,9.19351863861084
2024-06-18,9.126309394836426
2024-06-19,9.176180839538574
2024-06-20,9.201120376586914
2024-06-21,9.259300231933594
2024-06-24,9.334101676940918
2024-06-25,9.284234046936035
2024-06-26,9.267609596252441
2024-06-27,9.284234046936035
2024-06-28,9.300857543945312
2024-07-01,9.234362602233887
2024-07-02,9.265372276306152
2024-07-03,9.331972122192383
2024-07-04,9.356943130493164
2024-07-05,9.423542976379395
2024-07-08,9.440193176269531
2024-07-09,9.448514938354492
2024-07-10,9.615009307861328
2024-07-11,9.648305892944336
2024-07-12,9.623333930969238
2024-07-15,9.573387145996094
2024-07-16,9.639985084533691
2024-07-17,9.756526947021484
2024-07-18,9.573387145996094
2024-07-19,9.540087699890137
2024-07-22,9.606680870056152
2024-07-23,9.481815338134766
2024-07-24,9.465163230895996
2024-07-25,9.348617553710938
2024-07-26,9.431866645812988
2024-07-29,9.431866645812988
2024-07-30,9.356943130493164
2024-07-31,9.348617553710938
2024-08-01,9.448514938354492
2024-08-02,9.446222305297852
2024-08-05,10.229934692382812
2024-08-06,10.580103874206543
2024-08-07,10.55509090423584
2024-08-08,10.655138969421387
2024-08-09,10.863572120666504
2024-08-12,10.971960067749023
2024-08-13,11.09701919555664
2024-08-14,11.163717269897461
2024-08-15,11.305451393127441
2024-08-16,11.122029304504395
2024-08-19,11.747331619262695
2024-08-20,11.722318649291992
2024-08-21,11.705644607543945
2024-08-22,11.697306632995605
2024-08-23,11.839041709899902
2024-08-26,11.780681610107422
2024-08-27,11.663958549499512
2024-08-28,11.814030647277832
2024-08-29,11.755669593811035
2024-08-30,11.789017677307129
2024-09-02,11.688971519470215
2024-09-03,11.861974716186523
2024-09-04,11.928753852844238
2024-09-05,12.003885269165039
2024-09-06,11.828584671020508
2024-09-09,11.861974716186523
2024-09-10,11.895365715026855
2024-09-11,11.711716651916504
2024-09-12,11.636589050292969
2024-09-13,11.644937515258789
2024-09-16,11.586503982543945
2024-09-17,11.503028869628906
2024-09-18,11.369465827941895
2024-09-19,11.25259780883789
2024-09-20,11.060604095458984
2024-09-23,10.793479919433594
2024-09-24,10.743393898010254
2024-09-25,10.760087013244629
2024-09-26,10.985474586486816
2024-09-27,11.052258491516113
2024-09-30,10.927042007446289
2024-10-01,10.985923767089844
2024-10-02,11.339542388916016
2024-10-03,11.229366302490234
2024-10-04,11.263267517089844
2024-10-07,11.271742820739746
2024-10-08,11.331067085266113
2024-10-09,11.068343162536621
2024-10-10,11.161566734313965
2024-10-11,11.009016990661621
2024-10-14,11.161566734313965
2024-10-15,11.186991691589355
2024-10-16,11.212419509887695
2024-10-17,11.263267517089844
2024-10-18,11.305642127990723
2024-10-21,11.280218124389648
2024-10-22,11.220892906188965
2024-10-23,11.186991691589355
2024-10-24,11.237845420837402
2024-10-25,11.110719680786133
2024-10-28,11.297167778015137
2024-10-29,11.144618034362793
2024-10-30,11.178516387939453
2024-10-31,10.79714298248291
2024-11-01,10.610692977905273
2024-11-04,10.591387748718262
2024-11-05,10.565925598144531
2024-11-06,10.421650886535645
2024-11-07,10.328299522399902
2024-11-08,10.217970848083496
2024-11-11,10.175541877746582
2024-11-12,10.107645034790039
2024-11-13,10.150080680847168
2024-11-14,10.201001167297363
2024-11-18,10.294353485107422
2024-11-19,10.328299522399902
2024-11-21,10.251921653747559
2024-11-22,10.302841186523438
2024-11-25,10.150080680847168
2024-11-26,10.226459503173828
2024-11-27,9.895477294921875
2024-11-28,9.530550956726074
2024-11-29,9.445684432983398
2024-12-02,9.318384170532227
2024-12-03,9.333045959472656
2024-12-04,9.452047348022461
2024-12-05,9.59654712677002
2024-12-06,9.452047348022461
2024-12-09,9.4435453414917
2024-12-10,9.59654712677002
2024-12-11,9.817547798156738
2024-12-12,9.51154613494873
2024-12-13,9.401046752929688
2024-12-16,9.222545623779297
2024-12-17,9.290546417236328
2024-12-18,8.908042907714844
2024-12-19,8.959043502807617
2024-12-20,9.163043975830078
2024-12-23,9.01854419708252
2024-12-26,9.120546340942383
2024-12-27,9.052541732788086
2024-12-30,9.044045448303223
2025-01-02,9.137557029724121
2025-01-03,9.01288890838623
2025-01-06,9.152619361877441
2025-01-07,9.25742244720459
2025-01-08,9.082756042480469
2025-01-09,9.100221633911133
2025-01-10,9.004154205322266
2025-01-13,9.021620750427246
2025-01-14,9.21375560760498
2025-01-15,9.536892890930176
2025-01-16,9.423357963562012
2025-01-17,9.301090240478516
2025-01-20,9.370957374572754
2025-01-21,9.388426780700684
2025-01-22,9.283622741699219
2025-01-23,9.152619361877441
2025-01-24,9.100221633911133
2025-01-27,9.344756126403809
2025-01-28,9.2923583984375
2025-01-29,9.239954948425293
2025-01-30,9.65042781829834
2025-01-31,9.624228477478027
2025-02-03,9.615492820739746
2025-02-04,9.578100204467773
2025-02-05,9.718053817749023
2025-02-06,9.823019027709961
2025-02-07,9.51686954498291
2025-02-10,9.59559440612793
2025-02-11,9.665571212768555
2025-02-12,9.306939125061035
2025-02-13,9.473134994506836
2025-02-14,9.718053817749023
2025-02-17,9.744295120239258
2025-02-18,9.718053817749023
2025-02-19,9.534366607666016
2025-02-20,9.543111801147461
2025-02-21,9.51686954498291
2025-02-24,9.350675582885742
2025-02-25,9.429397583007812
2025-02-26,9.315686225891113
2025-02-27,9.254454612731934
2025-02-28,9.062019348144531
2025-03-05,9.228214263916016
2025-03-06,9.304938316345215
2025-03-07,9.410076141357422
2025-03-10,9.304938316345215
2025-03-11,9.208560943603516
2025-03-12,9.252368927001953
2025-03-13,9.35750961303711
2025-03-14,9.716739654541016
2025-03-17,9.883209228515625
2025-03-18,9.830641746520996
2025-03-19,9.944543838500977
2025-03-20,9.79559326171875
2025-03-21,9.953306198120117
2025-03-24,10.075968742370605
2025-03-25,10.15482234954834
2025-03-26,10.330057144165039
2025-03-27,10.242443084716797
2025-03-28,10.181111335754395
2025-03-31,9.944543838500977
2025-04-01,10.022284507751465
2025-04-02,9.993013381958008
2025-04-03,10.180718421936035
2025-04-04,9.984073638916016
2025-04-07,9.858939170837402
2025-04-08,9.608667373657227
2025-04-09,9.921507835388184
2025-04-10,9.912569999694824
2025-04-11,9.993013381958008
2025-04-14,10.153901100158691
2025-04-15,10.171777725219727
2025-04-16,10.198593139648438
2025-04-17,10.20753288269043
2025-04-22,10.153901100158691
2025-04-23,10.44886589050293
2025-04-24,10.64551067352295
2025-04-25,10.699137687683105
2025-04-28,10.672324180603027
2025-04-29,10.81533432006836
2025-04-30,10.931533813476562
2025-05-02,10.761707305908203
2025-05-05,10.705537796020508
2025-05-06,10.607074737548828
2025-05-07,10.51756477355957
2025-05-08,11.994498252868652
2025-05-09,11.869184494018555
2025-05-12,11.75281810760498
2025-05-13,11.985549926757812
2025-05-14,11.913939476013184
2025-05-15,11.994498252868652
2025-05-16,12.084010124206543
2025-05-19,12.066105842590332
2025-05-20,12.27198314666748
2025-05-21,11.994498252868652
2025-05-22,12.01240348815918
2025-05-23,12.110864639282227
2025-05-26,12.182472229003906
2025-05-27,12.352544784545898
2025-05-28,12.567370414733887
2025-05-29,12.442055702209473
2025-05-30,12.513663291931152
2025-06-02,12.549467086791992
2025-06-03,12.70832347869873
2025-06-04,12.70832347869873
2025-06-05,12.358799934387207
2025-06-06,12.349836349487305
2025-06-09,12.269176483154297
2025-06-10,12.287101745605469
2025-06-11,12.618699073791504
2025-06-12,12.797942161560059
2025-06-13,12.645586013793945
2025-06-16,12.8786039352417
2025-06-17,12.995111465454102
2025-06-18,12.950299263000488
2025-06-20,12.806905746459961
2025-06-23,12.71728515625
2025-06-24,12.780019760131836
2025-06-25,12.71728515625
2025-06-26,12.824830055236816
2025-06-27,12.797942161560059
2025-06-30,13.004071235656738
2025-07-01,13.10466194152832
2025-07-02,12.910140991210938
2025-07-03,13.184435844421387
2025-07-04,13.17529010772705
2025-07-07,13.019856452941895
2025-07-08,12.992429733276367
2025-07-09,12.855280876159668
2025-07-10,12.690705299377441
2025-07-11,12.644989967346191
2025-07-14,12.635846138000488
2025-07-15,12.644989967346191
2025-07-16,12.590131759643555
2025-07-17,12.590131759643555
2025-07-18,12.2975492477417
2025-07-21,12.324978828430176
2025-07-22,12.260977745056152
2025-07-23,12.46212387084961
2025-07-24,12.334123611450195
2025-07-25,12.233548164367676
2025-07-28,12.132972717285156
2025-07-29,12.132972717285156
2025-07-30,12.30669116973877
2025-07-31,12.25183391571045
2025-08-01,12.233548164367676
2025-08-04,12.350045204162598
2025-08-05,12.377510070800781
2025-08-06,12.377510070800781
2025-08-07,12.441593170166016
2025-08-08,12.55145263671875
2025-08-11,12.523987770080566
2025-08-12,12.789481163024902
2025-08-13,12.652158737182617
2025-08-14,12.6338472366333
2025-08-15,12.624692916870117
2025-08-18,12.816947937011719
2025-08-19,12.395816802978516
2025-08-20,12.450749397277832
2025-08-21,12.414130210876465
2025-08-22,12.780327796936035
2025-08-25,12.826101303100586
2025-08-26,12.844413757324219
2025-08-27,12.862723350524902
2025-08-28,13.164835929870605
2025-08-29,13.219766616821289
2025-09-01,13.128215789794922
2025-09-02,12.896544456481934
2025-09-03,12.914877891540527
2025-09-04,13.189858436584473
2025-09-05,13.48316764831543
2025-09-08,13.419007301330566
2025-09-09,13.327347755432129
2025-09-10,13.21735668182373
2025-09-11,13.354846000671387
2025-09-12,13.208187103271484
2025-09-15,13.382342338562012
2025-09-16,13.382342338562012
2025-09-17,13.785646438598633
2025-09-18,13.638991355895996
2025-09-19,13.868141174316406
2025-09-22,13.904805183410645
2025-09-23,14.023962020874023
2025-09-24,13.904805183410645
2025-09-25,13.758150100708008
2025-09-26,13.831476211547852
2025-09-29,14.005630493164062
2025-09-30,14.211047172546387
2025-10-01,13.931120872497559
2025-10-02,13.741715431213379
2025-10-03,13.741715431213379
2025-10-06,13.629613876342773
2025-10-07,13.38672924041748
2025-10-08,13.582906723022461
2025-10-09,13.629613876342773
2025-10-10,13.43343734741211
2025-10-13,13.498828887939453
2025-10-14,13.638956069946289
2025-10-15,13.816449165344238
2025-10-16,13.919207572937012
2025-10-17,14.059334754943848
2025-10-20,14.311562538146973
2025-10-21,14.171436309814453
2025-10-22,14.227486610412598
2025-10-23,14.348928451538086
2025-10-24,14.461030960083008
2025-10-27,14.51707935333252
2025-10-28,14.582473754882812
2025-10-29,14.946799278259277
2025-10-30,14.414321899414062
2025-10-31,14.451688766479492
2025-11-03,14.64786434173584
2025-11-04,14.69205379486084
2025-11-05,14.963261604309082
2025-11-06,14.916502952575684
2025-11-07,14.953910827636719
2025-11-10,15.18770980834961
2025-11-11,15.477622985839844
2025-11-12,15.515032768249512
2025-11-13,15.571146011352539
2025-11-14,15.533737182617188
2025-11-17,15.402807235717773
2025-11-18,15.262529373168945
2025-11-19,15.15030574798584
2025-11-21,15.075489044189453
2025-11-24,15.038078308105469
2025-11-25,15.16900634765625
2025-11-26,15.561792373657227
2025-11-27,15.515032768249512
2025-11-28,15.655313491821289
2025-12-01,15.533737182617188
2025-12-02,15.690313339233398
2025-12-03,15.287757873535156
2025-12-04,15.456270217895508
2025-12-05,14.585624694824219
2025-12-08,14.660518646240234
2025-12-09,14.548177719116211
2025-12-10,14.73541259765625
2025-12-11,14.829030990600586
2025-12-12,15.006903648376465
2025-12-15,15.175413131713867
2025-12-16,14.75413703918457
2025-12-17,14.632433891296387
2025-12-18,14.716689109802246
2025-12-19,14.847753524780273
2025-12-22,14.697965621948242
2025-12-23,14.838393211364746
2025-12-26,14.847753524780273
2025-12-29,14.838393211364746
2025-12-30,14.935272216796875
