date,close
2010-12-01,4.661327362060547
2010-12-02,4.74021053314209
2010-12-03,4.6684980392456055
2010-12-06,4.690011501312256
2010-12-07,4.661327362060547
2010-12-08,4.6828413009643555
2010-12-09,4.675669193267822
2010-12-10,4.697181701660156
2010-12-13,4.72586727142334
2010-12-14,4.697181701660156
2010-12-15,4.6828413009643555
2010-12-16,4.661327362060547
2010-12-17,4.65415620803833
2010-12-20,4.704353332519531
2010-12-21,4.862122535705566
2010-12-22,4.926663875579834
2010-12-23,4.9123215675354
2010-12-27,4.833436965942383
2010-12-28,4.869294166564941
2010-12-29,4.897979259490967
2010-12-30,5.005548000335693
2011-01-03,4.862122535705566
2011-01-04,4.87646484375
2011-01-05,5.005548000335693
2011-01-06,4.99120569229126
2011-01-07,4.99120569229126
2011-01-10,5.048575401306152
2011-01-11,5.012719631195068
2011-01-12,5.019889831542969
2011-01-13,5.019889831542969
2011-01-14,5.019889831542969
2011-01-17,4.941006183624268
2011-01-18,4.941006183624268
2011-01-19,5.113117218017578
2011-01-20,5.019889831542969
2011-01-21,5.055747032165527
2011-01-24,5.055747032165527
2011-01-26,5.019889831542969
2011-01-27,4.926663875579834
2011-01-28,4.72586727142334
2011-01-31,4.697181701660156
2011-02-01,4.761725425720215
2011-02-02,4.733039855957031
2011-02-03,4.797580718994141
2011-02-04,4.6828413009643555
2011-02-07,4.661327362060547
2011-02-08,4.804752349853516
2011-02-09,4.65415620803833
2011-02-10,4.6254706382751465
2011-02-11,4.546586990356445
2011-02-14,4.65415620803833
2011-02-15,4.55375862121582
2011-02-16,4.661327362060547
2011-02-17,4.646984577178955
2011-02-18,4.72586727142334
2011-02-21,4.632641792297363
2011-02-22,4.6182990074157715
2011-02-23,4.381647109985352
2011-02-24,4.381647109985352
2011-02-25,4.496387004852295
2011-02-28,4.6182990074157715
2011-03-01,4.6254706382751465
2011-03-02,4.6182990074157715
2011-03-03,4.582442283630371
2011-03-04,4.637579917907715
2011-03-09,4.637579917907715
2011-03-10,4.659285545349121
2011-03-11,4.7750444412231445
2011-03-14,4.731634140014648
2011-03-15,4.724399566650391
2011-03-16,4.702695369720459
2011-03-17,4.717164993286133
2011-03-18,4.7533392906188965
2011-03-21,4.767808437347412
2011-03-22,4.767808437347412
2011-03-23,4.579701900482178
2011-03-24,4.601406097412109
2011-03-25,4.644815444946289
2011-03-28,4.630345821380615
2011-03-29,4.680990695953369
2011-03-30,4.680990695953369
2011-03-31,4.673755645751953
2011-04-01,4.666520118713379
2011-04-04,4.898038387298584
2011-04-05,4.898038387298584
2011-04-06,4.9342122077941895
2011-04-07,4.919742584228516
2011-04-08,4.919742584228516
2011-04-11,4.941447734832764
2011-04-12,4.905272006988525
2011-04-13,4.840157508850098
2011-04-14,4.78951358795166
2011-04-15,4.78951358795166
2011-04-18,4.78951358795166
2011-04-19,4.86909818649292
2011-04-20,5.144025802612305
2011-04-25,5.0644402503967285
2011-04-26,5.035501003265381
2011-04-27,5.021030902862549
2011-04-28,4.84739351272583
2011-04-29,4.840157508850098
2011-05-02,4.832923412322998
2011-05-03,4.746103763580322
2011-05-04,4.702695369720459
2011-05-05,4.652050018310547
2011-05-06,4.702695369720459
2011-05-09,4.695460319519043
2011-05-10,4.695460319519043
2011-05-11,4.601406097412109
2011-05-12,4.507351875305176
2011-05-13,4.398828506469727
2011-05-16,4.398828506469727
2011-05-17,4.406063079833984
2011-05-18,4.232425689697266
2011-05-19,4.14560604095459
2011-05-20,4.189015865325928
2011-05-23,4.131136417388916
2011-05-24,4.116666793823242
2011-05-25,3.964733600616455
2011-05-26,3.8996188640594482
2011-05-27,3.8634445667266846
2011-05-30,3.8417398929595947
2011-05-31,3.906853675842285
2011-06-01,3.8345046043395996
2011-06-02,3.7910943031311035
2011-06-03,3.8345046043395996
2011-06-06,3.906853675842285
2011-06-07,3.9430294036865234
2011-06-08,3.8417398929595947
2011-06-09,3.856210231781006
2011-06-10,3.8345046043395996
2011-06-13,3.8923850059509277
2011-06-14,3.8851494789123535
2011-06-15,3.906853675842285
2011-06-16,3.8779146671295166
2011-06-17,3.805565357208252
2011-06-20,3.7476861476898193
2011-06-21,3.617457628250122
2011-06-22,3.5234034061431885
2011-06-24,3.5378737449645996
2011-06-27,3.5306389331817627
2011-06-28,3.5451080799102783
2011-06-29,3.5161681175231934
2011-06-30,3.5378737449645996
2011-07-01,3.6463968753814697
2011-07-04,3.7332160472869873
2011-07-05,3.68257212638855
2011-07-06,3.725982189178467
2011-07-07,3.805565357208252
2011-07-08,3.762155294418335
2011-07-11,3.6898069381713867
2011-07-12,3.68257212638855
2011-07-13,3.7910943031311035
2011-07-14,3.7838594913482666
2011-07-15,4.008143424987793
2011-07-18,3.971967935562134
2011-07-19,3.9430294036865234
2011-07-20,3.8706789016723633
2011-07-21,3.8779146671295166
2011-07-22,4.131136417388916
2011-07-25,4.232425689697266
2011-07-26,4.116666793823242
2011-07-27,3.9430294036865234
2011-07-28,3.8996188640594482
2011-07-29,4.015377998352051
2011-08-01,4.131136417388916
2011-08-02,4.058787822723389
2011-08-03,3.979203462600708
2011-08-04,3.762155294418335
2011-08-05,3.7042765617370605
2011-08-08,3.458289861679077
2011-08-09,3.617457628250122
2011-08-10,3.6029884815216064
2011-08-11,3.914088010787964
2011-08-12,4.029847621917725
2011-08-15,3.9430294036865234
2011-08-16,3.9430294036865234
2011-08-17,3.9502642154693604
2011-08-18,3.7910943031311035
2011-08-19,3.7476861476898193
2011-08-22,3.7838594913482666
2011-08-23,3.762155294418335
2011-08-24,3.8706789016723633
2011-08-25,3.8706789016723633
2011-08-26,3.7983295917510986
2011-08-29,3.827270269393921
2011-08-30,3.8634445667266846
2011-08-31,3.8417398929595947
2011-09-01,3.8779146671295166
2011-09-02,3.7549209594726562
2011-09-05,3.7332160472869873
2011-09-06,3.7910943031311035
2011-09-08,3.8706789016723633
2011-09-09,3.8345046043395996
2011-09-12,3.914088010787964
2011-09-13,3.812800168991089
2011-09-14,3.906853675842285
2011-09-15,3.9502642154693604
2011-09-16,3.906853675842285
2011-09-19,3.9357941150665283
2011-09-20,3.906853675842285
2011-09-21,3.8345046043395996
2011-09-22,3.6536316871643066
2011-09-23,3.617457628250122
2011-09-26,3.6536316871643066
2011-09-27,3.639162540435791
2011-09-28,3.617457628250122
2011-09-29,3.617457628250122
2011-09-30,3.5668134689331055
2011-10-03,3.4727590084075928
2011-10-04,3.5161681175231934
2011-10-05,3.5668134689331055
2011-10-06,3.5812833309173584
2011-10-07,3.465524435043335
2011-10-10,3.4727590084075928
2011-10-11,3.458289861679077
2011-10-13,3.4148805141448975
2011-10-14,3.393174886703491
2011-10-17,3.3859400749206543
2011-10-18,3.3859400749206543
2011-10-19,3.4872286319732666
2011-10-20,3.617457628250122
2011-10-21,3.6681020259857178
2011-10-24,3.7549209594726562
2011-10-25,3.7549209594726562
2011-10-26,3.617457628250122
2011-10-27,3.6536316871643066
2011-10-28,3.7115118503570557
2011-10-31,3.675337314605713
2011-11-01,3.5306389331817627
2011-11-03,3.4727590084075928
2011-11-04,3.5812833309173584
2011-11-07,3.6536316871643066
2011-11-08,3.5812833309173584
2011-11-09,3.617457628250122
2011-11-10,3.6536316871643066
2011-11-11,3.7042765617370605
2011-11-14,3.624692440032959
2011-11-16,3.610222578048706
2011-11-17,3.617457628250122
2011-11-18,3.639162540435791
2011-11-21,3.617457628250122
2011-11-22,3.6029884815216064
2011-11-23,3.617457628250122
2011-11-24,3.610222578048706
2011-11-25,3.675337314605713
2011-11-28,3.5812833309173584
2011-11-29,3.5957539081573486
2011-11-30,3.4727590084075928
2011-12-01,3.617457628250122
2011-12-02,3.617457628250122
2011-12-05,3.6608667373657227
2011-12-06,3.6898069381713867
2011-12-07,3.6608667373657227
2011-12-08,3.675337314605713
2011-12-09,3.762155294418335
2011-12-12,3.6681020259857178
2011-12-13,3.6536316871643066
2011-12-14,3.5885181427001953
2011-12-15,3.6608667373657227
2011-12-16,3.6029884815216064
2011-12-19,3.5451080799102783
2011-12-20,3.4727590084075928
2011-12-21,3.501699209213257
2011-12-22,3.4727590084075928
2011-12-23,3.5161681175231934
2011-12-26,3.508934259414673
2011-12-27,3.6898069381713867
2011-12-28,3.6898069381713867
2011-12-29,3.8345046043395996
2012-01-02,3.762155294418335
2012-01-03,3.7983295917510986
2012-01-04,3.762155294418335
2012-01-05,3.6608667373657227
2012-01-06,3.6463968753814697
2012-01-09,3.68257212638855
2012-01-10,3.6536316871643066
2012-01-11,3.617457628250122
2012-01-12,3.6536316871643066
2012-01-13,3.6536316871643066
2012-01-16,3.617457628250122
2012-01-17,3.5957539081573486
2012-01-18,3.5234034061431885
2012-01-19,3.6681020259857178
2012-01-20,3.6536316871643066
2012-01-23,3.7332160472869873
2012-01-24,3.6970410346984863
2012-01-26,3.7549209594726562
2012-01-27,3.8200347423553467
2012-01-30,3.8200347423553467
2012-01-31,3.812800168991089
2012-02-01,3.805565357208252
2012-02-02,3.7476861476898193
2012-02-03,3.8417398929595947
2012-02-06,3.964733600616455
2012-02-07,4.189015865325928
2012-02-08,4.283070087432861
2012-02-09,4.348184108734131
2012-02-10,4.3843584060668945
2012-02-13,4.3843584060668945
2012-02-14,4.340948581695557
2012-02-15,4.73886775970459
2012-02-16,4.666520118713379
2012-02-17,4.782278537750244
2012-02-23,4.514586925506592
2012-02-24,4.463942527770996
2012-02-27,4.630345821380615
2012-02-28,4.630345821380615
2012-02-29,4.630345821380615
2012-03-01,4.623110771179199
2012-03-02,4.630345821380615
2012-03-05,4.746103763580322
2012-03-06,5.057206153869629
2012-03-07,4.822958469390869
2012-03-08,4.747600078582764
2012-03-09,4.69484806060791
2012-03-12,4.7099199295043945
2012-03-13,4.890781402587891
2012-03-14,4.822958469390869
2012-03-15,4.935995578765869
2012-03-16,4.9812116622924805
2012-03-19,4.9812116622924805
2012-03-20,5.011354923248291
2012-03-21,5.237431526184082
2012-03-22,5.237431526184082
2012-03-23,5.26003885269165
2012-03-26,5.425827980041504
2012-03-27,5.275110244750977
2012-03-28,5.056570529937744
2012-03-29,5.267575263977051
2012-03-30,5.32786226272583
2012-04-02,5.651905059814453
2012-04-03,5.953339099884033
2012-04-04,5.9081244468688965
2012-04-05,5.915660858154297
2012-04-09,5.727263450622559
2012-04-10,5.877981662750244
2012-04-11,6.088985443115234
2012-04-12,6.088985443115234
2012-04-13,5.938268661499023
2012-04-16,5.915660858154297
2012-04-17,5.900588512420654
2012-04-18,5.99855375289917
2012-04-19,5.991018772125244
2012-04-20,6.104056358337402
2012-04-23,6.1417365074157715
2012-04-24,6.518529891967773
2012-04-25,6.3678131103515625
2012-04-26,6.3602776527404785
2012-04-27,6.480851173400879
2012-04-30,6.510995388031006
2012-05-02,6.510995388031006
2012-05-03,6.488386631011963
2012-05-04,6.405490875244141
2012-05-07,6.35274076461792
2012-05-08,6.149272441864014
2012-05-09,6.1568074226379395
2012-05-10,6.028697490692139
2012-05-11,6.104056358337402
2012-05-14,6.0060906410217285
2012-05-15,5.968410968780518
2012-05-16,5.968410968780518
2012-05-17,5.938268661499023
2012-05-18,5.877981662750244
2012-05-21,5.877981662750244
2012-05-22,5.877981662750244
2012-05-23,5.757406711578369
2012-05-24,5.727263450622559
2012-05-25,5.870445251464844
2012-05-28,5.749871253967285
2012-05-29,5.79508638381958
2012-05-30,5.832766056060791
2012-05-31,5.832766056060791
2012-06-01,5.727263450622559
2012-06-04,5.644369125366211
2012-06-05,5.486116409301758
2012-06-06,5.546402454376221
2012-06-08,5.719727039337158
2012-06-11,5.6368327140808105
2012-06-12,5.553937911987305
2012-06-13,5.621761798858643
2012-06-14,5.712192058563232
2012-06-15,5.734799385070801
2012-06-18,5.734799385070801
2012-06-19,5.742335319519043
2012-06-20,5.832766056060791
2012-06-21,5.862909317016602
2012-06-22,5.802622318267822
2012-06-25,6.119128227233887
2012-06-26,6.028697490692139
2012-06-27,6.028697490692139
2012-06-28,6.066378116607666
2012-06-29,6.3904194831848145
2012-07-02,6.126664161682129
2012-07-03,6.1417365074157715
2012-07-04,6.2397027015686035
2012-07-05,6.3602776527404785
2012-07-06,6.3602776527404785
2012-07-10,6.25477409362793
2012-07-11,6.111592769622803
2012-07-12,6.104056358337402
2012-07-13,6.104056358337402
2012-07-16,6.104056358337402
2012-07-17,6.149272441864014
2012-07-18,6.3678131103515625
2012-07-19,6.669248104095459
2012-07-20,6.586352825164795
2012-07-23,6.541137218475342
2012-07-24,6.488386631011963
2012-07-25,6.556209087371826
2012-07-26,6.782285690307617
2012-07-27,6.955611228942871
2012-07-30,6.970682144165039
2012-07-31,6.9405388832092285
2012-08-01,7.00836181640625
2012-08-02,7.046041488647461
2012-08-03,7.264581203460693
2012-08-06,7.4755859375
2012-08-07,7.415298938751221
2012-08-08,7.422835826873779
2012-08-09,7.241974830627441
2012-08-10,7.241974830627441
2012-08-13,7.4831223487854
2012-08-14,7.558480262756348
2012-08-15,7.513265609741211
2012-08-16,7.505730152130127
2012-08-17,7.498194217681885
2012-08-20,7.603696346282959
2012-08-21,7.6413750648498535
2012-08-22,8.040776252746582
2012-08-23,8.206565856933594
2012-08-24,8.266852378845215
2012-08-27,8.078455924987793
2012-08-28,8.040776252746582
2012-08-29,7.957881927490234
2012-08-30,7.88252067565918
2012-08-31,8.003097534179688
2012-09-03,7.965417385101318
2012-09-04,7.9126667976379395
2012-09-05,8.063383102416992
2012-09-06,8.138742446899414
2012-09-10,8.138742446899414
2012-09-11,7.9126667976379395
2012-09-12,7.799629211425781
2012-09-13,7.9880242347717285
2012-09-14,8.025704383850098
2012-09-17,7.950346946716309
2012-09-18,8.063383102416992
2012-09-19,8.214102745056152
2012-09-20,8.553215026855469
2012-09-21,8.816972732543945
2012-09-24,8.598431587219238
2012-09-25,8.824508666992188
2012-09-26,8.816972732543945
2012-09-27,8.703933715820312
2012-09-28,8.470322608947754
2012-10-01,8.440177917480469
2012-10-02,8.59089469909668
2012-10-03,8.734075546264648
2012-10-04,8.892330169677734
2012-10-05,8.914938926696777
2012-10-08,9.156086921691895
2012-10-09,9.223907470703125
2012-10-10,8.854650497436523
2012-10-11,8.809435844421387
2012-10-15,9.080728530883789
2012-10-16,9.344482421875
2012-10-17,9.359553337097168
2012-10-18,9.156086921691895
2012-10-19,8.884793281555176
2012-10-22,8.281922340393066
2012-10-23,8.289460182189941
2012-10-24,8.27438735961914
2012-10-25,8.251782417297363
2012-10-26,8.206565856933594
2012-10-29,7.9880242347717285
2012-10-30,8.168886184692383
2012-10-31,8.289460182189941
2012-11-01,8.440177917480469
2012-11-05,8.387426376342773
2012-11-06,8.658719062805176
2012-11-07,8.779292106628418
2012-11-08,8.508000373840332
2012-11-09,8.666254997253418
2012-11-12,8.658719062805176
2012-11-13,8.666254997253418
2012-11-14,8.440177917480469
2012-11-16,8.666254997253418
2012-11-19,8.703933715820312
2012-11-21,8.809435844421387
2012-11-22,8.892330169677734
2012-11-23,8.997832298278809
2012-11-26,8.583359718322754
2012-11-27,8.741612434387207
2012-11-28,8.666254997253418
2012-11-29,8.289460182189941
2012-11-30,8.093527793884277
2012-12-03,7.724269866943359
2012-12-04,8.138742446899414
2012-12-05,8.364819526672363
2012-12-06,8.281922340393066
2012-12-07,8.161351203918457
2012-12-10,7.905129909515381
2012-12-11,7.550946235656738
2012-12-12,7.385156154632568
2012-12-13,7.4680495262146
2012-12-14,7.686591148376465
2012-12-17,7.573552131652832
2012-12-18,7.611231803894043
2012-12-19,7.799629211425781
2012-12-20,7.837306976318359
2012-12-21,8.07091999053955
2012-12-26,8.078455924987793
2012-12-27,8.289460182189941
2012-12-28,8.470322608947754
2013-01-02,8.485395431518555
2013-01-03,8.455249786376953
2013-01-04,8.440177917480469
2013-01-07,8.440177917480469
2013-01-08,8.43264102935791
2013-01-09,8.440177917480469
2013-01-10,8.658719062805176
2013-01-11,8.658719062805176
2013-01-14,8.69639778137207
2013-01-15,8.703933715820312
2013-01-16,8.779292106628418
2013-01-17,9.193764686584473
2013-01-18,9.306803703308105
2013-01-21,9.449983596801758
2013-01-22,9.449983596801758
2013-01-23,9.758955955505371
2013-01-24,9.57055950164795
2013-01-28,9.721275329589844
2013-01-29,9.864458084106445
2013-01-30,9.721275329589844
2013-01-31,9.796634674072266
2013-02-01,9.796634674072266
2013-02-04,9.758955955505371
2013-02-05,9.864458084106445
2013-02-06,9.849386215209961
2013-02-07,9.532878875732422
2013-02-08,9.495200157165527
2013-02-13,9.645917892456055
2013-02-14,9.78909969329834
2013-02-15,10.090533256530762
2013-02-18,10.045320510864258
2013-02-19,9.96996021270752
2013-02-20,9.721275329589844
2013-02-21,9.736348152160645
2013-02-22,9.849386215209961
2013-02-25,9.736348152160645
2013-02-26,9.713741302490234
2013-02-27,9.864458084106445
2013-02-28,9.721275329589844
2013-03-01,9.608238220214844
2013-03-04,9.043045043945312
2013-03-05,8.749147415161133
2013-03-06,9.231441497802734
2013-03-07,8.892330169677734
2013-03-08,8.801899909973145
2013-03-11,9.080728530883789
2013-03-12,9.118408203125
2013-03-13,9.706205368041992
2013-03-14,9.736348152160645
2013-03-15,9.645917892456055
2013-03-18,9.608238220214844
2013-03-19,9.495200157165527
2013-03-20,9.502735137939453
2013-03-21,9.608238220214844
2013-03-22,9.57055950164795
2013-03-25,9.623310089111328
2013-03-26,9.653453826904297
2013-03-27,9.758955955505371
2013-03-28,9.871992111206055
2013-04-01,9.871992111206055
2013-04-02,9.834314346313477
2013-04-03,9.713741302490234
2013-04-04,9.269124984741211
2013-04-05,9.502735137939453
2013-04-08,9.630845069885254
2013-04-09,9.306803703308105
2013-04-10,9.193764686584473
2013-04-11,9.193764686584473
2013-04-12,9.382162094116211
2013-04-15,8.967690467834473
2013-04-16,9.073190689086914
2013-04-17,8.839580535888672
2013-04-18,9.043045043945312
2013-04-19,8.937545776367188
2013-04-22,8.945080757141113
2013-04-23,8.892330169677734
2013-04-24,8.839580535888672
2013-04-25,9.005367279052734
2013-04-26,9.005367279052734
2013-04-29,8.357283592224121
2013-04-30,8.59089469909668
2013-05-02,9.035511016845703
2013-05-03,9.035511016845703
2013-05-06,9.065655708312988
2013-05-07,9.231441497802734
2013-05-08,9.193764686584473
2013-05-09,8.967690467834473
2013-05-10,8.658719062805176
2013-05-13,8.508000373840332
2013-05-14,8.289460182189941
2013-05-15,8.27438735961914
2013-05-16,8.176423072814941
2013-05-17,8.063383102416992
2013-05-20,8.003097534179688
2013-05-21,7.814699649810791
2013-05-22,7.724269866943359
2013-05-23,7.867451190948486
2013-05-24,7.799629211425781
2013-05-27,7.686591148376465
2013-05-28,7.837306976318359
2013-05-29,7.957881927490234
2013-05-31,7.950346946716309
2013-06-03,7.761950492858887
2013-06-04,8.003097534179688
2013-06-05,7.905129909515381
2013-06-06,7.995560646057129
2013-06-07,7.799629211425781
2013-06-10,7.874987602233887
2013-06-11,7.626303672790527
2013-06-12,7.573552131652832
2013-06-13,7.799629211425781
2013-06-14,7.769484996795654
2013-06-17,7.9880242347717285
2013-06-18,7.890058517456055
2013-06-19,7.761950492858887
2013-06-20,7.9126667976379395
2013-06-21,7.611231803894043
2013-06-24,7.663983345031738
2013-06-25,7.611231803894043
2013-06-26,7.573552131652832
2013-06-27,7.837306976318359
2013-06-28,7.822235584259033
2013-07-01,7.611231803894043
2013-07-02,7.452977657318115
2013-07-03,7.264581203460693
2013-07-04,7.272116661071777
2013-07-05,6.9330034255981445
2013-07-08,6.721999168395996
2013-07-10,6.789822101593018
2013-07-11,6.774749755859375
2013-07-12,6.556209087371826
2013-07-15,6.684319496154785
2013-07-16,6.872715950012207
2013-07-17,7.00836181640625
2013-07-18,7.19675874710083
2013-07-19,7.098793029785156
2013-07-22,7.046041488647461
2013-07-23,7.07618522644043
2013-07-24,7.015897274017334
2013-07-25,6.948074817657471
2013-07-26,6.948074817657471
2013-07-29,6.895323753356934
2013-07-30,6.782285690307617
2013-07-31,6.857644081115723
2013-08-01,7.053576946258545
2013-08-02,7.249509811401367
2013-08-05,7.249509811401367
2013-08-06,7.121400356292725
2013-08-07,6.993290424346924
2013-08-08,7.08372163772583
2013-08-09,7.573552131652832
2013-08-12,7.520801544189453
2013-08-13,7.611231803894043
2013-08-14,7.761950492858887
2013-08-15,7.837306976318359
2013-08-16,8.10106372833252
2013-08-19,8.27438735961914
2013-08-20,8.402499198913574
2013-08-21,8.281922340393066
2013-08-22,8.364819526672363
2013-08-23,8.176423072814941
2013-08-26,8.183956146240234
2013-08-27,8.153812408447266
2013-08-28,7.92020320892334
2013-08-29,7.995560646057129
2013-08-30,8.003097534179688
2013-09-02,8.251782417297363
2013-09-03,8.372354507446289
2013-09-04,8.440177917480469
2013-09-05,8.440177917480469
2013-09-06,8.289460182189941
2013-09-09,8.289460182189941
2013-09-10,8.289460182189941
2013-09-11,8.289460182189941
2013-09-12,8.470322608947754
2013-09-13,8.485395431518555
2013-09-16,8.312067031860352
2013-09-17,8.289460182189941
2013-09-18,8.025704383850098
2013-09-19,7.9126667976379395
2013-09-20,7.814699649810791
2013-09-23,7.5358734130859375
2013-09-24,7.437906742095947
2013-09-25,7.309797286987305
2013-09-26,7.633838653564453
2013-09-27,7.520801544189453
2013-09-30,7.611231803894043
2013-10-01,7.520801544189453
2013-10-02,7.6413750648498535
2013-10-03,7.5358734130859375
2013-10-04,7.5660176277160645
2013-10-07,7.385156154632568
2013-10-08,7.264581203460693
2013-10-09,7.309797286987305
2013-10-10,7.159078598022461
2013-10-11,7.159078598022461
2013-10-14,7.4002275466918945
2013-10-15,7.422835826873779
2013-10-16,7.498194217681885
2013-10-17,7.385156154632568
2013-10-18,7.234437465667725
2013-10-21,7.159078598022461
2013-10-22,7.19675874710083
2013-10-23,7.136471271514893
2013-10-24,7.1741509437561035
2013-10-25,7.181686878204346
2013-10-28,7.151543140411377
2013-10-29,7.121400356292725
2013-10-30,7.159078598022461
2013-10-31,7.098793029785156
2013-11-01,7.460514545440674
2013-11-04,7.611231803894043
2013-11-05,7.5961594581604
2013-11-06,7.54340934753418
2013-11-07,7.648910999298096
2013-11-08,7.686591148376465
2013-11-11,7.761950492858887
2013-11-12,7.686591148376465
2013-11-13,7.611231803894043
2013-11-14,7.724269866943359
2013-11-18,7.618766784667969
2013-11-19,7.513265609741211
2013-11-21,7.4077630043029785
2013-11-22,7.581089496612549
2013-11-25,7.513265609741211
2013-11-26,7.520801544189453
2013-11-27,7.6413750648498535
2013-11-28,7.739342212677002
2013-11-29,7.837306976318359
2013-12-02,7.716733932495117
2013-12-03,7.686591148376465
2013-12-04,7.550946235656738
2013-12-05,7.671520233154297
2013-12-06,7.663983345031738
2013-12-09,7.5358734130859375
2013-12-10,7.761950492858887
2013-12-11,7.581089496612549
2013-12-12,7.5358734130859375
2013-12-13,7.581089496612549
2013-12-16,7.611231803894043
2013-12-17,7.686591148376465
2013-12-18,7.6564483642578125
2013-12-19,7.829771518707275
2013-12-20,8.153812408447266
2013-12-23,8.364819526672363
2013-12-26,8.394963264465332
2013-12-27,8.402499198913574
2013-12-30,8.666254997253418
2014-01-02,8.47785758972168
2014-01-03,8.583359718322754
2014-01-06,8.417571067810059
2014-01-07,8.455249786376953
2014-01-08,8.440177917480469
2014-01-09,8.402499198913574
2014-01-10,8.47785758972168
2014-01-13,8.515536308288574
2014-01-14,8.621038436889648
2014-01-15,8.779292106628418
2014-01-16,8.734075546264648
2014-01-17,8.69639778137207
2014-01-20,8.666254997253418
2014-01-21,8.666254997253418
2014-01-22,8.824508666992188
2014-01-23,8.605966567993164
2014-01-24,8.643646240234375
2014-01-27,8.402499198913574
2014-01-28,8.229174613952637
2014-01-29,8.43264102935791
2014-01-30,8.334673881530762
2014-01-31,8.27438735961914
2014-02-03,8.063383102416992
2014-02-04,8.063383102416992
2014-02-05,7.9126667976379395
2014-02-06,8.10106372833252
2014-02-07,8.108600616455078
2014-02-10,7.859915256500244
2014-02-11,7.837306976318359
2014-02-12,7.799629211425781
2014-02-13,8.108600616455078
2014-02-14,8.063383102416992
2014-02-17,8.018169403076172
2014-02-18,7.7544121742248535
2014-02-19,7.7544121742248535
2014-02-20,7.829771518707275
2014-02-21,7.874987602233887
2014-02-24,7.9126667976379395
2014-02-25,7.761950492858887
2014-02-26,7.852378845214844
2014-02-27,7.9126667976379395
2014-02-28,7.950346946716309
2014-03-05,7.859915256500244
2014-03-06,7.385156154632568
2014-03-07,7.385156154632568
2014-03-10,7.385156154632568
2014-03-11,7.5961594581604
2014-03-12,7.558480262756348
2014-03-13,7.430370807647705
2014-03-14,7.385156154632568
2014-03-17,7.234437465667725
2014-03-18,7.4002275466918945
2014-03-19,7.490659236907959
2014-03-20,7.686591148376465
2014-03-21,7.686591148376465
2014-03-24,7.573552131652832
2014-03-25,7.550946235656738
2014-03-26,7.4831223487854
2014-03-27,7.611231803894043
2014-03-28,7.618766784667969
2014-03-31,7.611231803894043
2014-04-01,7.422835826873779
2014-04-02,7.6413750648498535
2014-04-03,7.837306976318359
2014-04-04,7.905129909515381
2014-04-07,8.010632514953613
2014-04-08,7.9126667976379395
2014-04-09,7.822235584259033
2014-04-10,7.5358734130859375
2014-04-11,7.679056167602539
2014-04-14,7.611231803894043
2014-04-15,7.611231803894043
2014-04-16,7.761950492858887
2014-04-17,7.9126667976379395
2014-04-22,7.8975934982299805
2014-04-23,7.784557342529297
2014-04-24,7.558480262756348
2014-04-25,7.460514545440674
2014-04-28,7.498194217681885
2014-04-29,7.385156154632568
2014-04-30,7.550946235656738
2014-05-02,7.633838653564453
2014-05-05,7.633838653564453
2014-05-06,7.686591148376465
2014-05-07,7.573552131652832
2014-05-08,7.5358734130859375
2014-05-09,7.437906742095947
2014-05-12,7.5358734130859375
2014-05-13,7.422835826873779
2014-05-14,7.452977657318115
2014-05-15,7.54340934753418
2014-05-16,7.4831223487854
2014-05-19,7.415298938751221
2014-05-20,7.355013847351074
2014-05-21,7.3022613525390625
2014-05-22,7.573552131652832
2014-05-23,7.460514545440674
2014-05-26,7.498194217681885
2014-05-27,7.460514545440674
2014-05-28,7.4002275466918945
2014-05-29,7.385156154632568
2014-05-30,7.385156154632568
2014-06-02,7.490659236907959
2014-06-03,7.701660633087158
2014-06-04,7.859915256500244
2014-06-05,7.844842910766602
2014-06-06,7.9880242347717285
2014-06-09,7.950346946716309
2014-06-10,7.9126667976379395
2014-06-11,7.874987602233887
2014-06-13,7.9126667976379395
2014-06-16,7.9126667976379395
2014-06-17,8.161351203918457
2014-06-18,8.010632514953613
2014-06-20,8.063383102416992
2014-06-23,8.05584716796875
2014-06-24,8.153812408447266
2014-06-25,7.9880242347717285
2014-06-26,8.221639633178711
2014-06-27,8.440177917480469
2014-06-30,8.357283592224121
2014-07-01,8.176423072814941
2014-07-02,8.440177917480469
2014-07-03,8.47785758972168
2014-07-04,8.508000373840332
2014-07-07,8.59089469909668
2014-07-08,8.54568099975586
2014-07-10,8.492928504943848
2014-07-11,8.530607223510742
2014-07-14,8.59089469909668
2014-07-15,8.364819526672363
2014-07-16,8.199029922485352
2014-07-17,8.417571067810059
2014-07-18,8.485395431518555
2014-07-21,8.43264102935791
2014-07-22,8.515536308288574
2014-07-23,8.59089469909668
2014-07-24,8.59089469909668
2014-07-25,8.62857437133789
2014-07-28,8.553215026855469
2014-07-29,8.500463485717773
2014-07-30,8.553215026855469
2014-07-31,8.69639778137207
2014-08-01,8.816972732543945
2014-08-04,9.095799446105957
2014-08-05,9.163620948791504
2014-08-06,9.080728530883789
2014-08-07,9.299266815185547
2014-08-08,9.201299667358398
2014-08-11,9.359553337097168
2014-08-12,9.269124984741211
2014-08-13,9.193764686584473
2014-08-14,9.465057373046875
2014-08-15,9.495200157165527
2014-08-18,9.352019309997559
2014-08-19,9.261587142944336
2014-08-20,9.231441497802734
2014-08-21,9.314337730407715
2014-08-22,9.344482421875
2014-08-25,9.645917892456055
2014-08-26,9.645917892456055
2014-08-27,9.834314346313477
2014-08-28,9.796634674072266
2014-08-29,10.03024673461914
2014-09-01,9.706205368041992
2014-09-02,9.691132545471191
2014-09-03,9.78909969329834
2014-09-04,9.917210578918457
2014-09-05,10.022709846496582
2014-09-08,9.736348152160645
2014-09-09,9.585630416870117
2014-09-10,9.442447662353516
2014-09-11,9.615774154663086
2014-09-12,9.676060676574707
2014-09-15,9.721275329589844
2014-09-16,9.811707496643066
2014-09-17,10.105606079101562
2014-09-18,10.309074401855469
2014-09-19,10.203572273254395
2014-09-22,9.834314346313477
2014-09-23,9.796634674072266
2014-09-24,9.871992111206055
2014-09-25,9.796634674072266
2014-09-26,9.796634674072266
2014-09-29,9.819243431091309
2014-09-30,9.68359661102295
2014-10-01,9.427376747131348
2014-10-02,9.299266815185547
2014-10-03,9.389697074890137
2014-10-06,9.585630416870117
2014-10-07,9.630845069885254
2014-10-08,9.57055950164795
2014-10-09,9.487662315368652
2014-10-10,9.54041576385498
2014-10-13,9.238980293273926
2014-10-14,9.487662315368652
2014-10-15,9.314337730407715
2014-10-16,9.231441497802734
2014-10-17,9.412304878234863
2014-10-20,9.163620948791504
2014-10-21,9.156086921691895
2014-10-22,8.952617645263672
2014-10-23,8.967690467834473
2014-10-24,8.892330169677734
2014-10-27,9.223907470703125
2014-10-28,9.63838005065918
2014-10-29,9.344482421875
2014-10-30,9.148550033569336
2014-10-31,9.608238220214844
2014-11-03,9.269124984741211
2014-11-04,9.291730880737305
2014-11-05,9.080728530883789
2014-11-06,8.967690467834473
2014-11-07,9.050583839416504
2014-11-10,8.930010795593262
2014-11-11,8.741612434387207
2014-11-12,8.952617645263672
2014-11-13,8.59089469909668
2014-11-14,8.440177917480469
2014-11-17,8.327139854431152
2014-11-18,8.12367057800293
2014-11-19,8.063383102416992
2014-11-21,8.440177917480469
2014-11-24,8.59089469909668
2014-11-25,8.688861846923828
2014-11-26,8.500463485717773
2014-11-27,8.440177917480469
2014-11-28,8.59089469909668
2014-12-01,8.161351203918457
2014-12-02,7.5358734130859375
2014-12-03,7.761950492858887
2014-12-04,7.686591148376465
2014-12-05,7.611231803894043
2014-12-08,7.347476482391357
2014-12-09,7.5358734130859375
2014-12-10,7.5961594581604
2014-12-11,7.498194217681885
2014-12-12,7.234437465667725
2014-12-15,6.9330034255981445
2014-12-16,6.850108623504639
2014-12-17,7.0686492919921875
2014-12-18,7.1741509437561035
2014-12-19,7.159078598022461
2014-12-22,7.121400356292725
2014-12-23,7.159078598022461
2014-12-26,7.241974830627441
2014-12-29,7.347476482391357
2014-12-30,7.370084285736084
2015-01-02,7.144007205963135
2015-01-05,6.80489444732666
2015-01-06,6.706925868988037
2015-01-07,7.151543140411377
2015-01-08,7.121400356292725
2015-01-09,6.993290424346924
2015-01-12,6.782285690307617
2015-01-13,6.917931079864502
2015-01-14,6.917931079864502
2015-01-15,7.272116661071777
2015-01-16,7.347476482391357
2015-01-19,6.970682144165039
2015-01-20,6.75214147567749
2015-01-21,6.827500820159912
2015-01-22,6.706925868988037
2015-01-23,6.676783084869385
2015-01-26,6.669248104095459
2015-01-27,6.5486741065979
2015-01-28,6.458242893218994
2015-01-29,6.4959235191345215
2015-01-30,6.593890190124512
2015-02-02,6.405490875244141
2015-02-03,6.262310028076172
2015-02-04,6.3602776527404785
2015-02-05,6.35274076461792
2015-02-06,6.330132961273193
2015-02-09,6.405490875244141
2015-02-10,6.209559440612793
2015-02-11,6.058842182159424
2015-02-12,5.900588512420654
2015-02-13,6.104056358337402
2015-02-18,6.262310028076172
2015-02-19,6.428099155426025
2015-02-20,6.4959235191345215
2015-02-23,6.721999168395996
2015-02-24,6.556209087371826
2015-02-25,6.510995388031006
2015-02-26,6.827500820159912
2015-02-27,6.774749755859375
2015-03-02,6.669248104095459
2015-03-03,6.684319496154785
2015-03-04,6.706925868988037
2015-03-05,6.5034589767456055
2015-03-06,6.126664161682129
2015-03-09,5.606689453125
2015-03-10,5.734799385070801
2015-03-11,5.70465612411499
2015-03-12,5.870445251464844
2015-03-13,5.742335319519043
2015-03-16,5.606689453125
2015-03-17,5.727263450622559
2015-03-18,5.719727039337158
2015-03-19,5.953339099884033
2015-03-20,6.1568074226379395
2015-03-23,5.975947380065918
2015-03-24,5.915660858154297
2015-03-25,5.930732250213623
2015-03-26,5.599153518676758
2015-03-27,5.365541934967041
2015-03-30,5.569009780883789
2015-03-31,5.576546669006348
2015-04-01,5.501187324523926
2015-04-02,5.6368327140808105
2015-04-06,5.802622318267822
2015-04-07,5.915660858154297
2015-04-08,5.953339099884033
2015-04-09,5.991018772125244
2015-04-10,6.179415225982666
2015-04-13,6.111592769622803
2015-04-14,6.036234378814697
2015-04-15,6.028697490692139
2015-04-16,5.915660858154297
2015-04-17,5.749871253967285
2015-04-20,5.89305305480957
2015-04-22,5.840300559997559
2015-04-23,5.764942646026611
2015-04-24,5.727263450622559
2015-04-27,5.697120666503906
2015-04-28,5.802622318267822
2015-04-29,6.0437703132629395
2015-04-30,6.518529891967773
2015-05-04,6.7295331954956055
2015-05-05,7.211831569671631
2015-05-06,6.985754013061523
2015-05-07,6.782285690307617
2015-05-08,6.782285690307617
2015-05-11,6.706925868988037
2015-05-12,6.684319496154785
2015-05-13,6.75214147567749
2015-05-14,7.159078598022461
2015-05-15,7.234437465667725
2015-05-18,7.08372163772583
2015-05-19,7.648910999298096
2015-05-20,7.792092800140381
2015-05-21,7.874987602233887
2015-05-22,7.694126129150391
2015-05-25,7.611231803894043
2015-05-26,7.550946235656738
2015-05-27,7.5358734130859375
2015-05-28,7.648910999298096
2015-05-29,7.716733932495117
2015-06-01,7.603696346282959
2015-06-02,7.5283379554748535
2015-06-03,7.5358734130859375
2015-06-05,7.5358734130859375
2015-06-08,7.385156154632568
2015-06-09,7.558480262756348
2015-06-10,7.550946235656738
2015-06-11,7.746877193450928
2015-06-12,7.867451190948486
2015-06-15,7.837306976318359
2015-06-16,7.867451190948486
2015-06-17,7.9126667976379395
2015-06-18,8.10106372833252
2015-06-19,8.14627742767334
2015-06-22,8.327139854431152
2015-06-23,8.470322608947754
2015-06-24,8.410035133361816
2015-06-25,8.500463485717773
2015-06-26,8.643646240234375
2015-06-29,8.530607223510742
2015-06-30,8.583359718322754
2015-07-01,8.47785758972168
2015-07-02,8.176423072814941
2015-07-03,8.214102745056152
2015-07-06,7.9880242347717285
2015-07-07,8.289460182189941
2015-07-08,8.085989952087402
2015-07-10,8.033242225646973
2015-07-13,8.025704383850098
2015-07-14,8.063383102416992
2015-07-15,8.259317398071289
2015-07-16,8.515536308288574
2015-07-17,8.289460182189941
2015-07-20,8.515536308288574
2015-07-21,8.176423072814941
2015-07-22,8.176423072814941
2015-07-23,7.9126667976379395
2015-07-24,7.5358734130859375
2015-07-27,7.611231803894043
2015-07-28,8.018169403076172
2015-07-29,8.003097534179688
2015-07-30,8.244244575500488
2015-07-31,8.447713851928711
2015-08-03,8.312067031860352
2015-08-04,8.67379093170166
2015-08-05,8.229174613952637
2015-08-06,7.9804887771606445
2015-08-07,7.905129909515381
2015-08-10,8.063383102416992
2015-08-11,8.063383102416992
2015-08-12,8.327139854431152
2015-08-13,8.47785758972168
2015-08-14,8.741612434387207
2015-08-17,8.59089469909668
2015-08-18,8.741612434387207
2015-08-19,8.54568099975586
2015-08-20,8.34221076965332
2015-08-21,8.296995162963867
2015-08-24,8.048312187194824
2015-08-25,7.950346946716309
2015-08-26,8.34221076965332
2015-08-27,8.379892349243164
2015-08-28,8.666254997253418
2015-08-31,8.711469650268555
2015-09-01,8.726540565490723
2015-09-02,9.080728530883789
2015-09-03,9.043045043945312
2015-09-04,9.314337730407715
2015-09-08,9.404767990112305
2015-09-09,9.291730880737305
2015-09-10,9.269124984741211
2015-09-11,9.532878875732422
2015-09-14,9.645917892456055
2015-09-15,9.721275329589844
2015-09-16,9.871992111206055
2015-09-17,9.985032081604004
2015-09-18,9.736348152160645
2015-09-21,9.774026870727539
2015-09-22,9.668525695800781
2015-09-23,9.819243431091309
2015-09-24,9.68359661102295
2015-09-25,9.766491889953613
2015-09-28,9.758955955505371
2015-09-29,9.593165397644043
2015-09-30,10.052854537963867
2015-10-01,10.248788833618164
2015-10-02,10.361824989318848
2015-10-05,10.36936092376709
2015-10-06,9.985032081604004
2015-10-07,10.022709846496582
2015-10-08,9.645917892456055
2015-10-09,9.623310089111328
2015-10-13,9.676060676574707
2015-10-14,9.382162094116211
2015-10-15,9.706205368041992
2015-10-16,9.917210578918457
2015-10-19,9.954888343811035
2015-10-20,9.796634674072266
2015-10-21,9.743882179260254
2015-10-22,9.871992111206055
2015-10-23,9.804171562194824
2015-10-26,9.992568969726562
2015-10-27,10.316609382629395
2015-10-28,10.12067699432373
2015-10-29,9.834314346313477
2015-10-30,9.615774154663086
2015-11-03,9.758955955505371
2015-11-04,10.015174865722656
2015-11-05,9.758955955505371
2015-11-06,9.758955955505371
2015-11-09,9.510272026062012
2015-11-10,9.495200157165527
2015-11-11,9.630845069885254
2015-11-12,9.389697074890137
2015-11-13,9.382162094116211
2015-11-16,9.223907470703125
2015-11-17,9.382162094116211
2015-11-18,9.178692817687988
2015-11-19,9.073190689086914
2015-11-23,8.877257347106934
2015-11-24,8.666254997253418
2015-11-25,8.892330169677734
2015-11-26,8.816972732543945
2015-11-27,8.59089469909668
2015-11-30,8.605966567993164
2015-12-01,8.59089469909668
2015-12-02,8.508000373840332
2015-12-03,8.47785758972168
2015-12-04,8.364819526672363
2015-12-07,8.779292106628418
2015-12-08,8.59089469909668
2015-12-09,8.553215026855469
2015-12-10,8.816972732543945
2015-12-11,8.892330169677734
2015-12-14,8.67379093170166
2015-12-15,8.364819526672363
2015-12-16,8.43264102935791
2015-12-17,8.59089469909668
2015-12-18,8.914938926696777
2015-12-21,8.809435844421387
2015-12-22,9.193764686584473
2015-12-23,9.555488586425781
2015-12-28,9.615774154663086
2015-12-29,9.630845069885254
2015-12-30,10.022709846496582
2016-01-04,9.419840812683105
2016-01-05,9.751420021057129
2016-01-06,9.608238220214844
2016-01-07,9.125941276550293
2016-01-08,9.005367279052734
2016-01-11,9.178692817687988
2016-01-12,9.156086921691895
2016-01-13,8.975225448608398
2016-01-14,8.643646240234375
2016-01-15,8.440177917480469
2016-01-18,8.47785758972168
2016-01-19,8.703933715820312
2016-01-20,8.666254997253418
2016-01-21,8.666254997253418
2016-01-22,8.937545776367188
2016-01-26,8.703933715820312
2016-01-27,8.816972732543945
2016-01-28,8.975225448608398
2016-01-29,9.254051208496094
2016-02-01,9.231441497802734
2016-02-02,9.043045043945312
2016-02-03,9.027976989746094
2016-02-04,9.043045043945312
2016-02-05,9.110872268676758
2016-02-10,9.125941276550293
2016-02-11,8.59089469909668
2016-02-12,8.470322608947754
2016-02-15,8.500463485717773
2016-02-16,8.515536308288574
2016-02-17,8.553215026855469
2016-02-18,8.59089469909668
2016-02-19,8.907402992248535
2016-02-22,9.306803703308105
2016-02-23,9.043045043945312
2016-02-24,9.193764686584473
2016-02-25,9.193764686584473
2016-02-26,8.703933715820312
2016-02-29,8.899867057800293
2016-03-01,8.839580535888672
2016-03-02,9.012904167175293
2016-03-03,9.246516227722168
2016-03-04,8.884793281555176
2016-03-07,8.84711742401123
2016-03-08,8.553215026855469
2016-03-09,8.816972732543945
2016-03-10,8.666254997253418
2016-03-11,8.47785758972168
2016-03-14,8.560750961303711
2016-03-15,8.440177917480469
2016-03-16,8.945080757141113
2016-03-17,8.741612434387207
2016-03-18,8.59089469909668
2016-03-21,8.62857437133789
2016-03-22,8.62857437133789
2016-03-23,8.703933715820312
2016-03-24,8.703933715820312
2016-03-28,8.59089469909668
2016-03-29,8.515536308288574
2016-03-30,8.440177917480469
2016-03-31,8.440177917480469
2016-04-01,8.59089469909668
2016-04-04,8.168886184692383
2016-04-05,8.153812408447266
2016-04-06,8.048312187194824
2016-04-07,7.9126667976379395
2016-04-08,7.724269866943359
2016-04-11,7.671520233154297
2016-04-12,7.874987602233887
2016-04-13,8.033242225646973
2016-04-14,8.063383102416992
2016-04-15,8.085989952087402
2016-04-18,7.927739143371582
2016-04-19,8.14627742767334
2016-04-20,8.296995162963867
2016-04-22,8.410035133361816
2016-04-25,8.402499198913574
2016-04-26,8.402499198913574
2016-04-27,8.296995162963867
2016-04-28,8.025704383850098
2016-04-29,7.965417385101318
2016-05-02,7.799629211425781
2016-05-03,7.761950492858887
2016-05-04,7.7544121742248535
2016-05-05,7.573552131652832
2016-05-06,7.498194217681885
2016-05-09,7.347476482391357
2016-05-10,7.445442199707031
2016-05-11,7.8975934982299805
2016-05-12,7.837306976318359
2016-05-13,7.686591148376465
2016-05-16,7.611231803894043
2016-05-17,7.5283379554748535
2016-05-18,7.430370807647705
2016-05-19,7.452977657318115
2016-05-20,7.3248677253723145
2016-05-23,7.2796525955200195
2016-05-24,7.272116661071777
2016-05-25,7.181686878204346
2016-05-27,7.136471271514893
2016-05-30,7.113864421844482
2016-05-31,7.136471271514893
2016-06-01,7.00836181640625
2016-06-02,7.159078598022461
2016-06-03,7.061114311218262
2016-06-06,6.970682144165039
2016-06-07,6.963146209716797
2016-06-08,6.963146209716797
2016-06-09,7.159078598022461
2016-06-10,7.10632848739624
2016-06-13,6.9405388832092285
2016-06-14,6.865180492401123
2016-06-15,6.872715950012207
2016-06-16,6.880251884460449
2016-06-17,6.782285690307617
2016-06-20,6.782285690307617
2016-06-21,6.744606018066406
2016-06-22,6.593890190124512
2016-06-23,7.000824451446533
2016-06-24,6.850108623504639
2016-06-27,6.631568908691406
2016-06-28,6.684319496154785
2016-06-29,6.774749755859375
2016-06-30,6.902859687805176
2016-07-01,6.857644081115723
2016-07-04,6.872715950012207
2016-07-05,6.79735803604126
2016-07-06,6.7295331954956055
2016-07-07,6.895323753356934
2016-07-08,6.917931079864502
2016-07-11,6.737070560455322
2016-07-12,6.895323753356934
2016-07-13,6.782285690307617
2016-07-14,6.79735803604126
2016-07-15,6.7295331954956055
2016-07-18,6.744606018066406
2016-07-19,6.654175758361816
2016-07-20,6.706925868988037
2016-07-21,7.159078598022461
2016-07-22,7.136471271514893
2016-07-25,7.0686492919921875
2016-07-26,7.2042951583862305
2016-07-27,7.159078598022461
2016-07-28,7.151543140411377
2016-07-29,7.234437465667725
2016-08-01,7.19675874710083
2016-08-02,7.166616439819336
2016-08-03,7.2796525955200195
2016-08-04,7.309797286987305
2016-08-05,7.166616439819336
2016-08-08,7.2042951583862305
2016-08-09,7.1741509437561035
2016-08-10,7.159078598022461
2016-08-11,7.030969619750977
2016-08-12,7.0686492919921875
2016-08-15,6.985754013061523
2016-08-16,6.9330034255981445
2016-08-17,6.948074817657471
2016-08-18,6.887787342071533
2016-08-19,6.850108623504639
2016-08-22,6.835035800933838
2016-08-23,6.887787342071533
2016-08-24,7.00836181640625
2016-08-25,7.038506031036377
2016-08-26,6.993290424346924
2016-08-29,7.030969619750977
2016-08-30,7.10632848739624
2016-08-31,7.113864421844482
2016-09-01,7.241974830627441
2016-09-02,7.4680495262146
2016-09-05,7.452977657318115
2016-09-06,7.3926920890808105
2016-09-08,7.385156154632568
2016-09-09,7.272116661071777
2016-09-12,7.144007205963135
2016-09-13,7.113864421844482
2016-09-14,7.226902961730957
2016-09-15,7.347476482391357
2016-09-16,7.513265609741211
2016-09-19,7.611231803894043
2016-09-20,7.430370807647705
2016-09-21,7.4002275466918945
2016-09-22,7.332406044006348
2016-09-23,7.377618789672852
2016-09-26,7.234437465667725
2016-09-27,7.3022613525390625
2016-09-28,7.234437465667725
2016-09-29,7.234437465667725
2016-09-30,7.234437465667725
2016-10-03,7.4831223487854
2016-10-04,7.550946235656738
2016-10-05,7.626303672790527
2016-10-06,7.686591148376465
2016-10-07,7.701660633087158
2016-10-10,7.633838653564453
2016-10-11,7.716733932495117
2016-10-13,7.724269866943359
2016-10-14,7.874987602233887
2016-10-17,7.761950492858887
2016-10-18,7.724269866943359
2016-10-19,7.686591148376465
2016-10-20,7.618766784667969
2016-10-21,7.6413750648498535
2016-10-24,7.859915256500244
2016-10-25,7.724269866943359
2016-10-26,7.724269866943359
2016-10-27,7.6413750648498535
2016-10-28,7.6564483642578125
2016-10-31,7.618766784667969
2016-11-01,7.573552131652832
2016-11-03,7.272116661071777
2016-11-04,7.151543140411377
2016-11-07,7.422835826873779
2016-11-08,7.272116661071777
2016-11-09,7.513265609741211
2016-11-10,7.558480262756348
2016-11-11,7.874987602233887
2016-11-14,7.9880242347717285
2016-11-16,7.761950492858887
2016-11-17,7.859915256500244
2016-11-18,8.168886184692383
2016-11-21,8.364819526672363
2016-11-22,8.621038436889648
2016-11-23,8.869722366333008
2016-11-24,8.975225448608398
2016-11-25,9.231441497802734
2016-11-28,9.043045043945312
2016-11-29,9.148550033569336
2016-11-30,9.231441497802734
2016-12-01,9.178692817687988
2016-12-02,9.246516227722168
2016-12-05,9.178692817687988
2016-12-06,9.344482421875
2016-12-07,9.261587142944336
2016-12-08,9.238980293273926
2016-12-09,9.080728530883789
2016-12-12,8.937545776367188
2016-12-13,8.854650497436523
2016-12-14,8.937545776367188
2016-12-15,8.982760429382324
2016-12-16,8.824508666992188
2016-12-19,8.779292106628418
2016-12-20,8.69639778137207
2016-12-21,9.043045043945312
2016-12-22,8.930010795593262
2016-12-23,8.945080757141113
2016-12-26,9.012904167175293
2016-12-27,9.110872268676758
2016-12-28,9.043045043945312
2016-12-29,9.156086921691895
2017-01-02,8.967690467834473
2017-01-03,9.18622875213623
2017-01-04,8.982760429382324
2017-01-05,8.892330169677734
2017-01-06,8.854650497436523
2017-01-09,8.711469650268555
2017-01-10,8.967690467834473
2017-01-11,8.92247486114502
2017-01-12,8.92247486114502
2017-01-13,8.952617645263672
2017-01-16,8.899867057800293
2017-01-17,9.012904167175293
2017-01-18,8.930010795593262
2017-01-19,8.854650497436523
2017-01-20,9.027976989746094
2017-01-23,8.967690467834473
2017-01-24,8.990297317504883
2017-01-26,8.92247486114502
2017-01-27,8.854650497436523
2017-01-30,8.741612434387207
2017-01-31,9.050583839416504
2017-02-01,9.073190689086914
2017-02-02,9.080728530883789
2017-02-03,8.967690467834473
2017-02-06,8.907402992248535
2017-02-07,8.816972732543945
2017-02-08,8.816972732543945
2017-02-09,8.854650497436523
2017-02-10,8.854650497436523
2017-02-13,8.990297317504883
2017-02-14,8.92247486114502
2017-02-15,9.178692817687988
2017-02-16,9.005367279052734
2017-02-17,8.967690467834473
2017-02-20,8.794363975524902
2017-02-21,8.703933715820312
2017-02-22,8.289460182189941
2017-02-23,8.183956146240234
2017-02-24,8.138742446899414
2017-03-01,8.289460182189941
2017-03-02,8.138742446899414
2017-03-03,8.10106372833252
2017-03-06,7.927739143371582
2017-03-07,7.972955226898193
2017-03-08,8.003097534179688
2017-03-09,8.033242225646973
2017-03-10,7.92020320892334
2017-03-13,7.9126667976379395
2017-03-14,7.9804887771606445
2017-03-15,7.844842910766602
2017-03-16,7.761950492858887
2017-03-17,7.603696346282959
2017-03-20,7.038506031036377
2017-03-21,7.08372163772583
2017-03-22,7.046041488647461
2017-03-23,7.309797286987305
2017-03-24,7.219366073608398
2017-03-27,7.6564483642578125
2017-03-28,7.769484996795654
2017-03-29,7.611231803894043
2017-03-30,7.422835826873779
2017-03-31,7.355013847351074
2017-04-03,7.370084285736084
2017-04-04,7.488999366760254
2017-04-05,7.488999366760254
2017-04-06,7.558485507965088
2017-04-07,7.597087860107422
2017-04-10,7.643411159515381
2017-04-11,7.5507636070251465
2017-04-12,7.620248794555664
2017-04-13,7.682014465332031
2017-04-17,7.720617771148682
2017-04-18,7.682014465332031
2017-04-19,7.612529754638672
2017-04-20,7.527602672576904
2017-04-24,7.573927402496338
2017-04-25,7.728338718414307
2017-04-26,7.8441481590271
2017-04-27,7.766941070556641
2017-04-28,7.797825336456299
2017-05-02,7.944515228271484
2017-05-03,8.207016944885254
2017-05-04,8.098929405212402
2017-05-05,8.114368438720703
2017-05-08,8.160693168640137
2017-05-09,8.106649398803711
2017-05-10,8.106649398803711
2017-05-11,8.106649398803711
2017-05-12,8.029443740844727
2017-05-15,7.766941070556641
2017-05-16,7.604808807373047
2017-05-17,7.342307090759277
2017-05-18,7.450396537780762
2017-05-19,7.295984268188477
2017-05-22,7.759219169616699
2017-05-23,8.114368438720703
2017-05-24,8.068044662475586
2017-05-25,8.415472984313965
2017-05-26,8.376870155334473
2017-05-29,8.376870155334473
2017-05-30,8.423194885253906
2017-05-31,8.430916786193848
2017-06-01,8.183854103088379
2017-06-02,8.469518661499023
2017-06-05,8.693415641784668
2017-06-06,9.118048667907715
2017-06-07,9.11032772064209
2017-06-08,9.148931503295898
2017-06-09,9.133490562438965
2017-06-12,9.025402069091797
2017-06-13,9.094887733459473
2017-06-14,9.125770568847656
2017-06-15,9.125770568847656
2017-06-16,9.45003604888916
2017-06-19,9.264741897583008
2017-06-20,9.14121150970459
2017-06-21,8.994519233703613
2017-06-22,9.17209529876709
2017-06-23,9.233859062194824
2017-06-26,9.2724609375
2017-06-27,9.295623779296875
2017-06-28,9.311066627502441
2017-06-29,9.341948509216309
2017-06-30,9.504081726074219
2017-07-03,9.565845489501953
2017-07-04,9.61216926574707
2017-07-05,9.527241706848145
2017-07-06,9.69709587097168
2017-07-07,9.689375877380371
2017-07-10,9.72797966003418
2017-07-11,9.743419647216797
2017-07-12,9.80518627166748
2017-07-13,9.735699653625488
2017-07-14,9.681653022766113
2017-07-17,9.627610206604004
2017-07-18,9.650772094726562
2017-07-19,9.72797966003418
2017-07-20,9.720256805419922
2017-07-21,9.758862495422363
2017-07-24,9.650772094726562
2017-07-25,9.650772094726562
2017-07-26,9.61216926574707
2017-07-27,9.650772094726562
2017-07-28,9.558124542236328
2017-07-31,9.573565483093262
2017-08-01,9.72797966003418
2017-08-02,9.712536811828613
2017-08-03,9.473198890686035
2017-08-04,9.496360778808594
2017-08-07,9.40371322631836
2017-08-08,9.457757949829102
2017-08-09,9.72797966003418
2017-08-10,9.72797966003418
2017-08-11,9.80518627166748
2017-08-14,10.013640403747559
2017-08-15,9.843789100646973
2017-08-16,9.766581535339355
2017-08-17,9.558124542236328
2017-08-18,9.457757949829102
2017-08-21,9.496360778808594
2017-08-22,9.635331153869629
2017-08-23,9.635331153869629
2017-08-24,9.712536811828613
2017-08-25,9.689375877380371
2017-08-28,9.704816818237305
2017-08-29,9.480918884277344
2017-08-30,9.226137161254883
2017-08-31,8.940475463867188
2017-09-01,8.940475463867188
2017-09-04,8.894152641296387
2017-09-05,8.80150318145752
2017-09-06,8.840106010437012
2017-09-07,8.840106010437012
2017-09-08,8.732019424438477
2017-09-11,8.840106010437012
2017-09-12,8.917311668395996
2017-09-13,9.048563957214355
2017-09-14,9.164373397827148
2017-09-15,9.102608680725098
2017-09-18,8.963637351989746
2017-09-19,8.878710746765137
2017-09-20,8.809224128723145
2017-09-21,8.762901306152344
2017-09-22,8.81694507598877
2017-09-25,8.762901306152344
2017-09-26,8.762901306152344
2017-09-27,8.724298477172852
2017-09-28,8.469518661499023
2017-09-29,8.64709186553955
2017-10-02,8.68569564819336
2017-10-03,8.639370918273926
2017-10-04,8.762901306152344
2017-10-05,8.925034523010254
2017-10-06,8.901873588562012
2017-10-09,8.824666976928711
2017-10-10,8.80150318145752
2017-10-11,8.832386016845703
2017-10-12,8.832386016845703
2017-10-13,8.940475463867188
2017-10-16,9.11032772064209
2017-10-17,8.994519233703613
2017-10-18,9.148931503295898
2017-10-19,9.00996208190918
2017-10-20,9.048563957214355
2017-10-23,8.97907829284668
2017-10-24,8.894152641296387
2017-10-25,8.847826957702637
2017-10-26,8.778342247009277
2017-10-27,8.778342247009277
2017-10-30,8.80150318145752
2017-10-31,8.878710746765137
2017-11-01,8.932756423950195
2017-11-02,8.932756423950195
2017-11-03,8.623930931091309
2017-11-06,8.569886207580566
2017-11-07,8.369149208068848
2017-11-08,8.64709186553955
2017-11-09,8.708857536315918
2017-11-10,8.569886207580566
2017-11-13,8.80150318145752
2017-11-14,8.878710746765137
2017-11-15,8.878710746765137
2017-11-16,8.693415641784668
2017-11-17,8.932756423950195
2017-11-20,8.932756423950195
2017-11-21,8.917311668395996
2017-11-22,8.986798286437988
2017-11-23,8.955916404724121
2017-11-24,8.762901306152344
2017-11-27,8.770621299743652
2017-11-28,8.585328102111816
2017-11-29,8.384590148925781
2017-11-30,8.376870155334473
2017-12-01,8.492680549621582
2017-12-04,8.508121490478516
2017-12-05,8.554444313049316
2017-12-06,8.477237701416016
2017-12-07,8.299664497375488
2017-12-08,8.345987319946289
2017-12-11,8.26106071472168
2017-12-12,8.145251274108887
2017-12-13,8.214736938476562
2017-12-14,7.990840435028076
2017-12-15,7.990840435028076
2017-12-18,7.952234745025635
2017-12-19,7.867310523986816
2017-12-20,7.913632869720459
2017-12-21,8.006280899047852
2017-12-22,7.959957122802734
2017-12-25,7.959957122802734
2017-12-26,8.021721839904785
2017-12-27,8.315104484558105
2017-12-28,8.222457885742188
2017-12-29,8.222457885742188
2018-01-02,8.407752990722656
2018-01-03,8.345987319946289
2018-01-04,8.315104484558105
2018-01-05,8.407752990722656
2018-01-08,8.122091293334961
2018-01-09,8.106649398803711
2018-01-10,8.106649398803711
2018-01-11,8.106649398803711
2018-01-12,7.952234745025635
2018-01-15,7.952234745025635
2018-01-16,7.936795234680176
2018-01-17,7.790102958679199
2018-01-18,7.720617771148682
2018-01-19,7.790102958679199
2018-01-22,7.797825336456299
2018-01-23,7.689736366271973
2018-01-24,7.566205978393555
2018-01-25,7.566205978393555
2018-01-26,7.496720790863037
2018-01-29,7.504439353942871
2018-01-30,7.496720790863037
2018-01-31,7.434953689575195
2018-02-01,7.543043613433838
2018-02-02,7.5507636070251465
2018-02-05,7.543043613433838
2018-02-06,7.334587097167969
2018-02-07,7.195616722106934
2018-02-08,7.056644439697266
2018-02-09,7.033482551574707
2018-02-14,7.21877908706665
2018-02-15,7.326865196228027
2018-02-16,7.265101909637451
2018-02-19,7.303703784942627
2018-02-20,7.157012462615967
2018-02-21,7.180174827575684
2018-02-22,7.095247745513916
2018-02-23,7.226498603820801
2018-02-26,7.110688209533691
2018-02-27,7.110688209533691
2018-02-28,7.010319232940674
2018-03-01,7.02576208114624
2018-03-02,7.211057186126709
2018-03-05,7.180174827575684
2018-03-06,6.716937065124512
2018-03-07,6.624290466308594
2018-03-08,6.686054706573486
2018-03-09,6.809584617614746
2018-03-12,6.57796573638916
2018-03-13,6.747819900512695
2018-03-14,6.601128578186035
2018-03-15,6.485319137573242
2018-03-16,6.485319137573242
2018-03-19,6.423553466796875
2018-03-20,6.330906867980957
2018-03-21,6.215097427368164
2018-03-22,6.346347332000732
2018-03-23,6.215097427368164
2018-03-26,6.222817897796631
2018-03-27,6.176493167877197
2018-03-28,5.944875717163086
2018-03-29,5.844507694244385
2018-04-02,5.75186014175415
2018-04-03,6.222817897796631
2018-04-04,6.153332233428955
2018-04-05,6.508481025695801
2018-04-06,6.184216022491455
2018-04-09,6.454436302185059
2018-04-10,6.53936243057251
2018-04-11,6.384951591491699
2018-04-12,6.369509696960449
2018-04-13,6.346347332000732
2018-04-16,6.269141674041748
2018-04-17,6.176493167877197
2018-04-18,6.137890815734863
2018-04-19,6.153332233428955
2018-04-20,6.276861667633057
2018-04-23,6.245980262756348
2018-04-24,6.4081130027771
2018-04-25,6.384951591491699
2018-04-26,6.29230260848999
2018-04-27,6.330906867980957
2018-04-30,6.330906867980957
2018-05-02,6.176493167877197
2018-05-03,5.9680376052856445
2018-05-04,5.975758075714111
2018-05-07,6.137890815734863
2018-05-08,6.0220818519592285
2018-05-09,6.068406581878662
2018-05-10,5.75186014175415
2018-05-11,5.558844089508057
2018-05-14,5.4816389083862305
2018-05-15,5.435315132141113
2018-05-16,5.4816389083862305
2018-05-17,5.450756072998047
2018-05-18,5.373548984527588
2018-05-21,5.365828990936279
2018-05-22,5.636051177978516
2018-05-23,5.489358901977539
2018-05-24,5.597448348999023
2018-05-25,5.960316181182861
2018-05-28,5.798183917999268
2018-05-29,5.628330707550049
2018-05-30,5.466197490692139
2018-06-01,5.597448348999023
2018-06-04,5.906272888183594
2018-06-05,6.176493167877197
2018-06-06,6.168773651123047
2018-06-07,5.867670059204102
2018-06-08,6.0220818519592285
2018-06-11,5.852227687835693
2018-06-12,5.7132568359375
2018-06-13,5.396711349487305
2018-06-14,5.396711349487305
2018-06-15,5.14965295791626
2018-06-18,5.002960205078125
2018-06-19,4.948916435241699
2018-06-20,5.103327751159668
2018-06-21,4.995239734649658
2018-06-22,5.304064750671387
2018-06-25,5.17281436920166
2018-06-26,5.095608234405518
2018-06-27,5.018402099609375
2018-06-28,4.887151718139648
2018-06-29,4.840826511383057
2018-07-02,4.9720778465271
2018-07-03,5.3581085205078125
2018-07-04,5.365828990936279
2018-07-05,5.558844089508057
2018-07-06,5.497080326080322
2018-07-10,5.543403625488281
2018-07-11,5.520241737365723
2018-07-12,5.40443229675293
2018-07-13,5.226857662200928
2018-07-16,5.2500200271606445
2018-07-17,5.288623332977295
2018-07-18,5.17281436920166
2018-07-19,5.288623332977295
2018-07-20,5.419873237609863
2018-07-23,5.427594184875488
2018-07-24,5.450756072998047
2018-07-25,5.558844089508057
2018-07-26,5.620610237121582
2018-07-27,5.7132568359375
2018-07-30,5.597448348999023
2018-07-31,5.821345329284668
2018-08-01,5.798183917999268
2018-08-02,5.705536842346191
2018-08-03,5.67465353012085
2018-08-06,5.75186014175415
2018-08-07,5.56656551361084
2018-08-08,5.14965295791626
2018-08-09,4.979798316955566
2018-08-10,4.979798316955566
2018-08-13,5.111049175262451
2018-08-14,5.018402099609375
2018-08-15,4.833106994628906
2018-08-16,4.70185661315918
2018-08-17,4.70185661315918
2018-08-20,4.6478118896484375
2018-08-21,5.064724445343018
2018-08-22,4.918032646179199
2018-08-23,4.70185661315918
2018-08-24,4.670974254608154
2018-08-27,4.6478118896484375
2018-08-28,4.72501802444458
2018-08-29,4.763620376586914
2018-08-30,4.616929054260254
2018-08-31,4.493399143218994
2018-09-03,4.331266403198242
2018-09-04,4.354428291320801
2018-09-05,4.308104515075684
2018-09-06,4.346707344055176
2018-09-10,4.547443866729736
2018-09-11,4.45479679107666
2018-09-12,4.107368469238281
2018-09-13,3.868028402328491
2018-09-14,3.783102512359619
2018-09-17,3.7753818035125732
2018-09-18,3.813985824584961
2018-09-19,3.736778736114502
2018-09-20,3.63641095161438
2018-09-21,3.7753818035125732
2018-09-24,3.783102512359619
2018-09-25,3.7753818035125732
2018-09-26,3.783102512359619
2018-09-27,3.8448681831359863
2018-09-28,3.868028402328491
2018-10-01,3.7444992065429688
2018-10-02,3.8294267654418945
2018-10-03,3.883470058441162
2018-10-04,3.868028402328491
2018-10-05,3.8294267654418945
2018-10-08,4.068765163421631
2018-10-09,4.246340274810791
2018-10-10,4.0301618576049805
2018-10-11,4.0301618576049805
2018-10-15,3.937514543533325
2018-10-16,4.068765163421631
2018-10-17,4.0996479988098145
2018-10-18,3.9838385581970215
2018-10-19,3.968397617340088
2018-10-22,3.94523549079895
2018-10-23,3.968397617340088
2018-10-24,3.94523549079895
2018-10-25,3.960676670074463
2018-10-26,3.968397617340088
2018-10-29,3.8217055797576904
2018-10-30,3.9143528938293457
2018-10-31,4.238618850708008
2018-11-01,4.269501686096191
2018-11-05,4.323545455932617
2018-11-06,4.246340274810791
2018-11-07,4.230898380279541
2018-11-08,4.230898380279541
2018-11-09,4.261781215667725
2018-11-12,4.284943103790283
2018-11-13,4.323545455932617
2018-11-14,4.45479679107666
2018-11-16,4.555163860321045
2018-11-19,4.493399143218994
2018-11-21,4.369869232177734
2018-11-22,4.408472537994385
2018-11-23,4.246340274810791
2018-11-26,4.115088939666748
2018-11-27,4.176853656768799
2018-11-28,4.192295074462891
2018-11-29,4.269501686096191
2018-11-30,4.254060745239258
2018-12-03,4.292664051055908
2018-12-04,4.184574127197266
2018-12-05,4.176853656768799
2018-12-06,4.207736015319824
2018-12-07,4.230898380279541
2018-12-10,4.145971775054932
2018-12-11,4.045603275299072
2018-12-12,4.0378828048706055
2018-12-13,3.968397617340088
2018-12-14,3.968397617340088
2018-12-17,3.898912191390991
2018-12-18,3.8757503032684326
2018-12-19,3.8371474742889404
2018-12-20,3.806264877319336
2018-12-21,3.8371474742889404
2018-12-26,3.790823221206665
2018-12-27,3.7753818035125732
2018-12-28,3.852588176727295
2019-01-02,3.9220736026763916
2019-01-03,4.014721393585205
2019-01-04,4.169132709503174
2019-01-07,4.145971775054932
2019-01-08,4.0996479988098145
2019-01-09,4.169132709503174
2019-01-10,4.200016021728516
2019-01-11,4.169132709503174
2019-01-14,4.200016021728516
2019-01-15,4.215457916259766
2019-01-16,4.192295074462891
2019-01-17,4.362148761749268
2019-01-18,4.423913478851318
2019-01-21,4.377590179443359
2019-01-22,4.238618850708008
2019-01-23,4.200016021728516
2019-01-24,4.284943103790283
2019-01-28,4.277222156524658
2019-01-29,4.439355373382568
2019-01-30,4.748180389404297
2019-01-31,4.709576606750488
2019-02-01,4.72501802444458
2019-02-04,4.7559003829956055
2019-02-05,4.7559003829956055
2019-02-06,4.555163860321045
2019-02-07,4.431634902954102
2019-02-08,4.570605754852295
2019-02-11,4.447076320648193
2019-02-12,4.408472537994385
2019-02-13,4.477957725524902
2019-02-14,4.60148811340332
2019-02-15,4.593767166137695
2019-02-18,4.663252830505371
2019-02-19,4.941195011138916
2019-02-20,4.786782264709473
2019-02-21,4.748180389404297
2019-02-22,4.709576606750488
2019-02-25,4.90259313583374
2019-02-26,4.825385570526123
2019-02-27,4.871709823608398
2019-02-28,4.925753116607666
2019-03-01,4.933475017547607
2019-03-06,4.894871711730957
2019-03-07,4.941195011138916
2019-03-08,4.995239734649658
2019-03-11,5.211417198181152
2019-03-12,5.265461444854736
2019-03-13,5.234578609466553
2019-03-14,5.28090238571167
2019-03-15,5.188255310058594
2019-03-18,5.504799842834473
2019-03-19,5.497080326080322
2019-03-20,5.620610237121582
2019-03-21,5.527962684631348
2019-03-22,5.365828990936279
2019-03-25,5.31950569152832
2019-03-26,5.4816389083862305
2019-03-27,5.265461444854736
2019-03-28,5.396711349487305
2019-03-29,5.427594184875488
2019-04-01,5.473918437957764
2019-04-02,5.574285984039307
2019-04-03,5.4816389083862305
2019-04-04,5.527962684631348
2019-04-05,5.775022029876709
2019-04-08,5.767301559448242
2019-04-09,5.75186014175415
2019-04-10,5.790462970733643
2019-04-11,5.775022029876709
2019-04-12,5.527962684631348
2019-04-15,5.489358901977539
2019-04-16,5.643771171569824
2019-04-17,5.636051177978516
2019-04-18,5.558844089508057
2019-04-22,5.666933536529541
2019-04-23,6.168773651123047
2019-04-24,6.137890815734863
2019-04-25,6.300024032592773
2019-04-26,6.1224493980407715
2019-04-29,6.392671585083008
2019-04-30,6.485319137573242
2019-05-02,6.6783342361450195
2019-05-03,6.770982265472412
2019-05-06,6.848187446594238
2019-05-07,6.716937065124512
2019-05-08,6.724658489227295
2019-05-09,6.6783342361450195
2019-05-10,6.500759601593018
2019-05-13,5.983478546142578
2019-05-14,6.253700256347656
2019-05-15,6.215097427368164
2019-05-16,6.0838470458984375
2019-05-17,6.0761260986328125
2019-05-20,6.137890815734863
2019-05-21,6.052964687347412
2019-05-22,5.906272888183594
2019-05-23,6.145611763000488
2019-05-24,6.0838470458984375
2019-05-27,6.184216022491455
2019-05-28,6.0992865562438965
2019-05-29,6.215097427368164
2019-05-30,6.168773651123047
2019-05-31,6.330906867980957
2019-06-03,6.060684680938721
2019-06-04,6.269141674041748
2019-06-05,6.245980262756348
2019-06-06,6.184216022491455
2019-06-07,6.230538845062256
2019-06-10,6.222817897796631
2019-06-11,6.176493167877197
2019-06-12,6.184216022491455
2019-06-13,6.1919355392456055
2019-06-14,6.30774450302124
2019-06-17,6.384951591491699
2019-06-18,6.330906867980957
2019-06-19,6.1919355392456055
2019-06-21,6.137890815734863
2019-06-24,6.137890815734863
2019-06-25,6.130170822143555
2019-06-26,6.153332233428955
2019-06-27,6.10700798034668
2019-06-28,6.137890815734863
2019-07-01,6.253700256347656
2019-07-02,6.330906867980957
2019-07-03,6.369509696960449
2019-07-04,6.423553466796875
2019-07-05,6.57796573638916
2019-07-08,6.585687160491943
2019-07-10,6.709216594696045
2019-07-11,6.632009983062744
2019-07-12,6.46987771987915
2019-07-15,6.46987771987915
2019-07-16,6.384951591491699
2019-07-17,6.493039608001709
2019-07-18,6.493039608001709
2019-07-19,6.554803848266602
2019-07-22,6.6088480949401855
2019-07-23,6.6165690422058105
2019-07-24,6.6474528312683105
2019-07-25,6.662893772125244
2019-07-26,6.57796573638916
2019-07-29,6.701496601104736
2019-07-30,6.778703212738037
2019-07-31,6.655172824859619
2019-08-01,6.601128578186035
2019-08-02,6.554803848266602
2019-08-05,6.562524318695068
2019-08-06,6.809584617614746
2019-08-07,6.8173065185546875
2019-08-08,7.010319232940674
2019-08-09,6.987158298492432
2019-08-12,6.747819900512695
2019-08-13,6.670613765716553
2019-08-14,6.400392055511475
2019-08-15,6.361788749694824
2019-08-16,6.354068756103516
2019-08-19,6.354068756103516
2019-08-20,6.245980262756348
2019-08-21,6.269141674041748
2019-08-22,6.485319137573242
2019-08-23,6.176493167877197
2019-08-26,6.245980262756348
2019-08-27,6.276861667633057
2019-08-28,6.354068756103516
2019-08-29,6.554803848266602
2019-08-30,6.554803848266602
2019-09-02,6.253700256347656
2019-09-03,6.052964687347412
2019-09-04,6.114728927612305
2019-09-05,6.145611763000488
2019-09-06,6.0761260986328125
2019-09-09,6.4081130027771
2019-09-10,6.46987771987915
2019-09-11,6.7323784828186035
2019-09-12,6.724658489227295
2019-09-13,6.801864147186279
2019-09-16,6.840467929840088
2019-09-17,7.072084903717041
2019-09-18,7.1261305809021
2019-09-19,7.110688209533691
2019-09-20,7.373189926147461
2019-09-23,7.396351337432861
2019-09-24,7.643411159515381
2019-09-25,7.689736366271973
2019-09-26,7.682014465332031
2019-09-27,7.674294948577881
2019-09-30,7.558485507965088
2019-10-01,7.682014465332031
2019-10-02,7.975398063659668
2019-10-03,8.014001846313477
2019-10-04,8.237898826599121
2019-10-07,8.145251274108887
2019-10-08,8.014001846313477
2019-10-09,7.952234745025635
2019-10-10,7.967677116394043
2019-10-11,8.021721839904785
2019-10-14,8.284223556518555
2019-10-15,8.183854103088379
2019-10-16,8.145251274108887
2019-10-17,8.075766563415527
2019-10-18,7.952234745025635
2019-10-21,8.106649398803711
2019-10-22,8.27650260925293
2019-10-23,8.284223556518555
2019-10-24,8.291943550109863
2019-10-25,8.268780708312988
2019-10-28,8.08348560333252
2019-10-29,7.875030040740967
2019-10-30,7.929074287414551
2019-10-31,7.983117580413818
2019-11-01,8.014001846313477
2019-11-04,8.330546379089355
2019-11-05,8.68569564819336
2019-11-06,8.878710746765137
2019-11-07,9.11032772064209
2019-11-08,9.125770568847656
2019-11-11,9.233859062194824
2019-11-12,9.00996208190918
2019-11-13,9.040843963623047
2019-11-14,9.18753433227539
2019-11-18,9.334228515625
2019-11-19,9.527241706848145
2019-11-21,9.874669075012207
2019-11-22,9.751140594482422
2019-11-25,10.399672508239746
2019-11-26,10.693058013916016
2019-11-27,10.839747428894043
2019-11-28,11.449676513671875
2019-11-29,11.349308013916016
2019-12-02,11.889752388000488
2019-12-03,12.082765579223633
2019-12-04,11.202616691589355
2019-12-05,11.634970664978027
2019-12-06,11.642691612243652
2019-12-09,11.773941040039062
2019-12-10,11.611809730529785
2019-12-11,11.418792724609375
2019-12-12,11.040484428405762
2019-12-13,10.600409507751465
2019-12-16,10.399672508239746
2019-12-17,9.789743423461914
2019-12-18,9.982757568359375
2019-12-19,9.550403594970703
2019-12-20,9.326506614685059
2019-12-23,9.318785667419434
2019-12-26,9.758862495422363
2019-12-27,9.836066246032715
2019-12-30,9.913273811340332
2020-01-02,9.704816818237305
2020-01-03,9.959596633911133
2020-01-06,9.951875686645508
2020-01-07,10.407391548156738
2020-01-08,10.523202896118164
2020-01-09,10.361069679260254
2020-01-10,10.31474494934082
2020-01-13,11.241220474243164
2020-01-14,11.156293869018555
2020-01-15,11.30656909942627
2020-01-16,11.76982307434082
2020-01-17,11.659897804260254
2020-01-20,11.675601959228516
2020-01-21,11.950414657592773
2020-01-22,11.031758308410645
2020-01-23,11.204496383666992
2020-01-24,10.285837173461914
2020-01-27,9.445695877075195
2020-01-28,9.5399169921875
2020-01-29,9.36717700958252
2020-01-30,8.966737747192383
2020-01-31,9.36717700958252
2020-02-03,9.665547370910645
2020-02-04,9.453548431396484
2020-02-05,9.50065803527832
2020-02-06,9.343623161315918
2020-02-07,8.770442962646484
2020-02-10,8.38570499420166
2020-02-11,8.943181991577148
2020-02-12,9.155179977416992
2020-02-13,9.296512603759766
2020-02-14,9.257251739501953
2020-02-17,9.61843490600586
2020-02-18,9.814730644226074
2020-02-19,9.853989601135254
2020-02-20,9.744063377380371
2020-02-21,10.018877029418945
2020-02-26,9.265106201171875
2020-02-27,9.139476776123047
2020-02-28,9.123771667480469
2020-03-02,9.484953880310059
2020-03-03,9.398585319519043
2020-03-04,9.57917594909668
2020-03-05,8.872514724731445
2020-03-06,8.165854454040527
2020-03-09,6.705423355102539
2020-03-10,6.94882869720459
2020-03-11,6.721127510070801
2020-03-12,5.472692489624023
2020-03-13,6.2500200271606445
2020-03-16,5.496248722076416
2020-03-17,5.582618713378906
2020-03-18,5.1821770668029785
2020-03-19,6.124391555786133
2020-03-20,6.06942892074585
2020-03-23,6.438462734222412
2020-03-24,6.595498085021973
2020-03-25,6.4306111335754395
2020-03-26,6.045873165130615
2020-03-27,6.124391555786133
2020-03-30,6.1636505126953125
2020-03-31,6.2421674728393555
2020-04-01,6.477721691131592
2020-04-02,6.728978157043457
2020-04-03,6.8703107833862305
2020-04-06,7.066605091094971
2020-04-07,7.035199165344238
2020-04-08,6.838903903961182
2020-04-09,6.776089668273926
2020-04-13,7.160827159881592
2020-04-14,7.2864556312561035
2020-04-15,7.35712194442749
2020-04-16,7.773266315460205
2020-04-17,7.459194660186768
2020-04-20,7.459194660186768
2020-04-22,7.938153266906738
2020-04-23,7.922450065612793
2020-04-24,7.953857421875
2020-04-27,8.81755256652832
2020-04-28,9.343623161315918
2020-04-29,9.657694816589355
2020-04-30,9.626287460327148
2020-05-04,9.932506561279297
2020-05-05,9.814730644226074
2020-05-06,10.113097190856934
2020-05-07,10.851164817810059
2020-05-08,10.83546257019043
2020-05-11,10.560648918151855
2020-05-12,11.30656909942627
2020-05-13,11.283014297485352
2020-05-14,11.251605987548828
2020-05-15,11.29871654510498
2020-05-18,10.175912857055664
2020-05-19,10.678425788879395
2020-05-20,10.332947731018066
2020-05-21,9.956061363220215
2020-05-22,10.097393989562988
2020-05-25,9.916803359985352
2020-05-26,10.07383918762207
2020-05-27,10.372206687927246
2020-05-28,10.246577262878418
2020-05-29,10.51353931427002
2020-06-01,10.270133972167969
2020-06-02,10.113097190856934
2020-06-03,9.775471687316895
2020-06-04,10.489981651306152
2020-06-05,10.215170860290527
2020-06-08,10.246577262878418
2020-06-09,9.885396003723145
2020-06-10,10.026729583740234
2020-06-12,10.26228141784668
2020-06-15,10.285837173461914
2020-06-16,10.937535285949707
2020-06-17,10.537095069885254
2020-06-18,10.568500518798828
2020-06-19,10.709832191467285
2020-06-22,10.191615104675293
2020-06-23,10.160207748413086
2020-06-24,10.325094223022461
2020-06-25,10.168061256408691
2020-06-26,10.042430877685547
2020-06-29,10.175912857055664
2020-06-30,10.325094223022461
2020-07-01,10.081689834594727
2020-07-02,10.058135986328125
2020-07-03,10.364354133605957
2020-07-06,10.458574295043945
2020-07-07,10.75694465637207
2020-07-08,10.670574188232422
2020-07-09,10.411465644836426
2020-07-10,10.552796363830566
2020-07-13,10.254430770874023
2020-07-14,10.631315231323242
2020-07-15,11.165237426757812
2020-07-16,10.717683792114258
2020-07-17,11.165237426757812
2020-07-20,11.259458541870117
2020-07-21,11.283014297485352
2020-07-22,11.204496383666992
2020-07-23,10.992497444152832
2020-07-24,10.992497444152832
2020-07-27,11.05531120300293
2020-07-28,11.573529243469238
2020-07-29,11.063164710998535
2020-07-30,10.968941688537598
2020-07-31,10.662721633911133
2020-08-03,10.537095069885254
2020-08-04,10.356500625610352
2020-08-05,10.450725555419922
2020-08-06,10.395760536193848
2020-08-07,10.29368782043457
2020-08-10,10.26228141784668
2020-08-11,10.230874061584473
2020-08-12,10.403614044189453
2020-08-13,10.128802299499512
2020-08-14,10.238725662231445
2020-08-17,10.427167892456055
2020-08-18,10.529242515563965
2020-08-19,10.54494571685791
2020-08-20,10.623462677001953
2020-08-21,10.741238594055176
2020-08-24,10.851164817810059
2020-08-25,10.623462677001953
2020-08-26,10.615612983703613
2020-08-27,10.348650932312012
2020-08-28,10.372206687927246
2020-08-31,10.277984619140625
2020-09-01,10.136652946472168
2020-09-02,10.152356147766113
2020-09-03,9.963912963867188
2020-09-04,9.995320320129395
2020-09-08,9.86184024810791
2020-09-09,9.948210716247559
2020-09-10,10.152356147766113
2020-09-11,10.152356147766113
2020-09-14,10.419318199157715
2020-09-15,10.86686897277832
2020-09-16,10.47428035736084
2020-09-17,10.332947731018066
2020-09-18,10.317243576049805
2020-09-21,10.120948791503906
2020-09-22,9.940357208251953
2020-09-23,9.681248664855957
2020-09-24,9.532065391540527
2020-09-25,9.382882118225098
2020-09-28,8.911775588989258
2020-09-29,8.809701919555664
2020-09-30,9.217994689941406
2020-10-01,9.068811416625977
2020-10-02,8.833256721496582
2020-10-05,8.911775588989258
2020-10-06,8.59770393371582
2020-10-07,8.66051959991455
2020-10-08,8.848960876464844
2020-10-09,8.644813537597656
2020-10-13,8.762592315673828
2020-10-14,8.990291595458984
2020-10-15,8.951031684875488
2020-10-16,8.951031684875488
2020-10-19,8.856812477111816
2020-10-20,9.045255661010742
2020-10-21,8.841108322143555
2020-10-22,8.81755256652832
2020-10-23,8.636961936950684
2020-10-26,8.71548080444336
2020-10-27,8.432815551757812
2020-10-28,8.103041648864746
2020-10-29,8.087336540222168
2020-10-30,7.828228950500488
2020-11-03,7.718303203582764
2020-11-04,7.796822547912598
2020-11-05,8.079485893249512
2020-11-06,8.165854454040527
2020-11-09,8.068144798278809
2020-11-10,8.204619407653809
2020-11-11,8.060115814208984
2020-11-12,8.052087783813477
2020-11-13,7.979835033416748
2020-11-16,7.915611267089844
2020-11-17,7.867443561553955
2020-11-18,8.148423194885254
2020-11-19,7.979835033416748
2020-11-23,8.060115814208984
2020-11-24,8.244759559631348
2020-11-25,8.180534362792969
2020-11-26,8.140395164489746
2020-11-27,8.132369041442871
2020-11-30,8.052087783813477
2020-12-01,7.89152717590332
2020-12-02,7.811246395111084
2020-12-03,7.875471591949463
2020-12-04,7.89152717590332
2020-12-07,8.036031723022461
2020-12-08,8.108284950256348
2020-12-09,7.963780879974365
2020-12-10,7.907582759857178
2020-12-11,7.987863540649414
2020-12-14,7.931668281555176
2020-12-15,7.923640727996826
2020-12-16,8.260814666748047
2020-12-17,8.156452178955078
2020-12-18,8.32503890991211
2020-12-21,8.204619407653809
2020-12-22,8.54179573059082
2020-12-23,8.32503890991211
2020-12-28,8.260814666748047
2020-12-29,8.317011833190918
2020-12-30,8.172507286071777
2021-01-04,8.090185165405273
2021-01-05,7.929027080535889
2021-01-06,7.8162150382995605
2021-01-07,7.7759246826171875
2021-01-08,7.84038782119751
2021-01-11,7.743692874908447
2021-01-12,8.049895286560059
2021-01-13,7.89679479598999
2021-01-14,7.912910461425781
2021-01-15,7.832331657409668
2021-01-18,7.872621059417725
2021-01-19,7.719519138336182
2021-01-20,7.655056476593018
2021-01-21,7.526129722595215
2021-01-22,7.397202491760254
2021-01-26,7.300507068634033
2021-01-27,7.461665630340576
2021-01-28,7.655056476593018
2021-01-29,7.477781295776367
2021-02-01,7.461665630340576
2021-02-02,7.501955986022949
2021-02-03,7.655056476593018
2021-02-04,7.550302028656006
2021-02-05,7.534186840057373
2021-02-08,7.590592384338379
2021-02-09,7.679229736328125
2021-02-10,7.493896484375
2021-02-11,7.663114070892334
2021-02-12,7.719519138336182
2021-02-17,8.114358901977539
2021-02-18,7.759808540344238
2021-02-19,7.582534313201904
2021-02-22,7.300507068634033
2021-02-23,7.550302028656006
2021-02-24,7.880678653717041
2021-02-25,7.558361053466797
2021-02-26,7.8162150382995605
2021-03-01,7.7759246826171875
2021-03-02,7.743692874908447
2021-03-03,7.743692874908447
2021-03-04,7.985431671142578
2021-03-05,7.89679479598999
2021-03-08,7.743692874908447
2021-03-09,8.219112396240234
2021-03-10,7.929027080535889
2021-03-11,7.848446846008301
2021-03-12,7.7678680419921875
2021-03-15,7.671173572540283
2021-03-16,7.703404426574707
2021-03-17,7.904852390289307
2021-03-18,7.743692874908447
2021-03-19,7.904852390289307
2021-03-22,8.162708282470703
2021-03-23,8.049895286560059
2021-03-24,8.017663955688477
2021-03-25,7.89679479598999
2021-03-26,7.920968055725098
2021-03-29,8.436677932739258
2021-03-30,8.348039627075195
2021-03-31,8.219112396240234
2021-04-01,8.219112396240234
2021-04-05,8.251343727111816
2021-04-06,8.202996253967285
2021-04-07,8.54948902130127
2021-04-08,8.646183967590332
2021-04-09,8.710648536682129
2021-04-12,9.161892890930176
2021-04-13,9.093038558959961
2021-04-14,9.444418907165527
2021-04-15,9.59868335723877
2021-04-16,9.187312126159668
2021-04-19,9.230162620544434
2021-04-20,9.34157657623291
2021-04-22,9.34157657623291
2021-04-23,9.221592903137207
2021-04-26,9.144460678100586
2021-04-27,8.767369270324707
2021-04-28,8.55311393737793
2021-04-29,8.441699028015137
2021-04-30,8.296006202697754
2021-05-03,8.5274019241333
2021-05-04,8.621674537658691
2021-05-05,8.99876594543457
2021-05-06,8.673097610473633
2021-05-07,8.655956268310547
2021-05-10,8.853073120117188
2021-05-11,8.818791389465332
2021-05-12,8.493121147155762
2021-05-13,8.458840370178223
2021-05-14,8.43312931060791
2021-05-17,8.43312931060791
2021-05-18,8.133171081542969
2021-05-19,8.107460021972656
2021-05-20,8.227445602416992
2021-05-21,8.278864860534668
2021-05-24,8.424559593200684
2021-05-25,8.407419204711914
2021-05-26,8.407419204711914
2021-05-27,8.604534149169922
2021-05-28,8.458840370178223
2021-05-31,8.493121147155762
2021-06-01,8.621674537658691
2021-06-02,8.733088493347168
2021-06-04,8.68166732788086
2021-06-07,8.613104820251465
2021-06-08,8.475980758666992
2021-06-09,8.66452693939209
2021-06-10,8.55311393737793
2021-06-11,8.544544219970703
2021-06-14,8.475980758666992
2021-06-15,8.510263442993164
2021-06-16,8.407419204711914
2021-06-17,8.236013412475586
2021-06-18,8.261724472045898
2021-06-21,8.330286979675293
2021-06-22,8.313146591186523
2021-06-23,8.236013412475586
2021-06-24,8.43312931060791
2021-06-25,8.32171630859375
2021-06-28,8.236013412475586
2021-06-29,8.098889350891113
2021-06-30,8.030328750610352
2021-07-01,7.996047496795654
2021-07-02,8.021757125854492
2021-07-05,8.056037902832031
2021-07-06,7.970335960388184
2021-07-07,8.09031867980957
2021-07-08,8.013187408447266
2021-07-12,8.021757125854492
2021-07-13,8.227445602416992
2021-07-14,8.184592247009277
2021-07-15,8.047469139099121
2021-07-16,8.047469139099121
2021-07-19,8.021757125854492
2021-07-20,8.150311470031738
2021-07-21,8.08174991607666
2021-07-22,8.021757125854492
2021-07-23,8.09031867980957
2021-07-26,8.09031867980957
2021-07-27,7.9446258544921875
2021-07-28,7.996047496795654
2021-07-29,7.970335960388184
2021-07-30,7.687516689300537
2021-08-02,7.704658031463623
2021-08-03,7.584673881530762
2021-08-04,7.456120491027832
2021-08-05,7.344707489013672
2021-08-06,7.293286323547363
2021-08-09,7.584673881530762
2021-08-10,7.430409908294678
2021-08-11,8.518831253051758
2021-08-12,7.558963298797607
2021-08-13,7.370418548583984
2021-08-16,7.019038200378418
2021-08-17,6.847631931304932
2021-08-18,6.924765110015869
2021-08-19,7.181872367858887
2021-08-20,7.13045072555542
2021-08-23,7.28471565246582
2021-08-24,7.259004592895508
2021-08-25,7.301855087280273
2021-08-26,7.096170425415039
2021-08-27,7.156162261962891
2021-08-30,7.2332940101623535
2021-08-31,7.164730548858643
2021-09-01,7.044748783111572
2021-09-02,6.787640571594238
2021-09-03,6.676228046417236
2021-09-06,7.121881008148193
2021-09-08,7.036178112030029
2021-09-09,7.310425281524658
2021-09-10,7.75607967376709
2021-09-13,7.858922481536865
2021-09-14,8.06460952758789
2021-09-15,8.227445602416992
2021-09-16,8.43312931060791
2021-09-17,8.330286979675293
2021-09-20,8.296006202697754
2021-09-21,8.270294189453125
2021-09-22,8.227445602416992
2021-09-23,8.33885669708252
2021-09-24,8.715948104858398
2021-09-27,8.827362060546875
2021-09-28,8.9816255569458
2021-09-29,9.281584739685059
2021-09-30,8.955914497375488
2021-10-01,9.084468841552734
2021-10-04,9.093038558959961
2021-10-05,9.281584739685059
2021-10-06,9.32443618774414
2021-10-07,9.315864562988281
2021-10-08,9.47012996673584
2021-10-11,9.410137176513672
2021-10-13,9.461560249328613
2021-10-14,9.273014068603516
2021-10-15,9.170171737670898
2021-10-18,8.887351989746094
2021-10-19,8.655956268310547
2021-10-20,8.347427368164062
2021-10-21,8.004615783691406
2021-10-22,7.970335960388184
2021-10-25,7.936054229736328
2021-10-26,7.661806583404541
2021-10-27,7.773218631744385
2021-10-28,7.790360927581787
2021-10-29,8.347427368164062
2021-11-01,8.390278816223145
2021-11-03,8.613104820251465
2021-11-04,8.930204391479492
2021-11-05,8.913063049316406
2021-11-08,8.938775062561035
2021-11-09,8.913063049316406
2021-11-10,8.818791389465332
2021-11-11,8.61457633972168
2021-11-12,8.261157989501953
2021-11-16,7.925409317016602
2021-11-17,7.660346031188965
2021-11-18,7.8900675773620605
2021-11-19,7.854726791381836
2021-11-22,7.68685245513916
2021-11-23,7.969587802886963
2021-11-24,7.872395992279053
2021-11-25,7.8989033699035645
2021-11-26,7.68685245513916
2021-11-29,7.642675399780273
2021-11-30,7.580827236175537
2021-12-01,7.421788692474365
2021-12-02,7.510143756866455
2021-12-03,7.61616849899292
2021-12-06,7.61616849899292
2021-12-07,7.660346031188965
2021-12-08,7.748701095581055
2021-12-09,7.483636856079102
2021-12-10,7.598498344421387
2021-12-13,7.722192764282227
2021-12-14,7.819385051727295
2021-12-15,8.69409465789795
2021-12-16,8.755942344665527
2021-12-17,8.738272666931152
2021-12-20,8.844298362731934
2021-12-21,9.118196487426758
2021-12-22,9.162373542785645
2021-12-23,9.303741455078125
2021-12-27,9.215386390686035
2021-12-28,9.321413040161133
2021-12-29,9.383261680603027
2021-12-30,9.365591049194336
2022-01-03,9.224222183227539
2022-01-04,9.003336906433105
2022-01-05,8.897309303283691
2022-01-06,8.88847541809082
2022-01-07,8.764779090881348
2022-01-10,8.658753395080566
2022-01-11,8.570398330688477
2022-01-12,8.658753395080566
2022-01-13,8.92381763458252
2022-01-14,9.074020385742188
2022-01-17,8.897309303283691
2022-01-18,8.835461616516113
2022-01-19,8.720601081848145
2022-01-20,8.623412132263184
2022-01-21,8.711766242980957
2022-01-24,8.596903800964355
2022-01-25,8.605740547180176
2022-01-26,8.473209381103516
2022-01-27,8.411360740661621
2022-01-28,8.411360740661621
2022-01-31,8.429032325744629
2022-02-01,8.004929542541504
2022-02-02,8.013763427734375
2022-02-03,7.775207996368408
2022-02-04,7.987257480621338
2022-02-07,8.146297454833984
2022-02-08,8.314169883728027
2022-02-09,8.800121307373047
2022-02-10,8.941488265991211
2022-02-11,8.835461616516113
2022-02-14,8.92381763458252
2022-02-15,8.817791938781738
2022-02-16,8.711766242980957
2022-02-17,8.74710750579834
2022-02-18,8.729436874389648
2022-02-21,8.464372634887695
2022-02-22,8.985665321350098
2022-02-23,8.914982795715332
2022-02-24,9.542299270629883
2022-02-25,9.55113410949707
2022-03-02,9.807363510131836
2022-03-03,9.604146957397461
2022-03-04,9.683667182922363
2022-03-07,9.604146957397461
2022-03-08,9.665995597839355
2022-03-09,10.028249740600586
2022-03-10,9.9133882522583
2022-03-11,9.966401100158691
2022-03-14,9.869211196899414
2022-03-15,10.240301132202148
2022-03-16,10.47885799407959
2022-03-17,10.372832298278809
2022-03-18,10.25797176361084
2022-03-21,10.390503883361816
2022-03-22,10.284479141235352
2022-03-23,9.948731422424316
2022-03-24,10.381668090820312
2022-03-25,10.372832298278809
2022-03-28,10.752758026123047
2022-03-29,10.65556812286377
2022-03-30,10.955973625183105
2022-03-31,11.185694694519043
2022-04-01,11.309392929077148
2022-04-04,11.653975486755371
2022-04-05,11.804178237915039
2022-04-06,12.007392883300781
2022-04-07,12.042736053466797
2022-04-08,12.440329551696777
2022-04-11,11.998557090759277
2022-04-12,11.645139694213867
2022-04-13,12.025064468383789
2022-04-14,12.060405731201172
2022-04-18,12.113418579101562
2022-04-19,11.857189178466797
2022-04-20,11.910202980041504
2022-04-22,11.539113998413086
2022-04-25,11.653975486755371
2022-04-26,11.592126846313477
2022-04-27,11.839519500732422
2022-04-28,11.688645362854004
2022-04-29,11.869444847106934
2022-05-02,11.932723999023438
2022-05-03,12.113521575927734
2022-05-04,12.176803588867188
2022-05-05,12.005043983459473
2022-05-06,11.977923393249512
2022-05-09,12.113521575927734
2022-05-10,11.878483772277832
2022-05-11,11.986963272094727
2022-05-12,11.08297061920166
2022-05-13,11.064888954162598
2022-05-16,10.838890075683594
2022-05-17,11.345128059387207
2022-05-18,11.019689559936523
2022-05-19,11.254728317260742
2022-05-20,11.318008422851562
2022-05-23,11.480727195739746
2022-05-24,11.679605484008789
2022-05-25,11.652486801147461
2022-05-26,12.122563362121582
2022-05-27,12.655919075012207
2022-05-30,12.918078422546387
2022-05-31,12.854798316955566
2022-06-01,12.782479286193848
2022-06-02,13.071756362915039
2022-06-03,12.863838195800781
2022-06-06,12.755358695983887
2022-06-07,12.637839317321777
2022-06-08,12.420881271362305
2022-06-09,12.673998832702637
2022-06-10,12.592639923095703
2022-06-13,11.896564483642578
2022-06-14,11.779045104980469
2022-06-15,11.760965347290039
2022-06-17,11.516886711120605
2022-06-20,11.571126937866211
2022-06-21,11.507845878601074
2022-06-22,11.941763877868652
2022-06-23,12.28528118133545
2022-06-24,12.194881439208984
2022-06-27,12.73727798461914
2022-06-28,12.836718559265137
2022-06-29,12.258162498474121
2022-06-30,11.996003150939941
2022-07-01,12.438961029052734
2022-07-04,12.637839317321777
2022-07-05,12.655919075012207
2022-07-06,12.818638801574707
2022-07-07,13.089836120605469
2022-07-08,12.890957832336426
2022-07-11,12.791518211364746
2022-07-12,12.565518379211426
2022-07-13,12.610719680786133
2022-07-14,12.574560165405273
2022-07-15,12.06832218170166
2022-07-18,11.788084983825684
2022-07-19,12.339522361755371
2022-07-20,12.402799606323242
2022-07-21,12.466080665588379
2022-07-22,11.950803756713867
2022-07-25,12.21296215057373
2022-07-26,11.977923393249512
2022-07-27,12.303361892700195
2022-07-28,11.996003150939941
2022-07-29,11.842325210571289
2022-08-01,11.896564483642578
2022-08-02,11.914644241333008
2022-08-03,11.6253662109375
2022-08-04,11.435526847839355
2022-08-05,11.797124862670898
2022-08-08,12.258162498474121
2022-08-09,11.525927543640137
2022-08-10,11.598247528076172
2022-08-11,12.44800090789795
2022-08-12,12.719199180603027
2022-08-15,12.746319770812988
2022-08-16,12.990397453308105
2022-08-17,13.089836120605469
2022-08-18,13.295174598693848
2022-08-19,13.634196281433105
2022-08-22,13.313499450683594
2022-08-23,13.460103034973145
2022-08-24,14.220614433288574
2022-08-25,14.715402603149414
2022-08-26,14.678753852844238
2022-08-29,14.687914848327637
2022-08-30,14.40386962890625
2022-08-31,14.156475067138672
2022-09-01,13.909079551696777
2022-09-02,13.762476921081543
2022-09-05,13.844941139221191
2022-09-06,13.560894012451172
2022-09-08,13.267685890197754
2022-09-09,13.066105842590332
2022-09-12,13.221872329711914
2022-09-13,12.910337448120117
2022-09-14,12.598804473876953
2022-09-15,12.699594497680664
2022-09-16,12.992803573608398
2022-09-19,13.121081352233887
2022-09-20,13.0569429397583
2022-09-21,12.782059669494629
2022-09-22,12.64461898803711
2022-09-23,12.314759254455566
2022-09-26,12.113177299499512
2022-09-27,12.122339248657227
2022-09-28,11.682528495788574
2022-09-29,11.737504005432129
2022-09-30,11.49010944366455
2022-10-03,11.810807228088379
2022-10-04,11.499272346496582
2022-10-05,11.370993614196777
2022-10-06,11.52676010131836
2022-10-07,11.609225273132324
2022-10-10,12.094852447509766
2022-10-11,12.140666007995605
2022-10-13,12.946989059448242
2022-10-14,12.122339248657227
2022-10-17,12.479689598083496
2022-10-18,12.864524841308594
2022-10-19,12.809547424316406
2022-10-20,12.965314865112305
2022-10-21,13.130245208740234
2022-10-24,13.0569429397583
2022-10-25,12.62629222869873
2022-10-26,12.268945693969727
2022-10-27,12.186479568481445
2022-10-28,12.369735717773438
2022-10-31,12.53466510772705
2022-11-01,12.62629222869873
2022-11-03,12.598804473876953
2022-11-04,13.185221672058105
2022-11-07,12.855360984802246
2022-11-08,13.414290428161621
2022-11-09,13.130245208740234
2022-11-10,12.58047866821289
2022-11-11,13.899916648864746
2022-11-14,13.64336109161377
2022-11-16,12.378897666931152
2022-11-17,11.819968223571777
2022-11-18,12.122339248657227
2022-11-21,11.911596298217773
2022-11-22,11.664201736450195
2022-11-23,11.471784591674805
2022-11-24,11.838294982910156
2022-11-25,11.618388175964355
2022-11-28,11.508435249328613
2022-11-29,11.74666690826416
2022-11-30,11.453457832336426
2022-12-01,10.894530296325684
2022-12-02,11.013646125793457
2022-12-05,10.857879638671875
2022-12-06,10.573832511901855
2022-12-07,10.766251564025879
2022-12-08,10.637971878051758
2022-12-09,10.60132122039795
2022-12-12,10.867040634155273
2022-12-13,10.857879638671875
2022-12-14,11.050296783447266
2022-12-15,11.325179100036621
2022-12-16,11.325179100036621
2022-12-19,11.261039733886719
2022-12-20,11.49010944366455
2022-12-21,11.22438907623291
2022-12-22,11.306855201721191
2022-12-23,11.563411712646484
2022-12-26,11.270203590393066
2022-12-27,11.425970077514648
2022-12-28,11.655038833618164
2022-12-29,11.874944686889648
2023-01-02,11.636713981628418
2023-01-03,11.306855201721191
2023-01-04,11.737504005432129
2023-01-05,11.98489761352539
2023-01-06,12.158990859985352
2023-01-09,12.232293128967285
2023-01-10,12.323920249938965
2023-01-11,13.276848793029785
2023-01-12,13.350151062011719
2023-01-13,13.97321891784668
2023-01-16,13.881591796875
2023-01-17,13.945730209350586
2023-01-18,14.101497650146484
2023-01-19,14.156475067138672
2023-01-20,14.211451530456543
2023-01-23,13.707499504089355
2023-01-24,13.49675464630127
2023-01-25,13.62503433227539
2023-01-26,13.515081405639648
2023-01-27,13.276848793029785
2023-01-30,13.029454231262207
2023-01-31,12.818710327148438
2023-02-01,12.782059669494629
2023-02-02,12.58047866821289
2023-02-03,12.424712181091309
2023-02-06,12.351408958435059
2023-02-07,12.53466510772705
2023-02-08,12.305596351623535
2023-02-09,12.012386322021484
2023-02-10,12.085688591003418
2023-02-13,11.884108543395996
2023-02-14,11.636713981628418
2023-02-15,12.021550178527832
2023-02-16,11.334342956542969
2023-02-17,11.343504905700684
2023-02-22,10.445554733276367
2023-02-23,10.812064170837402
2023-02-24,10.555508613586426
2023-02-27,10.353926658630371
2023-02-28,10.381415367126465
2023-03-01,10.454716682434082
2023-03-02,10.0790433883667
2023-03-03,10.812064170837402
2023-03-06,10.793739318847656
2023-03-07,10.867040634155273
2023-03-08,10.894530296325684
2023-03-09,10.784576416015625
2023-03-10,10.70211124420166
2023-03-13,10.564669609069824
2023-03-14,10.317276000976562
2023-03-15,10.161507606506348
2023-03-16,10.381415367126465
2023-03-17,10.720438003540039
2023-03-20,10.262298583984375
2023-03-21,10.326437950134277
2023-03-22,10.353926658630371
2023-03-23,10.49136734008789
2023-03-24,10.555508613586426
2023-03-27,10.408903121948242
2023-03-28,10.61048412322998
2023-03-29,10.418066024780273
2023-03-30,10.207322120666504
2023-03-31,9.657556533813477
2023-04-03,9.272721290588379
2023-04-04,9.25439453125
2023-04-05,8.997836112976074
2023-04-06,9.272721290588379
2023-04-10,9.226905822753906
2023-04-11,9.107789993286133
2023-04-12,9.20858097076416
2023-04-13,8.61299991607666
2023-04-14,8.667976379394531
2023-04-17,8.622163772583008
2023-04-18,8.347280502319336
2023-04-19,8.238850593566895
2023-04-20,8.457159996032715
2023-04-24,8.124948501586914
2023-04-25,8.01104736328125
2023-04-26,7.821211814880371
2023-04-27,7.963589191436768
2023-04-28,8.115456581115723
2023-05-02,7.802228927612305
2023-05-03,8.067997932434082
2023-05-04,8.01104736328125
2023-05-05,8.36224365234375
2023-05-08,8.542585372924805
2023-05-09,8.665979385375977
2023-05-10,8.96971607208252
2023-05-11,9.263960838317871
2023-05-12,9.178534507751465
2023-05-15,9.178534507751465
2023-05-16,8.893780708312988
2023-05-17,8.637503623962402
2023-05-18,9.23548412322998
2023-05-19,9.681597709655762
2023-05-22,9.767023086547852
2023-05-23,9.643630027770996
2023-05-24,9.23548412322998
2023-05-25,9.30192756652832
2023-05-26,9.42531967163086
2023-05-29,9.225993156433105
2023-05-30,9.33989429473877
2023-05-31,9.700581550598145
2023-06-01,9.62464714050293
2023-06-02,9.833465576171875
2023-06-05,9.890416145324707
2023-06-06,10.1561861038208
2023-06-07,10.118218421936035
2023-06-09,10.450429916381836
2023-06-12,10.393479347229004
2023-06-13,10.554840087890625
2023-06-14,10.583314895629883
2023-06-15,10.668740272521973
2023-06-16,10.592806816101074
2023-06-19,10.811118125915527
2023-06-20,10.63077449798584
2023-06-21,10.611790657043457
2023-06-22,10.118218421936035
2023-06-23,9.672104835510254
2023-06-26,9.548712730407715
2023-06-27,9.928382873535156
2023-06-28,9.605664253234863
2023-06-29,9.852449417114258
2023-06-30,10.089742660522461
2023-07-03,9.890416145324707
2023-07-04,9.729056358337402
2023-07-05,9.966350555419922
2023-07-06,9.90939998626709
2023-07-07,9.985334396362305
2023-07-10,9.662613868713379
2023-07-11,9.282943725585938
2023-07-12,9.25446891784668
2023-07-13,9.491762161254883
2023-07-14,9.377861022949219
2023-07-17,9.368369102478027
2023-07-18,9.169042587280273
2023-07-19,9.225993156433105
2023-07-20,9.33989429473877
2023-07-21,9.529729843139648
2023-07-24,9.112092018127441
2023-07-25,8.86530590057373
2023-07-26,9.017173767089844
2023-07-27,9.0646333694458
2023-07-28,9.282943725585938
2023-07-31,9.577187538146973
2023-08-01,9.700581550598145
2023-08-02,9.719564437866211
2023-08-03,10.004317283630371
2023-08-04,10.1561861038208
2023-08-07,10.080252647399902
2023-08-08,10.070759773254395
2023-08-09,10.203644752502441
2023-08-10,10.497889518737793
2023-08-11,10.26059627532959
2023-08-14,9.947366714477539
2023-08-15,9.881756782531738
2023-08-16,10.074760437011719
2023-08-17,10.22916316986084
2023-08-18,10.287063598632812
2023-08-21,10.200212478637695
2023-08-22,10.808172225952148
2023-08-23,10.576567649841309
2023-08-24,10.344964981079102
2023-08-25,10.094059944152832
2023-08-28,10.518667221069336
2023-08-29,8.598286628723145
2023-08-30,8.299132347106934
2023-08-31,8.106128692626953
2023-09-01,8.260531425476074
2023-09-04,8.636887550354004
2023-09-05,8.675488471984863
2023-09-06,8.424583435058594
2023-09-08,8.395633697509766
2023-09-11,8.260531425476074
2023-09-12,8.299132347106934
2023-09-13,8.40528392791748
2023-09-14,8.366683006286621
2023-09-15,8.279831886291504
2023-09-18,8.347382545471191
2023-09-19,8.318432807922363
2023-09-20,8.279831886291504
2023-09-21,7.980677127838135
2023-09-22,7.951725959777832
2023-09-25,7.87452507019043
2023-09-26,7.855225563049316
2023-09-27,7.864874362945557
2023-09-28,7.864874362945557
2023-09-29,7.806974411010742
2023-10-02,7.942076206207275
2023-10-03,7.845574855804443
2023-10-04,7.864874362945557
2023-10-05,7.787673473358154
2023-10-06,7.845574855804443
2023-10-09,7.816625118255615
2023-10-10,7.87452507019043
2023-10-11,7.845574855804443
2023-10-13,7.652571678161621
2023-10-16,7.633271217346191
2023-10-17,7.527120113372803
2023-10-18,7.440268516540527
2023-10-19,7.199014663696289
2023-10-20,7.1700639724731445
2023-10-23,7.1218132972717285
2023-10-24,7.247265815734863
2023-10-25,7.112163066864014
2023-10-26,7.3341169357299805
2023-10-27,7.343766689300537
2023-10-30,7.2858662605285645
2023-10-31,7.305166244506836
2023-11-01,7.3341169357299805
2023-11-03,7.51746940612793
2023-11-06,7.768373966217041
2023-11-07,7.768373966217041
2023-11-08,7.604321002960205
2023-11-09,6.581404685974121
2023-11-10,6.600705146789551
2023-11-13,6.639305591583252
2023-11-14,6.793707847595215
2023-11-16,6.957760810852051
2023-11-17,6.88055944442749
2023-11-20,6.822658538818359
2023-11-21,6.7165069580078125
2023-11-22,6.841958999633789
2023-11-23,6.851609230041504
2023-11-24,6.784058094024658
2023-11-27,6.784058094024658
2023-11-28,6.967410564422607
2023-11-29,7.0253119468688965
2023-11-30,7.006011962890625
2023-12-01,7.208664417266846
2023-12-04,7.14111328125
2023-12-05,7.199014663696289
2023-12-06,7.083212852478027
2023-12-07,6.957760810852051
2023-12-08,7.015661716461182
2023-12-11,6.967410564422607
2023-12-12,7.034961700439453
2023-12-13,7.14111328125
2023-12-14,7.1218132972717285
2023-12-15,6.996361255645752
2023-12-18,7.14111328125
2023-12-19,7.160414218902588
2023-12-20,7.0253119468688965
2023-12-21,7.131463527679443
2023-12-22,7.1218132972717285
2023-12-26,7.23761510848999
2023-12-27,7.247265815734863
2023-12-28,7.208664417266846
2024-01-02,7.063912391662598
2024-01-03,6.977060794830322
2024-01-04,6.851609230041504
2024-01-05,6.851609230041504
2024-01-08,6.890209674835205
2024-01-09,6.832308769226074
2024-01-10,6.803358554840088
2024-01-11,6.735806941986084
2024-01-12,6.793707847595215
2024-01-15,6.8130083084106445
2024-01-16,6.54280424118042
2024-01-17,6.513853549957275
2024-01-18,6.484903335571289
2024-01-19,6.54280424118042
2024-01-22,6.513853549957275
2024-01-23,6.88055944442749
2024-01-24,6.88055944442749
2024-01-25,6.870909214019775
2024-01-26,6.938460350036621
2024-01-29,6.803358554840088
2024-01-30,6.591054916381836
2024-01-31,6.610355377197266
2024-02-01,6.513853549957275
2024-02-02,6.523504257202148
2024-02-05,6.475253105163574
2024-02-06,6.552453994750977
2024-02-07,6.5717549324035645
2024-02-08,6.417352199554443
2024-02-09,6.320850849151611
2024-02-14,6.127847671508789
2024-02-15,6.233999252319336
2024-02-16,6.291900157928467
2024-02-19,6.311200141906738
2024-02-20,6.243649482727051
2024-02-21,6.369101524353027
2024-02-22,6.44630241394043
2024-02-23,6.272599697113037
2024-02-26,6.398051738739014
2024-02-27,6.5717549324035645
2024-02-28,6.5717549324035645
2024-02-29,6.5717549324035645
2024-03-01,6.56210470199585
2024-03-04,6.475253105163574
2024-03-05,6.591054916381836
2024-03-06,6.465602397918701
2024-03-07,6.4077019691467285
2024-03-08,6.475253105163574
2024-03-11,6.465602397918701
2024-03-12,6.56210470199585
2024-03-13,6.677906513214111
2024-03-14,6.774407863616943
2024-03-15,6.764758110046387
2024-03-18,6.726156711578369
2024-03-19,6.8130083084106445
2024-03-20,6.938460350036621
2024-03-21,6.909509658813477
2024-03-22,6.851609230041504
2024-03-25,6.967410564422607
2024-03-26,6.3594512939453125
2024-03-27,6.475253105163574
2024-03-28,6.513853549957275
2024-04-01,6.610355377197266
2024-04-02,6.629655361175537
2024-04-03,6.523504257202148
2024-04-04,6.475253105163574
2024-04-05,6.388401508331299
2024-04-08,6.369101524353027
2024-04-09,6.330501079559326
2024-04-10,6.233999252319336
2024-04-11,6.272599697113037
2024-04-12,6.185748100280762
2024-04-15,5.82869291305542
2024-04-16,5.7900919914245605
2024-04-17,5.82869291305542
2024-04-18,5.886593818664551
2024-04-19,5.867293357849121
2024-04-22,5.934844493865967
2024-04-23,5.876943588256836
2024-04-24,5.838343143463135
2024-04-25,5.799742698669434
2024-04-26,5.915544509887695
2024-04-29,5.9541449546813965
2024-04-30,5.905893802642822
2024-05-02,5.857643127441406
2024-05-03,6.021695613861084
2024-05-06,5.799742698669434
2024-05-07,5.80939245223999
2024-05-08,5.867293357849121
2024-05-09,6.021695613861084
2024-05-10,6.118197441101074
2024-05-13,5.973444938659668
2024-05-14,5.973444938659668
2024-05-15,6.0699462890625
2024-05-16,6.552453994750977
2024-05-17,6.629655361175537
2024-05-20,6.745457172393799
2024-05-21,6.697206497192383
2024-05-22,6.118197441101074
2024-05-23,6.185748100280762
2024-05-24,6.320850849151611
2024-05-27,6.253299236297607
2024-05-28,6.233999252319336
2024-05-29,6.0988969802856445
2024-05-31,5.983094692230225
2024-06-03,6.031345844268799
2024-06-04,5.838343143463135
2024-06-05,5.7900919914245605
2024-06-06,5.905893802642822
2024-06-07,5.886593818664551
2024-06-10,5.741840839385986
2024-06-11,6.040996551513672
2024-06-12,5.934844493865967
2024-06-13,5.915544509887695
2024-06-14,5.944494247436523
2024-06-17,5.886593818664551
2024-06-18,6.0699462890625
2024-06-19,6.243649482727051
2024-06-20,6.349801063537598
2024-06-21,6.224348545074463
2024-06-24,6.205048561096191
2024-06-25,6.185748100280762
2024-06-26,6.137497425079346
2024-06-27,6.484903335571289
2024-06-28,6.44630241394043
2024-07-01,6.4559526443481445
2024-07-02,6.610355377197266
2024-07-03,6.465602397918701
2024-07-04,6.54280424118042
2024-07-05,6.620005130767822
2024-07-08,6.648955821990967
2024-07-09,6.523504257202148
2024-07-10,6.436652660369873
2024-07-11,6.591054916381836
2024-07-12,6.581404685974121
2024-07-15,6.581404685974121
2024-07-16,6.629655361175537
2024-07-17,6.658606052398682
2024-07-18,6.3594512939453125
2024-07-19,6.320850849151611
2024-07-22,6.28225040435791
2024-07-23,6.0988969802856445
2024-07-24,6.0506463050842285
2024-07-25,5.963794708251953
2024-07-26,6.0988969802856445
2024-07-29,5.983094692230225
2024-07-30,6.089247226715088
2024-07-31,6.0699462890625
2024-08-01,6.233999252319336
2024-08-02,6.243649482727051
2024-08-05,6.388401508331299
2024-08-06,6.388401508331299
2024-08-07,6.697206497192383
2024-08-08,7.034961700439453
2024-08-09,7.247265815734863
2024-08-12,7.25691556930542
2024-08-13,7.208664417266846
2024-08-14,7.324466705322266
2024-08-15,7.276215553283691
2024-08-16,7.189363956451416
2024-08-19,7.440268516540527
2024-08-20,7.565720558166504
2024-08-21,7.623620986938477
2024-08-22,7.4788689613342285
2024-08-23,7.671871662139893
2024-08-26,7.507819652557373
2024-08-27,7.51746940612793
2024-08-28,7.372717380523682
2024-08-29,7.25691556930542
2024-08-30,7.227964878082275
2024-09-02,6.986711025238037
2024-09-03,6.890209674835205
2024-09-04,7.150763511657715
2024-09-05,6.948110103607178
2024-09-06,6.755107402801514
2024-09-09,6.755107402801514
2024-09-10,6.803358554840088
2024-09-11,6.793707847595215
2024-09-12,6.735806941986084
2024-09-13,6.668255805969238
2024-09-16,6.56210470199585
2024-09-17,6.7068562507629395
2024-09-18,6.4559526443481445
2024-09-19,6.4559526443481445
2024-09-20,6.301550388336182
2024-09-23,6.320850849151611
2024-09-24,6.436652660369873
2024-09-25,6.320850849151611
2024-09-26,6.349801063537598
2024-09-27,6.262949466705322
2024-09-30,6.118197441101074
2024-10-01,6.205048561096191
2024-10-02,6.233999252319336
2024-10-03,6.16644811630249
2024-10-04,6.156797885894775
2024-10-07,6.021695613861084
2024-10-08,5.934844493865967
2024-10-09,5.722540855407715
2024-10-10,5.5970892906188965
2024-10-11,5.346185207366943
2024-10-14,5.355835437774658
2024-10-15,5.317234992980957
2024-10-16,5.297934055328369
2024-10-17,5.259333610534668
2024-10-18,5.423386096954346
2024-10-21,5.423386096954346
2024-10-22,5.346185207366943
2024-10-23,5.365485668182373
2024-10-24,5.355835437774658
2024-10-25,5.297934055328369
2024-10-28,5.423386096954346
2024-10-29,5.587439060211182
2024-10-30,5.751491546630859
2024-10-31,5.5970892906188965
2024-11-01,5.558488845825195
2024-11-04,5.722540855407715
2024-11-05,5.5970892906188965
2024-11-06,5.6935906410217285
2024-11-07,5.37513542175293
2024-11-08,5.201432704925537
2024-11-11,5.230383396148682
2024-11-12,5.346185207366943
2024-11-13,5.355835437774658
2024-11-14,5.510237693786621
2024-11-18,5.37513542175293
2024-11-19,5.404086112976074
2024-11-21,5.394435882568359
2024-11-22,5.442686557769775
2024-11-25,5.539187908172607
2024-11-26,5.510237693786621
2024-11-27,5.45233678817749
2024-11-28,5.249683380126953
2024-11-29,5.6453399658203125
2024-12-02,5.799742698669434
2024-12-03,5.84799337387085
2024-12-04,5.838343143463135
2024-12-05,5.857643127441406
2024-12-06,5.703240394592285
2024-12-09,5.896243572235107
2024-12-10,5.973444938659668
2024-12-11,6.021695613861084
2024-12-12,5.442686557769775
2024-12-13,5.529537677764893
2024-12-16,5.838343143463135
2024-12-17,5.606739521026611
2024-12-18,5.124231815338135
2024-12-19,5.3365349769592285
2024-12-20,5.346185207366943
2024-12-23,5.249683380126953
2024-12-26,5.037380218505859
2024-12-27,4.998779296875
2024-12-30,4.911928176879883
2025-01-02,4.632073879241943
2025-01-03,4.593473434448242
2025-01-06,4.786476135253906
2025-01-07,4.767175674438477
2025-01-08,4.6706743240356445
2025-01-09,4.940878391265869
2025-01-10,4.902277946472168
2025-01-13,4.641724109649658
2025-01-14,4.641724109649658
2025-01-15,4.796126365661621
2025-01-16,4.6706743240356445
2025-01-17,4.844377517700195
2025-01-20,4.805776119232178
2025-01-21,4.796126365661621
2025-01-22,4.632073879241943
2025-01-23,4.323268413543701
2025-01-24,4.28466796875
2025-01-27,4.709275245666504
2025-01-28,4.651373863220215
2025-01-29,4.641724109649658
2025-01-30,4.767175674438477
2025-01-31,4.6706743240356445
2025-02-03,4.651373863220215
2025-02-04,4.516272068023682
2025-02-05,4.429420471191406
2025-02-06,4.496971130371094
2025-02-07,4.28466796875
2025-02-10,4.323268413543701
2025-02-11,4.40047025680542
2025-02-12,4.217116832733154
2025-02-13,4.139915943145752
2025-02-14,4.361869812011719
2025-02-17,4.496971130371094
2025-02-18,4.6224236488342285
2025-02-19,4.439070701599121
2025-02-20,4.38116979598999
2025-02-21,4.390820026397705
2025-02-24,4.217116832733154
2025-02-25,4.197816848754883
2025-02-26,4.139915943145752
2025-02-27,4.342568874359131
2025-02-28,4.2653679847717285
2025-03-05,4.458370685577393
2025-03-06,4.593473434448242
2025-03-07,4.6224236488342285
2025-03-10,4.6224236488342285
2025-03-11,4.535572052001953
2025-03-12,4.728575229644775
2025-03-13,4.902277946472168
2025-03-14,5.182132244110107
2025-03-17,5.162832260131836
2025-03-18,5.297934055328369
2025-03-19,5.394435882568359
2025-03-20,5.84799337387085
2025-03-21,5.722540855407715
2025-03-24,5.606739521026611
2025-03-25,5.770791530609131
2025-03-26,5.587439060211182
2025-03-27,5.857643127441406
2025-03-28,5.992745399475098
2025-03-31,6.0988969802856445
2025-04-01,6.28225040435791
2025-04-02,6.349801063537598
2025-04-03,6.233999252319336
2025-04-04,6.243649482727051
2025-04-07,6.214698791503906
2025-04-08,6.031345844268799
2025-04-09,6.523504257202148
2025-04-10,6.56210470199585
2025-04-11,6.726156711578369
2025-04-14,6.533154010772705
2025-04-15,6.658606052398682
2025-04-16,6.948110103607178
2025-04-17,7.150763511657715
2025-04-22,7.411317825317383
2025-04-23,6.767126560211182
2025-04-24,6.408264636993408
2025-04-25,6.690227508544922
2025-04-28,6.391174793243408
2025-04-29,6.2117438316345215
2025-04-30,5.703240394592285
2025-05-02,5.799742698669434
2025-05-05,5.616389274597168
2025-05-06,5.259333610534668
2025-05-07,5.394435882568359
2025-05-08,4.97947883605957
2025-05-09,4.786476135253906
2025-05-12,4.892627716064453
2025-05-13,4.9312286376953125
2025-05-14,4.969829082489014
2025-05-15,4.960178852081299
2025-05-16,5.008429527282715
2025-05-19,5.01807975769043
2025-05-20,5.047029972076416
2025-05-21,4.873327732086182
2025-05-22,4.8829779624938965
2025-05-23,4.989129543304443
2025-05-26,4.863677501678467
2025-05-27,4.873327732086182
2025-05-28,5.037380218505859
2025-05-29,4.844377517700195
2025-05-30,4.863677501678467
2025-06-02,4.950529098510742
2025-06-03,4.873327732086182
2025-06-04,4.525921821594238
2025-06-05,4.747875690460205
2025-06-06,4.728575229644775
2025-06-09,4.776825904846191
2025-06-10,4.921578407287598
2025-06-11,4.892627716064453
2025-06-12,4.902277946472168
2025-06-13,4.689974784851074
2025-06-16,4.747875690460205
2025-06-17,4.612773418426514
2025-06-18,4.747875690460205
2025-06-20,4.699624538421631
2025-06-23,4.641724109649658
2025-06-24,4.574172496795654
2025-06-25,4.641724109649658
2025-06-26,4.689974784851074
2025-06-27,4.651373863220215
2025-06-30,4.728575229644775
2025-07-01,4.8347272872924805
2025-07-02,4.815426349639893
2025-07-03,4.9312286376953125
2025-07-04,4.989129543304443
2025-07-07,5.047029972076416
2025-07-08,5.461986541748047
2025-07-09,5.288283824920654
2025-07-10,5.220732688903809
2025-07-11,5.1917829513549805
2025-07-14,5.066330432891846
2025-07-15,5.133881568908691
2025-07-16,5.11458158493042
2025-07-17,5.211082935333252
2025-07-18,4.940878391265869
2025-07-21,4.950529098510742
2025-07-22,4.911928176879883
2025-07-23,5.056680202484131
2025-07-24,4.892627716064453
2025-07-25,4.911928176879883
2025-07-28,4.825076580047607
2025-07-29,4.8347272872924805
2025-07-30,4.989129543304443
2025-07-31,4.767175674438477
2025-08-01,4.767175674438477
2025-08-04,4.7189249992370605
2025-08-05,4.767175674438477
2025-08-06,5.066330432891846
2025-08-07,4.805776119232178
2025-08-08,4.863677501678467
2025-08-11,4.844377517700195
2025-08-12,4.757525444030762
2025-08-13,4.689974784851074
2025-08-14,4.6224236488342285
2025-08-15,4.738224983215332
2025-08-18,4.940878391265869
2025-08-19,5.085630893707275
2025-08-20,5.172482490539551
2025-08-21,5.182132244110107
2025-08-22,5.548838138580322
2025-08-25,5.548838138580322
2025-08-26,5.722540855407715
2025-08-27,5.73219108581543
2025-08-28,5.80939245223999
2025-08-29,5.819042682647705
2025-09-01,5.80939245223999
2025-09-02,5.799742698669434
2025-09-03,5.780441761016846
2025-09-04,5.886593818664551
2025-09-05,5.896243572235107
2025-09-08,5.857643127441406
2025-09-09,5.963794708251953
2025-09-10,6.0699462890625
2025-09-11,6.253299236297607
2025-09-12,6.4077019691467285
2025-09-15,6.243649482727051
2025-09-16,6.320850849151611
2025-09-17,6.243649482727051
2025-09-18,6.291900157928467
2025-09-19,6.272599697113037
2025-09-22,6.185748100280762
2025-09-23,6.1471476554870605
2025-09-24,6.291900157928467
2025-09-25,6.176098346710205
2025-09-26,6.262949466705322
2025-09-29,6.311200141906738
2025-09-30,6.513853549957275
2025-10-01,6.54280424118042
2025-10-02,6.533154010772705
2025-10-03,6.513853549957275
2025-10-06,6.378751277923584
2025-10-07,6.4559526443481445
2025-10-08,6.340150833129883
2025-10-09,6.233999252319336
2025-10-10,6.301550388336182
2025-10-13,6.233999252319336
2025-10-14,6.388401508331299
2025-10-15,6.5042033195495605
2025-10-16,6.5042033195495605
2025-10-17,6.552453994750977
2025-10-20,6.610355377197266
2025-10-21,6.610355377197266
2025-10-22,6.648955821990967
2025-10-23,6.832308769226074
2025-10-24,6.822658538818359
2025-10-27,6.793707847595215
2025-10-28,6.851609230041504
2025-10-29,6.648955821990967
2025-10-30,6.677906513214111
2025-10-31,6.928810119628906
2025-11-03,7.1218132972717285
2025-11-04,7.179714202880859
2025-11-05,7.160414218902588
2025-11-06,6.195398807525635
2025-11-07,5.896243572235107
2025-11-10,5.983094692230225
2025-11-11,6.195398807525635
2025-11-12,6.195398807525635
2025-11-13,6.0699462890625
2025-11-14,6.301550388336182
2025-11-17,6.427001953125
2025-11-18,6.56210470199585
2025-11-19,6.291900157928467
2025-11-21,6.127847671508789
2025-11-24,6.137497425079346
2025-11-25,6.0988969802856445
2025-11-26,6.0699462890625
2025-11-27,6.021695613861084
2025-11-28,6.012045383453369
2025-12-01,5.838343143463135
2025-12-02,5.886593818664551
2025-12-03,5.944494247436523
2025-12-04,6.040996551513672
2025-12-05,5.925194263458252
2025-12-08,5.905893802642822
2025-12-09,5.84799337387085
2025-12-10,5.905893802642822
2025-12-11,5.925194263458252
2025-12-12,5.819042682647705
2025-12-15,5.80939245223999
2025-12-16,5.714695453643799
2025-12-17,5.605560302734375
2025-12-18,5.595638751983643
2025-12-19,5.625402927398682
2025-12-22,5.585717678070068
2025-12-23,5.655167102813721
2025-12-26,5.675009727478027
2025-12-29,5.7345380783081055
2025-12-30,5.714695453643799
