date,close
2010-12-01,3.0724129676818848
2010-12-02,3.1200034618377686
2010-12-03,3.1703941822052
2010-12-06,3.1626949310302734
2010-12-07,3.149397611618042
2010-12-08,3.073812484741211
2010-12-09,3.096207857131958
2010-12-10,3.1123054027557373
2010-12-13,3.1633946895599365
2010-12-14,3.1570968627929688
2010-12-15,3.1423988342285156
2010-12-16,3.1011064052581787
2010-12-17,3.114405393600464
2010-12-20,3.1088051795959473
2010-12-21,3.13120174407959
2010-12-22,3.1242032051086426
2010-12-23,3.122803211212158
2010-12-27,3.0346195697784424
2010-12-28,2.9884285926818848
2010-12-29,3.025521755218506
2010-12-30,3.031820058822632
2011-01-03,3.1291024684906006
2011-01-04,3.1843924522399902
2011-01-05,3.2977688312530518
2011-01-06,3.2613766193389893
2011-01-07,3.2410809993743896
2011-01-10,3.265575408935547
2011-01-11,3.304067373275757
2011-01-12,3.3782548904418945
2011-01-13,3.354459047317505
2011-01-14,3.348860025405884
2011-01-17,3.3593575954437256
2011-01-18,3.4055488109588623
2011-01-19,3.3460607528686523
2011-01-20,3.3271639347076416
2011-01-21,3.358658790588379
2011-01-24,3.4132473468780518
2011-01-26,3.3600575923919678
2011-01-27,3.2893717288970947
2011-01-28,3.218684673309326
2011-01-31,3.1997878551483154
2011-02-01,3.2613766193389893
2011-02-02,3.18789005279541
2011-02-03,3.1675946712493896
2011-02-04,3.128401279449463
2011-02-07,3.1598961353302
2011-02-08,3.1046063899993896
2011-02-09,3.0220224857330322
2011-02-10,3.0094244480133057
2011-02-11,3.059814214706421
2011-02-14,3.1074059009552
2011-02-15,3.0773117542266846
2011-02-16,3.1354010105133057
2011-02-17,3.121403455734253
2011-02-18,3.1039063930511475
2011-02-21,3.031820058822632
2011-02-22,2.9723310470581055
2011-02-23,2.9870285987854004
2011-02-24,2.9870285987854004
2011-02-25,3.0220224857330322
2011-02-28,3.0220224857330322
2011-03-01,2.9709322452545166
2011-03-02,3.0178239345550537
2011-03-03,3.043017625808716
2011-03-04,3.0297203063964844
2011-03-09,3.0297203063964844
2011-03-10,2.834458827972412
2011-03-11,2.865952491760254
2011-03-14,2.8855485916137695
2011-03-15,2.8323585987091064
2011-03-16,2.78126859664917
2011-03-17,2.835858106613159
2011-03-18,2.898145914077759
2011-03-21,2.882049083709717
2011-03-22,2.8974461555480957
2011-03-23,2.9534356594085693
2011-03-24,2.919841766357422
2011-03-25,2.9436376094818115
2011-03-28,2.9163424968719482
2011-03-29,2.959733486175537
2011-03-30,2.959733486175537
2011-03-31,2.9387383460998535
2011-04-01,2.9387383460998535
2011-04-04,3.079411029815674
2011-04-05,3.079411029815674
2011-04-06,3.0969083309173584
2011-04-07,3.0304207801818848
2011-04-08,3.005225419998169
2011-04-11,3.0192227363586426
2011-04-12,2.9408369064331055
2011-04-13,2.9009456634521484
2011-04-14,2.8813493251800537
2011-04-15,2.8834493160247803
2011-04-18,2.868051767349243
2011-04-19,2.8694519996643066
2011-04-20,2.9247419834136963
2011-04-25,2.939438819885254
2011-04-26,2.9387383460998535
2011-04-27,2.8869478702545166
2011-04-28,2.8694519996643066
2011-04-29,2.980731964111328
2011-05-02,2.9250717163085938
2011-05-03,2.8745391368865967
2011-05-04,2.8122878074645996
2011-05-05,2.841583013534546
2011-05-06,2.837188482284546
2011-05-09,2.892848014831543
2011-05-10,2.892848014831543
2011-05-11,2.7602903842926025
2011-05-12,2.7646842002868652
2011-05-13,2.702432870864868
2011-05-16,2.702432870864868
2011-05-17,2.7412476539611816
2011-05-18,2.7822608947753906
2011-05-19,2.7866549491882324
2011-05-20,2.832062005996704
2011-05-23,2.8232734203338623
2011-05-24,2.8445117473602295
2011-05-25,2.855497121810913
2011-05-26,2.914086103439331
2011-05-27,2.9507055282592773
2011-05-30,2.9419167041778564
2011-05-31,2.9660847187042236
2011-06-01,2.9162843227386475
2011-06-02,2.9148192405700684
2011-06-03,2.9148192405700684
2011-06-06,2.8811302185058594
2011-06-07,2.885524034500122
2011-06-08,2.892848014831543
2011-06-09,2.878200054168701
2011-06-10,2.863554000854492
2011-06-13,2.8130197525024414
2011-06-14,2.8335258960723877
2011-06-15,2.8196113109588623
2011-06-16,2.791781187057495
2011-06-17,2.7903175354003906
2011-06-20,2.830596685409546
2011-06-21,2.837920665740967
2011-06-22,2.853300094604492
2011-06-24,2.856229305267334
2011-06-27,2.806428909301758
2011-06-28,2.8496389389038086
2011-06-29,2.857694625854492
2011-06-30,2.900171995162964
2011-07-01,3.0027027130126953
2011-07-04,3.0393216609954834
2011-07-05,2.9953794479370117
2011-07-06,2.9880552291870117
2011-07-07,3.0063648223876953
2011-07-08,2.9690139293670654
2011-07-11,2.9294662475585938
2011-07-12,2.9126226902008057
2011-07-13,2.944113254547119
2011-07-14,2.922874689102173
2011-07-15,2.9148192405700684
2011-07-18,2.9148192405700684
2011-07-19,2.9206769466400146
2011-07-20,2.9111568927764893
2011-07-21,2.922874689102173
2011-07-22,2.9477758407592773
2011-07-25,2.982196569442749
2011-07-26,2.97999906539917
2011-07-27,2.9529008865356445
2011-07-28,2.9880552291870117
2011-07-29,2.921410322189331
2011-08-01,2.896509885787964
2011-08-02,2.824005603790283
2011-08-03,2.736854076385498
2011-08-04,2.541311740875244
2011-08-05,2.493708610534668
2011-08-08,2.2849836349487305
2011-08-09,2.372868299484253
2011-08-10,2.3801915645599365
2011-08-11,2.5046937465667725
2011-08-12,2.5134823322296143
2011-08-15,2.561818838119507
2011-08-16,2.544973850250244
2011-08-17,2.5881834030151367
2011-08-18,2.4131486415863037
2011-08-19,2.372868299484253
2011-08-22,2.372868299484253
2011-08-23,2.457090139389038
2011-08-24,2.462216854095459
2011-08-25,2.4329214096069336
2011-08-26,2.482722520828247
2011-08-29,2.515679359436035
2011-08-30,2.5259318351745605
2011-08-31,2.588916063308716
2011-09-01,2.607957124710083
2011-09-02,2.549368143081665
2011-09-05,2.5068905353546143
2011-09-06,2.6204073429107666
2011-09-08,2.63871693611145
2011-09-09,2.6035637855529785
2011-09-12,2.6277315616607666
2011-09-13,2.610886812210083
2011-09-14,2.6321258544921875
2011-09-15,2.683391809463501
2011-09-16,2.685589551925659
2011-09-19,2.7134182453155518
2011-09-20,2.7566280364990234
2011-09-21,2.70755934715271
2011-09-22,2.5632829666137695
2011-09-23,2.5471715927124023
2011-09-26,2.4988348484039307
2011-09-27,2.5398473739624023
2011-09-28,2.5032286643981934
2011-09-29,2.4805257320404053
2011-09-30,2.4234018325805664
2011-10-03,2.3399109840393066
2011-10-04,2.3106164932250977
2011-10-05,2.3216021060943604
2011-10-06,2.376530408859253
2011-10-07,2.273998260498047
2011-10-10,2.396303415298462
2011-10-11,2.444638729095459
2011-10-13,2.4680747985839844
2011-10-14,2.470273017883301
2011-10-17,2.376530408859253
2011-10-18,2.376530408859253
2011-10-19,2.3230669498443604
2011-10-20,2.2556893825531006
2011-10-21,2.3421077728271484
2011-10-24,2.487117290496826
2011-10-25,2.487117290496826
2011-10-26,2.487117290496826
2011-10-27,2.487117290496826
2011-10-28,2.6028311252593994
2011-10-31,2.613816499710083
2011-11-01,2.5493977069854736
2011-11-03,2.6303067207336426
2011-11-04,2.6715247631073
2011-11-07,2.7249538898468018
2011-11-08,2.72800874710083
2011-11-09,2.6654183864593506
2011-11-10,2.6654183864593506
2011-11-11,2.698240041732788
2011-11-14,2.662365198135376
2011-11-16,2.6997671127319336
2011-11-17,2.6333601474761963
2011-11-18,2.6295440196990967
2011-11-21,2.637176513671875
2011-11-22,2.6119871139526367
2011-11-23,2.5188660621643066
2011-11-24,2.5493977069854736
2011-11-25,2.4959664344787598
2011-11-28,2.5394747257232666
2011-11-29,2.5028364658355713
2011-11-30,2.5303149223327637
2011-12-01,2.5181024074554443
2011-12-02,2.5341317653656006
2011-12-05,2.61122465133667
2011-12-06,2.623436450958252
2011-12-07,2.496730327606201
2011-12-08,2.446352481842041
2011-12-09,2.4990198612213135
2011-12-12,2.4990198612213135
2011-12-13,2.464672327041626
2011-12-14,2.4081881046295166
2011-12-15,2.3669705390930176
2011-12-16,2.339491605758667
2011-12-19,2.3242263793945312
2011-12-20,2.415821075439453
2011-12-21,2.4043712615966797
2011-12-22,2.450169324874878
2011-12-23,2.46543550491333
2011-12-26,2.4776487350463867
2011-12-27,2.485280752182007
2011-12-28,2.3967390060424805
2011-12-29,2.418874502182007
2012-01-02,2.4952030181884766
2012-01-03,2.586799383163452
2012-01-04,2.575350046157837
2012-01-05,2.5043630599975586
2012-01-06,2.4875707626342773
2012-01-09,2.479938268661499
2012-01-10,2.500546932220459
2012-01-11,2.5035994052886963
2012-01-12,2.460092544555664
2012-01-13,2.4364304542541504
2012-01-16,2.429560899734497
2012-01-17,2.429560899734497
2012-01-18,2.541764974594116
2012-01-19,2.5608468055725098
2012-01-20,2.5829825401306152
2012-01-23,2.5593204498291016
2012-01-24,2.5799291133880615
2012-01-26,2.5593204498291016
2012-01-27,2.564662456512451
2012-01-30,2.587562084197998
2012-01-31,2.6845004558563232
2012-02-01,2.7135062217712402
2012-02-02,2.7409844398498535
2012-02-03,2.7554867267608643
2012-02-06,2.754723072052002
2012-02-07,2.7554867267608643
2012-02-08,2.7631192207336426
2012-02-09,2.7577764987945557
2012-02-10,2.750143527984619
2012-02-13,2.7959413528442383
2012-02-14,2.7707526683807373
2012-02-15,2.6906063556671143
2012-02-16,2.709688901901245
2012-02-17,2.704345941543579
2012-02-23,2.728771209716797
2012-02-24,2.740220069885254
2012-02-27,2.740220069885254
2012-02-28,2.747853994369507
2012-02-29,2.7638823986053467
2012-03-01,2.7707526683807373
2012-03-02,2.7822017669677734
2012-03-05,2.7249538898468018
2012-03-06,2.632596731185913
2012-03-07,2.576112985610962
2012-03-08,2.568479299545288
2012-03-09,2.568479299545288
2012-03-12,2.5486340522766113
2012-03-13,2.646336317062378
2012-03-14,2.6524417400360107
2012-03-15,2.6699986457824707
2012-03-16,2.698240041732788
2012-03-19,2.7203752994537354
2012-03-20,2.678394079208374
2012-03-21,2.66465425491333
2012-03-22,2.66465425491333
2012-03-23,2.603591203689575
2012-03-26,2.637939691543579
2012-03-27,2.6501526832580566
2012-03-28,2.6188578605651855
2012-03-29,2.6333601474761963
2012-03-30,2.6608381271362305
2012-04-02,2.7135062217712402
2012-04-03,2.6867899894714355
2012-04-04,2.6333601474761963
2012-04-05,2.631833076477051
2012-04-09,2.607407808303833
2012-04-10,2.592904567718506
2012-04-11,2.5799291133880615
2012-04-12,2.7249538898468018
2012-04-13,2.7272443771362305
2012-04-16,2.7173221111297607
2012-04-17,2.760829448699951
2012-04-18,2.7661726474761963
2012-04-19,2.7715158462524414
2012-04-20,2.7554867267608643
2012-04-23,2.7486164569854736
2012-04-24,2.7577764987945557
2012-04-25,2.719611644744873
2012-04-26,2.7623565196990967
2012-04-27,2.7409844398498535
2012-04-30,2.7675225734710693
2012-05-02,2.7675225734710693
2012-05-03,2.826996326446533
2012-05-04,2.753248691558838
2012-05-07,2.7365951538085938
2012-05-08,2.6874308586120605
2012-05-09,2.673156976699829
2012-05-10,2.67712140083313
2012-05-11,2.613682746887207
2012-05-14,2.545485734939575
2012-05-15,2.5399351119995117
2012-05-16,2.4812538623809814
2012-05-17,2.3908536434173584
2012-05-18,2.44160532951355
2012-05-21,2.489976644515991
2012-05-22,2.471738576889038
2012-05-23,2.474116802215576
2012-05-24,2.4534993171691895
2012-05-25,2.43605375289917
2012-05-28,2.4574646949768066
2012-05-29,2.4844253063201904
2012-05-30,2.469358444213867
2012-05-31,2.5026652812957764
2012-06-01,2.471738576889038
2012-06-04,2.4503278732299805
2012-06-05,2.4241585731506348
2012-06-06,2.4852185249328613
2012-06-08,2.490769386291504
2012-06-11,2.4701526165008545
2012-06-12,2.5296261310577393
2012-06-13,2.5668962001800537
2012-06-14,2.545485734939575
2012-06-15,2.5764126777648926
2012-06-18,2.5772054195404053
2012-06-19,2.6327152252197266
2012-06-20,2.6438162326812744
2012-06-21,2.6049606800079346
2012-06-22,2.593858003616333
2012-06-25,2.577998399734497
2012-06-26,2.5835487842559814
2012-06-27,2.5756194591522217
2012-06-28,2.5478644371032715
2012-06-29,2.6120965480804443
2012-07-02,2.616854429244995
2012-07-03,2.656503915786743
2012-07-04,2.656503915786743
2012-07-05,2.681086778640747
2012-07-06,2.6485745906829834
2012-07-10,2.570861339569092
2012-07-11,2.5399351119995117
2012-07-12,2.5375566482543945
2012-07-13,2.5724470615386963
2012-07-16,2.5478644371032715
2012-07-17,2.5550010204315186
2012-07-18,2.5478644371032715
2012-07-19,2.5645174980163574
2012-07-20,2.487597703933716
2012-07-23,2.4265377521514893
2012-07-24,2.2909369468688965
2012-07-25,2.30203914642334
2012-07-26,2.321070671081543
2012-07-27,2.4106783866882324
2012-07-30,2.4011621475219727
2012-07-31,2.4368462562561035
2012-08-01,2.3789589405059814
2012-08-02,2.3313796520233154
2012-08-03,2.3853025436401367
2012-08-06,2.4178147315979004
2012-08-07,2.419400691986084
2012-08-08,2.4265377521514893
2012-08-09,2.4582574367523193
2012-08-10,2.4582574367523193
2012-08-13,2.4519131183624268
2012-08-14,2.367063522338867
2012-08-15,2.301246404647827
2012-08-16,2.32503604888916
2012-08-17,2.2750775814056396
2012-08-20,2.2758705615997314
2012-08-21,2.2798361778259277
2012-08-22,2.2917301654815674
2012-08-23,2.209259510040283
2012-08-24,2.181504726409912
2012-08-27,2.1402699947357178
2012-08-28,2.1212377548217773
2012-08-29,2.032423973083496
2012-08-30,2.0149781703948975
2012-08-31,2.0863471031188965
2012-09-03,2.116480827331543
2012-09-04,2.060971260070801
2012-09-05,2.0895187854766846
2012-09-06,2.163266181945801
2012-09-10,2.163266181945801
2012-09-11,2.2822139263153076
2012-09-12,2.3266215324401855
2012-09-13,2.361513137817383
2012-09-14,2.4178147315979004
2012-09-17,2.411471366882324
2012-09-18,2.4265377521514893
2012-09-19,2.4067134857177734
2012-09-20,2.4106783866882324
2012-09-21,2.360720157623291
2012-09-24,2.362306594848633
2012-09-25,2.2822139263153076
2012-09-26,2.2838003635406494
2012-09-27,2.2988672256469727
2012-09-28,2.2314627170562744
2012-10-01,2.2441511154174805
2012-10-02,2.234635353088379
2012-10-03,2.2132246494293213
2012-10-04,2.2322568893432617
2012-10-05,2.2243258953094482
2012-10-08,2.2941091060638428
2012-10-09,2.2996599674224854
2012-10-10,2.2838003635406494
2012-10-11,2.3060035705566406
2012-10-15,2.3036253452301025
2012-10-16,2.32503604888916
2012-10-17,2.3853025436401367
2012-10-18,2.3742010593414307
2012-10-19,2.316312313079834
2012-10-22,2.3234496116638184
2012-10-23,2.2465293407440186
2012-10-24,2.222740650177002
2012-10-25,2.3543765544891357
2012-10-26,2.337723970413208
2012-10-29,2.3472392559051514
2012-10-30,2.3702361583709717
2012-10-31,2.3266215324401855
2012-11-01,2.3789589405059814
2012-11-05,2.3710289001464844
2012-11-06,2.388474941253662
2012-11-07,2.359926462173462
2012-11-08,2.2917301654815674
2012-11-09,2.288558006286621
2012-11-12,2.2838003635406494
2012-11-13,2.288558006286621
2012-11-14,2.248908758163452
2012-11-16,2.2045018672943115
2012-11-19,2.2385997772216797
2012-11-21,2.2322568893432617
2012-11-22,2.214810609817505
2012-11-23,2.2711124420166016
2012-11-26,2.250494956970215
2012-11-27,2.2298777103424072
2012-11-28,2.2132246494293213
2012-11-29,2.2917301654815674
2012-11-30,2.2600107192993164
2012-12-03,2.242565155029297
2012-12-04,2.2124316692352295
2012-12-05,2.2481157779693604
2012-12-06,2.2742841243743896
2012-12-07,2.3115546703338623
2012-12-10,2.3734078407287598
2012-12-11,2.4408113956451416
2012-12-12,2.4582574367523193
2012-12-13,2.474116802215576
2012-12-14,2.535177230834961
2012-12-17,2.5359697341918945
2012-12-18,2.593064546585083
2012-12-19,2.5772054195404053
2012-12-20,2.5867207050323486
2012-12-21,2.5375566482543945
2012-12-26,2.543107271194458
2012-12-27,2.546278715133667
2012-12-28,2.6033737659454346
2013-01-02,2.7143914699554443
2013-01-03,2.6858439445495605
2013-01-04,2.63350772857666
2013-01-07,2.5375566482543945
2013-01-08,2.5375566482543945
2013-01-09,2.5335910320281982
2013-01-10,2.5375566482543945
2013-01-11,2.493941307067871
2013-01-14,2.5105948448181152
2013-01-15,2.489976644515991
2013-01-16,2.474116802215576
2013-01-17,2.4915621280670166
2013-01-18,2.475703477859497
2013-01-21,2.4685659408569336
2013-01-22,2.4685659408569336
2013-01-23,2.470945119857788
2013-01-24,2.420193672180176
2013-01-28,2.335343837738037
2013-01-29,2.359926462173462
2013-01-30,2.3472392559051514
2013-01-31,2.4495346546173096
2013-02-01,2.4820468425750732
2013-02-04,2.4661877155303955
2013-02-05,2.4289166927337646
2013-02-06,2.447155237197876
2013-02-07,2.4059200286865234
2013-02-08,2.419400691986084
2013-02-13,2.4035415649414062
2013-02-14,2.376579999923706
2013-02-15,2.3472392559051514
2013-02-18,2.316312313079834
2013-02-19,2.3091752529144287
2013-02-20,2.2211546897888184
2013-02-21,2.2045018672943115
2013-02-22,2.1489930152893066
2013-02-25,2.1727824211120605
2013-02-26,2.198951482772827
2013-02-27,2.221947193145752
2013-02-28,2.3036253452301025
2013-03-01,2.2520806789398193
2013-03-04,2.1648526191711426
2013-03-05,2.1402699947357178
2013-03-06,2.241772174835205
2013-03-07,2.2679405212402344
2013-03-08,2.222740650177002
2013-03-11,2.2314627170562744
2013-03-12,2.206087827682495
2013-03-13,2.1125152111053467
2013-03-14,2.133925437927246
2013-03-15,2.1299610137939453
2013-03-18,2.1244096755981445
2013-03-19,2.056212902069092
2013-03-20,2.0815892219543457
2013-03-21,2.0887255668640137
2013-03-22,2.0895187854766846
2013-03-25,2.052248001098633
2013-03-26,2.0768308639526367
2013-03-27,2.0974485874176025
2013-03-28,2.0974485874176025
2013-04-01,2.0355958938598633
2013-04-02,2.0038764476776123
2013-04-03,2.1085503101348877
2013-04-04,2.0411465167999268
2013-04-05,2.0617640018463135
2013-04-08,2.0577993392944336
2013-04-09,2.1727824211120605
2013-04-10,2.087139844894409
2013-04-11,2.024493932723999
2013-04-12,2.0617640018463135
2013-04-15,1.9325073957443237
2013-04-16,1.9705705642700195
2013-04-17,1.9578827619552612
2013-04-18,1.9562969207763672
2013-04-19,1.9570902585983276
2013-04-22,1.9785009622573853
2013-04-23,2.0213217735290527
2013-04-24,2.0768308639526367
2013-04-25,2.0577993392944336
2013-04-26,2.0577993392944336
2013-04-29,2.019735813140869
2013-04-30,2.123852491378784
2013-05-02,2.056309938430786
2013-05-03,2.067983865737915
2013-05-06,2.0846612453460693
2013-05-07,2.1321911811828613
2013-05-08,2.1096768379211426
2013-05-09,2.1205172538757324
2013-05-10,2.1046738624572754
2013-05-13,2.048804521560669
2013-05-14,2.0054433345794678
2013-05-15,1.9512428045272827
2013-05-16,1.8970414400100708
2013-05-17,1.9195560216903687
2013-05-20,1.989600419998169
2013-05-21,2.0079457759857178
2013-05-22,1.9629169702529907
2013-05-23,1.9345649480819702
2013-05-24,1.908715844154358
2013-05-27,1.9270601272583008
2013-05-28,1.8953735828399658
2013-05-29,1.8711916208267212
2013-05-31,1.8395049571990967
2013-06-03,1.8761945962905884
2013-06-04,1.8761945962905884
2013-06-05,1.8345016241073608
2013-06-06,1.8428400754928589
2013-06-07,1.8019808530807495
2013-06-10,1.7819684743881226
2013-06-11,1.7302685976028442
2013-06-12,1.7010833024978638
2013-06-13,1.8211599588394165
2013-06-14,1.7619551420211792
2013-06-17,1.788638949394226
2013-06-18,1.83116614818573
2013-06-19,1.8019808530807495
2013-06-20,1.8153225183486938
2013-06-21,1.8078176975250244
2013-06-24,1.6810705661773682
2013-06-25,1.7319358587265015
2013-06-26,1.684406042098999
2013-06-27,1.6777348518371582
2013-06-28,1.6769015789031982
2013-07-01,1.7094217538833618
2013-07-02,1.6510512828826904
2013-07-03,1.6151950359344482
2013-07-04,1.7002499103546143
2013-07-05,1.6802369356155396
2013-07-08,1.6677290201187134
2013-07-10,1.6885758638381958
2013-07-11,1.7719618082046509
2013-07-12,1.745278239250183
2013-07-15,1.7761311531066895
2013-07-16,1.811987042427063
2013-07-17,1.8194923400878906
2013-07-18,1.8511786460876465
2013-07-19,1.8153225183486938
2013-07-22,1.861185073852539
2013-07-23,1.9220571517944336
2013-07-24,1.8978750705718994
2013-07-25,1.917054533958435
2013-07-26,1.917054533958435
2013-07-29,1.917054533958435
2013-07-30,1.8678562641143799
2013-07-31,1.8678562641143799
2013-08-01,1.8845335245132446
2013-08-02,1.8803645372390747
2013-08-05,1.8887031078338623
2013-08-06,1.8686898946762085
2013-08-07,1.917054533958435
2013-08-08,1.999606966972351
2013-08-09,2.092165946960449
2013-08-12,2.1080095767974854
2013-08-13,2.1221845149993896
2013-08-14,2.1280221939086914
2013-08-15,2.153871536254883
2013-08-16,2.1755518913269043
2013-08-19,2.203904151916504
2013-08-20,2.1246862411499023
2013-08-21,2.096334934234619
2013-08-22,2.1597084999084473
2013-08-23,2.157207727432251
2013-08-26,2.131357431411743
2013-08-27,2.0704853534698486
2013-08-28,2.057143449783325
2013-08-29,2.0504722595214844
2013-08-30,2.057143449783325
2013-09-02,2.133859634399414
2013-09-03,2.134692907333374
2013-09-04,2.1263539791107178
2013-09-05,2.1205172538757324
2013-09-06,2.1013386249542236
2013-09-09,2.1597084999084473
2013-09-10,2.190561532974243
2013-09-11,2.1488687992095947
2013-09-12,2.143031358718872
2013-09-13,2.15136981010437
2013-09-16,2.153871536254883
2013-09-17,2.143031358718872
2013-09-18,2.168881416320801
2013-09-19,2.1263539791107178
2013-09-20,2.123018980026245
2013-09-23,2.1380279064178467
2013-09-24,2.1055076122283936
2013-09-25,2.102172374725342
2013-09-26,2.1288559436798096
2013-09-27,2.0929996967315674
2013-09-30,2.0513060092926025
2013-10-01,2.052974224090576
2013-10-02,2.0554754734039307
2013-10-03,2.017951488494873
2013-10-04,2.0554754734039307
2013-10-07,2.001274585723877
2013-10-08,2.0037760734558105
2013-10-09,1.9579137563705444
2013-10-10,1.9512428045272827
2013-10-11,1.9845974445343018
2013-10-14,2.0888302326202393
2013-10-15,2.112178325653076
2013-10-16,2.1096768379211426
2013-10-17,2.1096768379211426
2013-10-18,2.134692907333374
2013-10-21,2.1830570697784424
2013-10-22,2.2222487926483154
2013-10-23,2.185558557510376
2013-10-24,2.1788880825042725
2013-10-25,2.1613762378692627
2013-10-28,2.1763856410980225
2013-10-29,2.182222843170166
2013-10-30,2.197232484817505
2013-10-31,2.2230825424194336
2013-11-01,2.1915035247802734
2013-11-04,2.234375476837158
2013-11-05,2.2074756622314453
2013-11-06,2.232693910598755
2013-11-07,2.1629221439361572
2013-11-08,2.124253749847412
2013-11-11,2.151994228363037
2013-11-12,2.09735369682312
2013-11-13,2.0738165378570557
2013-11-14,2.0805416107177734
2013-11-18,2.1452691555023193
2013-11-19,2.084744930267334
2013-11-21,2.0637288093566895
2013-11-22,2.0931508541107178
2013-11-25,2.059525728225708
2013-11-26,1.9905948638916016
2013-11-27,2.051119089126587
2013-11-28,2.084744930267334
2013-11-29,2.1360223293304443
2013-12-02,2.0839035511016846
2013-12-03,2.0452353954315186
2013-12-04,2.0729756355285645
2013-12-05,2.1015570163726807
2013-12-06,2.114166498184204
2013-12-09,2.1351819038391113
2013-12-10,2.130978584289551
2013-12-11,2.0729756355285645
2013-12-12,2.0637288093566895
2013-12-13,2.0275819301605225
2013-12-16,2.034306764602661
2013-12-17,2.06036639213562
2013-12-18,2.0561633110046387
2013-12-19,2.107440948486328
2013-12-20,2.0351476669311523
2013-12-23,2.0469167232513428
2013-12-26,2.051119089126587
2013-12-27,2.0746569633483887
2013-12-30,2.1082820892333984
2014-01-02,2.029263496398926
2014-01-03,2.02253794670105
2014-01-06,2.004885196685791
2014-01-07,1.9510855674743652
2014-01-08,1.9578105211257935
2014-01-09,1.8661823272705078
2014-01-10,1.8661823272705078
2014-01-13,1.8804734945297241
2014-01-14,1.8687043190002441
2014-01-15,1.8838355541229248
2014-01-16,1.8838355541229248
2014-01-17,1.872066617012024
2014-01-20,1.8325576782226562
2014-01-21,1.775395393371582
2014-01-22,1.8064982891082764
2014-01-23,1.7560611963272095
2014-01-24,1.7955702543258667
2014-01-27,1.7812799215316772
2014-01-28,1.8140639066696167
2014-01-29,1.8871982097625732
2014-01-30,1.8560947179794312
2014-01-31,1.874588966369629
2014-02-03,1.798932671546936
2014-02-04,1.8115423917770386
2014-02-05,1.838442325592041
2014-02-06,1.8998074531555176
2014-02-07,1.8821544647216797
2014-02-10,1.8157453536987305
2014-02-11,1.8602979183197021
2014-02-12,1.844326138496399
2014-02-13,1.8729077577590942
2014-02-14,1.9191416501998901
2014-02-17,1.8956046104431152
2014-02-18,1.8855165243148804
2014-02-19,1.8914010524749756
2014-02-20,1.8670228719711304
2014-02-21,1.8594576120376587
2014-02-24,1.8073385953903198
2014-02-25,1.7678297758102417
2014-02-26,1.7720328569412231
2014-02-27,1.808179259300232
2014-02-28,1.7913670539855957
2014-03-05,1.7089861631393433
2014-03-06,1.7014204263687134
2014-03-07,1.621561050415039
2014-03-10,1.5719645023345947
2014-03-11,1.5786892175674438
2014-03-12,1.58877694606781
2014-03-13,1.5467456579208374
2014-03-14,1.5534706115722656
2014-03-17,1.5543112754821777
2014-03-18,1.6089520454406738
2014-03-19,1.60054612159729
2014-03-20,1.6081112623214722
2014-03-21,1.6291271448135376
2014-03-24,1.6240830421447754
2014-03-25,1.6224019527435303
2014-03-26,1.6055892705917358
2014-03-27,1.6308082342147827
2014-03-28,1.6224019527435303
2014-03-31,1.6543458700180054
2014-04-01,1.656867504119873
2014-04-02,1.74849534034729
2014-04-03,1.7653080224990845
2014-04-04,1.7644673585891724
2014-04-07,1.7964110374450684
2014-04-08,1.788845181465149
2014-04-09,1.7964110374450684
2014-04-10,1.7980921268463135
2014-04-11,1.798932671546936
2014-04-14,1.8014546632766724
2014-04-15,1.7400891780853271
2014-04-16,1.7644673585891724
2014-04-17,1.7964110374450684
2014-04-22,1.7854828834533691
2014-04-23,1.775395393371582
2014-04-24,1.7938886880874634
2014-04-25,1.7686705589294434
2014-04-28,1.6762019395828247
2014-04-29,1.8007317781448364
2014-04-30,1.7569005489349365
2014-05-02,1.8262996673583984
2014-05-05,1.8153417110443115
2014-05-06,1.810775637626648
2014-05-07,1.808035969734192
2014-05-08,1.8034703731536865
2014-05-09,1.787947177886963
2014-05-12,1.8354308605194092
2014-05-13,1.8244729042053223
2014-05-14,1.8673913478851318
2014-05-15,1.8637386560440063
2014-05-16,1.8445626497268677
2014-05-19,1.7861207723617554
2014-05-20,1.770597219467163
2014-05-21,1.7596392631530762
2014-05-22,1.7897732257843018
2014-05-23,1.7760761976242065
2014-05-26,1.7870339155197144
2014-05-27,1.777902603149414
2014-05-28,1.7669447660446167
2014-05-29,1.7687708139419556
2014-05-30,1.6984580755233765
2014-06-02,1.7532474994659424
2014-06-03,1.7505078315734863
2014-06-04,1.736810564994812
2014-06-05,1.7212870121002197
2014-06-06,1.7751632928848267
2014-06-09,1.822646975517273
2014-06-10,1.812602162361145
2014-06-11,1.7989051342010498
2014-06-13,1.7806416749954224
2014-06-16,1.783381462097168
2014-06-17,1.7724238634109497
2014-06-18,1.7989051342010498
2014-06-20,1.7979917526245117
2014-06-23,1.8409093618392944
2014-06-24,1.8171679973602295
2014-06-25,1.814428687095642
2014-06-26,1.8591725826263428
2014-06-27,1.8436495065689087
2014-06-30,1.8491283655166626
2014-07-01,1.8783490657806396
2014-07-02,1.9112223386764526
2014-07-03,1.9395304918289185
2014-07-04,1.9477484226226807
2014-07-07,1.9212671518325806
2014-07-08,1.934051513671875
2014-07-10,1.9322251081466675
2014-07-11,1.9303985834121704
2014-07-14,1.9614455699920654
2014-07-15,1.9833612442016602
2014-07-16,2.0034501552581787
2014-07-17,1.9979711771011353
2014-07-18,2.00984263420105
2014-07-21,2.0171477794647217
2014-07-22,2.046368360519409
2014-07-23,2.0427157878875732
2014-07-24,2.075589179992676
2014-07-25,2.085634231567383
2014-07-28,2.1194205284118652
2014-07-29,2.1139416694641113
2014-07-30,2.104809522628784
2014-07-31,2.1002440452575684
2014-08-01,2.059152841567993
2014-08-04,2.069197177886963
2014-08-05,2.0491080284118652
2014-08-06,2.045454978942871
2014-08-07,2.0390636920928955
2014-08-08,2.0262794494628906
2014-08-11,2.045454978942871
2014-08-12,2.0390636920928955
2014-08-13,2.011669158935547
2014-08-14,1.9614455699920654
2014-08-15,1.974229097366333
2014-08-18,1.984273910522461
2014-08-19,2.000710964202881
2014-08-20,2.0180611610412598
2014-08-21,2.0162343978881836
2014-08-22,2.004364013671875
2014-08-25,1.9724034070968628
2014-08-26,1.9623584747314453
2014-08-27,1.9486610889434814
2014-08-28,1.8673913478851318
2014-08-29,1.8728703260421753
2014-09-01,1.8171679973602295
2014-09-02,1.8235599994659424
2014-09-03,1.8235599994659424
2014-09-04,1.7952520847320557
2014-09-05,1.7578133344650269
2014-09-08,1.7395503520965576
2014-09-09,1.7532474994659424
2014-09-10,1.744115948677063
2014-09-11,1.7358973026275635
2014-09-12,1.7304185628890991
2014-09-15,1.7578133344650269
2014-09-16,1.7550736665725708
2014-09-17,1.736810564994812
2014-09-18,1.7212870121002197
2014-09-19,1.7066768407821655
2014-09-22,1.6436697244644165
2014-09-23,1.6391037702560425
2014-09-24,1.6573667526245117
2014-09-25,1.6436697244644165
2014-09-26,1.6107960939407349
2014-09-29,1.6034908294677734
2014-09-30,1.6363643407821655
2014-10-01,1.62449312210083
2014-10-02,1.6564536094665527
2014-10-03,1.6500612497329712
2014-10-06,1.6518880128860474
2014-10-07,1.6518880128860474
2014-10-08,1.6464091539382935
2014-10-09,1.6317986249923706
2014-10-10,1.587053894996643
2014-10-13,1.6820218563079834
2014-10-14,1.747768759727478
2014-10-15,1.7340713739395142
2014-10-16,1.6491485834121704
2014-10-17,1.6829349994659424
2014-10-20,1.6619322299957275
2014-10-21,1.663758397102356
2014-10-22,1.6610193252563477
2014-10-23,1.6619322299957275
2014-10-24,1.6811084747314453
2014-10-27,1.5843147039413452
2014-10-28,1.5998382568359375
2014-10-29,1.5012179613113403
2014-10-30,1.4290794134140015
2014-10-31,1.4546477794647217
2014-11-03,1.617411494255066
2014-11-04,1.5560302734375
2014-11-05,1.5509146451950073
2014-11-06,1.5069249868392944
2014-11-07,1.5243158340454102
2014-11-10,1.4915789365768433
2014-11-11,1.4424736499786377
2014-11-12,1.4291744232177734
2014-11-13,1.414851188659668
2014-11-14,1.4496345520019531
2014-11-17,1.4782793521881104
2014-11-18,1.4168977737426758
2014-11-19,1.4250816106796265
2014-11-21,1.5529612302780151
2014-11-24,1.5570529699325562
2014-11-25,1.5652375221252441
2014-11-26,1.5110163688659668
2014-11-27,1.5130624771118164
2014-11-28,1.535569190979004
2014-12-01,1.4445198774337769
2014-12-02,1.4209892749786377
2014-12-03,1.4240590333938599
2014-12-04,1.3913217782974243
2014-12-05,1.4158746004104614
2014-12-08,1.350400447845459
2014-12-09,1.3002722263336182
2014-12-10,1.2624199390411377
2014-12-11,1.218429684638977
2014-12-12,1.1938769817352295
2014-12-15,1.1652321815490723
2014-12-16,1.2225219011306763
2014-12-17,1.2388900518417358
2014-12-18,1.282880425453186
2014-12-19,1.3862063884735107
2014-12-22,1.3943910598754883
2014-12-23,1.4424736499786377
2014-12-26,1.414851188659668
2014-12-29,1.4516804218292236
2014-12-30,1.4342890977859497
2015-01-02,1.389276146888733
2015-01-05,1.3759766817092896
2015-01-06,1.4373583793640137
2015-01-07,1.4752106666564941
2015-01-08,1.496693730354309
2015-01-09,1.4660032987594604
2015-01-12,1.4506577253341675
2015-01-13,1.4885097742080688
2015-01-14,1.3708616495132446
2015-01-15,1.3800684213638306
2015-01-16,1.4404271841049194
2015-01-19,1.4179209470748901
2015-01-20,1.4567959308624268
2015-01-21,1.4762333631515503
2015-01-22,1.4475889205932617
2015-01-23,1.3657461404800415
2015-01-26,1.2910648584365845
2015-01-27,1.2573049068450928
2015-01-28,1.220475435256958
2015-01-29,1.171370506286621
2015-01-30,1.1969460248947144
2015-02-02,1.2480977773666382
2015-02-03,1.2910648584365845
2015-02-04,1.2736737728118896
2015-02-05,1.2818574905395508
2015-02-06,1.2634429931640625
2015-02-09,1.3319860696792603
2015-02-10,1.2593508958816528
2015-02-11,1.3248250484466553
2015-02-12,1.3596078157424927
2015-02-13,1.3974599838256836
2015-02-18,1.4240590333938599
2015-02-19,1.3759766817092896
2015-02-20,1.4015523195266724
2015-02-23,1.350400447845459
2015-02-24,1.3872299194335938
2015-02-25,1.393368124961853
2015-02-26,1.350400447845459
2015-02-27,1.3452856540679932
2015-03-02,1.2951569557189941
2015-03-03,1.3238016366958618
2015-03-04,1.3074334859848022
2015-03-05,1.2480977773666382
2015-03-06,1.2440054416656494
2015-03-09,1.2194527387619019
2015-03-10,1.1908079385757446
2015-03-11,1.1918307542800903
2015-03-12,1.1775085926055908
2015-03-13,1.1642087697982788
2015-03-16,1.1631861925125122
2015-03-17,1.2174067497253418
2015-03-18,1.186715841293335
2015-03-19,1.1529557704925537
2015-03-20,1.2194527387619019
2015-03-23,1.2276369333267212
2015-03-24,1.186715841293335
2015-03-25,1.198992133140564
2015-03-26,1.14374840259552
2015-03-27,1.1048731803894043
2015-03-30,1.1140804290771484
2015-03-31,1.0772515535354614
2015-04-01,1.0557674169540405
2015-04-02,1.0864588022232056
2015-04-06,1.0854355096817017
2015-04-07,1.1304489374160767
2015-04-08,1.1222647428512573
2015-04-09,1.1099885702133179
2015-04-10,1.0946427583694458
2015-04-13,1.0792975425720215
2015-04-14,1.0997581481933594
2015-04-15,1.1110113859176636
2015-04-16,1.0946427583694458
2015-04-17,1.0936199426651
2015-04-20,1.0925966501235962
2015-04-22,1.1580708026885986
2015-04-23,1.2235445976257324
2015-04-24,1.2941337823867798
2015-04-27,1.3642551898956299
2015-04-28,1.3755582571029663
2015-04-29,1.3077409267425537
2015-04-30,1.3563430309295654
2015-05-04,1.435463547706604
2015-05-05,1.5145838260650635
2015-05-06,1.4682413339614868
2015-05-07,1.4445056915283203
2015-05-08,1.3959029912948608
2015-05-11,1.426421046257019
2015-05-12,1.3846007585525513
2015-05-13,1.3337376117706299
2015-05-14,1.2998290061950684
2015-05-15,1.3009593486785889
2015-05-18,1.2523568868637085
2015-05-19,1.2286208868026733
2015-05-20,1.219578742980957
2015-05-21,1.2263602018356323
2015-05-22,1.2433147430419922
2015-05-25,1.2613990306854248
2015-05-26,1.2704411745071411
2015-05-27,1.2873958349227905
2015-05-28,1.2602691650390625
2015-05-29,1.2828747034072876
2015-06-01,1.2602691650390625
2015-06-02,1.3619946241378784
2015-06-03,1.320173978805542
2015-06-05,1.3292161226272583
2015-06-08,1.2783530950546265
2015-06-09,1.2580080032348633
2015-06-10,1.3280858993530273
2015-06-11,1.3484312295913696
2015-06-12,1.3405190706253052
2015-06-15,1.3100013732910156
2015-06-16,1.276092767715454
2015-06-17,1.2613990306854248
2015-06-18,1.3111315965652466
2015-06-19,1.3133920431137085
2015-06-22,1.2873958349227905
2015-06-23,1.2964378595352173
2015-06-24,1.290786623954773
2015-06-25,1.2647899389266968
2015-06-26,1.279483675956726
2015-06-29,1.2421844005584717
2015-06-30,1.1901911497116089
2015-07-01,1.1641947031021118
2015-07-02,1.1608036756515503
2015-07-03,1.1370675563812256
2015-07-06,1.1246341466903687
2015-07-07,1.1370675563812256
2015-07-08,1.0862046480178833
2015-07-10,1.1008983850479126
2015-07-13,1.1641947031021118
2015-07-14,1.1178526878356934
2015-07-15,1.0952472686767578
2015-07-16,1.1110711097717285
2015-07-17,1.0963773727416992
2015-07-20,1.0952472686767578
2015-07-21,1.0873351097106934
2015-07-22,1.0568172931671143
2015-07-23,1.0873351097106934
2015-07-24,1.0511659383773804
2015-07-27,1.0613384246826172
2015-07-28,1.1076805591583252
2015-07-29,1.1212438344955444
2015-07-30,1.0703809261322021
2015-07-31,1.1110711097717285
2015-08-03,1.0952472686767578
2015-08-04,1.1302858591079712
2015-08-05,1.1664549112319946
2015-08-06,1.186800479888916
2015-08-07,1.112201452255249
2015-08-10,1.154022216796875
2015-08-11,1.1020288467407227
2015-08-12,1.1042895317077637
2015-08-13,1.0760325193405151
2015-08-14,1.0522964000701904
2015-08-17,1.0285601615905762
2015-08-18,1.0059542655944824
2015-08-19,0.9788275361061096
2015-08-20,1.0161268711090088
2015-08-21,0.995781660079956
2015-08-24,0.9076196551322937
2015-08-25,0.889535129070282
2015-08-26,0.9324855804443359
2015-08-27,1.035341739654541
2015-08-28,1.0285601615905762
2015-08-31,1.0590778589248657
2015-09-01,1.0342116355895996
2015-09-02,1.0884654521942139
2015-09-03,1.1076805591583252
2015-09-04,1.0907260179519653
2015-09-08,1.1472402811050415
2015-09-09,1.138197898864746
2015-09-10,1.1969728469848633
2015-09-11,1.1495007276535034
2015-09-14,1.1076805591583252
2015-09-15,1.0715110301971436
2015-09-16,1.079422950744629
2015-09-17,1.116722583770752
2015-09-18,1.123504400253296
2015-09-21,1.1008983850479126
2015-09-22,1.0534262657165527
2015-09-23,1.011606216430664
2015-09-24,1.0059542655944824
2015-09-25,0.9776973724365234
2015-09-28,0.9223130941390991
2015-09-29,0.9200528860092163
2015-09-30,0.9268342852592468
2015-10-01,0.9528311491012573
2015-10-02,0.9946518540382385
2015-10-05,1.0003029108047485
2015-10-06,1.011606216430664
2015-10-07,1.0715110301971436
2015-10-08,1.0624688863754272
2015-10-09,1.069250464439392
2015-10-13,0.9641336798667908
2015-10-14,0.9833486080169678
2015-10-15,1.008215069770813
2015-10-16,0.9878697395324707
2015-10-19,0.9562220573425293
2015-10-20,0.9268342852592468
2015-10-21,0.9415284395217896
2015-10-22,0.9675246477127075
2015-10-23,0.9663944840431213
2015-10-26,0.9245737791061401
2015-10-27,0.904228687286377
2015-10-28,0.908750057220459
2015-10-29,0.8816229104995728
2015-10-30,0.9324855804443359
2015-11-03,1.0367361307144165
2015-11-04,1.019248604774475
2015-11-05,0.9967653751373291
2015-11-06,0.9430550336837769
2015-11-09,0.9343115091323853
2015-11-10,0.918073296546936
2015-11-11,0.9205716252326965
2015-11-12,0.8930919766426086
2015-11-13,0.8868465423583984
2015-11-16,0.85686856508255
2015-11-17,0.8331360220909119
2015-11-18,0.8381325602531433
2015-11-19,0.8293887972831726
2015-11-23,0.7881689071655273
2015-11-24,0.7931657433509827
2015-11-25,0.7544441223144531
2015-11-26,0.7494476437568665
2015-11-27,0.693239152431488
2015-11-30,0.664510190486908
2015-12-01,0.6682575345039368
2015-12-02,0.6782501935958862
2015-12-03,0.6832464933395386
2015-12-04,0.6370306015014648
2015-12-07,0.6307851076126099
2015-12-08,0.5870673060417175
2015-12-09,0.6182942986488342
2015-12-10,0.6382794380187988
2015-12-11,0.6220417022705078
2015-12-14,0.6382794380187988
2015-12-15,0.6620121002197266
2015-12-16,0.654517650604248
2015-12-17,0.6357815861701965
2015-12-18,0.6370306015014648
2015-12-21,0.6083016395568848
2015-12-22,0.6182942986488342
2015-12-23,0.6520193815231323
2015-12-28,0.6132980585098267
2015-12-29,0.6157960295677185
2015-12-30,0.6232906579971313
2016-01-04,0.5870673060417175
2016-01-05,0.5933125615119934
2016-01-06,0.5520931482315063
2016-01-07,0.5171187520027161
2016-01-08,0.5108734965324402
2016-01-11,0.4908883571624756
2016-01-12,0.44841933250427246
2016-01-13,0.4196905493736267
2016-01-14,0.4371775686740875
2016-01-15,0.42468705773353577
2016-01-18,0.42093977332115173
2016-01-19,0.4221889078617096
2016-01-20,0.3997054398059845
2016-01-21,0.3897128403186798
2016-01-22,0.39221084117889404
2016-01-26,0.39221084117889404
2016-01-27,0.40595072507858276
2016-01-28,0.39221084117889404
2016-01-29,0.41469430923461914
2016-02-01,0.4221889078617096
2016-02-02,0.3872146010398865
2016-02-03,0.40595072507858276
2016-02-04,0.4621592164039612
2016-02-05,0.4621592164039612
2016-02-10,0.44841933250427246
2016-02-11,0.4259360134601593
2016-02-12,0.44717055559158325
2016-02-15,0.4621592164039612
2016-02-16,0.49838268756866455
2016-02-17,0.49963176250457764
2016-02-18,0.4821445643901825
2016-02-19,0.5108734965324402
2016-02-22,0.5708291530609131
2016-02-23,0.5283604860305786
2016-02-24,0.5196170210838318
2016-02-25,0.4808957576751709
2016-02-26,0.48963916301727295
2016-02-29,0.5033790469169617
2016-03-01,0.5421005487442017
2016-03-02,0.5795729756355286
2016-03-03,0.632034182548523
2016-03-04,0.6770010590553284
2016-03-07,0.7382062077522278
2016-03-08,0.6620121002197266
2016-03-09,0.6245397925376892
2016-03-10,0.6207925081253052
2016-03-11,0.6457741260528564
2016-03-14,0.6282868385314941
2016-03-15,0.6207925081253052
2016-03-16,0.6595140695571899
2016-03-17,0.7119752764701843
2016-03-18,0.7357078790664673
2016-03-21,0.7407040596008301
2016-03-22,0.7357078790664673
2016-03-23,0.6907411813735962
2016-03-24,0.7444514036178589
2016-03-28,0.7519457340240479
2016-03-29,0.7706820368766785
2016-03-30,0.7856709957122803
2016-03-31,0.7681840062141418
2016-04-01,0.8081544637680054
2016-04-04,0.7606895565986633
2016-04-05,0.7706820368766785
2016-04-06,0.7681840062141418
2016-04-07,0.7506967782974243
2016-04-08,0.8056561946868896
2016-04-11,0.8668610453605652
2016-04-12,0.9630401730537415
2016-04-13,1.0030109882354736
2016-04-14,0.9580441117286682
2016-04-15,0.9892708659172058
2016-04-18,0.9867727756500244
2016-04-19,1.0342379808425903
2016-04-20,1.0991902351379395
2016-04-22,1.0155017375946045
2016-04-25,0.9480515718460083
2016-04-26,0.9892708659172058
2016-04-27,1.0304902791976929
2016-04-28,1.072959542274475
2016-04-29,1.0579705238342285
2016-05-02,1.0617176294326782
2016-05-03,0.9980144500732422
2016-05-04,0.9605424404144287
2016-05-05,0.9280663728713989
2016-05-06,0.9667873382568359
2016-05-09,0.8818503618240356
2016-05-10,0.9455531239509583
2016-05-11,0.9680370092391968
2016-05-12,0.9243186712265015
2016-05-13,0.8718577027320862
2016-05-16,0.868110179901123
2016-05-17,0.9018356204032898
2016-05-18,0.8543704748153687
2016-05-19,0.8543704748153687
2016-05-20,0.8393810987472534
2016-05-23,0.8468759655952454
2016-05-24,0.8443778157234192
2016-05-25,0.8693594336509705
2016-05-27,0.8618646264076233
2016-05-30,0.855619490146637
2016-05-31,0.8706086277961731
2016-06-01,0.8693594336509705
2016-06-02,0.8993374109268188
2016-06-03,0.9642893671989441
2016-06-06,0.9955164790153503
2016-06-07,0.994267463684082
2016-06-08,1.029241681098938
2016-06-09,0.9905200600624084
2016-06-10,0.9642893671989441
2016-06-13,0.9717840552330017
2016-06-14,0.9380589127540588
2016-06-15,0.9705349802970886
2016-06-16,0.980527400970459
2016-06-17,1.0055091381072998
2016-06-20,1.0342379808425903
2016-06-21,1.0442304611206055
2016-06-22,1.0592193603515625
2016-06-23,1.130416989326477
2016-06-24,1.0354869365692139
2016-06-27,1.024245023727417
2016-06-28,1.0654646158218384
2016-06-29,1.0842013359069824
2016-06-30,1.1054352521896362
2016-07-01,1.114179015159607
2016-07-04,1.1903725862503052
2016-07-05,1.1366623640060425
2016-07-06,1.171636700630188
2016-07-07,1.1429078578948975
2016-07-08,1.172885775566101
2016-07-11,1.2178525924682617
2016-07-12,1.25782310962677
2016-07-13,1.2728118896484375
2016-07-14,1.250328779220581
2016-07-15,1.2753106355667114
2016-07-18,1.2940466403961182
2016-07-19,1.2540757656097412
2016-07-20,1.2428337335586548
2016-07-21,1.2878011465072632
2016-07-22,1.2728118896484375
2016-07-25,1.2878011465072632
2016-07-26,1.3415113687515259
2016-07-27,1.3739877939224243
2016-07-28,1.3552511930465698
2016-07-29,1.3490060567855835
2016-08-01,1.3190281391143799
2016-08-02,1.311533808708191
2016-08-03,1.3714895248413086
2016-08-04,1.3702404499053955
2016-08-05,1.377734661102295
2016-08-08,1.36399507522583
2016-08-09,1.3664932250976562
2016-08-10,1.314031720161438
2016-08-11,1.3552511930465698
2016-08-12,1.311533808708191
2016-08-15,1.3789838552474976
2016-08-16,1.398969054222107
2016-08-17,1.4152073860168457
2016-08-18,1.3977199792861938
2016-08-19,1.4139580726623535
2016-08-22,1.3614965677261353
2016-08-23,1.3727385997772217
2016-08-24,1.3240242004394531
2016-08-25,1.314031720161438
2016-08-26,1.2952957153320312
2016-08-29,1.3452585935592651
2016-08-30,1.3315190076828003
2016-08-31,1.2840538024902344
2016-09-01,1.3065370321273804
2016-09-02,1.3527531623840332
2016-09-05,1.3215261697769165
2016-09-06,1.3315190076828003
2016-09-08,1.2990427017211914
2016-09-09,1.235339641571045
2016-09-12,1.2678158283233643
2016-09-13,1.1828784942626953
2016-09-14,1.2265961170196533
2016-09-15,1.222848892211914
2016-09-16,1.1966181993484497
2016-09-19,1.206611156463623
2016-09-20,1.2053619623184204
2016-09-21,1.2490795850753784
2016-09-22,1.2403361797332764
2016-09-23,1.2415852546691895
2016-09-26,1.222848892211914
2016-09-27,1.2178525924682617
2016-09-28,1.2490795850753784
2016-09-29,1.2303434610366821
2016-09-30,1.2191016674041748
2016-10-03,1.28655207157135
2016-10-04,1.264068603515625
2016-10-05,1.3052884340286255
2016-10-06,1.3052884340286255
2016-10-07,1.3490060567855835
2016-10-10,1.3939727544784546
2016-10-11,1.3415113687515259
2016-10-13,1.2990427017211914
2016-10-14,1.3415113687515259
2016-10-17,1.3427603244781494
2016-10-18,1.420203447341919
2016-10-19,1.4089617729187012
2016-10-20,1.4501813650131226
2016-10-21,1.5088883638381958
2016-10-24,1.5201301574707031
2016-10-25,1.6100637912750244
2016-10-26,1.6263015270233154
2016-10-27,1.6425399780273438
2016-10-28,1.6238031387329102
2016-10-31,1.6213058233261108
2016-11-01,1.6088145971298218
2016-11-03,1.5825837850570679
2016-11-04,1.5663459300994873
2016-11-07,1.6800121068954468
2016-11-08,1.736220359802246
2016-11-09,1.7999242544174194
2016-11-10,1.9110922813415527
2016-11-11,1.7861839532852173
2016-11-14,1.8786154985427856
2016-11-16,1.7736930847167969
2016-11-17,1.7237299680709839
2016-11-18,1.7012462615966797
2016-11-21,1.782436728477478
2016-11-22,1.9035969972610474
2016-11-23,1.9148391485214233
2016-11-24,1.8911062479019165
2016-11-25,1.961054801940918
2016-11-28,2.059732437133789
2016-11-29,1.9110922813415527
2016-11-30,1.867374300956726
2016-12-01,1.8461395502090454
2016-12-02,1.9360740184783936
2016-12-05,1.9985270500183105
2016-12-06,2.0060219764709473
2016-12-07,2.0672268867492676
2016-12-08,2.0222601890563965
2016-12-09,1.986037015914917
2016-12-12,1.9423195123672485
2016-12-13,1.8473888635635376
2016-12-14,1.8286521434783936
2016-12-15,1.9035969972610474
2016-12-16,1.8911062479019165
2016-12-19,1.8099169731140137
2016-12-20,1.8511362075805664
2016-12-21,1.867374300956726
2016-12-22,1.788682222366333
2016-12-23,1.8157130479812622
2016-12-26,1.8829147815704346
2016-12-27,1.866430640220642
2016-12-28,1.924757480621338
2016-12-29,1.8829147815704346
2017-01-02,1.8385366201400757
2017-01-03,1.9158813953399658
2017-01-04,1.874038577079773
2017-01-05,1.9678677320480347
2017-01-06,1.9336329698562622
2017-01-09,1.9805471897125244
2017-01-10,2.0895915031433105
2017-01-11,2.161864995956421
2017-01-12,2.2556936740875244
2017-01-13,2.320359706878662
2017-01-16,2.485194206237793
2017-01-17,2.4420833587646484
2017-01-18,2.6043813228607178
2017-01-19,2.5118207931518555
2017-01-20,2.637348175048828
2017-01-23,2.7742879390716553
2017-01-24,2.823737859725952
2017-01-26,2.751464605331421
2017-01-27,2.732445001602173
2017-01-30,2.6069176197052
2017-01-31,2.637348175048828
2017-02-01,2.7552685737609863
2017-02-02,2.6753876209259033
2017-02-03,2.5295722484588623
2017-02-06,2.4534952640533447
2017-02-07,2.5232324600219727
2017-02-08,2.5625388622283936
2017-02-09,2.617060899734497
2017-02-10,2.764143943786621
2017-02-13,2.9758927822113037
2017-02-14,2.911226987838745
2017-02-15,2.893475294113159
2017-02-16,2.8668482303619385
2017-02-17,2.890939712524414
2017-02-20,3.371495246887207
2017-02-21,3.301757335662842
2017-02-22,3.125511884689331
2017-02-23,2.9543373584747314
2017-02-24,2.9733569622039795
2017-03-01,3.057042121887207
2017-03-02,2.882063627243042
2017-03-03,2.899815082550049
2017-03-06,2.8719208240509033
2017-03-07,2.88840389251709
2017-03-08,2.8338818550109863
2017-03-09,2.8034510612487793
2017-03-10,2.770484209060669
2017-03-13,2.8719208240509033
2017-03-14,2.870651960372925
2017-03-15,3.054506540298462
2017-03-16,2.979696273803711
2017-03-17,2.8376851081848145
2017-03-20,2.890939712524414
2017-03-21,2.644956111907959
2017-03-22,2.713426113128662
2017-03-23,2.6753876209259033
2017-03-24,2.6665122509002686
2017-03-27,2.724837064743042
2017-03-28,2.779359817504883
2017-03-29,2.8161301612854004
2017-03-30,2.789503335952759
2017-03-31,2.7755560874938965
2017-04-03,2.6880664825439453
2017-04-04,2.8135945796966553
2017-04-05,2.7083539962768555
2017-04-06,2.632277011871338
2017-04-07,2.6208646297454834
2017-04-10,2.5980422496795654
2017-04-11,2.5498595237731934
2017-04-12,2.3977038860321045
2017-04-13,2.410383939743042
2017-04-17,2.447155237197876
2017-04-18,2.3824896812438965
2017-04-19,2.3545942306518555
2017-04-20,2.4788544178009033
2017-04-24,2.5130884647369385
2017-04-25,2.6145248413085938
2017-04-26,2.5612714290618896
2017-04-27,2.485194206237793
2017-04-28,2.6390860080718994
2017-05-02,2.698913812637329
2017-05-03,2.546020269393921
2017-05-04,2.426363945007324
2017-05-05,2.4901795387268066
2017-05-08,2.4463064670562744
2017-05-09,2.494168281555176
2017-05-10,2.4901795387268066
2017-05-11,2.486191987991333
2017-05-12,2.4090795516967773
2017-05-15,2.464919328689575
2017-05-16,2.5127813816070557
2017-05-17,2.4529542922973633
2017-05-18,2.433011054992676
2017-05-19,2.4689083099365234
2017-05-22,2.4822027683258057
2017-05-23,2.491509437561035
2017-05-24,2.4529542922973633
2017-05-25,2.4689083099365234
2017-05-26,2.4994869232177734
2017-05-29,2.4994869232177734
2017-05-30,2.64573335647583
2017-05-31,2.5420312881469727
2017-06-01,2.440988063812256
2017-06-02,2.4197158813476562
2017-06-05,2.381160020828247
2017-06-06,2.4237043857574463
2017-06-07,2.4064207077026367
2017-06-08,2.4383292198181152
2017-06-09,2.4702374935150146
2017-06-12,2.381160020828247
2017-06-13,2.29341197013855
2017-06-14,2.4170570373535156
2017-06-15,2.4170570373535156
2017-06-16,2.3785011768341064
2017-06-19,2.426363945007324
2017-06-20,2.366535186767578
2017-06-21,2.4502952098846436
2017-06-22,2.4901795387268066
2017-06-23,2.5167696475982666
2017-06-26,2.551337957382202
2017-06-27,2.6297788619995117
2017-06-28,2.746776580810547
2017-06-29,2.744117498397827
2017-06-30,2.7387993335723877
2017-07-03,2.803945302963257
2017-07-04,2.8159115314483643
2017-07-05,2.7600717544555664
2017-07-06,2.785332441329956
2017-07-07,2.770707845687866
2017-07-10,2.8358535766601562
2017-07-11,2.8597848415374756
2017-07-12,2.875739336013794
2017-07-13,2.8172407150268555
2017-07-14,2.845160484313965
2017-07-17,2.8584554195404053
2017-07-18,2.8744099140167236
2017-07-19,2.9116365909576416
2017-07-20,2.8026158809661865
2017-07-21,2.7946386337280273
2017-07-24,2.830535888671875
2017-07-25,2.971463680267334
2017-07-26,2.8823869228363037
2017-07-27,2.8810577392578125
2017-07-28,2.9422144889831543
2017-07-31,3.068519115447998
2017-08-01,3.04591703414917
2017-08-02,3.071178436279297
2017-08-03,3.051234483718872
2017-08-04,3.140312433242798
2017-08-07,3.2626285552978516
2017-08-08,3.2466745376586914
2017-08-09,3.217424154281616
2017-08-10,3.1908342838287354
2017-08-11,3.1496195793151855
2017-08-14,3.177539587020874
2017-08-15,3.125687837600708
2017-08-16,3.182856559753418
2017-08-17,3.1203699111938477
2017-08-18,3.186845302581787
2017-08-21,3.1974809169769287
2017-08-22,3.2227423191070557
2017-08-23,3.286559581756592
2017-08-24,3.435464859008789
2017-08-25,3.4527482986450195
2017-08-28,3.493964195251465
2017-08-29,3.5165653228759766
2017-08-30,3.5178945064544678
2017-08-31,3.5737345218658447
2017-09-01,3.657494068145752
2017-09-04,3.6894023418426514
2017-09-05,3.661482334136963
2017-09-06,3.6827540397644043
2017-09-07,3.6827540397644043
2017-09-08,3.5444858074188232
2017-09-11,3.583041191101074
2017-09-12,3.5989949703216553
2017-09-13,3.5617682933807373
2017-09-14,3.416851758956909
2017-09-15,3.42349910736084
2017-09-18,3.4407832622528076
2017-09-19,3.418180465698242
2017-09-20,3.3490467071533203
2017-09-21,3.2573094367980957
2017-09-22,3.217424154281616
2017-09-25,3.1216983795166016
2017-09-26,3.144300699234009
2017-09-27,3.177539587020874
2017-09-28,3.154937744140625
2017-09-29,3.204129219055176
2017-10-02,3.216094732284546
2017-10-03,3.310490608215332
2017-10-04,3.302513599395752
2017-10-05,3.2679460048675537
2017-10-06,3.234708309173584
2017-10-09,3.174880266189575
2017-10-10,3.1336653232574463
2017-10-11,3.1004278659820557
2017-10-12,3.1004278659820557
2017-10-13,3.277252674102783
2017-10-16,3.279911994934082
2017-10-17,3.1908342838287354
2017-10-18,3.1695616245269775
2017-10-19,3.269275426864624
2017-10-20,3.2639567852020264
2017-10-23,3.242685317993164
2017-10-24,3.3556935787200928
2017-10-25,3.3477165699005127
2017-10-26,3.238696575164795
2017-10-27,3.230719804763794
2017-10-30,3.170891523361206
2017-10-31,3.1908342838287354
2017-11-01,3.224072217941284
2017-11-02,3.224072217941284
2017-11-03,3.318467140197754
2017-11-06,3.3650014400482178
2017-11-07,3.259969472885132
2017-11-08,3.32112717628479
2017-11-09,3.1536076068878174
2017-11-10,3.136324167251587
2017-11-13,3.170891523361206
2017-11-14,3.060542345046997
2017-11-15,3.060542345046997
2017-11-16,3.103085517883301
2017-11-17,3.2187538146972656
2017-11-20,3.2187538146972656
2017-11-21,3.329103946685791
2017-11-22,3.3876020908355713
2017-11-23,3.416851758956909
2017-11-24,3.4447710514068604
2017-11-27,3.403557300567627
2017-11-28,3.4567368030548096
2017-11-29,3.3902621269226074
2017-11-30,3.3650014400482178
2017-12-01,3.403557300567627
2017-12-04,3.529860258102417
2017-12-05,3.42748761177063
2017-12-06,3.406215190887451
2017-12-07,3.3503761291503906
2017-12-08,3.4141921997070312
2017-12-11,3.454077959060669
2017-12-12,3.5139060020446777
2017-12-13,3.495293140411377
2017-12-14,3.509917974472046
2017-12-15,3.6083011627197266
2017-12-18,3.6495168209075928
2017-12-19,3.6561636924743652
2017-12-20,3.7691731452941895
2017-12-21,3.8290014266967773
2017-12-22,3.882181167602539
2017-12-25,3.882181167602539
2017-12-26,4.041846752166748
2017-12-27,4.064547061920166
2017-12-28,4.0744781494140625
2017-12-29,4.0744781494140625
2018-01-02,4.202160358428955
2018-01-03,4.241884708404541
2018-01-04,4.3624725341796875
2018-01-05,4.46745491027832
2018-01-08,4.545483112335205
2018-01-09,4.494410037994385
2018-01-10,4.447593688964844
2018-01-11,4.582368850708008
2018-01-12,4.613580226898193
2018-01-15,4.610742568969727
2018-01-16,4.497247219085693
2018-01-17,4.5866241455078125
2018-01-18,4.553995132446289
2018-01-19,4.561089038848877
2018-01-22,4.529877185821533
2018-01-23,4.358215808868408
2018-01-24,4.440500736236572
2018-01-25,4.440500736236572
2018-01-26,4.413544654846191
2018-01-29,4.44901180267334
2018-01-30,4.409289360046387
2018-01-31,4.439081192016602
2018-02-01,4.49015474319458
2018-02-02,4.397938251495361
2018-02-05,4.332679271697998
2018-02-06,4.49015474319458
2018-02-07,4.410706996917725
2018-02-08,4.353960037231445
2018-02-09,4.422057151794434
2018-02-14,4.727075576782227
2018-02-15,4.932785511016846
2018-02-16,4.954066276550293
2018-02-19,4.99946403503418
2018-02-20,4.918598175048828
2018-02-21,4.851919651031494
2018-02-22,4.887387275695801
2018-02-23,4.939879417419434
2018-02-26,5.066141605377197
2018-02-27,5.0377678871154785
2018-02-28,4.847663402557373
2018-03-01,4.746936321258545
2018-03-02,4.678840637207031
2018-03-05,4.6220927238464355
2018-03-06,4.610742568969727
2018-03-07,4.5724382400512695
2018-03-08,4.41921854019165
2018-03-09,4.478804588317871
2018-03-12,4.541227340698242
2018-03-13,4.525620937347412
2018-03-14,4.525620937347412
2018-03-15,4.536971569061279
2018-03-16,4.5724382400512695
2018-03-19,4.412126064300537
2018-03-20,4.475967884063721
2018-03-21,4.566763401031494
2018-03-22,4.483060836791992
2018-03-23,4.41921854019165
2018-03-26,4.433406829833984
2018-03-27,4.327004909515381
2018-03-28,4.389427185058594
2018-03-29,4.46745491027832
2018-04-02,4.536971569061279
2018-04-03,4.522783279418945
2018-04-04,4.474548816680908
2018-04-05,4.559669017791748
2018-04-06,4.559669017791748
2018-04-09,4.56818151473999
2018-04-10,4.795173168182373
2018-04-11,4.783822536468506
2018-04-12,4.802266597747803
2018-04-13,4.823545932769775
2018-04-16,4.788079738616943
2018-04-17,4.937042236328125
2018-04-18,5.107284069061279
2018-04-19,5.139914035797119
2018-04-20,5.0789103507995605
2018-04-23,5.086004257202148
2018-04-24,5.199499607086182
2018-04-25,5.10161018371582
2018-04-26,5.210848331451416
2018-04-27,5.172544479370117
2018-04-30,5.411129474639893
2018-05-02,5.389825344085693
2018-05-03,5.432432651519775
2018-05-04,5.510039806365967
2018-05-07,5.233092308044434
2018-05-08,4.94244909286499
2018-05-09,4.95766544342041
2018-05-10,5.132659435272217
2018-05-11,5.161572456359863
2018-05-14,5.325915336608887
2018-05-15,5.325915336608887
2018-05-16,5.538951396942139
2018-05-17,5.40504264831543
2018-05-18,5.260481357574463
2018-05-21,5.157006740570068
2018-05-22,5.105269432067871
2018-05-23,5.026142120361328
2018-05-24,5.071791172027588
2018-05-25,4.930274486541748
2018-05-28,4.831366539001465
2018-05-29,4.682239532470703
2018-05-30,4.7400641441345215
2018-06-01,4.989620685577393
2018-06-04,4.95766544342041
2018-06-05,4.960710048675537
2018-06-06,5.262003421783447
2018-06-07,4.9591875076293945
2018-06-08,4.622893333435059
2018-06-11,4.57876443862915
2018-06-12,4.673109531402588
2018-06-13,4.650284290313721
2018-06-14,4.590938091278076
2018-06-15,4.335294723510742
2018-06-18,4.336814880371094
2018-06-19,4.341382026672363
2018-06-20,4.380945205688477
2018-06-21,4.204428672790527
2018-06-22,4.275948524475098
2018-06-25,4.247036457061768
2018-06-26,4.35051155090332
2018-06-27,4.342904090881348
2018-06-28,4.3976850509643555
2018-06-29,4.44789981842041
2018-07-02,4.353554725646973
2018-07-03,4.304861068725586
2018-07-04,4.321598529815674
2018-07-05,4.453986644744873
2018-07-06,4.514853000640869
2018-07-10,4.4509429931640625
2018-07-11,4.367249965667725
2018-07-12,4.511810779571533
2018-07-13,4.495071887969971
2018-07-16,4.504202365875244
2018-07-17,4.555938720703125
2018-07-18,4.593982219696045
2018-07-19,4.414422512054443
2018-07-20,4.387032508850098
2018-07-23,4.470723628997803
2018-07-24,4.679195880889893
2018-07-25,4.665501594543457
2018-07-26,4.761367321014404
2018-07-27,4.878538608551025
2018-07-30,4.872450828552246
2018-07-31,4.95766544342041
2018-08-01,4.813104629516602
2018-08-02,4.7811503410339355
2018-08-03,4.854191303253174
2018-08-06,4.823757171630859
2018-08-07,4.595504283905029
2018-08-08,4.531592845916748
2018-08-09,4.388554573059082
2018-08-10,4.348990440368652
2018-08-13,4.297252655029297
2018-08-14,4.615285396575928
2018-08-15,4.3718156814575195
2018-08-16,4.432681560516357
2018-08-17,4.590938091278076
2018-08-20,4.633545875549316
2018-08-21,4.549853324890137
2018-08-22,4.6061553955078125
2018-08-23,4.57876443862915
2018-08-24,4.711152076721191
2018-08-27,4.901362895965576
2018-08-28,4.904406547546387
2018-08-29,4.892233371734619
2018-08-30,4.8085408210754395
2018-08-31,4.727890968322754
2018-09-03,4.767454147338867
2018-09-04,4.566591262817383
2018-09-05,4.566591262817383
2018-09-06,4.618328094482422
2018-09-10,4.784193515777588
2018-09-11,4.717239856719971
2018-09-12,4.750715255737305
2018-09-13,4.70202112197876
2018-09-14,4.918102264404297
2018-09-17,4.930274486541748
2018-09-18,5.123530864715576
2018-09-19,5.227004051208496
2018-09-20,5.324392795562744
2018-09-21,5.53590726852417
2018-09-24,5.423303127288818
2018-09-25,5.83111572265625
2018-09-26,5.7672038078308105
2018-09-27,5.6165571212768555
2018-09-28,5.640904903411865
2018-10-01,5.730685234069824
2018-10-02,5.739814281463623
2018-10-03,5.583080291748047
2018-10-04,5.488735675811768
2018-10-05,5.322871685028076
2018-10-08,5.265047073364258
2018-10-09,5.268089771270752
2018-10-10,5.082444667816162
2018-10-11,5.097660541534424
2018-10-15,5.122007846832275
2018-10-16,5.120486736297607
2018-10-17,5.188962459564209
2018-10-18,5.021575927734375
2018-10-19,5.045923709869385
2018-10-22,5.233092308044434
2018-10-23,5.112877368927002
2018-10-24,4.915058135986328
2018-10-25,5.003316402435303
2018-10-26,5.0733137130737305
2018-10-29,4.860276699066162
2018-10-30,4.998751640319824
2018-10-31,5.25895881652832
2018-11-01,5.353304862976074
2018-11-05,5.383739471435547
2018-11-06,5.3487396240234375
2018-11-07,5.362435340881348
2018-11-08,5.328958511352539
2018-11-09,5.0915751457214355
2018-11-12,5.123530864715576
2018-11-13,5.220916748046875
2018-11-14,5.16765832901001
2018-11-16,5.303088665008545
2018-11-19,5.239178657531738
2018-11-21,5.135704517364502
2018-11-22,5.030707359313965
2018-11-23,4.743107795715332
2018-11-26,4.641153812408447
2018-11-27,4.625936985015869
2018-11-28,4.778104782104492
2018-11-29,4.791800022125244
2018-11-30,4.835930824279785
2018-12-03,4.892233371734619
2018-12-04,4.799409866333008
2018-12-05,4.816148281097412
2018-12-06,4.779626846313477
2018-12-07,4.679195880889893
2018-12-10,4.577244281768799
2018-12-11,4.583329677581787
2018-12-12,4.5726776123046875
2018-12-13,4.56506872177124
2018-12-14,4.539200782775879
2018-12-17,4.612242698669434
2018-12-18,4.694413185119629
2018-12-19,4.598546981811523
2018-12-20,4.645719528198242
2018-12-21,4.735499382019043
2018-12-26,4.7035441398620605
2018-12-27,4.641153812408447
2018-12-28,4.822235584259033
2019-01-02,4.923093795776367
2019-01-03,4.7346577644348145
2019-01-04,5.0545244216918945
2019-01-07,5.09411096572876
2019-01-08,5.05769157409668
2019-01-09,5.1938700675964355
2019-01-10,5.178036212921143
2019-01-11,5.160618305206299
2019-01-14,5.179620265960693
2019-01-15,5.132115840911865
2019-01-16,5.149533748626709
2019-01-17,5.318967342376709
2019-01-18,5.4076433181762695
2019-01-21,5.43931245803833
2019-01-22,5.4218950271606445
2019-01-23,5.497901916503906
2019-01-24,5.542240142822266
2019-01-28,4.6190619468688965
2019-01-29,4.215269565582275
2019-01-30,4.547804832458496
2019-01-31,4.454378128051758
2019-02-01,4.552555561065674
2019-02-04,4.429041862487793
2019-02-05,4.470212936401367
2019-02-06,4.2786102294921875
2019-02-07,4.150346279144287
2019-02-08,4.294445514678955
2019-02-11,4.148764133453369
2019-02-12,4.351451873779297
2019-02-13,4.405289649963379
2019-02-14,4.430624961853027
2019-02-15,4.446459770202637
2019-02-18,4.42587423324585
2019-02-19,4.424293041229248
2019-02-20,4.4622955322265625
2019-02-21,4.4211249351501465
2019-02-22,4.57630729675293
2019-02-25,4.595309734344482
2019-02-26,4.584224224090576
2019-02-27,4.568389892578125
2019-02-28,4.5636396408081055
2019-03-01,4.538303375244141
2019-03-06,4.666566371917725
2019-03-07,4.728322982788086
2019-03-08,4.718822479248047
2019-03-11,4.831249713897705
2019-03-12,4.8866729736328125
2019-03-13,4.962680339813232
2019-03-14,4.929427146911621
2019-03-15,4.967431545257568
2019-03-18,4.948429584503174
2019-03-19,5.067190647125244
2019-03-20,4.953180313110352
2019-03-21,4.964264869689941
2019-03-22,4.845501899719238
2019-03-25,4.83441686630249
2019-03-26,4.926259994506836
2019-03-27,4.856586933135986
2019-03-28,4.842336177825928
2019-03-29,5.051355838775635
2019-04-01,5.223957538604736
2019-04-02,5.083026885986328
2019-04-03,5.106778621673584
2019-04-04,5.1954545974731445
2019-04-05,5.116281032562256
2019-04-08,5.263545513153076
2019-04-09,5.176453590393066
2019-04-10,5.128946781158447
2019-04-11,5.132115840911865
2019-04-12,5.0988616943359375
2019-04-15,5.090944290161133
2019-04-16,5.252460956573486
2019-04-17,5.1859540939331055
2019-04-18,5.1954545974731445
2019-04-22,5.122613906860352
2019-04-23,5.170118808746338
2019-04-24,5.021270751953125
2019-04-25,5.040272235870361
2019-04-26,5.086193084716797
2019-04-29,5.0418548583984375
2019-04-30,5.051355838775635
2019-05-02,4.974588871002197
2019-05-03,5.155243873596191
2019-05-06,5.051778316497803
2019-05-07,5.087909698486328
2019-05-08,5.022216796875
2019-05-09,5.009076118469238
2019-05-10,5.122397422790527
2019-05-13,4.885903835296631
2019-05-14,4.877692222595215
2019-05-15,4.89575719833374
2019-05-16,4.733168125152588
2019-05-17,4.823495864868164
2019-05-20,4.810357093811035
2019-05-21,4.87605094909668
2019-05-22,4.851415157318115
2019-05-23,4.8596272468566895
2019-05-24,4.961450576782227
2019-05-27,5.102689743041992
2019-05-28,5.094478607177734
2019-05-29,5.074770927429199
2019-05-30,5.073128700256348
2019-05-31,5.041924953460693
2019-06-03,5.023858547210693
2019-06-04,5.043567180633545
2019-06-05,4.972947597503662
2019-06-06,5.032070636749268
2019-06-07,5.036997318267822
2019-06-10,5.030429363250732
2019-06-11,5.311264514923096
2019-06-12,5.278419494628906
2019-06-13,5.355606555938721
2019-06-14,5.29976749420166
2019-06-17,5.1963019371032715
2019-06-18,5.418015003204346
2019-06-19,5.439366817474365
2019-06-21,5.424586296081543
2019-06-24,5.45086145401001
2019-06-25,5.304696559906006
2019-06-26,5.367103576660156
2019-06-27,5.388453960418701
2019-06-28,5.395023345947266
2019-07-01,5.52476692199707
2019-07-02,5.304696559906006
2019-07-03,5.345754146575928
2019-07-04,5.326045036315918
2019-07-05,5.179880142211914
2019-07-08,5.265280723571777
2019-07-10,5.406519412994385
2019-07-11,5.413088798522949
2019-07-12,5.373673439025879
2019-07-15,5.436081886291504
2019-07-16,5.465643405914307
2019-07-17,5.468928337097168
2019-07-18,5.431153774261475
2019-07-19,5.437724590301514
2019-07-22,5.4081621170043945
2019-07-23,5.398307800292969
2019-07-24,5.261994361877441
2019-07-25,5.271849155426025
2019-07-26,5.197944641113281
2019-07-29,5.199586868286133
2019-07-30,5.224221706390381
2019-07-31,5.19301700592041
2019-08-01,5.033712863922119
2019-08-02,5.000866413116455
2019-08-05,4.772584438323975
2019-08-06,4.81364107131958
2019-08-07,4.7955756187438965
2019-08-08,4.87605094909668
2019-08-09,4.834991931915283
2019-08-12,4.733168125152588
2019-08-13,4.861268520355225
2019-08-14,4.738094806671143
2019-08-15,4.654335975646973
2019-08-16,4.611635684967041
2019-08-19,4.550870418548584
2019-08-20,4.595213413238525
2019-08-21,4.61820650100708
2019-08-22,4.614920616149902
2019-08-23,4.4589009284973145
2019-08-26,4.424411296844482
2019-08-27,4.416200160980225
2019-08-28,4.493388652801514
2019-08-29,4.674045085906982
2019-08-30,4.6691179275512695
2019-09-02,4.720030307769775
2019-09-03,4.6609063148498535
2019-09-04,4.754517555236816
2019-09-05,4.787365436553955
2019-09-06,4.754517555236816
2019-09-09,4.892472743988037
2019-09-10,4.954881191253662
2019-09-11,4.935173034667969
2019-09-12,5.140462875366211
2019-09-13,5.135537147521973
2019-09-16,5.109259605407715
2019-09-17,5.124039649963379
2019-09-18,5.128966808319092
2019-09-19,5.15360164642334
2019-09-20,5.2143683433532715
2019-09-23,5.132251739501953
2019-09-24,5.0271430015563965
2019-09-25,5.120755672454834
2019-09-26,5.122397422790527
2019-09-27,5.138821125030518
2019-09-30,5.183163166046143
2019-10-01,5.112544059753418
2019-10-02,4.861268520355225
2019-10-03,4.9713053703308105
2019-10-04,5.150318622589111
2019-10-07,5.0796966552734375
2019-10-08,5.023858547210693
2019-10-09,5.032070636749268
2019-10-10,5.171666145324707
2019-10-11,5.307980537414551
2019-10-14,5.298126220703125
2019-10-15,5.327688217163086
2019-10-16,5.26035213470459
2019-10-17,5.222579002380371
2019-10-18,5.117471694946289
2019-10-21,5.181521415710449
2019-10-22,5.165098667144775
2019-10-23,5.138821125030518
2019-10-24,5.0796966552734375
2019-10-25,5.286628723144531
2019-10-28,5.340826511383057
2019-10-29,5.344111442565918
2019-10-30,5.365461826324463
2019-10-31,5.257068157196045
2019-11-01,5.350681304931641
2019-11-04,5.452504634857178
2019-11-05,5.432796001434326
2019-11-06,5.459074020385742
2019-11-07,5.496846675872803
2019-11-08,5.44265079498291
2019-11-11,5.332615375518799
2019-11-12,5.352323055267334
2019-11-13,5.247213840484619
2019-11-14,5.281702995300293
2019-11-18,5.319477081298828
2019-11-19,5.368745803833008
2019-11-21,5.4623589515686035
2019-11-22,5.598670482635498
2019-11-25,5.577320098876953
2019-11-26,5.718560695648193
2019-11-27,5.716918468475342
2019-11-28,5.616736888885498
2019-11-29,5.616736888885498
2019-12-02,5.767829895019531
2019-12-03,5.654510498046875
2019-12-04,5.656152725219727
2019-12-05,5.817099571228027
2019-12-06,5.868011951446533
2019-12-09,5.902500629425049
2019-12-10,5.9369893074035645
2019-12-11,5.9780473709106445
2019-12-12,6.074944019317627
2019-12-13,6.211257457733154
2019-12-16,6.199760437011719
2019-12-17,6.180052757263184
2019-12-18,6.142278671264648
2019-12-19,6.158703327178955
2019-12-20,6.222752571105957
2019-12-23,6.31143856048584
2019-12-26,6.413261413574219
2019-12-27,6.43297004699707
2019-12-30,6.5432281494140625
2020-01-02,6.5004963874816895
2020-01-03,6.592799663543701
2020-01-06,6.6235671043396
2020-01-07,6.652624607086182
2020-01-08,6.650915145874023
2020-01-09,6.565450191497803
2020-01-10,6.544938087463379
2020-01-13,6.820135593414307
2020-01-14,6.8850908279418945
2020-01-15,6.902183532714844
2020-01-16,6.8782525062561035
2020-01-17,7.173962593078613
2020-01-20,7.245754718780518
2020-01-21,7.109010219573975
2020-01-22,7.2218241691589355
2020-01-23,7.120975017547607
2020-01-24,6.98081111907959
2020-01-27,6.539809703826904
2020-01-28,6.538100242614746
2020-01-29,6.415030479431152
2020-01-30,6.438961982727051
2020-01-31,6.326147079467773
2020-02-03,6.440671443939209
2020-02-04,6.597926139831543
2020-02-05,6.642370223999023
2020-02-06,6.654333591461182
2020-02-07,6.464600563049316
2020-02-10,6.309053421020508
2020-02-11,6.604764461517334
2020-02-12,6.664590358734131
2020-02-13,6.526134967803955
2020-02-14,6.415030479431152
2020-02-17,6.6662983894348145
2020-02-18,6.604764461517334
2020-02-19,6.6628804206848145
2020-02-20,6.546648025512695
2020-02-21,6.447507381439209
2020-02-26,5.828737735748291
2020-02-27,5.621912479400635
2020-02-28,5.707377910614014
2020-03-02,5.9124956130981445
2020-03-03,5.828737735748291
2020-03-04,5.991122245788574
2020-03-05,5.717633247375488
2020-03-06,5.548412322998047
2020-03-09,4.700595378875732
2020-03-10,5.377481460571289
2020-03-11,4.9467363357543945
2020-03-12,4.457873821258545
2020-03-13,5.271503448486328
2020-03-16,4.67666482925415
2020-03-17,4.989468097686768
2020-03-18,4.767258167266846
2020-03-19,4.392920017242432
2020-03-20,4.162163734436035
2020-03-23,4.218571186065674
2020-03-24,4.474966526031494
2020-03-25,4.84075927734375
2020-03-26,4.856142044067383
2020-03-27,4.645897388458252
2020-03-30,4.883491516113281
2020-03-31,4.984340190887451
2020-04-01,5.001433849334717
2020-04-02,4.955282688140869
2020-04-03,4.6014556884765625
2020-04-06,4.9347710609436035
2020-04-07,4.994596481323242
2020-04-08,4.984340190887451
2020-04-09,4.890328884124756
2020-04-13,5.13988733291626
2020-04-14,5.126213073730469
2020-04-15,4.941608428955078
2020-04-16,4.909131050109863
2020-04-17,5.061260223388672
2020-04-20,4.9296417236328125
2020-04-22,5.018526554107666
2020-04-23,5.025362968444824
2020-04-24,5.074934959411621
2020-04-27,5.179202079772949
2020-04-28,5.085189342498779
2020-04-29,5.353550434112549
2020-04-30,5.103992938995361
2020-05-04,4.941608428955078
2020-05-05,4.876654148101807
2020-05-06,4.943317413330078
2020-05-07,5.073225021362305
2020-05-08,5.502260684967041
2020-05-11,5.45952844619751
2020-05-12,5.635586738586426
2020-05-13,5.640714645385742
2020-05-14,5.529609680175781
2020-05-15,5.621912479400635
2020-05-18,6.0936808586120605
2020-05-19,6.177436828613281
2020-05-20,6.254355430603027
2020-05-21,6.040693283081055
2020-05-22,5.922749996185303
2020-05-25,5.900528430938721
2020-05-26,5.758655548095703
2020-05-27,5.825320243835449
2020-05-28,5.7706217765808105
2020-05-29,6.025309085845947
2020-06-01,6.119320869445801
2020-06-02,6.083425045013428
2020-06-03,6.057786464691162
2020-06-04,6.290252208709717
2020-06-05,6.16376256942749
2020-06-08,6.095391273498535
2020-06-09,6.177436828613281
2020-06-10,6.119320869445801
2020-06-12,6.050948619842529
2020-06-15,6.073169231414795
2020-06-16,6.216750144958496
2020-06-17,6.351786136627197
2020-06-18,6.346658229827881
2020-06-19,6.16376256942749
2020-06-22,6.165472507476807
2020-06-23,6.293669700622559
2020-06-24,6.2440996170043945
2020-06-25,6.319309711456299
2020-06-26,6.227006435394287
2020-06-29,6.211623191833496
2020-06-30,6.240682125091553
2020-07-01,6.057786464691162
2020-07-02,6.146669864654541
2020-07-03,6.151798248291016
2020-07-06,6.232134819030762
2020-07-07,6.2440996170043945
2020-07-08,6.353496551513672
2020-07-09,6.293669700622559
2020-07-10,6.420158863067627
2020-07-13,6.521007537841797
2020-07-14,6.960298538208008
2020-07-15,6.960298538208008
2020-07-16,6.833810806274414
2020-07-17,6.972264766693115
2020-07-20,7.0560221672058105
2020-07-21,6.965428829193115
2020-07-22,7.076531887054443
2020-07-23,7.003032684326172
2020-07-24,7.066277027130127
2020-07-27,7.459418773651123
2020-07-28,7.336346626281738
2020-07-29,7.526081562042236
2020-07-30,7.326091766357422
2020-07-31,7.3585686683654785
2020-08-03,7.391044616699219
2020-08-04,7.336346626281738
2020-08-05,7.561976432800293
2020-08-06,7.495312213897705
2020-08-07,7.382498741149902
2020-08-10,7.587615013122559
2020-08-11,7.396171569824219
2020-08-12,7.519244194030762
2020-08-13,7.396171569824219
2020-08-14,7.572232246398926
2020-08-17,7.6816277503967285
2020-08-18,7.922642230987549
2020-08-19,7.881616115570068
2020-08-20,7.9482808113098145
2020-08-21,7.806407928466797
2020-08-24,7.791022777557373
2020-08-25,7.731196403503418
2020-08-26,7.652570724487305
2020-08-27,7.4696736335754395
2020-08-28,7.642312049865723
2020-08-31,7.519244194030762
2020-09-01,7.72265100479126
2020-09-02,7.647440433502197
2020-09-03,7.4833478927612305
2020-09-04,7.572232246398926
2020-09-08,7.440614700317383
2020-09-09,7.474801063537598
2020-09-10,7.35515022277832
2020-09-11,7.674790382385254
2020-09-14,7.614965915679932
2020-09-15,7.743163108825684
2020-09-16,7.638894557952881
2020-09-17,7.809826850891113
2020-09-18,7.804698944091797
2020-09-21,7.585906982421875
2020-09-22,7.63034725189209
2020-09-23,7.637185573577881
2020-09-24,7.72265100479126
2020-09-25,7.784187316894531
2020-09-28,7.63205623626709
2020-09-29,7.561976432800293
2020-09-30,7.673081398010254
2020-10-01,7.666243553161621
2020-10-02,7.5500102043151855
2020-10-05,7.772221088409424
2020-10-06,7.63205623626709
2020-10-07,7.741451263427734
2020-10-08,7.828627586364746
2020-10-09,7.867944240570068
2020-10-13,8.103826522827148
2020-10-14,8.201258659362793
2020-10-15,8.232024192810059
2020-10-16,8.247407913208008
2020-10-19,8.230315208435059
2020-10-20,8.26962947845459
2020-10-21,8.293560028076172
2020-10-22,8.180746078491211
2020-10-23,8.184163093566895
2020-10-26,8.117498397827148
2020-10-27,8.202966690063477
2020-10-28,7.975628852844238
2020-10-29,8.066222190856934
2020-10-30,7.989303112030029
2020-11-03,8.356805801391602
2020-11-04,8.179037094116211
2020-11-05,8.33287239074707
2020-11-06,8.476454734802246
2020-11-09,8.471327781677246
2020-11-10,8.290141105651855
2020-11-11,8.365349769592285
2020-11-12,8.672861099243164
2020-11-13,8.80086898803711
2020-11-16,9.029052734375
2020-11-17,9.320311546325684
2020-11-18,9.294339179992676
2020-11-19,9.422347068786621
2020-11-23,9.871294975280762
2020-11-24,10.333229064941406
2020-11-25,10.459379196166992
2020-11-26,10.706116676330566
2020-11-27,11.09199047088623
2020-11-30,10.778467178344727
2020-12-01,11.182889938354492
2020-12-02,10.960269927978516
2020-12-03,10.865660667419434
2020-12-04,11.353567123413086
2020-12-07,11.559487342834473
2020-12-08,11.529803276062012
2020-12-09,11.552066802978516
2020-12-10,11.92495346069336
2020-12-11,11.926810264587402
2020-12-14,11.696770668029785
2020-12-15,11.897128105163574
2020-12-16,12.030699729919434
2020-12-17,12.199518203735352
2020-12-18,12.342363357543945
2020-12-21,12.09377384185791
2020-12-22,11.962057113647461
2020-12-23,12.004724502563477
2020-12-28,11.995451927185059
2020-12-29,11.88414192199707
2020-12-30,11.81921100616455
2021-01-04,12.336800575256348
2021-01-05,12.577971458435059
2021-01-06,13.171621322631836
2021-01-07,14.169692993164062
2021-01-08,14.242047309875488
2021-01-11,14.099200248718262
2021-01-12,14.086212158203125
2021-01-13,13.806084632873535
2021-01-14,13.935943603515625
2021-01-15,13.256958961486816
2021-01-18,13.475865364074707
2021-01-19,13.303338050842285
2021-01-20,13.154925346374512
2021-01-21,13.197591781616211
2021-01-22,13.147502899169922
2021-01-26,13.017641067504883
2021-01-27,12.596522331237793
2021-01-28,12.242185592651367
2021-01-29,11.596590042114258
2021-02-01,12.014002799987793
2021-02-02,11.327592849731445
2021-02-03,11.576186180114746
2021-02-04,11.411075592041016
2021-02-05,11.700481414794922
2021-02-08,11.737584114074707
2021-02-09,11.71717643737793
2021-02-10,11.698625564575195
2021-02-11,11.650391578674316
2021-02-12,11.613287925720215
2021-02-17,11.87486457824707
2021-02-18,11.94721794128418
2021-02-19,12.09377384185791
2021-02-22,11.752425193786621
2021-02-23,11.910114288330078
2021-02-24,12.275581359863281
2021-02-25,11.815498352050781
2021-02-26,11.661520957946777
2021-03-01,11.980608940124512
2021-03-02,12.279290199279785
2021-03-03,12.02513313293457
2021-03-04,11.652247428894043
2021-03-05,12.392454147338867
2021-03-08,12.23105525970459
2021-03-09,11.893418312072754
2021-03-10,11.687493324279785
2021-03-11,11.93979549407959
2021-03-12,11.80808162689209
2021-03-15,11.813644409179688
2021-03-16,11.809935569763184
2021-03-17,12.112323760986328
2021-03-18,11.835907936096191
2021-03-19,11.70418930053711
2021-03-22,11.51310920715332
2021-03-23,11.362838745117188
2021-03-24,11.438904762268066
2021-03-25,11.474150657653809
2021-03-26,12.127164840698242
2021-03-29,12.667015075683594
2021-03-30,12.648466110229492
2021-03-31,12.67258358001709
2021-04-01,13.030423164367676
2021-04-05,13.761638641357422
2021-04-06,13.6774263381958
2021-04-07,13.932116508483887
2021-04-08,14.110814094543457
2021-04-09,14.149839401245117
2021-04-12,14.26075553894043
2021-04-13,14.390157699584961
2021-04-14,14.768088340759277
2021-04-15,14.885163307189941
2021-04-16,14.963212966918945
2021-04-19,15.199421882629395
2021-04-20,14.946783065795898
2021-04-22,14.996077537536621
2021-04-23,14.948836326599121
2021-04-26,15.065913200378418
2021-04-27,14.985806465148926
2021-04-28,15.166557312011719
2021-04-29,14.944729804992676
2021-04-30,14.585284233093262
2021-05-03,14.56885051727295
2021-05-04,14.41890811920166
2021-05-05,14.550366401672363
2021-05-06,15.178881645202637
2021-05-07,15.238445281982422
2021-05-10,15.353471755981445
2021-05-11,15.636920928955078
2021-05-12,15.267204284667969
2021-05-13,14.81121826171875
2021-05-14,14.587335586547852
2021-05-17,14.905704498291016
2021-05-18,14.938567161560059
2021-05-19,14.618148803710938
2021-05-20,14.505179405212402
2021-05-21,14.402478218078613
2021-05-24,14.367562294006348
2021-05-25,13.997844696044922
2021-05-26,14.223782539367676
2021-05-27,14.28334903717041
2021-05-28,14.36139965057373
2021-05-31,14.626362800598145
2021-06-01,14.745492935180664
2021-06-02,14.936511993408203
2021-06-04,14.577068328857422
2021-06-07,14.410694122314453
2021-06-08,14.166269302368164
2021-06-09,14.41890811920166
2021-06-10,14.425071716308594
2021-06-11,14.605822563171387
2021-06-14,14.589388847351074
2021-06-15,14.336753845214844
2021-06-16,13.819148063659668
2021-06-17,13.543916702270508
2021-06-18,13.75958251953125
2021-06-21,13.997844696044922
2021-06-22,14.215568542480469
2021-06-23,14.322375297546387
2021-06-24,14.39220905303955
2021-06-25,15.008403778076172
2021-06-28,14.934460639953613
2021-06-29,15.32882308959961
2021-06-30,15.267204284667969
2021-07-01,15.226123809814453
2021-07-02,15.408926010131836
2021-07-05,15.341143608093262
2021-07-06,15.558867454528809
2021-07-07,15.745779991149902
2021-07-08,15.599946022033691
2021-07-12,15.83615493774414
2021-07-13,16.288026809692383
2021-07-14,16.18532943725586
2021-07-15,16.349647521972656
2021-07-16,16.36898422241211
2021-07-19,16.20372772216797
2021-07-20,16.315330505371094
2021-07-21,16.532094955444336
2021-07-22,16.665159225463867
2021-07-23,16.38400650024414
2021-07-26,16.959186553955078
2021-07-27,16.641550064086914
2021-07-28,17.081518173217773
2021-07-29,16.826122283935547
2021-07-30,15.873214721679688
2021-08-02,15.866774559020996
2021-08-03,16.338939666748047
2021-08-04,16.386152267456055
2021-08-05,15.549140930175781
2021-08-06,15.495484352111816
2021-08-09,15.373154640197754
2021-08-10,15.287306785583496
2021-08-11,15.272281646728516
2021-08-12,14.885967254638672
2021-08-13,15.044785499572754
2021-08-16,15.252967834472656
2021-08-17,14.943913459777832
2021-08-18,14.375175476074219
2021-08-19,13.608985900878906
2021-08-20,13.62186336517334
2021-08-23,13.501673698425293
2021-08-24,13.840773582458496
2021-08-25,13.767802238464355
2021-08-26,13.583230018615723
2021-08-27,13.815018653869629
2021-08-30,13.750633239746094
2021-08-31,13.553183555603027
2021-09-01,13.469480514526367
2021-09-02,13.385781288146973
2021-09-03,13.426558494567871
2021-09-06,13.312808990478516
2021-09-08,12.967275619506836
2021-09-09,12.917912483215332
2021-09-10,12.92005729675293
2021-09-13,12.960835456848145
2021-09-14,13.014490127563477
2021-09-15,13.694829940795898
2021-09-16,13.192625999450684
2021-09-17,12.714024543762207
2021-09-20,12.156014442443848
2021-09-21,12.236961364746094
2021-09-22,12.750872611999512
2021-09-23,13.085403442382812
2021-09-24,12.952075958251953
2021-09-27,12.949649810791016
2021-09-28,12.219992637634277
2021-09-29,12.38725471496582
2021-09-30,12.670877456665039
2021-10-01,12.658758163452148
2021-10-04,12.377558708190918
2021-10-05,12.16666030883789
2021-10-06,12.370287895202637
2021-10-07,12.73875617980957
2021-10-08,12.925409317016602
2021-10-11,13.267212867736816
2021-10-13,13.080554962158203
2021-10-14,13.070855140686035
2021-10-15,13.356904983520508
2021-10-18,13.141157150268555
2021-10-19,12.893896102905273
2021-10-20,12.605425834655762
2021-10-21,12.27574634552002
2021-10-22,12.484221458435059
2021-10-25,12.76056957244873
2021-10-26,12.57876205444336
2021-10-27,12.304834365844727
2021-10-28,12.135147094726562
2021-10-29,11.795770645141602
2021-11-01,12.120601654052734
2021-11-03,11.206709861755371
2021-11-04,11.136409759521484
2021-11-05,10.884300231933594
2021-11-08,11.301248550415039
2021-11-09,11.102472305297852
2021-11-10,11.10004997253418
2021-11-11,11.720623970031738
2021-11-12,11.684264183044434
2021-11-16,11.453969955444336
2021-11-17,11.383670806884766
2021-11-18,10.891573905944824
2021-11-19,11.14610481262207
2021-11-22,11.643051147460938
2021-11-23,11.912128448486328
2021-11-24,12.074544906616211
2021-11-25,12.130298614501953
2021-11-26,11.834555625915527
2021-11-29,11.92667293548584
2021-11-30,12.060001373291016
2021-12-01,12.103633880615234
2021-12-02,12.70724105834961
2021-12-03,12.532702445983887
2021-12-06,12.976316452026367
2021-12-07,13.073282241821289
2021-12-08,13.032072067260742
2021-12-09,12.930256843566895
2021-12-10,12.976316452026367
2021-12-13,13.349632263183594
2021-12-14,13.327815055847168
2021-12-15,13.221155166625977
2021-12-16,13.521743774414062
2021-12-17,13.604010581970215
2021-12-20,13.127814292907715
2021-12-21,13.85680866241455
2021-12-22,14.009662628173828
2021-12-23,14.115486145019531
2021-12-27,14.491742134094238
2021-12-28,14.403554916381836
2021-12-29,14.39767837524414
2021-12-30,14.691628456115723
2022-01-03,14.491742134094238
2022-01-04,14.626957893371582
2022-01-05,14.662235260009766
2022-01-06,15.079643249511719
2022-01-07,15.67342472076416
2022-01-10,15.667542457580566
2022-01-11,16.043800354003906
2022-01-12,16.308353424072266
2022-01-13,16.096710205078125
2022-01-14,16.17901611328125
2022-01-17,16.090829849243164
2022-01-18,16.378902435302734
2022-01-19,16.878620147705078
2022-01-20,16.649335861206055
2022-01-21,16.255441665649414
2022-01-24,15.785123825073242
2022-01-25,15.932099342346191
2022-01-26,15.92621898651123
2022-01-27,15.873307228088379
2022-01-28,15.943857192993164
2022-01-31,15.77336311340332
2022-02-01,16.349506378173828
2022-02-02,16.53763771057129
2022-02-03,16.549392700195312
2022-02-04,16.902132034301758
2022-02-07,17.348936080932617
2022-02-08,17.5488224029541
2022-02-09,17.75459098815918
2022-02-10,18.18375587463379
2022-02-11,18.383642196655273
2022-02-14,18.254302978515625
2022-02-15,17.584095001220703
2022-02-16,17.554702758789062
2022-02-17,17.013835906982422
2022-02-18,17.078500747680664
2022-02-21,17.419483184814453
2022-02-22,17.319541931152344
2022-02-23,16.943286895751953
2022-02-24,17.049108505249023
2022-02-25,17.70755958557129
2022-03-02,18.865720748901367
2022-03-03,19.283130645751953
2022-03-04,20.241409301757812
2022-03-07,20.97040367126465
2022-03-08,20.370746612548828
2022-03-09,19.98273277282715
2022-03-10,20.406017303466797
2022-03-11,20.16497802734375
2022-03-14,19.45949935913086
2022-03-15,19.28900909423828
2022-03-16,19.7416934967041
2022-03-17,20.35310935974121
2022-03-18,20.699968338012695
2022-03-21,21.423086166381836
2022-03-22,21.035072326660156
2022-03-23,20.78227424621582
2022-03-24,20.34134864807129
2022-03-25,19.794601440429688
2022-03-28,19.776966094970703
2022-03-29,19.353675842285156
2022-03-30,19.59471893310547
2022-03-31,19.447742462158203
2022-04-01,20.006248474121094
2022-04-04,20.035642623901367
2022-04-05,19.724056243896484
2022-04-06,19.829877853393555
2022-04-07,19.694660186767578
2022-04-08,19.312524795532227
2022-04-11,19.206703186035156
2022-04-12,19.006820678710938
2022-04-13,18.977418899536133
2022-04-14,19.14203453063965
2022-04-18,18.74814224243164
2022-04-19,18.30133628845215
2022-04-20,17.9544734954834
2022-04-22,17.278390884399414
2022-04-25,16.96092414855957
2022-04-26,16.649335861206055
2022-04-27,17.243114471435547
2022-04-28,17.61349105834961
2022-04-29,17.219600677490234
2022-05-02,17.01247787475586
2022-05-03,17.142955780029297
2022-05-04,17.267230987548828
2022-05-05,17.198881149291992
2022-05-06,16.900634765625
2022-05-09,16.285499572753906
2022-05-10,15.875410079956055
2022-05-11,16.52782440185547
2022-05-12,16.397342681884766
2022-05-13,16.478118896484375
2022-05-16,16.857141494750977
2022-05-17,16.913063049316406
2022-05-18,16.291717529296875
2022-05-19,16.565109252929688
2022-05-20,16.93170166015625
2022-05-23,17.205093383789062
2022-05-24,17.30451011657715
2022-05-25,17.434993743896484
2022-05-26,17.34178924560547
2022-05-27,17.47227668762207
2022-05-30,17.646249771118164
2022-05-31,17.758092880249023
2022-06-01,18.1495418548584
2022-06-02,18.870304107666016
2022-06-03,18.57827377319336
2022-06-06,18.721181869506836
2022-06-07,18.9635066986084
2022-06-08,18.503707885742188
2022-06-09,17.975566864013672
2022-06-10,17.94449806213379
2022-06-13,17.298297882080078
2022-06-14,17.03733253479004
2022-06-15,17.03733253479004
2022-06-17,16.310354232788086
2022-06-20,15.918907165527344
2022-06-21,16.148805618286133
2022-06-22,15.713861465454102
2022-06-23,15.266491889953613
2022-06-24,15.639304161071777
2022-06-27,16.19851303100586
2022-06-28,16.37248992919922
2022-06-29,16.335208892822266
2022-06-30,15.682793617248535
2022-07-01,15.403189659118652
2022-07-04,15.309983253479004
2022-07-05,15.316200256347656
2022-07-06,15.428041458129883
2022-07-07,15.794636726379395
2022-07-08,15.633087158203125
2022-07-11,15.04902172088623
2022-07-12,14.88125991821289
2022-07-13,14.620293617248535
2022-07-14,13.824966430664062
2022-07-15,13.818754196166992
2022-07-18,14.061079025268555
2022-07-19,14.042438507080078
2022-07-20,13.800111770629883
2022-07-21,13.936810493469238
2022-07-22,13.874674797058105
2022-07-25,14.061079025268555
2022-07-26,14.042438507080078
2022-07-27,14.030012130737305
2022-07-28,14.216414451599121
2022-07-29,13.967875480651855
2022-08-01,13.588854789733887
2022-08-02,13.949236869812012
2022-08-03,13.545360565185547
2022-08-04,13.7379789352417
2022-08-05,13.943023681640625
2022-08-08,13.943023681640625
2022-08-09,14.042438507080078
2022-08-10,14.222628593444824
2022-08-11,14.48980712890625
2022-08-12,14.601653099060059
2022-08-15,14.315832138061523
2022-08-16,14.63271713256836
2022-08-17,14.452526092529297
2022-08-18,14.365540504455566
2022-08-19,14.160496711730957
2022-08-22,13.943023681640625
2022-08-23,14.694853782653809
2022-08-24,14.33446979522705
2022-08-25,14.607864379882812
2022-08-26,14.346901893615723
2022-08-29,14.210204124450684
2022-08-30,13.694485664367676
2022-08-31,13.60128116607666
2022-09-01,13.35895824432373
2022-09-02,13.464585304260254
2022-09-05,13.818754196166992
2022-09-06,13.43351936340332
2022-09-08,13.526721000671387
2022-09-09,14.483597755432129
2022-09-12,14.564369201660156
2022-09-13,14.253697395324707
2022-09-14,14.011371612548828
2022-09-15,14.20398998260498
2022-09-16,14.079719543457031
2022-09-19,14.48980712890625
2022-09-20,14.309619903564453
2022-09-21,14.179133415222168
2022-09-22,14.433886528015137
2022-09-23,14.135641098022461
2022-09-26,14.042438507080078
2022-09-27,13.967875480651855
2022-09-28,14.067290306091309
2022-09-29,14.061079025268555
2022-09-30,14.763201713562012
2022-10-03,15.086299896240234
2022-10-04,15.546098709106445
2022-10-05,15.875410079956055
2022-10-06,15.894050598144531
2022-10-07,15.92512035369873
2022-10-10,15.53988265991211
2022-10-11,15.471535682678223
2022-10-13,15.465323448181152
2022-10-14,15.067660331726074
2022-10-17,15.191932678222656
2022-10-18,15.409400939941406
2022-10-19,15.254066467285156
2022-10-20,15.409400939941406
2022-10-21,15.850557327270508
2022-10-24,15.608232498168945
2022-10-25,15.639304161071777
2022-10-26,15.856769561767578
2022-10-27,15.334839820861816
2022-10-28,14.825338363647461
2022-10-31,14.918538093566895
2022-11-01,15.32241439819336
2022-11-03,15.005526542663574
2022-11-04,15.9313325881958
2022-11-07,15.887840270996094
2022-11-08,16.266862869262695
2022-11-09,16.179874420166016
2022-11-10,16.215578079223633
2022-11-11,17.482730865478516
2022-11-14,17.753318786621094
2022-11-16,18.136106491088867
2022-11-17,18.136106491088867
2022-11-18,17.872114181518555
2022-11-21,17.528926849365234
2022-11-22,17.634523391723633
2022-11-23,17.779720306396484
2022-11-24,17.898515701293945
2022-11-25,17.680721282958984
2022-11-28,17.68732452392578
2022-11-29,18.413293838500977
2022-11-30,18.677282333374023
2022-12-01,18.974275588989258
2022-12-02,19.231660842895508
2022-12-05,19.205263137817383
2022-12-06,19.469255447387695
2022-12-07,18.868677139282227
2022-12-08,19.09967041015625
2022-12-09,19.845436096191406
2022-12-12,19.19206428527832
2022-12-13,19.18546485900879
2022-12-14,19.44945526123047
2022-12-15,19.508852005004883
2022-12-16,19.19866180419922
2022-12-19,18.980871200561523
2022-12-20,19.205263137817383
2022-12-21,19.44285011291504
2022-12-22,19.34385871887207
2022-12-23,19.40985679626465
2022-12-26,19.43625259399414
2022-12-27,19.901466369628906
2022-12-28,19.934656143188477
2022-12-29,19.728870391845703
2023-01-02,19.768699645996094
2023-01-03,19.622657775878906
2023-01-04,19.808530807495117
2023-01-05,20.299760818481445
2023-01-06,20.37278175354004
2023-01-09,20.62503433227539
2023-01-10,21.049880981445312
2023-01-11,21.083072662353516
2023-01-12,21.209199905395508
2023-01-13,21.069799423217773
2023-01-16,20.651588439941406
2023-01-17,20.790990829467773
2023-01-18,21.043243408203125
2023-01-19,21.182645797729492
2023-01-20,21.262304306030273
2023-01-23,20.990140914916992
2023-01-24,21.229116439819336
2023-01-25,21.395071029663086
2023-01-26,21.81328010559082
2023-01-27,21.24239158630371
2023-01-30,21.136180877685547
2023-01-31,21.176006317138672
2023-02-01,20.83745765686035
2023-02-02,20.020952224731445
2023-02-03,20.087337493896484
2023-02-06,19.808530807495117
2023-02-07,19.828445434570312
2023-02-08,19.80189323425293
2023-02-09,19.675764083862305
2023-02-10,19.091598510742188
2023-02-13,19.237640380859375
2023-02-14,19.058408737182617
2023-02-15,19.31066131591797
2023-02-16,19.39031982421875
2023-02-17,19.284107208251953
2023-02-22,18.879175186157227
2023-02-23,18.839344024658203
2023-02-24,18.37466812133789
2023-02-27,18.328203201293945
2023-02-28,18.361392974853516
2023-03-01,19.1380672454834
2023-03-02,18.96547508239746
2023-03-03,19.19780921936035
2023-03-06,18.932281494140625
2023-03-07,18.57381820678711
2023-03-08,18.77296257019043
2023-03-09,18.328203201293945
2023-03-10,18.089223861694336
2023-03-13,18.20207405090332
2023-03-14,18.25518035888672
2023-03-15,17.777225494384766
2023-03-16,17.730758666992188
2023-03-17,17.80377769470215
2023-03-20,17.963098526000977
2023-03-21,17.66437530517578
2023-03-22,17.597993850708008
2023-03-23,17.073572158813477
2023-03-24,17.066932678222656
2023-03-27,17.066932678222656
2023-03-28,17.37229347229004
2023-03-29,17.591352462768555
2023-03-30,17.996288299560547
2023-03-31,17.80377769470215
2023-04-03,17.843605041503906
2023-04-04,17.53824806213379
2023-04-05,17.073572158813477
2023-04-06,17.305912017822266
2023-04-10,17.48514175415039
2023-04-11,18.182159423828125
2023-04-12,17.996288299560547
2023-04-13,17.757312774658203
2023-04-14,17.6710147857666
2023-04-17,17.48514175415039
2023-04-18,17.737398147583008
2023-04-19,17.23288917541504
2023-04-20,16.9739990234375
2023-04-24,16.26370620727539
2023-04-25,15.878687858581543
2023-04-26,16.03800392150879
2023-04-27,16.30353546142578
2023-04-28,16.565683364868164
2023-05-02,15.775843620300293
2023-05-03,15.684976577758789
2023-05-04,15.111818313598633
2023-05-05,15.712933540344238
2023-05-08,15.950586318969727
2023-05-09,15.971552848815918
2023-05-10,15.845741271972656
2023-05-11,15.43334674835205
2023-05-12,15.230643272399902
2023-05-15,15.587116241455078
2023-05-16,15.419365882873535
2023-05-17,16.006505966186523
2023-05-18,16.03446388244629
2023-05-19,15.894669532775879
2023-05-22,15.775843620300293
2023-05-23,15.30752944946289
2023-05-24,15.006970405578613
2023-05-25,14.97202205657959
2023-05-26,15.391407012939453
2023-05-29,15.391407012939453
2023-05-30,14.979011535644531
2023-05-31,14.881156921386719
2023-06-01,15.048910140991211
2023-06-02,15.684976577758789
2023-06-05,15.608089447021484
2023-06-06,15.650026321411133
2023-06-07,15.705946922302246
2023-06-09,15.936606407165527
2023-06-12,15.76186466217041
2023-06-13,15.86671257019043
2023-06-14,16.46782684326172
2023-06-15,16.55170440673828
2023-06-16,16.516754150390625
2023-06-19,16.586650848388672
2023-06-20,16.328033447265625
2023-06-21,16.223182678222656
2023-06-22,16.03446388244629
2023-06-23,15.957575798034668
2023-06-26,16.041452407836914
2023-06-27,16.062421798706055
2023-06-28,15.468295097351074
2023-06-29,15.650026321411133
2023-06-30,15.524211883544922
2023-07-03,15.51722240447998
2023-07-04,15.454315185546875
2023-07-05,15.419365882873535
2023-07-06,15.34248161315918
2023-07-07,15.475282669067383
2023-07-10,15.2725830078125
2023-07-11,15.594111442565918
2023-07-12,15.670995712280273
2023-07-13,15.950586318969727
2023-07-14,15.957575798034668
2023-07-17,15.817779541015625
2023-07-18,15.894669532775879
2023-07-19,15.726914405822754
2023-07-20,15.789822578430176
2023-07-21,15.908646583557129
2023-07-24,16.27910614013672
2023-07-25,16.894201278686523
2023-07-26,16.852264404296875
2023-07-27,16.621601104736328
2023-07-28,16.11834144592285
2023-07-31,16.418899536132812
2023-08-01,16.35599136352539
2023-08-02,16.146299362182617
2023-08-03,16.195228576660156
2023-08-04,16.258134841918945
2023-08-07,16.300073623657227
2023-08-08,16.11834144592285
2023-08-09,16.02747344970703
2023-08-10,15.922627449035645
2023-08-11,15.880687713623047
2023-08-14,15.30053997039795
2023-08-15,14.965034484863281
2023-08-16,14.825235366821289
2023-08-17,15.034932136535645
2023-08-18,14.895134925842285
2023-08-21,14.909117698669434
2023-08-22,15.181715965270996
2023-08-23,15.377429962158203
2023-08-24,15.076868057250977
2023-08-25,15.034932136535645
2023-08-28,15.23763370513916
2023-08-29,15.705946922302246
2023-08-30,15.76186466217041
2023-08-31,15.726914405822754
2023-09-01,16.516754150390625
2023-09-04,16.740428924560547
2023-09-05,16.53073501586914
2023-09-06,16.342012405395508
2023-09-08,15.978548049926758
2023-09-11,15.768852233886719
2023-09-12,15.796812057495117
2023-09-13,15.69196605682373
2023-09-14,16.502777099609375
2023-09-15,16.6425724029541
2023-09-18,16.188236236572266
2023-09-19,16.146299362182617
2023-09-20,16.342012405395508
2023-09-21,15.852731704711914
2023-09-22,15.880687713623047
2023-09-25,15.552169799804688
2023-09-26,15.391407012939453
2023-09-27,15.314518928527832
2023-09-28,15.608089447021484
2023-09-29,15.880687713623047
2023-10-02,15.698955535888672
2023-10-03,15.538192749023438
2023-10-04,15.23763370513916
2023-10-05,15.286561012268066
2023-10-06,15.370437622070312
2023-10-09,15.384415626525879
2023-10-10,15.412375450134277
2023-10-11,15.594111442565918
2023-10-13,15.251612663269043
2023-10-16,15.426355361938477
2023-10-17,15.468295097351074
2023-10-18,15.083856582641602
2023-10-19,14.867179870605469
2023-10-20,14.43381404876709
2023-10-23,14.461771965026855
2023-10-24,14.797280311584473
2023-10-25,14.622535705566406
2023-10-26,14.965034484863281
2023-10-27,15.30053997039795
2023-10-30,15.503244400024414
2023-10-31,15.615078926086426
2023-11-01,16.432878494262695
2023-11-03,16.845273971557617
2023-11-06,16.999048233032227
2023-11-07,16.922161102294922
2023-11-08,16.845273971557617
2023-11-09,16.873231887817383
2023-11-10,17.18777084350586
2023-11-13,17.124862670898438
2023-11-14,17.73297119140625
2023-11-16,17.90771484375
2023-11-17,17.928682327270508
2023-11-20,18.38301658630371
2023-11-21,18.844337463378906
2023-11-22,18.542566299438477
2023-11-23,18.325475692749023
2023-11-24,18.19072723388672
2023-11-27,18.273073196411133
2023-11-28,18.295530319213867
2023-11-29,18.070953369140625
2023-11-30,18.265588760375977
2023-12-01,18.50513458251953
2023-12-04,18.33296012878418
2023-12-05,18.265588760375977
2023-12-06,18.10838508605957
2023-12-07,18.093412399291992
2023-12-08,18.183244705200195
2023-12-11,18.19821548461914
2023-12-12,18.15329933166504
2023-12-13,18.243131637573242
2023-12-14,18.347932815551758
2023-12-15,18.273073196411133
2023-12-18,18.415306091308594
2023-12-19,18.684797286987305
2023-12-20,18.602453231811523
2023-12-21,19.036636352539062
2023-12-22,19.036636352539062
2023-12-26,19.08903694152832
2023-12-27,19.17886734008789
2023-12-28,19.208810806274414
2024-01-02,19.021663665771484
2024-01-03,19.04412078857422
2024-01-04,18.86446189880371
2024-01-05,18.624910354614258
2024-01-08,18.535079956054688
2024-01-09,18.288043975830078
2024-01-10,18.00358009338379
2024-01-11,18.026039123535156
2024-01-12,17.936208724975586
2024-01-15,17.86134910583496
2024-01-16,17.659231185913086
2024-01-17,17.30739402770996
2024-01-18,17.284934997558594
2024-01-19,17.052873611450195
2024-01-22,16.903154373168945
2024-01-23,17.322362899780273
2024-01-24,17.502029418945312
2024-01-25,17.25499153137207
2024-01-26,17.382251739501953
2024-01-29,17.232534408569336
2024-01-30,17.150188446044922
2024-01-31,17.060359954833984
2024-02-01,16.723493576049805
2024-02-02,16.45400047302246
2024-02-05,16.379140853881836
2024-02-06,16.723493576049805
2024-02-07,16.775896072387695
2024-02-08,16.588747024536133
2024-02-09,16.41657257080078
2024-02-14,16.40159797668457
2024-02-15,16.3566837310791
2024-02-16,16.65612030029297
2024-02-19,16.581260681152344
2024-02-20,16.22193717956543
2024-02-21,16.12462043762207
2024-02-22,16.304285049438477
2024-02-23,16.296798706054688
2024-02-26,15.967415809631348
2024-02-27,16.199480056762695
2024-02-28,15.967415809631348
2024-02-29,15.870101928710938
2024-03-01,15.600610733032227
2024-03-04,15.473349571228027
2024-03-05,15.563179969787598
2024-03-06,15.391002655029297
2024-03-07,15.503290176391602
2024-03-08,15.383517265319824
2024-03-11,15.114026069641113
2024-03-12,15.099054336547852
2024-03-13,15.08408260345459
2024-03-14,15.05413818359375
2024-03-15,14.59749984741211
2024-03-18,15.08408260345459
2024-03-19,15.22631549835205
2024-03-20,15.413461685180664
2024-03-21,15.405976295471191
2024-03-22,15.196369171142578
2024-03-25,15.188884735107422
2024-03-26,15.061625480651855
2024-03-27,15.278717041015625
2024-03-28,15.413461685180664
2024-04-01,15.540722846984863
2024-04-02,15.667984008789062
2024-04-03,15.600610733032227
2024-04-04,15.488319396972656
2024-04-05,15.286201477050781
2024-04-08,15.8850736618042
2024-04-09,15.855130195617676
2024-04-10,15.600610733032227
2024-04-11,15.593122482299805
2024-04-12,15.443403244018555
2024-04-15,15.630549430847168
2024-04-16,15.293686866760254
2024-04-17,15.458375930786133
2024-04-18,15.435920715332031
2024-04-19,15.862615585327148
2024-04-22,15.832669258117676
2024-04-23,15.712898254394531
2024-04-24,15.81769847869873
2024-04-25,15.667984008789062
2024-04-26,15.772782325744629
2024-04-29,16.06473159790039
2024-04-30,15.789423942565918
2024-05-02,16.011249542236328
2024-05-03,16.0270938873291
2024-05-06,16.082551956176758
2024-05-07,16.1063232421875
2024-05-08,16.011249542236328
2024-05-09,16.06671142578125
2024-05-10,15.924105644226074
2024-05-13,15.947872161865234
2024-05-14,15.805269241333008
2024-05-15,15.789423942565918
2024-05-16,15.821112632751465
2024-05-17,15.963716506958008
2024-05-20,15.924105644226074
2024-05-21,16.011249542236328
2024-05-22,15.900337219238281
2024-05-23,15.836958885192871
2024-05-24,15.844881057739258
2024-05-27,15.955795288085938
2024-05-28,15.686430931091309
2024-05-29,15.377457618713379
2024-05-31,15.211085319519043
2024-06-03,14.886268615722656
2024-06-04,14.775351524353027
2024-06-05,14.537678718566895
2024-06-06,14.696126937866211
2024-06-07,14.482221603393555
2024-06-10,14.529753684997559
2024-06-11,14.553523063659668
2024-06-12,14.387151718139648
2024-06-13,14.450530052185059
2024-06-14,14.268315315246582
2024-06-17,14.125711441040039
2024-06-18,14.173245429992676
2024-06-19,14.260393142700195
2024-06-20,14.442609786987305
2024-06-21,14.236623764038086
2024-06-24,14.300003051757812
2024-06-25,14.204936027526855
2024-06-26,14.418840408325195
2024-06-27,14.466375350952148
2024-06-28,14.664437294006348
2024-07-01,14.925878524780273
2024-07-02,14.862497329711914
2024-07-03,15.17147159576416
2024-07-04,15.250696182250977
2024-07-05,15.147706985473633
2024-07-08,15.044713973999023
2024-07-09,15.131860733032227
2024-07-10,15.028867721557617
2024-07-11,15.17939567565918
2024-07-12,15.242774963378906
2024-07-15,15.417067527770996
2024-07-16,15.401222229003906
2024-07-17,15.440835952758789
2024-07-18,14.9892578125
2024-07-19,14.997179985046387
2024-07-22,14.973411560058594
2024-07-23,14.767427444458008
2024-07-24,14.656514167785645
2024-07-25,14.601058006286621
2024-07-26,14.711971282958984
2024-07-29,14.624825477600098
2024-07-30,14.402997016906738
2024-07-31,14.672361373901367
2024-08-01,14.402997016906738
2024-08-02,14.252470016479492
2024-08-05,14.141555786132812
2024-08-06,14.236623764038086
2024-08-07,14.173245429992676
2024-08-08,14.276236534118652
2024-08-09,14.315847396850586
2024-08-12,14.395074844360352
2024-08-13,14.410920143127441
2024-08-14,14.307927131652832
2024-08-15,14.561445236206055
2024-08-16,14.474299430847168
2024-08-19,14.799118041992188
2024-08-20,14.91003131866455
2024-08-21,15.116015434265137
2024-08-22,15.116015434265137
2024-08-23,14.965489387512207
2024-08-26,15.084327697753906
2024-08-27,15.488370895385742
2024-08-28,15.290307998657227
2024-08-29,15.274466514587402
2024-08-30,15.4249906539917
2024-09-02,15.17939567565918
2024-09-03,14.593135833740234
2024-09-04,14.91003131866455
2024-09-05,14.925878524780273
2024-09-06,14.704049110412598
2024-09-09,14.640670776367188
2024-09-10,14.545600891113281
2024-09-11,14.83080768585205
2024-09-12,14.83080768585205
2024-09-13,14.917954444885254
2024-09-16,14.925878524780273
2024-09-17,14.90211009979248
2024-09-18,14.696126937866211
2024-09-19,14.814964294433594
2024-09-20,14.466375350952148
2024-09-23,14.482221603393555
2024-09-24,15.108092308044434
2024-09-25,15.226929664611816
2024-09-26,16.209312438964844
2024-09-27,16.082551956176758
2024-09-30,16.019174575805664
2024-10-01,16.0270938873291
2024-10-02,16.06671142578125
2024-10-03,15.710199356079102
2024-10-04,15.623051643371582
2024-10-07,15.718122482299805
2024-10-08,15.337846755981445
2024-10-09,15.16355037689209
2024-10-10,15.226929664611816
2024-10-11,15.409147262573242
2024-10-14,15.409147262573242
2024-10-15,15.211085319519043
2024-10-16,15.4249906539917
2024-10-17,15.108092308044434
2024-10-18,15.036792755126953
2024-10-21,15.052638053894043
2024-10-22,15.116015434265137
2024-10-23,14.814964294433594
2024-10-24,14.90211009979248
2024-10-25,15.35368824005127
2024-10-28,15.623051643371582
2024-10-29,15.607208251953125
2024-10-30,15.615128517150879
2024-10-31,15.559671401977539
2024-11-01,15.662666320800781
2024-11-04,15.932028770446777
2024-11-05,15.765655517578125
2024-11-06,15.575518608093262
2024-11-07,16.019174575805664
2024-11-08,15.337846755981445
2024-11-11,15.052638053894043
2024-11-12,14.704049110412598
2024-11-13,14.669659614562988
2024-11-14,14.669659614562988
2024-11-18,14.802868843078613
2024-11-19,14.861148834228516
2024-11-21,14.802868843078613
2024-11-22,15.027657508850098
2024-11-25,15.035984992980957
2024-11-26,14.977705955505371
2024-11-27,15.185844421386719
2024-11-28,15.019335746765137
2024-11-29,15.360682487487793
2024-12-02,15.302404403686523
2024-12-03,15.11091423034668
2024-12-04,14.694637298583984
2024-12-05,14.81951904296875
2024-12-06,14.553101539611816
2024-12-09,15.277427673339844
2024-12-10,15.302404403686523
2024-12-11,15.235797882080078
2024-12-12,14.886123657226562
2024-12-13,14.578079223632812
2024-12-16,14.453195571899414
2024-12-17,14.553101539611816
2024-12-18,14.319986343383789
2024-12-19,14.211751937866211
2024-12-20,14.211939811706543
2024-12-23,14.110787391662598
2024-12-26,14.093927383422852
2024-12-27,14.001206398010254
2024-12-30,13.975915908813477
2025-01-02,13.900052070617676
2025-01-03,13.50387191772461
2025-01-06,13.546018600463867
2025-01-07,13.411148071289062
2025-01-08,13.183554649353027
2025-01-09,13.149837493896484
2025-01-10,13.259418487548828
2025-01-13,13.090831756591797
2025-01-14,13.242560386657715
2025-01-15,13.50387191772461
2025-01-16,13.689316749572754
2025-01-17,14.060211181640625
2025-01-20,14.077069282531738
2025-01-21,14.043352127075195
2025-01-22,13.756752967834473
2025-01-23,13.680888175964355
2025-01-24,13.739892959594727
2025-01-27,13.891622543334961
2025-01-28,13.655600547790527
2025-01-29,13.739892959594727
2025-01-30,14.270946502685547
2025-01-31,14.034921646118164
2025-02-03,14.026493072509766
2025-02-04,13.94219970703125
2025-02-05,13.950627326965332
2025-02-06,14.186650276184082
2025-02-07,14.119216918945312
2025-02-10,14.152935028076172
2025-02-11,14.195080757141113
2025-02-12,14.009634971618652
2025-02-13,14.077069282531738
2025-02-14,14.270946502685547
2025-02-17,14.195080757141113
2025-02-18,14.22879695892334
2025-02-19,14.203510284423828
2025-02-20,14.574403762817383
2025-02-21,14.717702865600586
2025-02-24,14.60811996459961
2025-02-25,14.473251342773438
2025-02-26,14.43110466003418
2025-02-27,14.28780460357666
2025-02-28,13.992775917053223
2025-03-05,14.127645492553711
2025-03-06,14.203510284423828
2025-03-07,14.447961807250977
2025-03-10,14.211939811706543
2025-03-11,14.304661750793457
2025-03-12,14.093927383422852
2025-03-13,14.355239868164062
2025-03-14,14.751420974731445
2025-03-17,14.96215534210205
2025-03-18,15.004300117492676
2025-03-19,14.95372486114502
2025-03-20,14.97058391571045
2025-03-21,15.113883972167969
2025-03-24,15.223464965820312
2025-03-25,15.282471656799316
2025-03-26,15.37519359588623
2025-03-27,15.493206024169922
2025-03-28,15.366765022277832
2025-03-31,15.097023963928223
2025-04-01,15.215034484863281
2025-04-02,15.06330680847168
2025-04-03,14.60811996459961
2025-04-04,14.085497856140137
2025-04-07,13.92534065246582
2025-04-08,13.402718544006348
2025-04-09,14.093927383422852
2025-04-10,14.245656967163086
2025-04-11,14.473251342773438
2025-04-14,14.700843811035156
2025-04-15,14.43110466003418
2025-04-16,14.178220748901367
2025-04-17,14.329950332641602
2025-04-22,14.557544708251953
2025-04-23,14.793566703796387
2025-04-24,15.113883972167969
2025-04-25,14.82728385925293
2025-04-28,14.782559394836426
2025-04-29,14.702509880065918
2025-04-30,14.40009880065918
2025-05-02,14.435675621032715
2025-05-05,14.364520072937012
2025-05-06,14.328943252563477
2025-05-07,14.275575637817383
2025-05-08,14.302258491516113
2025-05-09,14.382308959960938
2025-05-12,14.773665428161621
2025-05-13,14.907081604003906
2025-05-14,14.942658424377441
2025-05-15,15.00492000579834
2025-05-16,15.084968566894531
2025-05-19,15.049391746520996
2025-05-20,15.049391746520996
2025-05-21,14.827031135559082
2025-05-22,14.34673023223877
2025-05-23,14.320048332214355
2025-05-26,14.159948348999023
2025-05-27,14.079898834228516
2025-05-28,14.071002960205078
2025-05-29,14.195526123046875
2025-05-30,13.875326156616211
2025-06-02,13.919797897338867
2025-06-03,13.919797897338867
2025-06-04,14.008743286132812
2025-06-05,13.999848365783691
2025-06-06,14.115476608276367
2025-06-09,14.115476608276367
2025-06-10,14.168843269348145
2025-06-11,14.097687721252441
2025-06-12,14.115476608276367
2025-06-13,13.884221076965332
2025-06-16,14.213314056396484
2025-06-17,13.786381721496582
2025-06-18,13.626280784606934
2025-06-20,13.403921127319336
2025-06-23,13.466182708740234
2025-06-24,13.492865562438965
2025-06-25,13.430603981018066
2025-06-26,13.741909980773926
2025-06-27,13.884221076965332
2025-06-30,13.964269638061523
2025-07-01,14.133264541625977
2025-07-02,14.658036231994629
2025-07-03,14.649142265319824
2025-07-04,14.66693115234375
2025-07-07,14.524620056152344
2025-07-08,14.542409896850586
2025-07-09,14.373414993286133
2025-07-10,14.720296859741211
2025-07-11,14.818137168884277
2025-07-14,14.631354331970215
2025-07-15,14.284470558166504
2025-07-16,14.34673023223877
2025-07-17,14.34673023223877
2025-07-18,14.40009880065918
2025-07-21,14.746980667114258
2025-07-22,15.067182540893555
2025-07-23,15.10275936126709
2025-07-24,14.915975570678711
2025-07-25,14.693614959716797
2025-07-28,14.462359428405762
2025-07-29,14.408992767333984
2025-07-30,14.142159461975098
2025-07-31,13.999848365783691
2025-08-01,13.964269638061523
2025-08-04,14.106581687927246
2025-08-05,14.06210994720459
2025-08-06,13.94648265838623
2025-08-07,14.026532173156738
2025-08-08,14.239997863769531
2025-08-11,14.266682624816895
2025-08-12,14.533514976501465
2025-08-13,14.364520072937012
2025-08-14,14.06210994720459
2025-08-15,14.071002960205078
2025-08-18,14.124370574951172
2025-08-19,14.071002960205078
2025-08-20,13.964269638061523
2025-08-21,14.044320106506348
2025-08-22,14.34673023223877
2025-08-25,14.284470558166504
2025-08-26,14.382308959960938
2025-08-27,14.471253395080566
2025-08-28,14.542409896850586
2025-08-29,14.569091796875
2025-09-01,14.622459411621094
2025-09-02,14.533514976501465
2025-09-03,14.533514976501465
2025-09-04,14.66693115234375
2025-09-05,14.7647705078125
2025-09-08,14.907081604003906
2025-09-09,14.835926055908203
2025-09-10,14.80924129486084
2025-09-11,14.924870491027832
2025-09-12,14.996026039123535
2025-09-15,15.022708892822266
2025-09-16,15.10275936126709
2025-09-17,15.182807922363281
2025-09-18,15.227282524108887
2025-09-19,15.191703796386719
2025-09-22,15.200597763061523
2025-09-23,15.253963470458984
2025-09-24,15.191703796386719
2025-09-25,15.271754264831543
2025-09-26,15.040497779846191
2025-09-29,15.093863487243652
2025-09-30,15.058287620544434
2025-10-01,15.138336181640625
2025-10-02,15.262858390808105
2025-10-03,15.262858390808105
2025-10-06,15.458536148071289
2025-10-07,15.253963470458984
2025-10-08,15.24506950378418
2025-10-09,15.17391300201416
2025-10-10,15.209492683410645
2025-10-13,15.396275520324707
2025-10-14,15.316225051879883
2025-10-15,15.396275520324707
2025-10-16,15.334013938903809
2025-10-17,15.325119972229004
2025-10-20,15.636425018310547
2025-10-21,15.56527042388916
2025-10-22,15.725369453430176
2025-10-23,15.636425018310547
2025-10-24,15.680896759033203
2025-10-27,15.787631034851074
2025-10-28,15.876575469970703
2025-10-29,16.143407821655273
2025-10-30,16.187881469726562
2025-10-31,16.490291595458984
2025-11-03,16.935014724731445
2025-11-04,16.801597595214844
2025-11-05,17.050642013549805
2025-11-06,17.05953598022461
2025-11-07,16.703758239746094
2025-11-10,16.81049156188965
2025-11-11,16.828279495239258
2025-11-12,17.050642013549805
2025-11-13,16.952739715576172
2025-11-14,16.952739715576172
2025-11-17,17.054920196533203
2025-11-18,17.073497772216797
2025-11-19,16.943450927734375
2025-11-21,16.989896774291992
2025-11-24,17.157100677490234
2025-11-25,17.333595275878906
2025-11-26,17.78876495361328
2025-11-27,17.705162048339844
2025-11-28,18.04886245727539
2025-12-01,18.234643936157227
2025-12-02,18.55047607421875
2025-12-03,18.894176483154297
2025-12-04,19.247163772583008
2025-12-05,18.6991024017334
2025-12-08,18.680526733398438
2025-12-09,18.77341651916504
2025-12-10,19.126405715942383
2025-12-11,19.293611526489258
2025-12-12,19.414369583129883
2025-12-15,19.878828048706055
2025-12-16,19.88811683654785
2025-12-17,20.15750503540039
2025-12-18,20.270000457763672
2025-12-19,20.219999313354492
2025-12-22,20.59000015258789
2025-12-23,20.299999237060547
2025-12-26,20.489999771118164
2025-12-29,20.0
2025-12-30,19.899999618530273
