date,close
2010-12-01,10.332082748413086
2010-12-02,10.343281745910645
2010-12-03,10.326483726501465
2010-12-06,10.365682601928711
2010-12-07,10.18088150024414
2010-12-08,10.264881134033203
2010-12-09,10.136080741882324
2010-12-10,10.304081916809082
2010-12-13,10.332082748413086
2010-12-14,10.332082748413086
2010-12-15,10.444082260131836
2010-12-16,10.80248737335205
2010-12-17,11.11048698425293
2010-12-20,11.155288696289062
2010-12-21,11.295291900634766
2010-12-22,11.121689796447754
2010-12-23,11.27849006652832
2010-12-27,11.536090850830078
2010-12-28,11.424091339111328
2010-12-29,11.536090850830078
2010-12-30,11.407291412353516
2011-01-03,11.340091705322266
2011-01-04,11.558489799499512
2011-01-05,11.720891952514648
2011-01-06,11.580891609191895
2011-01-07,11.256087303161621
2011-01-10,11.306490898132324
2011-01-11,11.104886054992676
2011-01-12,11.065689086914062
2011-01-13,10.830487251281738
2011-01-14,10.808084487915039
2011-01-17,11.200089454650879
2011-01-18,11.356891632080078
2011-01-19,11.39609146118164
2011-01-20,11.536090850830078
2011-01-21,11.36808967590332
2011-01-24,11.592092514038086
2011-01-26,11.872096061706543
2011-01-27,11.676091194152832
2011-01-28,11.39609146118164
2011-01-31,11.743291854858398
2011-02-01,11.59769058227539
2011-02-02,11.608892440795898
2011-02-03,11.687292098999023
2011-02-04,11.272890090942383
2011-02-07,11.648091316223145
2011-02-08,11.676091194152832
2011-02-09,11.261690139770508
2011-02-10,11.312089920043945
2011-02-11,11.36808967590332
2011-02-14,11.36808967590332
2011-02-15,11.200089454650879
2011-02-16,11.480091094970703
2011-02-17,11.233689308166504
2011-02-18,11.172089576721191
2011-02-21,11.082489967346191
2011-02-22,10.852884292602539
2011-02-23,10.808084487915039
2011-02-24,10.808084487915039
2011-02-25,11.200089454650879
2011-02-28,11.356891632080078
2011-03-01,11.261690139770508
2011-03-02,11.547290802001953
2011-03-03,11.698492050170898
2011-03-04,11.726494789123535
2011-03-09,11.726494789123535
2011-03-10,11.883296012878418
2011-03-11,11.760093688964844
2011-03-14,11.793694496154785
2011-03-15,11.704092979431152
2011-03-16,11.412891387939453
2011-03-17,11.446490287780762
2011-03-18,11.536090850830078
2011-03-21,11.648091316223145
2011-03-22,11.491291999816895
2011-03-23,11.474491119384766
2011-03-24,11.334489822387695
2011-03-25,11.653690338134766
2011-03-28,11.480091094970703
2011-03-29,11.676091194152832
2011-03-30,11.799294471740723
2011-03-31,12.118494033813477
2011-04-01,12.118494033813477
2011-04-04,12.756900787353516
2011-04-05,12.756900787353516
2011-04-06,12.432100296020508
2011-04-07,12.314496994018555
2011-04-08,12.493698120117188
2011-04-11,12.656100273132324
2011-04-12,12.404097557067871
2011-04-13,12.454500198364258
2011-04-14,12.415299415588379
2011-04-15,12.409699440002441
2011-04-18,12.20809555053711
2011-04-19,12.236098289489746
2011-04-20,12.409699440002441
2011-04-25,12.728900909423828
2011-04-26,12.936101913452148
2011-04-27,12.986502647399902
2011-04-28,12.76810073852539
2011-04-29,12.82409954071045
2011-05-02,12.37850284576416
2011-05-03,12.058870315551758
2011-05-04,12.087925910949707
2011-05-05,11.855467796325684
2011-05-06,12.640020370483398
2011-05-09,12.91316032409668
2011-05-10,12.91316032409668
2011-05-11,12.709758758544922
2011-05-12,13.221171379089355
2011-05-13,13.046825408935547
2011-05-16,13.046825408935547
2011-05-17,13.308342933654785
2011-05-18,13.511744499206543
2011-05-19,13.744206428527832
2011-05-20,13.7965087890625
2011-05-23,13.540802955627441
2011-05-24,13.43038272857666
2011-05-25,13.540802955627441
2011-05-26,13.598919868469238
2011-05-27,13.715150833129883
2011-05-30,13.773262977600098
2011-05-31,14.354414939880371
2011-06-01,13.976665496826172
2011-06-02,14.191693305969238
2011-06-03,14.424153327941895
2011-06-06,14.273055076599121
2011-06-07,14.528759956359863
2011-06-08,14.354414939880371
2011-06-09,14.046404838562012
2011-06-10,13.581483840942383
2011-06-13,13.395515441894531
2011-06-14,13.482687950134277
2011-06-15,13.209547996520996
2011-06-16,13.075883865356445
2011-06-17,12.581904411315918
2011-06-20,12.37850284576416
2011-06-21,12.581904411315918
2011-06-22,13.058448791503906
2011-06-24,12.756250381469727
2011-06-27,13.093317031860352
2011-06-28,13.046825408935547
2011-06-29,13.174677848815918
2011-06-30,12.953841209411621
2011-07-01,13.011957168579102
2011-07-04,12.87829303741455
2011-07-05,12.733004570007324
2011-07-06,12.529600143432617
2011-07-07,12.29133129119873
2011-07-08,11.855467796325684
2011-07-11,11.913580894470215
2011-07-12,11.710179328918457
2011-07-13,12.175101280212402
2011-07-14,12.146041870117188
2011-07-15,12.204157829284668
2011-07-18,12.116983413696289
2011-07-19,12.279706001281738
2011-07-20,12.372692108154297
2011-07-21,12.250651359558105
2011-07-22,11.913580894470215
2011-07-25,11.599761009216309
2011-07-26,11.158085823059082
2011-07-27,11.27431583404541
2011-07-28,10.95468521118164
2011-07-29,10.640863418579102
2011-08-01,10.687355995178223
2011-08-02,10.030655860900879
2011-08-03,9.385578155517578
2011-08-04,8.659138679504395
2011-08-05,9.060134887695312
2011-08-08,8.112859725952148
2011-08-09,8.746313095092773
2011-08-10,8.891602516174316
2011-08-11,9.385578155517578
2011-08-12,9.804006576538086
2011-08-15,10.112015724182129
2011-08-16,10.286362648010254
2011-08-17,10.292171478271484
2011-08-18,10.059713363647461
2011-08-19,9.798194885253906
2011-08-22,9.914423942565918
2011-08-23,10.286362648010254
2011-08-24,10.44908332824707
2011-08-25,10.094583511352539
2011-08-26,10.338665008544922
2011-08-29,10.536255836486816
2011-08-30,10.40259075164795
2011-08-31,10.983741760253906
2011-09-01,11.082537651062012
2011-09-02,10.751282691955566
2011-09-05,10.37934684753418
2011-09-06,10.751282691955566
2011-09-08,10.635048866271973
2011-09-09,10.019033432006836
2011-09-12,9.71683406829834
2011-09-13,9.47275161743164
2011-09-14,9.705211639404297
2011-09-15,9.385578155517578
2011-09-16,9.443693161010742
2011-09-19,9.635472297668457
2011-09-20,9.577357292175293
2011-09-21,9.542488098144531
2011-09-22,8.798617362976074
2011-09-23,8.601024627685547
2011-09-26,8.688197135925293
2011-09-27,8.833486557006836
2011-09-28,8.601024627685547
2011-09-29,8.763748168945312
2011-09-30,8.47317123413086
2011-10-03,8.502229690551758
2011-10-04,8.786993026733398
2011-10-05,8.531288146972656
2011-10-06,8.938092231750488
2011-10-07,8.426680564880371
2011-10-10,8.53709888458252
2011-10-11,8.397623062133789
2011-10-13,8.426680564880371
2011-10-14,8.694008827209473
2011-10-17,8.560344696044922
2011-10-18,8.606837272644043
2011-10-19,8.048932075500488
2011-10-20,7.729300498962402
2011-10-21,7.9559478759765625
2011-10-24,8.316262245178223
2011-10-25,8.316262245178223
2011-10-26,8.316262245178223
2011-10-27,8.316262245178223
2011-10-28,8.903223037719727
2011-10-31,8.891602516174316
2011-11-01,8.478984832763672
2011-11-03,9.12406063079834
2011-11-04,9.153119087219238
2011-11-07,9.118249893188477
2011-11-08,9.292593955993652
2011-11-09,8.601024627685547
2011-11-10,8.601024627685547
2011-11-11,8.484795570373535
2011-11-14,8.356941223144531
2011-11-16,8.508042335510254
2011-11-17,8.194221496582031
2011-11-18,8.165163040161133
2011-11-21,8.01987361907959
2011-11-22,7.903645038604736
2011-11-23,7.653748989105225
2011-11-24,7.578200340270996
2011-11-25,7.566578388214111
2011-11-28,8.066367149353027
2011-11-29,7.7699809074401855
2011-11-30,8.130293846130371
2011-12-01,8.200031280517578
2011-12-02,7.967570781707764
2011-12-05,8.24071216583252
2011-12-06,8.432491302490234
2011-12-07,8.339508056640625
2011-12-08,7.909455299377441
2011-12-09,8.066367149353027
2011-12-12,8.066367149353027
2011-12-13,7.97338342666626
2011-12-14,7.787415981292725
2011-12-15,7.804849624633789
2011-12-16,7.787415981292725
2011-12-19,7.8455305099487305
2011-12-20,8.014063835144043
2011-12-21,7.810660362243652
2011-12-22,7.897833347320557
2011-12-23,7.950137138366699
2011-12-26,7.9559478759765625
2011-12-27,7.990816116333008
2011-12-28,7.723488807678223
2011-12-29,7.438724994659424
2012-01-02,7.961759567260742
2012-01-03,7.961759567260742
2012-01-04,7.682807922363281
2012-01-05,7.584011554718018
2012-01-06,7.508462905883789
2012-01-09,7.525897979736328
2012-01-10,7.502650737762451
2012-01-11,7.485217094421387
2012-01-12,7.525897979736328
2012-01-13,7.491029739379883
2012-01-16,7.525897979736328
2012-01-17,7.525897979736328
2012-01-18,8.194221496582031
2012-01-19,8.339508056640625
2012-01-20,8.316262245178223
2012-01-23,8.269769668579102
2012-01-24,8.484795570373535
2012-01-26,8.914846420288086
2012-01-27,9.240290641784668
2012-01-30,8.984583854675293
2012-01-31,9.089191436767578
2012-02-01,9.211233139038086
2012-02-02,8.891602516174316
2012-02-03,9.153119087219238
2012-02-06,9.031076431274414
2012-02-07,9.507619857788086
2012-02-08,9.548300743103027
2012-02-09,9.18798828125
2012-02-10,8.833486557006836
2012-02-13,8.914846420288086
2012-02-14,8.601024627685547
2012-02-15,8.66495132446289
2012-02-16,8.920658111572266
2012-02-17,9.007830619812012
2012-02-23,9.007830619812012
2012-02-24,9.031076431274414
2012-02-27,8.781182289123535
2012-02-28,9.118249893188477
2012-02-29,9.054322242736816
2012-03-01,9.228670120239258
2012-03-02,9.47275161743164
2012-03-05,9.182175636291504
2012-03-06,8.67076301574707
2012-03-07,8.67076301574707
2012-03-08,8.74050235748291
2012-03-09,8.804429054260254
2012-03-12,8.659138679504395
2012-03-13,8.97296142578125
2012-03-14,8.996206283569336
2012-03-15,8.96714973449707
2012-03-16,9.019453048706055
2012-03-19,8.885788917541504
2012-03-20,8.786993026733398
2012-03-21,8.757935523986816
2012-03-22,8.601024627685547
2012-03-23,8.496418952941895
2012-03-26,8.647518157958984
2012-03-27,8.659138679504395
2012-03-28,8.310450553894043
2012-03-29,8.438302993774414
2012-03-30,8.397623062133789
2012-04-02,8.804429054260254
2012-04-03,8.653328895568848
2012-04-04,8.374377250671387
2012-04-05,8.420868873596191
2012-04-09,8.467361450195312
2012-04-10,8.159351348876953
2012-04-11,8.048932075500488
2012-04-12,8.293014526367188
2012-04-13,8.089612007141113
2012-04-16,8.054743766784668
2012-04-17,8.397623062133789
2012-04-18,8.775370597839355
2012-04-19,8.5429105758667
2012-04-20,8.571968078613281
2012-04-23,8.444114685058594
2012-04-24,8.415057182312012
2012-04-25,8.455738067626953
2012-04-26,8.316262245178223
2012-04-27,8.24071216583252
2012-04-30,8.134529113769531
2012-05-02,8.189164161682129
2012-05-03,8.22558879852295
2012-05-04,8.110247611999512
2012-05-07,8.1466703414917
2012-05-08,8.043471336364746
2012-05-09,7.9827656745910645
2012-05-10,7.618533611297607
2012-05-11,7.4424872398376465
2012-05-14,7.236088752746582
2012-05-15,7.1753830909729
2012-05-16,7.157172203063965
2012-05-17,6.647245407104492
2012-05-18,6.622962951660156
2012-05-21,6.786869525909424
2012-05-22,6.774727821350098
2012-05-23,6.774727821350098
2012-05-24,6.780798435211182
2012-05-25,6.805080413818359
2012-05-28,6.835432529449463
2012-05-29,6.890068054199219
2012-05-30,6.714022159576416
2012-05-31,6.829362869262695
2012-06-01,6.67759895324707
2012-06-04,6.67759895324707
2012-06-05,6.465129852294922
2012-06-06,6.361930847167969
2012-06-08,6.70795202255249
2012-06-11,6.641175270080566
2012-06-12,6.9447021484375
2012-06-13,7.327146053314209
2012-06-14,7.187524318695068
2012-06-15,7.351428985595703
2012-06-18,7.406064033508301
2012-06-19,7.412135124206543
2012-06-20,7.661026954650879
2012-06-21,7.333217144012451
2012-06-22,7.448558330535889
2012-06-25,7.387853145599365
2012-06-26,7.4546284675598145
2012-06-27,7.709590911865234
2012-06-28,7.746016025543213
2012-06-29,8.12238883972168
2012-07-02,7.9524126052856445
2012-07-03,7.885637283325195
2012-07-04,8.243800163269043
2012-07-05,8.177023887634277
2012-07-06,7.9827656745910645
2012-07-10,7.448558330535889
2012-07-11,7.448558330535889
2012-07-12,7.236088752746582
2012-07-13,7.2967939376831055
2012-07-16,7.072184085845947
2012-07-17,7.387853145599365
2012-07-18,7.460700035095215
2012-07-19,7.424275875091553
2012-07-20,7.060044288635254
2012-07-23,6.829362869262695
2012-07-24,6.926490783691406
2012-07-25,6.890068054199219
2012-07-26,7.0479021072387695
2012-07-27,7.618533611297607
2012-07-30,7.746016025543213
2012-07-31,7.52140474319458
2012-08-01,7.545686721801758
2012-08-02,7.691380500793457
2012-08-03,8.231659889221191
2012-08-06,8.638383865356445
2012-08-07,8.268080711364746
2012-08-08,8.595890998840332
2012-08-09,8.346997261047363
2012-08-10,8.63231372833252
2012-08-13,8.498762130737305
2012-08-14,8.498762130737305
2012-08-15,8.656595230102539
2012-08-16,9.306144714355469
2012-08-17,9.039040565490723
2012-08-20,9.378990173339844
2012-08-21,8.996546745300293
2012-08-22,8.832642555236816
2012-08-23,8.638383865356445
2012-08-24,8.46841049194336
2012-08-27,8.559468269348145
2012-08-28,8.401634216308594
2012-08-29,7.897778511047363
2012-08-30,7.770297050476074
2012-08-31,7.770297050476074
2012-09-03,7.843143939971924
2012-09-04,7.873497009277344
2012-09-05,8.316645622253418
2012-09-06,8.862995147705078
2012-09-10,8.741583824157715
2012-09-11,9.117959022521973
2012-09-12,9.348637580871582
2012-09-13,9.913198471069336
2012-09-14,10.077102661132812
2012-09-17,9.876775741577148
2012-09-18,9.585390090942383
2012-09-19,9.561107635498047
2012-09-20,9.755363464355469
2012-09-21,9.591460227966309
2012-09-24,9.676447868347168
2012-09-25,9.603601455688477
2012-09-26,9.105815887451172
2012-09-27,8.862995147705078
2012-09-28,8.662666320800781
2012-10-01,8.693018913269043
2012-10-02,8.626243591308594
2012-10-03,8.741583824157715
2012-10-04,8.668737411499023
2012-10-05,8.61410140991211
2012-10-08,8.620172500610352
2012-10-09,8.346997261047363
2012-10-10,8.219517707824707
2012-10-11,8.45019817352295
2012-10-15,8.401634216308594
2012-10-16,8.699090003967285
2012-10-17,8.626243591308594
2012-10-18,8.559468269348145
2012-10-19,8.620172500610352
2012-10-22,8.650525093078613
2012-10-23,8.516973495483398
2012-10-24,8.346997261047363
2012-10-25,8.425915718078613
2012-10-26,8.444127082824707
2012-10-29,8.12238883972168
2012-10-30,8.183094024658203
2012-10-31,8.1466703414917
2012-11-01,8.620172500610352
2012-11-05,8.559468269348145
2012-11-06,8.820501327514648
2012-11-07,8.862995147705078
2012-11-08,8.82657241821289
2012-11-09,8.40770435333252
2012-11-12,8.480551719665527
2012-11-13,8.529115676879883
2012-11-14,8.195235252380371
2012-11-16,7.800649642944336
2012-11-19,7.95848274230957
2012-11-21,7.81279182434082
2012-11-22,8.12238883972168
2012-11-23,8.346997261047363
2012-11-26,8.38949203491211
2012-11-27,8.067753791809082
2012-11-28,8.359139442443848
2012-11-29,8.486621856689453
2012-11-30,8.365208625793457
2012-12-03,8.431985855102539
2012-12-04,8.1466703414917
2012-12-05,8.07989501953125
2012-12-06,7.915989398956299
2012-12-07,8.2377290725708
2012-12-10,8.158811569213867
2012-12-11,8.16488265991211
2012-12-12,8.1466703414917
2012-12-13,7.891709327697754
2012-12-14,7.946342468261719
2012-12-17,8.013118743896484
2012-12-18,8.104178428649902
2012-12-19,8.12238883972168
2012-12-20,7.928131580352783
2012-12-21,7.909919261932373
2012-12-26,7.837072849273682
2012-12-27,7.764226913452148
2012-12-28,7.770297050476074
2013-01-02,8.268080711364746
2013-01-03,8.444127082824707
2013-01-04,8.359139442443848
2013-01-07,8.249870300292969
2013-01-08,8.231659889221191
2013-01-09,8.085965156555176
2013-01-10,8.098108291625977
2013-01-11,8.116318702697754
2013-01-14,8.219517707824707
2013-01-15,8.29843521118164
2013-01-16,8.340927124023438
2013-01-17,8.40770435333252
2013-01-18,8.413774490356445
2013-01-21,8.58981990814209
2013-01-22,8.58981990814209
2013-01-23,8.693018913269043
2013-01-24,8.474480628967285
2013-01-28,8.52304458618164
2013-01-29,8.966194152832031
2013-01-30,9.008687019348145
2013-01-31,9.111886978149414
2013-02-01,9.294004440307617
2013-02-04,8.741583824157715
2013-02-05,8.929770469665527
2013-02-06,8.869065284729004
2013-02-07,8.990476608276367
2013-02-08,9.026899337768555
2013-02-13,8.869065284729004
2013-02-14,8.802289009094238
2013-02-15,8.61410140991211
2013-02-18,8.438055992126465
2013-02-19,9.032970428466797
2013-02-20,8.644454956054688
2013-02-21,8.541255950927734
2013-02-22,8.650525093078613
2013-02-25,8.954052925109863
2013-02-26,8.899418830871582
2013-02-27,8.923700332641602
2013-02-28,8.85085391998291
2013-03-01,8.535185813903809
2013-03-04,8.559468269348145
2013-03-05,8.474480628967285
2013-03-06,8.6080322265625
2013-03-07,8.862995147705078
2013-03-08,8.856925010681152
2013-03-11,8.668737411499023
2013-03-12,8.875136375427246
2013-03-13,8.595890998840332
2013-03-14,8.52304458618164
2013-03-15,8.76586627960205
2013-03-18,8.735511779785156
2013-03-19,8.650525093078613
2013-03-20,8.61410140991211
2013-03-21,8.316645622253418
2013-03-22,8.255940437316895
2013-03-25,8.104178428649902
2013-03-26,8.498762130737305
2013-03-27,8.346997261047363
2013-03-28,8.346997261047363
2013-04-01,8.268080711364746
2013-04-02,8.2377290725708
2013-04-03,8.56553840637207
2013-04-04,8.58981990814209
2013-04-05,8.802289009094238
2013-04-08,8.899418830871582
2013-04-09,9.227228164672852
2013-04-10,9.530754089355469
2013-04-11,9.257579803466797
2013-04-12,9.23936939239502
2013-04-15,8.856925010681152
2013-04-16,8.97226333618164
2013-04-17,8.620172500610352
2013-04-18,8.862995147705078
2013-04-19,8.899418830871582
2013-04-22,9.087605476379395
2013-04-23,9.822141647338867
2013-04-24,9.925339698791504
2013-04-25,10.028539657592773
2013-04-26,10.028539657592773
2013-04-29,10.192444801330566
2013-04-30,10.605240821838379
2013-05-02,10.45347785949707
2013-05-03,10.350276947021484
2013-05-06,10.386701583862305
2013-05-07,10.520252227783203
2013-05-08,10.45347785949707
2013-05-09,10.192444801330566
2013-05-10,10.052821159362793
2013-05-13,9.86463451385498
2013-05-14,9.94962215423584
2013-05-15,10.071032524108887
2013-05-16,10.040679931640625
2013-05-17,10.137809753417969
2013-05-20,10.107455253601074
2013-05-21,10.107455253601074
2013-05-22,10.04675006866455
2013-05-23,10.247078895568848
2013-05-24,10.247078895568848
2013-05-27,10.319924354553223
2013-05-28,10.289572715759277
2013-05-29,10.0346097946167
2013-05-31,10.143878936767578
2013-06-03,9.973904609680176
2013-06-04,9.94962215423584
2013-06-05,10.01032829284668
2013-06-06,9.955692291259766
2013-06-07,9.986045837402344
2013-06-10,9.973904609680176
2013-06-11,9.591460227966309
2013-06-12,9.5186128616333
2013-06-13,9.652165412902832
2013-06-14,9.378990173339844
2013-06-17,9.409342765808105
2013-06-18,9.57931900024414
2013-06-19,9.603601455688477
2013-06-20,9.7432222366333
2013-06-21,9.712869644165039
2013-06-24,9.470049858093262
2013-06-25,9.712869644165039
2013-06-26,9.955692291259766
2013-06-27,10.119596481323242
2013-06-28,10.01032829284668
2013-07-01,10.410983085632324
2013-07-02,10.137809753417969
2013-07-03,10.319924354553223
2013-07-04,10.319924354553223
2013-07-05,9.840352058410645
2013-07-08,9.415413856506348
2013-07-10,9.585390090942383
2013-07-11,9.870705604553223
2013-07-12,9.676447868347168
2013-07-15,10.289572715759277
2013-07-16,10.149949073791504
2013-07-17,10.301712989807129
2013-07-18,10.27743148803711
2013-07-19,10.319924354553223
2013-07-22,10.307783126831055
2013-07-23,10.502041816711426
2013-07-24,10.441335678100586
2013-07-25,10.471689224243164
2013-07-26,10.471689224243164
2013-07-29,10.562746047973633
2013-07-30,10.410983085632324
2013-07-31,10.672016143798828
2013-08-01,10.45347785949707
2013-08-02,10.301712989807129
2013-08-05,10.362418174743652
2013-08-06,10.101384162902832
2013-08-07,10.077102661132812
2013-08-08,10.550605773925781
2013-08-09,10.708438873291016
2013-08-12,10.835922241210938
2013-08-13,10.890556335449219
2013-08-14,10.98161506652832
2013-08-15,10.835922241210938
2013-08-16,11.054461479187012
2013-08-19,11.096954345703125
2013-08-20,10.74486255645752
2013-08-21,10.653804779052734
2013-08-22,10.817709922790527
2013-08-23,10.80556869506836
2013-08-26,10.74486255645752
2013-08-27,10.374560356140137
2013-08-28,10.307783126831055
2013-08-29,10.447405815124512
2013-08-30,10.708438873291016
2013-09-02,10.890556335449219
2013-09-03,10.890556335449219
2013-09-04,11.072671890258789
2013-09-05,11.078743934631348
2013-09-06,11.127307891845703
2013-09-09,11.266929626464844
2013-09-10,11.260859489440918
2013-09-11,11.139449119567871
2013-09-12,11.145519256591797
2013-09-13,11.279071807861328
2013-09-16,11.30942440032959
2013-09-17,11.279071807861328
2013-09-18,11.206225395202637
2013-09-19,10.939120292663574
2013-09-20,10.708438873291016
2013-09-23,10.87841510772705
2013-09-24,10.945191383361816
2013-09-25,10.945191383361816
2013-09-26,10.866273880004883
2013-09-27,10.829851150512695
2013-09-30,10.775215148925781
2013-10-01,10.920909881591797
2013-10-02,11.115165710449219
2013-10-03,10.90269660949707
2013-10-04,10.926979064941406
2013-10-07,10.99982738494873
2013-10-08,10.866273880004883
2013-10-09,11.096954345703125
2013-10-10,11.139449119567871
2013-10-11,11.22443675994873
2013-10-14,11.424766540527344
2013-10-15,11.479398727416992
2013-10-16,11.655445098876953
2013-10-17,11.764713287353516
2013-10-18,12.074310302734375
2013-10-21,12.14108943939209
2013-10-22,12.220006942749023
2013-10-23,12.22607707977295
2013-10-24,12.03788948059082
2013-10-25,11.867915153503418
2013-10-28,11.934691429138184
2013-10-29,11.85577392578125
2013-10-30,11.928619384765625
2013-10-31,12.068242073059082
2013-11-01,11.977184295654297
2013-11-04,11.843631744384766
2013-11-05,11.71614933013916
2013-11-06,11.770785331726074
2013-11-07,11.965042114257812
2013-11-08,11.9225492477417
2013-11-11,12.050030708312988
2013-11-12,11.928619384765625
2013-11-13,12.128948211669922
2013-11-14,12.456757545471191
2013-11-18,12.65101432800293
2013-11-19,12.414264678955078
2013-11-21,12.687437057495117
2013-11-22,12.857413291931152
2013-11-25,12.474967002868652
2013-11-26,12.414264678955078
2013-11-27,12.50532054901123
2013-11-28,12.56602668762207
2013-11-29,12.626731872558594
2013-12-02,12.748143196105957
2013-12-03,12.57209587097168
2013-12-04,12.590309143066406
2013-12-05,12.54781436920166
2013-12-06,12.778495788574219
2013-12-09,12.220006942749023
2013-12-10,12.22607707977295
2013-12-11,12.062171936035156
2013-12-12,12.03788948059082
2013-12-13,11.95897388458252
2013-12-16,11.989324569702148
2013-12-17,11.886125564575195
2013-12-18,12.110737800598145
2013-12-19,12.371769905090332
2013-12-20,12.396051406860352
2013-12-23,12.46889877319336
2013-12-26,12.42640495300293
2013-12-27,12.584238052368164
2013-12-30,12.748143196105957
2014-01-02,12.389981269836426
2014-01-03,12.717791557312012
2014-01-06,12.481039047241211
2014-01-07,12.304994583129883
2014-01-08,12.159299850463867
2014-01-09,12.189653396606445
2014-01-10,12.262500762939453
2014-01-13,12.092525482177734
2014-01-14,12.256429672241211
2014-01-15,12.24428939819336
2014-01-16,12.147159576416016
2014-01-17,11.71614933013916
2014-01-20,11.764713287353516
2014-01-21,11.764713287353516
2014-01-22,11.71614933013916
2014-01-23,11.53403377532959
2014-01-24,11.527965545654297
2014-01-27,11.30942440032959
2014-01-28,11.479398727416992
2014-01-29,11.442976951599121
2014-01-30,11.230508804321289
2014-01-31,11.279071807861328
2014-02-03,10.926979064941406
2014-02-04,10.920909881591797
2014-02-05,10.623453140258789
2014-02-06,10.684158325195312
2014-02-07,10.78735637664795
2014-02-10,10.74486255645752
2014-02-11,11.194085121154785
2014-02-12,11.175871849060059
2014-02-13,11.400483131408691
2014-02-14,11.746504783630371
2014-02-17,11.691866874694824
2014-02-18,10.80556869506836
2014-02-19,10.653804779052734
2014-02-20,11.018037796020508
2014-02-21,10.702367782592773
2014-02-24,10.350276947021484
2014-02-25,10.083174705505371
2014-02-26,10.04675006866455
2014-02-27,10.19851303100586
2014-02-28,9.803929328918457
2014-03-05,9.470049858093262
2014-03-06,9.573248863220215
2014-03-07,9.16045093536377
2014-03-10,9.154380798339844
2014-03-11,9.227228164672852
2014-03-12,9.31828498840332
2014-03-13,9.215086936950684
2014-03-14,9.13616943359375
2014-03-17,9.312214851379395
2014-03-18,9.712869644165039
2014-03-19,10.028539657592773
2014-03-20,10.19851303100586
2014-03-21,10.307783126831055
2014-03-24,10.459547996520996
2014-03-25,10.459547996520996
2014-03-26,10.350276947021484
2014-03-27,10.690228462219238
2014-03-28,10.702367782592773
2014-03-31,10.799498558044434
2014-04-01,10.4959716796875
2014-04-02,10.67808723449707
2014-04-03,10.605240821838379
2014-04-04,10.641663551330566
2014-04-07,10.641663551330566
2014-04-08,10.307783126831055
2014-04-09,9.852493286132812
2014-04-10,9.938376426696777
2014-04-11,9.90053939819336
2014-04-14,9.91945743560791
2014-04-15,9.787029266357422
2014-04-16,9.963600158691406
2014-04-17,10.209537506103516
2014-04-22,10.12125015258789
2014-04-23,9.91945743560791
2014-04-24,9.74919319152832
2014-04-25,9.679826736450195
2014-04-28,9.553705215454102
2014-04-29,9.534786224365234
2014-04-30,9.597847938537598
2014-05-02,9.77441692352295
2014-05-05,9.913152694702148
2014-05-06,9.99513053894043
2014-05-07,10.152782440185547
2014-05-08,9.963600158691406
2014-05-09,9.705050468444824
2014-05-12,9.77441692352295
2014-05-13,9.73027515411377
2014-05-14,9.69874382019043
2014-05-15,9.553705215454102
2014-05-16,9.585235595703125
2014-05-19,9.326685905456543
2014-05-20,9.213176727294922
2014-05-21,9.288848876953125
2014-05-22,9.364522933959961
2014-05-23,9.257319450378418
2014-05-26,9.26993179321289
2014-05-27,9.156421661376953
2014-05-28,9.137503623962402
2014-05-29,9.23840045928955
2014-05-30,9.200565338134766
2014-06-02,9.490644454956055
2014-06-03,9.490644454956055
2014-06-04,9.370827674865723
2014-06-05,9.26993179321289
2014-06-06,9.465420722961426
2014-06-09,9.629379272460938
2014-06-10,9.534786224365234
2014-06-11,9.490644454956055
2014-06-13,9.40866470336914
2014-06-16,9.320379257202148
2014-06-17,9.276237487792969
2014-06-18,9.553705215454102
2014-06-20,9.578927993774414
2014-06-23,9.427583694458008
2014-06-24,9.34560489654541
2014-06-25,9.093361854553223
2014-06-26,9.08074951171875
2014-06-27,8.942015647888184
2014-06-30,8.885261535644531
2014-07-01,8.860037803649902
2014-07-02,8.960933685302734
2014-07-03,9.030299186706543
2014-07-04,9.042912483215332
2014-07-07,9.187952995300293
2014-07-08,9.187952995300293
2014-07-10,9.257319450378418
2014-07-11,9.364522933959961
2014-07-14,9.358216285705566
2014-07-15,9.364522933959961
2014-07-16,9.112279891967773
2014-07-17,8.998769760131836
2014-07-18,8.74022102355957
2014-07-21,8.721302032470703
2014-07-22,8.702383995056152
2014-07-23,8.658241271972656
2014-07-24,8.916792869567871
2014-07-25,8.916792869567871
2014-07-28,8.942015647888184
2014-07-29,8.759139060974121
2014-07-30,8.778057098388672
2014-07-31,8.847424507141113
2014-08-01,8.809589385986328
2014-08-04,8.809589385986328
2014-08-05,8.885261535644531
2014-08-06,9.200565338134766
2014-08-07,9.093361854553223
2014-08-08,8.929403305053711
2014-08-11,9.017688751220703
2014-08-12,9.105974197387695
2014-08-13,9.332991600036621
2014-08-14,9.427583694458008
2014-08-15,9.490644454956055
2014-08-18,9.585235595703125
2014-08-19,9.679826736450195
2014-08-20,9.654603004455566
2014-08-21,9.585235595703125
2014-08-22,9.547399520874023
2014-08-25,9.679826736450195
2014-08-26,9.673521041870117
2014-08-27,9.742886543273926
2014-08-28,9.679826736450195
2014-08-29,9.69874382019043
2014-09-01,9.74919319152832
2014-09-02,9.90053939819336
2014-09-03,9.887927055358887
2014-09-04,9.963600158691406
2014-09-05,9.805948257446289
2014-09-08,9.648297309875488
2014-09-09,9.446501731872559
2014-09-10,9.421277046203613
2014-09-11,9.459114074707031
2014-09-12,9.522173881530762
2014-09-15,9.768111228942871
2014-09-16,9.957294464111328
2014-09-17,9.982518196105957
2014-09-18,10.21584415435791
2014-09-19,10.18431282043457
2014-09-22,10.146475791931152
2014-09-23,10.209537506103516
2014-09-24,10.21584415435791
2014-09-25,10.165395736694336
2014-09-26,10.171699523925781
2014-09-29,10.21584415435791
2014-09-30,10.21584415435791
2014-10-01,10.379799842834473
2014-10-02,10.518534660339355
2014-10-03,10.493309020996094
2014-10-06,10.63204288482666
2014-10-07,10.562677383422852
2014-10-08,10.480698585510254
2014-10-09,10.310434341430664
2014-10-10,10.026659965515137
2014-10-13,10.259984970092773
2014-10-14,10.392412185668945
2014-10-15,10.354576110839844
2014-10-16,10.253679275512695
2014-10-17,10.550064086914062
2014-10-20,10.814919471740723
2014-10-21,10.840143203735352
2014-10-22,10.726634979248047
2014-10-23,11.086080551147461
2014-10-24,11.123916625976562
2014-10-27,11.199589729309082
2014-10-28,11.287875175476074
2014-10-29,11.09869384765625
2014-10-30,10.97257137298584
2014-10-31,11.432914733886719
2014-11-03,11.508589744567871
2014-11-04,11.792363166809082
2014-11-05,11.773443222045898
2014-11-06,11.659934043884277
2014-11-07,11.950014114379883
2014-11-10,11.792363166809082
2014-11-11,11.760831832885742
2014-11-12,11.91848373413086
2014-11-13,12.145501136779785
2014-11-14,12.019380569458008
2014-11-17,11.880648612976074
2014-11-18,12.208563804626465
2014-11-19,12.195951461791992
2014-11-21,12.2653169631958
2014-11-24,12.082441329956055
2014-11-25,11.98154354095459
2014-11-26,11.855422019958496
2014-11-27,11.968932151794434
2014-11-28,12.164422035217285
2014-12-01,12.006769180297852
2014-12-02,12.107666015625
2014-12-03,12.151810646057129
2014-12-04,12.145501136779785
2014-12-05,12.170724868774414
2014-12-08,11.950014114379883
2014-12-09,11.792363166809082
2014-12-10,11.622097969055176
2014-12-11,11.464446067810059
2014-12-12,11.010407447814941
2014-12-15,10.688799858093262
2014-12-16,10.808612823486328
2014-12-17,10.770777702331543
2014-12-18,10.587902069091797
2014-12-19,10.726634979248047
2014-12-22,10.953654289245605
2014-12-23,11.155447006225586
2014-12-26,10.985185623168945
2014-12-29,11.13022232055664
2014-12-30,11.035633087158203
2015-01-02,10.978878021240234
2015-01-05,10.316740989685059
2015-01-06,10.096027374267578
2015-01-07,10.089719772338867
2015-01-08,10.114945411682129
2015-01-09,9.894233703613281
2015-01-12,10.083414077758789
2015-01-13,9.976212501525879
2015-01-14,9.377135276794434
2015-01-15,9.44019603729248
2015-01-16,9.616765975952148
2015-01-19,8.872649192810059
2015-01-20,8.292490005493164
2015-01-21,8.273571968078613
2015-01-22,8.12222671508789
2015-01-23,7.649270057678223
2015-01-26,7.7501678466796875
2015-01-27,7.7123308181762695
2015-01-28,7.542067050933838
2015-01-29,7.806922912597656
2015-01-30,7.8510637283325195
2015-02-02,8.109613418579102
2015-02-03,8.242040634155273
2015-02-04,8.008716583251953
2015-02-05,7.882595062255859
2015-02-06,8.128533363342285
2015-02-09,7.882595062255859
2015-02-10,7.901512145996094
2015-02-11,7.819535255432129
2015-02-12,8.02132797241211
2015-02-13,8.008716583251953
2015-02-18,7.977184772491455
2015-02-19,7.819535255432129
2015-02-20,8.015023231506348
2015-02-23,7.9393486976623535
2015-02-24,7.876288414001465
2015-02-25,8.033942222595215
2015-02-26,8.387081146240234
2015-02-27,8.07177734375
2015-03-02,7.914125919342041
2015-03-03,7.674494743347168
2015-03-04,7.724943161010742
2015-03-05,8.078084945678711
2015-03-06,8.317713737487793
2015-03-09,8.727609634399414
2015-03-10,8.670853614807129
2015-03-11,6.955601692199707
2015-03-12,6.526788234710693
2015-03-13,6.905152320861816
2015-03-16,6.949295997619629
2015-03-17,6.999744892120361
2015-03-18,7.333967208862305
2015-03-19,7.428557395935059
2015-03-20,7.63665771484375
2015-03-23,7.863677024841309
2015-03-24,7.642963409423828
2015-03-25,7.844758033752441
2015-03-26,7.340272903442383
2015-03-27,7.1195597648620605
2015-03-30,7.031275272369385
2015-03-31,6.936683177947998
2015-04-01,6.942989349365234
2015-04-02,7.422252655029297
2015-04-06,7.630351543426514
2015-04-07,7.674494743347168
2015-04-08,7.838452339172363
2015-04-09,7.605126857757568
2015-04-10,7.748715400695801
2015-04-13,7.821753025054932
2015-04-14,7.987749099731445
2015-04-15,8.23342514038086
2015-04-16,7.914710521697998
2015-04-17,7.808474063873291
2015-04-20,7.901430606842041
2015-04-22,8.001029014587402
2015-04-23,8.186945915222168
2015-04-24,8.23342514038086
2015-04-27,7.914710521697998
2015-04-28,8.200225830078125
2015-04-29,8.173666954040527
2015-04-30,8.36622142791748
2015-05-04,9.32236099243164
2015-05-05,8.904050827026367
2015-05-06,9.016927719116211
2015-05-07,9.030206680297852
2015-05-08,9.853549003601074
2015-05-11,9.468437194824219
2015-05-12,9.687553405761719
2015-05-13,9.939867973327637
2015-05-14,9.880109786987305
2015-05-15,9.694192886352539
2015-05-18,9.435237884521484
2015-05-19,9.554755210876465
2015-05-20,9.455158233642578
2015-05-21,9.229402542114258
2015-05-22,8.797811508178711
2015-05-25,8.937249183654785
2015-05-26,8.638455390930176
2015-05-27,8.910690307617188
2015-05-28,8.684934616088867
2015-05-29,8.611896514892578
2015-06-01,8.512299537658691
2015-06-02,9.016927719116211
2015-06-03,9.056766510009766
2015-06-05,8.75797176361084
2015-06-08,8.684934616088867
2015-06-09,8.97044849395752
2015-06-10,9.209484100341797
2015-06-11,9.362200736999512
2015-06-12,9.355560302734375
2015-06-15,9.421957015991211
2015-06-16,9.355560302734375
2015-06-17,8.977088928222656
2015-06-18,9.18956470489502
2015-06-19,8.23342514038086
2015-06-22,8.266622543334961
2015-06-23,8.532217979431152
2015-06-24,8.718132972717285
2015-06-25,8.731412887573242
2015-06-26,9.123165130615234
2015-06-29,8.930609703063965
2015-06-30,9.043485641479492
2015-07-01,8.618535995483398
2015-07-02,8.532217979431152
2015-07-03,8.25334358215332
2015-07-06,8.518939018249512
2015-07-07,8.525578498840332
2015-07-08,8.724773406982422
2015-07-10,8.831011772155762
2015-07-13,8.565417289733887
2015-07-14,8.665014266967773
2015-07-15,8.75133228302002
2015-07-16,8.764612197875977
2015-07-17,8.585336685180664
2015-07-20,8.14046573638916
2015-07-21,8.186945915222168
2015-07-22,8.339661598205566
2015-07-23,8.346301078796387
2015-07-24,8.001029014587402
2015-07-27,7.1909661293029785
2015-07-28,8.087347984313965
2015-07-29,7.781914234161377
2015-07-30,7.615918159484863
2015-07-31,8.326382637023926
2015-08-03,7.675674915313721
2015-08-04,7.934630393981934
2015-08-05,8.412700653076172
2015-08-06,8.9638090133667
2015-08-07,8.684934616088867
2015-08-10,8.89741039276123
2015-08-11,8.89077091217041
2015-08-12,9.116524696350098
2015-08-13,8.950529098510742
2015-08-14,9.00364875793457
2015-08-17,8.9638090133667
2015-08-18,8.565417289733887
2015-08-19,8.578697204589844
2015-08-20,8.771252632141113
2015-08-21,8.43925952911377
2015-08-24,8.173666954040527
2015-08-25,8.266622543334961
2015-08-26,8.565417289733887
2015-08-27,9.143085479736328
2015-08-28,8.910690307617188
2015-08-31,9.342280387878418
2015-09-01,9.694192886352539
2015-09-02,9.767231941223145
2015-09-03,9.866827964782715
2015-09-04,10.298418998718262
2015-09-08,10.112504005432129
2015-09-09,10.23202133178711
2015-09-10,10.417938232421875
2015-09-11,10.125783920288086
2015-09-14,10.324979782104492
2015-09-15,10.125783920288086
2015-09-16,10.597212791442871
2015-09-17,10.225380897521973
2015-09-18,10.23866081237793
2015-09-21,10.431217193603516
2015-09-22,10.431217193603516
2015-09-23,10.829608917236328
2015-09-24,10.783129692077637
2015-09-25,11.154960632324219
2015-09-28,10.829608917236328
2015-09-29,10.776490211486816
2015-09-30,11.068643569946289
2015-10-01,11.586551666259766
2015-10-02,11.94510555267334
2015-10-05,11.998223304748535
2015-10-06,12.569250106811523
2015-10-07,12.57589054107666
2015-10-08,12.648930549621582
2015-10-09,12.582530975341797
2015-10-13,12.516132354736328
2015-10-14,12.562610626220703
2015-10-15,12.403255462646484
2015-10-16,13.153558731079102
2015-10-19,13.837464332580566
2015-10-20,13.525392532348633
2015-10-21,13.558588981628418
2015-10-22,13.75778579711914
2015-10-23,13.704665184020996
2015-10-26,14.076502799987793
2015-10-27,14.415130615234375
2015-10-28,14.249135971069336
2015-10-29,14.069859504699707
2015-10-30,14.4616117477417
2015-11-03,14.269055366516113
2015-11-04,14.381932258605957
2015-11-05,14.481531143188477
2015-11-06,14.77368450164795
2015-11-09,14.82016372680664
2015-11-10,14.700647354125977
2015-11-11,15.676706314086914
2015-11-12,15.623588562011719
2015-11-13,15.484148025512695
2015-11-16,15.802861213684082
2015-11-17,16.685962677001953
2015-11-18,16.705881118774414
2015-11-19,17.588985443115234
2015-11-23,17.064435958862305
2015-11-24,16.991397857666016
2015-11-25,16.87851905822754
2015-11-26,16.832040786743164
2015-11-27,17.024599075317383
2015-11-30,17.409706115722656
2015-12-01,17.044517517089844
2015-12-02,17.044517517089844
2015-12-03,17.303468704223633
2015-12-04,17.64210319519043
2015-12-07,17.9276180267334
2015-12-08,17.250350952148438
2015-12-09,17.442907333374023
2015-12-10,17.197235107421875
2015-12-11,17.004676818847656
2015-12-14,17.084354400634766
2015-12-15,17.237071990966797
2015-12-16,17.509307861328125
2015-12-17,17.602264404296875
2015-12-18,18.12681007385254
2015-12-21,18.425607681274414
2015-12-22,18.843914031982422
2015-12-23,19.22239112854004
2015-12-28,19.4946231842041
2015-12-29,19.18255043029785
2015-12-30,18.33928871154785
2016-01-04,17.994016647338867
2016-01-05,17.217153549194336
2016-01-06,18.425607681274414
2016-01-07,17.9276180267334
2016-01-08,17.974096298217773
2016-01-11,18.432247161865234
2016-01-12,17.675302505493164
2016-01-13,17.256990432739258
2016-01-14,16.73244285583496
2016-01-15,16.692602157592773
2016-01-18,16.274293899536133
2016-01-19,16.26765251159668
2016-01-20,16.500045776367188
2016-01-21,16.347333908081055
2016-01-22,15.909097671508789
2016-01-26,15.543909072875977
2016-01-27,15.789582252502441
2016-01-28,15.470869064331055
2016-01-29,15.935659408569336
2016-02-01,15.630228996276855
2016-02-02,15.20527458190918
2016-02-03,15.736462593078613
2016-02-04,15.922378540039062
2016-02-05,15.875901222229004
2016-02-10,15.477508544921875
2016-02-11,15.364630699157715
2016-02-12,15.245113372802734
2016-02-15,15.271674156188965
2016-02-16,15.935659408569336
2016-02-17,16.002058029174805
2016-02-18,17.164033889770508
2016-02-19,16.818761825561523
2016-02-22,17.11091423034668
2016-02-23,16.666044235229492
2016-02-24,16.785560607910156
2016-02-25,16.80548095703125
2016-02-26,16.55980682373047
2016-02-29,16.931638717651367
2016-03-01,16.931638717651367
2016-03-02,16.898439407348633
2016-03-03,16.798837661743164
2016-03-04,16.65276527404785
2016-03-07,16.931638717651367
2016-03-08,16.20789337158203
2016-03-09,16.134855270385742
2016-03-10,16.168054580688477
2016-03-11,15.97549819946289
2016-03-14,16.971477508544922
2016-03-15,17.044517517089844
2016-03-16,16.898439407348633
2016-03-17,17.748340606689453
2016-03-18,17.808101654052734
2016-03-21,18.25960922241211
2016-03-22,18.39240837097168
2016-03-23,16.234453201293945
2016-03-24,15.338072776794434
2016-03-28,15.517348289489746
2016-03-29,15.630228996276855
2016-03-30,15.736462593078613
2016-03-31,15.543909072875977
2016-04-01,16.048538208007812
2016-04-04,14.77368450164795
2016-04-05,15.225194931030273
2016-04-06,15.377910614013672
2016-04-07,16.32341957092285
2016-04-08,16.28831672668457
2016-04-11,16.344482421875
2016-04-12,16.435752868652344
2016-04-13,17.060606002807617
2016-04-14,17.17293930053711
2016-04-15,17.306331634521484
2016-04-18,17.846939086914062
2016-04-19,17.89608383178711
2016-04-20,17.699499130249023
2016-04-22,17.622272491455078
2016-04-25,17.355480194091797
2016-04-26,17.488876342773438
2016-04-27,17.671417236328125
2016-04-28,17.55206298828125
2016-04-29,17.236127853393555
2016-05-02,17.102731704711914
2016-05-03,16.709564208984375
2016-05-04,17.130813598632812
2016-05-05,16.814876556396484
2016-05-06,16.232149124145508
2016-05-09,15.150941848754883
2016-05-10,14.884150505065918
2016-05-11,14.462902069091797
2016-05-12,14.764796257019043
2016-05-13,14.364607810974121
2016-05-16,14.111860275268555
2016-05-17,13.732733726501465
2016-05-18,13.845067024230957
2016-05-19,14.076753616333008
2016-05-20,14.203130722045898
2016-05-23,13.929317474365234
2016-05-24,14.519065856933594
2016-05-25,14.799901008605957
2016-05-27,14.708630561828613
2016-05-30,14.729691505432129
2016-05-31,14.743732452392578
2016-06-01,14.940317153930664
2016-06-02,15.080733299255371
2016-06-03,15.017545700073242
2016-06-06,14.84904670715332
2016-06-07,14.42779541015625
2016-06-08,14.153983116149902
2016-06-09,14.034629821777344
2016-06-10,13.676568984985352
2016-06-13,13.788902282714844
2016-06-14,13.487005233764648
2016-06-15,13.36765193939209
2016-06-16,13.620402336120605
2016-06-17,13.543172836303711
2016-06-20,13.89421558380127
2016-06-21,13.79592227935791
2016-06-22,13.711671829223633
2016-06-23,14.111860275268555
2016-06-24,13.522109985351562
2016-06-27,13.262336730957031
2016-06-28,13.641465187072754
2016-06-29,13.374671936035156
2016-06-30,13.36765193939209
2016-07-01,13.51508903503418
2016-07-04,13.873152732849121
2016-07-05,13.269360542297363
2016-07-06,13.058736801147461
2016-07-07,12.988526344299316
2016-07-08,12.925338745117188
2016-07-11,12.967463493347168
2016-07-12,13.03065013885498
2016-07-13,12.932360649108887
2016-07-14,12.855131149291992
2016-07-15,12.813006401062012
2016-07-18,13.142983436584473
2016-07-19,13.31850528717041
2016-07-20,13.255319595336914
2016-07-21,13.086817741394043
2016-07-22,13.557214736938477
2016-07-25,13.50806713104248
2016-07-26,13.451903343200684
2016-07-27,13.339568138122559
2016-07-28,13.157027244567871
2016-07-29,13.016611099243164
2016-08-01,13.402756690979004
2016-08-02,12.98150634765625
2016-08-03,12.869171142578125
2016-08-04,14.259297370910645
2016-08-05,14.680545806884766
2016-08-08,14.638420104980469
2016-08-09,14.476943016052246
2016-08-10,14.434818267822266
2016-08-11,14.842024803161621
2016-08-12,14.343544960021973
2016-08-15,15.579212188720703
2016-08-16,15.094775199890137
2016-08-17,15.207107543945312
2016-08-18,15.164982795715332
2016-08-19,15.445816993713379
2016-08-22,15.129878997802734
2016-08-23,15.691544532775879
2016-08-24,15.628357887268066
2016-08-25,15.263273239135742
2016-08-26,15.129878997802734
2016-08-29,15.42475414276123
2016-08-30,16.295333862304688
2016-08-31,16.927209854125977
2016-09-01,17.25718879699707
2016-09-02,17.306331634521484
2016-09-05,17.306331634521484
2016-09-06,16.976354598999023
2016-09-08,16.779773712158203
2016-09-09,16.32341957092285
2016-09-12,16.597230911254883
2016-09-13,16.218107223510742
2016-09-14,16.112796783447266
2016-09-15,16.295333862304688
2016-09-16,16.26023292541504
2016-09-19,16.39362907409668
2016-09-20,16.014503479003906
2016-09-21,15.993438720703125
2016-09-22,15.916211128234863
2016-09-23,16.295333862304688
2016-09-26,16.042585372924805
2016-09-27,16.175983428955078
2016-09-28,17.83991813659668
2016-09-29,17.931188583374023
2016-09-30,17.629291534423828
2016-10-03,18.16287612915039
2016-10-04,17.371179580688477
2016-10-05,17.828704833984375
2016-10-06,17.968915939331055
2016-10-07,17.998432159423828
2016-10-10,18.352645874023438
2016-10-11,19.26031494140625
2016-10-13,19.36362648010254
2016-10-14,20.086809158325195
2016-10-17,20.500059127807617
2016-10-18,20.477920532226562
2016-10-19,20.455781936645508
2016-10-20,20.809995651245117
2016-10-21,20.809995651245117
2016-10-24,20.987102508544922
2016-10-25,20.66240692138672
2016-10-26,20.263917922973633
2016-10-27,20.367229461669922
2016-10-28,20.389366149902344
2016-10-31,20.861648559570312
2016-11-01,21.134689331054688
2016-11-03,19.62928581237793
2016-11-04,19.297210693359375
2016-11-07,20.234399795532227
2016-11-08,20.455781936645508
2016-11-09,20.190120697021484
2016-11-10,20.920686721801758
2016-11-11,20.758337020874023
2016-11-14,20.418886184692383
2016-11-16,20.1015682220459
2016-11-17,20.1015682220459
2016-11-18,19.62190818786621
2016-11-21,20.418886184692383
2016-11-22,20.55909538269043
2016-11-23,19.813770294189453
2016-11-24,19.902324676513672
2016-11-25,19.592390060424805
2016-11-28,20.5074405670166
2016-11-29,20.35247039794922
2016-11-30,20.293434143066406
2016-12-01,20.013017654418945
2016-12-02,22.49988555908203
2016-12-05,23.687973022460938
2016-12-06,24.300466537475586
2016-12-07,24.175012588500977
2016-12-08,24.16025733947754
2016-12-09,23.761768341064453
2016-12-12,23.997909545898438
2016-12-13,24.315223693847656
2016-12-14,24.381641387939453
2016-12-15,24.64729881286621
2016-12-16,24.684194564819336
2016-12-19,24.64729881286621
2016-12-20,24.374258041381836
2016-12-21,25.171239852905273
2016-12-22,24.573503494262695
2016-12-23,24.440673828125
2016-12-26,24.27832794189453
2016-12-27,24.595643997192383
2016-12-28,25.37786102294922
2016-12-29,25.274551391601562
2017-01-02,25.090063095092773
2017-01-03,26.52167320251465
2017-01-04,26.071529388427734
2017-01-05,26.381465911865234
2017-01-06,25.864904403686523
2017-01-09,25.953454971313477
2017-01-10,26.189599990844727
2017-01-11,26.455259323120117
2017-01-12,26.875886917114258
2017-01-13,26.226499557495117
2017-01-16,26.042009353637695
2017-01-17,25.968217849731445
2017-01-18,25.975597381591797
2017-01-19,25.56972885131836
2017-01-20,25.67304039001465
2017-01-23,26.012495040893555
2017-01-24,25.36310386657715
2017-01-26,25.090063095092773
2017-01-27,25.237655639648438
2017-01-30,24.204532623291016
2017-01-31,24.012666702270508
2017-02-01,23.769147872924805
2017-02-02,23.636316299438477
2017-02-03,22.736024856567383
2017-02-06,23.07547950744629
2017-02-07,24.167633056640625
2017-02-08,24.949857711791992
2017-02-09,25.031030654907227
2017-02-10,25.05316734313965
2017-02-13,25.05316734313965
2017-02-14,25.008888244628906
2017-02-15,24.21929168701172
2017-02-16,24.455432891845703
2017-02-17,24.43329620361328
2017-02-20,25.23027229309082
2017-02-21,25.259790420532227
2017-02-22,25.16385841369629
2017-02-23,24.396398544311523
2017-02-24,23.85770034790039
2017-03-01,24.115978240966797
2017-03-02,23.88721466064453
2017-03-03,23.606800079345703
2017-03-06,23.59941864013672
2017-03-07,22.77292251586914
2017-03-08,22.544160842895508
2017-03-09,22.566299438476562
2017-03-10,22.58843994140625
2017-03-13,23.009065628051758
2017-03-14,22.433467864990234
2017-03-15,23.22307014465332
2017-03-16,23.35589599609375
2017-03-17,22.87623405456543
2017-03-20,23.466588973999023
2017-03-21,22.831960678100586
2017-03-22,22.883615493774414
2017-03-23,23.27472496032715
2017-03-24,23.28948211669922
2017-03-27,23.82080078125
2017-03-28,23.42969512939453
2017-03-29,23.754384994506836
2017-03-30,23.27472496032715
2017-03-31,23.42969512939453
2017-04-03,23.547761917114258
2017-04-04,24.263568878173828
2017-04-05,24.042186737060547
2017-04-06,24.16025733947754
2017-04-07,24.573503494262695
2017-04-10,24.48495101928711
2017-04-11,24.669437408447266
2017-04-12,24.130739212036133
2017-04-13,23.606800079345703
2017-04-17,22.94264793395996
2017-04-18,23.35589599609375
2017-04-19,22.898374557495117
2017-04-20,23.503488540649414
2017-04-24,24.204532623291016
2017-04-25,24.669437408447266
2017-04-26,24.713714599609375
2017-04-27,24.905580520629883
2017-04-28,25.193376541137695
2017-05-02,25.407379150390625
2017-05-03,25.407379150390625
2017-05-04,24.890817642211914
2017-05-05,25.060544967651367
2017-05-08,25.060544967651367
2017-05-09,25.68779945373535
2017-05-10,25.52545166015625
2017-05-11,25.178613662719727
2017-05-12,25.075305938720703
2017-05-15,24.536609649658203
2017-05-16,24.167633056640625
2017-05-17,23.510866165161133
2017-05-18,23.437070846557617
2017-05-19,23.18617057800293
2017-05-22,23.28948211669922
2017-05-23,24.130739212036133
2017-05-24,24.079082489013672
2017-05-25,24.595643997192383
2017-05-26,24.787508010864258
2017-05-29,24.787508010864258
2017-05-30,25.090063095092773
2017-05-31,24.44805335998535
2017-06-01,24.7506103515625
2017-06-02,24.839162826538086
2017-06-05,25.488554000854492
2017-06-06,25.119583129882812
2017-06-07,25.63614273071289
2017-06-08,25.599245071411133
2017-06-09,24.942476272583008
2017-06-12,24.669437408447266
2017-06-13,24.440673828125
2017-06-14,23.87245750427246
2017-06-15,23.87245750427246
2017-06-16,24.042186737060547
2017-06-19,24.521846771240234
2017-06-20,23.82080078125
2017-06-21,23.562522888183594
2017-06-22,23.96101188659668
2017-06-23,23.91673469543457
2017-06-26,24.027427673339844
2017-06-27,24.256187438964844
2017-06-28,24.662057876586914
2017-06-29,24.935094833374023
2017-06-30,25.237655639648438
2017-07-03,25.16385841369629
2017-07-04,25.34834098815918
2017-07-05,25.340965270996094
2017-07-06,24.942476272583008
2017-07-07,24.765369415283203
2017-07-10,25.451656341552734
2017-07-11,25.510692596435547
2017-07-12,25.89442253112793
2017-07-13,26.196977615356445
2017-07-14,26.654502868652344
2017-07-17,28.041833877563477
2017-07-18,28.233701705932617
2017-07-19,28.971641540527344
2017-07-20,29.429168701171875
2017-07-21,28.66908836364746
2017-07-24,28.21894645690918
2017-07-25,28.418184280395508
2017-07-26,28.359153747558594
2017-07-27,28.041833877563477
2017-07-28,27.8499755859375
2017-07-31,27.53265953063965
2017-08-01,27.584312438964844
2017-08-02,28.676467895507812
2017-08-03,28.204181671142578
2017-08-04,29.347993850708008
2017-08-07,29.51772117614746
2017-08-08,28.860952377319336
2017-08-09,28.484600067138672
2017-08-10,27.938528060913086
2017-08-11,27.842594146728516
2017-08-14,28.300119400024414
2017-08-15,28.07135581970215
2017-08-16,28.52149772644043
2017-08-17,27.879484176635742
2017-08-18,27.89424705505371
2017-08-21,27.591686248779297
2017-08-22,27.591686248779297
2017-08-23,27.41458511352539
2017-08-24,27.650726318359375
2017-08-25,27.436725616455078
2017-08-28,27.93114471435547
2017-08-29,28.447704315185547
2017-08-30,28.344392776489258
2017-08-31,28.123008728027344
2017-09-01,28.263219833374023
2017-09-04,28.772401809692383
2017-09-05,28.66908836364746
2017-09-06,29.69483184814453
2017-09-07,29.69483184814453
2017-09-08,29.14875030517578
2017-09-11,30.093320846557617
2017-09-12,30.75746726989746
2017-09-13,30.255664825439453
2017-09-14,30.181875228881836
2017-09-15,30.403255462646484
2017-09-18,30.477048873901367
2017-09-19,31.0821590423584
2017-09-20,33.16316223144531
2017-09-21,32.71302032470703
2017-09-22,32.21121597290039
2017-09-25,31.369956970214844
2017-09-26,31.643003463745117
2017-09-27,31.023128509521484
2017-09-28,31.08954429626465
2017-09-29,31.31092643737793
2017-10-02,31.52492904663086
2017-10-03,32.85322570800781
2017-10-04,32.84584426879883
2017-10-05,32.764671325683594
2017-10-06,33.78303146362305
2017-10-09,33.97490310668945
2017-10-10,33.66496276855469
2017-10-11,33.86420440673828
2017-10-12,33.86420440673828
2017-10-13,33.87896728515625
2017-10-16,34.535736083984375
2017-10-17,34.17414093017578
2017-10-18,34.3438720703125
2017-10-19,34.29959487915039
2017-10-20,34.956363677978516
2017-10-23,34.107730865478516
2017-10-24,35.030155181884766
2017-10-25,35.155609130859375
2017-10-26,35.06705093383789
2017-10-27,35.09657669067383
2017-10-30,39.295467376708984
2017-10-31,38.63869857788086
2017-11-01,37.310401916503906
2017-11-02,37.310401916503906
2017-11-03,37.12591552734375
2017-11-06,37.36943817138672
2017-11-07,36.72005081176758
2017-11-08,37.87861633300781
2017-11-09,37.19232940673828
2017-11-10,36.535560607910156
2017-11-13,35.71644592285156
2017-11-14,34.36600875854492
2017-11-15,34.36600875854492
2017-11-16,34.137245178222656
2017-11-17,34.83829116821289
2017-11-20,34.83829116821289
2017-11-21,35.2072639465332
2017-11-22,35.05229568481445
2017-11-23,34.91946792602539
2017-11-24,35.56885528564453
2017-11-27,34.314353942871094
2017-11-28,33.66496276855469
2017-11-29,33.687103271484375
2017-11-30,33.50261688232422
2017-12-01,33.377166748046875
2017-12-04,33.442989349365234
2017-12-05,33.55684280395508
2017-12-06,33.37467575073242
2017-12-07,32.96479415893555
2017-12-08,32.75226593017578
2017-12-11,33.47334671020508
2017-12-12,33.572021484375
2017-12-13,33.7769660949707
2017-12-14,34.06539535522461
2017-12-15,33.572021484375
2017-12-18,34.004669189453125
2017-12-19,33.02552032470703
2017-12-20,32.706722259521484
2017-12-21,32.7750358581543
2017-12-22,32.79780578613281
2017-12-25,32.79780578613281
2017-12-26,33.01034164428711
2017-12-27,33.169734954833984
2017-12-28,32.53973388671875
2017-12-29,32.53973388671875
2018-01-02,33.29117965698242
2018-01-03,33.01034164428711
2018-01-04,33.51129913330078
2018-01-05,34.323463439941406
2018-01-08,34.384185791015625
2018-01-09,34.4600944519043
2018-01-10,34.088165283203125
2018-01-11,35.07490921020508
2018-01-12,35.393699645996094
2018-01-15,36.22105026245117
2018-01-16,37.39754867553711
2018-01-17,37.08634567260742
2018-01-18,36.81309509277344
2018-01-19,38.49055862426758
2018-01-22,39.49247741699219
2018-01-23,38.315975189208984
2018-01-24,38.60441207885742
2018-01-25,38.60441207885742
2018-01-26,38.202125549316406
2018-01-29,38.391883850097656
2018-01-30,38.323570251464844
2018-01-31,37.50381088256836
2018-02-01,37.11670684814453
2018-02-02,37.04079818725586
2018-02-05,36.79791259765625
2018-02-06,37.00284957885742
2018-02-07,36.79791259765625
2018-02-08,35.32538986206055
2018-02-09,34.14129638671875
2018-02-14,34.991416931152344
2018-02-15,34.7105712890625
2018-02-16,33.41262435913086
2018-02-19,34.057804107666016
2018-02-20,34.94587707519531
2018-02-21,35.37852478027344
2018-02-22,35.40129089355469
2018-02-23,36.20587158203125
2018-02-26,35.826351165771484
2018-02-27,35.340572357177734
2018-02-28,35.24948501586914
2018-03-01,34.892738342285156
2018-03-02,35.18117141723633
2018-03-05,34.96105194091797
2018-03-06,35.51514434814453
2018-03-07,35.416473388671875
2018-03-08,35.40129089355469
2018-03-09,36.281768798828125
2018-03-12,36.585384368896484
2018-03-13,36.37285614013672
2018-03-14,35.83393859863281
2018-03-15,35.87189483642578
2018-03-16,36.81309509277344
2018-03-19,36.07683181762695
2018-03-20,35.99333572387695
2018-03-21,36.32731246948242
2018-03-22,35.83393859863281
2018-03-23,35.31779479980469
2018-03-26,36.00093078613281
2018-03-27,34.794063568115234
2018-03-28,34.11093521118164
2018-03-29,36.43357849121094
2018-04-02,35.36334228515625
2018-04-03,35.08250045776367
2018-04-04,35.15840530395508
2018-04-05,35.64418029785156
2018-04-06,35.23430252075195
2018-04-09,35.59864044189453
2018-04-10,36.585384368896484
2018-04-11,36.27417755126953
2018-04-12,36.532249450683594
2018-04-13,36.02369689941406
2018-04-16,35.99333572387695
2018-04-17,36.2286376953125
2018-04-18,36.471527099609375
2018-04-19,36.47911834716797
2018-04-20,35.75044631958008
2018-04-23,35.9326171875
2018-04-24,35.67454528808594
2018-04-25,34.331058502197266
2018-04-26,34.498043060302734
2018-04-27,34.90792465209961
2018-04-30,34.64985275268555
2018-05-02,36.14864730834961
2018-05-03,35.21369934082031
2018-05-04,36.18174362182617
2018-05-07,35.9914436340332
2018-05-08,36.10727310180664
2018-05-09,36.595436096191406
2018-05-10,38.2750358581543
2018-05-11,37.489017486572266
2018-05-14,37.762054443359375
2018-05-15,39.301002502441406
2018-05-16,41.36947250366211
2018-05-17,40.062198638916016
2018-05-18,39.92981719970703
2018-05-21,38.597721099853516
2018-05-22,38.167476654052734
2018-05-23,37.99372100830078
2018-05-24,40.11184310913086
2018-05-25,39.301002502441406
2018-05-28,37.89443588256836
2018-05-29,37.191158294677734
2018-05-30,37.56348419189453
2018-06-01,37.01740646362305
2018-06-04,36.98430633544922
2018-06-05,36.570613861083984
2018-06-06,37.191158294677734
2018-06-07,36.281028747558594
2018-06-08,35.55292510986328
2018-06-11,35.3460807800293
2018-06-12,34.95720672607422
2018-06-13,34.502140045166016
2018-06-14,34.022254943847656
2018-06-15,41.303279876708984
2018-06-18,40.99714660644531
2018-06-19,40.823394775390625
2018-06-20,40.70756530761719
2018-06-21,42.37888717651367
2018-06-22,41.98174285888672
2018-06-25,42.362342834472656
2018-06-26,41.79971694946289
2018-06-27,41.02197265625
2018-06-28,41.6259651184082
2018-06-29,41.998291015625
2018-07-02,42.22996139526367
2018-07-03,41.7004280090332
2018-07-04,41.038516998291016
2018-07-05,40.93096160888672
2018-07-06,40.85649108886719
2018-07-10,43.545509338378906
2018-07-11,44.414268493652344
2018-07-12,43.4627685546875
2018-07-13,43.603424072265625
2018-07-16,43.68616485595703
2018-07-17,43.603424072265625
2018-07-18,43.76890182495117
2018-07-19,43.52068328857422
2018-07-20,42.627105712890625
2018-07-23,42.1885871887207
2018-07-24,42.742942810058594
2018-07-25,43.39657974243164
2018-07-26,42.98288345336914
2018-07-27,43.115264892578125
2018-07-30,44.099857330322266
2018-07-31,45.266475677490234
2018-08-01,45.43195343017578
2018-08-02,44.985164642333984
2018-08-03,46.21797561645508
2018-08-06,45.9449348449707
2018-08-07,46.400001525878906
2018-08-08,45.754634857177734
2018-08-09,46.15178298950195
2018-08-10,45.99458312988281
2018-08-13,45.87874984741211
2018-08-14,47.152923583984375
2018-08-15,46.780601501464844
2018-08-16,47.11983108520508
2018-08-17,46.66476821899414
2018-08-20,45.605709075927734
2018-08-21,45.837379455566406
2018-08-22,47.16947555541992
2018-08-23,48.071327209472656
2018-08-24,49.378604888916016
2018-08-27,49.07246780395508
2018-08-28,49.568904876708984
2018-08-29,49.643367767333984
2018-08-30,49.237945556640625
2018-08-31,48.98972702026367
2018-09-03,49.31241226196289
2018-09-04,49.62681579589844
2018-09-05,50.22254180908203
2018-09-06,51.0168342590332
2018-09-10,49.47789001464844
2018-09-11,49.14693832397461
2018-09-12,49.70128631591797
2018-09-13,50.338375091552734
2018-09-14,50.88445281982422
2018-09-17,50.88445281982422
2018-09-18,50.65278625488281
2018-09-19,49.742652893066406
2018-09-20,49.54408264160156
2018-09-21,49.60200119018555
2018-09-24,48.50984573364258
2018-09-25,50.47903060913086
2018-09-26,49.767478942871094
2018-09-27,49.8833122253418
2018-09-28,48.352638244628906
2018-10-01,46.99571990966797
2018-10-02,46.99571990966797
2018-10-03,46.63167190551758
2018-10-04,45.92011260986328
2018-10-05,45.50642013549805
2018-10-08,45.81255340576172
2018-10-09,44.976890563964844
2018-10-10,44.306705474853516
2018-10-11,43.28901672363281
2018-10-15,42.693294525146484
2018-10-16,42.83395004272461
2018-10-17,42.73466491699219
2018-10-18,44.26533508300781
2018-10-19,44.9686164855957
2018-10-22,44.18260192871094
2018-10-23,43.76890182495117
2018-10-24,42.296146392822266
2018-10-25,41.915550231933594
2018-10-26,41.28673553466797
2018-10-29,40.99714660644531
2018-10-30,40.39315414428711
2018-10-31,43.14836120605469
2018-11-01,43.18973159790039
2018-11-05,43.77717590332031
2018-11-06,43.86819076538086
2018-11-07,44.38117218017578
2018-11-08,44.000572204589844
2018-11-09,43.67789077758789
2018-11-12,42.57746124267578
2018-11-13,41.328102111816406
2018-11-14,41.12125778198242
2018-11-16,44.19087219238281
2018-11-19,44.38944625854492
2018-11-21,45.3409423828125
2018-11-22,44.95206832885742
2018-11-23,44.770042419433594
2018-11-26,45.1506462097168
2018-11-27,45.117549896240234
2018-11-28,45.4154052734375
2018-11-29,46.193153381347656
2018-11-30,44.827964782714844
2018-12-03,44.38117218017578
2018-12-04,43.57032775878906
2018-12-05,42.196861267089844
2018-12-06,41.61769104003906
2018-12-07,41.2122688293457
2018-12-10,40.86476516723633
2018-12-11,40.475894927978516
2018-12-12,40.87303924560547
2018-12-13,40.252498626708984
2018-12-14,39.71469497680664
2018-12-17,39.350643157958984
2018-12-18,39.40028762817383
2018-12-19,39.39201354980469
2018-12-20,38.8459358215332
2018-12-21,38.647361755371094
2018-12-26,38.390872955322266
2018-12-27,38.390872955322266
2018-12-28,39.201717376708984
2019-01-02,39.971187591552734
2019-01-03,40.21112823486328
2019-01-04,39.764339447021484
2019-01-07,39.48302459716797
2019-01-08,39.45819854736328
2019-01-09,39.72296905517578
2019-01-10,39.30927276611328
2019-01-11,39.863624572753906
2019-01-14,39.94636154174805
2019-01-15,39.987735748291016
2019-01-16,39.88017272949219
2019-01-17,39.19343948364258
2019-01-18,38.29985809326172
2019-01-21,38.82111358642578
2019-01-22,40.004276275634766
2019-01-23,40.26904296875
2019-01-24,40.91440963745117
2019-01-28,41.667335510253906
2019-01-29,41.6259651184082
2019-01-30,42.842227935791016
2019-01-31,43.23937225341797
2019-02-01,43.27246856689453
2019-02-04,43.68616485595703
2019-02-05,44.50528335571289
2019-02-06,43.950927734375
2019-02-07,43.27246856689453
2019-02-08,43.09044647216797
2019-02-11,44.65420913696289
2019-02-12,45.4567756652832
2019-02-13,45.82082748413086
2019-02-14,46.110416412353516
2019-02-15,45.98630905151367
2019-02-18,45.39885711669922
2019-02-19,46.21797561645508
2019-02-20,45.804283142089844
2019-02-21,45.50642013549805
2019-02-22,46.292442321777344
2019-02-25,46.28416442871094
2019-02-26,46.3586311340332
2019-02-27,45.688446044921875
2019-02-28,45.009986877441406
2019-03-01,45.54779052734375
2019-03-06,45.117549896240234
2019-03-07,45.09272384643555
2019-03-08,45.489871978759766
2019-03-11,45.74636459350586
2019-03-12,45.05135726928711
2019-03-13,45.23337936401367
2019-03-14,45.79600524902344
2019-03-15,45.183738708496094
2019-03-18,45.2251091003418
2019-03-19,44.47218704223633
2019-03-20,43.9095573425293
2019-03-21,43.18145751953125
2019-03-22,42.93323516845703
2019-03-25,42.362342834472656
2019-03-26,42.67675018310547
2019-03-27,41.311553955078125
2019-03-28,42.5278205871582
2019-03-29,42.1141242980957
2019-04-01,42.80085372924805
2019-04-02,41.12125778198242
2019-04-03,40.29386901855469
2019-04-04,40.417972564697266
2019-04-05,40.318687438964844
2019-04-08,40.1614875793457
2019-04-09,39.47475051879883
2019-04-10,39.40028762817383
2019-04-11,40.7572021484375
2019-04-12,40.6082763671875
2019-04-15,40.326961517333984
2019-04-16,40.260772705078125
2019-04-17,40.43452072143555
2019-04-18,39.97945785522461
2019-04-22,40.31041717529297
2019-04-23,40.21112823486328
2019-04-24,39.648502349853516
2019-04-25,39.135520935058594
2019-04-26,38.43224334716797
2019-04-29,39.68987274169922
2019-04-30,39.53266906738281
2019-05-02,38.12610626220703
2019-05-03,38.13438034057617
2019-05-06,37.3731803894043
2019-05-07,36.463050842285156
2019-05-08,36.19828796386719
2019-05-09,33.53409194946289
2019-05-10,33.13694763183594
2019-05-13,30.82025909423828
2019-05-14,31.9289608001709
2019-05-15,31.895862579345703
2019-05-16,31.184309005737305
2019-05-17,30.356918334960938
2019-05-20,33.426536560058594
2019-05-21,35.70185470581055
2019-05-22,35.1640510559082
2019-05-23,35.42881393432617
2019-05-24,34.04707717895508
2019-05-27,34.17118453979492
2019-05-28,34.899288177490234
2019-05-29,35.0068473815918
2019-05-30,34.01398468017578
2019-05-31,35.395721435546875
2019-06-03,34.088443756103516
2019-06-04,28.255352020263672
2019-06-05,28.213979721069336
2019-06-06,27.552066802978516
2019-06-07,27.10527801513672
2019-06-10,27.1962890625
2019-06-11,28.213979721069336
2019-06-12,28.329814910888672
2019-06-13,29.165481567382812
2019-06-14,28.586305618286133
2019-06-17,28.089872360229492
2019-06-18,29.413694381713867
2019-06-19,29.62054443359375
2019-06-21,29.372325897216797
2019-06-24,29.926673889160156
2019-06-25,29.529531478881836
2019-06-26,29.562623977661133
2019-06-27,28.875892639160156
2019-06-28,28.98345184326172
2019-07-01,28.98345184326172
2019-07-02,29.033098220825195
2019-07-03,29.19857406616211
2019-07-04,30.241085052490234
2019-07-05,30.869901657104492
2019-07-08,30.878173828125
2019-07-10,30.563766479492188
2019-07-11,30.390012741088867
2019-07-12,30.37346649169922
2019-07-15,30.456207275390625
2019-07-16,29.728103637695312
2019-07-17,29.70328140258789
2019-07-18,29.868757247924805
2019-07-19,29.74464988708496
2019-07-22,29.19857406616211
2019-07-23,29.041370391845703
2019-07-24,28.950359344482422
2019-07-25,28.875892639160156
2019-07-26,28.834518432617188
2019-07-29,28.24707794189453
2019-07-30,28.230527877807617
2019-07-31,28.164339065551758
2019-08-01,27.816831588745117
2019-08-02,27.427963256835938
2019-08-05,27.030811309814453
2019-08-06,26.881885528564453
2019-08-07,26.459915161132812
2019-08-08,25.85592269897461
2019-08-09,25.706989288330078
2019-08-12,25.59943199157715
2019-08-13,26.17032814025879
2019-08-14,25.46704864501953
2019-08-15,25.069900512695312
2019-08-16,24.4907283782959
2019-08-19,24.002567291259766
2019-08-20,23.38202667236328
2019-08-21,23.456491470336914
2019-08-22,23.075891494750977
2019-08-23,22.174036026000977
2019-08-26,21.793437957763672
2019-08-27,21.611413955688477
2019-08-28,23.001426696777344
2019-08-29,23.944650650024414
2019-08-30,23.348928451538086
2019-09-02,23.208274841308594
2019-09-03,22.736663818359375
2019-09-04,23.886734008789062
2019-09-05,23.621967315673828
2019-09-06,23.663339614868164
2019-09-09,24.6065616607666
2019-09-10,24.656206130981445
2019-09-11,24.821683883666992
2019-09-12,24.871326446533203
2019-09-13,24.639659881591797
2019-09-16,24.515548706054688
2019-09-17,25.218830108642578
2019-09-18,26.095863342285156
2019-09-19,25.45050048828125
2019-09-20,26.799144744873047
2019-09-23,27.163198471069336
2019-09-24,26.608844757080078
2019-09-25,26.766048431396484
2019-09-26,26.832242965698242
2019-09-27,27.047361373901367
2019-09-30,26.906705856323242
2019-10-01,26.244792938232422
2019-10-02,25.43395233154297
2019-10-03,25.326393127441406
2019-10-04,25.401779174804688
2019-10-07,24.500041961669922
2019-10-08,23.81097984313965
2019-10-09,24.21931266784668
2019-10-10,24.14274787902832
2019-10-11,24.83181381225586
2019-10-14,24.950910568237305
2019-10-15,25.061500549316406
2019-10-16,25.087020874023438
2019-10-17,24.755252838134766
2019-10-18,24.287368774414062
2019-10-21,24.40646743774414
2019-10-22,23.870527267456055
2019-10-23,24.295875549316406
2019-10-24,23.52174186706543
2019-10-25,23.462194442749023
2019-10-28,23.759937286376953
2019-10-29,23.69188117980957
2019-10-30,23.657854080200195
2019-10-31,23.56427764892578
2019-11-01,23.708894729614258
2019-11-04,24.270355224609375
2019-11-05,25.189105987548828
2019-11-06,24.670181274414062
2019-11-07,26.133377075195312
2019-11-08,26.584247589111328
2019-11-11,26.711851119995117
2019-11-12,25.827129364013672
2019-11-13,25.93771743774414
2019-11-14,24.508548736572266
2019-11-18,24.270355224609375
2019-11-19,23.870527267456055
2019-11-21,23.462194442749023
2019-11-22,23.73441505432129
2019-11-25,23.69188117980957
2019-11-26,23.73441505432129
2019-11-27,23.615318298339844
2019-11-28,23.56427764892578
2019-11-29,23.81097984313965
2019-12-02,24.040666580200195
2019-12-03,24.414974212646484
2019-12-04,24.525562286376953
2019-12-05,24.363929748535156
2019-12-06,24.933895111083984
2019-12-09,24.70421028137207
2019-12-10,24.780771255493164
2019-12-11,24.950910568237305
2019-12-12,24.916885375976562
2019-12-13,24.780771255493164
2019-12-16,24.363929748535156
2019-12-17,24.210803985595703
2019-12-18,24.47452163696289
2019-12-19,23.827991485595703
2019-12-20,24.14274787902832
2019-12-23,24.882856369018555
2019-12-26,25.665496826171875
2019-12-27,25.895183563232422
2019-12-30,25.393274307250977
2020-01-02,25.861156463623047
2020-01-03,27.009593963623047
2020-01-06,28.413244247436523
2020-01-07,27.67313575744629
2020-01-08,29.059772491455078
2020-01-09,29.646751403808594
2020-01-10,29.306474685668945
2020-01-13,28.923662185668945
2020-01-14,29.153348922729492
2020-01-15,28.60039710998535
2020-01-16,28.991716384887695
2020-01-17,29.153348922729492
2020-01-20,29.289461135864258
2020-01-21,30.233732223510742
2020-01-22,30.931303024291992
2020-01-23,33.17713928222656
2020-01-24,32.011688232421875
2020-01-27,29.961509704589844
2020-01-28,29.068279266357422
2020-01-29,27.945358276367188
2020-01-30,27.0521297454834
2020-01-31,26.839454650878906
2020-02-03,28.455780029296875
2020-02-04,28.413244247436523
2020-02-05,29.1873779296875
2020-02-06,27.009593963623047
2020-02-07,27.03511619567871
2020-02-10,26.703344345092773
2020-02-11,27.358379364013672
2020-02-12,27.103172302246094
2020-02-13,26.226953506469727
2020-02-14,26.31202507019043
2020-02-17,26.541711807250977
2020-02-18,26.6693172454834
2020-02-19,27.13719940185547
2020-02-20,26.86497688293457
2020-02-21,26.031295776367188
2020-02-26,24.55959129333496
2020-02-27,23.30906867980957
2020-02-28,22.875211715698242
2020-03-02,23.394136428833008
2020-03-03,23.887540817260742
2020-03-04,24.653165817260742
2020-03-05,22.747608184814453
2020-03-06,21.326946258544922
2020-03-09,18.61322593688965
2020-03-10,21.369482040405273
2020-03-11,18.502635955810547
2020-03-12,14.036482810974121
2020-03-13,16.81825828552246
2020-03-16,14.444816589355469
2020-03-17,14.529886245727539
2020-03-18,10.973977088928223
2020-03-19,10.676234245300293
2020-03-20,10.038211822509766
2020-03-23,8.566507339477539
2020-03-24,9.697932243347168
2020-03-25,12.777453422546387
2020-03-26,16.358882904052734
2020-03-27,15.074331283569336
2020-03-30,15.057318687438965
2020-03-31,14.648982048034668
2020-04-01,13.84082317352295
2020-04-02,14.351240158081055
2020-04-03,13.287870407104492
2020-04-06,14.087523460388184
2020-04-07,14.223634719848633
2020-04-08,14.044990539550781
2020-04-09,13.857837677001953
2020-04-13,14.300198554992676
2020-04-14,18.40055274963379
2020-04-15,18.23041343688965
2020-04-16,18.375032424926758
2020-04-17,17.864614486694336
2020-04-20,17.771038055419922
2020-04-22,17.660446166992188
2020-04-23,17.60089874267578
2020-04-24,16.103673934936523
2020-04-27,18.28145408630371
2020-04-28,19.004547119140625
2020-04-29,18.672775268554688
2020-04-30,17.98371124267578
2020-05-04,17.949684143066406
2020-05-05,17.592391967773438
2020-05-06,17.098987579345703
2020-05-07,17.388225555419922
2020-05-08,17.337181091308594
2020-05-11,18.78336524963379
2020-05-12,17.41374397277832
2020-05-13,18.434581756591797
2020-05-14,18.859928131103516
2020-05-15,19.9403133392334
2020-05-18,22.92625617980957
2020-05-19,22.118093490600586
2020-05-20,22.262712478637695
2020-05-21,22.44986343383789
2020-05-22,22.109586715698242
2020-05-25,22.44986343383789
2020-05-26,22.517921447753906
2020-05-27,23.47920799255371
2020-05-28,24.670181274414062
2020-05-29,23.598304748535156
2020-06-01,23.75143051147461
2020-06-02,24.993444442749023
2020-06-03,23.776952743530273
2020-06-04,23.155942916870117
2020-06-05,23.172956466674805
2020-06-08,23.43667221069336
2020-06-09,22.96879005432129
2020-06-10,22.78163719177246
2020-06-12,21.012189865112305
2020-06-15,20.84204864501953
2020-06-16,21.326946258544922
2020-06-17,21.70125389099121
2020-06-18,21.78632164001465
2020-06-19,21.862886428833008
2020-06-22,21.122779846191406
2020-06-23,21.182327270507812
2020-06-24,20.238056182861328
2020-06-25,19.897775650024414
2020-06-26,19.489442825317383
2020-06-29,19.67659568786621
2020-06-30,19.753158569335938
2020-07-01,20.382673263549805
2020-07-02,20.11895751953125
2020-07-03,19.999862670898438
2020-07-06,20.52729034423828
2020-07-07,20.24656105041504
2020-07-08,21.565141677856445
2020-07-09,20.050901412963867
2020-07-10,20.07642364501953
2020-07-13,19.770172119140625
2020-07-14,20.161495208740234
2020-07-15,20.510278701782227
2020-07-16,20.620868682861328
2020-07-17,21.335453033447266
2020-07-20,21.36097526550293
2020-07-21,20.935626983642578
2020-07-22,20.60385513305664
2020-07-23,20.442224502563477
2020-07-24,20.535799026489258
2020-07-27,20.45073127746582
2020-07-28,20.24656105041504
2020-07-29,20.40819549560547
2020-07-30,20.255069732666016
2020-07-31,19.395864486694336
2020-08-03,19.82121467590332
2020-08-04,19.200206756591797
2020-08-05,19.90628433227539
2020-08-06,20.501771926879883
2020-08-07,19.897775650024414
2020-08-10,21.752294540405273
2020-08-11,21.04621696472168
2020-08-12,20.98666763305664
2020-08-13,20.484758377075195
2020-08-14,20.39118003845215
2020-08-17,19.948820114135742
2020-08-18,20.399686813354492
2020-08-19,20.144479751586914
2020-08-20,20.739965438842773
2020-08-21,20.57833480834961
2020-08-24,20.586841583251953
2020-08-25,19.86374855041504
2020-08-26,19.319303512573242
2020-08-27,18.91097068786621
2020-08-28,18.706802368164062
2020-08-31,18.111316680908203
2020-09-01,18.289960861206055
2020-09-02,18.128328323364258
2020-09-03,17.881628036499023
2020-09-04,18.61322593688965
2020-09-08,18.88545036315918
2020-09-09,18.859928131103516
2020-09-10,18.59621238708496
2020-09-11,18.40055274963379
2020-09-14,18.706802368164062
2020-09-15,18.970518112182617
2020-09-16,18.76634979248047
2020-09-17,19.242740631103516
2020-09-18,18.553678512573242
2020-09-21,18.825899124145508
2020-09-22,19.259754180908203
2020-09-23,18.06878089904785
2020-09-24,17.881628036499023
2020-09-25,17.677461624145508
2020-09-28,16.86079216003418
2020-09-29,17.04794692993164
2020-09-30,17.68596839904785
2020-10-01,18.1368350982666
2020-10-02,17.68596839904785
2020-10-05,17.907148361206055
2020-10-06,18.71531105041504
2020-10-07,18.902463912963867
2020-10-08,18.69829559326172
2020-10-09,18.1368350982666
2020-10-13,18.46860694885254
2020-10-14,18.24742889404297
2020-10-15,18.00072479248047
2020-10-16,19.004547119140625
2020-10-19,19.217222213745117
2020-10-20,19.7786808013916
2020-10-21,20.714445114135742
2020-10-22,20.739965438842773
2020-10-23,21.641704559326172
2020-10-26,20.952640533447266
2020-10-27,20.60385513305664
2020-10-28,19.90628433227539
2020-10-29,19.608539581298828
2020-10-30,19.429893493652344
2020-11-03,19.48093605041504
2020-11-04,18.97902488708496
2020-11-05,19.531978607177734
2020-11-06,20.586841583251953
2020-11-09,20.56131935119629
2020-11-10,21.62468910217285
2020-11-11,20.20402717590332
2020-11-12,20.101943969726562
2020-11-13,21.012189865112305
2020-11-16,20.357152938842773
2020-11-17,20.45923614501953
2020-11-18,20.067916870117188
2020-11-19,19.787187576293945
2020-11-23,20.03388786315918
2020-11-24,20.161495208740234
2020-11-25,20.399686813354492
2020-11-26,20.050901412963867
2020-11-27,19.9403133392334
2020-11-30,19.22572898864746
2020-12-01,19.923297882080078
2020-12-02,18.95350456237793
2020-12-03,18.757843017578125
2020-12-04,18.851421356201172
2020-12-07,18.732324600219727
2020-12-08,18.61322593688965
2020-12-09,18.477113723754883
2020-12-10,18.409059524536133
2020-12-11,18.29846954345703
2020-12-14,18.094303131103516
2020-12-15,18.043258666992188
2020-12-16,19.05558967590332
2020-12-17,20.501771926879883
2020-12-18,20.195520401000977
2020-12-21,19.79569435119629
2020-12-22,19.62555503845215
2020-12-23,19.770172119140625
2020-12-28,19.591527938842773
2020-12-29,19.897775650024414
2020-12-30,20.050901412963867
2021-01-04,19.86374855041504
2021-01-05,19.872257232666016
2021-01-06,20.646390914916992
2021-01-07,21.15680694580078
2021-01-08,21.003681182861328
2021-01-11,21.352468490600586
2021-01-12,21.36097526550293
2021-01-13,21.352468490600586
2021-01-14,21.4715633392334
2021-01-15,21.437538146972656
2021-01-18,21.122779846191406
2021-01-19,21.590662002563477
2021-01-20,21.446044921875
2021-01-21,21.122779846191406
2021-01-22,20.425209045410156
2021-01-26,20.11895751953125
2021-01-27,19.82121467590332
2021-01-28,20.272083282470703
2021-01-29,20.60385513305664
2021-02-01,21.74378776550293
2021-02-02,23.121915817260742
2021-02-03,24.55959129333496
2021-02-04,25.274173736572266
2021-02-05,24.806291580200195
2021-02-08,24.355422973632812
2021-02-09,24.66167449951172
2021-02-10,24.508548736572266
2021-02-11,24.950910568237305
2021-02-12,25.708030700683594
2021-02-17,25.963239669799805
2021-02-18,25.708030700683594
2021-02-19,26.073829650878906
2021-02-22,25.52938461303711
2021-02-23,25.59743881225586
2021-02-24,28.192062377929688
2021-02-25,26.99258041381836
2021-02-26,26.592754364013672
2021-03-01,27.03511619567871
2021-03-02,25.95473289489746
2021-03-03,25.104036331176758
2021-03-04,25.631467819213867
2021-03-05,25.97174644470215
2021-03-08,25.691017150878906
2021-03-09,26.788414001464844
2021-03-10,27.315845489501953
2021-03-11,28.251611709594727
2021-03-12,28.693973541259766
2021-03-15,29.408557891845703
2021-03-16,30.616548538208008
2021-03-17,31.833038330078125
2021-03-18,31.858562469482422
2021-03-19,31.628873825073242
2021-03-22,31.441720962524414
2021-03-23,31.195016860961914
2021-03-24,31.764986038208008
2021-03-25,32.13078689575195
2021-03-26,32.249881744384766
2021-03-29,33.262210845947266
2021-03-30,34.691375732421875
2021-03-31,33.764122009277344
2021-04-01,34.50422668457031
2021-04-05,35.34641647338867
2021-04-06,35.86534118652344
2021-04-07,38.00058364868164
2021-04-08,37.43062210083008
2021-04-09,36.89468002319336
2021-04-12,39.77853775024414
2021-04-13,39.90614318847656
2021-04-14,39.863609313964844
2021-04-15,41.2757682800293
2021-04-16,42.517784118652344
2021-04-19,44.90823745727539
2021-04-20,44.02351379394531
2021-04-22,43.22386169433594
2021-04-23,44.76361846923828
2021-04-26,45.93758010864258
2021-04-27,47.724037170410156
2021-04-28,46.98393630981445
2021-04-29,47.970741271972656
2021-04-30,44.661537170410156
2021-05-03,42.568824768066406
2021-05-04,42.194515228271484
2021-05-05,44.31275177001953
2021-05-06,43.30042266845703
2021-05-07,44.423343658447266
2021-05-10,43.717262268066406
2021-05-11,44.32976150512695
2021-05-12,43.48757553100586
2021-05-13,43.68323516845703
2021-05-14,44.33827209472656
2021-05-17,45.73341369628906
2021-05-18,44.06604766845703
2021-05-19,43.53010940551758
2021-05-20,42.517784118652344
2021-05-21,43.232364654541016
2021-05-24,43.04521179199219
2021-05-25,43.096256256103516
2021-05-26,43.8788948059082
2021-05-27,44.05754089355469
2021-05-28,44.01500701904297
2021-05-31,42.59434509277344
2021-06-01,45.38462448120117
2021-06-02,47.57091522216797
2021-06-04,50.11449432373047
2021-06-07,51.21189498901367
2021-06-08,47.95372772216797
2021-06-09,48.51518630981445
2021-06-10,50.58237838745117
2021-06-11,48.744876861572266
2021-06-14,47.93671417236328
2021-06-15,48.82143783569336
2021-06-16,48.404598236083984
2021-06-17,45.80146789550781
2021-06-18,45.988624572753906
2021-06-21,46.88185119628906
2021-06-22,46.694698333740234
2021-06-23,48.013275146484375
2021-06-24,48.404598236083984
2021-06-25,47.145565032958984
2021-06-28,47.89418029785156
2021-06-29,50.46328353881836
2021-06-30,50.658939361572266
2021-07-01,49.63810729980469
2021-07-02,51.04175567626953
2021-07-05,51.9434928894043
2021-07-06,50.208072662353516
2021-07-07,50.04644012451172
2021-07-08,49.67213439941406
2021-07-12,51.38203430175781
2021-07-13,50.871612548828125
2021-07-14,53.219539642333984
2021-07-15,52.81970977783203
2021-07-16,51.407554626464844
2021-07-19,50.51432418823242
2021-07-20,51.13533020019531
2021-07-21,53.483253479003906
2021-07-22,53.08342361450195
2021-07-23,50.13151168823242
2021-07-26,51.25442886352539
2021-07-27,49.340362548828125
2021-07-28,50.276126861572266
2021-07-29,50.49730682373047
2021-07-30,49.127689361572266
2021-08-02,49.5360221862793
2021-08-03,49.35737609863281
2021-08-04,49.18724060058594
2021-08-05,47.137062072753906
2021-08-06,48.03879928588867
2021-08-09,48.574737548828125
2021-08-10,48.48115921020508
2021-08-11,48.259979248046875
2021-08-12,47.7580680847168
2021-08-13,48.05581283569336
2021-08-16,46.41396713256836
2021-08-17,44.661537170410156
2021-08-18,46.54157257080078
2021-08-19,48.88098907470703
2021-08-20,49.833770751953125
2021-08-23,51.10981369018555
2021-08-24,51.45859909057617
2021-08-25,53.47474670410156
2021-08-26,52.45390701293945
2021-08-27,53.253562927246094
2021-08-30,53.15999221801758
2021-08-31,56.137420654296875
2021-09-01,57.49003219604492
2021-09-02,57.056175231933594
2021-09-03,56.80947494506836
2021-09-06,57.056175231933594
2021-09-08,55.53342819213867
2021-09-09,57.0646858215332
2021-09-10,57.16676330566406
2021-09-13,57.3369026184082
2021-09-14,59.05530548095703
2021-09-15,59.69333267211914
2021-09-16,59.1148567199707
2021-09-17,56.15443801879883
2021-09-20,49.67213439941406
2021-09-21,49.73168182373047
2021-09-22,48.70234298706055
2021-09-23,48.14938735961914
2021-09-24,49.306331634521484
2021-09-27,48.889495849609375
2021-09-28,47.40928268432617
2021-09-29,51.705299377441406
2021-09-30,50.48029708862305
2021-10-01,50.42925262451172
2021-10-04,50.11449432373047
2021-10-05,50.769535064697266
2021-10-06,48.48966598510742
2021-10-07,48.18341827392578
2021-10-08,49.24678421020508
2021-10-11,48.07282638549805
2021-10-13,49.944358825683594
2021-10-14,49.127689361572266
2021-10-15,50.13151168823242
2021-10-18,50.327171325683594
2021-10-19,48.90650939941406
2021-10-20,50.43775939941406
2021-10-21,48.45563888549805
2021-10-22,46.67768478393555
2021-10-25,47.66448974609375
2021-10-26,48.51518630981445
2021-10-27,48.45563888549805
2021-10-28,48.0047721862793
2021-10-29,46.32889938354492
2021-11-01,45.639835357666016
2021-11-03,46.03966522216797
2021-11-04,45.28254318237305
2021-11-05,46.524559020996094
2021-11-08,47.4603271484375
2021-11-09,47.89418029785156
2021-11-10,42.203025817871094
2021-11-11,40.96100997924805
2021-11-12,41.25875473022461
2021-11-16,41.003543853759766
2021-11-17,39.3106575012207
2021-11-18,39.6339225769043
2021-11-19,40.11881637573242
2021-11-22,39.965694427490234
2021-11-23,42.636878967285156
2021-11-24,43.4365348815918
2021-11-25,44.05754089355469
2021-11-26,42.84104919433594
2021-11-29,44.40633010864258
2021-11-30,42.57733154296875
2021-12-01,44.89972686767578
2021-12-02,49.170223236083984
2021-12-03,51.46710205078125
2021-12-06,56.486209869384766
2021-12-07,56.63933563232422
2021-12-08,55.75461196899414
2021-12-09,51.90861129760742
2021-12-10,52.10086441040039
2021-12-13,51.67790603637695
2021-12-14,50.495540618896484
2021-12-15,53.61967086791992
2021-12-16,53.302452087402344
2021-12-17,53.052520751953125
2021-12-20,53.302452087402344
2021-12-21,53.879215240478516
2021-12-22,54.40791320800781
2021-12-23,55.023128509521484
2021-12-27,55.14809036254883
2021-12-28,55.07119369506836
2021-12-29,55.07119369506836
2021-12-30,55.39802551269531
2022-01-03,54.63861846923828
2022-01-04,54.29256057739258
2022-01-05,51.68751907348633
2022-01-06,50.84159851074219
2022-01-07,50.697410583496094
2022-01-10,51.504878997802734
2022-01-11,50.88966369628906
2022-01-12,51.09153366088867
2022-01-13,50.03413391113281
2022-01-14,50.13987350463867
2022-01-17,46.76581573486328
2022-01-18,47.22722244262695
2022-01-19,47.29451370239258
2022-01-20,47.28489685058594
2022-01-21,46.3332405090332
2022-01-24,48.015464782714844
2022-01-25,47.948177337646484
2022-01-26,45.948734283447266
2022-01-27,44.70869445800781
2022-01-28,48.06352996826172
2022-01-31,47.26567077636719
2022-02-01,49.37085723876953
2022-02-02,49.06325149536133
2022-02-03,49.39008331298828
2022-02-04,51.99512481689453
2022-02-07,52.60072708129883
2022-02-08,51.94706344604492
2022-02-09,51.80287170410156
2022-02-10,52.50459671020508
2022-02-11,51.13959503173828
2022-02-14,50.56283187866211
2022-02-15,49.611175537109375
2022-02-16,49.534271240234375
2022-02-17,48.803707122802734
2022-02-18,48.09236526489258
2022-02-21,46.140987396240234
2022-02-22,45.36235809326172
2022-02-23,45.06436538696289
2022-02-24,44.98746109008789
2022-02-25,45.88144302368164
2022-03-02,45.304683685302734
2022-03-03,46.56394577026367
2022-03-04,45.56422805786133
2022-03-07,43.497493743896484
2022-03-08,42.4881591796875
2022-03-09,44.18960952758789
2022-03-10,44.891334533691406
2022-03-11,43.79549026489258
2022-03-14,43.25717544555664
2022-03-15,43.31485366821289
2022-03-16,43.9685173034668
2022-03-17,44.439537048339844
2022-03-18,45.160491943359375
2022-03-21,43.449432373046875
2022-03-22,45.15087890625
2022-03-23,44.929786682128906
2022-03-24,44.79520797729492
2022-03-25,43.75703811645508
2022-03-28,43.71858596801758
2022-03-29,44.17999267578125
2022-03-30,43.81471252441406
2022-03-31,42.584285736083984
2022-04-01,42.680416107177734
2022-04-04,42.81499099731445
2022-04-05,41.40192413330078
2022-04-06,40.882835388183594
2022-04-07,43.72819900512695
2022-04-08,42.43048095703125
2022-04-11,43.22834014892578
2022-04-12,42.46893310546875
2022-04-13,42.33435821533203
2022-04-14,41.94023513793945
2022-04-18,42.15171432495117
2022-04-19,42.1036491394043
2022-04-20,41.38999938964844
2022-04-22,40.29999923706055
2022-04-25,41.279998779296875
2022-04-26,40.52000045776367
2022-04-27,41.0
2022-04-28,40.75
2022-04-29,40.220001220703125
2022-05-02,41.150001525878906
2022-05-03,41.439998626708984
2022-05-04,41.619998931884766
2022-05-05,40.11000061035156
2022-05-06,39.5
2022-05-09,40.4900016784668
2022-05-10,39.209999084472656
2022-05-11,40.81999969482422
2022-05-12,40.279998779296875
2022-05-13,41.86000061035156
2022-05-16,42.400001525878906
2022-05-17,44.150001525878906
2022-05-18,42.59000015258789
2022-05-19,42.599998474121094
2022-05-20,43.11000061035156
2022-05-23,43.91999816894531
2022-05-24,43.9900016784668
2022-05-25,43.279998779296875
2022-05-26,42.810001373291016
2022-05-27,42.86000061035156
2022-05-30,43.959999084472656
2022-05-31,44.5
2022-06-01,45.58000183105469
2022-06-02,45.849998474121094
2022-06-03,46.11000061035156
2022-06-06,46.08000183105469
2022-06-07,44.9900016784668
2022-06-08,44.72999954223633
2022-06-09,44.5099983215332
2022-06-10,44.09000015258789
2022-06-13,42.150001525878906
2022-06-14,41.38999938964844
2022-06-15,40.45000076293945
2022-06-17,37.36000061035156
2022-06-20,36.5
2022-06-21,37.189998626708984
2022-06-22,36.79999923706055
2022-06-23,37.0
2022-06-24,37.849998474121094
2022-06-27,38.900001525878906
2022-06-28,39.5
2022-06-29,38.06999969482422
2022-06-30,37.2400016784668
2022-07-01,37.33000183105469
2022-07-04,36.29999923706055
2022-07-05,35.31999969482422
2022-07-06,33.70000076293945
2022-07-07,35.09000015258789
2022-07-08,34.47999954223633
2022-07-11,34.150001525878906
2022-07-12,34.220001220703125
2022-07-13,33.88999938964844
2022-07-14,33.02000045776367
2022-07-15,34.779998779296875
2022-07-18,33.959999084472656
2022-07-19,34.540000915527344
2022-07-20,34.79999923706055
2022-07-21,34.77000045776367
2022-07-22,34.08000183105469
2022-07-25,33.65999984741211
2022-07-26,33.77000045776367
2022-07-27,34.439998626708984
2022-07-28,34.93000030517578
2022-07-29,36.689998626708984
2022-08-01,34.65999984741211
2022-08-02,34.619998931884766
2022-08-03,34.56999969482422
2022-08-04,34.040000915527344
2022-08-05,35.25
2022-08-08,35.83000183105469
2022-08-09,36.619998931884766
2022-08-10,36.849998474121094
2022-08-11,35.5
2022-08-12,36.0
2022-08-15,34.25
2022-08-16,34.29999923706055
2022-08-17,34.459999084472656
2022-08-18,34.31999969482422
2022-08-19,33.709999084472656
2022-08-22,32.79999923706055
2022-08-23,33.099998474121094
2022-08-24,33.0
2022-08-25,33.16999816894531
2022-08-26,32.52000045776367
2022-08-29,32.81999969482422
2022-08-30,32.0
2022-08-31,30.450000762939453
2022-09-01,30.43000030517578
2022-09-02,32.5099983215332
2022-09-05,32.43000030517578
2022-09-06,31.780000686645508
2022-09-08,30.510000228881836
2022-09-09,30.90999984741211
2022-09-12,30.90999984741211
2022-09-13,29.700000762939453
2022-09-14,28.860000610351562
2022-09-15,28.549999237060547
2022-09-16,28.729999542236328
2022-09-19,29.729999542236328
2022-09-20,29.5
2022-09-21,29.1299991607666
2022-09-22,29.829999923706055
2022-09-23,28.670000076293945
2022-09-26,27.6200008392334
2022-09-27,27.280000686645508
2022-09-28,26.8700008392334
2022-09-29,26.040000915527344
2022-09-30,26.239999771118164
2022-10-03,27.469999313354492
2022-10-04,27.81999969482422
2022-10-05,27.90999984741211
2022-10-06,28.09000015258789
2022-10-07,27.40999984741211
2022-10-10,27.889999389648438
2022-10-11,33.58000183105469
2022-10-13,37.599998474121094
2022-10-14,35.880001068115234
2022-10-17,34.61000061035156
2022-10-18,34.86000061035156
2022-10-19,34.81999969482422
2022-10-20,34.40999984741211
2022-10-21,34.529998779296875
2022-10-24,33.7400016784668
2022-10-25,33.43000030517578
2022-10-26,32.88999938964844
2022-10-27,32.790000915527344
2022-10-28,32.540000915527344
2022-10-31,33.709999084472656
2022-11-01,32.959999084472656
2022-11-03,32.2400016784668
2022-11-04,33.33000183105469
2022-11-07,32.34000015258789
2022-11-08,31.6299991607666
2022-11-09,29.8799991607666
2022-11-10,28.899999618530273
2022-11-11,31.8799991607666
2022-11-14,31.149999618530273
2022-11-16,30.15999984741211
2022-11-17,29.670000076293945
2022-11-18,29.299999237060547
2022-11-21,29.469999313354492
2022-11-22,29.309999465942383
2022-11-23,29.1200008392334
2022-11-24,29.270000457763672
2022-11-25,28.959999084472656
2022-11-28,28.65999984741211
2022-11-29,29.200000762939453
2022-11-30,28.139999389648438
2022-12-01,27.780000686645508
2022-12-02,28.030000686645508
2022-12-05,26.790000915527344
2022-12-06,26.59000015258789
2022-12-07,26.06999969482422
2022-12-08,24.84000015258789
2022-12-09,25.079999923706055
2022-12-12,24.959999084472656
2022-12-13,25.329999923706055
2022-12-14,25.200000762939453
2022-12-15,23.989999771118164
2022-12-16,22.559999465942383
2022-12-19,22.469999313354492
2022-12-20,23.440000534057617
2022-12-21,23.56999969482422
2022-12-22,23.100000381469727
2022-12-23,23.75
2022-12-26,23.290000915527344
2022-12-27,23.93000030517578
2022-12-28,24.010000228881836
2022-12-29,23.760000228881836
2023-01-02,23.219999313354492
2023-01-03,22.459999084472656
2023-01-04,22.40999984741211
2023-01-05,23.09000015258789
2023-01-06,23.229999542236328
2023-01-09,23.389999389648438
2023-01-10,23.049999237060547
2023-01-11,23.760000228881836
2023-01-12,23.90999984741211
2023-01-13,23.3799991607666
2023-01-16,22.520000457763672
2023-01-17,22.959999084472656
2023-01-18,22.579999923706055
2023-01-19,21.950000762939453
2023-01-20,21.459999084472656
2023-01-23,21.65999984741211
2023-01-24,22.889999389648438
2023-01-25,22.649999618530273
2023-01-26,22.729999542236328
2023-01-27,22.899999618530273
2023-01-30,22.719999313354492
2023-01-31,23.329999923706055
2023-02-01,23.799999237060547
2023-02-02,22.450000762939453
2023-02-03,22.020000457763672
2023-02-06,21.989999771118164
2023-02-07,22.1299991607666
2023-02-08,22.540000915527344
2023-02-09,22.15999984741211
2023-02-10,22.049999237060547
2023-02-13,21.709999084472656
2023-02-14,20.6299991607666
2023-02-15,20.489999771118164
2023-02-16,20.299999237060547
2023-02-17,20.059999465942383
2023-02-22,19.84000015258789
2023-02-23,20.1299991607666
2023-02-24,19.8700008392334
2023-02-27,19.860000610351562
2023-02-28,20.1200008392334
2023-03-01,19.75
2023-03-02,20.469999313354492
2023-03-03,20.440000534057617
2023-03-06,20.68000030517578
2023-03-07,20.43000030517578
2023-03-08,20.68000030517578
2023-03-09,20.5
2023-03-10,19.3799991607666
2023-03-13,18.93000030517578
2023-03-14,18.479999542236328
2023-03-15,18.350000381469727
2023-03-16,18.420000076293945
2023-03-17,18.90999984741211
2023-03-20,18.260000228881836
2023-03-21,18.15999984741211
2023-03-22,17.5
2023-03-23,16.639999389648438
2023-03-24,17.860000610351562
2023-03-27,18.559999465942383
2023-03-28,19.6299991607666
2023-03-29,19.34000015258789
2023-03-30,19.59000015258789
2023-03-31,19.360000610351562
2023-04-03,19.239999771118164
2023-04-04,18.8700008392334
2023-04-05,19.540000915527344
2023-04-06,19.530000686645508
2023-04-10,20.309999465942383
2023-04-11,20.780000686645508
2023-04-12,20.450000762939453
2023-04-13,20.360000610351562
2023-04-14,20.799999237060547
2023-04-17,20.399999618530273
2023-04-18,19.940000534057617
2023-04-19,19.780000686645508
2023-04-20,19.350000381469727
2023-04-24,18.510000228881836
2023-04-25,19.43000030517578
2023-04-26,18.959999084472656
2023-04-27,18.93000030517578
2023-04-28,19.790000915527344
2023-05-02,18.809999465942383
2023-05-03,19.18000030517578
2023-05-04,19.219999313354492
2023-05-05,23.760000228881836
2023-05-08,25.299999237060547
2023-05-09,26.280000686645508
2023-05-10,25.790000915527344
2023-05-11,25.559999465942383
2023-05-12,24.31999969482422
2023-05-15,22.690000534057617
2023-05-16,22.760000228881836
2023-05-17,23.3700008392334
2023-05-18,23.420000076293945
2023-05-19,24.18000030517578
2023-05-22,23.399999618530273
2023-05-23,23.270000457763672
2023-05-24,23.719999313354492
2023-05-25,23.040000915527344
2023-05-26,22.969999313354492
2023-05-29,22.889999389648438
2023-05-30,22.700000762939453
2023-05-31,22.459999084472656
2023-06-01,23.030000686645508
2023-06-02,23.850000381469727
2023-06-05,24.100000381469727
2023-06-06,24.850000381469727
2023-06-07,25.450000762939453
2023-06-09,25.610000610351562
2023-06-12,27.149999618530273
2023-06-13,26.739999771118164
2023-06-14,27.700000762939453
2023-06-15,29.479999542236328
2023-06-16,30.0
2023-06-19,30.950000762939453
2023-06-20,30.049999237060547
2023-06-21,29.549999237060547
2023-06-22,28.850000381469727
2023-06-23,29.1200008392334
2023-06-26,28.639999389648438
2023-06-27,28.549999237060547
2023-06-28,28.40999984741211
2023-06-29,29.030000686645508
2023-06-30,27.860000610351562
2023-07-03,27.469999313354492
2023-07-04,28.940000534057617
2023-07-05,27.65999984741211
2023-07-06,26.969999313354492
2023-07-07,27.049999237060547
2023-07-10,26.56999969482422
2023-07-11,26.079999923706055
2023-07-12,26.18000030517578
2023-07-13,26.09000015258789
2023-07-14,26.0
2023-07-17,25.790000915527344
2023-07-18,25.59000015258789
2023-07-19,24.719999313354492
2023-07-20,24.579999923706055
2023-07-21,24.690000534057617
2023-07-24,25.079999923706055
2023-07-25,25.649999618530273
2023-07-26,25.350000381469727
2023-07-27,24.510000228881836
2023-07-28,24.56999969482422
2023-07-31,25.399999618530273
2023-08-01,25.1200008392334
2023-08-02,24.56999969482422
2023-08-03,24.40999984741211
2023-08-04,23.649999618530273
2023-08-07,23.31999969482422
2023-08-08,23.850000381469727
2023-08-09,23.389999389648438
2023-08-10,24.989999771118164
2023-08-11,24.1299991607666
2023-08-14,23.559999465942383
2023-08-15,23.75
2023-08-16,22.959999084472656
2023-08-17,22.670000076293945
2023-08-18,23.010000228881836
2023-08-21,22.34000015258789
2023-08-22,22.639999389648438
2023-08-23,22.8799991607666
2023-08-24,22.649999618530273
2023-08-25,22.1299991607666
2023-08-28,22.59000015258789
2023-08-29,22.520000457763672
2023-08-30,22.579999923706055
2023-08-31,22.239999771118164
2023-09-01,22.309999465942383
2023-09-04,22.56999969482422
2023-09-05,22.6299991607666
2023-09-06,23.850000381469727
2023-09-08,24.149999618530273
2023-09-11,23.3799991607666
2023-09-12,22.850000381469727
2023-09-13,22.43000030517578
2023-09-14,22.6200008392334
2023-09-15,21.93000030517578
2023-09-18,23.209999084472656
2023-09-19,23.079999923706055
2023-09-20,22.1200008392334
2023-09-21,21.290000915527344
2023-09-22,20.59000015258789
2023-09-25,20.850000381469727
2023-09-26,20.270000457763672
2023-09-27,20.229999542236328
2023-09-28,20.329999923706055
2023-09-29,20.520000457763672
2023-10-02,20.09000015258789
2023-10-03,19.739999771118164
2023-10-04,19.600000381469727
2023-10-05,19.399999618530273
2023-10-06,19.110000610351562
2023-10-09,19.18000030517578
2023-10-10,19.59000015258789
2023-10-11,19.309999465942383
2023-10-13,19.010000228881836
2023-10-16,18.700000762939453
2023-10-17,18.8700008392334
2023-10-18,18.510000228881836
2023-10-19,18.579999923706055
2023-10-20,18.209999084472656
2023-10-23,18.350000381469727
2023-10-24,18.040000915527344
2023-10-25,17.65999984741211
2023-10-26,17.760000228881836
2023-10-27,17.540000915527344
2023-10-30,16.579999923706055
2023-10-31,16.06999969482422
2023-11-01,16.520000457763672
2023-11-03,17.65999984741211
2023-11-06,17.729999542236328
2023-11-07,17.639999389648438
2023-11-08,17.280000686645508
2023-11-09,19.979999542236328
2023-11-10,19.709999084472656
2023-11-13,19.479999542236328
2023-11-14,20.020000457763672
2023-11-16,19.809999465942383
2023-11-17,20.020000457763672
2023-11-20,20.25
2023-11-21,19.8799991607666
2023-11-22,20.079999923706055
2023-11-23,20.260000228881836
2023-11-24,20.209999084472656
2023-11-27,20.020000457763672
2023-11-28,20.0
2023-11-29,20.450000762939453
2023-11-30,19.1299991607666
2023-12-01,18.010000228881836
2023-12-04,17.899999618530273
2023-12-05,17.440000534057617
2023-12-06,17.40999984741211
2023-12-07,17.68000030517578
2023-12-08,17.6299991607666
2023-12-11,16.799999237060547
2023-12-12,16.770000457763672
2023-12-13,17.190000534057617
2023-12-14,16.920000076293945
2023-12-15,17.40999984741211
2023-12-18,18.170000076293945
2023-12-19,19.469999313354492
2023-12-20,19.65999984741211
2023-12-21,21.049999237060547
2023-12-22,21.420000076293945
2023-12-26,21.799999237060547
2023-12-27,21.65999984741211
2023-12-28,21.860000610351562
2024-01-02,21.100000381469727
2024-01-03,20.5
2024-01-04,20.670000076293945
2024-01-05,20.110000610351562
2024-01-08,20.510000228881836
2024-01-09,19.799999237060547
2024-01-10,18.989999771118164
2024-01-11,18.59000015258789
2024-01-12,18.93000030517578
2024-01-15,18.940000534057617
2024-01-16,18.40999984741211
2024-01-17,17.8700008392334
2024-01-18,17.709999084472656
2024-01-19,17.649999618530273
2024-01-22,17.260000228881836
2024-01-23,17.809999465942383
2024-01-24,17.799999237060547
2024-01-25,18.290000915527344
2024-01-26,18.549999237060547
2024-01-29,18.780000686645508
2024-01-30,17.719999313354492
2024-01-31,17.809999465942383
2024-02-01,17.850000381469727
2024-02-02,17.579999923706055
2024-02-05,17.579999923706055
2024-02-06,17.770000457763672
2024-02-07,17.579999923706055
2024-02-08,17.520000457763672
2024-02-09,17.350000381469727
2024-02-14,17.100000381469727
2024-02-15,17.450000762939453
2024-02-16,19.25
2024-02-19,19.059999465942383
2024-02-20,19.399999618530273
2024-02-21,19.3700008392334
2024-02-22,20.600000381469727
2024-02-23,20.209999084472656
2024-02-26,20.8799991607666
2024-02-27,21.1200008392334
2024-02-28,20.639999389648438
2024-02-29,21.040000915527344
2024-03-01,21.889999389648438
2024-03-04,22.139999389648438
2024-03-05,21.09000015258789
2024-03-06,20.219999313354492
2024-03-07,20.420000076293945
2024-03-08,20.149999618530273
2024-03-11,20.450000762939453
2024-03-12,20.5
2024-03-13,20.829999923706055
2024-03-14,21.0
2024-03-15,21.709999084472656
2024-03-18,21.899999618530273
2024-03-19,23.1299991607666
2024-03-20,26.760000228881836
2024-03-21,26.829999923706055
2024-03-22,27.299999237060547
2024-03-25,26.059999465942383
2024-03-26,26.229999542236328
2024-03-27,27.420000076293945
2024-03-28,26.399999618530273
2024-04-01,26.299999237060547
2024-04-02,26.040000915527344
2024-04-03,26.110000610351562
2024-04-04,26.209999084472656
2024-04-05,25.719999313354492
2024-04-08,24.989999771118164
2024-04-09,24.860000610351562
2024-04-10,24.709999084472656
2024-04-11,24.540000915527344
2024-04-12,23.770000457763672
2024-04-15,23.299999237060547
2024-04-16,22.920000076293945
2024-04-17,22.440000534057617
2024-04-18,22.40999984741211
2024-04-19,22.299999237060547
2024-04-22,22.530000686645508
2024-04-23,22.559999465942383
2024-04-24,22.540000915527344
2024-04-25,22.389999389648438
2024-04-26,22.809999465942383
2024-04-29,22.3799991607666
2024-04-30,21.280000686645508
2024-05-02,22.059999465942383
2024-05-03,23.049999237060547
2024-05-06,19.700000762939453
2024-05-07,20.049999237060547
2024-05-08,19.709999084472656
2024-05-09,19.280000686645508
2024-05-10,19.059999465942383
2024-05-13,19.030000686645508
2024-05-14,19.5
2024-05-15,19.25
2024-05-16,19.350000381469727
2024-05-17,19.190000534057617
2024-05-20,19.809999465942383
2024-05-21,20.100000381469727
2024-05-22,19.90999984741211
2024-05-23,19.309999465942383
2024-05-24,19.200000762939453
2024-05-27,19.149999618530273
2024-05-28,19.309999465942383
2024-05-29,19.31999969482422
2024-05-31,18.899999618530273
2024-06-03,18.6299991607666
2024-06-04,18.600000381469727
2024-06-05,18.670000076293945
2024-06-06,17.899999618530273
2024-06-07,17.6299991607666
2024-06-10,17.979999542236328
2024-06-11,18.299999237060547
2024-06-12,17.889999389648438
2024-06-13,18.3700008392334
2024-06-14,18.40999984741211
2024-06-17,17.469999313354492
2024-06-18,17.59000015258789
2024-06-19,17.75
2024-06-20,17.950000762939453
2024-06-21,17.950000762939453
2024-06-24,17.989999771118164
2024-06-25,18.010000228881836
2024-06-26,17.850000381469727
2024-06-27,18.440000534057617
2024-06-28,17.860000610351562
2024-07-01,17.6200008392334
2024-07-02,17.6200008392334
2024-07-03,18.229999542236328
2024-07-04,18.25
2024-07-05,18.309999465942383
2024-07-08,18.549999237060547
2024-07-09,18.440000534057617
2024-07-10,18.65999984741211
2024-07-11,19.270000457763672
2024-07-12,19.399999618530273
2024-07-15,19.530000686645508
2024-07-16,19.489999771118164
2024-07-17,19.170000076293945
2024-07-18,18.40999984741211
2024-07-19,18.31999969482422
2024-07-22,18.780000686645508
2024-07-23,18.18000030517578
2024-07-24,17.780000686645508
2024-07-25,17.93000030517578
2024-07-26,18.18000030517578
2024-07-29,17.889999389648438
2024-07-30,17.809999465942383
2024-07-31,17.549999237060547
2024-08-01,17.190000534057617
2024-08-02,16.559999465942383
2024-08-05,16.110000610351562
2024-08-06,16.0
2024-08-07,16.690000534057617
2024-08-08,17.149999618530273
2024-08-09,17.219999313354492
2024-08-12,16.540000915527344
2024-08-13,16.559999465942383
2024-08-14,16.549999237060547
2024-08-15,16.90999984741211
2024-08-16,17.149999618530273
2024-08-19,17.170000076293945
2024-08-20,17.709999084472656
2024-08-21,17.6200008392334
2024-08-22,17.139999389648438
2024-08-23,17.489999771118164
2024-08-26,17.739999771118164
2024-08-27,17.790000915527344
2024-08-28,17.940000534057617
2024-08-29,17.739999771118164
2024-08-30,18.040000915527344
2024-09-02,18.09000015258789
2024-09-03,18.520000457763672
2024-09-04,18.780000686645508
2024-09-05,18.350000381469727
2024-09-06,18.899999618530273
2024-09-09,18.110000610351562
2024-09-10,17.610000610351562
2024-09-11,18.06999969482422
2024-09-12,17.979999542236328
2024-09-13,19.3799991607666
2024-09-16,19.25
2024-09-17,18.889999389648438
2024-09-18,19.790000915527344
2024-09-19,19.100000381469727
2024-09-20,18.700000762939453
2024-09-23,18.75
2024-09-24,19.219999313354492
2024-09-25,20.06999969482422
2024-09-26,20.489999771118164
2024-09-27,20.309999465942383
2024-09-30,19.93000030517578
2024-10-01,20.040000915527344
2024-10-02,20.280000686645508
2024-10-03,19.81999969482422
2024-10-04,20.15999984741211
2024-10-07,20.049999237060547
2024-10-08,19.3799991607666
2024-10-09,18.670000076293945
2024-10-10,18.889999389648438
2024-10-11,18.899999618530273
2024-10-14,18.81999969482422
2024-10-15,18.6200008392334
2024-10-16,18.600000381469727
2024-10-17,18.270000457763672
2024-10-18,18.139999389648438
2024-10-21,18.110000610351562
2024-10-22,17.799999237060547
2024-10-23,17.700000762939453
2024-10-24,17.399999618530273
2024-10-25,17.329999923706055
2024-10-28,17.940000534057617
2024-10-29,17.8799991607666
2024-10-30,17.68000030517578
2024-10-31,17.559999465942383
2024-11-01,17.239999771118164
2024-11-04,17.059999465942383
2024-11-05,17.479999542236328
2024-11-06,17.3799991607666
2024-11-07,16.360000610351562
2024-11-08,15.75
2024-11-11,15.75
2024-11-12,15.300000190734863
2024-11-13,15.25
2024-11-14,15.0
2024-11-18,14.649999618530273
2024-11-19,14.569999694824219
2024-11-21,14.350000381469727
2024-11-22,15.210000038146973
2024-11-25,15.430000305175781
2024-11-26,15.100000381469727
2024-11-27,14.75
2024-11-28,14.359999656677246
2024-11-29,15.0
2024-12-02,15.319999694824219
2024-12-03,15.350000381469727
2024-12-04,15.380000114440918
2024-12-05,15.210000038146973
2024-12-06,14.4399995803833
2024-12-09,14.710000038146973
2024-12-10,15.210000038146973
2024-12-11,15.239999771118164
2024-12-12,14.40999984741211
2024-12-13,12.819999694824219
2024-12-16,12.600000381469727
2024-12-17,13.079999923706055
2024-12-18,12.489999771118164
2024-12-19,12.59000015258789
2024-12-20,12.1899995803833
2024-12-23,11.8100004196167
2024-12-26,11.789999961853027
2024-12-27,11.550000190734863
2024-12-30,11.579999923706055
2025-01-02,11.970000267028809
2025-01-03,11.479999542236328
2025-01-06,11.869999885559082
2025-01-07,11.720000267028809
2025-01-08,11.380000114440918
2025-01-09,11.029999732971191
2025-01-10,11.140000343322754
2025-01-13,11.270000457763672
2025-01-14,11.630000114440918
2025-01-15,12.5
2025-01-16,12.289999961853027
2025-01-17,12.670000076293945
2025-01-20,13.739999771118164
2025-01-21,14.229999542236328
2025-01-22,14.029999732971191
2025-01-23,14.529999732971191
2025-01-24,14.4399995803833
2025-01-27,14.890000343322754
2025-01-28,14.600000381469727
2025-01-29,14.210000038146973
2025-01-30,14.029999732971191
2025-01-31,13.8100004196167
2025-02-03,13.109999656677246
2025-02-04,13.619999885559082
2025-02-05,13.470000267028809
2025-02-06,13.329999923706055
2025-02-07,13.15999984741211
2025-02-10,13.399999618530273
2025-02-11,13.15999984741211
2025-02-12,12.449999809265137
2025-02-13,13.119999885559082
2025-02-14,13.25
2025-02-17,13.430000305175781
2025-02-18,13.300000190734863
2025-02-19,13.0600004196167
2025-02-20,13.039999961853027
2025-02-21,12.850000381469727
2025-02-24,12.710000038146973
2025-02-25,12.350000381469727
2025-02-26,12.069999694824219
2025-02-27,11.8100004196167
2025-02-28,10.970000267028809
2025-03-05,10.609999656677246
2025-03-06,10.59000015258789
2025-03-07,10.800000190734863
2025-03-10,10.649999618530273
2025-03-11,10.6899995803833
2025-03-12,10.260000228881836
2025-03-13,10.680000305175781
2025-03-14,11.0600004196167
2025-03-17,11.380000114440918
2025-03-18,11.220000267028809
2025-03-19,11.350000381469727
2025-03-20,11.0
2025-03-21,10.920000076293945
2025-03-24,10.640000343322754
2025-03-25,10.739999771118164
2025-03-26,11.779999732971191
2025-03-27,11.720000267028809
2025-03-28,11.510000228881836
2025-03-31,11.0
2025-04-01,10.619999885559082
2025-04-02,10.569999694824219
2025-04-03,10.4399995803833
2025-04-04,9.760000228881836
2025-04-07,9.430000305175781
2025-04-08,8.899999618530273
2025-04-09,9.779999732971191
2025-04-10,9.880000114440918
2025-04-11,10.170000076293945
2025-04-14,10.350000381469727
2025-04-15,9.859999656677246
2025-04-16,9.960000038146973
2025-04-17,10.270000457763672
2025-04-22,11.039999961853027
2025-04-23,11.420000076293945
2025-04-24,11.65999984741211
2025-04-25,11.289999961853027
2025-04-28,11.239999771118164
2025-04-29,11.199999809265137
2025-04-30,10.670000076293945
2025-05-02,10.630000114440918
2025-05-05,10.260000228881836
2025-05-06,10.569999694824219
2025-05-07,10.390000343322754
2025-05-08,11.199999809265137
2025-05-09,10.25
2025-05-12,10.869999885559082
2025-05-13,10.75
2025-05-14,10.380000114440918
2025-05-15,10.630000114440918
2025-05-16,10.5600004196167
2025-05-19,10.489999771118164
2025-05-20,10.710000038146973
2025-05-21,10.319999694824219
2025-05-22,10.15999984741211
2025-05-23,11.09000015258789
2025-05-26,11.550000190734863
2025-05-27,11.430000305175781
2025-05-28,11.670000076293945
2025-05-29,11.699999809265137
2025-05-30,11.010000228881836
2025-06-02,10.529999732971191
2025-06-03,10.399999618530273
2025-06-04,10.5
2025-06-05,10.4399995803833
2025-06-06,10.399999618530273
2025-06-09,10.279999732971191
2025-06-10,10.760000228881836
2025-06-11,10.430000305175781
2025-06-12,10.5600004196167
2025-06-13,10.149999618530273
2025-06-16,10.5600004196167
2025-06-17,10.25
2025-06-18,10.149999618530273
2025-06-20,9.829999923706055
2025-06-23,9.680000305175781
2025-06-24,9.420000076293945
2025-06-25,9.0
2025-06-26,8.970000267028809
2025-06-27,8.9399995803833
2025-06-30,9.069999694824219
2025-07-01,9.140000343322754
2025-07-02,9.130000114440918
2025-07-03,9.229999542236328
2025-07-04,9.279999732971191
2025-07-07,9.329999923706055
2025-07-08,9.300000190734863
2025-07-09,9.859999656677246
2025-07-10,9.949999809265137
2025-07-11,9.760000228881836
2025-07-14,9.529999732971191
2025-07-15,9.529999732971191
2025-07-16,9.100000381469727
2025-07-17,8.960000038146973
2025-07-18,8.279999732971191
2025-07-21,8.430000305175781
2025-07-22,8.739999771118164
2025-07-23,9.010000228881836
2025-07-24,9.069999694824219
2025-07-25,9.029999732971191
2025-07-28,8.979999542236328
2025-07-29,8.989999771118164
2025-07-30,8.989999771118164
2025-07-31,8.720000267028809
2025-08-01,8.600000381469727
2025-08-04,8.579999923706055
2025-08-05,8.520000457763672
2025-08-06,8.520000457763672
2025-08-07,8.390000343322754
2025-08-08,8.760000228881836
2025-08-11,8.079999923706055
2025-08-12,8.050000190734863
2025-08-13,7.940000057220459
2025-08-14,7.730000019073486
2025-08-15,7.639999866485596
2025-08-18,7.949999809265137
2025-08-19,7.71999979019165
2025-08-20,7.920000076293945
2025-08-21,8.220000267028809
2025-08-22,8.550000190734863
2025-08-25,8.699999809265137
2025-08-26,8.8100004196167
2025-08-27,9.319999694824219
2025-08-28,9.420000076293945
2025-08-29,9.369999885559082
2025-09-01,9.100000381469727
2025-09-02,9.050000190734863
2025-09-03,8.979999542236328
2025-09-04,9.140000343322754
2025-09-05,9.399999618530273
2025-09-08,9.609999656677246
2025-09-09,9.210000038146973
2025-09-10,8.869999885559082
2025-09-11,9.029999732971191
2025-09-12,8.920000076293945
2025-09-15,8.850000381469727
2025-09-16,9.029999732971191
2025-09-17,8.90999984741211
2025-09-18,8.710000038146973
2025-09-19,8.5
2025-09-22,8.399999618530273
2025-09-23,8.199999809265137
2025-09-24,8.619999885559082
2025-09-25,8.239999771118164
2025-09-26,7.019999980926514
2025-09-29,6.659999847412109
2025-09-30,6.570000171661377
2025-10-01,6.869999885559082
2025-10-02,6.650000095367432
2025-10-03,6.539999961853027
2025-10-06,6.760000228881836
2025-10-07,6.710000038146973
2025-10-08,6.789999961853027
2025-10-09,6.519999980926514
2025-10-10,6.269999980926514
2025-10-13,6.519999980926514
2025-10-14,6.599999904632568
2025-10-15,6.75
2025-10-16,6.300000190734863
2025-10-17,6.260000228881836
2025-10-20,6.340000152587891
2025-10-21,6.5
2025-10-22,6.539999961853027
2025-10-23,6.900000095367432
2025-10-24,7.070000171661377
2025-10-27,7.139999866485596
2025-10-28,7.110000133514404
2025-10-29,6.989999771118164
2025-10-30,6.789999961853027
2025-10-31,6.760000228881836
2025-11-03,6.650000095367432
2025-11-04,6.599999904632568
2025-11-05,6.730000019073486
2025-11-06,6.360000133514404
2025-11-07,6.510000228881836
2025-11-10,6.539999961853027
2025-11-11,7.71999979019165
2025-11-12,7.769999980926514
2025-11-13,7.389999866485596
2025-11-14,7.96999979019165
2025-11-17,7.860000133514404
2025-11-18,8.0
2025-11-19,8.050000190734863
2025-11-21,7.96999979019165
2025-11-24,8.0600004196167
2025-11-25,7.760000228881836
2025-11-26,7.710000038146973
2025-11-27,7.639999866485596
2025-11-28,7.599999904632568
2025-12-01,7.559999942779541
2025-12-02,7.639999866485596
2025-12-03,7.960000038146973
2025-12-04,7.820000171661377
2025-12-05,7.880000114440918
2025-12-08,7.880000114440918
2025-12-09,7.920000076293945
2025-12-10,7.989999771118164
2025-12-11,7.889999866485596
2025-12-12,7.940000057220459
2025-12-15,7.75
2025-12-16,7.550000190734863
2025-12-17,7.429999828338623
2025-12-18,7.320000171661377
2025-12-19,7.800000190734863
2025-12-22,7.920000076293945
2025-12-23,7.53000020980835
2025-12-26,7.849999904632568
2025-12-29,7.949999809265137
2025-12-30,7.889999866485596
