date,close
2012-03-14,2.0358164310455322
2012-03-15,2.0358164310455322
2012-03-16,2.0358164310455322
2012-03-19,2.0358164310455322
2012-03-20,2.0358164310455322
2012-03-21,2.0358164310455322
2012-03-22,2.0358164310455322
2012-03-23,2.0358164310455322
2012-03-26,2.0358164310455322
2012-03-27,2.0358164310455322
2012-03-28,2.0358164310455322
2012-03-29,2.0358164310455322
2012-03-30,2.0358164310455322
2012-04-02,2.0358164310455322
2012-04-03,2.0358164310455322
2012-04-04,2.0358164310455322
2012-04-05,2.0358164310455322
2012-04-09,2.0358164310455322
2012-04-10,2.0358164310455322
2012-04-11,2.0358164310455322
2012-04-12,2.0358164310455322
2012-04-13,2.0358164310455322
2012-04-16,2.0358164310455322
2012-04-17,2.0358164310455322
2012-04-18,2.0358164310455322
2012-04-19,2.0358164310455322
2012-04-20,2.0358164310455322
2012-04-23,2.0358164310455322
2012-04-24,2.0358164310455322
2012-04-25,2.0358164310455322
2012-04-26,2.0358164310455322
2012-04-27,2.0358164310455322
2012-04-30,2.0358164310455322
2012-05-02,2.0358164310455322
2012-05-03,2.0358164310455322
2012-05-04,2.0358164310455322
2012-05-07,2.0358164310455322
2012-05-08,2.0358164310455322
2012-05-09,2.0358164310455322
2012-05-10,2.0358164310455322
2012-05-11,2.0358164310455322
2012-05-14,2.0358164310455322
2012-05-15,2.0358164310455322
2012-05-16,2.0358164310455322
2012-05-17,2.0358164310455322
2012-05-18,2.0358164310455322
2012-05-21,2.0358164310455322
2012-05-22,2.0358164310455322
2012-05-23,2.0358164310455322
2012-05-24,2.0358164310455322
2012-05-25,2.0358164310455322
2012-05-28,2.0358164310455322
2012-05-29,2.0358164310455322
2012-05-30,2.0358164310455322
2012-05-31,2.0358164310455322
2012-06-01,1.4469952583312988
2012-06-04,1.4469952583312988
2012-06-05,1.4469952583312988
2012-06-06,1.4469952583312988
2012-06-08,1.378090500831604
2012-06-11,1.378090500831604
2012-06-12,1.378090500831604
2012-06-13,1.378090500831604
2012-06-14,1.378090500831604
2012-06-15,1.378090500831604
2012-06-18,1.378090500831604
2012-06-19,1.378090500831604
2012-06-20,1.378090500831604
2012-06-21,1.378090500831604
2012-06-22,1.378090500831604
2012-06-25,1.378090500831604
2012-06-26,1.378090500831604
2012-06-27,1.378090500831604
2012-06-28,1.378090500831604
2012-06-29,1.378090500831604
2012-07-02,1.378090500831604
2012-07-03,1.378090500831604
2012-07-04,1.378090500831604
2012-07-05,1.378090500831604
2012-07-06,1.378090500831604
2012-07-10,1.378090500831604
2012-07-11,1.378090500831604
2012-07-12,1.378090500831604
2012-07-13,1.378090500831604
2012-07-16,1.378090500831604
2012-07-17,1.378090500831604
2012-07-18,1.378090500831604
2012-07-19,1.378090500831604
2012-07-20,1.378090500831604
2012-07-23,1.378090500831604
2012-07-24,1.378090500831604
2012-07-25,1.378090500831604
2012-07-26,1.378090500831604
2012-07-27,1.378090500831604
2012-07-30,1.378090500831604
2012-07-31,1.252809762954712
2012-08-01,1.252809762954712
2012-08-02,1.252809762954712
2012-08-03,1.252809762954712
2012-08-06,1.252809762954712
2012-08-07,1.252809762954712
2012-08-08,1.252809762954712
2012-08-09,1.252809762954712
2012-08-10,1.252809762954712
2012-08-13,1.252809762954712
2012-08-14,1.378090500831604
2012-08-15,1.378090500831604
2012-08-16,1.378090500831604
2012-08-17,1.378090500831604
2012-08-20,1.378090500831604
2012-08-21,1.378090500831604
2012-08-22,1.378090500831604
2012-08-23,1.378090500831604
2012-08-24,1.378090500831604
2012-08-27,1.378090500831604
2012-08-28,1.378090500831604
2012-08-29,1.378090500831604
2012-08-30,1.378090500831604
2012-08-31,1.378090500831604
2012-09-03,1.378090500831604
2012-09-04,1.378090500831604
2012-09-05,1.378090500831604
2012-09-06,1.378090500831604
2012-09-10,1.378090500831604
2012-09-11,1.378090500831604
2012-09-12,1.378090500831604
2012-09-13,1.378090500831604
2012-09-14,1.378090500831604
2012-09-17,1.378090500831604
2012-09-18,1.378090500831604
2012-09-19,1.378090500831604
2012-09-20,1.378090500831604
2012-09-21,1.378090500831604
2012-09-24,1.378090500831604
2012-09-25,1.378090500831604
2012-09-26,1.378090500831604
2012-09-27,1.378090500831604
2012-09-28,1.378090500831604
2012-10-01,1.378090500831604
2012-10-02,1.378090500831604
2012-10-03,1.378090500831604
2012-10-04,1.378090500831604
2012-10-05,1.378090500831604
2012-10-08,1.378090500831604
2012-10-09,1.378090500831604
2012-10-10,1.378090500831604
2012-10-11,1.378090500831604
2012-10-15,1.5660127401351929
2012-10-16,1.5660127401351929
2012-10-17,2.0546092987060547
2012-10-18,1.378090500831604
2012-10-19,1.378090500831604
2012-10-22,1.378090500831604
2012-10-23,2.5056207180023193
2012-10-24,2.5056207180023193
2012-10-25,2.8188235759735107
2012-10-26,2.9441041946411133
2012-10-29,2.9441041946411133
2012-10-30,3.1257617473602295
2012-10-31,3.1257617473602295
2012-11-01,3.1257617473602295
2012-11-05,3.1257617473602295
2012-11-06,3.1257617473602295
2012-11-07,3.1257617473602295
2012-11-08,3.1257617473602295
2012-11-09,3.1257617473602295
2012-11-12,3.1257617473602295
2012-11-13,3.1257617473602295
2012-11-14,3.1257617473602295
2012-11-16,3.1257617473602295
2012-11-19,3.1257617473602295
2012-11-21,3.1257617473602295
2012-11-22,3.1257617473602295
2012-11-23,3.1257617473602295
2012-11-26,3.1257617473602295
2012-11-27,3.1257617473602295
2012-11-28,3.1257617473602295
2012-11-29,3.1257617473602295
2012-11-30,3.1257617473602295
2012-12-03,3.1257617473602295
2012-12-04,3.1257617473602295
2012-12-05,3.659991979598999
2012-12-06,3.8640198707580566
2012-12-07,3.9150278568267822
2012-12-10,3.8479135036468506
2012-12-11,3.8300154209136963
2012-12-12,3.8479135036468506
2012-12-13,3.8747589588165283
2012-12-14,3.8926568031311035
2012-12-17,4.026886463165283
2012-12-18,4.152167797088623
2012-12-19,4.1611151695251465
2012-12-20,4.159327030181885
2012-12-21,4.138743877410889
2012-12-26,4.071629047393799
2012-12-27,4.035836696624756
2012-12-28,4.138743877410889
2013-01-02,4.071629047393799
2013-01-03,3.9731948375701904
2013-01-04,4.107423782348633
2013-01-07,4.107423782348633
2013-01-08,3.9374001026153564
2013-01-09,3.966036081314087
2013-01-10,4.026886463165283
2013-01-11,4.07968282699585
2013-01-14,3.857755661010742
2013-01-15,3.8255419731140137
2013-01-16,3.8676013946533203
2013-01-17,3.9195022583007812
2013-01-18,3.9105536937713623
2013-01-21,3.9374001026153564
2013-01-22,3.9284520149230957
2013-01-23,3.976774215698242
2013-01-24,4.076103210449219
2013-01-28,4.1163716316223145
2013-01-29,4.246126651763916
2013-01-30,4.323085308074951
2013-01-31,4.375884532928467
2013-02-01,4.38930606842041
2013-02-04,4.375884532928467
2013-02-05,4.410783290863037
2013-02-06,4.425099849700928
2013-02-07,4.425995349884033
2013-02-08,4.519062042236328
2013-02-13,4.5110063552856445
2013-02-14,4.536064147949219
2013-02-15,4.581701278686523
2013-02-18,4.581701278686523
2013-02-19,4.529800891876221
2013-02-20,4.474318981170654
2013-02-21,4.496689319610596
2013-02-22,4.581701278686523
2013-02-25,4.568279266357422
2013-02-26,4.5638041496276855
2013-02-27,4.562014102935791
2013-02-28,4.6353936195373535
2013-03-01,4.5825958251953125
2013-03-04,4.730249404907227
2013-03-05,4.724880695343018
2013-03-06,4.733827114105225
2013-03-07,4.57454252243042
2013-03-08,4.6013898849487305
2013-03-11,4.456418991088867
2013-03-12,4.3490376472473145
2013-03-13,4.429576873779297
2013-03-14,4.4224162101745605
2013-03-15,4.316822052001953
2013-03-18,4.40988826751709
2013-03-19,4.506533145904541
2013-03-20,4.372302532196045
2013-03-21,4.395224094390869
2013-03-22,4.249256610870361
2013-03-25,4.481723308563232
2013-03-26,4.4691081047058105
2013-03-27,4.6132731437683105
2013-03-28,4.6763458251953125
2013-04-01,4.61507511138916
2013-04-02,4.660124778747559
2013-04-03,4.631292343139648
2013-04-04,4.5952534675598145
2013-04-05,4.647512912750244
2013-04-08,4.640302658081055
2013-04-09,4.6853556632995605
2013-04-10,4.766447067260742
2013-04-11,4.757436752319336
2013-04-12,4.757436752319336
2013-04-15,4.766447067260742
2013-04-16,4.7448248863220215
2013-04-17,4.6835551261901855
2013-04-18,4.631292343139648
2013-04-19,4.555607795715332
2013-04-22,4.910613059997559
2013-04-23,5.002115726470947
2013-04-24,5.002115726470947
2013-04-25,4.937105178833008
2013-04-26,4.937105178833008
2013-04-29,4.875708103179932
2013-04-30,5.047260284423828
2013-05-02,5.141164302825928
2013-05-03,5.128523826599121
2013-05-06,5.204367637634277
2013-05-07,5.218813896179199
2013-05-08,5.256735801696777
2013-05-09,5.325356960296631
2013-05-10,5.227842807769775
2013-05-13,5.415648460388184
2013-05-14,5.406619071960449
2013-05-15,5.628551959991455
2013-05-16,5.644885540008545
2013-05-17,5.626735687255859
2013-05-20,5.644885540008545
2013-05-21,5.64307165145874
2013-05-22,5.708414554595947
2013-05-23,5.626735687255859
2013-05-24,5.708414554595947
2013-05-27,5.804614067077637
2013-05-28,5.835468769073486
2013-05-29,5.663036823272705
2013-05-31,5.6358113288879395
2013-06-03,5.726565361022949
2013-06-04,5.554132461547852
2013-06-05,5.526906490325928
2013-06-06,5.448859214782715
2013-06-07,5.354475498199463
2013-06-10,5.414371013641357
2013-06-11,5.53598165512085
2013-06-12,5.523276329040527
2013-06-13,5.577727794647217
2013-06-14,5.626735687255859
2013-06-17,5.6358113288879395
2013-06-18,5.753791332244873
2013-06-19,5.554132461547852
2013-06-20,5.367180347442627
2013-06-21,5.399850845336914
2013-06-24,5.231049537658691
2013-06-25,5.254645824432373
2013-06-26,5.44522762298584
2013-06-27,5.599508285522461
2013-06-28,5.588618278503418
2013-07-01,5.626735687255859
2013-07-02,5.354475498199463
2013-07-03,5.300022125244141
2013-07-04,5.26371955871582
2013-07-05,5.245570182800293
2013-07-08,5.316357612609863
2013-07-10,5.452487468719482
2013-07-11,5.47245454788208
2013-07-12,5.44522762298584
2013-07-15,5.483345031738281
2013-07-16,5.608584880828857
2013-07-17,5.659407138824463
2013-07-18,5.612215995788574
2013-07-19,5.546872138977051
2013-07-22,5.557762622833252
2013-07-23,5.5904340744018555
2013-07-24,5.4851603507995605
2013-07-25,5.63944149017334
2013-07-26,5.63944149017334
2013-07-29,5.781016826629639
2013-07-30,5.828209400177002
2013-07-31,5.898996829986572
2013-08-01,5.819133758544922
2013-08-02,5.851803779602051
2013-08-05,5.7501606941223145
2013-08-06,5.663036823272705
2013-08-07,5.506939888000488
2013-08-08,5.791907787322998
2013-08-09,5.924463272094727
2013-08-12,5.880778789520264
2013-08-13,5.8789591789245605
2013-08-14,5.669646263122559
2013-08-15,5.693308353424072
2013-08-16,5.5604400634765625
2013-08-19,5.360228061676025
2013-08-20,5.46033239364624
2013-08-21,5.323825836181641
2013-08-22,5.294703960418701
2013-08-23,5.46033239364624
2013-08-26,5.514936923980713
2013-08-27,5.669646263122559
2013-08-28,5.669646263122559
2013-08-29,5.9153618812561035
2013-08-30,5.84801721572876
2013-09-02,5.959043979644775
2013-09-03,5.651444911956787
2013-09-04,5.76975154876709
2013-09-05,5.873499870300293
2013-09-06,5.9153618812561035
2013-09-09,5.9517645835876465
2013-09-10,5.869859218597412
2013-09-11,5.820714950561523
2013-09-12,5.76975154876709
2013-09-13,5.846197605133057
2013-09-16,5.8607587814331055
2013-09-17,5.6387038230896
2013-09-18,5.787952899932861
2013-09-19,5.684207916259766
2013-09-20,5.622323513031006
2013-09-23,5.7333502769470215
2013-09-24,5.8789591789245605
2013-09-25,5.851657867431641
2013-09-26,5.806155681610107
2013-09-27,5.8243560791015625
2013-09-30,5.735170841217041
2013-10-01,5.658726215362549
2013-10-02,5.605943202972412
2013-10-03,5.487635612487793
2013-10-04,5.642345428466797
2013-10-07,5.66054630279541
2013-10-08,5.627783298492432
2013-10-09,5.789773941040039
2013-10-10,5.787952899932861
2013-10-11,5.931743144989014
2013-10-14,5.9808855056762695
2013-10-15,5.8789591789245605
2013-10-16,5.718789577484131
2013-10-17,5.565900802612305
2013-10-18,5.706048488616943
2013-10-21,5.840737342834473
2013-10-22,5.797054767608643
2013-10-23,5.811614990234375
2013-10-24,5.80433464050293
2013-10-25,5.86257791519165
2013-10-28,5.751552104949951
2013-10-29,5.764293670654297
2013-10-30,5.838916778564453
2013-10-31,5.96814489364624
2013-11-01,6.124673843383789
2013-11-04,6.308505535125732
2013-11-05,6.395869731903076
2013-11-06,6.319426536560059
2013-11-07,6.61792516708374
2013-11-08,6.735424518585205
2013-11-11,6.846799373626709
2013-11-12,6.846799373626709
2013-11-13,6.792025089263916
2013-11-14,6.938090801239014
2013-11-18,6.9015727043151855
2013-11-19,6.835845470428467
2013-11-21,6.9015727043151855
2013-11-22,7.157188892364502
2013-11-25,6.919832229614258
2013-11-26,7.157188892364502
2013-11-27,7.075026035308838
2013-11-28,7.087806224822998
2013-11-29,7.221091270446777
2013-12-02,7.157188892364502
2013-12-03,6.992865562438965
2013-12-04,6.961826324462891
2013-12-05,7.0841546058654785
2013-12-06,7.075026035308838
2013-12-09,7.1261491775512695
2013-12-10,7.111541748046875
2013-12-11,7.007472515106201
2013-12-12,7.007472515106201
2013-12-13,6.919832229614258
2013-12-16,6.938090801239014
2013-12-17,6.855928421020508
2013-12-18,6.846799373626709
2013-12-19,6.936262607574463
2013-12-20,6.938090801239014
2013-12-23,7.029382228851318
2013-12-26,7.025730133056641
2013-12-27,7.091458797454834
2013-12-30,7.168142318725586
2014-01-02,7.0111236572265625
2014-01-03,7.025730133056641
2014-01-06,7.029382228851318
2014-01-07,6.938090801239014
2014-01-08,7.080503940582275
2014-01-09,6.96547794342041
2014-01-10,7.157188892364502
2014-01-13,7.129799842834473
2014-01-14,7.157188892364502
2014-01-15,7.076852321624756
2014-01-16,7.003818035125732
2014-01-17,6.874186038970947
2014-01-20,6.844974040985107
2014-01-21,6.797501087188721
2014-01-22,6.815760612487793
2014-01-23,6.728122234344482
2014-01-24,6.569275379180908
2014-01-27,6.627701759338379
2014-01-28,6.709863662719727
2014-01-29,6.6934309005737305
2014-01-30,6.645961284637451
2014-01-31,6.73360013961792
2014-02-03,6.68247652053833
2014-02-04,6.865057468414307
2014-02-05,6.874186038970947
2014-02-06,7.0476393699646
2014-02-07,7.2849955558776855
2014-02-10,7.263085842132568
2014-02-11,7.303253650665283
2014-02-12,7.30690336227417
2014-02-13,7.303253650665283
2014-02-14,7.394545078277588
2014-02-17,7.312383651733398
2014-02-18,7.184576511383057
2014-02-19,7.102413177490234
2014-02-20,7.416454792022705
2014-02-21,7.558866024017334
2014-02-24,7.942286968231201
2014-02-25,7.814479351043701
2014-02-26,7.887512683868408
2014-02-27,7.960548400878906
2014-02-28,7.978802680969238
2014-03-05,8.135825157165527
2014-03-06,7.947764873504639
2014-03-07,7.759705543518066
2014-03-10,7.799874782562256
2014-03-11,8.033580780029297
2014-03-12,8.08835220336914
2014-03-13,8.064616203308105
2014-03-14,8.051836967468262
2014-03-17,8.179643630981445
2014-03-18,8.542981147766113
2014-03-19,8.618626594543457
2014-03-20,8.920554161071777
2014-03-21,8.836380958557129
2014-03-24,8.909573554992676
2014-03-25,8.838210105895996
2014-03-26,8.691821098327637
2014-03-27,8.957149505615234
2014-03-28,9.074258804321289
2014-03-31,9.130987167358398
2014-04-01,8.964469909667969
2014-04-02,9.112686157226562
2014-04-03,8.949830055236816
2014-04-04,8.902254104614258
2014-04-07,8.746715545654297
2014-04-08,8.60032844543457
2014-04-09,8.563730239868164
2014-04-10,8.563730239868164
2014-04-11,8.962637901306152
2014-04-14,8.746715545654297
2014-04-15,8.512494087219238
2014-04-16,8.658881187438965
2014-04-17,8.733905792236328
2014-04-22,8.574710845947266
2014-04-23,8.285592079162598
2014-04-24,8.307548522949219
2014-04-25,8.582027435302734
2014-04-28,8.662543296813965
2014-04-29,8.644243240356445
2014-04-30,8.691821098327637
2014-05-02,9.147456169128418
2014-05-05,9.36154842376709
2014-05-06,9.405464172363281
2014-05-07,9.892208099365234
2014-05-08,9.88671588897705
2014-05-09,9.925142288208008
2014-05-12,10.128255844116211
2014-05-13,10.238049507141113
2014-05-14,10.253344535827637
2014-05-15,10.109991073608398
2014-05-16,10.514317512512207
2014-05-19,10.457344055175781
2014-05-20,10.084259986877441
2014-05-21,10.244155883789062
2014-05-22,10.3397216796875
2014-05-23,10.347073554992676
2014-05-26,10.457344055175781
2014-05-27,10.271722793579102
2014-05-28,10.337883949279785
2014-05-29,10.273560523986816
2014-05-30,10.451833724975586
2014-06-02,10.385666847229004
2014-06-03,10.457344055175781
2014-06-04,10.725668907165527
2014-06-05,10.797346115112305
2014-06-06,10.90761661529541
2014-06-09,11.021563529968262
2014-06-10,11.289888381958008
2014-06-11,11.122647285461426
2014-06-13,11.209023475646973
2014-06-16,11.183292388916016
2014-06-17,11.275185585021973
2014-06-18,11.207184791564941
2014-06-20,10.898427963256836
2014-06-23,10.990321159362793
2014-06-24,11.275185585021973
2014-06-25,11.311944961547852
2014-06-26,11.34686279296875
2014-06-27,11.440590858459473
2014-06-30,11.38729476928711
2014-07-01,11.302755355834961
2014-07-02,11.074862480163574
2014-07-03,11.275185585021973
2014-07-04,11.333634376525879
2014-07-07,11.221929550170898
2014-07-08,11.182167053222656
2014-07-10,11.396116256713867
2014-07-11,11.549479484558105
2014-07-14,11.492679595947266
2014-07-15,11.61574649810791
2014-07-16,11.733134269714355
2014-07-17,11.454813003540039
2014-07-18,11.628999710083008
2014-07-21,11.772896766662598
2014-07-22,11.890281677246094
2014-07-23,11.748281478881836
2014-07-24,11.996310234069824
2014-07-25,11.717988014221191
2014-07-28,11.90921688079834
2014-07-29,11.890281677246094
2014-07-30,11.757747650146484
2014-07-31,11.439663887023926
2014-08-01,11.700947761535645
2014-08-04,11.799402236938477
2014-08-05,11.719882011413574
2014-08-06,11.786149024963379
2014-08-07,11.644145965576172
2014-08-08,11.290088653564453
2014-08-11,11.52865219116211
2014-08-12,11.564624786376953
2014-08-13,11.587345123291016
2014-08-14,11.795614242553711
2014-08-15,12.287888526916504
2014-08-18,12.465864181518555
2014-08-19,12.47533130645752
2014-08-20,12.45828914642334
2014-08-21,12.263275146484375
2014-08-22,12.164820671081543
2014-08-25,12.304926872253418
2014-08-26,12.397703170776367
2014-08-27,12.600295066833496
2014-08-28,12.350369453430176
2014-08-29,12.732824325561523
2014-09-01,12.706320762634277
2014-09-02,12.410957336425781
2014-09-03,12.155354499816895
2014-09-04,11.880815505981445
2014-09-05,12.172393798828125
2014-09-08,11.994418144226074
2014-09-09,11.788041114807129
2014-09-10,11.644145965576172
2014-09-11,11.72745418548584
2014-09-12,11.39801025390625
2014-09-15,11.511613845825195
2014-09-16,11.8524169921875
2014-09-17,11.700947761535645
2014-09-18,11.140514373779297
2014-09-19,11.132939338684082
2014-09-22,11.026912689208984
2014-09-23,11.057206153869629
2014-09-24,11.352570533752441
2014-09-25,11.095073699951172
2014-09-26,11.428304672241211
2014-09-29,11.132939338684082
2014-09-30,11.647933006286621
2014-10-01,11.39801025390625
2014-10-02,11.314703941345215
2014-10-03,11.663081169128418
2014-10-06,12.07204818725586
2014-10-07,12.117486000061035
2014-10-08,12.25380802154541
2014-10-09,12.231086730957031
2014-10-10,11.799402236938477
2014-10-13,11.738814353942871
2014-10-14,11.663081169128418
2014-10-15,11.276836395263672
2014-10-16,11.21624755859375
2014-10-17,11.435876846313477
2014-10-20,11.095073699951172
2014-10-21,10.913311004638672
2014-10-22,10.860297203063965
2014-10-23,10.428610801696777
2014-10-24,10.746694564819336
2014-10-27,11.678229331970215
2014-10-28,12.30682373046875
2014-10-29,12.412850379943848
2014-10-30,12.761226654052734
2014-10-31,13.374675750732422
2014-11-03,13.27622127532959
2014-11-04,13.32923412322998
2014-11-05,13.480701446533203
2014-11-06,13.23835563659668
2014-11-07,13.4049711227417
2014-11-10,13.071741104125977
2014-11-11,12.54159927368164
2014-11-12,12.94299030303955
2014-11-13,12.8521089553833
2014-11-14,12.87483024597168
2014-11-17,12.57946491241455
2014-11-18,13.124752044677734
2014-11-19,13.32923412322998
2014-11-21,13.632170677185059
2014-11-24,13.601879119873047
2014-11-25,13.420116424560547
2014-11-26,13.692758560180664
2014-11-27,13.639747619628906
2014-11-28,13.541291236877441
2014-12-01,13.003579139709473
2014-12-02,12.965710639953613
2014-12-03,12.738507270812988
2014-12-04,12.72336196899414
2014-12-05,12.935415267944336
2014-12-08,12.609759330749512
2014-12-09,12.609759330749512
2014-12-10,12.783947944641113
2014-12-11,12.996004104614258
2014-12-12,12.647625923156738
2014-12-15,12.602185249328613
2014-12-16,11.996310234069824
2014-12-17,12.208367347717285
2014-12-18,11.92814826965332
2014-12-19,12.25380802154541
2014-12-22,12.276529312133789
2014-12-23,12.344686508178711
2014-12-26,12.594610214233398
2014-12-29,12.465864181518555
2014-12-30,11.587345123291016
2015-01-02,11.208675384521484
2015-01-05,10.390745162963867
2015-01-06,9.693989753723145
2015-01-07,9.55009651184082
2015-01-08,10.299863815307617
2015-01-09,10.057514190673828
2015-01-12,9.178995132446289
2015-01-13,9.800016403198242
2015-01-14,9.845458984375
2015-01-15,9.542519569396973
2015-01-16,10.178688049316406
2015-01-19,9.959057807922363
2015-01-20,9.875748634338379
2015-01-21,10.322585105895996
2015-01-22,9.580389022827148
2015-01-23,9.481932640075684
2015-01-26,9.875748634338379
2015-01-27,9.959057807922363
2015-01-28,9.512226104736328
2015-01-29,9.80759048461914
2015-01-30,9.292596817016602
2015-02-02,9.232008934020996
2015-02-03,8.883630752563477
2015-02-04,8.71701717376709
2015-02-05,8.671576499938965
2015-02-06,7.709750175476074
2015-02-09,8.088420867919922
2015-02-10,7.755190849304199
2015-02-11,7.399240016937256
2015-02-12,8.315625190734863
2015-02-13,8.133862495422363
2015-02-18,8.262608528137207
2015-02-19,9.072970390319824
2015-02-20,8.838191986083984
2015-02-23,9.406198501586914
2015-02-24,9.572813987731934
2015-02-25,9.557666778564453
2015-02-26,8.709442138671875
2015-02-27,7.800630569458008
2015-03-02,7.724896430969238
2015-03-03,7.611297607421875
2015-03-04,7.482548236846924
2015-03-05,7.384093284606934
2015-03-06,7.55828332901001
2015-03-09,7.353799343109131
2015-03-10,6.975128173828125
2015-03-11,7.255344390869141
2015-03-12,7.64158821105957
2015-03-13,7.808207035064697
2015-03-16,7.603723526000977
2015-03-17,7.9596757888793945
2015-03-18,8.421651840209961
2015-03-19,7.823353290557861
2015-03-20,7.921807289123535
2015-03-23,8.179302215576172
2015-03-24,8.270184516906738
2015-03-25,8.164156913757324
2015-03-26,7.588575839996338
2015-03-27,7.543133735656738
2015-03-30,7.724896430969238
2015-03-31,7.732471942901611
2015-04-01,8.027833938598633
2015-04-02,8.239888191223145
2015-04-06,8.648859024047852
2015-04-07,8.71701717376709
2015-04-08,8.944218635559082
2015-04-09,9.01237964630127
2015-04-10,9.050250053405762
2015-04-13,8.671576499938965
2015-04-14,8.224745750427246
2015-04-15,8.111143112182617
2015-04-16,7.989968299865723
2015-04-17,7.785483360290527
2015-04-20,8.012687683105469
2015-04-22,7.921807289123535
2015-04-23,8.421651840209961
2015-04-24,8.891204833984375
2015-04-27,8.436799049377441
2015-04-28,8.84576416015625
2015-04-29,8.520106315612793
2015-04-30,8.345917701721191
2015-05-04,8.421651840209961
2015-05-05,8.04298210144043
2015-05-06,8.065702438354492
2015-05-07,8.103568077087402
2015-05-08,8.361064910888672
2015-05-11,8.080849647521973
2015-05-12,8.82304573059082
2015-05-13,8.6818265914917
2015-05-14,9.00140380859375
2015-05-15,9.366634368896484
2015-05-18,9.039449691772461
2015-05-19,8.940533638000488
2015-05-20,9.130757331848145
2015-05-21,9.602513313293457
2015-05-22,9.457941055297852
2015-05-25,9.686211585998535
2015-05-26,9.305764198303223
2015-05-27,9.054666519165039
2015-05-28,8.841617584228516
2015-05-29,8.6361722946167
2015-06-01,8.71987247467041
2015-06-02,9.016621589660645
2015-06-03,8.6818265914917
2015-06-05,8.773136138916016
2015-06-08,8.826399803161621
2015-06-09,9.016621589660645
2015-06-10,9.168801307678223
2015-06-11,9.48837661743164
2015-06-12,9.435114860534668
2015-06-15,9.655774116516113
2015-06-16,9.663385391235352
2015-06-17,9.648167610168457
2015-06-18,9.457941055297852
2015-06-19,9.20684814453125
2015-06-22,9.442723274230957
2015-06-23,9.374242782592773
2015-06-24,9.777520179748535
2015-06-25,9.846000671386719
2015-06-26,9.214452743530273
2015-06-29,8.83400821685791
2015-06-30,9.054666519165039
2015-07-01,9.009013175964355
2015-07-02,8.986185073852539
2015-07-03,8.970965385437012
2015-07-06,8.902486801147461
2015-07-07,8.560084342956543
2015-07-08,8.598128318786621
2015-07-10,8.910097122192383
2015-07-13,9.009013175964355
2015-07-14,9.085103034973145
2015-07-15,9.13836669921875
2015-07-16,8.902486801147461
2015-07-17,8.582910537719727
2015-07-20,8.392684936523438
2015-07-21,8.095938682556152
2015-07-22,7.989410877227783
2015-07-23,7.4872212409973145
2015-07-24,7.685054302215576
2015-07-27,7.593745708465576
2015-07-28,7.418740749359131
2015-07-29,7.365477561950684
2015-07-30,7.121990203857422
2015-07-31,7.266560077667236
2015-08-03,6.98502779006958
2015-08-04,6.886110782623291
2015-08-05,6.977419853210449
2015-08-06,6.810023307800293
2015-08-07,6.673061847686768
2015-08-10,6.7111053466796875
2015-08-11,6.817631244659424
2015-08-12,6.992635726928711
2015-08-13,7.583259582519531
2015-08-14,7.445381164550781
2015-08-17,7.598576068878174
2015-08-18,7.644537925720215
2015-08-19,7.575599193572998
2015-08-20,7.3304829597473145
2015-08-21,7.1236677169799805
2015-08-24,6.939831733703613
2015-08-25,6.64875602722168
2015-08-26,6.52619743347168
2015-08-27,7.047068119049072
2015-08-28,6.771313190460205
2015-08-31,6.64875602722168
2015-09-01,6.572157382965088
2015-09-02,6.610456466674805
2015-09-03,6.52619743347168
2015-09-04,6.395981311798096
2015-09-08,6.472579002380371
2015-09-09,6.595137119293213
2015-09-10,6.5491766929626465
2015-09-11,6.595137119293213
2015-09-14,6.71003532409668
2015-09-15,6.572157382965088
2015-09-16,6.66407585144043
2015-09-17,7.031749248504639
2015-09-18,6.595137119293213
2015-09-21,6.357679843902588
2015-09-22,5.8521318435668945
2015-09-23,5.959369659423828
2015-09-24,5.867449760437012
2015-09-25,5.821491241455078
2015-09-28,5.675952911376953
2015-09-29,5.859789848327637
2015-09-30,5.905749797821045
2015-10-01,5.921070098876953
2015-10-02,6.5338592529296875
2015-10-05,6.748334884643555
2015-10-06,6.863231182098389
2015-10-07,7.223245143890381
2015-10-08,7.299843788146973
2015-10-09,7.552619934082031
2015-10-13,6.932168960571289
2015-10-14,6.817273139953613
2015-10-15,7.606236934661865
2015-10-16,7.659856796264648
2015-10-19,7.943271636962891
2015-10-20,7.996891975402832
2015-10-21,7.950931549072266
2015-10-22,7.820713043212891
2015-10-23,7.797735214233398
2015-10-26,7.682836055755615
2015-10-27,7.927952766418457
2015-10-28,7.935612201690674
2015-10-29,7.4147419929504395
2015-10-30,7.552619934082031
2015-11-03,8.23434829711914
2015-11-04,7.828373432159424
2015-11-05,8.12710952758789
2015-11-06,7.813054084777832
2015-11-09,7.759435653686523
2015-11-10,7.66751766204834
2015-11-11,8.119447708129883
2015-11-12,8.096468925476074
2015-11-13,7.877992153167725
2015-11-16,7.877992153167725
2015-11-17,8.131872177124023
2015-11-18,8.154952049255371
2015-11-19,8.224193572998047
2015-11-23,8.208807945251465
2015-11-24,8.147259712219238
2015-11-25,7.993393898010254
2015-11-26,7.3086838722229
2015-11-27,7.154818058013916
2015-11-30,7.116349697113037
2015-12-01,7.49332332611084
2015-12-02,7.524099826812744
2015-12-03,8.154952049255371
2015-12-04,7.954925060272217
2015-12-07,8.047247886657715
2015-12-08,8.09340763092041
2015-12-09,8.26265811920166
2015-12-10,8.047247886657715
2015-12-11,7.993393898010254
2015-12-14,7.885684013366699
2015-12-15,7.885684013366699
2015-12-16,7.924151420593262
2015-12-17,8.147259712219238
2015-12-18,7.477937698364258
2015-12-21,7.6933512687683105
2015-12-22,7.624113082885742
2015-12-23,7.55487060546875
2015-12-28,7.5933380126953125
2015-12-29,7.631802558898926
2015-12-30,7.33176326751709
2016-01-04,7.247138023376465
2016-01-05,7.077883243560791
2016-01-06,7.208670139312744
2016-01-07,7.1317362785339355
2016-01-08,6.731683254241943
2016-01-11,6.693216323852539
2016-01-12,6.47780179977417
2016-01-13,6.285468578338623
2016-01-14,6.608589172363281
2016-01-15,6.5547356605529785
2016-01-18,6.377788066864014
2016-01-19,6.416255950927734
2016-01-20,6.308548450469971
2016-01-21,6.193147659301758
2016-01-22,5.954653263092041
2016-01-26,6.154682159423828
2016-01-27,6.039280414581299
2016-01-28,6.023894309997559
2016-01-29,6.539348125457764
2016-02-01,6.85477876663208
2016-02-02,6.639362335205078
2016-02-03,6.677829265594482
2016-02-04,7.154818058013916
2016-02-05,7.254830837249756
2016-02-10,7.162510871887207
2016-02-11,6.9855637550354
2016-02-12,7.324069976806641
2016-02-15,7.416391849517822
2016-02-16,7.347149848937988
2016-02-17,7.616418838500977
2016-02-18,7.55487060546875
2016-02-19,7.33176326751709
2016-02-22,7.339456558227539
2016-02-23,7.254830837249756
2016-02-24,7.077883243560791
2016-02-25,7.008644104003906
2016-02-26,7.277912139892578
2016-02-29,7.670272350311279
2016-03-01,7.808750629425049
2016-03-02,7.647192001342773
2016-03-03,8.254965782165527
2016-03-04,8.493459701538086
2016-03-07,8.755033493041992
2016-03-08,8.631942749023438
2016-03-09,8.68579387664795
2016-03-10,8.885819435119629
2016-03-11,8.955061912536621
2016-03-14,8.578084945678711
2016-03-15,8.301124572753906
2016-03-16,8.118391036987305
2016-03-17,8.39647102355957
2016-03-18,8.411919593811035
2016-03-21,8.35784912109375
2016-03-22,8.805869102478027
2016-03-23,8.805869102478027
2016-03-24,9.053049087524414
2016-03-28,8.64365291595459
2016-03-29,8.767244338989258
2016-03-30,8.952632904052734
2016-03-31,8.867661476135254
2016-04-01,9.130294799804688
2016-04-04,8.898558616638184
2016-04-05,8.952632904052734
2016-04-06,9.02987289428711
2016-04-07,8.944907188415527
2016-04-08,9.199810981750488
2016-04-11,8.844488143920898
2016-04-12,9.168915748596191
2016-04-13,9.338851928710938
2016-04-14,9.176640510559082
2016-04-15,9.385201454162598
2016-04-18,9.454718589782715
2016-04-19,9.60920524597168
2016-04-20,9.64783000946045
2016-04-22,9.192089080810547
2016-04-25,9.199810981750488
2016-04-26,9.51651668548584
2016-04-27,9.732796669006348
2016-04-28,9.817768096923828
2016-04-29,9.887289047241211
2016-05-02,10.041778564453125
2016-05-03,9.694178581237793
2016-05-04,9.562860488891602
2016-05-05,9.08394718170166
2016-05-06,9.107118606567383
2016-05-09,9.230711936950684
2016-05-10,9.6323823928833
2016-05-11,9.269333839416504
2016-05-12,9.485617637634277
2016-05-13,9.082383155822754
2016-05-16,9.027765274047852
2016-05-17,8.66103744506836
2016-05-18,8.871710777282715
2016-05-19,9.090187072753906
2016-05-20,8.871710777282715
2016-05-23,8.551796913146973
2016-05-24,8.832697868347168
2016-05-25,8.497179985046387
2016-05-27,8.551796913146973
2016-05-30,8.528390884399414
2016-05-31,8.64543342590332
2016-06-01,8.746868133544922
2016-06-02,9.932882308959961
2016-06-03,10.127952575683594
2016-06-06,9.909476280212402
2016-06-07,10.02651596069336
2016-06-08,10.416654586791992
2016-06-09,10.533692359924316
2016-06-10,10.221585273742676
2016-06-13,10.221585273742676
2016-06-14,10.205977439880371
2016-06-15,9.987502098083496
2016-06-16,10.073332786560059
2016-06-17,9.94068431854248
2016-06-20,10.24499225616455
2016-06-21,10.75997257232666
2016-06-22,10.416654586791992
2016-06-23,10.830196380615234
2016-06-24,10.861408233642578
2016-06-27,10.720959663391113
2016-06-28,10.525893211364746
2016-06-29,10.674141883850098
2016-06-30,10.61172103881836
2016-07-01,11.157913208007812
2016-07-04,10.986252784729004
2016-07-05,10.806790351867676
2016-07-06,10.588312149047852
2016-07-07,10.580513000488281
2016-07-08,11.017461776733398
2016-07-11,11.017461776733398
2016-07-12,11.415403366088867
2016-07-13,11.727513313293457
2016-07-14,12.055227279663086
2016-07-15,12.203476905822754
2016-07-18,12.328323364257812
2016-07-19,12.281506538391113
2016-07-20,11.665092468261719
2016-07-21,11.610471725463867
2016-07-22,11.766524314880371
2016-07-25,11.555850982666016
2016-07-26,11.352981567382812
2016-07-27,11.134504318237305
2016-07-28,11.446612358093262
2016-07-29,11.26715087890625
2016-08-01,11.524640083312988
2016-08-02,11.368586540222168
2016-08-03,11.274953842163086
2016-08-04,11.165716171264648
2016-08-05,11.251544952392578
2016-08-08,11.516838073730469
2016-08-09,11.610471725463867
2016-08-10,11.821144104003906
2016-08-11,11.922582626342773
2016-08-12,11.587064743041992
2016-08-15,11.532444953918457
2016-08-16,11.274953842163086
2016-08-17,11.329571723937988
2016-08-18,11.256202697753906
2016-08-19,11.209039688110352
2016-08-22,11.106852531433105
2016-08-23,11.036108016967773
2016-08-24,11.004666328430176
2016-08-25,10.92606258392334
2016-08-26,11.02824878692627
2016-08-29,11.303367614746094
2016-08-30,10.886761665344238
2016-08-31,10.847458839416504
2016-09-01,11.02824878692627
2016-09-02,10.91820240020752
2016-09-05,10.981086730957031
2016-09-06,11.429130554199219
2016-09-08,12.057969093322754
2016-09-09,11.790714263916016
2016-09-12,11.947924613952637
2016-09-13,11.672809600830078
2016-09-14,11.507739067077637
2016-09-15,11.806436538696289
2016-09-16,11.947924613952637
2016-09-19,11.869318962097168
2016-09-20,11.869318962097168
2016-09-21,11.987226486206055
2016-09-22,12.278063774108887
2016-09-23,11.680667877197266
2016-09-26,11.814297676086426
2016-09-27,12.010809898376465
2016-09-28,12.152299880981445
2016-09-29,11.837878227233887
2016-09-30,11.625642776489258
2016-10-03,11.940064430236816
2016-10-04,12.010809898376465
2016-10-05,12.301645278930664
2016-10-06,12.474576950073242
2016-10-07,12.340946197509766
2016-10-10,12.576764106750488
2016-10-11,12.537459373474121
2016-10-13,12.223043441772461
2016-10-14,12.40383243560791
2016-10-17,12.49815845489502
2016-10-18,13.032670021057129
2016-10-19,13.284204483032227
2016-10-20,12.96978759765625
2016-10-21,13.009088516235352
2016-10-24,12.702531814575195
2016-10-25,12.443135261535645
2016-10-26,12.364531517028809
2016-10-27,12.340946197509766
2016-10-28,12.246623992919922
2016-10-31,12.49815845489502
2016-11-01,12.191600799560547
2016-11-03,11.82215690612793
2016-11-04,11.641365051269531
2016-11-07,12.183738708496094
2016-11-08,12.443135261535645
2016-11-09,11.877181053161621
2016-11-10,10.847458839416504
2016-11-11,10.902482032775879
2016-11-14,11.397690773010254
2016-11-16,11.602063179016113
2016-11-17,11.242904663085938
2016-11-18,10.942672729492188
2016-11-21,11.377220153808594
2016-11-22,12.009286880493164
2016-11-23,11.630044937133789
2016-11-24,11.424623489379883
2016-11-25,11.11649227142334
2016-11-28,11.693252563476562
2016-11-29,11.021679878234863
2016-11-30,11.416723251342773
2016-12-01,11.061184883117676
2016-12-02,11.061184883117676
2016-12-05,10.911067962646484
2016-12-06,11.242904663085938
2016-12-07,11.100688934326172
2016-12-08,10.792556762695312
2016-12-09,10.30270004272461
2016-12-12,9.797048568725586
2016-12-13,10.35011100769043
2016-12-14,9.639031410217285
2016-12-15,9.639031410217285
2016-12-16,9.575826644897461
2016-12-19,9.654833793640137
2016-12-20,9.702239990234375
2016-12-21,9.757546424865723
2016-12-22,10.19209098815918
2016-12-23,10.294804573059082
2016-12-26,10.452820777893066
2016-12-27,10.389612197875977
2016-12-28,10.484423637390137
2016-12-29,10.531826972961426
2017-01-02,10.508125305175781
2017-01-03,11.029583930969238
2017-01-04,10.966373443603516
2017-01-05,10.824158668518066
2017-01-06,10.745152473449707
2017-01-09,10.674043655395508
2017-01-10,10.579231262207031
2017-01-11,10.413314819335938
2017-01-12,10.847861289978027
2017-01-13,11.08488655090332
2017-01-16,11.140192031860352
2017-01-17,11.590539932250977
2017-01-18,11.290310859680176
2017-01-19,11.100688934326172
2017-01-20,11.203401565551758
2017-01-23,10.705645561218262
2017-01-24,11.005880355834961
2017-01-26,11.061184883117676
2017-01-27,11.290310859680176
2017-01-30,10.982175827026367
2017-01-31,10.674043655395508
2017-02-01,10.563430786132812
2017-02-02,10.863663673400879
2017-02-03,10.563430786132812
2017-02-06,10.342208862304688
2017-02-07,10.18419075012207
2017-02-08,9.915559768676758
2017-02-09,10.19209098815918
2017-02-10,10.334305763244629
2017-02-13,10.35011100769043
2017-02-14,10.555532455444336
2017-02-15,10.745152473449707
2017-02-16,10.705645561218262
2017-02-17,11.092788696289062
2017-02-20,11.092788696289062
2017-02-21,11.21920108795166
2017-02-22,10.88736629486084
2017-02-23,10.903168678283691
2017-02-24,10.800457000732422
2017-03-01,10.784655570983887
2017-03-02,10.800457000732422
2017-03-03,10.745152473449707
2017-03-06,10.587135314941406
2017-03-07,10.650339126586914
2017-03-08,10.468621253967285
2017-03-09,10.231595039367676
2017-03-10,10.587135314941406
2017-03-13,10.547630310058594
2017-03-14,10.421216011047363
2017-03-15,10.942672729492188
2017-03-16,10.99007797241211
2017-03-17,10.587135314941406
2017-03-20,10.784655570983887
2017-03-21,10.421216011047363
2017-03-22,10.231595039367676
2017-03-23,10.128885269165039
2017-03-24,10.215795516967773
2017-03-27,10.19209098815918
2017-03-28,10.429118156433105
2017-03-29,10.506452560424805
2017-03-30,10.490560531616211
2017-03-31,10.554139137268066
2017-04-03,10.546192169189453
2017-04-04,10.490560531616211
2017-04-05,10.570033073425293
2017-04-06,10.911770820617676
2017-04-07,10.81640338897705
2017-04-10,10.951508522033691
2017-04-11,10.85614013671875
2017-04-12,10.927666664123535
2017-04-13,10.752823829650879
2017-04-17,11.174034118652344
2017-04-18,11.245560646057129
2017-04-19,11.150192260742188
2017-04-20,11.32503604888916
2017-04-24,11.380667686462402
2017-04-25,11.68266773223877
2017-04-26,11.778037071228027
2017-04-27,11.738300323486328
2017-04-28,11.881355285644531
2017-05-02,12.167458534240723
2017-05-03,12.310511589050293
2017-05-04,12.15951156616211
2017-05-05,12.302566528320312
2017-05-08,12.119776725769043
2017-05-09,12.310511589050293
2017-05-10,12.668145179748535
2017-05-11,12.47740650177002
2017-05-12,12.540987014770508
2017-05-15,12.493303298950195
2017-05-16,12.652250289916992
2017-05-17,12.636356353759766
2017-05-18,11.595247268676758
2017-05-19,11.896015167236328
2017-05-22,11.791875839233398
2017-05-23,11.863972663879395
2017-05-24,11.944082260131836
2017-05-25,11.912036895751953
2017-05-26,12.0161771774292
2017-05-29,12.0161771774292
2017-05-30,11.839940071105957
2017-05-31,11.615638732910156
2017-06-01,11.495477676391602
2017-06-02,11.295207023620605
2017-06-05,10.934721946716309
2017-06-06,11.199078559875488
2017-06-07,11.607626914978027
2017-06-08,11.463435173034668
2017-06-09,11.543540954589844
2017-06-12,11.527518272399902
2017-06-13,11.391335487365723
2017-06-14,11.47945499420166
2017-06-15,11.47945499420166
2017-06-16,11.415369033813477
2017-06-19,11.543540954589844
2017-06-20,11.094937324523926
2017-06-21,10.702410697937012
2017-06-22,10.95074462890625
2017-06-23,11.239131927490234
2017-06-26,11.078916549682617
2017-06-27,10.734453201293945
2017-06-28,11.343273162841797
2017-06-29,11.615638732910156
2017-06-30,11.912036895751953
2017-07-03,11.96811294555664
2017-07-04,12.0161771774292
2017-07-05,12.0161771774292
2017-07-06,11.815908432006836
2017-07-07,11.815908432006836
2017-07-10,11.960103034973145
2017-07-11,11.920049667358398
2017-07-12,12.032198905944824
2017-07-13,12.216448783874512
2017-07-14,12.416718482971191
2017-07-17,12.296555519104004
2017-07-18,12.32859992980957
2017-07-19,12.336609840393066
2017-07-20,12.384675025939941
2017-07-21,12.360641479492188
2017-07-24,12.3045654296875
2017-07-25,12.256501197814941
2017-07-26,12.176393508911133
2017-07-27,12.13633918762207
2017-07-28,12.00015640258789
2017-07-31,12.080263137817383
2017-08-01,12.120318412780762
2017-08-02,12.096284866333008
2017-08-03,11.815908432006836
2017-08-04,11.807897567749023
2017-08-07,11.992145538330078
2017-08-08,11.992145538330078
2017-08-09,11.992145538330078
2017-08-10,12.176393508911133
2017-08-11,12.825267791748047
2017-08-14,13.321935653686523
2017-08-15,13.762530326843262
2017-08-16,14.195110321044922
2017-08-17,14.363338470458984
2017-08-18,14.119482040405273
2017-08-21,14.184029579162598
2017-08-22,14.426076889038086
2017-08-23,14.44221305847168
2017-08-24,14.708467483520508
2017-08-25,14.44221305847168
2017-08-28,14.119482040405273
2017-08-29,14.046869277954102
2017-08-30,14.321189880371094
2017-08-31,14.49869441986084
2017-09-01,14.49869441986084
2017-09-04,14.426076889038086
2017-09-05,14.361532211303711
2017-09-06,14.651988983154297
2017-09-07,14.651988983154297
2017-09-08,14.66812515258789
2017-09-11,14.627785682678223
2017-09-12,14.853697776794434
2017-09-13,15.329727172851562
2017-09-14,15.69279670715332
2017-09-15,15.886436462402344
2017-09-18,15.733138084411621
2017-09-19,15.523364067077637
2017-09-20,15.870301246643066
2017-09-21,15.72507381439209
2017-09-22,15.555634498596191
2017-09-25,15.329727172851562
2017-09-26,15.249042510986328
2017-09-27,15.047337532043457
2017-09-28,15.410407066345215
2017-09-29,16.176891326904297
2017-10-02,15.991324424743652
2017-10-03,17.015995025634766
2017-10-04,17.128952026367188
2017-10-05,16.435077667236328
2017-10-06,16.40280532836914
2017-10-09,16.338258743286133
2017-10-10,16.927242279052734
2017-10-11,15.9590482711792
2017-10-12,15.9590482711792
2017-10-13,15.684731483459473
2017-10-16,15.79768180847168
2017-10-17,15.450749397277832
2017-10-18,15.773478507995605
2017-10-19,15.273248672485352
2017-10-20,15.273248672485352
2017-10-23,14.643919944763184
2017-10-24,14.910175323486328
2017-10-25,14.87790298461914
2017-10-26,14.748809814453125
2017-10-27,14.732673645019531
2017-10-30,14.539034843444824
2017-10-31,14.514829635620117
2017-11-01,14.401871681213379
2017-11-02,14.401871681213379
2017-11-03,14.296985626220703
2017-11-06,14.046869277954102
2017-11-07,14.33732795715332
2017-11-08,15.16835880279541
2017-11-09,14.547100067138672
2017-11-10,14.119482040405273
2017-11-13,14.321189880371094
2017-11-14,14.159826278686523
2017-11-15,14.159826278686523
2017-11-16,14.885968208312988
2017-11-17,15.425165176391602
2017-11-20,15.425165176391602
2017-11-21,15.38459587097168
2017-11-22,15.335908889770508
2017-11-23,15.319682121276855
2017-11-24,15.230423927307129
2017-11-27,15.270998001098633
2017-11-28,15.084367752075195
2017-11-29,14.767912864685059
2017-11-30,14.703001022338867
2017-12-01,14.467686653137207
2017-12-04,14.4190034866333
2017-12-05,14.337860107421875
2017-12-06,14.962655067443848
2017-12-07,14.354085922241211
2017-12-08,13.786089897155762
2017-12-11,13.404720306396484
2017-12-12,13.980833053588867
2017-12-13,14.199915885925293
2017-12-14,14.037631034851074
2017-12-15,13.997060775756836
2017-12-18,14.199915885925293
2017-12-19,14.167461395263672
2017-12-20,14.118773460388184
2017-12-21,14.337860107421875
2017-12-22,14.451457977294922
2017-12-25,14.451457977294922
2017-12-26,14.443342208862305
2017-12-27,14.776026725769043
2017-12-28,14.930195808410645
2017-12-29,14.930195808410645
2018-01-02,14.881513595581055
2018-01-03,15.011338233947754
2018-01-04,15.21419620513916
2018-01-05,15.181739807128906
2018-01-08,14.508257865905762
2018-01-09,14.686769485473633
2018-01-10,14.970767974853516
2018-01-11,14.427115440368652
2018-01-12,13.80231761932373
2018-01-15,13.74552059173584
2018-01-16,13.59946346282959
2018-01-17,13.988945960998535
2018-01-18,13.940261840820312
2018-01-19,13.794204711914062
2018-01-22,13.721175193786621
2018-01-23,13.33169174194336
2018-01-24,13.445292472839355
2018-01-25,13.445292472839355
2018-01-26,13.299236297607422
2018-01-29,13.023353576660156
2018-01-30,13.063922882080078
2018-01-31,13.185637474060059
2018-02-01,13.364151000976562
2018-02-02,13.218092918395996
2018-02-05,12.79615306854248
2018-02-06,12.723125457763672
2018-02-07,12.585184097290039
2018-02-08,12.171356201171875
2018-02-09,12.220043182373047
2018-02-14,12.747467994689941
2018-02-15,12.990896224975586
2018-02-16,12.771809577941895
2018-02-19,12.812383651733398
2018-02-20,13.25054931640625
2018-02-21,13.445292472839355
2018-02-22,13.234322547912598
2018-02-23,12.999008178710938
2018-02-26,12.820496559143066
2018-02-27,12.658210754394531
2018-02-28,12.577070236206055
2018-03-01,12.585184097290039
2018-03-02,12.431012153625488
2018-03-05,12.73935317993164
2018-03-06,12.471583366394043
2018-03-07,12.26872730255127
2018-03-08,11.863016128540039
2018-03-09,11.806217193603516
2018-03-12,11.911701202392578
2018-03-13,12.098329544067383
2018-03-14,12.236270904541016
2018-03-15,12.098329544067383
2018-03-16,11.789987564086914
2018-03-19,11.765645027160645
2018-03-20,11.830558776855469
2018-03-21,11.749417304992676
2018-03-22,11.64393138885498
2018-03-23,11.18709659576416
2018-03-26,10.991118431091309
2018-03-27,10.697149276733398
2018-03-28,10.770641326904297
2018-03-29,11.105439186096191
2018-04-02,11.01561450958252
2018-04-03,10.79513931274414
2018-04-04,10.460342407226562
2018-04-05,10.746145248413086
2018-04-06,10.893128395080566
2018-04-09,10.811470985412598
2018-04-10,10.762475967407227
2018-04-11,11.18709659576416
2018-04-12,11.513725280761719
2018-04-13,11.628046989440918
2018-04-16,11.415738105773926
2018-04-17,11.456564903259277
2018-04-18,11.391241073608398
2018-04-19,11.138102531433105
2018-04-20,11.02377986907959
2018-04-23,11.60354995727539
2018-04-24,11.840356826782227
2018-04-25,11.440234184265137
2018-04-26,11.18709659576416
2018-04-27,11.595382690429688
2018-04-30,11.440234184265137
2018-05-02,11.105439186096191
2018-05-03,10.819637298583984
2018-05-04,10.844135284423828
2018-05-07,10.811470985412598
2018-05-08,10.901293754577637
2018-05-09,10.493006706237793
2018-05-10,10.737977981567383
2018-05-11,9.104827880859375
2018-05-14,9.063998222351074
2018-05-15,9.170151710510254
2018-05-16,9.455953598022461
2018-05-17,8.933345794677734
2018-05-18,8.769011497497559
2018-05-21,8.909248352050781
2018-05-22,9.412458419799805
2018-05-23,9.445453643798828
2018-05-24,9.742429733276367
2018-05-25,9.437204360961914
2018-05-28,8.86800479888916
2018-05-29,8.579277992248535
2018-05-30,8.917498588562012
2018-06-01,9.338213920593262
2018-06-04,9.206225395202637
2018-06-05,9.115482330322266
2018-06-06,8.66176986694336
2018-06-07,8.348298072814941
2018-06-08,8.909248352050781
2018-06-11,8.496784210205078
2018-06-12,8.554529190063477
2018-06-13,8.381294250488281
2018-06-14,8.381294250488281
2018-06-15,8.513283729553223
2018-06-18,8.33179759979248
2018-06-19,8.28230094909668
2018-06-20,8.059571266174316
2018-06-21,7.952329158782959
2018-06-22,7.960579872131348
2018-06-25,7.820341110229492
2018-06-26,7.787344455718994
2018-06-27,7.556364059448242
2018-06-28,7.7543463706970215
2018-06-29,7.688353061676025
2018-07-02,8.026575088500977
2018-07-03,8.793760299682617
2018-07-04,8.604025840759277
2018-07-05,8.66176986694336
2018-07-06,9.247469902038574
2018-07-10,9.230973243713379
2018-07-11,9.164978981018066
2018-07-12,9.181475639343262
2018-07-13,9.255719184875488
2018-07-16,9.321715354919434
2018-07-17,9.54444408416748
2018-07-18,9.321715354919434
2018-07-19,9.899166107177734
2018-07-20,9.874417304992676
2018-07-23,9.569193840026855
2018-07-24,9.602191925048828
2018-07-25,9.791924476623535
2018-07-26,9.511448860168457
2018-07-27,9.635188102722168
2018-07-30,9.395956993103027
2018-07-31,9.321715354919434
2018-08-01,9.148478507995605
2018-08-02,9.420707702636719
2018-08-03,9.577445030212402
2018-08-06,9.635188102722168
2018-08-07,9.140230178833008
2018-08-08,8.62877368927002
2018-08-09,8.463787078857422
2018-08-10,8.21630859375
2018-08-13,8.793760299682617
2018-08-14,8.966994285583496
2018-08-15,8.33179759979248
2018-08-16,8.37304401397705
2018-08-17,8.422539710998535
2018-08-20,8.28230094909668
2018-08-21,8.123137474060059
2018-08-22,8.65689754486084
2018-08-23,8.481757164001465
2018-08-24,8.681917190551758
2018-08-27,9.032195091247559
2018-08-28,9.01551628112793
2018-08-29,8.82369613647461
2018-08-30,8.481757164001465
2018-08-31,8.523455619812012
2018-09-03,8.59017562866211
2018-09-04,8.248236656188965
2018-09-05,8.173177719116211
2018-09-06,8.089776992797852
2018-09-10,8.139817237854004
2018-09-11,7.922978401184082
2018-09-12,8.0397367477417
2018-09-13,8.106456756591797
2018-09-14,8.206537246704102
2018-09-17,8.239897727966309
2018-09-18,8.640214920043945
2018-09-19,9.00717544555664
2018-09-20,9.023855209350586
2018-09-21,9.06555461883545
2018-09-24,8.698596000671387
2018-09-25,9.048876762390137
2018-09-26,9.382473945617676
2018-09-27,9.76611328125
2018-09-28,9.507574081420898
2018-10-01,9.424175262451172
2018-10-02,9.741093635559082
2018-10-03,9.924571990966797
2018-10-04,10.216471672058105
2018-10-05,9.891213417053223
2018-10-08,10.174771308898926
2018-10-09,9.891213417053223
2018-10-10,9.45753288269043
2018-10-11,9.299074172973633
2018-10-15,8.923774719238281
2018-10-16,8.807016372680664
2018-10-17,9.00717544555664
2018-10-18,8.89875602722168
2018-10-19,9.032195091247559
2018-10-22,9.465873718261719
2018-10-23,9.641013145446777
2018-10-24,9.257373809814453
2018-10-25,9.549274444580078
2018-10-26,9.707733154296875
2018-10-29,9.00717544555664
2018-10-30,9.257373809814453
2018-10-31,9.524252891540527
2018-11-01,9.607651710510254
2018-11-05,10.241493225097656
2018-11-06,9.674373626708984
2018-11-07,9.574294090270996
2018-11-08,9.048876762390137
2018-11-09,8.631875991821289
2018-11-12,8.848715782165527
2018-11-13,8.573495864868164
2018-11-14,9.132275581359863
2018-11-16,9.307413101196289
2018-11-19,9.098416328430176
2018-11-21,9.04800796508789
2018-11-22,9.12362003326416
2018-11-23,9.199230194091797
2018-11-26,8.913591384887695
2018-11-27,9.182426452636719
2018-11-28,9.207632064819336
2018-11-29,9.157222747802734
2018-11-30,8.821178436279297
2018-12-03,8.896788597106934
2018-12-04,8.569145202636719
2018-12-05,8.60274887084961
2018-12-06,8.56074333190918
2018-12-07,8.518738746643066
2018-12-10,8.191093444824219
2018-12-11,8.191093444824219
2018-12-12,8.233098983764648
2018-12-13,8.014671325683594
2018-12-14,7.86345100402832
2018-12-17,7.661823749542236
2018-12-18,7.645022392272949
2018-12-19,7.3593831062316895
2018-12-20,7.317377090454102
2018-12-21,7.619818210601807
2018-12-26,7.2249650955200195
2018-12-27,7.367784023284912
2018-12-28,7.45179557800293
2019-01-02,7.771038055419922
2019-01-03,7.86345100402832
2019-01-04,7.871851444244385
2019-01-07,7.670226097106934
2019-01-08,7.729032039642334
2019-01-09,8.0482759475708
2019-01-10,8.115484237670898
2019-01-11,8.275105476379395
2019-01-14,8.569145202636719
2019-01-15,8.476734161376953
2019-01-16,8.611150741577148
2019-01-17,8.795974731445312
2019-01-18,8.552342414855957
2019-01-21,8.485135078430176
2019-01-22,8.485135078430176
2019-01-23,9.106817245483398
2019-01-24,9.610884666442871
2019-01-28,9.636087417602539
2019-01-29,9.518471717834473
2019-01-30,10.030939102172852
2019-01-31,9.602483749389648
2019-02-01,9.753703117370605
2019-02-04,9.871318817138672
2019-02-05,9.795709609985352
2019-02-06,9.426058769226074
2019-02-07,9.392455101013184
2019-02-08,9.375653266906738
2019-02-11,9.577280044555664
2019-02-12,9.518471717834473
2019-02-13,9.468064308166504
2019-02-14,9.7453031539917
2019-02-15,9.140421867370605
2019-02-18,9.073211669921875
2019-02-19,9.2748384475708
2019-02-20,8.921992301940918
2019-02-21,9.392455101013184
2019-02-22,9.568878173828125
2019-02-25,9.434459686279297
2019-02-26,9.258035659790039
2019-02-27,9.316844940185547
2019-02-28,9.216032028198242
2019-03-01,9.132019996643066
2019-03-06,8.837981224060059
2019-03-07,8.711963653564453
2019-03-08,9.384053230285645
2019-03-11,9.644488334655762
2019-03-12,9.434459686279297
2019-03-13,9.325246810913086
2019-03-14,9.283239364624023
2019-03-15,9.05640983581543
2019-03-18,9.232833862304688
2019-03-19,9.148821830749512
2019-03-20,9.258035659790039
2019-03-21,9.098416328430176
2019-03-22,9.132019996643066
2019-03-25,9.417657852172852
2019-03-26,9.325246810913086
2019-03-27,8.703561782836914
2019-03-28,9.165623664855957
2019-03-29,8.905190467834473
2019-04-01,8.695161819458008
2019-04-02,8.686760902404785
2019-04-03,8.60274887084961
2019-04-04,9.12362003326416
2019-04-05,8.968987464904785
2019-04-08,8.893194198608398
2019-04-09,8.665809631347656
2019-04-10,8.733182907104492
2019-04-11,8.825819969177246
2019-04-12,8.691075325012207
2019-04-15,8.547907829284668
2019-04-16,8.379477500915527
2019-04-17,8.244731903076172
2019-04-18,8.320525169372559
2019-04-22,8.488958358764648
2019-04-23,8.295260429382324
2019-04-24,8.168936729431152
2019-04-25,8.295260429382324
2019-04-26,8.295260429382324
2019-04-29,8.261573791503906
2019-04-30,8.211044311523438
2019-05-02,8.04261302947998
2019-05-03,7.94997501373291
2019-05-06,7.874181747436523
2019-05-07,7.789965629577637
2019-05-08,7.916289329528809
2019-05-09,8.093143463134766
2019-05-10,8.505802154541016
2019-05-13,8.421585083007812
2019-05-14,8.387898445129395
2019-05-15,7.94997501373291
2019-05-16,7.6215338706970215
2019-05-17,7.410995006561279
2019-05-20,7.646798610687256
2019-05-21,8.000506401062012
2019-05-22,8.022137641906738
2019-05-23,8.132262229919434
2019-05-24,8.047551155090332
2019-05-27,8.454164505004883
2019-05-28,8.496519088745117
2019-05-29,8.488048553466797
2019-05-30,8.530404090881348
2019-05-31,8.759123802185059
2019-06-03,8.80147933959961
2019-06-04,9.021729469299316
2019-06-05,8.886189460754395
2019-06-06,8.657471656799316
2019-06-07,8.894661903381348
2019-06-10,8.843835830688477
2019-06-11,8.809950828552246
2019-06-12,8.767594337463379
2019-06-13,8.937016487121582
2019-06-14,8.877718925476074
2019-06-17,8.632057189941406
2019-06-18,8.682884216308594
2019-06-19,8.886189460754395
2019-06-21,9.20809268951416
2019-06-24,9.258919715881348
2019-06-25,9.03019905090332
2019-06-26,8.987845420837402
2019-06-27,9.267390251159668
2019-06-28,9.292802810668945
2019-07-01,9.191150665283203
2019-07-02,9.402928352355957
2019-07-03,9.521523475646973
2019-07-04,9.801069259643555
2019-07-05,9.911194801330566
2019-07-08,10.487229347229004
2019-07-10,10.44487476348877
2019-07-11,10.012847900390625
2019-07-12,9.699417114257812
2019-07-15,9.877310752868652
2019-07-16,9.953550338745117
2019-07-17,10.165328025817871
2019-07-18,10.673593521118164
2019-07-19,10.673593521118164
2019-07-22,10.605825424194336
2019-07-23,10.546526908874512
2019-07-24,10.419462203979492
2019-07-25,10.368632316589355
2019-07-26,10.62276840209961
2019-07-29,10.521113395690918
2019-07-30,10.402519226074219
2019-07-31,10.63970947265625
2019-08-01,11.156447410583496
2019-08-02,11.571532249450684
2019-08-05,10.99549674987793
2019-08-06,11.190332412719727
2019-08-07,10.970083236694336
2019-08-08,11.054794311523438
2019-08-09,11.283513069152832
2019-08-12,11.097148895263672
2019-08-13,10.927727699279785
2019-08-14,9.665533065795898
2019-08-15,9.106440544128418
2019-08-16,9.081026077270508
2019-08-19,9.140323638916016
2019-08-20,9.42834186553955
2019-08-21,9.473962783813477
2019-08-22,9.05762004852295
2019-08-23,8.726242065429688
2019-08-26,8.369375228881836
2019-08-27,8.2929048538208
2019-08-28,8.3778715133667
2019-08-29,8.6582670211792
2019-08-30,8.564802169799805
2019-09-02,8.556305885314941
2019-09-03,8.539310455322266
2019-09-04,8.73473834991455
2019-09-05,8.77722454071045
2019-09-06,8.836701393127441
2019-09-09,8.79421615600586
2019-09-10,9.083107948303223
2019-09-11,8.947159767150879
2019-09-12,9.456968307495117
2019-09-13,9.108598709106445
2019-09-16,9.575923919677734
2019-09-17,9.601415634155273
2019-09-18,9.58442211151123
2019-09-19,9.592918395996094
2019-09-20,9.567426681518555
2019-09-23,9.711874961853027
2019-09-24,9.8988037109375
2019-09-25,9.601415634155273
2019-09-26,9.686383247375488
2019-09-27,9.601415634155273
2019-09-30,9.499454498291016
2019-10-01,9.439976692199707
2019-10-02,9.176573753356934
2019-10-03,9.270038604736328
2019-10-04,9.431479454040527
2019-10-07,9.176573753356934
2019-10-08,8.836701393127441
2019-10-09,8.964153289794922
2019-10-10,8.819707870483398
2019-10-11,9.049121856689453
2019-10-14,9.06611442565918
2019-10-15,8.930166244506836
2019-10-16,8.904675483703613
2019-10-17,9.159581184387207
2019-10-18,9.134089469909668
2019-10-21,9.015134811401367
2019-10-22,9.168076515197754
2019-10-23,8.870687484741211
2019-10-24,8.454343795776367
2019-10-25,8.31839370727539
2019-10-28,8.301400184631348
2019-10-29,8.105973243713379
2019-10-30,8.156953811645508
2019-10-31,8.216431617736816
2019-11-01,8.369375228881836
2019-11-04,8.403363227844238
2019-11-05,8.411859512329102
2019-11-06,8.3778715133667
2019-11-07,8.496827125549316
2019-11-08,8.343884468078613
2019-11-11,8.326889991760254
2019-11-12,8.07198715209961
2019-11-13,8.216431617736816
2019-11-14,8.743234634399414
2019-11-18,8.75173282623291
2019-11-19,8.717745780944824
2019-11-21,8.959793090820312
2019-11-22,8.88328742980957
2019-11-25,8.806779861450195
2019-11-26,8.45824909210205
2019-11-27,8.560257911682129
2019-11-28,8.730273246765137
2019-11-29,8.713272094726562
2019-12-02,8.874785423278809
2019-12-03,8.917288780212402
2019-12-04,9.027798652648926
2019-12-05,9.061802864074707
2019-12-06,9.299823760986328
2019-12-09,9.342328071594238
2019-12-10,9.48684024810791
2019-12-11,10.15839958190918
2019-12-12,10.285911560058594
2019-12-13,10.370919227600098
2019-12-16,10.285911560058594
2019-12-17,10.200902938842773
2019-12-18,9.894876480102539
2019-12-19,9.52934455871582
2019-12-20,9.257320404052734
2019-12-23,9.520843505859375
2019-12-26,9.860873222351074
2019-12-27,9.86937427520752
2019-12-30,9.716361045837402
2020-01-02,10.370919227600098
2020-01-03,10.328413963317871
2020-01-06,10.192402839660645
2020-01-07,10.26891040802002
2020-01-08,10.200902938842773
2020-01-09,10.285911560058594
2020-01-10,10.370919227600098
2020-01-13,10.668444633483887
2020-01-14,10.872462272644043
2020-01-15,10.498430252075195
2020-01-16,10.217904090881348
2020-01-17,9.920377731323242
2020-01-20,9.801368713378906
2020-01-21,9.5038423538208
2020-01-22,9.605851173400879
2020-01-23,9.937379837036133
2020-01-24,9.920377731323242
2020-01-27,9.588850021362305
2020-01-28,9.945879936218262
2020-01-29,9.945879936218262
2020-01-30,9.767364501953125
2020-01-31,9.877874374389648
2020-02-03,9.903377532958984
2020-02-04,10.455926895141602
2020-02-05,10.353917121887207
2020-02-06,10.073391914367676
2020-02-07,9.597349166870117
2020-02-10,9.427334785461426
2020-02-11,9.478340148925781
2020-02-12,9.860873222351074
2020-02-13,10.030887603759766
2020-02-14,9.954381942749023
2020-02-17,9.954381942749023
2020-02-18,9.690858840942383
2020-02-19,9.478340148925781
2020-02-20,9.393332481384277
2020-02-21,9.393332481384277
2020-02-26,8.721772193908691
2020-02-27,8.449748039245605
2020-02-28,8.57726001739502
2020-03-02,8.713272094726562
2020-03-03,8.917288780212402
2020-03-04,8.866286277770996
2020-03-05,8.48375129699707
2020-03-06,7.650677680969238
2020-03-09,6.409567832946777
2020-03-10,6.9281134605407715
2020-03-11,6.4180684089660645
2020-03-12,5.083449840545654
2020-03-13,5.670001983642578
2020-03-16,4.4968976974487305
2020-03-17,5.023944854736328
2020-03-18,4.0378570556640625
2020-03-19,4.1313652992248535
2020-03-20,4.173869609832764
2020-03-23,3.8508405685424805
2020-03-24,3.808337450027466
2020-03-25,4.250376224517822
2020-03-26,4.972939491271973
2020-03-27,4.52239990234375
2020-03-30,4.3013811111450195
2020-03-31,3.4003007411956787
2020-04-01,3.289790630340576
2020-04-02,3.1112749576568604
2020-04-03,3.162280321121216
2020-04-06,3.5703155994415283
2020-04-07,3.808337450027466
2020-04-08,3.910346031188965
2020-04-09,3.8933448791503906
2020-04-13,4.139866352081299
2020-04-14,4.216372966766357
2020-04-15,4.462894916534424
2020-04-16,4.343884468078613
2020-04-17,4.284379482269287
2020-04-20,4.326882839202881
2020-04-22,4.3183817863464355
2020-04-23,4.165368556976318
2020-04-24,3.91884708404541
2020-04-27,3.910346031188965
2020-04-28,4.23337459564209
2020-04-29,4.7519211769104
2020-04-30,4.70941686630249
2020-05-04,4.437392234802246
2020-05-05,4.216372966766357
2020-05-06,4.23337459564209
2020-05-07,4.003854274749756
2020-05-08,4.020855903625488
2020-05-11,3.842339515686035
2020-05-12,3.7063279151916504
2020-05-13,3.5278124809265137
2020-05-14,3.5703155994415283
2020-05-15,3.5788164138793945
2020-05-18,3.952850103378296
2020-05-19,3.91884708404541
2020-05-20,3.8848438262939453
2020-05-21,3.995353937149048
2020-05-22,3.6553232669830322
2020-05-25,4.020855903625488
2020-05-26,4.08886194229126
2020-05-27,4.505398273468018
2020-05-28,4.445893287658691
2020-05-29,4.471395969390869
2020-06-01,4.785923480987549
2020-06-02,5.440481662750244
2020-06-03,5.763510704040527
2020-06-04,5.7295074462890625
2020-06-05,5.8655195236206055
2020-06-08,5.8655195236206055
2020-06-09,5.908022880554199
2020-06-10,5.661500930786133
2020-06-12,5.397977828979492
2020-06-15,5.431980609893799
2020-06-16,5.227963447570801
2020-06-17,5.465983867645264
2020-06-18,5.380976676940918
2020-06-19,5.3639750480651855
2020-06-22,5.618996620178223
2020-06-23,5.9590277671813965
2020-06-24,5.746509075164795
2020-06-25,5.704004764556885
2020-06-26,5.4064788818359375
2020-06-29,5.567992687225342
2020-06-30,5.618996620178223
2020-07-01,5.925024032592773
2020-07-02,5.882521152496338
2020-07-03,6.120541572570801
2020-07-06,6.460571765899658
2020-07-07,6.333061218261719
2020-07-08,6.5115766525268555
2020-07-09,6.613585948944092
2020-07-10,7.3446502685546875
2020-07-13,7.3786540031433105
2020-07-14,7.327648639678955
2020-07-15,7.438158988952637
2020-07-16,7.812191009521484
2020-07-17,7.948204517364502
2020-07-20,8.160722732543945
2020-07-21,7.990707874298096
2020-07-22,7.98220682144165
2020-07-23,7.438158988952637
2020-07-24,7.038622856140137
2020-07-27,7.081127643585205
2020-07-28,7.650677680969238
2020-07-29,7.8546953201293945
2020-07-30,8.041711807250977
2020-07-31,7.038622856140137
2020-08-03,6.67309045791626
2020-08-04,6.290556907653809
2020-08-05,6.273555278778076
2020-08-06,6.180046558380127
2020-08-07,6.197048187255859
2020-08-10,6.2820563316345215
2020-08-11,6.231051445007324
2020-08-12,6.112040996551514
2020-08-13,5.882521152496338
2020-08-14,6.112040996551514
2020-08-17,5.848517894744873
2020-08-18,5.916523456573486
2020-08-19,5.593495845794678
2020-08-20,5.584994316101074
2020-08-21,5.576493740081787
2020-08-24,5.414979457855225
2020-08-25,5.270466327667236
2020-08-26,5.151455879211426
2020-08-27,5.159956455230713
2020-08-28,5.108952045440674
2020-08-31,4.845429420471191
2020-09-01,5.057947635650635
2020-09-02,5.0409464836120605
2020-09-03,4.930436611175537
2020-09-04,5.108952045440674
2020-09-08,5.227963447570801
2020-09-09,5.015443801879883
2020-09-10,4.998442649841309
2020-09-11,4.845429420471191
2020-09-14,5.083449840545654
2020-09-15,4.930436611175537
2020-09-16,4.955939292907715
2020-09-17,4.904933929443359
2020-09-18,4.700916290283203
2020-09-21,4.726418495178223
2020-09-22,4.8199262619018555
2020-09-23,4.6839141845703125
2020-09-24,4.675414085388184
2020-09-25,4.743420124053955
2020-09-28,4.530900955200195
2020-09-29,4.428891658782959
2020-09-30,4.4033894538879395
2020-10-01,4.692415237426758
2020-10-02,4.590405464172363
2020-10-05,4.513898849487305
2020-10-06,4.454394340515137
2020-10-07,4.420391082763672
2020-10-08,4.5734052658081055
2020-10-09,4.462894916534424
2020-10-13,4.428891658782959
2020-10-14,4.437392234802246
2020-10-15,4.284379482269287
2020-10-16,4.10586404800415
2020-10-19,4.08886194229126
2020-10-20,4.199372291564941
2020-10-21,4.284379482269287
2020-10-22,4.173869609832764
2020-10-23,4.122864723205566
2020-10-26,4.080361366271973
2020-10-27,3.9273476600646973
2020-10-28,3.6128196716308594
2020-10-29,3.8593413829803467
2020-10-30,3.6468231678009033
2020-11-03,3.5703155994415283
2020-11-04,3.7998361587524414
2020-11-05,3.7318308353424072
2020-11-06,3.825338840484619
2020-11-09,4.182370662689209
2020-11-10,4.165368556976318
2020-11-11,4.003854274749756
2020-11-12,3.8933448791503906
2020-11-13,4.04635763168335
2020-11-16,4.0378570556640625
2020-11-17,4.139866352081299
2020-11-18,4.360886096954346
2020-11-19,4.23337459564209
2020-11-23,4.284379482269287
2020-11-24,4.267377853393555
2020-11-25,4.148367404937744
2020-11-26,4.326882839202881
2020-11-27,4.156867980957031
2020-11-30,3.9868528842926025
2020-12-01,4.250376224517822
2020-12-02,4.3948893547058105
2020-12-03,4.471395969390869
2020-12-04,4.420391082763672
2020-12-07,4.343884468078613
2020-12-08,4.3523850440979
2020-12-09,4.292880058288574
2020-12-10,4.437392234802246
2020-12-11,4.505398273468018
2020-12-14,4.258877277374268
2020-12-15,4.139866352081299
2020-12-16,4.182370662689209
2020-12-17,4.097362518310547
2020-12-18,4.063359260559082
2020-12-21,3.9443485736846924
2020-12-22,3.825338840484619
2020-12-23,3.910346031188965
2020-12-28,3.910346031188965
2020-12-29,3.9868528842926025
2020-12-30,3.9358479976654053
2021-01-04,3.995353937149048
2021-01-05,3.96985125541687
2021-01-06,3.8508405685424805
2021-01-07,3.9273476600646973
2021-01-08,4.097362518310547
2021-01-11,3.9273476600646973
2021-01-12,3.952850103378296
2021-01-13,3.9358479976654053
2021-01-14,4.054858207702637
2021-01-15,4.04635763168335
2021-01-18,3.9868528842926025
2021-01-19,3.9358479976654053
2021-01-20,3.9443485736846924
2021-01-21,3.825338840484619
2021-01-22,3.7488315105438232
2021-01-26,3.680825710296631
2021-01-27,3.6978273391723633
2021-01-28,3.9018454551696777
2021-01-29,3.842339515686035
2021-02-01,3.8593413829803467
2021-02-02,3.952850103378296
2021-02-03,4.029356479644775
2021-02-04,3.9273476600646973
2021-02-05,3.9358479976654053
2021-02-08,3.7998361587524414
2021-02-09,3.7573320865631104
2021-02-10,3.6043190956115723
2021-02-11,3.595817804336548
2021-02-12,3.561814546585083
2021-02-17,3.6213204860687256
2021-02-18,3.5703155994415283
2021-02-19,3.553314685821533
2021-02-22,3.3832991123199463
2021-02-23,3.366297960281372
2021-02-24,3.315293312072754
2021-02-25,3.264289140701294
2021-02-26,3.1792819499969482
2021-03-01,3.0687716007232666
2021-03-02,3.085773468017578
2021-03-03,3.1197760105133057
2021-03-04,3.1452784538269043
2021-03-05,3.4598066806793213
2021-03-08,3.2557883262634277
2021-03-09,3.187781572341919
2021-03-10,3.4428048133850098
2021-03-11,3.5193114280700684
2021-03-12,3.561814546585083
2021-03-15,3.502310037612915
2021-03-16,3.37479829788208
2021-03-17,3.502310037612915
2021-03-18,3.37479829788208
2021-03-19,3.536313056945801
2021-03-22,3.4428048133850098
2021-03-23,3.366297960281372
2021-03-24,3.2982914447784424
2021-03-25,3.3917999267578125
2021-03-26,3.2387866973876953
2021-03-29,3.2047834396362305
2021-03-30,3.28128981590271
2021-03-31,3.3832991123199463
2021-04-01,3.264289140701294
2021-04-05,3.4598066806793213
2021-04-06,3.4428048133850098
2021-04-07,3.4003007411956787
2021-04-08,3.4428048133850098
2021-04-09,3.4938089847564697
2021-04-12,3.476807117462158
2021-04-13,3.680825710296631
2021-04-14,3.510810613632202
2021-04-15,3.4938089847564697
2021-04-16,3.561814546585083
2021-04-19,3.4853081703186035
2021-04-20,3.3917999267578125
2021-04-22,3.366297960281372
2021-04-23,3.366297960281372
2021-04-26,3.3917999267578125
2021-04-27,3.366297960281372
2021-04-28,3.4003007411956787
2021-04-29,3.3407955169677734
2021-04-30,3.289790630340576
2021-05-03,3.28128981590271
2021-05-04,3.2047834396362305
2021-05-05,3.2982914447784424
2021-05-06,3.2727901935577393
2021-05-07,3.289790630340576
2021-05-10,3.37479829788208
2021-05-11,3.3322949409484863
2021-05-12,3.2132840156555176
2021-05-13,3.289790630340576
2021-05-14,3.3832991123199463
2021-05-17,3.4258034229278564
2021-05-18,3.4173026084899902
2021-05-19,3.408801555633545
2021-05-20,3.3917999267578125
2021-05-21,3.3322949409484863
2021-05-24,3.323793888092041
2021-05-25,3.544814109802246
2021-05-26,3.4343042373657227
2021-05-27,3.6468231678009033
2021-05-28,3.6213204860687256
2021-05-31,3.5873172283172607
2021-06-01,3.782834529876709
2021-06-02,3.782834529876709
2021-06-04,3.9358479976654053
2021-06-07,3.9018454551696777
2021-06-08,3.8763427734375
2021-06-09,3.825338840484619
2021-06-10,3.7913355827331543
2021-06-11,3.689326286315918
2021-06-14,4.0378570556640625
2021-06-15,3.961350679397583
2021-06-16,3.9443485736846924
2021-06-17,3.961350679397583
2021-06-18,3.8848438262939453
2021-06-21,4.080361366271973
2021-06-22,3.9868528842926025
2021-06-23,4.029356479644775
2021-06-24,4.0378570556640625
2021-06-25,3.9018454551696777
2021-06-28,3.8848438262939453
2021-06-29,3.816838026046753
2021-06-30,3.680825710296631
2021-07-01,3.6213204860687256
2021-07-02,3.689326286315918
2021-07-05,3.6553232669830322
2021-07-06,3.544814109802246
2021-07-07,3.544814109802246
2021-07-08,3.5193114280700684
2021-07-12,3.595817804336548
2021-07-13,3.6128196716308594
2021-07-14,3.638322353363037
2021-07-15,3.561814546585083
2021-07-16,3.5193114280700684
2021-07-19,3.451305627822876
2021-07-20,3.4598066806793213
2021-07-21,3.37479829788208
2021-07-22,3.357797384262085
2021-07-23,3.289790630340576
2021-07-26,3.221784830093384
2021-07-27,3.170780897140503
2021-07-28,3.2472875118255615
2021-07-29,3.1537790298461914
2021-07-30,3.094273090362549
2021-08-02,3.094273090362549
2021-08-03,3.0602707862854004
2021-08-04,3.0262675285339355
2021-08-05,2.958261728286743
2021-08-06,2.983764171600342
2021-08-09,2.958261728286743
2021-08-10,2.924258232116699
2021-08-11,2.8477518558502197
2021-08-12,2.7797460556030273
2021-08-13,2.822249174118042
2021-08-16,2.6522345542907715
2021-08-17,2.63523268699646
2021-08-18,2.7542433738708496
2021-08-19,2.7372419834136963
2021-08-20,2.822249174118042
2021-08-23,2.805248498916626
2021-08-24,2.8817553520202637
2021-08-25,2.8817553520202637
2021-08-26,2.890255928039551
2021-08-27,2.8817553520202637
2021-08-30,2.771245002746582
2021-08-31,2.728740930557251
2021-09-01,2.67773699760437
2021-09-02,2.6012301445007324
2021-09-03,2.584228754043579
2021-09-06,2.6012301445007324
2021-09-08,2.4397153854370117
2021-09-09,2.5332236289978027
2021-09-10,2.5587260723114014
2021-09-13,2.728740930557251
2021-09-14,2.6947386264801025
2021-09-15,2.575727939605713
2021-09-16,2.584228754043579
2021-09-17,2.524723529815674
2021-09-20,2.4397153854370117
2021-09-21,2.54172420501709
2021-09-22,2.584228754043579
2021-09-23,2.618232011795044
2021-09-24,2.5587260723114014
2021-09-27,2.4992213249206543
2021-09-28,2.3207056522369385
2021-09-29,2.3292064666748047
2021-09-30,2.303703784942627
2021-10-01,2.490720272064209
2021-10-04,2.3717093467712402
2021-10-05,2.354707956314087
2021-10-06,2.363208770751953
2021-10-07,2.4737186431884766
2021-10-08,2.5587260723114014
2021-10-11,2.5162227153778076
2021-10-13,2.67773699760437
2021-10-14,2.618232011795044
2021-10-15,2.6437337398529053
2021-10-18,2.6437337398529053
2021-10-19,2.4652178287506104
2021-10-20,2.4737186431884766
2021-10-21,2.3122048377990723
2021-10-22,2.2271971702575684
2021-10-25,2.2952027320861816
2021-10-26,2.1336889266967773
2021-10-27,2.2526986598968506
2021-10-28,2.1591904163360596
2021-10-29,2.1081864833831787
2021-11-01,2.3802103996276855
2021-11-03,2.456717014312744
2021-11-04,2.261199474334717
2021-11-05,2.278201103210449
2021-11-08,2.3802103996276855
2021-11-09,2.3802103996276855
2021-11-10,2.337707042694092
2021-11-11,2.354707956314087
2021-11-12,2.3717093467712402
2021-11-16,2.218696117401123
2021-11-17,2.1846930980682373
2021-11-18,2.167691469192505
2021-11-19,2.1336889266967773
2021-11-22,2.0486812591552734
2021-11-23,2.0146782398223877
2021-11-24,2.0911848545074463
2021-11-25,2.125188112258911
2021-11-26,1.9976764917373657
2021-11-29,2.0486812591552734
2021-11-30,2.1081864833831787
2021-12-01,2.0061769485473633
2021-12-02,2.0911848545074463
2021-12-03,2.1081864833831787
2021-12-06,2.176192045211792
2021-12-07,2.116687297821045
2021-12-08,2.2271971702575684
2021-12-09,2.2016947269439697
2021-12-10,2.4652178287506104
2021-12-13,2.2356979846954346
2021-12-14,2.125188112258911
2021-12-15,2.167691469192505
2021-12-16,2.1931936740875244
2021-12-17,2.1846930980682373
2021-12-20,2.1421897411346436
2021-12-21,2.1591904163360596
2021-12-22,2.0911848545074463
2021-12-23,2.0486812591552734
2021-12-27,2.0401806831359863
2021-12-28,2.0486812591552734
2021-12-29,2.031679630279541
2021-12-30,2.0911848545074463
2022-01-03,2.031679630279541
2022-01-04,1.9466724395751953
2022-01-05,1.8191606998443604
2022-01-06,1.7766573429107666
2022-01-07,1.7596557140350342
2022-01-10,1.7001498937606812
2022-01-11,1.7341532707214355
2022-01-12,1.7426540851593018
2022-01-13,1.7681565284729004
2022-01-14,1.8361624479293823
2022-01-17,1.844663143157959
2022-01-18,1.912669062614441
2022-01-19,1.8701657056808472
2022-01-20,1.9976764917373657
2022-01-21,2.031679630279541
2022-01-24,2.023178815841675
2022-01-25,2.0996856689453125
2022-01-26,2.167691469192505
2022-01-27,2.1506905555725098
2022-01-28,2.1421897411346436
2022-01-31,2.1931936740875244
2022-02-01,2.1846930980682373
2022-02-02,2.1336889266967773
2022-02-03,2.1591904163360596
2022-02-04,2.116687297821045
2022-02-07,2.0486812591552734
2022-02-08,2.0486812591552734
2022-02-09,2.0656821727752686
2022-02-10,2.057182550430298
2022-02-11,1.9806748628616333
2022-02-14,2.023178815841675
2022-02-15,2.0656821727752686
2022-02-16,2.0741829872131348
2022-02-17,2.057182550430298
2022-02-18,2.0486812591552734
2022-02-21,1.9296706914901733
2022-02-22,2.0656821727752686
2022-02-23,2.023178815841675
2022-02-24,2.0146782398223877
2022-02-25,1.9211697578430176
2022-03-02,1.895667314529419
2022-03-03,1.878665566444397
2022-03-04,1.8531639575958252
2022-03-07,1.7426540851593018
2022-03-08,1.8106597661972046
2022-03-09,1.8701657056808472
2022-03-10,1.895667314529419
2022-03-11,1.8021589517593384
2022-03-14,1.7681565284729004
2022-03-15,1.7936580181121826
2022-03-16,1.7681565284729004
2022-03-17,1.844663143157959
2022-03-18,1.844663143157959
2022-03-21,1.8106597661972046
2022-03-22,1.8531639575958252
2022-03-23,1.9041680097579956
2022-03-24,1.9636738300323486
2022-03-25,2.3462071418762207
2022-03-28,2.337707042694092
2022-03-29,2.4142138957977295
2022-03-30,2.456717014312744
2022-03-31,2.405712842941284
2022-04-01,2.5927295684814453
2022-04-04,2.609731435775757
2022-04-05,2.5332236289978027
2022-04-06,2.405712842941284
2022-04-07,2.456717014312744
2022-04-08,2.405712842941284
2022-04-11,2.269700288772583
2022-04-12,2.3717093467712402
2022-04-13,2.3292064666748047
2022-04-14,2.3122048377990723
2022-04-18,2.3122048377990723
2022-04-19,2.4397153854370117
2022-04-20,2.261199474334717
2022-04-22,2.1421897411346436
2022-04-25,2.218696117401123
2022-04-26,2.1846930980682373
2022-04-27,2.210195541381836
2022-04-28,2.176192045211792
2022-04-29,2.082683801651001
2022-05-02,2.0741829872131348
2022-05-03,2.057182550430298
2022-05-04,2.116687297821045
2022-05-05,1.9976764917373657
2022-05-06,2.0401806831359863
2022-05-09,1.9806748628616333
2022-05-10,2.0146782398223877
2022-05-11,2.023178815841675
2022-05-12,2.218696117401123
2022-05-13,2.167691469192505
2022-05-16,2.176192045211792
2022-05-17,2.303703784942627
2022-05-18,2.2526986598968506
2022-05-19,2.210195541381836
2022-05-20,2.2356979846954346
2022-05-23,2.278201103210449
2022-05-24,2.24419903755188
2022-05-25,2.2526986598968506
2022-05-26,2.3292064666748047
2022-05-27,2.303703784942627
2022-05-30,2.278201103210449
2022-05-31,2.2526986598968506
2022-06-01,2.269700288772583
2022-06-02,2.2867019176483154
2022-06-03,2.210195541381836
2022-06-06,2.116687297821045
2022-06-07,2.116687297821045
2022-06-08,2.167691469192505
2022-06-09,2.167691469192505
2022-06-10,2.1336889266967773
2022-06-13,1.9551730155944824
2022-06-14,1.912669062614441
2022-06-15,1.9891754388809204
2022-06-17,2.0146782398223877
2022-06-20,1.9636738300323486
2022-06-21,1.8701657056808472
2022-06-22,1.912669062614441
2022-06-23,1.9211697578430176
2022-06-24,1.8701657056808472
2022-06-27,1.8531639575958252
2022-06-28,1.8361624479293823
2022-06-29,1.8191606998443604
2022-06-30,1.8191606998443604
2022-07-01,1.7511550188064575
2022-07-04,1.7001498937606812
2022-07-05,1.7596557140350342
2022-07-06,1.9211697578430176
2022-07-07,2.0146782398223877
2022-07-08,2.0486812591552734
2022-07-11,1.972173810005188
2022-07-12,2.0401806831359863
2022-07-13,1.9806748628616333
2022-07-14,2.031679630279541
2022-07-15,2.057182550430298
2022-07-18,2.0486812591552734
2022-07-19,1.9806748628616333
2022-07-20,1.972173810005188
2022-07-21,1.9551730155944824
2022-07-22,1.8871665000915527
2022-07-25,1.8871665000915527
2022-07-26,1.8191606998443604
2022-07-27,1.912669062614441
2022-07-28,1.9211697578430176
2022-07-29,1.9211697578430176
2022-08-01,1.9296706914901733
2022-08-02,1.912669062614441
2022-08-03,2.023178815841675
2022-08-04,2.125188112258911
2022-08-05,2.1591904163360596
2022-08-08,2.1931936740875244
2022-08-09,2.167691469192505
2022-08-10,2.24419903755188
2022-08-11,2.218696117401123
2022-08-12,2.2952027320861816
2022-08-15,2.3292064666748047
2022-08-16,2.269700288772583
2022-08-17,2.2526986598968506
2022-08-18,2.1931936740875244
2022-08-19,2.2016947269439697
2022-08-22,2.176192045211792
2022-08-23,2.1931936740875244
2022-08-24,2.1846930980682373
2022-08-25,2.269700288772583
2022-08-26,2.24419903755188
2022-08-29,2.2016947269439697
2022-08-30,2.1506905555725098
2022-08-31,2.1081864833831787
2022-09-01,2.1931936740875244
2022-09-02,2.1846930980682373
2022-09-05,2.2356979846954346
2022-09-06,2.176192045211792
2022-09-08,2.269700288772583
2022-09-09,2.303703784942627
2022-09-12,2.3462071418762207
2022-09-13,2.3207056522369385
2022-09-14,2.4142138957977295
2022-09-15,2.397212266921997
2022-09-16,2.176192045211792
2022-09-19,2.3887112140655518
2022-09-20,2.337707042694092
2022-09-21,2.3292064666748047
2022-09-22,2.5332236289978027
2022-09-23,2.5587260723114014
2022-09-26,2.4992213249206543
2022-09-27,2.397212266921997
2022-09-28,2.490720272064209
2022-09-29,2.4227147102355957
2022-09-30,2.4992213249206543
2022-10-03,2.490720272064209
2022-10-04,2.54172420501709
2022-10-05,2.4822194576263428
2022-10-06,2.6522345542907715
2022-10-07,2.6437337398529053
2022-10-10,2.6522345542907715
2022-10-11,2.618232011795044
2022-10-13,2.575727939605713
2022-10-14,2.490720272064209
2022-10-17,2.4822194576263428
2022-10-18,2.5332236289978027
2022-10-19,2.4652178287506104
2022-10-20,2.4652178287506104
2022-10-21,2.4822194576263428
2022-10-24,2.448215961456299
2022-10-25,2.5162227153778076
2022-10-26,2.405712842941284
2022-10-27,2.5672271251678467
2022-10-28,2.7032394409179688
2022-10-31,2.796747922897339
2022-11-01,2.813748359680176
2022-11-03,2.7542433738708496
2022-11-04,2.728740930557251
2022-11-07,2.490720272064209
2022-11-08,2.448215961456299
2022-11-09,2.3802103996276855
2022-11-10,2.24419903755188
2022-11-11,2.116687297821045
2022-11-14,2.0911848545074463
2022-11-16,2.0401806831359863
2022-11-17,1.9976764917373657
2022-11-18,1.9211697578430176
2022-11-21,1.9636738300323486
2022-11-22,1.9551730155944824
2022-11-23,1.9551730155944824
2022-11-24,2.0146782398223877
2022-11-25,1.93817138671875
2022-11-28,1.861664891242981
2022-11-29,1.912669062614441
2022-11-30,1.9041680097579956
2022-12-01,1.8701657056808472
2022-12-02,1.8701657056808472
2022-12-05,1.8021589517593384
2022-12-06,1.8531639575958252
2022-12-07,1.8701657056808472
2022-12-08,1.8021589517593384
2022-12-09,1.785157322883606
2022-12-12,1.7001498937606812
2022-12-13,1.674648404121399
2022-12-14,1.7596557140350342
2022-12-15,1.7511550188064575
2022-12-16,1.674648404121399
2022-12-19,1.7426540851593018
2022-12-20,1.8021589517593384
2022-12-21,1.8106597661972046
2022-12-22,1.8021589517593384
2022-12-23,1.844663143157959
2022-12-26,1.8361624479293823
2022-12-27,1.7511550188064575
2022-12-28,1.8361624479293823
2022-12-29,1.8021589517593384
2023-01-02,1.7426540851593018
2023-01-03,1.657646656036377
2023-01-04,1.7256523370742798
2023-01-05,1.7426540851593018
2023-01-06,1.7766573429107666
2023-01-09,1.7936580181121826
2023-01-10,1.878665566444397
2023-01-11,1.9041680097579956
2023-01-12,1.8701657056808472
2023-01-13,1.8191606998443604
2023-01-16,1.7681565284729004
2023-01-17,1.8021589517593384
2023-01-18,1.8531639575958252
2023-01-19,1.8361624479293823
2023-01-20,1.844663143157959
2023-01-23,1.8361624479293823
2023-01-24,1.8871665000915527
2023-01-25,1.895667314529419
2023-01-26,1.8701657056808472
2023-01-27,1.8361624479293823
2023-01-30,1.8361624479293823
2023-01-31,2.023178815841675
2023-02-01,1.9976764917373657
2023-02-02,2.0401806831359863
2023-02-03,1.895667314529419
2023-02-06,1.8871665000915527
2023-02-07,1.8701657056808472
2023-02-08,1.895667314529419
2023-02-09,1.8531639575958252
2023-02-10,1.8361624479293823
2023-02-13,1.844663143157959
2023-02-14,1.8106597661972046
2023-02-15,1.844663143157959
2023-02-16,1.8701657056808472
2023-02-17,1.8701657056808472
2023-02-22,1.8871665000915527
2023-02-23,1.844663143157959
2023-02-24,1.8021589517593384
2023-02-27,1.7766573429107666
2023-02-28,1.7171515226364136
2023-03-01,1.7001498937606812
2023-03-02,1.6661474704742432
2023-03-03,1.683148980140686
2023-03-06,1.708650827407837
2023-03-07,1.7171515226364136
2023-03-08,1.8701657056808472
2023-03-09,1.8871665000915527
2023-03-10,1.8106597661972046
2023-03-13,1.861664891242981
2023-03-14,1.8531639575958252
2023-03-15,1.93817138671875
2023-03-16,1.9211697578430176
2023-03-17,1.895667314529419
2023-03-20,1.8361624479293823
2023-03-21,1.8191606998443604
2023-03-22,1.8191606998443604
2023-03-23,1.7256523370742798
2023-03-24,1.5726392269134521
2023-03-27,1.5386357307434082
2023-03-28,1.5386357307434082
2023-03-29,1.4961326122283936
2023-03-30,1.5471365451812744
2023-03-31,1.5896409749984741
2023-04-03,1.530134916305542
2023-04-04,1.5131332874298096
2023-04-05,1.5216341018676758
2023-04-06,1.5131332874298096
2023-04-10,1.5046324729919434
2023-04-11,1.674648404121399
2023-04-12,1.7001498937606812
2023-04-13,1.7256523370742798
2023-04-14,1.7171515226364136
2023-04-17,1.7256523370742798
2023-04-18,1.683148980140686
2023-04-19,1.6151424646377563
2023-04-20,1.640644907951355
2023-04-24,1.6491457223892212
2023-04-25,1.657646656036377
2023-04-26,1.6661474704742432
2023-04-27,1.7001498937606812
2023-04-28,1.7341532707214355
2023-05-02,1.6661474704742432
2023-05-03,1.6236432790756226
2023-05-04,1.691649079322815
2023-05-05,1.7936580181121826
2023-05-08,1.7766573429107666
2023-05-09,1.8276616334915161
2023-05-10,1.9551730155944824
2023-05-11,2.0061769485473633
2023-05-12,2.0486812591552734
2023-05-15,2.0656821727752686
2023-05-16,1.9806748628616333
2023-05-17,2.116687297821045
2023-05-18,2.1846930980682373
2023-05-19,2.116687297821045
2023-05-22,2.269700288772583
2023-05-23,2.24419903755188
2023-05-24,2.261199474334717
2023-05-25,2.3207056522369385
2023-05-26,2.3462071418762207
2023-05-29,2.4227147102355957
2023-05-30,2.431215286254883
2023-05-31,2.456717014312744
2023-06-01,2.5587260723114014
2023-06-02,2.4737186431884766
2023-06-05,2.5162227153778076
2023-06-06,2.609731435775757
2023-06-07,2.6437337398529053
2023-06-09,2.711740255355835
2023-06-12,2.7457425594329834
2023-06-13,2.618232011795044
2023-06-14,2.728740930557251
2023-06-15,2.7457425594329834
2023-06-16,2.7372419834136963
2023-06-19,2.8392510414123535
2023-06-20,2.915757656097412
2023-06-21,2.8732545375823975
2023-06-22,2.762744426727295
2023-06-23,2.728740930557251
2023-06-26,2.6437337398529053
2023-06-27,2.575727939605713
2023-06-28,2.6267318725585938
2023-06-29,2.762744426727295
2023-06-30,2.771245002746582
2023-07-03,2.7882468700408936
2023-07-04,2.805248498916626
2023-07-05,2.830749988555908
2023-07-06,2.711740255355835
2023-07-07,2.813748359680176
2023-07-10,2.7882468700408936
2023-07-11,2.7542433738708496
2023-07-12,2.6947386264801025
2023-07-13,2.7542433738708496
2023-07-14,2.7032394409179688
2023-07-17,2.711740255355835
2023-07-18,2.813748359680176
2023-07-19,2.8477518558502197
2023-07-20,2.8392510414123535
2023-07-21,2.915757656097412
2023-07-24,2.992265224456787
2023-07-25,2.924258232116699
2023-07-26,2.8732545375823975
2023-07-27,2.7797460556030273
2023-07-28,2.856252670288086
2023-07-31,2.8477518558502197
2023-08-01,2.822249174118042
2023-08-02,2.915757656097412
2023-08-03,2.856252670288086
2023-08-04,2.830749988555908
2023-08-07,2.822249174118042
2023-08-08,2.907256841659546
2023-08-09,2.771245002746582
2023-08-10,2.805248498916626
2023-08-11,2.7882468700408936
2023-08-14,2.618232011795044
2023-08-15,2.5927295684814453
2023-08-16,2.63523268699646
2023-08-17,2.63523268699646
2023-08-18,2.6522345542907715
2023-08-21,2.618232011795044
2023-08-22,2.6947386264801025
2023-08-23,2.7032394409179688
2023-08-24,2.6437337398529053
2023-08-25,2.54172420501709
2023-08-28,2.5077219009399414
2023-08-29,2.524723529815674
2023-08-30,2.5077219009399414
2023-08-31,2.4822194576263428
2023-09-01,2.5587260723114014
2023-09-04,2.4992213249206543
2023-09-05,2.431215286254883
2023-09-06,2.4652178287506104
2023-09-08,2.448215961456299
2023-09-11,2.4652178287506104
2023-09-12,2.456717014312744
2023-09-13,2.448215961456299
2023-09-14,2.431215286254883
2023-09-15,2.3462071418762207
2023-09-18,2.3887112140655518
2023-09-19,2.3292064666748047
2023-09-20,2.3462071418762207
2023-09-21,2.24419903755188
2023-09-22,2.24419903755188
2023-09-25,2.2271971702575684
2023-09-26,2.1846930980682373
2023-09-27,2.1591904163360596
2023-09-28,2.2356979846954346
2023-09-29,2.261199474334717
2023-10-02,2.210195541381836
2023-10-03,2.1591904163360596
2023-10-04,2.210195541381836
2023-10-05,2.1931936740875244
2023-10-06,2.116687297821045
2023-10-09,2.1336889266967773
2023-10-10,2.2271971702575684
2023-10-11,2.2271971702575684
2023-10-13,2.125188112258911
2023-10-16,2.1421897411346436
2023-10-17,2.057182550430298
2023-10-18,2.031679630279541
2023-10-19,2.031679630279541
2023-10-20,2.031679630279541
2023-10-23,2.116687297821045
2023-10-24,2.1506905555725098
2023-10-25,2.1081864833831787
2023-10-26,2.1591904163360596
2023-10-27,2.082683801651001
2023-10-30,2.023178815841675
2023-10-31,2.0401806831359863
2023-11-01,2.1081864833831787
2023-11-03,2.2356979846954346
2023-11-06,2.1081864833831787
2023-11-07,2.218696117401123
2023-11-08,2.2271971702575684
2023-11-09,2.3122048377990723
2023-11-10,2.405712842941284
2023-11-13,2.3802103996276855
2023-11-14,2.4652178287506104
2023-11-16,2.6437337398529053
2023-11-17,2.5587260723114014
2023-11-20,2.5672271251678467
2023-11-21,2.5587260723114014
2023-11-22,2.5332236289978027
2023-11-23,2.5587260723114014
2023-11-24,2.4822194576263428
2023-11-27,2.6607351303100586
2023-11-28,2.7032394409179688
2023-11-29,2.6607351303100586
2023-11-30,2.7457425594329834
2023-12-01,2.796747922897339
2023-12-04,2.720240354537964
2023-12-05,2.771245002746582
2023-12-06,2.7457425594329834
2023-12-07,2.805248498916626
2023-12-08,2.830749988555908
2023-12-11,2.7372419834136963
2023-12-12,2.7457425594329834
2023-12-13,2.8647537231445312
2023-12-14,2.915757656097412
2023-12-15,2.958261728286743
2023-12-18,2.9752635955810547
2023-12-19,2.9327592849731445
2023-12-20,2.915757656097412
2023-12-21,2.907256841659546
2023-12-22,2.958261728286743
2023-12-26,2.924258232116699
2023-12-27,2.958261728286743
2023-12-28,2.9667625427246094
2024-01-02,2.856252670288086
2024-01-03,2.8647537231445312
2024-01-04,2.762744426727295
2024-01-05,2.8392510414123535
2024-01-08,2.8647537231445312
2024-01-09,2.830749988555908
2024-01-10,2.822249174118042
2024-01-11,2.805248498916626
2024-01-12,2.822249174118042
2024-01-15,2.8392510414123535
2024-01-16,2.720240354537964
2024-01-17,2.7457425594329834
2024-01-18,2.7032394409179688
2024-01-19,2.711740255355835
2024-01-22,2.6012301445007324
2024-01-23,2.6437337398529053
2024-01-24,2.5927295684814453
2024-01-25,2.584228754043579
2024-01-26,2.575727939605713
2024-01-29,2.4992213249206543
2024-01-30,2.456717014312744
2024-01-31,2.4822194576263428
2024-02-01,2.448215961456299
2024-02-02,2.278201103210449
2024-02-05,2.1336889266967773
2024-02-06,2.1591904163360596
2024-02-07,2.125188112258911
2024-02-08,2.082683801651001
2024-02-09,2.0401806831359863
2024-02-14,1.9976764917373657
2024-02-15,2.0146782398223877
2024-02-16,2.057182550430298
2024-02-19,2.1081864833831787
2024-02-20,2.125188112258911
2024-02-21,2.125188112258911
2024-02-22,2.0741829872131348
2024-02-23,2.0061769485473633
2024-02-26,2.023178815841675
2024-02-27,2.167691469192505
2024-02-28,2.1506905555725098
2024-02-29,2.1421897411346436
2024-03-01,2.210195541381836
2024-03-04,2.1931936740875244
2024-03-05,2.3122048377990723
2024-03-06,2.303703784942627
2024-03-07,2.3122048377990723
2024-03-08,2.269700288772583
2024-03-11,2.2867019176483154
2024-03-12,2.3717093467712402
2024-03-13,2.4397153854370117
2024-03-14,2.3887112140655518
2024-03-15,2.1081864833831787
2024-03-18,2.2016947269439697
2024-03-19,2.210195541381836
2024-03-20,2.2867019176483154
2024-03-21,2.0146782398223877
2024-03-22,2.082683801651001
2024-03-25,2.057182550430298
2024-03-26,2.0401806831359863
2024-03-27,2.023178815841675
2024-03-28,2.0061769485473633
2024-04-01,2.0061769485473633
2024-04-02,1.9976764917373657
2024-04-03,1.8871665000915527
2024-04-04,1.912669062614441
2024-04-05,1.9041680097579956
2024-04-08,1.9466724395751953
2024-04-09,1.9976764917373657
2024-04-10,1.9806748628616333
2024-04-11,1.9466724395751953
2024-04-12,1.861664891242981
2024-04-15,1.785157322883606
2024-04-16,1.7341532707214355
2024-04-17,1.691649079322815
2024-04-18,1.6491457223892212
2024-04-19,1.674648404121399
2024-04-22,1.7001498937606812
2024-04-23,1.708650827407837
2024-04-24,1.7001498937606812
2024-04-25,1.8276616334915161
2024-04-26,1.844663143157959
2024-04-29,1.912669062614441
2024-04-30,1.844663143157959
2024-05-02,1.895667314529419
2024-05-03,1.9551730155944824
2024-05-06,1.9551730155944824
2024-05-07,1.9466724395751953
2024-05-08,1.9551730155944824
2024-05-09,1.844663143157959
2024-05-10,1.7596557140350342
2024-05-13,1.7256523370742798
2024-05-14,1.7426540851593018
2024-05-15,1.7681565284729004
2024-05-16,1.7596557140350342
2024-05-17,1.7341532707214355
2024-05-20,1.7426540851593018
2024-05-21,1.7426540851593018
2024-05-22,1.708650827407837
2024-05-23,1.7001498937606812
2024-05-24,1.6661474704742432
2024-05-27,1.6491457223892212
2024-05-28,1.6151424646377563
2024-05-29,1.6151424646377563
2024-05-31,1.581140160560608
2024-06-03,1.598140835762024
2024-06-04,1.598140835762024
2024-06-05,1.5386357307434082
2024-06-06,1.6151424646377563
2024-06-07,1.530134916305542
2024-06-10,1.5216341018676758
2024-06-11,1.5471365451812744
2024-06-12,1.4366267919540405
2024-06-13,1.4111241102218628
2024-06-14,1.4196250438690186
2024-06-17,1.3771216869354248
2024-06-18,1.3941234350204468
2024-06-19,1.3941234350204468
2024-06-20,1.3771216869354248
2024-06-21,1.4791308641433716
2024-06-24,1.5131332874298096
2024-06-25,1.5046324729919434
2024-06-26,1.5046324729919434
2024-06-27,1.598140835762024
2024-06-28,1.5046324729919434
2024-07-01,1.5216341018676758
2024-07-02,1.4111241102218628
2024-07-03,1.4961326122283936
2024-07-04,1.564138412475586
2024-07-05,1.5896409749984741
2024-07-08,1.564138412475586
2024-07-09,1.598140835762024
2024-07-10,1.5726392269134521
2024-07-11,1.6151424646377563
2024-07-12,1.6066416501998901
2024-07-15,1.640644907951355
2024-07-16,1.5726392269134521
2024-07-17,1.5386357307434082
2024-07-18,1.4621291160583496
2024-07-19,1.4196250438690186
2024-07-22,1.4366267919540405
2024-07-23,1.3941234350204468
2024-07-24,1.34311842918396
2024-07-25,1.3346174955368042
2024-07-26,1.34311842918396
2024-07-29,1.326116681098938
2024-07-30,1.2836135625839233
2024-07-31,1.2921143770217896
2024-08-01,1.2411092519760132
2024-08-02,1.2751126289367676
2024-08-05,1.2751126289367676
2024-08-06,1.2411092519760132
2024-08-07,1.309116005897522
2024-08-08,1.3006150722503662
2024-08-09,1.2921143770217896
2024-08-12,1.2581108808517456
2024-08-13,1.2071069478988647
2024-08-14,1.1816043853759766
2024-08-15,1.1816043853759766
2024-08-16,1.1305993795394897
2024-08-19,1.2496100664138794
2024-08-20,1.2071069478988647
2024-08-21,1.1816043853759766
2024-08-22,1.1305993795394897
2024-08-23,1.2156076431274414
2024-08-26,1.232608437538147
2024-08-27,1.2156076431274414
2024-08-28,1.1901051998138428
2024-08-29,1.1901051998138428
2024-08-30,1.1646026372909546
2024-09-02,1.156101942062378
2024-09-03,1.1476010084152222
2024-09-04,1.1816043853759766
2024-09-05,1.1986061334609985
2024-09-06,1.1816043853759766
2024-09-09,1.1646026372909546
2024-09-10,1.1391003131866455
2024-09-11,1.2156076431274414
2024-09-12,1.1901051998138428
2024-09-13,1.2496100664138794
2024-09-16,1.232608437538147
2024-09-17,1.2666118144989014
2024-09-18,1.2241075038909912
2024-09-19,1.1986061334609985
2024-09-20,1.12209951877594
2024-09-23,1.0965968370437622
2024-09-24,1.12209951877594
2024-09-25,1.0625935792922974
2024-09-26,1.1391003131866455
2024-09-27,1.1305993795394897
2024-09-30,1.088096022605896
2024-10-01,1.088096022605896
2024-10-02,1.0795952081680298
2024-10-03,1.045591950416565
2024-10-04,1.0710943937301636
2024-10-07,1.0710943937301636
2024-10-08,1.2071069478988647
2024-10-09,1.1305993795394897
2024-10-10,1.12209951877594
2024-10-11,1.1305993795394897
2024-10-14,1.1476010084152222
2024-10-15,1.1476010084152222
2024-10-16,1.1816043853759766
2024-10-17,1.1646026372909546
2024-10-18,1.1476010084152222
2024-10-21,1.1731035709381104
2024-10-22,1.156101942062378
2024-10-23,1.2071069478988647
2024-10-24,1.2581108808517456
2024-10-25,1.2156076431274414
2024-10-28,1.232608437538147
2024-10-29,1.2071069478988647
2024-10-30,1.2411092519760132
2024-10-31,1.1986061334609985
2024-11-01,1.156101942062378
2024-11-04,1.2836135625839233
2024-11-05,1.2836135625839233
2024-11-06,1.3006150722503662
2024-11-07,1.2071069478988647
2024-11-08,1.156101942062378
2024-11-11,1.2581108808517456
2024-11-12,1.1901051998138428
2024-11-13,1.1986061334609985
2024-11-14,1.1476010084152222
2024-11-18,1.1646026372909546
2024-11-19,1.1646026372909546
2024-11-21,1.12209951877594
2024-11-22,1.1816043853759766
2024-11-25,1.2241075038909912
2024-11-26,1.2496100664138794
2024-11-27,1.1816043853759766
2024-11-28,1.0965968370437622
2024-11-29,1.0965968370437622
2024-12-02,1.0625935792922974
2024-12-03,1.0965968370437622
2024-12-04,1.0710943937301636
2024-12-05,1.088096022605896
2024-12-06,1.0200903415679932
2024-12-09,0.9775862097740173
2024-12-10,1.0200903415679932
2024-12-11,1.0795952081680298
2024-12-12,0.9945877194404602
2024-12-13,0.9520835280418396
2024-12-16,0.9095803499221802
2024-12-17,0.9265819787979126
2024-12-18,0.841574490070343
2024-12-19,0.892578661441803
2024-12-20,0.9265819787979126
2024-12-23,0.9095803499221802
2024-12-26,0.892578661441803
2024-12-27,0.9010794758796692
2024-12-30,0.9265819787979126
2025-01-02,0.9180812239646912
2025-01-03,0.9180812239646912
2025-01-06,0.9690853953361511
2025-01-07,0.986086905002594
2025-01-08,0.9945877194404602
2025-01-09,0.986086905002594
2025-01-10,1.0030884742736816
2025-01-13,0.9690853953361511
2025-01-14,0.9775862097740173
2025-01-15,1.0540927648544312
2025-01-16,1.045591950416565
2025-01-17,1.0625935792922974
2025-01-20,1.0795952081680298
2025-01-21,1.088096022605896
2025-01-22,1.0965968370437622
2025-01-23,1.12209951877594
2025-01-24,1.1646026372909546
2025-01-27,1.1901051998138428
2025-01-28,1.1305993795394897
2025-01-29,1.1391003131866455
2025-01-30,1.1816043853759766
2025-01-31,1.1986061334609985
2025-02-03,1.1901051998138428
2025-02-04,1.1731035709381104
2025-02-05,1.1901051998138428
2025-02-06,1.2751126289367676
2025-02-07,1.2921143770217896
2025-02-10,1.3686209917068481
2025-02-11,1.402624249458313
2025-02-12,1.3771216869354248
2025-02-13,1.3686209917068481
2025-02-14,1.4451276063919067
2025-02-17,1.4876317977905273
2025-02-18,1.4876317977905273
2025-02-19,1.4366267919540405
2025-02-20,1.4451276063919067
2025-02-21,1.4451276063919067
2025-02-24,1.4111241102218628
2025-02-25,1.3516192436218262
2025-02-26,1.326116681098938
2025-02-27,1.3176158666610718
2025-02-28,1.2921143770217896
2025-03-05,1.326116681098938
2025-03-06,1.3346174955368042
2025-03-07,1.402624249458313
2025-03-10,1.402624249458313
2025-03-11,1.402624249458313
2025-03-12,1.4621291160583496
2025-03-13,1.3686209917068481
2025-03-14,1.4876317977905273
2025-03-17,1.4961326122283936
2025-03-18,1.5556374788284302
2025-03-19,1.6151424646377563
2025-03-20,1.6066416501998901
2025-03-21,1.598140835762024
2025-03-24,1.564138412475586
2025-03-25,1.640644907951355
2025-03-26,1.6491457223892212
2025-03-27,1.7341532707214355
2025-03-28,1.8021589517593384
2025-03-31,1.7766573429107666
2025-04-01,1.8361624479293823
2025-04-02,1.7766573429107666
2025-04-03,1.8531639575958252
2025-04-04,1.7511550188064575
2025-04-07,1.7256523370742798
2025-04-08,1.708650827407837
2025-04-09,1.912669062614441
2025-04-10,1.9041680097579956
2025-04-11,1.912669062614441
2025-04-14,1.9466724395751953
2025-04-15,1.9976764917373657
2025-04-16,1.972173810005188
2025-04-17,2.082683801651001
2025-04-22,2.210195541381836
2025-04-23,2.031679630279541
2025-04-24,2.1421897411346436
2025-04-25,2.125188112258911
2025-04-28,2.1506905555725098
2025-04-29,2.2351365089416504
2025-04-30,2.252598762512207
2025-05-02,2.278791904449463
2025-05-05,2.479605197906494
2025-05-06,2.5319907665252686
2025-05-07,2.514528512954712
2025-05-08,2.645493984222412
2025-05-09,2.5931084156036377
2025-05-12,2.610569715499878
2025-05-13,2.5843772888183594
2025-05-14,2.610569715499878
2025-05-15,2.715341567993164
2025-05-16,2.7502663135528564
2025-05-19,2.6891496181488037
2025-05-20,2.479605197906494
2025-05-21,2.4359498023986816
2025-05-22,2.497067451477051
2025-05-23,2.5319907665252686
2025-05-26,2.4883360862731934
2025-05-27,2.5232596397399902
2025-05-28,2.5232596397399902
2025-05-29,2.5232596397399902
2025-05-30,2.5931084156036377
2025-06-02,2.6018383502960205
2025-06-03,2.6280317306518555
2025-06-04,2.7502663135528564
2025-06-05,2.645493984222412
2025-06-06,2.5407216548919678
2025-06-09,2.5931084156036377
2025-06-10,2.636763095855713
2025-06-11,2.5843772888183594
2025-06-12,2.514528512954712
2025-06-13,2.4359498023986816
2025-06-16,2.549453020095825
2025-06-17,2.5931084156036377
2025-06-18,2.514528512954712
2025-06-20,2.4621431827545166
2025-06-23,2.44468092918396
2025-06-24,2.4621431827545166
2025-06-25,2.4621431827545166
2025-06-26,2.427218437194824
2025-06-27,2.4359498023986816
2025-06-30,2.453411817550659
2025-07-01,2.4883360862731934
2025-07-02,2.4883360862731934
2025-07-03,2.549453020095825
2025-07-04,2.5407216548919678
2025-07-07,2.497067451477051
2025-07-08,2.479605197906494
2025-07-09,2.4097564220428467
2025-07-10,2.4097564220428467
2025-07-11,2.3137154579162598
2025-07-14,2.3399085998535156
2025-07-15,2.3661017417907715
2025-07-16,2.3661017417907715
2025-07-17,2.3835642337799072
2025-07-18,2.2613298892974854
2025-07-21,2.2613298892974854
2025-07-22,2.2438676357269287
2025-07-23,2.304985284805298
2025-07-24,2.2962541580200195
2025-07-25,2.322446584701538
2025-07-28,2.287523031234741
2025-07-29,2.322446584701538
2025-07-30,2.418487548828125
2025-07-31,2.4097564220428467
2025-08-01,2.418487548828125
2025-08-04,2.3835642337799072
2025-08-05,2.418487548828125
2025-08-06,2.4621431827545166
2025-08-07,2.5931084156036377
2025-08-08,2.6804184913635254
2025-08-11,2.5843772888183594
2025-08-12,2.610569715499878
2025-08-13,2.5057976245880127
2025-08-14,2.5057976245880127
2025-08-15,2.470874071121216
2025-08-18,2.5581841468811035
2025-08-19,2.4359498023986816
2025-08-20,2.418487548828125
2025-08-21,2.374833106994629
2025-08-22,2.5581841468811035
2025-08-25,2.5931084156036377
2025-08-26,2.5407216548919678
2025-08-27,2.5407216548919678
2025-08-28,2.549453020095825
2025-08-29,2.549453020095825
2025-09-01,2.549453020095825
2025-09-02,2.4883360862731934
2025-09-03,2.4883360862731934
2025-09-04,2.645493984222412
2025-09-05,2.6804184913635254
2025-09-08,2.6542251110076904
2025-09-09,2.5843772888183594
2025-09-10,2.6280317306518555
2025-09-11,2.6280317306518555
2025-09-12,2.549453020095825
2025-09-15,2.6629562377929688
2025-09-16,2.6891496181488037
2025-09-17,2.741535186767578
2025-09-18,2.7240729331970215
2025-09-19,2.7589972019195557
2025-09-22,2.7764594554901123
2025-09-23,2.837576150894165
2025-09-24,2.8463070392608643
2025-09-25,2.741535186767578
2025-09-26,2.7851905822753906
2025-09-29,2.86376953125
2025-09-30,2.9161548614501953
2025-10-01,2.8899617195129395
2025-10-02,2.7589972019195557
2025-10-03,2.802651882171631
2025-10-06,2.767728328704834
2025-10-07,2.6629562377929688
2025-10-08,2.6978795528411865
2025-10-09,2.6629562377929688
2025-10-10,2.636763095855713
2025-10-13,2.636763095855713
2025-10-14,2.5319907665252686
2025-10-15,2.6280317306518555
2025-10-16,2.671687126159668
2025-10-17,2.741535186767578
2025-10-20,2.8725006580352783
2025-10-21,2.86376953125
2025-10-22,2.933617115020752
2025-10-23,2.968541383743286
2025-10-24,3.0383894443511963
2025-10-27,3.0121960639953613
2025-10-28,3.125699281692505
2025-10-29,3.134430408477783
2025-10-30,3.1780848503112793
2025-10-31,3.2653958797454834
2025-11-03,3.2479336261749268
2025-11-04,3.2828569412231445
2025-11-05,3.326512336730957
2025-11-06,3.2741260528564453
2025-11-07,3.0471205711364746
2025-11-10,3.1169683933258057
2025-11-11,3.1518924236297607
2025-11-12,3.0907750129699707
2025-11-13,3.125699281692505
2025-11-14,3.0209269523620605
2025-11-17,2.9860029220581055
2025-11-18,3.2828569412231445
2025-11-19,3.2392024993896484
2025-11-21,3.300319194793701
2025-11-24,3.2653958797454834
2025-11-25,3.3439748287200928
2025-11-26,3.3876290321350098
2025-11-27,3.4050915241241455
2025-11-28,3.4050915241241455
2025-12-01,3.370166778564453
2025-12-02,3.3788981437683105
2025-12-03,3.3876290321350098
2025-12-04,3.492401361465454
2025-12-05,3.221740484237671
2025-12-08,3.2392024993896484
2025-12-09,3.2130093574523926
2025-12-10,3.2479336261749268
2025-12-11,3.2479336261749268
2025-12-12,3.317781448364258
2025-12-15,3.3352437019348145
2025-12-16,3.1693546772003174
2025-12-17,3.125699281692505
2025-12-18,3.0907750129699707
2025-12-19,3.1431612968444824
2025-12-22,2.9860029220581055
2025-12-23,3.160623788833618
2025-12-26,3.1942832469940186
2025-12-29,3.0947725772857666
2025-12-30,3.1445279121398926
