date,close
2010-12-01,9.437393188476562
2010-12-02,9.416369438171387
2010-12-03,9.612591743469238
2010-12-06,9.542511940002441
2010-12-07,9.428050994873047
2010-12-08,9.425714492797852
2010-12-09,9.43973159790039
2010-12-10,9.383663177490234
2010-12-13,9.402353286743164
2010-12-14,9.386001586914062
2010-12-15,9.437393188476562
2010-12-16,9.55886459350586
2010-12-17,9.57755184173584
2010-12-20,9.36497688293457
2010-12-21,9.484112739562988
2010-12-22,9.530831336975098
2010-12-23,9.542511940002441
2010-12-27,9.514481544494629
2010-12-28,9.537839889526367
2010-12-29,9.649970054626465
2010-12-30,9.624273300170898
2011-01-03,9.748078346252441
2011-01-04,9.77611255645752
2011-01-05,9.820496559143066
2011-01-06,9.829839706420898
2011-01-07,9.90459156036377
2011-01-10,9.811152458190918
2011-01-11,9.82750415802002
2011-01-12,9.91860580444336
2011-01-13,10.049420356750488
2011-01-14,10.086796760559082
2011-01-17,10.105484962463379
2011-01-18,9.977004051208496
2011-01-19,9.883565902709961
2011-01-20,9.87188720703125
2011-01-21,9.846190452575684
2011-01-24,9.927949905395508
2011-01-26,9.80881404876709
2011-01-27,9.694353103637695
2011-01-28,9.598575592041016
2011-01-31,9.586894989013672
2011-02-01,9.670992851257324
2011-02-02,9.519152641296387
2011-02-03,9.533167839050293
2011-02-04,9.386001586914062
2011-02-07,9.4093599319458
2011-02-08,9.402353286743164
2011-02-09,9.273873329162598
2011-02-10,9.299568176269531
2011-02-11,9.36731243133545
2011-02-14,9.308913230895996
2011-02-15,9.318259239196777
2011-02-16,9.565873146057129
2011-02-17,9.65463924407959
2011-02-18,9.722384452819824
2011-02-21,9.635953903198242
2011-02-22,9.741070747375488
2011-02-23,9.649970054626465
2011-02-24,9.649970054626465
2011-02-25,9.874223709106445
2011-02-28,10.10782241821289
2011-03-01,10.044750213623047
2011-03-02,9.937296867370605
2011-03-03,9.925614356994629
2011-03-04,10.112492561340332
2011-03-09,10.112492561340332
2011-03-10,10.079790115356445
2011-03-11,10.138190269470215
2011-03-14,10.290029525756836
2011-03-15,10.371789932250977
2011-03-16,10.044750213623047
2011-03-17,10.091469764709473
2011-03-18,10.044750213623047
2011-03-21,10.369452476501465
2011-03-22,10.306380271911621
2011-03-23,10.418506622314453
2011-03-24,10.465225219726562
2011-03-25,10.476906776428223
2011-03-28,10.434858322143555
2011-03-29,10.490921974182129
2011-03-30,10.490921974182129
2011-03-31,10.815627098083496
2011-04-01,10.815627098083496
2011-04-04,11.044554710388184
2011-04-05,11.285684585571289
2011-04-06,11.218849182128906
2011-04-07,10.796351432800293
2011-04-08,10.650744438171387
2011-04-11,10.555264472961426
2011-04-12,10.758159637451172
2011-04-13,10.691324234008789
2011-04-14,10.770094871520996
2011-04-15,10.851251602172852
2011-04-18,11.259427070617676
2011-04-19,11.066082000732422
2011-04-20,11.218849182128906
2011-04-25,11.144852638244629
2011-04-26,11.10904598236084
2011-04-27,11.211687088012695
2011-04-28,11.128143310546875
2011-04-29,10.865574836730957
2011-05-02,10.994471549987793
2011-05-03,11.054147720336914
2011-05-04,11.194977760314941
2011-05-05,11.05176067352295
2011-05-06,11.309555053710938
2011-05-09,11.340584754943848
2011-05-10,11.340584754943848
2011-05-11,11.194977760314941
2011-05-12,11.35013198852539
2011-05-13,11.326261520385742
2011-05-16,11.326261520385742
2011-05-17,11.3381986618042
2011-05-18,11.242715835571289
2011-05-19,11.271361351013184
2011-05-20,11.268973350524902
2011-05-23,11.130529403686523
2011-05-24,11.159173965454102
2011-05-25,11.123369216918945
2011-05-26,11.023115158081055
2011-05-27,10.944344520568848
2011-05-30,10.90854263305664
2011-05-31,10.815444946289062
2011-06-01,10.786803245544434
2011-06-02,11.004018783569336
2011-06-03,10.982536315917969
2011-06-06,10.801125526428223
2011-06-07,10.980147361755371
2011-06-08,10.741451263427734
2011-06-09,10.717578887939453
2011-06-10,10.552879333496094
2011-06-13,10.550490379333496
2011-06-14,10.514688491821289
2011-06-15,10.400110244750977
2011-06-16,10.383402824401855
2011-06-17,10.526620864868164
2011-06-20,10.526620864868164
2011-06-21,10.667454719543457
2011-06-22,10.505139350891113
2011-06-24,10.526620864868164
2011-06-27,10.383402824401855
2011-06-28,10.622099876403809
2011-06-29,10.607780456542969
2011-06-30,10.64597225189209
2011-07-01,10.502752304077148
2011-07-04,10.64597225189209
2011-07-05,10.64597225189209
2011-07-06,10.622099876403809
2011-07-07,10.402498245239258
2011-07-08,10.540942192077637
2011-07-11,10.660292625427246
2011-07-12,10.64597225189209
2011-07-13,10.87989616394043
2011-07-14,10.717578887939453
2011-07-15,10.626873016357422
2011-07-18,10.555264472961426
2011-07-19,10.455010414123535
2011-07-20,10.574359893798828
2011-07-21,10.502752304077148
2011-07-22,10.579134941101074
2011-07-25,10.507526397705078
2011-07-26,10.493204116821289
2011-07-27,10.383402824401855
2011-07-28,10.483654975891113
2011-07-29,10.41681957244873
2011-08-01,10.455010414123535
2011-08-02,10.483654975891113
2011-08-03,10.531394004821777
2011-08-04,10.311793327331543
2011-08-05,10.025354385375977
2011-08-08,9.547956466674805
2011-08-09,9.882134437561035
2011-08-10,9.571825981140137
2011-08-11,9.547956466674805
2011-08-12,9.361770629882812
2011-08-15,9.700723648071289
2011-08-16,9.886910438537598
2011-08-17,10.135154724121094
2011-08-18,10.059350967407227
2011-08-19,9.796716690063477
2011-08-22,9.687698364257812
2011-08-23,9.836359977722168
2011-08-24,9.856180191040039
2011-08-25,9.62823486328125
2011-08-26,9.841313362121582
2011-08-29,9.985021591186523
2011-08-30,10.049439430236816
2011-08-31,10.282341003417969
2011-09-01,10.30711841583252
2011-09-02,10.13368034362793
2011-09-05,10.128724098205566
2011-09-06,10.336848258972168
2011-09-08,10.346757888793945
2011-09-09,10.247653007507324
2011-09-12,10.326939582824707
2011-09-13,10.163412094116211
2011-09-14,10.326939582824707
2011-09-15,10.277382850646973
2011-09-16,10.530107498168945
2011-09-19,10.505332946777344
2011-09-20,10.65399169921875
2011-09-21,10.777875900268555
2011-09-22,10.356671333312988
2011-09-23,10.317028999328613
2011-09-26,10.272432327270508
2011-09-27,10.287297248840332
2011-09-28,10.232787132263184
2011-09-29,10.317028999328613
2011-09-30,10.22287654876709
2011-10-03,10.257563591003418
2011-10-04,9.965197563171387
2011-10-05,10.044483184814453
2011-10-06,10.014752388000488
2011-10-07,9.900779724121094
2011-10-10,10.094038963317871
2011-10-11,10.06430435180664
2011-10-13,10.391359329223633
2011-10-14,10.257563591003418
2011-10-17,10.208011627197266
2011-10-18,10.208011627197266
2011-10-19,10.460733413696289
2011-10-20,10.460733413696289
2011-10-21,10.73823356628418
2011-10-24,10.80760669708252
2011-10-25,10.80760669708252
2011-10-26,10.80760669708252
2011-10-27,10.80760669708252
2011-10-28,10.72832202911377
2011-10-31,10.703547477722168
2011-11-01,10.644081115722656
2011-11-03,10.901759147644043
2011-11-04,10.753098487854004
2011-11-07,11.199076652526855
2011-11-08,11.075196266174316
2011-11-09,11.14952564239502
2011-11-10,11.14952564239502
2011-11-11,11.308096885681152
2011-11-14,11.2040376663208
2011-11-16,11.273409843444824
2011-11-17,11.075196266174316
2011-11-18,11.208990097045898
2011-11-21,11.035554885864258
2011-11-22,11.199076652526855
2011-11-23,11.238722801208496
2011-11-24,11.253585815429688
2011-11-25,11.382428169250488
2011-11-28,11.620282173156738
2011-11-29,11.347737312316895
2011-11-30,11.347737312316895
2011-12-01,11.347737312316895
2011-12-02,11.223856925964355
2011-12-05,11.451800346374512
2011-12-06,11.823453903198242
2011-12-07,11.699568748474121
2011-12-08,11.783808708190918
2011-12-09,11.783808708190918
2011-12-12,11.783808708190918
2011-12-13,12.140595436096191
2011-12-14,12.200058937072754
2011-12-15,12.393317222595215
2011-12-16,12.338808059692383
2011-12-19,12.53702163696289
2011-12-20,12.755059242248535
2011-12-21,12.735236167907715
2011-12-22,12.834343910217285
2011-12-23,13.012737274169922
2011-12-26,13.131665229797363
2011-12-27,13.131665229797363
2011-12-28,12.973093032836914
2011-12-29,12.893808364868164
2012-01-02,12.789745330810547
2012-01-03,12.685683250427246
2012-01-04,12.8392972946167
2012-01-05,12.87398910522461
2012-01-06,12.869030952453613
2012-01-09,12.903717041015625
2012-01-10,12.58657455444336
2012-01-11,12.546932220458984
2012-01-12,12.561798095703125
2012-01-13,12.58657455444336
2012-01-16,12.636129379272461
2012-01-17,12.636129379272461
2012-01-18,12.631174087524414
2012-01-19,12.447824478149414
2012-01-20,12.611355781555176
2012-01-23,12.492424011230469
2012-01-24,12.561798095703125
2012-01-26,12.58657455444336
2012-01-27,12.58657455444336
2012-01-30,12.606396675109863
2012-01-31,12.7847900390625
2012-02-01,12.750102043151855
2012-02-02,12.735236167907715
2012-02-03,12.685683250427246
2012-02-06,12.88389778137207
2012-02-07,13.106888771057129
2012-02-08,12.983001708984375
2012-02-09,13.156441688537598
2012-02-10,13.116799354553223
2012-02-13,13.339787483215332
2012-02-14,13.255549430847168
2012-02-15,13.28032398223877
2012-02-16,13.453760147094727
2012-02-17,13.651975631713867
2012-02-23,13.478537559509277
2012-02-24,13.617286682128906
2012-02-27,13.622241973876953
2012-02-28,13.597466468811035
2012-02-29,13.711440086364746
2012-03-01,13.80063533782959
2012-03-02,13.80063533782959
2012-03-05,14.013713836669922
2012-03-06,14.16733169555664
2012-03-07,13.899741172790527
2012-03-08,14.023626327514648
2012-03-09,14.434917449951172
2012-03-12,14.519159317016602
2012-03-13,14.504292488098145
2012-03-14,14.429963111877441
2012-03-15,14.246618270874023
2012-03-16,14.162375450134277
2012-03-19,14.043447494506836
2012-03-20,13.874967575073242
2012-03-21,13.998847007751465
2012-03-22,13.998847007751465
2012-03-23,13.785770416259766
2012-03-26,13.914608001708984
2012-03-27,13.949295043945312
2012-03-28,13.805591583251953
2012-03-29,13.726306915283203
2012-03-30,13.602421760559082
2012-04-02,14.06326961517334
2012-04-03,13.765947341918945
2012-04-04,13.696574211120605
2012-04-05,13.959207534790039
2012-04-09,13.820457458496094
2012-04-10,13.924519538879395
2012-04-11,13.528091430664062
2012-04-12,13.329875946044922
2012-04-13,13.272807121276855
2012-04-16,13.119659423828125
2012-04-17,13.078822135925293
2012-04-18,13.119659423828125
2012-04-19,13.05329418182373
2012-04-20,13.022665977478027
2012-04-23,12.910357475280762
2012-04-24,13.150288581848145
2012-04-25,13.395323753356934
2012-04-26,13.262598991394043
2012-04-27,13.563788414001465
2012-04-30,13.604628562927246
2012-05-02,13.604628562927246
2012-05-03,13.487215042114258
2012-05-04,13.466796875
2012-05-07,13.37490463256836
2012-05-08,13.405536651611328
2012-05-09,13.288122177124023
2012-05-10,13.425954818725586
2012-05-11,13.425954818725586
2012-05-14,12.930780410766602
2012-05-15,12.935883522033691
2012-05-16,13.201340675354004
2012-05-17,12.992039680480957
2012-05-18,12.94609260559082
2012-05-21,12.50706958770752
2012-05-22,12.573434829711914
2012-05-23,12.374341011047363
2012-05-24,12.307975769042969
2012-05-25,12.1650390625
2012-05-28,12.471331596374512
2012-05-29,12.251823425292969
2012-05-30,12.231404304504395
2012-05-31,12.598958015441895
2012-06-01,12.379441261291504
2012-06-04,12.598958015441895
2012-06-05,12.31818675994873
2012-06-06,12.542802810668945
2012-06-08,12.573434829711914
2012-06-11,12.639799118041992
2012-06-12,13.114553451538086
2012-06-13,13.145182609558105
2012-06-14,13.160501480102539
2012-06-15,13.119659423828125
2012-06-18,13.23196792602539
2012-06-19,13.129870414733887
2012-06-20,13.24217700958252
2012-06-21,12.935883522033691
2012-06-22,12.711265563964844
2012-06-25,12.73678970336914
2012-06-26,12.808259010314941
2012-06-27,12.981827735900879
2012-06-28,12.992039680480957
2012-06-29,12.966511726379395
2012-07-02,13.094138145446777
2012-07-03,12.660216331481934
2012-07-04,12.746999740600586
2012-07-05,12.537698745727539
2012-07-06,12.404969215393066
2012-07-10,12.098675727844238
2012-07-11,11.756645202636719
2012-07-12,11.65965461730957
2012-07-13,11.843427658081055
2012-07-16,11.884268760681152
2012-07-17,11.838326454162598
2012-07-18,11.802590370178223
2012-07-19,11.945527076721191
2012-07-20,11.996576309204102
2012-07-23,11.802590370178223
2012-07-24,11.629022598266602
2012-07-25,11.634127616882324
2012-07-26,11.802590370178223
2012-07-27,12.185458183288574
2012-07-30,12.226299285888672
2012-07-31,12.06804370880127
2012-08-01,12.124199867248535
2012-08-02,11.848532676696777
2012-08-03,12.098675727844238
2012-08-06,12.256926536560059
2012-08-07,12.379441261291504
2012-08-08,12.379441261291504
2012-08-09,12.262031555175781
2012-08-10,12.262031555175781
2012-08-13,12.302871704101562
2012-08-14,12.313078880310059
2012-08-15,11.950632095336914
2012-08-16,12.426321029663086
2012-08-17,12.294964790344238
2012-08-20,12.00072956085205
2012-08-21,12.084793090820312
2012-08-22,11.958695411682129
2012-08-23,11.801064491271973
2012-08-24,11.874622344970703
2012-08-27,11.77479362487793
2012-08-28,11.769536972045898
2012-08-29,11.475300788879395
2012-08-30,11.22309684753418
2012-08-31,11.359707832336426
2012-09-03,11.648693084716797
2012-09-04,11.48055648803711
2012-09-05,11.622421264648438
2012-09-06,12.216150283813477
2012-09-10,11.995471000671387
2012-09-11,11.764284133911133
2012-09-12,11.716997146606445
2012-09-13,12.053269386291504
2012-09-14,12.342254638671875
2012-09-17,12.321233749389648
2012-09-18,12.368526458740234
2012-09-19,12.242423057556152
2012-09-20,12.100558280944824
2012-09-21,11.953437805175781
2012-09-24,12.037504196166992
2012-09-25,12.026997566223145
2012-09-26,12.189878463745117
2012-09-27,12.03225040435791
2012-09-28,11.764284133911133
2012-10-01,11.790555000305176
2012-10-02,11.816827774047852
2012-10-03,11.769536972045898
2012-10-04,11.66445541381836
2012-10-05,11.66445541381836
2012-10-08,11.816827774047852
2012-10-09,11.596150398254395
2012-10-10,11.695978164672852
2012-10-11,11.732756614685059
2012-10-15,12.258186340332031
2012-10-16,12.147847175598145
2012-10-17,12.289711952209473
2012-10-18,12.442087173461914
2012-10-19,12.189878463745117
2012-10-22,12.426321029663086
2012-10-23,12.373778343200684
2012-10-24,12.321233749389648
2012-10-25,12.410560607910156
2012-10-26,12.363271713256836
2012-10-29,12.4368314743042
2012-10-30,12.426321029663086
2012-10-31,12.400050163269043
2012-11-01,12.557677268981934
2012-11-05,12.205643653869629
2012-11-06,12.221406936645508
2012-11-07,12.163607597351074
2012-11-08,11.979706764221191
2012-11-09,11.743268966674805
2012-11-12,11.695978164672852
2012-11-13,11.701234817504883
2012-11-14,11.459539413452148
2012-11-16,11.648693084716797
2012-11-19,11.559370040893555
2012-11-21,11.596150398254395
2012-11-22,11.680215835571289
2012-11-23,11.979706764221191
2012-11-26,11.69072437286377
2012-11-27,11.748522758483887
2012-11-28,11.869370460510254
2012-11-29,11.979706764221191
2012-11-30,12.005982398986816
2012-12-03,12.0637788772583
2012-12-04,12.03225040435791
2012-12-05,11.874622344970703
2012-12-06,11.769536972045898
2012-12-07,11.711742401123047
2012-12-10,11.77479362487793
2012-12-11,11.916659355163574
2012-12-12,11.837843894958496
2012-12-13,11.77479362487793
2012-12-14,11.695978164672852
2012-12-17,11.764284133911133
2012-12-18,11.69072437286377
2012-12-19,11.685470581054688
2012-12-20,11.506824493408203
2012-12-21,11.517335891723633
2012-12-26,11.317672729492188
2012-12-27,11.181058883666992
2012-12-28,11.244112014770508
2013-01-02,11.643436431884766
2013-01-03,11.533098220825195
2013-01-04,11.175809860229492
2013-01-07,10.818516731262207
2013-01-08,10.58733081817627
2013-01-09,10.823773384094238
2013-01-10,10.923603057861328
2013-01-11,10.886821746826172
2013-01-14,10.991908073425293
2013-01-15,10.90258502960205
2013-01-16,11.139029502868652
2013-01-17,11.244112014770508
2013-01-18,11.296656608581543
2013-01-21,11.244112014770508
2013-01-22,11.244112014770508
2013-01-23,11.354451179504395
2013-01-24,11.280891418457031
2013-01-28,11.007671356201172
2013-01-29,10.881569862365723
2013-01-30,10.74495792388916
2013-01-31,10.666144371032715
2013-02-01,10.871060371398926
2013-02-04,10.79224681854248
2013-02-05,10.718688011169434
2013-02-06,10.613601684570312
2013-02-07,10.508517265319824
2013-02-08,10.48749828338623
2013-02-13,10.429703712463379
2013-02-14,10.324618339538574
2013-02-15,10.387667655944824
2013-02-18,10.455972671508789
2013-02-19,10.272074699401855
2013-02-20,10.114446640014648
2013-02-21,9.983091354370117
2013-02-22,10.245802879333496
2013-02-25,10.434956550598145
2013-02-26,10.592582702636719
2013-02-27,10.377161979675293
2013-02-28,10.603094100952148
2013-03-01,10.455972671508789
2013-03-04,10.476991653442383
2013-03-05,10.429703712463379
2013-03-06,10.771230697631836
2013-03-07,11.291400909423828
2013-03-08,10.986655235290527
2013-03-11,11.033944129943848
2013-03-12,11.165299415588379
2013-03-13,11.202078819274902
2013-03-14,11.06021499633789
2013-03-15,11.217841148376465
2013-03-18,11.049705505371094
2013-03-19,11.033944129943848
2013-03-20,10.80800724029541
2013-03-21,10.69241714477539
2013-03-22,10.603094100952148
2013-03-25,10.697669982910156
2013-03-26,10.928858757019043
2013-03-27,10.981400489807129
2013-03-28,11.086484909057617
2013-04-01,11.075974464416504
2013-04-02,11.002416610717773
2013-04-03,11.196824073791504
2013-04-04,11.118010520935059
2013-04-05,11.160043716430664
2013-04-08,11.244112014770508
2013-04-09,11.380724906921387
2013-04-10,11.401741981506348
2013-04-11,11.296656608581543
2013-04-12,11.191571235656738
2013-04-15,11.10224723815918
2013-04-16,11.312418937683105
2013-04-17,11.165299415588379
2013-04-18,11.244112014770508
2013-04-19,11.296656608581543
2013-04-22,11.271821975708008
2013-04-23,11.438374519348145
2013-04-24,11.454492568969727
2013-04-25,11.49747371673584
2013-04-26,11.49747371673584
2013-04-29,11.37927532196045
2013-04-30,11.588809967041016
2013-05-02,11.664027214050293
2013-05-03,11.674769401550293
2013-05-06,11.65328311920166
2013-05-07,11.701635360717773
2013-05-08,11.70700740814209
2013-05-09,11.685518264770508
2013-05-10,11.739245414733887
2013-05-13,11.749991416931152
2013-05-14,11.873559951782227
2013-05-15,11.916543006896973
2013-05-16,11.95414924621582
2013-05-17,12.072348594665527
2013-05-20,12.088465690612793
2013-05-21,12.437687873840332
2013-05-22,12.426944732666016
2013-05-23,12.400081634521484
2013-05-24,12.663337707519531
2013-05-27,12.620360374450684
2013-05-28,12.657966613769531
2013-05-29,12.394706726074219
2013-05-31,12.061602592468262
2013-06-03,12.115328788757324
2013-06-04,12.126073837280273
2013-06-05,12.083093643188477
2013-06-06,12.050858497619629
2013-06-07,11.895051956176758
2013-06-10,11.90579605102539
2013-06-11,11.642536163330078
2013-06-12,11.556574821472168
2013-06-13,11.733871459960938
2013-06-14,11.261077880859375
2013-06-17,11.261077880859375
2013-06-18,11.056918144226074
2013-06-19,10.7453031539917
2013-06-20,10.664713859558105
2013-06-21,10.342353820800781
2013-06-24,10.079093933105469
2013-06-25,10.519652366638184
2013-06-26,10.750676155090332
2013-06-27,11.013936996459961
2013-06-28,11.126762390136719
2013-07-01,11.094526290893555
2013-07-02,10.954833984375
2013-07-03,10.788283348083496
2013-07-04,11.04079818725586
2013-07-05,10.94946575164795
2013-07-08,10.927972793579102
2013-07-10,11.12138843536377
2013-07-11,11.27719497680664
2013-07-12,11.013936996459961
2013-07-15,11.282569885253906
2013-07-16,11.175116539001465
2013-07-17,11.357784271240234
2013-07-18,11.49210262298584
2013-07-19,11.443748474121094
2013-07-22,11.513590812683105
2013-07-23,11.459867477416992
2013-07-24,11.228841781616211
2013-07-25,11.551201820373535
2013-07-26,11.551201820373535
2013-07-29,11.631791114807129
2013-07-30,11.406137466430664
2013-07-31,11.341666221618652
2013-08-01,11.647908210754395
2013-08-02,11.336294174194336
2013-08-05,11.384648323059082
2013-08-06,11.185861587524414
2013-08-07,11.282569885253906
2013-08-08,11.540454864501953
2013-08-09,11.551201820373535
2013-08-12,11.443748474121094
2013-08-13,11.685518264770508
2013-08-14,11.685518264770508
2013-08-15,11.201979637145996
2013-08-16,11.282569885253906
2013-08-19,10.874246597290039
2013-08-20,10.852755546569824
2013-08-21,10.637849807739258
2013-08-22,10.600241661071777
2013-08-23,10.752120971679688
2013-08-26,10.626138687133789
2013-08-27,10.675436019897461
2013-08-28,10.680912971496582
2013-08-29,10.5330228805542
2013-08-30,10.697344779968262
2013-09-02,10.889055252075195
2013-09-03,10.680912971496582
2013-09-04,10.680912971496582
2013-09-05,10.735689163208008
2013-09-06,10.806892395019531
2013-09-09,10.998601913452148
2013-09-10,10.839757919311523
2013-09-11,10.757596969604492
2013-09-12,10.735689163208008
2013-09-13,10.735689163208008
2013-09-16,10.691868782043457
2013-09-17,10.834280967712402
2013-09-18,10.916441917419434
2013-09-19,10.741166114807129
2013-09-20,10.576844215393066
2013-09-23,10.565886497497559
2013-09-24,10.604230880737305
2013-09-25,10.59327507019043
2013-09-26,10.615184783935547
2013-09-27,10.648051261901855
2013-09-30,10.620659828186035
2013-10-01,10.52207088470459
2013-10-02,10.680912971496582
2013-10-03,10.598753929138184
2013-10-04,10.543977737426758
2013-10-07,10.48372745513916
2013-10-08,10.461816787719727
2013-10-09,10.598753929138184
2013-10-10,10.845234870910645
2013-10-11,10.889055252075195
2013-10-14,10.916441917419434
2013-10-15,10.74664306640625
2013-10-16,10.839757919311523
2013-10-17,10.77950668334961
2013-10-18,10.861666679382324
2013-10-21,10.834280967712402
2013-10-22,10.954782485961914
2013-10-23,11.004080772399902
2013-10-24,10.790464401245117
2013-10-25,10.713777542114258
2013-10-28,10.724733352661133
2013-10-29,10.626138687133789
2013-10-30,10.56041145324707
2013-10-31,10.379657745361328
2013-11-01,10.587798118591309
2013-11-04,10.494683265686035
2013-11-05,10.565886497497559
2013-11-06,10.379657745361328
2013-11-07,10.324883460998535
2013-11-08,10.111266136169434
2013-11-11,10.220812797546387
2013-11-12,10.357748031616211
2013-11-13,10.407045364379883
2013-11-14,10.582321166992188
2013-11-18,10.65352725982666
2013-11-19,10.489206314086914
2013-11-21,10.39061164855957
2013-11-22,10.489206314086914
2013-11-25,10.46729564666748
2013-11-26,10.565886497497559
2013-11-27,10.659005165100098
2013-11-28,10.571365356445312
2013-11-29,10.648051261901855
2013-12-02,10.401567459106445
2013-12-03,10.379657745361328
2013-12-04,10.149605751037598
2013-12-05,10.2810640335083
2013-12-06,10.20438003540039
2013-12-09,10.292017936706543
2013-12-10,10.18795108795166
2013-12-11,10.072922706604004
2013-12-12,10.105785369873047
2013-12-13,10.308449745178223
2013-12-16,10.138651847839355
2013-12-17,10.2810640335083
2013-12-18,10.324883460998535
2013-12-19,10.324883460998535
2013-12-20,10.626138687133789
2013-12-23,10.554933547973633
2013-12-26,10.352270126342773
2013-12-27,10.341315269470215
2013-12-30,10.456340789794922
2014-01-02,10.13317584991455
2014-01-03,10.176995277404785
2014-01-06,10.111266136169434
2014-01-07,10.023627281188965
2014-01-08,10.061966896057129
2014-01-09,9.946945190429688
2014-01-10,10.078401565551758
2014-01-13,9.996238708496094
2014-01-14,10.078401565551758
2014-01-15,10.25915241241455
2014-01-16,10.335838317871094
2014-01-17,10.242721557617188
2014-01-20,10.023627281188965
2014-01-21,10.040059089660645
2014-01-22,10.330360412597656
2014-01-23,10.171517372131348
2014-01-24,10.01267147064209
2014-01-27,10.100309371948242
2014-01-28,10.100309371948242
2014-01-29,9.968852043151855
2014-01-30,9.694982528686523
2014-01-31,9.919556617736816
2014-02-03,9.629256248474121
2014-02-04,9.645685195922852
2014-02-05,9.437544822692871
2014-02-06,9.651162147521973
2014-02-07,9.777143478393555
2014-02-10,9.689505577087402
2014-02-11,9.738800048828125
2014-02-12,9.694982528686523
2014-02-13,9.404680252075195
2014-02-14,9.174630165100098
2014-02-17,8.736438751220703
2014-02-18,8.446138381958008
2014-02-19,8.900761604309082
2014-02-20,9.28417682647705
2014-02-21,9.158198356628418
2014-02-24,8.982922554016113
2014-02-25,8.763826370239258
2014-02-26,9.026741981506348
2014-02-27,9.333474159240723
2014-02-28,9.202018737792969
2014-03-05,8.92814826965332
2014-03-06,9.262269020080566
2014-03-07,8.944580078125
2014-03-10,8.648801803588867
2014-03-11,8.982922554016113
2014-03-12,9.229405403137207
2014-03-13,9.667595863342285
2014-03-14,9.262269020080566
2014-03-17,9.152722358703613
2014-03-18,9.311566352844238
2014-03-19,9.28417682647705
2014-03-20,9.470409393310547
2014-03-21,9.443023681640625
2014-03-24,9.541616439819336
2014-03-25,9.7278470993042
2014-03-26,9.585433959960938
2014-03-27,10.13317584991455
2014-03-28,10.226290702819824
2014-03-31,10.18795108795166
2014-04-01,10.100309371948242
2014-04-02,10.324883460998535
2014-04-03,10.297496795654297
2014-04-04,10.25915241241455
2014-04-07,10.198902130126953
2014-04-08,10.198902130126953
2014-04-09,10.100309371948242
2014-04-10,10.198902130126953
2014-04-11,10.407045364379883
2014-04-14,10.527544975280762
2014-04-15,10.889055252075195
2014-04-16,10.68639087677002
2014-04-17,10.70829963684082
2014-04-22,10.889055252075195
2014-04-23,10.724733352661133
2014-04-24,10.735689163208008
2014-04-25,10.626138687133789
2014-04-28,10.626138687133789
2014-04-29,10.270109176635742
2014-04-30,10.716917991638184
2014-05-02,10.914855003356934
2014-05-05,10.830025672912598
2014-05-06,11.056238174438477
2014-05-07,11.124104499816895
2014-05-08,10.880922317504883
2014-05-09,10.609464645385742
2014-05-12,10.807403564453125
2014-05-13,10.66036319732666
2014-05-14,10.677330017089844
2014-05-15,10.405872344970703
2014-05-16,10.581189155578613
2014-05-19,10.19096851348877
2014-05-20,10.179656982421875
2014-05-21,10.055238723754883
2014-05-22,10.34366226196289
2014-05-23,10.224900245666504
2014-05-26,10.309732437133789
2014-05-27,10.009995460510254
2014-05-28,10.241867065429688
2014-05-29,10.349319458007812
2014-05-30,10.292765617370605
2014-06-02,10.332350730895996
2014-06-03,10.405872344970703
2014-06-04,10.43980598449707
2014-06-05,10.50201416015625
2014-06-06,11.022307395935059
2014-06-09,11.423839569091797
2014-06-10,11.587843894958496
2014-06-11,11.62743091583252
2014-06-13,11.503011703491211
2014-06-16,11.429494857788086
2014-06-17,11.423839569091797
2014-06-18,11.780125617980957
2014-06-20,11.58219051361084
2014-06-23,11.316387176513672
2014-06-24,11.423839569091797
2014-06-25,11.514324188232422
2014-06-26,11.435150146484375
2014-06-27,11.406871795654297
2014-06-30,11.497359275817871
2014-07-01,11.208934783935547
2014-07-02,11.084517478942871
2014-07-03,11.19196891784668
2014-07-04,11.355973243713379
2014-07-07,11.327698707580566
2014-07-08,11.316387176513672
2014-07-10,11.406871795654297
2014-07-11,11.418184280395508
2014-07-14,11.683985710144043
2014-07-15,11.525636672973633
2014-07-16,11.423839569091797
2014-07-17,11.293764114379883
2014-07-18,11.519979476928711
2014-07-21,11.746194839477539
2014-07-22,11.876269340515137
2014-07-23,11.706608772277832
2014-07-24,11.898892402648926
2014-07-25,11.689642906188965
2014-07-28,11.853647232055664
2014-07-29,11.548256874084473
2014-07-30,11.519979476928711
2014-07-31,11.197622299194336
2014-08-01,11.423839569091797
2014-08-04,11.565221786499023
2014-08-05,11.254178047180176
2014-08-06,11.163691520690918
2014-08-07,11.208934783935547
2014-08-08,11.350316047668457
2014-08-11,11.486045837402344
2014-08-12,11.384252548217773
2014-08-13,11.17500114440918
2014-08-14,11.339009284973145
2014-08-15,11.655706405639648
2014-08-18,11.904545783996582
2014-08-19,11.910198211669922
2014-08-20,12.419183731079102
2014-08-21,12.554912567138672
2014-08-22,12.498356819152832
2014-08-25,12.82071304321289
2014-08-26,12.860301971435547
2014-08-27,12.848991394042969
2014-08-28,12.894232749938965
2014-08-29,12.90554428100586
2014-09-01,12.73022747039795
2014-09-02,12.617119789123535
2014-09-03,12.594501495361328
2014-09-04,12.19296646118164
2014-09-05,12.313475608825684
2014-09-08,11.949787139892578
2014-09-09,11.638050079345703
2014-09-10,11.609186172485352
2014-09-11,11.603413581848145
2014-09-12,11.25704288482666
2014-09-15,11.366726875305176
2014-09-16,11.78814697265625
2014-09-17,11.59764289855957
2014-09-18,11.40713882446289
2014-09-19,11.713098526000977
2014-09-22,11.25127124786377
2014-09-23,11.245498657226562
2014-09-24,11.245498657226562
2014-09-25,11.297454833984375
2014-09-26,11.603413581848145
2014-09-29,11.037674903869629
2014-09-30,11.031904220581055
2014-10-01,10.558528900146484
2014-10-02,10.708622932434082
2014-10-03,10.922219276428223
2014-10-06,11.591867446899414
2014-10-07,11.649599075317383
2014-10-08,11.52259349822998
2014-10-09,11.378273963928223
2014-10-10,11.031904220581055
2014-10-13,11.643824577331543
2014-10-14,11.580322265625
2014-10-15,11.078086853027344
2014-10-16,10.725942611694336
2014-10-17,11.141586303710938
2014-10-20,10.99149227142334
2014-10-21,10.633577346801758
2014-10-22,10.622031211853027
2014-10-23,9.952383041381836
2014-10-24,10.443074226379395
2014-10-27,9.842698097229004
2014-10-28,10.264114379882812
2014-10-29,10.454618453979492
2014-10-30,10.443074226379395
2014-10-31,10.737488746643066
2014-11-03,10.414209365844727
2014-11-04,10.645121574401855
2014-11-05,10.48925495147705
2014-11-06,10.437299728393555
2014-11-07,10.66244125366211
2014-11-10,10.495028495788574
2014-11-11,10.570076942443848
2014-11-12,10.587393760681152
2014-11-13,10.385345458984375
2014-11-14,10.350708961486816
2014-11-17,10.275659561157227
2014-11-18,10.379571914672852
2014-11-19,10.876035690307617
2014-11-21,11.609186172485352
2014-11-24,11.459094047546387
2014-11-25,11.141586303710938
2014-11-26,11.19931411743164
2014-11-27,11.297454833984375
2014-11-28,11.245498657226562
2014-12-01,11.074536323547363
2014-12-02,11.30091381072998
2014-12-03,11.283038139343262
2014-12-04,11.175809860229492
2014-12-05,11.3187837600708
2014-12-08,10.871990203857422
2014-12-09,10.98517894744873
2014-12-10,11.163894653320312
2014-12-11,11.146020889282227
2014-12-12,10.967305183410645
2014-12-15,10.609868049621582
2014-12-16,10.270308494567871
2014-12-17,10.597951889038086
2014-12-18,10.490728378295898
2014-12-19,10.770716667175293
2014-12-22,10.818371772766113
2014-12-23,10.871990203857422
2014-12-26,10.97326374053955
2014-12-29,11.3187837600708
2014-12-30,11.199638366699219
2015-01-02,10.580085754394531
2015-01-05,10.443068504333496
2015-01-06,10.633703231811523
2015-01-07,11.009008407592773
2015-01-08,11.235383987426758
2015-01-09,10.621788024902344
2015-01-12,10.425193786621094
2015-01-13,10.71114730834961
2015-01-14,11.181766510009766
2015-01-15,10.955394744873047
2015-01-16,11.211552619934082
2015-01-19,10.514556884765625
2015-01-20,10.276268005371094
2015-01-21,10.592001914978027
2015-01-22,10.29413890838623
2015-01-23,9.906915664672852
2015-01-26,10.002228736877441
2015-01-27,10.240521430969238
2015-01-28,10.246479988098145
2015-01-29,10.454983711242676
2015-01-30,10.037975311279297
2015-02-02,10.818376541137695
2015-02-03,10.734977722167969
2015-02-04,10.472855567932129
2015-02-05,10.454983711242676
2015-02-06,10.40137004852295
2015-02-09,10.818376541137695
2015-02-10,10.514556884765625
2015-02-11,10.377541542053223
2015-02-12,10.729020118713379
2015-02-13,10.979220390319824
2015-02-18,10.94943904876709
2015-02-19,10.997092247009277
2015-02-20,10.854118347167969
2015-02-23,10.770716667175293
2015-02-24,11.068577766418457
2015-02-25,11.056668281555176
2015-02-26,11.426013946533203
2015-02-27,11.080492973327637
2015-03-02,10.991134643554688
2015-03-03,10.931565284729004
2015-03-04,10.669445991516113
2015-03-05,10.6575288772583
2015-03-06,10.687315940856934
2015-03-09,10.514556884765625
2015-03-10,10.389455795288086
2015-03-11,10.62774658203125
2015-03-12,10.883903503417969
2015-03-13,10.69327449798584
2015-03-16,10.782630920410156
2015-03-17,10.991134643554688
2015-03-18,11.378360748291016
2015-03-19,11.050711631774902
2015-03-20,11.443889617919922
2015-03-23,11.741750717163086
2015-03-24,11.783452033996582
2015-03-25,11.527287483215332
2015-03-26,11.128155708312988
2015-03-27,11.408143043518066
2015-03-30,11.783452033996582
2015-03-31,12.188543319702148
2015-04-01,12.41491985321045
2015-04-02,12.349392890930176
2015-04-06,12.510236740112305
2015-04-07,12.444707870483398
2015-04-08,12.444707870483398
2015-04-09,12.510236740112305
2015-04-10,12.367265701293945
2015-04-13,12.212373733520508
2015-04-14,12.158757209777832
2015-04-15,12.391090393066406
2015-04-16,12.456624031066895
2015-04-17,11.985998153686523
2015-04-20,12.027701377868652
2015-04-22,12.152803421020508
2015-04-23,12.56981086730957
2015-04-24,12.361308097839355
2015-04-27,12.25407886505127
2015-04-28,12.492363929748535
2015-04-29,12.444707870483398
2015-04-30,12.196763038635254
2015-05-04,12.069401741027832
2015-05-05,12.27194881439209
2015-05-06,12.212373733520508
2015-05-07,11.914512634277344
2015-05-08,12.093228340148926
2015-05-11,11.914512634277344
2015-05-12,12.27194881439209
2015-05-13,11.747710227966309
2015-05-14,12.212373733520508
2015-05-15,12.2362060546875
2015-05-18,12.003870964050293
2015-05-19,12.021744728088379
2015-05-20,11.854940414428711
2015-05-21,11.700052261352539
2015-05-22,11.723880767822266
2015-05-25,11.854940414428711
2015-05-26,11.61665153503418
2015-05-27,11.61665153503418
2015-05-28,11.545162200927734
2015-05-29,11.515377044677734
2015-06-01,11.676222801208496
2015-06-02,11.592822074890137
2015-06-03,11.783452987670898
2015-06-05,11.58686351776123
2015-06-08,11.682181358337402
2015-06-09,11.533246994018555
2015-06-10,11.610692977905273
2015-06-11,11.580906867980957
2015-06-12,11.497505187988281
2015-06-15,11.449845314025879
2015-06-16,11.402188301086426
2015-06-17,11.378360748291016
2015-06-18,11.545162200927734
2015-06-19,11.61665153503418
2015-06-22,11.676222801208496
2015-06-23,11.56899356842041
2015-06-24,11.455804824829102
2015-06-25,11.104326248168945
2015-06-26,11.580906867980957
2015-06-29,11.223470687866211
2015-06-30,11.408146858215332
2015-07-01,11.092411994934082
2015-07-02,11.199644088745117
2015-07-03,11.223470687866211
2015-07-06,11.128156661987305
2015-07-07,11.497505187988281
2015-07-08,11.336660385131836
2015-07-10,11.414104461669922
2015-07-13,11.610692977905273
2015-07-14,11.610692977905273
2015-07-15,11.896642684936523
2015-07-16,11.64643669128418
2015-07-17,11.580906867980957
2015-07-20,11.574950218200684
2015-07-21,11.515377044677734
2015-07-22,11.414104461669922
2015-07-23,11.199644088745117
2015-07-24,11.086454391479492
2015-07-27,11.116241455078125
2015-07-28,11.318788528442383
2015-07-29,10.824335098266602
2015-07-30,11.259215354919434
2015-07-31,11.485591888427734
2015-08-03,11.563034057617188
2015-08-04,11.408146858215332
2015-08-05,11.223470687866211
2015-08-06,10.907735824584961
2015-08-07,10.609874725341797
2015-08-10,10.848163604736328
2015-08-11,11.014966011047363
2015-08-12,10.812419891357422
2015-08-13,10.389455795288086
2015-08-14,10.127335548400879
2015-08-17,10.079678535461426
2015-08-18,10.127335548400879
2015-08-19,10.198822975158691
2015-08-20,10.127335548400879
2015-08-21,9.76990032196045
2015-08-24,9.543525695800781
2015-08-25,9.233748435974121
2015-08-26,9.531611442565918
2015-08-27,9.829473495483398
2015-08-28,9.59118366241455
2015-08-31,9.352892875671387
2015-09-01,9.162260055541992
2015-09-02,9.02524471282959
2015-09-03,9.454166412353516
2015-09-04,9.013330459594727
2015-09-08,9.060986518859863
2015-09-09,9.08481502532959
2015-09-10,9.078861236572266
2015-09-11,9.346935272216797
2015-09-14,9.531611442565918
2015-09-15,9.35884952545166
2015-09-16,9.746071815490723
2015-09-17,9.67458438873291
2015-09-18,8.935885429382324
2015-09-21,8.983542442321777
2015-09-22,8.715466499328613
2015-09-23,8.608235359191895
2015-09-24,8.512919425964355
2015-09-25,8.590364456176758
2015-09-28,8.44143295288086
2015-09-29,8.727380752563477
2015-09-30,8.858439445495605
2015-10-01,8.643980026245117
2015-10-02,8.959712982177734
2015-10-05,8.96567153930664
2015-10-06,8.876312255859375
2015-10-07,9.019286155700684
2015-10-08,9.340978622436523
2015-10-09,9.156304359436035
2015-10-13,9.144390106201172
2015-10-14,8.846525192260742
2015-10-15,8.96567153930664
2015-10-16,8.757166862487793
2015-10-19,8.900141716003418
2015-10-20,9.096731185913086
2015-10-21,9.13843059539795
2015-10-22,9.460124015808105
2015-10-23,9.209918975830078
2015-10-26,9.144390106201172
2015-10-27,9.192048072814941
2015-10-28,9.186088562011719
2015-10-29,9.08481502532959
2015-10-30,9.227791786193848
2015-11-03,9.579268455505371
2015-11-04,9.775858879089355
2015-11-05,9.59118366241455
2015-11-06,9.460124015808105
2015-11-09,9.186088562011719
2015-11-10,9.37672233581543
2015-11-11,9.531611442565918
2015-11-12,9.6507568359375
2015-11-13,9.740113258361816
2015-11-16,9.59118366241455
2015-11-17,9.59118366241455
2015-11-18,9.94266128540039
2015-11-19,9.823517799377441
2015-11-23,9.93074893951416
2015-11-24,9.954575538635254
2015-11-25,9.716285705566406
2015-11-26,9.841387748718262
2015-11-27,9.472039222717285
2015-11-30,9.37672233581543
2015-12-01,9.388635635375977
2015-12-02,9.126516342163086
2015-12-03,9.370765686035156
2015-12-04,9.31714916229248
2015-12-07,9.340978622436523
2015-12-08,9.08481502532959
2015-12-09,9.513738632202148
2015-12-10,9.323107719421387
2015-12-11,9.209918975830078
2015-12-14,9.186088562011719
2015-12-15,9.257577896118164
2015-12-16,9.388635635375977
2015-12-17,9.370765686035156
2015-12-18,9.02524471282959
2015-12-21,8.763124465942383
2015-12-22,8.989500045776367
2015-12-23,9.168219566345215
2015-12-28,9.055028915405273
2015-12-29,8.96567153930664
2015-12-30,9.04311466217041
2016-01-04,8.816739082336426
2016-01-05,8.935885429382324
2016-01-06,8.846525192260742
2016-01-07,8.489089012145996
2016-01-08,8.465261459350586
2016-01-11,8.49504566192627
2016-01-12,8.381858825683594
2016-01-13,8.489089012145996
2016-01-14,8.471220016479492
2016-01-15,8.43547534942627
2016-01-18,8.280586242675781
2016-01-19,8.381858825683594
2016-01-20,8.262715339660645
2016-01-21,8.3878173828125
2016-01-22,8.780996322631836
2016-01-26,8.590364456176758
2016-01-27,8.840569496154785
2016-01-28,9.2754487991333
2016-01-29,9.656712532043457
2016-02-01,9.823517799377441
2016-02-02,9.460124015808105
2016-02-03,9.597139358520508
2016-02-04,9.829473495483398
2016-02-05,9.889044761657715
2016-02-10,9.871175765991211
2016-02-11,9.531611442565918
2016-02-12,9.477995872497559
2016-02-15,9.370765686035156
2016-02-16,9.44820785522461
2016-02-17,9.895003318786621
2016-02-18,10.037978172302246
2016-02-19,9.811601638793945
2016-02-22,10.216693878173828
2016-02-23,9.895003318786621
2016-02-24,9.847344398498535
2016-02-25,10.139249801635742
2016-02-26,9.704371452331543
2016-02-29,9.948617935180664
2016-03-01,10.216693878173828
2016-03-02,9.97840404510498
2016-03-03,10.32988166809082
2016-03-04,10.532429695129395
2016-03-07,10.454986572265625
2016-03-08,10.592001914978027
2016-03-09,11.086454391479492
2016-03-10,11.223470687866211
2016-03-11,11.169856071472168
2016-03-14,11.003052711486816
2016-03-15,10.449026107788086
2016-03-16,10.824335098266602
2016-03-17,11.527292251586914
2016-03-18,11.527292251586914
2016-03-21,11.437932968139648
2016-03-22,11.426017761230469
2016-03-23,11.151986122131348
2016-03-24,11.592822074890137
2016-03-28,12.021744728088379
2016-03-29,12.093228340148926
2016-03-30,11.860899925231934
2016-03-31,11.896642684936523
2016-04-01,11.711965560913086
2016-04-04,11.408146858215332
2016-04-05,11.306873321533203
2016-04-06,11.068582534790039
2016-04-07,11.098367691040039
2016-04-08,11.3485746383667
2016-04-11,11.217514991760254
2016-04-12,11.580906867980957
2016-04-13,11.622607231140137
2016-04-14,11.408146858215332
2016-04-15,11.622607231140137
2016-04-18,11.491547584533691
2016-04-19,11.557076454162598
2016-04-20,11.497505187988281
2016-04-22,11.473676681518555
2016-04-25,11.461763381958008
2016-04-26,11.545162200927734
2016-04-27,12.093228340148926
2016-04-28,12.087273597717285
2016-04-29,11.825151443481445
2016-05-02,12.085916519165039
2016-05-03,12.085916519165039
2016-05-04,11.943946838378906
2016-05-05,11.974808692932129
2016-05-06,12.067399978637695
2016-05-09,11.87604808807373
2016-05-10,12.190850257873535
2016-05-11,12.159987449645996
2016-05-12,12.345163345336914
2016-05-13,12.197023391723633
2016-05-16,12.042708396911621
2016-05-17,11.758768081665039
2016-05-18,11.481002807617188
2016-05-19,11.4439697265625
2016-05-20,11.530384063720703
2016-05-23,11.295825958251953
2016-05-24,11.425450325012207
2016-05-25,11.20323657989502
2016-05-27,11.33286190032959
2016-05-30,11.314342498779297
2016-05-31,11.283480644226074
2016-06-01,11.43779468536377
2016-06-02,11.65383529663086
2016-06-03,11.820496559143066
2016-06-06,11.7279052734375
2016-06-07,11.734079360961914
2016-06-08,12.252575874328613
2016-06-09,12.12295150756836
2016-06-10,11.845183372497559
2016-06-13,12.178505897521973
2016-06-14,12.1044340133667
2016-06-15,12.085916519165039
2016-06-16,12.376028060913086
2016-06-17,12.468615531921387
2016-06-20,12.555032730102539
2016-06-21,12.845145225524902
2016-06-22,12.629103660583496
2016-06-23,12.622931480407715
2016-06-24,12.437752723693848
2016-06-27,12.314301490783691
2016-06-28,12.376028060913086
2016-06-29,12.746383666992188
2016-06-30,12.70934772491455
2016-07-01,12.690831184387207
2016-07-04,13.771031379699707
2016-07-05,13.678443908691406
2016-07-06,13.641407012939453
2016-07-07,13.888310432434082
2016-07-08,13.863619804382324
2016-07-11,13.863619804382324
2016-07-12,13.795722007751465
2016-07-13,13.937690734863281
2016-07-14,13.888310432434082
2016-07-15,13.956208229064941
2016-07-18,13.851276397705078
2016-07-19,13.943863868713379
2016-07-20,13.919171333312988
2016-07-21,13.925344467163086
2016-07-22,14.061145782470703
2016-07-25,13.987071990966797
2016-07-26,13.919171333312988
2016-07-27,13.875965118408203
2016-07-28,13.919171333312988
2016-07-29,14.098177909851074
2016-08-01,13.95003604888916
2016-08-02,13.937690734863281
2016-08-03,13.962381362915039
2016-08-04,14.01793384552002
2016-08-05,13.95003604888916
2016-08-08,13.888310432434082
2016-08-09,13.82658576965332
2016-08-10,13.82658576965332
2016-08-11,14.116695404052734
2016-08-12,14.092004776000977
2016-08-15,14.412981033325195
2016-08-16,14.332736015319824
2016-08-17,14.388290405273438
2016-08-18,14.382116317749023
2016-08-19,14.382116317749023
2016-08-22,14.283355712890625
2016-08-23,14.172246932983398
2016-08-24,14.22162914276123
2016-08-25,14.2092866897583
2016-08-26,14.166078567504883
2016-08-29,14.301872253417969
2016-08-30,14.2586669921875
2016-08-31,14.351251602172852
2016-09-01,14.536431312561035
2016-09-02,14.758646011352539
2016-09-05,14.721609115600586
2016-09-06,14.820369720458984
2016-09-08,14.783334732055664
2016-09-09,14.70309066772461
2016-09-12,14.696919441223145
2016-09-13,14.629020690917969
2016-09-14,14.746297836303711
2016-09-15,14.814197540283203
2016-09-16,14.838889122009277
2016-09-19,14.912959098815918
2016-09-20,14.931477546691895
2016-09-21,15.011720657348633
2016-09-22,14.999375343322754
2016-09-23,14.999375343322754
2016-09-26,14.999375343322754
2016-09-27,14.974685668945312
2016-09-28,15.005550384521484
2016-09-29,14.931477546691895
2016-09-30,14.931477546691895
2016-10-03,14.95616626739502
2016-10-04,14.937646865844727
2016-10-05,14.900612831115723
2016-10-06,14.949993133544922
2016-10-07,14.894439697265625
2016-10-10,14.993206024169922
2016-10-11,14.925302505493164
2016-10-13,14.888270378112793
2016-10-14,14.94382095336914
2016-10-17,14.974685668945312
2016-10-18,15.054926872253418
2016-10-19,14.999375343322754
2016-10-20,14.968510627746582
2016-10-21,14.980856895446777
2016-10-24,14.968510627746582
2016-10-25,14.968510627746582
2016-10-26,14.937646865844727
2016-10-27,14.962339401245117
2016-10-28,14.931477546691895
2016-10-31,14.949993133544922
2016-11-01,14.875924110412598
2016-11-03,14.820369720458984
2016-11-04,14.875924110412598
2016-11-07,14.900612831115723
2016-11-08,14.863577842712402
2016-11-09,14.894439697265625
2016-11-10,14.715437889099121
2016-11-11,14.591983795166016
2016-11-14,14.567296028137207
2016-11-16,14.783334732055664
2016-11-17,14.74012565612793
2016-11-18,14.875924110412598
2016-11-21,14.937646865844727
2016-11-22,14.993206024169922
2016-11-23,14.95616626739502
2016-11-24,15.110483169555664
2016-11-25,15.091963768005371
2016-11-28,15.178378105163574
2016-11-29,15.1475191116333
2016-11-30,15.221587181091309
2016-12-01,15.011720657348633
2016-12-02,15.030241012573242
2016-12-05,15.024065971374512
2016-12-06,15.054926872253418
2016-12-07,15.061101913452148
2016-12-08,14.993206024169922
2016-12-09,15.270965576171875
2016-12-12,15.301834106445312
2016-12-13,15.505525588989258
2016-12-14,15.505525588989258
2016-12-15,15.505525588989258
2016-12-16,15.511698722839355
2016-12-19,15.530216217041016
2016-12-20,15.48701000213623
2016-12-21,15.511698722839355
2016-12-22,15.517871856689453
2016-12-23,15.52404499053955
2016-12-26,15.493183135986328
2016-12-27,15.505525588989258
2016-12-28,15.499354362487793
2016-12-29,15.561079978942871
2017-01-02,15.59194278717041
2017-01-03,15.62897777557373
2017-01-04,15.59194278717041
2017-01-05,15.561079978942871
2017-01-06,15.573426246643066
2017-01-09,15.573426246643066
2017-01-10,15.579597473144531
2017-01-11,15.585769653320312
2017-01-12,15.62897777557373
2017-01-13,15.67746639251709
2017-01-16,15.671242713928223
2017-01-17,15.70236873626709
2017-01-18,15.721047401428223
2017-01-19,15.727274894714355
2017-01-20,15.752179145812988
2017-01-23,15.80821418762207
2017-01-24,15.777083396911621
2017-01-26,15.758403778076172
2017-01-27,15.78953742980957
2017-01-30,15.764633178710938
2017-01-31,15.770855903625488
2017-02-01,15.770855903625488
2017-02-02,15.81443977355957
2017-02-03,15.84557056427002
2017-02-06,15.783309936523438
2017-02-07,15.783309936523438
2017-02-08,15.801989555358887
2017-02-09,15.81443977355957
2017-02-10,15.81443977355957
2017-02-13,15.839345932006836
2017-02-14,15.851799964904785
2017-02-15,15.876703262329102
2017-02-16,15.907833099365234
2017-02-17,15.926511764526367
2017-02-20,15.91405963897705
2017-02-21,15.907833099365234
2017-02-22,15.882930755615234
2017-02-23,15.864253044128418
2017-02-24,15.901607513427734
2017-03-01,15.882930755615234
2017-03-02,15.851799964904785
2017-03-03,15.889154434204102
2017-03-06,15.901607513427734
2017-03-07,15.907833099365234
2017-03-08,15.91405963897705
2017-03-09,15.907833099365234
2017-03-10,15.89538288116455
2017-03-13,15.89538288116455
2017-03-14,15.907833099365234
2017-03-15,15.926511764526367
2017-03-16,15.951416015625
2017-03-17,15.920289039611816
2017-03-20,15.9327392578125
2017-03-21,15.951416015625
2017-03-22,15.976324081420898
2017-03-23,15.94519329071045
2017-03-24,16.00122833251953
2017-03-27,16.05726432800293
2017-03-28,16.05726432800293
2017-03-29,16.107070922851562
2017-03-30,16.08839225769043
2017-03-31,16.04480743408203
2017-04-03,16.05726432800293
2017-04-04,16.069713592529297
2017-04-05,16.05726432800293
2017-04-06,16.063488006591797
2017-04-07,16.075939178466797
2017-04-10,16.063488006591797
2017-04-11,16.051034927368164
2017-04-12,16.038583755493164
2017-04-13,16.01367950439453
2017-04-17,16.05726432800293
2017-04-18,16.069713592529297
2017-04-19,16.08839225769043
2017-04-20,16.075939178466797
2017-04-24,16.107070922851562
2017-04-25,16.125747680664062
2017-04-26,16.131975173950195
2017-04-27,16.150651931762695
2017-04-28,16.188011169433594
2017-05-02,16.20669174194336
2017-05-03,16.188011169433594
2017-05-04,16.16933250427246
2017-05-05,16.188011169433594
2017-05-08,16.175559997558594
2017-05-09,16.181785583496094
2017-05-10,16.181785583496094
2017-05-11,16.181785583496094
2017-05-12,16.200462341308594
2017-05-15,16.21914291381836
2017-05-16,16.268949508666992
2017-05-17,16.281404495239258
2017-05-18,16.21914291381836
2017-05-19,16.250274658203125
2017-05-22,16.188011169433594
2017-05-23,16.194238662719727
2017-05-24,16.200462341308594
2017-05-25,16.256500244140625
2017-05-26,16.343664169311523
2017-05-29,16.343664169311523
2017-05-30,16.39347267150879
2017-05-31,16.36857032775879
2017-06-01,16.36857032775879
2017-06-02,16.374797821044922
2017-06-05,16.381023406982422
2017-06-06,16.381023406982422
2017-06-07,16.387248992919922
2017-06-08,16.387248992919922
2017-06-09,16.387248992919922
2017-06-12,16.387248992919922
2017-06-13,16.387248992919922
2017-06-14,16.39347267150879
2017-06-15,16.39347267150879
2017-06-16,16.39347267150879
2017-06-19,16.405929565429688
2017-06-20,16.39969825744629
2017-06-21,16.39969825744629
2017-06-22,16.405929565429688
2017-06-23,16.405929565429688
2017-06-26,16.418380737304688
2017-06-27,16.405929565429688
2017-06-28,16.449508666992188
2017-06-29,16.480640411376953
2017-06-30,16.505544662475586
2017-07-03,16.511770248413086
2017-07-04,16.47441291809082
2017-07-05,16.486867904663086
2017-07-06,16.449508666992188
2017-07-07,16.461957931518555
2017-07-10,16.55535316467285
2017-07-11,16.617616653442383
2017-07-12,16.636293411254883
2017-07-13,16.64875030517578
2017-07-14,16.654972076416016
2017-07-17,16.66742515563965
2017-07-18,16.66742515563965
2017-07-19,16.66119956970215
2017-07-20,16.66119956970215
2017-07-21,16.68610191345215
2017-07-24,16.68610191345215
2017-07-25,16.698556900024414
2017-07-26,16.679880142211914
2017-07-27,16.698556900024414
2017-07-28,16.711008071899414
2017-07-31,16.723461151123047
2017-08-01,16.72968864440918
2017-08-02,16.723461151123047
2017-08-03,16.735910415649414
2017-08-04,16.74213981628418
2017-08-07,16.767044067382812
2017-08-08,16.748363494873047
2017-08-09,16.779495239257812
2017-08-10,16.779495239257812
2017-08-11,16.75459098815918
2017-08-14,16.785722732543945
2017-08-15,16.798175811767578
2017-08-16,16.829303741455078
2017-08-17,16.823078155517578
2017-08-18,16.835533142089844
2017-08-21,16.841758728027344
2017-08-22,16.841758728027344
2017-08-23,16.835533142089844
2017-08-24,16.85420799255371
2017-08-25,16.86665916442871
2017-08-28,16.872888565063477
2017-08-29,16.879114151000977
2017-08-30,16.879114151000977
2017-08-31,16.86665916442871
2017-09-01,16.86665916442871
2017-09-04,16.90401840209961
2017-09-05,16.916475296020508
2017-09-06,16.910245895385742
2017-09-07,16.910245895385742
2017-09-08,16.941377639770508
2017-09-11,16.941377639770508
2017-09-12,16.916475296020508
2017-09-13,16.928922653198242
2017-09-14,16.922698974609375
2017-09-15,16.96005630493164
2017-09-18,16.96005630493164
2017-09-19,16.96005630493164
2017-09-20,16.947601318359375
2017-09-21,16.941377639770508
2017-09-22,16.947601318359375
2017-09-25,16.947601318359375
2017-09-26,16.935152053833008
2017-09-27,16.922698974609375
2017-09-28,16.922698974609375
2017-09-29,16.947601318359375
2017-10-02,16.96628189086914
2017-10-03,17.009864807128906
2017-10-04,17.016088485717773
2017-10-05,17.02854347229004
2017-10-06,17.02231788635254
2017-10-09,17.02231788635254
2017-10-10,17.04722023010254
2017-10-11,17.04099464416504
2017-10-12,17.04099464416504
2017-10-13,17.04722023010254
2017-10-16,17.04722023010254
2017-10-17,17.02854347229004
2017-10-18,17.059673309326172
2017-10-19,17.059673309326172
2017-10-20,17.06589698791504
2017-10-23,17.053447723388672
2017-10-24,17.078351974487305
2017-10-25,17.084579467773438
2017-10-26,17.103254318237305
2017-10-27,17.084579467773438
2017-10-30,17.12816047668457
2017-10-31,17.121932983398438
2017-11-01,17.12816047668457
2017-11-02,17.12816047668457
2017-11-03,17.14061164855957
2017-11-06,17.14061164855957
2017-11-07,17.12816047668457
2017-11-08,17.153066635131836
2017-11-09,17.153066635131836
2017-11-10,17.165515899658203
2017-11-13,17.177967071533203
2017-11-14,17.17174530029297
2017-11-15,17.17174530029297
2017-11-16,17.18419647216797
2017-11-17,17.19042205810547
2017-11-20,17.19042205810547
2017-11-21,17.18419647216797
2017-11-22,17.19664764404297
2017-11-23,17.177967071533203
2017-11-24,17.17174530029297
2017-11-27,16.810625076293945
2017-11-28,16.90401840209961
2017-11-29,15.739728927612305
2017-11-30,13.068705558776855
2017-12-01,12.464770317077637
2017-12-04,11.82969856262207
2017-12-05,11.362737655639648
2017-12-06,11.83592700958252
2017-12-07,11.65536880493164
2017-12-08,11.636688232421875
2017-12-11,11.194633483886719
2017-12-12,11.231990814208984
2017-12-13,11.393869400024414
2017-12-14,11.231990814208984
2017-12-15,11.30670166015625
2017-12-18,11.661595344543457
2017-12-19,11.580653190612793
2017-12-20,11.537070274353027
2017-12-21,11.68649959564209
2017-12-22,11.674046516418457
2017-12-25,11.674046516418457
2017-12-26,11.904415130615234
2017-12-27,12.028937339782715
2017-12-28,12.047615051269531
2017-12-29,12.047615051269531
2018-01-02,12.097426414489746
2018-01-03,11.94799518585205
2018-01-04,11.86082935333252
2018-01-05,11.66781997680664
2018-01-08,11.854606628417969
2018-01-09,11.891961097717285
2018-01-10,12.452315330505371
2018-01-11,12.857017517089844
2018-01-12,12.564388275146484
2018-01-15,13.074933052062988
2018-01-16,12.913052558898926
2018-01-17,12.89437198638916
2018-01-18,12.981539726257324
2018-01-19,12.825886726379395
2018-01-22,12.701364517211914
2018-01-23,12.583066940307617
2018-01-24,12.869467735290527
2018-01-25,12.869467735290527
2018-01-26,13.01267147064209
2018-01-29,13.224359512329102
2018-01-30,13.2803955078125
2018-01-31,13.355110168457031
2018-02-01,13.560575485229492
2018-02-02,13.404918670654297
2018-02-05,13.38624095916748
2018-02-06,13.573025703430176
2018-02-07,13.927915573120117
2018-02-08,13.896782875061035
2018-02-09,13.747356414794922
2018-02-14,13.80961799621582
2018-02-15,13.896782875061035
2018-02-16,13.996403694152832
2018-02-19,14.295256614685059
2018-02-20,14.257901191711426
2018-02-21,14.57543659210205
2018-02-22,14.75599479675293
2018-02-23,14.99258804321289
2018-02-26,15.067300796508789
2018-02-27,15.098432540893555
2018-02-28,14.986361503601074
2018-03-01,14.849387168884277
2018-03-02,15.036171913146973
2018-03-05,15.067300796508789
2018-03-06,15.085979461669922
2018-03-07,15.048624038696289
2018-03-08,15.067300796508789
2018-03-09,15.2291841506958
2018-03-12,15.2976713180542
2018-03-13,15.2603120803833
2018-03-14,15.12956428527832
2018-03-15,14.986361503601074
2018-03-16,14.949005126953125
2018-03-19,14.911649703979492
2018-03-20,14.793352127075195
2018-03-21,14.936553001403809
2018-03-22,14.899197578430176
2018-03-23,14.924101829528809
2018-03-26,15.02371883392334
2018-03-27,15.191826820373535
2018-03-28,15.397289276123047
2018-03-29,15.509360313415527
2018-04-02,15.310121536254883
2018-04-03,15.366156578063965
2018-04-04,15.266539573669434
2018-04-05,15.341252326965332
2018-04-06,15.366156578063965
2018-04-09,15.18559741973877
2018-04-10,15.25408935546875
2018-04-11,15.204279899597168
2018-04-12,15.25408935546875
2018-04-13,15.222956657409668
2018-04-16,15.110885620117188
2018-04-17,15.15446949005127
2018-04-18,15.216730117797852
2018-04-19,15.12956428527832
2018-04-20,15.067300796508789
2018-04-23,15.00504207611084
2018-04-24,15.017495155334473
2018-04-25,14.899197578430176
2018-04-26,15.123340606689453
2018-04-27,15.272768020629883
2018-04-30,15.232000350952148
2018-05-02,15.112360000610352
2018-05-03,14.728254318237305
2018-05-04,14.48267936706543
2018-05-07,14.589723587036133
2018-05-08,14.432304382324219
2018-05-09,14.274885177612305
2018-05-10,14.55824089050293
2018-05-11,14.262289047241211
2018-05-14,14.079682350158691
2018-05-15,13.79002857208252
2018-05-16,13.90967082977295
2018-05-17,13.739652633666992
2018-05-18,13.720765113830566
2018-05-21,13.620014190673828
2018-05-22,14.104869842529297
2018-05-23,14.004119873046875
2018-05-24,14.400819778442383
2018-05-25,14.3252592086792
2018-05-28,14.098569869995117
2018-05-29,13.997823715209961
2018-05-30,14.419711112976074
2018-06-01,14.86678409576416
2018-06-04,14.917158126831055
2018-06-05,14.671582221984863
2018-06-06,14.539351463317871
2018-06-07,14.098569869995117
2018-06-08,14.104869842529297
2018-06-11,14.048197746276855
2018-06-12,13.960041999816895
2018-06-13,13.91596508026123
2018-06-14,13.764841079711914
2018-06-15,13.550749778747559
2018-06-18,13.758544921875
2018-06-19,13.884480476379395
2018-06-20,13.947449684143066
2018-06-21,13.796324729919434
2018-06-22,13.79002857208252
2018-06-25,13.733358383178711
2018-06-26,13.651498794555664
2018-06-27,13.626310348510742
2018-06-28,13.519267082214355
2018-06-29,13.645201683044434
2018-07-02,13.557046890258789
2018-07-03,13.557046890258789
2018-07-04,13.821513175964355
2018-07-05,13.771138191223145
2018-07-06,13.815217971801758
2018-07-10,13.638903617858887
2018-07-11,13.676684379577637
2018-07-12,13.79002857208252
2018-07-13,13.884480476379395
2018-07-16,13.90967082977295
2018-07-17,14.048197746276855
2018-07-18,13.997823715209961
2018-07-19,14.004119873046875
2018-07-20,14.035605430603027
2018-07-23,13.997823715209961
2018-07-24,14.104869842529297
2018-07-25,14.085979461669922
2018-07-26,13.985228538513184
2018-07-27,13.928558349609375
2018-07-30,13.82780933380127
2018-07-31,13.695577621459961
2018-08-01,13.758544921875
2018-08-02,13.821513175964355
2018-08-03,13.84040355682373
2018-08-06,13.79002857208252
2018-08-07,13.783730506896973
2018-08-08,13.695577621459961
2018-08-09,13.601125717163086
2018-08-10,13.41221809387207
2018-08-13,13.506671905517578
2018-08-14,13.79002857208252
2018-08-15,13.727060317993164
2018-08-16,13.720765113830566
2018-08-17,13.758544921875
2018-08-20,13.758544921875
2018-08-21,13.670388221740723
2018-08-22,13.796324729919434
2018-08-23,13.638903617858887
2018-08-24,13.676684379577637
2018-08-27,13.695577621459961
2018-08-28,13.620014190673828
2018-08-29,13.82780933380127
2018-08-30,13.79002857208252
2018-08-31,13.91596508026123
2018-09-03,14.48267936706543
2018-09-04,14.356741905212402
2018-09-05,14.658992767333984
2018-09-06,14.627503395080566
2018-09-10,14.677881240844727
2018-09-11,14.608614921569824
2018-09-12,14.791223526000977
2018-09-13,15.288673400878906
2018-09-14,15.162735939025879
2018-09-17,15.099767684936523
2018-09-18,14.936050415039062
2018-09-19,14.885674476623535
2018-09-20,15.017908096313477
2018-09-21,14.961236953735352
2018-09-24,14.923455238342285
2018-09-25,14.942346572875977
2018-09-26,14.992720603942871
2018-09-27,14.980130195617676
2018-09-28,15.030502319335938
2018-10-01,14.90456485748291
2018-10-02,15.04309368133545
2018-10-03,15.527950286865234
2018-10-04,16.056882858276367
2018-10-05,16.075775146484375
2018-10-08,15.798712730407715
2018-10-09,15.527950286865234
2018-10-10,15.32015609741211
2018-10-11,15.597213745117188
2018-10-15,15.836496353149414
2018-10-16,15.993914604187012
2018-10-17,16.25208282470703
2018-10-18,15.93094539642334
2018-10-19,15.93094539642334
2018-10-22,15.93094539642334
2018-10-23,15.786120414733887
2018-10-24,15.742043495178223
2018-10-25,15.742043495178223
2018-10-26,15.93094539642334
2018-10-29,15.67907428741455
2018-10-30,15.666481971740723
2018-10-31,15.836496353149414
2018-11-01,16.17022705078125
2018-11-05,16.390615463256836
2018-11-06,16.371723175048828
2018-11-07,16.25838279724121
2018-11-08,16.371723175048828
2018-11-09,16.315052032470703
2018-11-12,16.340238571166992
2018-11-13,16.45987892150879
2018-11-14,16.680267333984375
2018-11-16,16.749536514282227
2018-11-19,16.749536514282227
2018-11-21,16.56062889099121
2018-11-22,16.554332733154297
2018-11-23,16.491365432739258
2018-11-26,16.365427017211914
2018-11-27,16.17652130126953
2018-11-28,16.371723175048828
2018-11-29,17.121044158935547
2018-11-30,16.93843650817871
2018-12-03,16.963624954223633
2018-12-04,16.957326889038086
2018-12-05,16.963624954223633
2018-12-06,16.86287498474121
2018-12-07,16.793611526489258
2018-12-10,16.680267333984375
2018-12-11,16.781015396118164
2018-12-12,17.001405715942383
2018-12-13,17.064374923706055
2018-12-14,17.127344131469727
2018-12-17,16.9951114654541
2018-12-18,16.988815307617188
2018-12-19,17.309951782226562
2018-12-20,17.454776763916016
2018-12-21,17.62479019165039
2018-12-26,17.75702476501465
2018-12-27,17.933334350585938
2018-12-28,18.166316986083984
2019-01-02,18.22298812866211
2019-01-03,18.002599716186523
2019-01-04,18.040380477905273
2019-01-07,17.807395935058594
2019-01-08,17.819990158081055
2019-01-09,18.008895874023438
2019-01-10,17.945926666259766
2019-01-11,17.819990158081055
2019-01-14,17.700353622436523
2019-01-15,17.62479019165039
2019-01-16,17.731836318969727
2019-01-17,18.197799682617188
2019-01-18,19.205291748046875
2019-01-21,19.35011863708496
2019-01-22,19.513835906982422
2019-01-23,19.520132064819336
2019-01-24,19.520132064819336
2019-01-28,19.639772415161133
2019-01-29,19.63347625732422
2019-01-30,20.181297302246094
2019-01-31,20.52762222290039
2019-02-01,19.583099365234375
2019-02-04,19.595693588256836
2019-02-05,19.520132064819336
2019-02-06,19.32493019104004
2019-02-07,19.110837936401367
2019-02-08,19.066761016845703
2019-02-11,18.764514923095703
2019-02-12,18.82118797302246
2019-02-13,19.929424285888672
2019-02-14,20.130924224853516
2019-02-15,19.929424285888672
2019-02-18,19.897939682006836
2019-02-19,20.01128578186035
2019-02-20,19.834972381591797
2019-02-21,20.017581939697266
2019-02-22,20.067955017089844
2019-02-25,19.992395401000977
2019-02-26,19.797195434570312
2019-02-27,19.55791473388672
2019-02-28,19.32493019104004
2019-03-01,19.268259048461914
2019-03-06,19.161212921142578
2019-03-07,18.984901428222656
2019-03-08,19.148618698120117
2019-03-11,19.205291748046875
2019-03-12,19.375307083129883
2019-03-13,19.520132064819336
2019-03-14,19.356414794921875
2019-03-15,19.19899559020996
2019-03-18,19.268259048461914
2019-03-19,19.362716674804688
2019-03-20,19.261962890625
2019-03-21,19.003793716430664
2019-03-22,19.091947555541992
2019-03-25,19.17380714416504
2019-03-26,19.438274383544922
2019-03-27,19.318634033203125
2019-03-28,19.362716674804688
2019-03-29,19.19269561767578
2019-04-01,18.701549530029297
2019-04-02,18.57560920715332
2019-04-03,18.386709213256836
2019-04-04,18.254470825195312
2019-04-05,18.537830352783203
2019-04-08,18.46226692199707
2019-04-09,18.26076889038086
2019-04-10,18.26076889038086
2019-04-11,17.90814781188965
2019-04-12,18.160022735595703
2019-04-15,18.229284286499023
2019-04-16,17.952226638793945
2019-04-17,17.945926666259766
2019-04-18,18.040380477905273
2019-04-22,18.185205459594727
2019-04-23,18.26076889038086
2019-04-24,18.197799682617188
2019-04-25,18.3237361907959
2019-04-26,18.26076889038086
2019-04-29,18.3237361907959
2019-04-30,18.77710723876953
2019-05-02,19.065217971801758
2019-05-03,18.962818145751953
2019-05-06,19.052419662475586
2019-05-07,19.135618209838867
2019-05-08,19.32121467590332
2019-05-09,19.423608779907227
2019-05-10,19.679607391357422
2019-05-13,19.481212615966797
2019-05-14,19.21241569519043
2019-05-15,19.02042007446289
2019-05-16,18.866819381713867
2019-05-17,18.495630264282227
2019-05-20,18.623626708984375
2019-05-21,19.199613571166992
2019-05-22,19.282814025878906
2019-05-23,19.21881675720215
2019-05-24,19.135618209838867
2019-05-27,19.071617126464844
2019-05-28,19.02042007446289
2019-05-29,19.03961944580078
2019-05-30,19.391611099243164
2019-05-31,19.673206329345703
2019-06-03,19.647607803344727
2019-06-04,19.762805938720703
2019-06-05,19.391611099243164
2019-06-06,19.03961944580078
2019-06-07,18.623626708984375
2019-06-10,18.11163902282715
2019-06-11,18.265235900878906
2019-06-12,18.521228790283203
2019-06-13,19.10361671447754
2019-06-14,18.930824279785156
2019-06-17,19.135618209838867
2019-06-18,19.167617797851562
2019-06-19,19.00762367248535
2019-06-21,19.058818817138672
2019-06-24,18.93722152709961
2019-06-25,18.623626708984375
2019-06-26,18.687625885009766
2019-06-27,18.99481773376465
2019-06-28,19.474811553955078
2019-07-01,19.385210037231445
2019-07-02,19.353214263916016
2019-07-03,19.916400909423828
2019-07-04,20.121200561523438
2019-07-05,20.11479949951172
2019-07-08,20.197996139526367
2019-07-10,20.389989852905273
2019-07-11,20.370792388916016
2019-07-12,20.159597396850586
2019-07-15,19.961198806762695
2019-07-16,19.948400497436523
2019-07-17,19.87800407409668
2019-07-18,19.820402145385742
2019-07-19,19.782005310058594
2019-07-22,19.89080238342285
2019-07-23,19.833202362060547
2019-07-24,19.775604248046875
2019-07-25,19.622007369995117
2019-07-26,19.858800888061523
2019-07-29,20.204395294189453
2019-07-30,20.415590286254883
2019-07-31,20.626787185668945
2019-08-01,21.119579315185547
2019-08-02,21.228374481201172
2019-08-05,20.953182220458984
2019-08-06,21.650768280029297
2019-08-07,21.759565353393555
2019-08-08,21.74676513671875
2019-08-09,21.66996955871582
2019-08-12,21.5291690826416
2019-08-13,21.516366958618164
2019-08-14,21.119579315185547
2019-08-15,20.735584259033203
2019-08-16,21.113178253173828
2019-08-19,20.965980529785156
2019-08-20,20.991580963134766
2019-08-21,21.157978057861328
2019-08-22,20.933979034423828
2019-08-23,20.729185104370117
2019-08-26,20.607585906982422
2019-08-27,20.639585494995117
2019-08-28,20.524389266967773
2019-08-29,20.607585906982422
2019-08-30,20.735584259033203
2019-09-02,20.90838050842285
2019-09-03,20.67798614501953
2019-09-04,20.729185104370117
2019-09-05,20.524389266967773
2019-09-06,20.415590286254883
2019-09-09,19.858800888061523
2019-09-10,19.839601516723633
2019-09-11,20.27479362487793
2019-09-12,20.447593688964844
2019-09-13,20.313194274902344
2019-09-16,20.27479362487793
2019-09-17,21.055578231811523
2019-09-18,20.997982025146484
2019-09-19,21.234773635864258
2019-09-20,20.80598258972168
2019-09-23,20.594789505004883
2019-09-24,20.575590133666992
2019-09-25,20.49878692626953
2019-09-26,20.786785125732422
2019-09-27,20.895584106445312
2019-09-30,21.049177169799805
2019-10-01,20.997982025146484
2019-10-02,20.575590133666992
2019-10-03,20.863582611083984
2019-10-04,21.13237762451172
2019-10-07,21.023578643798828
2019-10-08,20.86998176574707
2019-10-09,20.927581787109375
2019-10-10,20.927581787109375
2019-10-11,21.113178253173828
2019-10-14,20.831581115722656
2019-10-15,20.389989852905273
2019-10-16,20.38359260559082
2019-10-17,20.415590286254883
2019-10-18,20.332393646240234
2019-10-21,20.793184280395508
2019-10-22,20.68438720703125
2019-10-23,20.24919319152832
2019-10-24,20.338796615600586
2019-10-25,20.293991088867188
2019-10-28,20.492389678955078
2019-10-29,20.857181549072266
2019-10-30,20.87638282775879
2019-10-31,21.13237762451172
2019-11-01,21.183574676513672
2019-11-04,21.30517578125
2019-11-05,21.125972747802734
2019-11-06,21.13237762451172
2019-11-07,21.317975997924805
2019-11-08,20.575590133666992
2019-11-11,20.415590286254883
2019-11-12,20.415590286254883
2019-11-13,20.159597396850586
2019-11-14,20.49878692626953
2019-11-18,20.21719741821289
2019-11-19,20.370792388916016
2019-11-21,20.492389678955078
2019-11-22,20.671586990356445
2019-11-25,20.48598861694336
2019-11-26,20.28759002685547
2019-11-27,20.210796356201172
2019-11-28,20.479589462280273
2019-11-29,20.21719741821289
2019-12-02,20.223596572875977
2019-12-03,20.229995727539062
2019-12-04,20.479589462280273
2019-12-05,20.575590133666992
2019-12-06,20.594789505004883
2019-12-09,20.76118278503418
2019-12-10,20.76758575439453
2019-12-11,20.799583435058594
2019-12-12,21.055578231811523
2019-12-13,21.375574111938477
2019-12-16,21.567569732666016
2019-12-17,21.407573699951172
2019-12-18,21.893959045410156
2019-12-19,22.457149505615234
2019-12-20,22.546749114990234
2019-12-23,22.629947662353516
2019-12-26,22.917943954467773
2019-12-27,22.655548095703125
2019-12-30,22.751543045043945
2020-01-02,22.53394889831543
2020-01-03,22.39315414428711
2020-01-06,22.604347229003906
2020-01-07,22.34195327758789
2020-01-08,22.201152801513672
2020-01-09,22.604347229003906
2020-01-10,23.03314208984375
2020-01-13,22.94993782043457
2020-01-14,22.777143478393555
2020-01-15,22.943540573120117
2020-01-16,23.359533309936523
2020-01-17,23.871522903442383
2020-01-20,24.31951141357422
2020-01-21,24.165916442871094
2020-01-22,24.12111473083496
2020-01-23,24.51150894165039
2020-01-24,24.27471351623535
2020-01-27,23.67952537536621
2020-01-28,23.813922882080078
2020-01-29,24.46670913696289
2020-01-30,24.613906860351562
2020-01-31,24.492307662963867
2020-02-03,24.959497451782227
2020-02-04,24.54351043701172
2020-02-05,25.08749771118164
2020-02-06,24.479511260986328
2020-02-07,24.191518783569336
2020-02-10,23.596328735351562
2020-02-11,24.114715576171875
2020-02-12,24.293912887573242
2020-02-13,24.025121688842773
2020-02-14,24.0443172454834
2020-02-17,24.41551399230957
2020-02-18,24.31951141357422
2020-02-19,24.607505798339844
2020-02-20,24.191518783569336
2020-02-21,24.153118133544922
2020-02-26,23.2507381439209
2020-02-27,22.80914306640625
2020-02-28,22.73874282836914
2020-03-02,23.73072624206543
2020-03-03,23.72432518005371
2020-03-04,25.02349853515625
2020-03-05,24.191518783569336
2020-03-06,23.67952537536621
2020-03-09,21.759565353393555
2020-03-10,22.053956985473633
2020-03-11,20.543588638305664
2020-03-12,17.836444854736328
2020-03-13,19.404409408569336
2020-03-16,17.983640670776367
2020-03-17,18.68122673034668
2020-03-18,16.12767791748047
2020-03-19,15.6796875
2020-03-20,16.15967559814453
2020-03-23,15.03969955444336
2020-03-24,16.191673278808594
2020-03-25,16.65886878967285
2020-03-26,17.964439392089844
2020-03-27,17.27325439453125
2020-03-30,17.318050384521484
2020-03-31,17.196455001831055
2020-04-01,16.82526206970215
2020-04-02,16.575666427612305
2020-04-03,16.530868530273438
2020-04-06,16.985261917114258
2020-04-07,17.484451293945312
2020-04-08,17.663644790649414
2020-04-09,17.791643142700195
2020-04-13,18.42523193359375
2020-04-14,18.879623413085938
2020-04-15,18.956418991088867
2020-04-16,19.052419662475586
2020-04-17,18.93722152709961
2020-04-20,19.21241569519043
2020-04-22,19.263614654541016
2020-04-23,19.16121482849121
2020-04-24,17.887643814086914
2020-04-27,18.988420486450195
2020-04-28,19.647607803344727
2020-04-29,19.225217819213867
2020-04-30,18.585227966308594
2020-05-04,18.84762191772461
2020-05-05,19.44921112060547
2020-05-06,19.263614654541016
2020-05-07,18.04123878479004
2020-05-08,18.975618362426758
2020-05-11,18.668424606323242
2020-05-12,18.55323028564453
2020-05-13,18.047639846801758
2020-05-14,18.78362464904785
2020-05-15,19.001220703125
2020-05-18,19.359615325927734
2020-05-19,18.815624237060547
2020-05-20,18.322832107543945
2020-05-21,19.084415435791016
2020-05-22,19.564407348632812
2020-05-25,20.364391326904297
2020-05-26,20.19159507751465
2020-05-27,21.50996971130371
2020-05-28,20.97878074645996
2020-05-29,20.639585494995117
2020-06-01,20.30039405822754
2020-06-02,20.479589462280273
2020-06-03,20.543588638305664
2020-06-04,20.511587142944336
2020-06-05,20.735584259033203
2020-06-08,21.25397300720215
2020-06-09,21.407573699951172
2020-06-10,21.157978057861328
2020-06-12,20.67798614501953
2020-06-15,20.223596572875977
2020-06-16,19.948400497436523
2020-06-17,20.453989028930664
2020-06-18,20.28119659423828
2020-06-19,20.594789505004883
2020-06-22,20.223596572875977
2020-06-23,19.55160903930664
2020-06-24,19.372411727905273
2020-06-25,19.462011337280273
2020-06-26,19.17401695251465
2020-06-29,19.39801025390625
2020-06-30,19.622007369995117
2020-07-01,19.71800422668457
2020-07-02,19.474811553955078
2020-07-03,19.711605072021484
2020-07-06,20.153196334838867
2020-07-07,19.999601364135742
2020-07-08,19.782005310058594
2020-07-09,19.366010665893555
2020-07-10,19.41720962524414
2020-07-13,19.148418426513672
2020-07-14,19.44921112060547
2020-07-15,19.711605072021484
2020-07-16,19.353214263916016
2020-07-17,19.6156063079834
2020-07-20,19.929201126098633
2020-07-21,19.929201126098633
2020-07-22,20.293991088867188
2020-07-23,20.21719741821289
2020-07-24,20.620386123657227
2020-07-27,21.125972747802734
2020-07-28,21.11986541748047
2020-07-29,21.255250930786133
2020-07-30,21.4786319732666
2020-07-31,21.255250930786133
2020-08-03,21.011560440063477
2020-08-04,20.693405151367188
2020-08-05,20.882944107055664
2020-08-06,21.49894142150879
2020-08-07,21.1063289642334
2020-08-10,21.187557220458984
2020-08-11,20.80848503112793
2020-08-12,20.442947387695312
2020-08-13,20.17218017578125
2020-08-14,20.32787322998047
2020-08-17,19.65095329284668
2020-08-18,20.233104705810547
2020-08-19,19.86756706237793
2020-08-20,19.8201847076416
2020-08-21,19.96233367919922
2020-08-24,19.887874603271484
2020-08-25,19.813413619995117
2020-08-26,19.326030731201172
2020-08-27,19.535879135131836
2020-08-28,19.969106674194336
2020-08-31,19.45464515686035
2020-09-01,19.806642532348633
2020-09-02,19.65095329284668
2020-09-03,19.908180236816406
2020-09-04,19.86756706237793
2020-09-08,19.98264503479004
2020-09-09,20.605411529541016
2020-09-10,20.158641815185547
2020-09-11,19.5223388671875
2020-09-14,20.34140968322754
2020-09-15,20.104490280151367
2020-09-16,20.273717880249023
2020-09-17,20.314332962036133
2020-09-18,19.630643844604492
2020-09-21,19.292184829711914
2020-09-22,19.630643844604492
2020-09-23,19.251569747924805
2020-09-24,19.38018226623535
2020-09-25,19.170337677001953
2020-09-28,18.798036575317383
2020-09-29,18.66265106201172
2020-09-30,18.655881881713867
2020-10-01,18.8048038482666
2020-10-02,18.561113357543945
2020-10-05,18.649112701416016
2020-10-06,18.838651657104492
2020-10-07,18.581422805786133
2020-10-08,18.82510757446289
2020-10-09,18.66265106201172
2020-10-13,18.66942024230957
2020-10-14,18.818342208862305
2020-10-15,19.00788116455078
2020-10-16,18.89957046508789
2020-10-19,19.089111328125
2020-10-20,19.8201847076416
2020-10-21,19.698335647583008
2020-10-22,20.131563186645508
2020-10-23,19.881105422973633
2020-10-26,19.989412307739258
2020-10-27,20.030029296875
2020-10-28,19.373414993286133
2020-10-29,19.339569091796875
2020-10-30,18.8657283782959
2020-11-03,19.001110076904297
2020-11-04,19.488492965698242
2020-11-05,20.625715255737305
2020-11-06,20.984481811523438
2020-11-09,20.761098861694336
2020-11-10,20.842329025268555
2020-11-11,20.585100173950195
2020-11-12,20.104490280151367
2020-11-13,20.713714599609375
2020-11-16,20.483562469482422
2020-11-17,21.004791259765625
2020-11-18,20.90325355529785
2020-11-19,20.82879066467285
2020-11-23,20.38202667236328
2020-11-24,20.476795196533203
2020-11-25,20.456485748291016
2020-11-26,20.52417755126953
2020-11-27,20.713714599609375
2020-11-30,21.221405029296875
2020-12-01,20.774639129638672
2020-12-02,20.882944107055664
2020-12-03,21.383867263793945
2020-12-04,20.761098861694336
2020-12-07,20.882944107055664
2020-12-08,20.5377140045166
2020-12-09,20.578330993652344
2020-12-10,20.855867385864258
2020-12-11,20.747560501098633
2020-12-14,20.564790725708008
2020-12-15,21.614017486572266
2020-12-16,21.878013610839844
2020-12-17,22.135244369506836
2020-12-18,21.91863250732422
2020-12-21,21.431251525878906
2020-12-22,21.702016830444336
2020-12-23,21.566631317138672
2020-12-28,21.803552627563477
2020-12-29,21.88478660583496
2020-12-30,22.033702850341797
2021-01-04,21.33648109436035
2021-01-05,21.234943389892578
2021-01-06,21.228174209594727
2021-01-07,20.476795196533203
2021-01-08,21.268787384033203
2021-01-11,20.666330337524414
2021-01-12,20.767868041992188
2021-01-13,21.004791259765625
2021-01-14,21.49894142150879
2021-01-15,21.823863983154297
2021-01-18,21.627553939819336
2021-01-19,21.451557159423828
2021-01-20,21.262020111083984
2021-01-21,20.991249084472656
2021-01-22,20.632482528686523
2021-01-26,20.558027267456055
2021-01-27,20.842329025268555
2021-01-28,21.255250930786133
2021-01-29,21.058944702148438
2021-02-01,21.363557815551758
2021-02-02,21.911863327026367
2021-02-03,22.148784637451172
2021-02-04,22.426321029663086
2021-02-05,22.629396438598633
2021-02-08,22.676780700683594
2021-02-09,22.866315841674805
2021-02-10,22.744470596313477
2021-02-11,22.846012115478516
2021-02-12,22.676780700683594
2021-02-17,22.24355125427246
2021-02-18,22.169090270996094
2021-02-19,22.087862014770508
2021-02-22,20.544485092163086
2021-02-23,20.632482528686523
2021-02-24,20.30079460144043
2021-02-25,19.99618148803711
2021-02-26,19.535879135131836
2021-03-01,18.987573623657227
2021-03-02,19.414033889770508
2021-03-03,19.65772247314453
2021-03-04,19.969106674194336
2021-03-05,19.89464569091797
2021-03-08,19.27187728881836
2021-03-09,19.34634017944336
2021-03-10,19.969106674194336
2021-03-11,20.111257553100586
2021-03-12,20.212793350219727
2021-03-15,20.233104705810547
2021-03-16,20.558027267456055
2021-03-17,21.153715133666992
2021-03-18,20.6866397857666
2021-03-19,21.444787979125977
2021-03-22,21.052175521850586
2021-03-23,20.81525421142578
2021-03-24,20.30756378173828
2021-03-25,20.82879066467285
2021-03-26,20.49032974243164
2021-03-29,20.185718536376953
2021-03-30,20.368486404418945
2021-03-31,20.59187126159668
2021-04-01,20.321102142333984
2021-04-05,20.713714599609375
2021-04-06,21.065711975097656
2021-04-07,20.74078941345215
2021-04-08,20.639253616333008
2021-04-09,20.30756378173828
2021-04-12,20.747560501098633
2021-04-13,20.6121768951416
2021-04-14,20.632482528686523
2021-04-15,20.679868698120117
2021-04-16,21.140172958374023
2021-04-19,20.984481811523438
2021-04-20,20.794946670532227
2021-04-22,20.639253616333008
2021-04-23,20.767868041992188
2021-04-26,20.6121768951416
2021-04-27,20.30756378173828
2021-04-28,20.497102737426758
2021-04-29,20.659561157226562
2021-04-30,19.86756706237793
2021-05-03,19.71192169189453
2021-05-04,19.633445739746094
2021-05-05,19.476490020751953
2021-05-06,19.576372146606445
2021-05-07,20.011558532714844
2021-05-10,19.7261905670166
2021-05-11,20.139976501464844
2021-05-12,19.41228485107422
2021-05-13,19.876008987426758
2021-05-14,20.239856719970703
2021-05-17,19.975889205932617
2021-05-18,19.89741325378418
2021-05-19,20.37540626525879
2021-05-20,20.518089294433594
2021-05-21,20.546627044677734
2021-05-24,20.632240295410156
2021-05-25,20.753522872924805
2021-05-26,20.86766815185547
2021-05-27,20.97468376159668
2021-05-28,20.69644546508789
2021-05-31,20.482419967651367
2021-06-01,21.081695556640625
2021-06-02,21.06743049621582
2021-06-04,21.309995651245117
2021-06-07,21.388469696044922
2021-06-08,21.224384307861328
2021-06-09,20.753522872924805
2021-06-10,21.302858352661133
2021-06-11,20.76065444946289
2021-06-14,20.9176082611084
2021-06-15,20.83913230895996
2021-06-16,20.617971420288086
2021-06-17,20.81059455871582
2021-06-18,20.646507263183594
2021-06-21,20.539493560791016
2021-06-22,20.368270874023438
2021-06-23,19.997291564941406
2021-06-24,20.154245376586914
2021-06-25,19.640581130981445
2021-06-28,19.512163162231445
2021-06-29,19.369478225708008
2021-06-30,19.19825553894043
2021-07-01,18.948556900024414
2021-07-02,19.134048461914062
2021-07-05,19.226791381835938
2021-07-06,19.048437118530273
2021-07-07,19.162588119506836
2021-07-08,18.90575408935547
2021-07-12,19.226791381835938
2021-07-13,18.962825775146484
2021-07-14,19.2767333984375
2021-07-15,19.2125244140625
2021-07-16,18.941423416137695
2021-07-19,18.71312713623047
2021-07-20,18.69172477722168
2021-07-21,18.813007354736328
2021-07-22,18.948556900024414
2021-07-23,18.65605354309082
2021-07-26,18.54190444946289
2021-07-27,18.8914852142334
2021-07-28,18.8914852142334
2021-07-29,18.442026138305664
2021-07-30,18.063913345336914
2021-08-02,18.135251998901367
2021-08-03,18.21373176574707
2021-08-04,18.292207717895508
2021-08-05,17.842748641967773
2021-08-06,17.849882125854492
2021-08-09,17.956897735595703
2021-08-10,17.692928314208984
2021-08-11,17.478904724121094
2021-08-12,17.407560348510742
2021-08-13,18.848678588867188
2021-08-16,19.233928680419922
2021-08-17,19.262462615966797
2021-08-18,18.870079040527344
2021-08-19,19.654848098754883
2021-08-20,20.011558532714844
2021-08-23,19.761863708496094
2021-08-24,20.518089294433594
2021-08-25,20.703584671020508
2021-08-26,20.553762435913086
2021-08-27,20.682178497314453
2021-08-30,20.703584671020508
2021-08-31,20.717851638793945
2021-09-01,20.62142562866211
2021-09-02,20.478483200073242
2021-09-03,20.56123924255371
2021-09-06,20.73427391052246
2021-09-08,20.358108520507812
2021-09-09,20.95997428894043
2021-09-10,20.990066528320312
2021-09-13,21.005115509033203
2021-09-14,20.97502326965332
2021-09-15,20.884740829467773
2021-09-16,20.817031860351562
2021-09-17,20.91483497619629
2021-09-20,20.756847381591797
2021-09-21,21.08034896850586
2021-09-22,20.817031860351562
2021-09-23,20.839601516723633
2021-09-24,20.696659088134766
2021-09-27,20.440866470336914
2021-09-28,20.37315559387207
2021-09-29,20.463436126708984
2021-09-30,20.26030731201172
2021-10-01,20.312969207763672
2021-10-04,19.936803817749023
2021-10-05,19.49292755126953
2021-10-06,19.064096450805664
2021-10-07,19.124284744262695
2021-10-08,19.583208084106445
2021-10-11,19.530542373657227
2021-10-13,20.049654006958008
2021-10-14,19.771289825439453
2021-10-15,19.62082290649414
2021-10-18,20.019559860229492
2021-10-19,19.613300323486328
2021-10-20,19.64339256286621
2021-10-21,19.20703887939453
2021-10-22,18.921154022216797
2021-10-25,19.25970458984375
2021-10-26,19.41016960144043
2021-10-27,19.80138397216797
2021-10-28,19.440265655517578
2021-10-29,19.793861389160156
2021-11-01,19.59825325012207
2021-11-03,20.087268829345703
2021-11-04,19.989465713500977
2021-11-05,20.222688674926758
2021-11-08,20.064701080322266
2021-11-09,20.29039764404297
2021-11-10,20.839601516723633
2021-11-11,21.095396041870117
2021-11-12,20.493528366088867
2021-11-16,19.673486709594727
2021-11-17,18.92867660522461
2021-11-18,18.973817825317383
2021-11-19,19.3725528717041
2021-11-22,19.154376983642578
2021-11-23,19.237133026123047
2021-11-24,19.274751663208008
2021-11-25,19.568159103393555
2021-11-26,19.3725528717041
2021-11-29,19.82395362854004
2021-11-30,19.861568450927734
2021-12-01,20.064701080322266
2021-12-02,20.741796493530273
2021-12-03,20.9825439453125
2021-12-06,20.711706161499023
2021-12-07,20.470956802368164
2021-12-08,20.591333389282227
2021-12-09,20.463436126708984
2021-12-10,20.446264266967773
2021-12-13,20.847776412963867
2021-12-14,21.14891242980957
2021-12-15,21.210681915283203
2021-12-16,21.102582931518555
2021-12-17,21.442325592041016
2021-12-20,21.125749588012695
2021-12-21,20.979042053222656
2021-12-22,20.940433502197266
2021-12-23,20.71651268005371
2021-12-27,20.731956481933594
2021-12-28,20.60841178894043
2021-12-29,20.40765953063965
2021-12-30,20.71651268005371
2022-01-03,19.982980728149414
2022-01-04,19.921207427978516
2022-01-05,19.604633331298828
2022-01-06,19.141347885131836
2022-01-07,19.566024780273438
2022-01-10,19.728174209594727
2022-01-11,19.705007553100586
2022-01-12,20.2686710357666
2022-01-13,19.959815979003906
2022-01-14,20.037031173706055
2022-01-17,20.075637817382812
2022-01-18,20.230064392089844
2022-01-19,20.592971801757812
2022-01-20,20.73967933654785
2022-01-21,20.901826858520508
2022-01-24,21.118026733398438
2022-01-25,21.766624450683594
2022-01-26,21.75890350341797
2022-01-27,21.851558685302734
2022-01-28,21.92877197265625
2022-01-31,22.3380069732666
2022-02-01,22.41522216796875
2022-02-02,21.905609130859375
2022-02-03,22.260791778564453
2022-02-04,21.851558685302734
2022-02-07,21.92877197265625
2022-02-08,22.0059871673584
2022-02-09,22.175857543945312
2022-02-10,22.075477600097656
2022-02-11,22.276235580444336
2022-02-14,22.492433547973633
2022-02-15,22.940275192260742
2022-02-16,22.940275192260742
2022-02-17,22.96343994140625
2022-02-18,22.986604690551758
2022-02-21,23.10242462158203
2022-02-22,23.30318260192871
2022-02-23,23.72785758972168
2022-02-24,23.557987213134766
2022-02-25,23.364952087402344
2022-03-02,23.5888729095459
2022-03-03,23.3417911529541
2022-03-04,22.893949508666992
2022-03-07,22.569650650024414
2022-03-08,22.847618103027344
2022-03-09,23.35723304748535
2022-03-10,23.635202407836914
2022-03-11,23.612037658691406
2022-03-14,23.851402282714844
2022-03-15,23.735578536987305
2022-03-16,23.735578536987305
2022-03-17,24.51544189453125
2022-03-18,24.88606834411621
2022-03-21,25.109989166259766
2022-03-22,25.449729919433594
2022-03-23,25.29530143737793
2022-03-24,25.74314308166504
2022-03-25,25.68909454345703
2022-03-28,25.542388916015625
2022-03-29,25.557828903198242
2022-03-30,25.156320571899414
2022-03-31,24.916955947875977
2022-04-01,25.735424041748047
2022-04-04,25.557828903198242
2022-04-05,25.550107955932617
2022-04-06,25.67365074157715
2022-04-07,25.828081130981445
2022-04-08,26.129213333129883
2022-04-11,26.160099029541016
2022-04-12,26.129213333129883
2022-04-13,26.631107330322266
2022-04-14,27.109832763671875
2022-04-18,27.488178253173828
2022-04-19,27.156156539916992
2022-04-20,27.248817443847656
2022-04-22,26.95540428161621
2022-04-25,27.287424087524414
2022-04-26,27.789318084716797
2022-04-27,28.25259780883789
2022-04-28,28.144498825073242
2022-04-29,27.912858963012695
2022-05-02,27.312559127807617
2022-05-03,27.48220443725586
2022-05-04,28.118364334106445
2022-05-05,27.83845329284668
2022-05-06,28.271045684814453
2022-05-09,28.712114334106445
2022-05-10,28.627294540405273
2022-05-11,28.296489715576172
2022-05-12,28.7714900970459
2022-05-13,29.857208251953125
2022-05-16,30.03533172607422
2022-05-17,31.027746200561523
2022-05-18,30.34069061279297
2022-05-19,30.87506866455078
2022-05-20,30.9005126953125
2022-05-23,30.289796829223633
2022-05-24,31.044710159301758
2022-05-25,30.31524658203125
2022-05-26,29.543367385864258
2022-05-27,29.305864334106445
2022-05-30,29.4330997467041
2022-05-31,28.584884643554688
2022-06-01,29.305864334106445
2022-06-02,30.773279190063477
2022-06-03,30.026853561401367
2022-06-06,29.085330963134766
2022-06-07,29.44158172607422
2022-06-08,28.881757736206055
2022-06-09,27.982650756835938
2022-06-10,27.083539962768555
2022-06-13,26.66791534423828
2022-06-14,27.507648468017578
2022-06-15,27.770597457885742
2022-06-17,28.126846313476562
2022-06-20,28.491579055786133
2022-06-21,27.439790725708008
2022-06-22,27.219257354736328
2022-06-23,26.60005760192871
2022-06-24,25.955413818359375
2022-06-27,26.879968643188477
2022-06-28,26.66791534423828
2022-06-29,26.23532485961914
2022-06-30,26.192913055419922
2022-07-01,27.142915725708008
2022-07-04,26.447378158569336
2022-07-05,25.913000106811523
2022-07-06,25.955413818359375
2022-07-07,26.65943145751953
2022-07-08,26.540681838989258
2022-07-11,25.802736282348633
2022-07-12,26.354074478149414
2022-07-13,26.014787673950195
2022-07-14,26.540681838989258
2022-07-15,26.80362892150879
2022-07-18,26.9732723236084
2022-07-19,26.930862426757812
2022-07-20,27.388898849487305
2022-07-21,27.287109375
2022-07-22,27.26166534423828
2022-07-25,27.719701766967773
2022-07-26,26.73577308654785
2022-07-27,27.236221313476562
2022-07-28,27.431310653686523
2022-07-29,27.855417251586914
2022-08-01,27.94872283935547
2022-08-02,27.439790725708008
2022-08-03,27.20229148864746
2022-08-04,28.415241241455078
2022-08-05,28.304969787597656
2022-08-08,28.584884643554688
2022-08-09,28.321935653686523
2022-08-10,28.66970443725586
2022-08-11,27.99961280822754
2022-08-12,29.034439086914062
2022-08-15,29.53488540649414
2022-08-16,29.551849365234375
2022-08-17,30.179529190063477
2022-08-18,30.790246963500977
2022-08-19,30.69693946838379
2022-08-22,30.747833251953125
2022-08-23,30.501848220825195
2022-08-24,30.357654571533203
2022-08-25,30.19649314880371
2022-08-26,29.94202995300293
2022-08-29,29.94202995300293
2022-08-30,29.7299747467041
2022-08-31,29.662118911743164
2022-09-01,30.23890495300293
2022-09-02,30.34069061279297
2022-09-05,30.730871200561523
2022-09-06,30.705421447753906
2022-09-08,30.14560317993164
2022-09-09,29.848724365234375
2022-09-12,29.823280334472656
2022-09-13,29.297386169433594
2022-09-14,29.093812942504883
2022-09-15,29.322830200195312
2022-09-16,29.492473602294922
2022-09-19,29.37372589111328
2022-09-20,29.407651901245117
2022-09-21,29.382205963134766
2022-09-22,30.213457107543945
2022-09-23,30.61212158203125
2022-09-26,29.407651901245117
2022-09-27,28.627294540405273
2022-09-28,28.847829818725586
2022-09-29,28.508543014526367
2022-09-30,28.63577651977539
2022-10-03,30.272830963134766
2022-10-04,29.763904571533203
2022-10-05,29.051403045654297
2022-10-06,28.517024993896484
2022-10-07,28.423721313476562
2022-10-10,28.576400756835938
2022-10-11,28.8393497467041
2022-10-13,29.00899314880371
2022-10-14,28.90720558166504
2022-10-17,29.28890037536621
2022-10-18,29.170150756835938
2022-10-19,29.085330963134766
2022-10-20,28.98354148864746
2022-10-21,29.407651901245117
2022-10-24,29.280418395996094
2022-10-25,28.525508880615234
2022-10-26,27.558542251586914
2022-10-27,29.110776901245117
2022-10-28,29.28890037536621
2022-10-31,30.043813705444336
2022-11-01,30.06926155090332
2022-11-03,30.544260025024414
2022-11-04,31.09560203552246
2022-11-07,29.67908477783203
2022-11-08,29.823280334472656
2022-11-09,29.696043014526367
2022-11-10,27.90631103515625
2022-11-11,29.04292106628418
2022-11-14,29.110776901245117
2022-11-16,28.40675926208496
2022-11-17,28.321935653686523
2022-11-18,28.601848602294922
2022-11-21,28.856313705444336
2022-11-22,28.61033058166504
2022-11-23,28.712114334106445
2022-11-24,29.21256446838379
2022-11-25,28.695152282714844
2022-11-28,28.7714900970459
2022-11-29,28.941133499145508
2022-11-30,29.60274314880371
2022-12-01,28.898723602294922
2022-12-02,28.40675926208496
2022-12-05,27.151395797729492
2022-12-06,27.694255828857422
2022-12-07,28.160776138305664
2022-12-08,27.37193489074707
2022-12-09,27.321041107177734
2022-12-12,26.83755874633789
2022-12-13,25.802736282348633
2022-12-14,25.66701889038086
2022-12-15,25.904521942138672
2022-12-16,25.53130531311035
2022-12-19,26.693361282348633
2022-12-20,27.142915725708008
2022-12-21,26.947826385498047
2022-12-22,27.304075241088867
2022-12-23,27.73666763305664
2022-12-26,27.49068260192871
2022-12-27,27.56702423095703
2022-12-28,27.64336395263672
2022-12-29,28.160776138305664
2023-01-02,27.304075241088867
2023-01-03,26.96479034423828
2023-01-04,27.278629302978516
2023-01-05,27.312559127807617
2023-01-06,27.024166107177734
2023-01-09,27.27014923095703
2023-01-10,26.922378540039062
2023-01-11,27.617918014526367
2023-01-12,27.397380828857422
2023-01-13,27.185325622558594
2023-01-16,27.48220443725586
2023-01-17,27.73666763305664
2023-01-18,28.135326385498047
2023-01-19,28.058990478515625
2023-01-20,27.64336395263672
2023-01-23,27.431310653686523
2023-01-24,28.008098602294922
2023-01-25,28.644258499145508
2023-01-26,28.46613311767578
2023-01-27,28.075952529907227
2023-01-30,28.330419540405273
2023-01-31,28.2286319732666
2023-02-01,28.23711585998535
2023-02-02,27.73666763305664
2023-02-03,26.96479034423828
2023-02-06,27.12594985961914
2023-02-07,26.549163818359375
2023-02-08,26.718807220458984
2023-02-09,25.353179931640625
2023-02-10,26.26925277709961
2023-02-13,26.26925277709961
2023-02-14,26.06568145751953
2023-02-15,26.00630760192871
2023-02-16,26.23532485961914
2023-02-17,26.40496826171875
2023-02-22,26.04023551940918
2023-02-23,25.887556076049805
2023-02-24,25.77728843688965
2023-02-27,25.700946807861328
2023-02-28,25.692466735839844
2023-03-01,25.56523323059082
2023-03-02,25.327733993530273
2023-03-03,25.09871482849121
2023-03-06,25.20050048828125
2023-03-07,25.37862777709961
2023-03-08,25.99782371520996
2023-03-09,25.896038055419922
2023-03-10,25.751842498779297
2023-03-13,26.29469871520996
2023-03-14,26.930862426757812
2023-03-15,27.295595169067383
2023-03-16,26.64246940612793
2023-03-17,24.895143508911133
2023-03-20,24.90362548828125
2023-03-21,24.66612434387207
2023-03-22,25.056304931640625
2023-03-23,24.742464065551758
2023-03-24,25.293804168701172
2023-03-27,25.522823333740234
2023-03-28,26.583093643188477
2023-03-29,26.50675392150879
2023-03-30,27.024166107177734
2023-03-31,26.846040725708008
2023-04-03,26.86300277709961
2023-04-04,27.473718643188477
2023-04-05,27.558542251586914
2023-04-06,28.025062561035156
2023-04-10,27.829973220825195
2023-04-11,28.126846313476562
2023-04-12,28.483097076416016
2023-04-13,28.525508880615234
2023-04-14,28.695152282714844
2023-04-17,28.321935653686523
2023-04-18,28.271045684814453
2023-04-19,28.075952529907227
2023-04-20,28.271045684814453
2023-04-24,28.737564086914062
2023-04-25,28.746042251586914
2023-04-26,28.075952529907227
2023-04-27,28.03354263305664
2023-04-28,28.109882354736328
2023-05-02,28.30208969116211
2023-05-03,27.84925651550293
2023-05-04,28.139068603515625
2023-05-05,28.193408966064453
2023-05-08,28.102846145629883
2023-05-09,28.30208969116211
2023-05-10,28.754924774169922
2023-05-11,29.12624740600586
2023-05-12,28.945112228393555
2023-05-15,29.12624740600586
2023-05-16,28.754924774169922
2023-05-17,28.066617965698242
2023-05-18,28.33831787109375
2023-05-19,28.800207138061523
2023-05-22,28.65530014038086
2023-05-23,28.89077377319336
2023-05-24,28.754924774169922
2023-05-25,28.727754592895508
2023-05-26,28.754924774169922
2023-05-29,28.65530014038086
2023-05-30,28.139068603515625
2023-05-31,27.423595428466797
2023-06-01,27.06132698059082
2023-06-02,27.17906379699707
2023-06-05,26.96170425415039
2023-06-06,27.577556610107422
2023-06-07,27.876428604125977
2023-06-09,28.401714324951172
2023-06-12,28.41982650756836
2023-06-13,27.95793914794922
2023-06-14,28.36548614501953
2023-06-15,28.166240692138672
2023-06-16,28.981340408325195
2023-06-19,28.800207138061523
2023-06-20,29.216812133789062
2023-06-21,30.004745483398438
2023-06-22,28.727754592895508
2023-06-23,30.52097511291504
2023-06-26,30.6205997467041
2023-06-27,30.43040657043457
2023-06-28,30.330785751342773
2023-06-29,30.638713836669922
2023-06-30,31.145883560180664
2023-07-03,31.345130920410156
2023-07-04,31.209280014038086
2023-07-05,31.689287185668945
2023-07-06,32.223628997802734
2023-07-07,32.33230972290039
2023-07-10,32.305137634277344
2023-07-11,32.24174118041992
2023-07-12,31.970041275024414
2023-07-13,32.2779655456543
2023-07-14,32.133060455322266
2023-07-17,32.096832275390625
2023-07-18,32.015323638916016
2023-07-19,31.84324836730957
2023-07-20,31.743623733520508
2023-07-21,32.214569091796875
2023-07-24,32.40475845336914
2023-07-25,32.422874450683594
2023-07-26,32.68552017211914
2023-07-27,32.522499084472656
2023-07-28,32.51344299316406
2023-07-31,32.40475845336914
2023-08-01,32.422874450683594
2023-08-02,32.495330810546875
2023-08-03,32.04249572753906
2023-08-04,31.888532638549805
2023-08-07,31.589662551879883
2023-08-08,31.680227279663086
2023-08-09,31.480979919433594
2023-08-10,31.453811645507812
2023-08-11,31.861360549926758
2023-08-14,32.24174118041992
2023-08-15,31.96098518371582
2023-08-16,32.00626754760742
2023-08-17,31.8975887298584
2023-08-18,31.872909545898438
2023-08-21,31.215259552001953
2023-08-22,31.85438346862793
2023-08-23,31.94701385498047
2023-08-24,32.10447692871094
2023-08-25,31.919221878051758
2023-08-28,32.13226318359375
2023-08-29,32.27120590209961
2023-08-30,32.14152908325195
2023-08-31,31.632081985473633
2023-09-01,32.2434196472168
2023-09-04,32.67876434326172
2023-09-05,32.43793487548828
2023-09-06,31.48387908935547
2023-09-08,31.613555908203125
2023-09-11,31.771018981933594
2023-09-12,32.113739013671875
2023-09-13,32.28046798706055
2023-09-14,32.65097427368164
2023-09-15,32.984432220458984
2023-09-18,33.095584869384766
2023-09-19,32.845489501953125
2023-09-20,33.13263702392578
2023-09-21,33.095584869384766
2023-09-22,33.05853271484375
2023-09-25,33.0122184753418
2023-09-26,32.36383056640625
2023-09-27,31.798810958862305
2023-09-28,31.641342163085938
2023-09-29,31.131895065307617
2023-10-02,31.28936004638672
2023-10-03,30.872541427612305
2023-10-04,31.04853057861328
2023-10-05,31.0114803314209
2023-10-06,30.844751358032227
2023-10-09,31.159683227539062
2023-10-10,31.595029830932617
2023-10-11,31.76175880432129
2023-10-13,30.742860794067383
2023-10-16,30.752124786376953
2023-10-17,30.279726028442383
2023-10-18,29.723966598510742
2023-10-19,30.566871643066406
2023-10-20,30.427928924560547
2023-10-23,30.427928924560547
2023-10-24,30.381616592407227
2023-10-25,30.400142669677734
2023-10-26,31.28936004638672
2023-10-27,31.00221824645996
2023-10-30,30.613183975219727
2023-10-31,30.974428176879883
2023-11-01,31.446826934814453
2023-11-03,31.99332618713379
2023-11-06,32.35456848144531
2023-11-07,32.521297454833984
2023-11-08,32.14152908325195
2023-11-09,32.400882720947266
2023-11-10,33.03074645996094
2023-11-13,32.7899169921875
2023-11-14,33.160423278808594
2023-11-16,33.96627426147461
2023-11-17,33.790287017822266
2023-11-20,33.75323486328125
2023-11-21,33.679134368896484
2023-11-22,33.75323486328125
2023-11-23,33.97554016113281
2023-11-24,33.72544860839844
2023-11-27,34.253421783447266
2023-11-28,34.01259231567383
2023-11-29,33.58650588989258
2023-11-30,34.318260192871094
2023-12-01,34.38309860229492
2023-12-04,34.586875915527344
2023-12-05,34.82770538330078
2023-12-06,34.67950439453125
2023-12-07,34.27194595336914
2023-12-08,34.318260192871094
2023-12-11,34.16079330444336
2023-12-12,34.34605026245117
2023-12-13,34.818443298339844
2023-12-14,34.9481201171875
2023-12-15,34.99443435668945
2023-12-18,35.337158203125
2023-12-19,35.82807922363281
2023-12-20,35.43904495239258
2023-12-21,35.80955123901367
2023-12-22,35.8836555480957
2023-12-26,35.763240814208984
2023-12-27,35.513145446777344
2023-12-28,35.67061233520508
2024-01-02,35.57798385620117
2024-01-03,35.63356399536133
2024-01-04,35.4205207824707
2024-01-05,35.43904495239258
2024-01-08,35.19821548461914
2024-01-09,35.66135025024414
2024-01-10,35.698402404785156
2024-01-11,35.30936813354492
2024-01-12,34.73508071899414
2024-01-15,34.82770538330078
2024-01-16,34.43867492675781
2024-01-17,34.466461181640625
2024-01-18,33.7161865234375
2024-01-19,33.53093338012695
2024-01-22,33.37346267700195
2024-01-23,33.391990661621094
2024-01-24,33.43830108642578
2024-01-25,33.679134368896484
2024-01-26,34.36457061767578
2024-01-29,33.90143585205078
2024-01-30,33.18821334838867
2024-01-31,33.58650588989258
2024-02-01,33.76250076293945
2024-02-02,33.002960205078125
2024-02-05,33.26231384277344
2024-02-06,33.78102493286133
2024-02-07,33.78102493286133
2024-02-08,33.077056884765625
2024-02-09,33.215999603271484
2024-02-14,32.9381217956543
2024-02-15,33.41978073120117
2024-02-16,33.215999603271484
2024-02-19,33.215999603271484
2024-02-20,33.59577178955078
2024-02-21,32.97517013549805
2024-02-22,32.97517013549805
2024-02-23,33.215999603271484
2024-02-26,32.76212692260742
2024-02-27,32.66950225830078
2024-02-28,32.65097427368164
2024-02-29,32.7806510925293
2024-03-01,32.7899169921875
2024-03-04,32.3267822265625
2024-03-05,32.076690673828125
2024-03-06,31.863649368286133
2024-03-07,31.872909545898438
2024-03-08,31.669130325317383
2024-03-11,32.0118522644043
2024-03-12,31.493139266967773
2024-03-13,31.187469482421875
2024-03-14,31.150421142578125
2024-03-15,30.918853759765625
2024-03-18,31.159683227539062
2024-03-19,31.261571884155273
2024-03-20,31.687654495239258
2024-03-21,31.872909545898438
2024-03-22,32.113739013671875
2024-03-25,32.41014862060547
2024-03-26,32.558349609375
2024-03-27,32.53055953979492
2024-03-28,32.2434196472168
2024-04-01,32.06742477416992
2024-04-02,32.41014862060547
2024-04-03,33.1696891784668
2024-04-04,32.88254165649414
2024-04-05,32.38235855102539
2024-04-08,32.89180374145508
2024-04-09,33.7161865234375
2024-04-10,33.077056884765625
2024-04-11,32.688026428222656
2024-04-12,32.53055953979492
2024-04-15,32.558349609375
2024-04-16,32.31752014160156
2024-04-17,32.51203536987305
2024-04-18,32.15079116821289
2024-04-19,32.35456848144531
2024-04-22,32.400882720947266
2024-04-23,32.3267822265625
2024-04-24,32.3267822265625
2024-04-25,32.03037643432617
2024-04-26,32.36383056640625
2024-04-29,29.983320236206055
2024-04-30,29.547975540161133
2024-05-02,29.927745819091797
2024-05-03,30.640974044799805
2024-05-06,30.37235450744629
2024-05-07,30.474245071411133
2024-05-08,30.77065086364746
2024-05-09,30.261199951171875
2024-05-10,30.048158645629883
2024-05-13,30.60392189025879
2024-05-14,31.52092742919922
2024-05-15,31.53019142150879
2024-05-16,31.585765838623047
2024-05-17,31.687654495239258
2024-05-20,31.585765838623047
2024-05-21,32.3267822265625
2024-05-22,32.17858123779297
2024-05-23,32.19710159301758
2024-05-24,32.42866897583008
2024-05-27,32.27120590209961
2024-05-28,32.04890060424805
2024-05-29,31.493139266967773
2024-05-31,31.585765838623047
2024-06-03,31.863649368286133
2024-06-04,32.09521484375
2024-06-05,31.706180572509766
2024-06-06,31.724706649780273
2024-06-07,30.88180160522461
2024-06-10,30.427928924560547
2024-06-11,30.58539581298828
2024-06-12,30.25193977355957
2024-06-13,30.140789031982422
2024-06-14,30.3167781829834
2024-06-17,29.964794158935547
2024-06-18,29.918481826782227
2024-06-19,30.048158645629883
2024-06-20,30.11299705505371
2024-06-21,30.224151611328125
2024-06-24,30.279726028442383
2024-06-25,30.224151611328125
2024-06-26,30.122262954711914
2024-06-27,30.687286376953125
2024-06-28,30.3167781829834
2024-07-01,30.381616592407227
2024-07-02,30.233413696289062
2024-07-03,30.650236129760742
2024-07-04,30.88180160522461
2024-07-05,30.640974044799805
2024-07-08,30.99295425415039
2024-07-09,30.909589767456055
2024-07-10,30.99295425415039
2024-07-11,31.22452163696289
2024-07-12,31.29862403869629
2024-07-15,30.742860794067383
2024-07-16,30.99295425415039
2024-07-17,31.215259552001953
2024-07-18,30.863277435302734
2024-07-19,30.455718994140625
2024-07-22,30.798439025878906
2024-07-23,30.381616592407227
2024-07-24,30.5483455657959
2024-07-25,29.927745819091797
2024-07-26,30.381616592407227
2024-07-29,30.455718994140625
2024-07-30,30.279726028442383
2024-07-31,30.0852108001709
2024-08-01,30.427928924560547
2024-08-02,30.733598709106445
2024-08-05,29.89995574951172
2024-08-06,30.418668746948242
2024-08-07,30.474245071411133
2024-08-08,30.48350715637207
2024-08-09,30.48350715637207
2024-08-12,30.613183975219727
2024-08-13,30.983692169189453
2024-08-14,31.28009796142578
2024-08-15,30.872541427612305
2024-08-16,30.955902099609375
2024-08-19,30.752124786376953
2024-08-20,30.798439025878906
2024-08-21,31.122631072998047
2024-08-22,31.178207397460938
2024-08-23,31.28009796142578
2024-08-26,31.335676193237305
2024-08-27,30.48350715637207
2024-08-28,30.60392189025879
2024-08-29,30.437192916870117
2024-08-30,31.57650375366211
2024-09-02,30.77065086364746
2024-09-03,31.06705665588379
2024-09-04,31.835857391357422
2024-09-05,32.17858123779297
2024-09-06,32.09521484375
2024-09-09,31.92848777770996
2024-09-10,31.724706649780273
2024-09-11,31.5579776763916
2024-09-12,31.317150115966797
2024-09-13,31.493139266967773
2024-09-16,31.73396873474121
2024-09-17,31.51166534423828
2024-09-18,31.261571884155273
2024-09-19,31.00221824645996
2024-09-20,30.918853759765625
2024-09-23,30.88180160522461
2024-09-24,30.78917694091797
2024-09-25,30.76138687133789
2024-09-26,30.955902099609375
2024-09-27,31.27083396911621
2024-09-30,31.428300857543945
2024-10-01,31.363462448120117
2024-10-02,31.446826934814453
2024-10-03,31.317150115966797
2024-10-04,31.50240135192871
2024-10-07,31.493139266967773
2024-10-08,31.53019142150879
2024-10-09,30.455718994140625
2024-10-10,30.242677688598633
2024-10-11,30.122262954711914
2024-10-14,30.261199951171875
2024-10-15,30.353830337524414
2024-10-16,30.446455001831055
2024-10-17,30.29825210571289
2024-10-18,30.196361541748047
2024-10-21,30.288991928100586
2024-10-22,30.3167781829834
2024-10-23,30.390880584716797
2024-10-24,30.60392189025879
2024-10-25,30.29825210571289
2024-10-28,30.502033233642578
2024-10-29,30.150049209594727
2024-10-30,30.32604217529297
2024-10-31,30.353830337524414
2024-11-01,30.029632568359375
2024-11-04,30.474245071411133
2024-11-05,30.446455001831055
2024-11-06,30.159313201904297
2024-11-07,29.964794158935547
2024-11-08,29.983320236206055
2024-11-11,29.927745819091797
2024-11-12,30.11299705505371
2024-11-13,30.038898468017578
2024-11-14,29.97406005859375
2024-11-18,29.88142967224121
2024-11-19,30.103736877441406
2024-11-21,30.07594871520996
2024-11-22,30.5483455657959
2024-11-25,30.705812454223633
2024-11-26,31.215259552001953
2024-11-27,30.474245071411133
2024-11-28,30.81696319580078
2024-11-29,30.214887619018555
2024-12-02,29.844383239746094
2024-12-03,29.983320236206055
2024-12-04,29.723966598510742
2024-12-05,29.89995574951172
2024-12-06,29.66838836669922
2024-12-09,29.585025787353516
2024-12-10,29.872169494628906
2024-12-11,30.242677688598633
2024-12-12,29.761018753051758
2024-12-13,29.640602111816406
2024-12-16,29.27935791015625
2024-12-17,29.798065185546875
2024-12-18,29.353458404541016
2024-12-19,29.640602111816406
2024-12-20,30.11299705505371
2024-12-23,28.992212295532227
2024-12-26,29.16820526123047
2024-12-27,29.223779678344727
2024-12-30,29.260831832885742
2025-01-02,29.10336685180664
2025-01-03,28.714332580566406
2025-01-06,29.251569747924805
2025-01-07,29.473873138427734
2025-01-08,29.353458404541016
2025-01-09,29.594289779663086
2025-01-10,29.307144165039062
2025-01-13,29.659128189086914
2025-01-14,29.983320236206055
2025-01-15,30.29825210571289
2025-01-16,30.233413696289062
2025-01-17,30.78917694091797
2025-01-20,30.854015350341797
2025-01-21,30.622447967529297
2025-01-22,30.631710052490234
2025-01-23,30.705812454223633
2025-01-24,30.52981948852539
2025-01-27,31.3264102935791
2025-01-28,31.45608901977539
2025-01-29,31.215259552001953
2025-01-30,31.882171630859375
2025-01-31,31.845123291015625
2025-02-03,32.076690673828125
2025-02-04,32.15079116821289
2025-02-05,31.771018981933594
2025-02-06,31.57650375366211
2025-02-07,31.53019142150879
2025-02-10,31.381988525390625
2025-02-11,31.604291915893555
2025-02-12,30.82622528076172
2025-02-13,31.307886123657227
2025-02-14,31.863649368286133
2025-02-17,31.798810958862305
2025-02-18,31.771018981933594
2025-02-19,32.31752014160156
2025-02-20,32.60466384887695
2025-02-21,32.44719696044922
2025-02-24,32.521297454833984
2025-02-25,32.808441162109375
2025-02-26,33.03074645996094
2025-02-27,32.44719696044922
2025-02-28,32.49351119995117
2025-03-05,32.7899169921875
2025-03-06,34.43867492675781
2025-03-07,34.92033386230469
2025-03-10,35.19821548461914
2025-03-11,36.263423919677734
2025-03-12,35.448307037353516
2025-03-13,34.96664810180664
2025-03-14,34.67950439453125
2025-03-17,34.73508071899414
2025-03-18,35.1889533996582
2025-03-19,35.24452590942383
2025-03-20,34.96664810180664
2025-03-21,35.31863021850586
2025-03-24,35.5687255859375
2025-03-25,35.698402404785156
2025-03-26,35.58724594116211
2025-03-27,35.012962341308594
2025-03-28,35.03148651123047
2025-03-31,34.92033386230469
2025-04-01,35.66135025024414
2025-04-02,35.4205207824707
2025-04-03,35.300106048583984
2025-04-04,35.1055908203125
2025-04-07,34.67024230957031
2025-04-08,35.84660339355469
2025-04-09,35.84660339355469
2025-04-10,35.337158203125
2025-04-11,34.929595947265625
2025-04-14,35.42978286743164
2025-04-15,35.513145446777344
2025-04-16,35.42978286743164
2025-04-17,35.42978286743164
2025-04-22,35.19821548461914
2025-04-23,35.337158203125
2025-04-24,36.07817077636719
2025-04-25,36.161537170410156
2025-04-28,36.58761978149414
2025-04-29,36.207847595214844
2025-04-30,35.37420654296875
2025-05-02,35.24452590942383
2025-05-05,35.19821548461914
2025-05-06,35.1796875
2025-05-07,35.25379180908203
2025-05-08,35.75397491455078
2025-05-09,35.29084014892578
2025-05-12,34.818443298339844
2025-05-13,35.540931701660156
2025-05-14,35.24452590942383
2025-05-15,36.86549758911133
2025-05-16,36.82844543457031
2025-05-19,37.050750732421875
2025-05-20,37.86587142944336
2025-05-21,37.11559295654297
2025-05-22,37.134117126464844
2025-05-23,37.597251892089844
2025-05-26,37.7269287109375
2025-05-27,38.1900634765625
2025-05-28,37.93070983886719
2025-05-29,38.17153549194336
2025-05-30,37.5046272277832
2025-06-02,37.819557189941406
2025-06-03,38.09743881225586
2025-06-04,37.84734344482422
2025-06-05,37.52314758300781
2025-06-06,37.532413482666016
2025-06-09,37.3471565246582
2025-06-10,37.31937026977539
2025-06-11,37.29158020019531
2025-06-12,37.40273666381836
2025-06-13,37.513885498046875
2025-06-16,37.745452880859375
2025-06-17,37.977020263671875
2025-06-18,37.46757507324219
2025-06-20,37.31010818481445
2025-06-23,37.32863235473633
2025-06-24,37.476837158203125
2025-06-25,36.97665023803711
2025-06-26,37.421260833740234
2025-06-27,37.356422424316406
2025-06-30,37.84734344482422
2025-07-01,37.68061447143555
2025-07-02,37.31010818481445
2025-07-03,38.10669708251953
2025-07-04,37.95849609375
2025-07-07,37.532413482666016
2025-07-08,36.930335998535156
2025-07-09,35.7910270690918
2025-07-10,35.38346862792969
2025-07-11,35.25379180908203
2025-07-14,34.85549545288086
2025-07-15,34.99443435668945
2025-07-16,35.52240753173828
2025-07-17,35.235267639160156
2025-07-18,35.36494445800781
2025-07-21,35.48535919189453
2025-07-22,34.47572708129883
2025-07-23,35.66135025024414
2025-07-24,35.337158203125
2025-07-25,35.38346862792969
2025-07-28,34.67024230957031
2025-07-29,34.82770538330078
2025-07-30,35.38346862792969
2025-07-31,35.11484909057617
2025-08-01,35.13337707519531
2025-08-04,35.4112548828125
2025-08-05,34.67024230957031
2025-08-06,35.17042922973633
2025-08-07,36.41162872314453
2025-08-08,36.995174407958984
2025-08-11,36.457942962646484
2025-08-12,36.63393020629883
2025-08-13,36.28194808959961
2025-08-14,36.87476348876953
2025-08-15,36.569091796875
2025-08-18,36.42089080810547
2025-08-19,36.004066467285156
2025-08-20,36.10595703125
2025-08-21,35.994808197021484
2025-08-22,36.75434875488281
2025-08-25,36.38383865356445
2025-08-26,36.61540603637695
2025-08-27,36.41162872314453
2025-08-28,36.4857292175293
2025-08-29,36.467201232910156
2025-09-01,35.92070388793945
2025-09-02,35.58724594116211
2025-09-03,35.1055908203125
2025-09-04,35.068538665771484
2025-09-05,35.66135025024414
2025-09-08,35.1055908203125
2025-09-09,35.03148651123047
2025-09-10,35.03148651123047
2025-09-11,35.531673431396484
2025-09-12,35.40199661254883
2025-09-15,35.47609329223633
2025-09-16,35.66135025024414
2025-09-17,36.0225944519043
2025-09-18,35.89291763305664
2025-09-19,35.837337493896484
2025-09-22,36.004066467285156
2025-09-23,36.68950653076172
2025-09-24,36.86549758911133
2025-09-25,36.36531066894531
2025-09-26,36.031856536865234
2025-09-29,36.2541618347168
2025-09-30,36.494991302490234
2025-10-01,35.95775604248047
2025-10-02,35.45756912231445
2025-10-03,35.642822265625
2025-10-06,35.698402404785156
2025-10-07,35.1055908203125
2025-10-08,35.08706283569336
2025-10-09,35.08706283569336
2025-10-10,35.0963249206543
2025-10-13,35.531673431396484
2025-10-14,35.94849395751953
2025-10-15,36.087432861328125
2025-10-16,36.235633850097656
2025-10-17,36.569091796875
2025-10-20,37.134117126464844
2025-10-21,37.17116928100586
2025-10-22,37.652828216552734
2025-10-23,37.69914245605469
2025-10-24,37.79176712036133
2025-10-27,38.33826446533203
2025-10-28,38.440155029296875
2025-10-29,38.514259338378906
2025-10-30,38.60688400268555
2025-10-31,38.532779693603516
2025-11-03,39.55167770385742
2025-11-04,39.903663635253906
2025-11-05,39.68135452270508
2025-11-06,39.4312629699707
2025-11-07,39.68135452270508
2025-11-10,40.385318756103516
2025-11-11,41.35790252685547
2025-11-12,42.15449142456055
2025-11-13,41.682098388671875
2025-11-14,42.700992584228516
2025-11-17,43.15486526489258
2025-11-18,43.84956741333008
2025-11-19,44.247859954833984
2025-11-21,44.17375946044922
2025-11-24,44.56279373168945
2025-11-25,44.646156311035156
2025-11-26,45.424224853515625
2025-11-27,45.62800216674805
2025-11-28,45.174129486083984
2025-12-01,45.01666259765625
2025-12-02,46.06334686279297
2025-12-03,45.93367004394531
2025-12-04,46.54500961303711
2025-12-05,44.97035217285156
2025-12-08,45.109291076660156
2025-12-09,45.37791061401367
2025-12-10,45.2019157409668
2025-12-11,45.24822998046875
2025-12-12,46.43385696411133
2025-12-15,47.79547119140625
2025-12-16,47.21192169189453
2025-12-17,46.74878692626953
2025-12-18,46.87846374511719
2025-12-19,47.34159851074219
2025-12-22,46.48942947387695
2025-12-23,47.69358444213867
2025-12-26,49.30529022216797
2025-12-29,49.19413757324219
2025-12-30,49.36086654663086
