date,close
2010-12-01,3.972583293914795
2010-12-02,4.0249528884887695
2010-12-03,4.054878234863281
2010-12-06,4.069840908050537
2010-12-07,4.039916038513184
2010-12-08,4.01447868347168
2010-12-09,3.933680534362793
2010-12-10,3.9037551879882812
2010-12-13,3.843905210494995
2010-12-14,3.8214609622955322
2010-12-15,3.860363483428955
2010-12-16,3.831934928894043
2010-12-17,3.843905210494995
2010-12-20,3.7915360927581787
2010-12-21,3.935177803039551
2010-12-22,3.9920358657836914
2010-12-23,4.059367656707764
2010-12-27,4.041411399841309
2010-12-28,4.098269462585449
2010-12-29,4.150639533996582
2010-12-30,4.13118839263916
2011-01-03,4.114727973937988
2011-01-04,4.188045501708984
2011-01-05,4.179068088531494
2011-01-06,4.114727973937988
2011-01-07,4.114727973937988
2011-01-10,4.167098045349121
2011-01-11,4.234429836273193
2011-01-12,4.277822017669678
2011-01-13,4.219467639923096
2011-01-14,4.225452423095703
2011-01-17,4.137173175811768
2011-01-18,4.119217395782471
2011-01-19,4.155128002166748
2011-01-20,4.093780517578125
2011-01-21,3.9800639152526855
2011-01-24,4.009990692138672
2011-01-26,3.9381699562072754
2011-01-27,3.935177803039551
2011-01-28,3.887296438217163
2011-01-31,3.894777774810791
2011-02-01,4.071337699890137
2011-02-02,3.935177803039551
2011-02-03,3.926199436187744
2011-02-04,3.8528831005096436
2011-02-07,3.846897840499878
2011-02-08,3.8454017639160156
2011-02-09,3.8454017639160156
2011-02-10,3.8454017639160156
2011-02-11,3.6733310222625732
2011-02-14,3.7406632900238037
2011-02-15,3.7032556533813477
2011-02-16,3.781062126159668
2011-02-17,3.7406632900238037
2011-02-18,3.6808114051818848
2011-02-21,3.6823081970214844
2011-02-22,3.692781925201416
2011-02-23,3.7705881595611572
2011-02-24,3.7705881595611572
2011-02-25,3.7795655727386475
2011-02-28,3.8887929916381836
2011-03-01,3.8454017639160156
2011-03-02,3.995027542114258
2011-03-03,4.001012802124023
2011-03-04,3.9561245441436768
2011-03-09,3.9561245441436768
2011-03-10,3.855875253677368
2011-03-11,3.8304390907287598
2011-03-14,3.8064985275268555
2011-03-15,3.8229570388793945
2011-03-16,3.7406632900238037
2011-03-17,3.7032556533813477
2011-03-18,3.733182430267334
2011-03-21,3.873831033706665
2011-03-22,3.890289068222046
2011-03-23,3.8528831005096436
2011-03-24,3.8229570388793945
2011-03-25,3.897770881652832
2011-03-28,3.8648529052734375
2011-03-29,3.802009344100952
2011-03-30,3.785550832748413
2011-03-31,3.8005127906799316
2011-04-01,3.8005127906799316
2011-04-04,3.9576215744018555
2011-04-05,3.9576215744018555
2011-04-06,3.860363483428955
2011-04-07,3.65836763381958
2011-04-08,3.564103126525879
2011-04-11,3.6045024394989014
2011-04-12,3.57607364654541
2011-04-13,3.538666248321533
2011-04-14,3.531186103820801
2011-04-15,3.568592071533203
2011-04-18,3.531186103820801
2011-04-19,3.531186103820801
2011-04-20,3.513230800628662
2011-04-25,3.561110734939575
2011-04-26,3.591036319732666
2011-04-27,3.4833054542541504
2011-04-28,3.517719268798828
2011-04-29,3.6209607124328613
2011-05-02,3.5237042903900146
2011-05-03,3.4040029048919678
2011-05-04,3.389039993286133
2011-05-05,3.366595983505249
2011-05-06,3.418966293334961
2011-05-09,3.5491411685943604
2011-05-10,3.5491411685943604
2011-05-11,3.3800621032714844
2011-05-12,3.4414100646972656
2011-05-13,3.3486413955688477
2011-05-16,3.3486413955688477
2011-05-17,3.291783571243286
2011-05-18,3.194526433944702
2011-05-19,3.176570415496826
2011-05-20,3.261857271194458
2011-05-23,3.261857271194458
2011-05-24,3.418966293334961
2011-05-25,3.561110734939575
2011-05-26,3.5655994415283203
2011-05-27,3.529689311981201
2011-05-30,3.553629159927368
2011-05-31,3.6134798526763916
2011-06-01,3.4608614444732666
2011-06-02,3.628443717956543
2011-06-03,3.710737466812134
2011-06-06,3.6808114051818848
2011-06-07,3.6209607124328613
2011-06-08,3.6838037967681885
2011-06-09,3.6957743167877197
2011-06-10,3.6134798526763916
2011-06-13,3.6015102863311768
2011-06-14,3.6957743167877197
2011-06-15,3.546149969100952
2011-06-16,3.605998992919922
2011-06-17,3.6718342304229736
2011-06-20,3.6808114051818848
2011-06-21,3.6718342304229736
2011-06-22,3.665848970413208
2011-06-24,3.6134798526763916
2011-06-27,3.591036319732666
2011-06-28,3.65836763381958
2011-06-29,3.665848970413208
2011-06-30,3.6808114051818848
2011-07-01,3.6508870124816895
2011-07-04,3.6209607124328613
2011-07-05,3.5790653228759766
2011-07-06,3.5581178665161133
2011-07-07,3.478816509246826
2011-07-08,3.531186103820801
2011-07-11,3.534177780151367
2011-07-12,3.610487222671509
2011-07-13,3.6314353942871094
2011-07-14,3.617969274520874
2011-07-15,3.6045024394989014
2011-07-18,3.5237042903900146
2011-07-19,3.513230800628662
2011-07-20,3.556621789932251
2011-07-21,3.665848970413208
2011-07-22,3.6613612174987793
2011-07-25,3.6808114051818848
2011-07-26,3.543156385421753
2011-07-27,3.4264471530914307
2011-07-28,3.511733055114746
2011-07-29,3.591036319732666
2011-08-01,3.545684814453125
2011-08-02,3.449193000793457
2011-08-03,3.426218032836914
2011-08-04,3.245488166809082
2011-08-05,3.3082845211029053
2011-08-08,2.9897091388702393
2011-08-09,3.0907950401306152
2011-08-10,3.141338586807251
2011-08-11,3.262335777282715
2011-08-12,3.3772082328796387
2011-08-15,3.4920780658721924
2011-08-16,3.553342580795288
2011-08-17,3.622264862060547
2011-08-18,3.5196478366851807
2011-08-19,3.487483263015747
2011-08-22,3.4476611614227295
2011-08-23,3.567126750946045
2011-08-24,3.553342580795288
2011-08-25,3.446129560470581
2011-08-26,3.5717215538024902
2011-08-29,3.6237971782684326
2011-08-30,3.5610008239746094
2011-08-31,3.6605560779571533
2011-09-01,3.729478597640991
2011-09-02,3.6682138442993164
2011-09-05,3.6452391147613525
2011-09-06,3.6605560779571533
2011-09-08,3.798400640487671
2011-09-09,3.8137173652648926
2011-09-12,3.8137173652648926
2011-09-13,3.7218194007873535
2011-09-14,3.8412861824035645
2011-09-15,3.8458797931671143
2011-09-16,3.874981164932251
2011-09-19,3.905613899230957
2011-09-20,3.904083013534546
2011-09-21,3.8275015354156494
2011-09-22,3.6452391147613525
2011-09-23,3.6513657569885254
2011-09-26,3.6973140239715576
2011-09-27,3.7830843925476074
2011-09-28,3.767768144607544
2011-09-29,3.7830843925476074
2011-09-30,3.6712775230407715
2011-10-03,3.5227108001708984
2011-10-04,3.5916333198547363
2011-10-05,3.553342580795288
2011-10-06,3.622264862060547
2011-10-07,3.610011577606201
2011-10-10,3.70650315284729
2011-10-11,3.757047653198242
2011-10-13,3.8290324211120605
2011-10-14,3.855070114135742
2011-10-17,3.8275015354156494
2011-10-18,3.9148035049438477
2011-10-19,4.032736778259277
2011-10-20,4.058775901794434
2011-10-21,4.1062541007995605
2011-10-24,4.0878753662109375
2011-10-25,4.0878753662109375
2011-10-26,4.0878753662109375
2011-10-27,4.0878753662109375
2011-10-28,4.089407920837402
2011-10-31,4.1047234535217285
2011-11-01,4.1047234535217285
2011-11-03,4.058775901794434
2011-11-04,4.058775901794434
2011-11-07,4.1047234535217285
2011-11-08,4.121571063995361
2011-11-09,4.086343288421631
2011-11-10,4.086343288421631
2011-11-11,4.158329963684082
2011-11-14,4.1047234535217285
2011-11-16,4.058775901794434
2011-11-17,3.9546241760253906
2011-11-18,3.9699409008026123
2011-11-21,3.936245918273926
2011-11-22,3.9745359420776367
2011-11-23,3.9347152709960938
2011-11-24,3.963815689086914
2011-11-25,3.9515621662139893
2011-11-28,4.064900875091553
2011-11-29,4.034268856048584
2011-11-30,4.120038986206055
2011-12-01,4.227252960205078
2011-12-02,4.211935043334961
2011-12-05,4.250226974487305
2011-12-06,4.273201942443848
2011-12-07,4.290049076080322
2011-12-08,4.271668910980225
2011-12-09,4.260948657989502
2011-12-12,4.260948657989502
2011-12-13,4.254820823669434
2011-12-14,4.1047234535217285
2011-12-15,4.051117420196533
2011-12-16,4.08174991607666
2011-12-19,4.1047234535217285
2011-12-20,4.136887073516846
2011-12-21,4.1047234535217285
2011-12-22,4.089407920837402
2011-12-23,4.090939521789551
2011-12-26,4.14454460144043
2011-12-27,4.1307597160339355
2011-12-28,4.120038986206055
2011-12-29,4.1353559494018555
2012-01-02,4.089407920837402
2012-01-03,4.147608757019043
2012-01-04,4.167520523071289
2012-01-05,4.20121431350708
2012-01-06,4.150671005249023
2012-01-09,4.181303977966309
2012-01-10,4.251758575439453
2012-01-11,4.242568492889404
2012-01-12,4.257884979248047
2012-01-13,4.2027459144592285
2012-01-16,4.211935043334961
2012-01-17,4.211935043334961
2012-01-18,4.218062400817871
2012-01-19,4.211935043334961
2012-01-20,4.242568492889404
2012-01-23,4.20121431350708
2012-01-24,4.242568492889404
2012-01-26,4.242568492889404
2012-01-27,4.242568492889404
2012-01-30,4.211935043334961
2012-01-31,4.329870223999023
2012-02-01,4.421767234802246
2012-02-02,4.38041353225708
2012-02-03,4.418703556060791
2012-02-06,4.411046981811523
2012-02-07,4.441679000854492
2012-02-08,4.4615888595581055
2012-02-09,4.493753433227539
2012-02-10,4.467715740203857
2012-02-13,4.518259048461914
2012-02-14,4.521322727203369
2012-02-15,4.61015510559082
2012-02-16,4.686737060546875
2012-02-17,4.748001575469971
2012-02-23,4.502941608428955
2012-02-24,4.631598949432373
2012-02-27,4.671420097351074
2012-02-28,4.7173686027526855
2012-02-29,4.709710597991943
2012-03-01,4.774038314819336
2012-03-02,4.823051452636719
2012-03-05,4.7954816818237305
2012-03-06,4.780165672302246
2012-03-07,4.824581146240234
2012-03-08,4.830708026885986
2012-03-09,4.832240104675293
2012-03-12,4.93332576751709
2012-03-13,5.00837516784668
2012-03-14,5.115588188171387
2012-03-15,5.222801685333252
2012-03-16,5.192169666290283
2012-03-19,5.161537170410156
2012-03-20,5.1431565284729
2012-03-21,5.297851085662842
2012-03-22,5.192169666290283
2012-03-23,5.178384780883789
2012-03-26,5.314697742462158
2012-03-27,5.267218589782715
2012-03-28,5.190637588500977
2012-03-29,5.130904197692871
2012-03-30,5.201358795166016
2012-04-02,5.253434181213379
2012-04-03,5.262623310089111
2012-04-04,5.268749237060547
2012-04-05,5.279470443725586
2012-04-09,5.1952314376831055
2012-04-10,5.186042308807373
2012-04-11,5.130904197692871
2012-04-12,4.962426662445068
2012-04-13,4.841429233551025
2012-04-16,4.902694225311279
2012-04-17,5.009906768798828
2012-04-18,5.130904197692871
2012-04-19,5.023691177368164
2012-04-20,4.957832336425781
2012-04-23,4.786290168762207
2012-04-24,4.919541358947754
2012-04-25,4.968553066253662
2012-04-26,5.080360412597656
2012-04-27,5.054324150085449
2012-04-30,5.069639682769775
2012-05-02,5.026755332946777
2012-05-03,5.069639682769775
2012-05-04,5.101804256439209
2012-05-07,5.130904197692871
2012-05-08,5.005311965942383
2012-05-09,5.046665668487549
2012-05-10,5.0313496589660645
2012-05-11,5.0313496589660645
2012-05-14,4.870529651641846
2012-05-15,4.816923141479492
2012-05-16,4.73268461227417
2012-05-17,4.5504231452941895
2012-05-18,4.593307971954346
2012-05-21,4.692864418029785
2012-05-22,4.5810546875
2012-05-23,4.518259048461914
2012-05-24,4.493753433227539
2012-05-25,4.509069442749023
2012-05-28,4.5366387367248535
2012-05-29,4.507537841796875
2012-05-30,4.449336528778076
2012-05-31,4.588713645935059
2012-06-01,4.501410484313965
2012-06-04,4.4646525382995605
2012-06-05,4.493753433227539
2012-06-06,4.636192798614502
2012-06-08,4.576460838317871
2012-06-11,4.487626552581787
2012-06-12,4.671420097351074
2012-06-13,4.770974159240723
2012-06-14,4.737279891967773
2012-06-15,4.748001575469971
2012-06-18,4.809266090393066
2012-06-19,4.847556114196777
2012-06-20,4.748001575469971
2012-06-21,4.642319202423096
2012-06-22,4.614750385284424
2012-06-25,4.4646525382995605
2012-06-26,4.608623504638672
2012-06-27,4.631598949432373
2012-06-28,4.649977207183838
2012-06-29,4.746469497680664
2012-07-02,4.735747814178467
2012-07-03,4.723494529724121
2012-07-04,4.778634071350098
2012-07-05,4.786290168762207
2012-07-06,4.778634071350098
2012-07-10,4.685204982757568
2012-07-11,4.68214225769043
2012-07-12,4.671420097351074
2012-07-13,4.700520992279053
2012-07-16,4.602497100830078
2012-07-17,4.679078102111816
2012-07-18,4.725027561187744
2012-07-19,4.728089809417725
2012-07-20,4.720431804656982
2012-07-23,4.679078102111816
2012-07-24,4.645382881164551
2012-07-25,4.671420097351074
2012-07-26,4.73268461227417
2012-07-27,4.8935041427612305
2012-07-30,4.8935041427612305
2012-07-31,4.778634071350098
2012-08-01,4.837497234344482
2012-08-02,4.748203754425049
2012-08-03,4.784234046936035
2012-08-06,4.942455768585205
2012-08-07,4.986319541931152
2012-08-08,5.111642360687256
2012-08-09,5.0333147048950195
2012-08-10,4.958120822906494
2012-08-13,4.933056831359863
2012-08-14,4.973785877227783
2012-08-15,5.044281005859375
2012-08-16,5.016083240509033
2012-08-17,5.053679943084717
2012-08-20,5.113208770751953
2012-08-21,5.200936317443848
2012-08-22,5.251065254211426
2012-08-23,5.1774373054504395
2012-08-24,5.310593605041504
2012-08-27,5.316860675811768
2012-08-28,5.232266426086426
2012-08-29,5.182136058807373
2012-08-30,5.279262542724609
2012-08-31,5.294929027557373
2012-09-03,5.298062324523926
2012-09-04,5.232266426086426
2012-09-05,5.373255729675293
2012-09-06,5.475080490112305
2012-09-10,5.396754741668701
2012-09-11,5.512678146362305
2012-09-12,5.506412506103516
2012-09-13,5.678732872009277
2012-09-14,5.529909133911133
2012-09-17,5.558107852935791
2012-09-18,5.553408622741699
2012-09-19,5.694397926330566
2012-09-20,5.616070747375488
2012-09-21,5.642704010009766
2012-09-24,5.66306734085083
2012-09-25,5.661501884460449
2012-09-26,5.808755397796631
2012-09-27,5.819721221923828
2012-09-28,5.8009233474731445
2012-10-01,5.811888694763184
2012-10-02,5.827555179595947
2012-10-03,5.810323238372803
2012-10-04,5.764892578125
2012-10-05,5.866717338562012
2012-10-08,5.890215873718262
2012-10-09,5.894914627075195
2012-10-10,5.9137139320373535
2012-10-11,6.046871662139893
2012-10-15,5.7742919921875
2012-10-16,5.811888694763184
2012-10-17,5.869849681854248
2012-10-18,5.863584995269775
2012-10-19,5.8980488777160645
2012-10-22,5.921547889709473
2012-10-23,5.81658935546875
2012-10-24,5.772725582122803
2012-10-25,5.796224594116211
2012-10-26,5.971676826477051
2012-10-29,5.9842095375061035
2012-10-30,6.092301368713379
2012-10-31,6.1016998291015625
2012-11-01,6.24268913269043
2012-11-05,6.234856128692627
2012-11-06,6.1486968994140625
2012-11-07,6.031205177307129
2012-11-08,6.167495250701904
2012-11-09,6.198825836181641
2012-11-12,6.128331661224365
2012-11-13,6.17846155166626
2012-11-14,6.156528949737549
2012-11-16,6.1110992431640625
2012-11-19,6.250521183013916
2012-11-21,6.209791660308838
2012-11-22,6.167495250701904
2012-11-23,6.256789684295654
2012-11-26,6.195693016052246
2012-11-27,6.203526496887207
2012-11-28,6.180027484893799
2012-11-29,6.225457668304443
2012-11-30,6.15496301651001
2012-12-03,6.109532356262207
2012-12-04,6.062536239624023
2012-12-05,6.078202247619629
2012-12-06,6.156528949737549
2012-12-07,6.1486968994140625
2012-12-10,6.172195911407471
2012-12-11,6.203526496887207
2012-12-12,6.234856128692627
2012-12-13,6.219191074371338
2012-12-14,6.2771525382995605
2012-12-17,6.451039791107178
2012-12-18,6.501169681549072
2012-12-19,6.573232650756836
2012-12-20,6.560699462890625
2012-12-21,6.555997371673584
2012-12-26,6.637458801269531
2012-12-27,6.573232650756836
2012-12-28,6.540334701538086
2013-01-02,6.65782356262207
2013-01-03,6.617093563079834
2013-01-04,6.6045613288879395
2013-01-07,6.626494407653809
2013-01-08,6.696986198425293
2013-01-09,6.711085796356201
2013-01-10,6.634326934814453
2013-01-11,6.662524700164795
2013-01-14,6.767484188079834
2013-01-15,6.696986198425293
2013-01-16,6.696986198425293
2013-01-17,6.7095208168029785
2013-01-18,6.712654113769531
2013-01-21,6.798813343048096
2013-01-22,6.798813343048096
2013-01-23,6.798813343048096
2013-01-24,6.969566822052002
2013-01-28,7.008730888366699
2013-01-29,7.159119606018066
2013-01-30,7.345539093017578
2013-01-31,7.362770080566406
2013-02-01,7.362770080566406
2013-02-04,7.284443378448486
2013-02-05,7.378437519073486
2013-02-06,7.265643119812012
2013-02-07,7.495926380157471
2013-02-08,7.323606491088867
2013-02-13,7.221780300140381
2013-02-14,7.206117153167725
2013-02-15,7.284443378448486
2013-02-18,7.300108432769775
2013-02-19,7.378437519073486
2013-02-20,7.229615688323975
2013-02-21,7.198281764984131
2013-02-22,7.165384292602539
2013-02-25,7.174785137176514
2013-02-26,7.159119606018066
2013-02-27,7.088624954223633
2013-02-28,7.309507846832275
2013-03-01,7.2797441482543945
2013-03-04,7.315773963928223
2013-03-05,7.517858028411865
2013-03-06,7.499059677124023
2013-03-07,7.2797441482543945
2013-03-08,7.2703447341918945
2013-03-11,7.329871654510498
2013-03-12,7.362770080566406
2013-03-13,7.430131912231445
2013-03-14,7.4113335609436035
2013-03-15,7.325174331665039
2013-03-18,7.4238667488098145
2013-03-19,7.215513706207275
2013-03-20,7.091759204864502
2013-03-21,7.145020484924316
2013-03-22,6.963300704956055
2013-03-25,7.013431549072266
2013-03-26,7.151287078857422
2013-03-27,7.234312057495117
2013-03-28,7.234312057495117
2013-04-01,7.079225063323975
2013-04-02,6.988365650177002
2013-04-03,7.008730888366699
2013-04-04,7.004031658172607
2013-04-05,6.955469131469727
2013-04-08,6.955469131469727
2013-04-09,7.008730888366699
2013-04-10,7.127788543701172
2013-04-11,6.947633266448975
2013-04-12,6.827012538909912
2013-04-15,6.626494407653809
2013-04-16,6.975832939147949
2013-04-17,6.814478874206543
2013-04-18,7.094891548156738
2013-04-19,7.046329498291016
2013-04-22,7.014996528625488
2013-04-23,7.2170820236206055
2013-04-24,7.286011219024658
2013-04-25,7.271909713745117
2013-04-26,7.271909713745117
2013-04-29,7.267210960388184
2013-04-30,7.45676326751709
2013-05-02,7.362770080566406
2013-05-03,7.412900447845459
2013-05-06,7.362770080566406
2013-05-07,7.362770080566406
2013-05-08,7.253113746643066
2013-05-09,7.315773963928223
2013-05-10,7.337706565856934
2013-05-13,7.293842315673828
2013-05-14,7.323606491088867
2013-05-15,7.362770080566406
2013-05-16,7.229615688323975
2013-05-17,7.367470741271973
2013-05-20,7.544490337371826
2013-05-21,7.644750595092773
2013-05-22,7.672945022583008
2013-05-23,7.67921257019043
2013-05-24,7.550755023956299
2013-05-27,7.475561618804932
2013-05-28,7.517858028411865
2013-05-29,7.477128505706787
2013-05-31,7.409765243530273
2013-06-03,7.293842315673828
2013-06-04,7.312641143798828
2013-06-05,7.206117153167725
2013-06-06,6.877140045166016
2013-06-07,6.983667850494385
2013-06-10,6.83484411239624
2013-06-11,6.631192684173584
2013-06-12,6.814478874206543
2013-06-13,6.941370010375977
2013-06-14,6.869307041168213
2013-06-17,6.776881217956543
2013-06-18,6.806646823883057
2013-06-19,6.687588214874268
2013-06-20,6.6421589851379395
2013-06-21,6.626494407653809
2013-06-24,6.573232650756836
2013-06-25,6.476104736328125
2013-06-26,6.540334701538086
2013-06-27,6.8176116943359375
2013-06-28,6.783148288726807
2013-07-01,6.798813343048096
2013-07-02,6.628060340881348
2013-07-03,6.606127738952637
2013-07-04,6.579496383666992
2013-07-05,6.571663856506348
2013-07-08,6.579496383666992
2013-07-10,6.560699462890625
2013-07-11,6.87244176864624
2013-07-12,6.792546272277832
2013-07-15,6.798813343048096
2013-07-16,6.781580924987793
2013-07-17,6.883405685424805
2013-07-18,6.863041877746582
2013-07-19,6.845809459686279
2013-07-22,6.892808437347412
2013-07-23,6.877140045166016
2013-07-24,6.79724645614624
2013-07-25,6.696986198425293
2013-07-26,6.696986198425293
2013-07-29,6.736150741577148
2013-07-30,6.712654113769531
2013-07-31,6.659390926361084
2013-08-01,6.942981719970703
2013-08-02,6.919012546539307
2013-08-05,6.831124782562256
2013-08-06,6.741642951965332
2013-08-07,6.6633429527282715
2013-08-08,6.679323673248291
2013-08-09,6.740044116973877
2013-08-12,6.596231460571289
2013-08-13,6.645766735076904
2013-08-14,6.51154088973999
2013-08-15,6.4795823097229
2013-08-16,6.442831993103027
2013-08-19,6.503551006317139
2013-08-20,6.431643962860107
2013-08-21,6.375717639923096
2013-08-22,6.564273357391357
2013-08-23,6.757622718811035
2013-08-26,6.642571449279785
2013-08-27,6.463602542877197
2013-08-28,6.514737606048584
2013-08-29,6.439634799957275
2013-08-30,6.647365570068359
2013-09-02,6.7112812995910645
2013-09-03,6.554685115814209
2013-09-04,6.6633429527282715
2013-09-05,6.7112812995910645
2013-09-06,6.644168376922607
2013-09-09,6.871074199676514
2013-09-10,6.896641731262207
2013-09-11,6.871074199676514
2013-09-12,6.871074199676514
2013-09-13,6.888651371002197
2013-09-16,6.877466201782227
2013-09-17,6.859888553619385
2013-09-18,6.931795597076416
2013-09-19,6.695303916931152
2013-09-20,6.64896297454834
2013-09-23,6.722466945648193
2013-09-24,6.939784049987793
2013-09-25,6.998907566070557
2013-09-26,6.903034210205078
2013-09-27,6.853496074676514
2013-09-30,6.826331615447998
2013-10-01,7.053236484527588
2013-10-02,7.000504970550537
2013-10-03,6.939784049987793
2013-10-04,6.971744060516357
2013-10-07,6.966949939727783
2013-10-08,7.048443794250488
2013-10-09,7.1379265785217285
2013-10-10,6.9557647705078125
2013-10-11,6.914217948913574
2013-10-14,7.010095119476318
2013-10-15,7.070814609527588
2013-10-16,7.051640033721924
2013-10-17,7.113958835601807
2013-10-18,7.0260725021362305
2013-10-21,7.03246545791626
2013-10-22,7.102771759033203
2013-10-23,7.029268264770508
2013-10-24,6.934991359710693
2013-10-25,6.930197715759277
2013-10-28,7.097979545593262
2013-10-29,7.134733200073242
2013-10-30,7.054835319519043
2013-10-31,7.177874565124512
2013-11-01,7.134733200073242
2013-11-04,7.06282377243042
2013-11-05,6.9909186363220215
2013-11-06,7.005300521850586
2013-11-07,7.046847343444824
2013-11-08,6.934991359710693
2013-11-11,6.974938869476318
2013-11-12,7.01488733291626
2013-11-13,7.077207565307617
2013-11-14,7.13632869720459
2013-11-18,7.01488733291626
2013-11-19,6.903034210205078
2013-11-21,6.791178226470947
2013-11-22,6.740044116973877
2013-11-25,6.871074199676514
2013-11-26,6.762415409088135
2013-11-27,6.7975687980651855
2013-11-28,6.7432403564453125
2013-11-29,6.871074199676514
2013-12-02,6.703292369842529
2013-12-03,6.53391170501709
2013-12-04,6.55148983001709
2013-12-05,6.439634799957275
2013-12-06,6.513139247894287
2013-12-09,6.5243239402771
2013-12-10,6.525923252105713
2013-12-11,6.402883529663086
2013-12-12,6.4156670570373535
2013-12-13,6.351748466491699
2013-12-16,6.32138729095459
2013-12-17,6.311800956726074
2013-12-18,6.319790363311768
2013-12-19,6.430047988891602
2013-12-20,6.346953868865967
2013-12-23,6.36453104019165
2013-12-26,6.279841899871826
2013-12-27,6.276644706726074
2013-12-30,6.324583530426025
2014-01-02,6.080102443695068
2014-01-03,6.139225006103516
2014-01-06,5.9954118728637695
2014-01-07,5.966649055480957
2014-01-08,5.897938251495361
2014-01-09,5.960257053375244
2014-01-10,6.104070663452148
2014-01-13,5.997010231018066
2014-01-14,6.190358638763428
2014-01-15,6.113658428192139
2014-01-16,6.076906681060791
2014-01-17,6.104070663452148
2014-01-20,6.06092643737793
2014-01-21,5.976236343383789
2014-01-22,5.997010231018066
2014-01-23,5.838815212249756
2014-01-24,5.784485340118408
2014-01-27,5.851597785949707
2014-01-28,5.8787641525268555
2014-01-29,5.808454513549805
2014-01-30,5.632683277130127
2014-01-31,5.742939472198486
2014-02-03,5.517632007598877
2014-02-04,5.696599960327148
2014-02-05,5.659847259521484
2014-02-06,5.579952239990234
2014-02-07,5.672631740570068
2014-02-10,5.575157165527344
2014-02-11,5.651857852935791
2014-02-12,5.626291275024414
2014-02-13,5.551188945770264
2014-02-14,5.827630043029785
2014-02-17,5.798867702484131
2014-02-18,5.560776233673096
2014-02-19,5.432941913604736
2014-02-20,5.544797420501709
2014-02-21,5.650259971618652
2014-02-24,5.848402500152588
2014-02-25,5.758918285369873
2014-02-26,5.734950542449951
2014-02-27,5.71897029876709
2014-02-28,5.543198585510254
2014-03-05,5.408972263336182
2014-03-06,5.560776233673096
2014-03-07,5.4009833335876465
2014-03-10,5.512838840484619
2014-03-11,5.532013416290283
2014-03-12,5.501654148101807
2014-03-13,5.423354148864746
2014-03-14,5.273149490356445
2014-03-17,5.241191387176514
2014-03-18,5.273149490356445
2014-03-19,5.295521259307861
2014-03-20,5.249181270599365
2014-03-21,5.372220516204834
2014-03-24,5.485673427581787
2014-03-25,5.362633228302002
2014-03-26,5.415365219116211
2014-03-27,5.560776233673096
2014-03-28,5.6007256507873535
2014-03-31,5.634281158447266
2014-04-01,5.6087141036987305
2014-04-02,5.806856632232666
2014-04-03,5.803659915924072
2014-04-04,5.893144130706787
2014-04-07,5.918711185455322
2014-04-08,5.797268867492676
2014-04-09,5.736548900604248
2014-04-10,5.907526969909668
2014-04-11,6.152008056640625
2014-04-14,6.080102443695068
2014-04-15,5.912320137023926
2014-04-16,6.188760280609131
2014-04-17,6.140822887420654
2014-04-22,6.035359859466553
2014-04-23,5.952268123626709
2014-04-24,6.008194446563721
2014-04-25,5.928298473358154
2014-04-28,5.955463409423828
2014-04-29,6.078502655029297
2014-04-30,6.080102443695068
2014-05-02,6.268734931945801
2014-05-05,6.2558088302612305
2014-05-06,6.244499206542969
2014-05-07,6.288121700286865
2014-05-08,6.221879005432129
2014-05-09,6.192798137664795
2014-05-12,6.284890174865723
2014-05-13,6.352748870849609
2014-05-14,6.3026628494262695
2014-05-15,6.268734931945801
2014-05-16,6.155638217926025
2014-05-19,5.961759090423584
2014-05-20,5.977916717529297
2014-05-21,5.950450420379639
2014-05-22,6.013460159301758
2014-05-23,5.998920917510986
2014-05-26,6.019923210144043
2014-05-27,5.943987846374512
2014-05-28,5.984378814697266
2014-05-29,6.065162181854248
2014-05-30,6.099089622497559
2014-06-02,6.123325347900391
2014-06-03,6.16048526763916
2014-06-04,6.200876712799072
2014-06-05,6.286506652832031
2014-06-06,6.375366687774658
2014-06-09,6.507850646972656
2014-06-10,6.53693151473999
2014-06-11,6.559551239013672
2014-06-13,6.672646999359131
2014-06-16,6.57570743560791
2014-06-17,6.624178409576416
2014-06-18,6.545011520385742
2014-06-20,6.464228630065918
2014-06-23,6.54824161529541
2014-06-24,6.564397811889648
2014-06-25,6.488462448120117
2014-06-26,6.386677265167236
2014-06-27,6.490079402923584
2014-06-30,6.478769302368164
2014-07-01,6.407680034637451
2014-07-02,6.359210014343262
2014-07-03,6.452919960021973
2014-07-04,6.470689296722412
2014-07-07,6.34951639175415
2014-07-08,6.365673542022705
2014-07-10,6.414141654968262
2014-07-11,6.383445739746094
2014-07-14,6.406064987182617
2014-07-15,6.373751640319824
2014-07-16,6.2574238777160645
2014-07-17,6.252577304840088
2014-07-18,6.394753932952881
2014-07-21,6.415757179260254
2014-07-22,6.44160795211792
2014-07-23,6.401217460632324
2014-07-24,6.250962257385254
2014-07-25,6.1734113693237305
2014-07-28,5.969838619232178
2014-07-29,6.02638578414917
2014-07-30,6.058699607849121
2014-07-31,6.005382061004639
2014-08-01,5.960143566131592
2014-08-04,6.052236080169678
2014-08-05,6.021539211273193
2014-08-06,5.979531288146973
2014-08-07,5.943987846374512
2014-08-08,5.929447174072266
2014-08-11,5.979531288146973
2014-08-12,5.9892258644104
2014-08-13,5.953681468963623
2014-08-14,5.8971333503723145
2014-08-15,5.929447174072266
2014-08-18,6.074855327606201
2014-08-19,6.2234954833984375
2014-08-20,6.373751640319824
2014-08-21,6.34628438949585
2014-08-22,6.446455478668213
2014-08-25,6.611252784729004
2014-08-26,6.805129528045654
2014-08-27,7.100794792175293
2014-08-28,7.181577682495117
2014-08-29,7.543484687805176
2014-09-01,7.3027520179748535
2014-09-02,7.301136493682861
2014-09-03,7.356069087982178
2014-09-04,7.246203899383545
2014-09-05,7.086254596710205
2014-09-08,6.963465213775635
2014-09-09,6.898839950561523
2014-09-10,6.834213733673096
2014-09-11,6.808362007141113
2014-09-12,6.624178409576416
2014-09-15,6.640333652496338
2014-09-16,6.7534308433532715
2014-09-17,6.897223949432373
2014-09-18,6.779281139373779
2014-09-19,6.646795272827148
2014-09-22,6.470689296722412
2014-09-23,6.418989658355713
2014-09-24,6.402832984924316
2014-09-25,6.249345779418945
2014-09-26,6.517543315887451
2014-09-29,6.34951639175415
2014-09-30,6.355978965759277
2014-10-01,6.074855327606201
2014-10-02,5.990841388702393
2014-10-03,6.099089622497559
2014-10-06,6.568110466003418
2014-10-07,6.580835342407227
2014-10-08,6.4717607498168945
2014-10-09,6.437220096588135
2014-10-10,6.3717756271362305
2014-10-13,6.762625694274902
2014-10-14,6.8226165771484375
2014-10-15,6.701366424560547
2014-10-16,6.462687969207764
2014-10-17,6.504915237426758
2014-10-20,6.367216110229492
2014-10-21,5.895366668701172
2014-10-22,5.858646392822266
2014-10-23,5.636491775512695
2014-10-24,5.774190902709961
2014-10-27,5.6585235595703125
2014-10-28,5.933921813964844
2014-10-29,5.78887939453125
2014-10-30,5.994509696960449
2014-10-31,6.3506927490234375
2014-11-03,6.227680683135986
2014-11-04,6.288268089294434
2014-11-05,6.179945468902588
2014-11-06,5.812746047973633
2014-11-07,5.792551040649414
2014-11-10,5.765011310577393
2014-11-11,5.5997724533081055
2014-11-12,5.75032377243042
2014-11-13,5.526332855224609
2014-11-14,5.496955871582031
2014-11-17,5.51164436340332
2014-11-18,5.495120048522949
2014-11-19,5.6566877365112305
2014-11-21,5.985330581665039
2014-11-24,6.040410041809082
2014-11-25,5.939429759979248
2014-11-26,6.187290191650391
2014-11-27,6.000017166137695
2014-11-28,5.838450908660889
2014-12-01,5.673211097717285
2014-12-02,5.838450908660889
2014-12-03,5.801730632781982
2014-12-04,5.691572189331055
2014-12-05,5.70993185043335
2014-12-08,5.462072849273682
2014-12-09,5.306013584136963
2014-12-10,5.177494049072266
2014-12-11,5.206870079040527
2014-12-12,5.00307559967041
2014-12-15,4.747872829437256
2014-12-16,4.883735179901123
2014-12-17,5.120578289031982
2014-12-18,5.06733512878418
2014-12-19,5.113234519958496
2014-12-22,5.094873905181885
2014-12-23,5.203197956085205
2014-12-26,5.205034255981445
2014-12-29,5.269293308258057
2014-12-30,5.2968339920043945
2015-01-02,5.1040544509887695
2015-01-05,4.8011155128479
2015-01-06,4.612009048461914
2015-01-07,4.679940700531006
2015-01-08,4.736856937408447
2015-01-09,4.589976787567139
2015-01-12,4.303562641143799
2015-01-13,4.553256511688232
2015-01-14,4.604665279388428
2015-01-15,4.843343257904053
2015-01-16,4.760724067687988
2015-01-19,4.516537666320801
2015-01-20,4.718496799468994
2015-01-21,4.738691806793213
2015-01-22,4.986550331115723
2015-01-23,5.01225471496582
2015-01-26,4.984714508056641
2015-01-27,4.865375518798828
2015-01-28,4.735020637512207
2015-01-29,4.78092098236084
2015-01-30,4.503684997558594
2015-02-02,4.595484733581543
2015-02-03,4.698300361633301
2015-02-04,4.668924808502197
2015-02-05,4.834163665771484
2015-02-06,4.635876655578613
2015-02-09,4.755216598510742
2015-02-10,4.837835311889648
2015-02-11,4.86904764175415
2015-02-12,5.1224141120910645
2015-02-13,5.109562397003174
2015-02-18,5.140774250030518
2015-02-19,5.06733512878418
2015-02-20,5.1040544509887695
2015-02-23,4.984714508056641
2015-02-24,5.048974990844727
2015-02-25,5.021435260772705
2015-02-26,5.15546178817749
2015-02-27,5.1940178871154785
2015-03-02,5.1426100730896
2015-03-03,5.087530136108398
2015-03-04,4.97002649307251
2015-03-05,4.947995185852051
2015-03-06,4.898423194885254
2015-03-09,4.847015857696533
2015-03-10,4.843343257904053
2015-03-11,4.887407302856445
2015-03-12,4.841507911682129
2015-03-13,4.698300361633301
2015-03-16,4.742364883422852
2015-03-17,4.863539695739746
2015-03-18,5.140774250030518
2015-03-19,5.026943683624268
2015-03-20,5.126086235046387
2015-03-23,5.1224141120910645
2015-03-24,5.149954319000244
2015-03-25,5.344570159912109
2015-03-26,5.236245632171631
2015-03-27,5.01225471496582
2015-03-30,5.087530136108398
2015-03-31,5.120578289031982
2015-04-01,5.3207011222839355
2015-04-02,5.324373245239258
2015-04-06,5.285818099975586
2015-04-07,5.381288528442383
2015-04-08,5.427188873291016
2015-04-09,5.3500776290893555
2015-04-10,5.397813320159912
2015-04-13,5.43453311920166
2015-04-14,5.361093997955322
2015-04-15,5.47125244140625
2015-04-16,5.3739447593688965
2015-04-17,5.306013584136963
2015-04-20,5.2821455001831055
2015-04-22,5.478597164154053
2015-04-23,5.515317440032959
2015-04-24,5.408828258514404
2015-04-27,5.3188652992248535
2015-04-28,5.403320789337158
2015-04-29,5.306013584136963
2015-04-30,5.416172981262207
2015-05-04,5.382403373718262
2015-05-05,5.167181968688965
2015-05-06,5.27850341796875
2015-05-07,5.10781192779541
2015-05-08,5.146772384643555
2015-05-11,4.968658924102783
2015-05-12,5.028029441833496
2015-05-13,5.092967987060547
2015-05-14,5.15048360824585
2015-05-15,5.141206741333008
2015-05-18,5.130074977874756
2015-05-19,5.074413776397705
2015-05-20,5.167181968688965
2015-05-21,5.202434062957764
2015-05-22,5.167181968688965
2015-05-25,5.120798110961914
2015-05-26,4.966802597045898
2015-05-27,4.979791164398193
2015-05-28,4.812808513641357
2015-05-29,4.668089866638184
2015-06-01,4.660668849945068
2015-06-02,4.797964572906494
2015-06-03,4.8462042808532715
2015-06-05,4.777556419372559
2015-06-08,4.790543079376221
2015-06-09,4.872178554534912
2015-06-10,4.953815460205078
2015-06-11,4.953815460205078
2015-06-12,4.898154258728027
2015-06-15,4.784977436065674
2015-06-16,4.666234016418457
2015-06-17,4.675512313842773
2015-06-18,4.823940277099609
2015-06-19,4.708907604217529
2015-06-22,4.790543079376221
2015-06-23,4.879600524902344
2015-06-24,4.855480670928955
2015-06-25,4.790543079376221
2015-06-26,4.823940277099609
2015-06-29,4.681077003479004
2015-06-30,4.666234016418457
2015-07-01,4.606862545013428
2015-07-02,4.471421241760254
2015-07-03,4.413904666900635
2015-07-06,4.267331600189209
2015-07-07,4.232080936431885
2015-07-08,4.2079596519470215
2015-07-10,4.34525728225708
2015-07-13,4.374942302703857
2015-07-14,4.425037384033203
2015-07-15,4.289595603942871
2015-07-16,4.220948219299316
2015-07-17,4.128180027008057
2015-07-20,4.044688701629639
2015-07-21,3.944498300552368
2015-07-22,3.9352221488952637
2015-07-23,3.842453718185425
2015-07-24,3.831321954727173
2015-07-27,3.8777060508728027
2015-07-28,3.831321954727173
2015-07-29,3.801635503768921
2015-07-30,3.8053460121154785
2015-07-31,3.859151601791382
2015-08-03,3.7830822467803955
2015-08-04,3.7571074962615967
2015-08-05,3.7125790119171143
2015-08-06,3.794214963912964
2015-08-07,3.7107231616973877
2015-08-10,3.7830822467803955
2015-08-11,3.831321954727173
2015-08-12,3.8034920692443848
2015-08-13,3.7478301525115967
2015-08-14,3.7478301525115967
2015-08-17,3.617954730987549
2015-08-18,3.5437405109405518
2015-08-19,3.495501756668091
2015-08-20,3.3359405994415283
2015-08-21,3.378612995147705
2015-08-24,3.3118205070495605
2015-08-25,3.3730475902557373
2015-08-26,3.482513904571533
2015-08-27,3.5827033519744873
2015-08-28,3.5437405109405518
2015-08-31,3.367481231689453
2015-09-01,3.2747132778167725
2015-09-02,3.283989906311035
2015-09-03,3.450972080230713
2015-09-04,3.5864133834838867
2015-09-08,3.6717610359191895
2015-09-09,3.497357130050659
2015-09-10,3.512199640274048
2015-09-11,3.5734267234802246
2015-09-14,3.739814043045044
2015-09-15,3.650906562805176
2015-09-16,3.785215139389038
2015-09-17,3.7984561920166016
2015-09-18,3.694415330886841
2015-09-21,3.6490156650543213
2015-09-22,3.6811726093292236
2015-09-23,3.535515069961548
2015-09-24,3.556323289871216
2015-09-25,3.6149652004241943
2015-09-28,3.5809152126312256
2015-09-29,3.5941572189331055
2015-09-30,3.8079144954681396
2015-10-01,3.868448257446289
2015-10-02,4.034914016723633
2015-10-05,4.014105796813965
2015-10-06,4.20894718170166
2015-10-07,4.381087779998779
2015-10-08,4.265696048736572
2015-10-09,4.426488399505615
2015-10-13,4.246779918670654
2015-10-14,4.265696048736572
2015-10-15,4.199488639831543
2015-10-16,4.2675886154174805
2015-10-19,4.312987327575684
2015-10-20,4.41892147064209
2015-10-21,4.3583879470825195
2015-10-22,4.52485466003418
2015-10-23,4.479454517364502
2015-10-26,4.4529709815979
2015-10-27,4.4851298332214355
2015-10-28,4.511612415313721
2015-10-29,4.435945510864258
2015-10-30,4.674295425415039
2015-11-03,4.808603286743164
2015-11-04,4.776445388793945
2015-11-05,4.891836166381836
2015-11-06,4.7953619956970215
2015-11-09,4.729153633117676
2015-11-10,4.801036834716797
2015-11-11,4.871028423309326
2015-11-12,5.012902736663818
2015-11-13,4.880486488342285
2015-11-16,4.842653274536133
2015-11-17,4.842653274536133
2015-11-18,4.846436977386475
2015-11-19,4.918320178985596
2015-11-23,4.93156099319458
2015-11-24,4.956152439117432
2015-11-25,4.748070240020752
2015-11-26,4.8067121505737305
2015-11-27,4.759420394897461
2015-11-30,4.55890417098999
2015-12-01,4.681861877441406
2015-12-02,4.689428806304932
2015-12-03,4.808603286743164
2015-12-04,4.7102370262146
2015-12-07,4.748070240020752
2015-12-08,4.615653991699219
2015-12-09,4.848328113555908
2015-12-10,4.791578769683838
2015-12-11,4.729153633117676
2015-12-14,4.72158670425415
2015-12-15,4.719695091247559
2015-12-16,4.738611698150635
2015-12-17,4.784012317657471
2015-12-18,4.6213297843933105
2015-12-21,4.615653991699219
2015-12-22,4.653487205505371
2015-12-23,4.68753719329834
2015-12-28,4.787795543670654
2015-12-29,4.808603286743164
2015-12-30,4.7669878005981445
2016-01-04,4.5399885177612305
2016-01-05,4.562687397003174
2016-01-06,4.47567081451416
2016-01-07,4.426488399505615
2016-01-08,4.426488399505615
2016-01-11,4.434054374694824
2016-01-12,4.197597026824951
2016-01-13,4.350821495056152
2016-01-14,4.373520851135254
2016-01-15,4.312987327575684
2016-01-18,4.203271865844727
2016-01-19,4.180572509765625
2016-01-20,4.2789387702941895
2016-01-21,4.275155544281006
2016-01-22,4.435945510864258
2016-01-26,4.445404052734375
2016-01-27,4.5399885177612305
2016-01-28,4.649703502655029
2016-01-29,4.755637168884277
2016-02-01,4.749961853027344
2016-02-02,4.653487205505371
2016-02-03,4.5362043380737305
2016-02-04,4.551337242126465
2016-02-05,4.422704219818115
2016-02-10,4.460537433624268
2016-02-11,4.331905364990234
2016-02-12,4.454862594604492
2016-02-15,4.598628997802734
2016-02-16,4.636462211608887
2016-02-17,4.615653991699219
2016-02-18,4.615653991699219
2016-02-19,4.674518585205078
2016-02-22,4.840073585510254
2016-02-23,4.892662048339844
2016-02-24,5.050426959991455
2016-02-25,5.069904327392578
2016-02-26,5.071852684020996
2016-02-29,5.210139751434326
2016-03-01,5.3367414474487305
2016-03-02,5.381538391113281
2016-03-03,5.480871677398682
2016-03-04,5.554884910583496
2016-03-07,5.486716270446777
2016-03-08,5.4769768714904785
2016-03-09,5.519826412200928
2016-03-10,5.597734451293945
2016-03-11,5.5996832847595215
2016-03-14,5.615263938903809
2016-03-15,5.5529375076293945
2016-03-16,5.591890811920166
2016-03-17,5.9015793800354
2016-03-18,5.923004150390625
2016-03-21,5.969748497009277
2016-03-22,6.1236186027526855
2016-03-23,6.135304927825928
2016-03-24,6.037918567657471
2016-03-28,6.158677101135254
2016-03-29,6.189840793609619
2016-03-30,6.182049751281738
2016-03-31,6.113879203796387
2016-04-01,6.203474521636963
2016-04-04,5.718493461608887
2016-04-05,5.739917755126953
2016-04-06,5.665904998779297
2016-04-07,5.7652387619018555
2016-04-08,5.864572525024414
2016-04-11,5.804192543029785
2016-04-12,5.893787860870361
2016-04-13,6.09440279006958
2016-04-14,6.096350193023682
2016-04-15,6.189840793609619
2016-04-18,6.174259185791016
2016-04-19,6.359292030334473
2016-04-20,6.300860404968262
2016-04-22,6.273592948913574
2016-04-25,6.072977542877197
2016-04-26,5.9639058113098145
2016-04-27,6.34955358505249
2016-04-28,6.25216817855835
2016-04-29,6.201527118682861
2016-05-02,6.1236186027526855
2016-05-03,6.071030139923096
2016-05-04,6.150886535644531
2016-05-05,6.0905070304870605
2016-05-06,6.158677101135254
2016-05-09,6.053501129150391
2016-05-10,6.1489386558532715
2016-05-11,6.271644592285156
2016-05-12,6.520952224731445
2016-05-13,6.6748223304748535
2016-05-16,6.793087482452393
2016-05-17,7.011898994445801
2016-05-18,6.8467936515808105
2016-05-19,6.669756889343262
2016-05-20,6.723465442657471
2016-05-23,6.723465442657471
2016-05-24,6.655832767486572
2016-05-25,6.681692600250244
2016-05-27,6.564329147338867
2016-05-30,6.540460109710693
2016-05-31,6.530514717102051
2016-06-01,6.622016429901123
2016-06-02,6.659811496734619
2016-06-03,6.685670852661133
2016-06-06,6.763249397277832
2016-06-07,6.731422424316406
2016-06-08,6.834859848022461
2016-06-09,6.727444171905518
2016-06-10,6.526535987854004
2016-06-13,6.572287559509277
2016-06-14,6.345519542694092
2016-06-15,6.399227142333984
2016-06-16,6.4051947593688965
2016-06-17,6.512611389160156
2016-06-20,6.63196325302124
2016-06-21,6.691638469696045
2016-06-22,6.504654407501221
2016-06-23,6.552394390106201
2016-06-24,6.315680980682373
2016-06-27,6.4589033126831055
2016-06-28,6.633950710296631
2016-06-29,6.574275970458984
2016-06-30,6.625995635986328
2016-07-01,6.701584339141846
2016-07-04,6.749325275421143
2016-07-05,6.705561637878418
2016-07-06,6.8209357261657715
2016-07-07,6.803032875061035
2016-07-08,6.862708568572998
2016-07-11,6.912439346313477
2016-07-12,6.884589672088623
2016-07-13,6.8428168296813965
2016-07-14,6.942276954650879
2016-07-15,6.727444171905518
2016-07-18,6.8308820724487305
2016-07-19,6.862708568572998
2016-07-20,6.892547607421875
2016-07-21,6.809000492095947
2016-07-22,6.783140182495117
2016-07-25,6.673735618591309
2016-07-26,6.803032875061035
2016-07-27,6.765237808227539
2016-07-28,6.791098594665527
2016-07-29,6.773194789886475
2016-08-01,6.709541320800781
2016-08-02,6.564329147338867
2016-08-03,6.49470853805542
2016-08-04,6.4151411056518555
2016-08-05,6.729433536529541
2016-08-08,6.663790702819824
2016-08-09,6.745346546173096
2016-08-10,6.793087482452393
2016-08-11,6.773194789886475
2016-08-12,6.775184154510498
2016-08-15,6.818946361541748
2016-08-16,6.9621686935424805
2016-08-17,7.186947822570801
2016-08-18,7.208829402923584
2016-08-19,7.125283241271973
2016-08-22,6.990017414093018
2016-08-23,7.009909629821777
2016-08-24,7.131250381469727
2016-08-25,7.182967662811279
2016-08-26,7.202860355377197
2016-08-29,7.280438423156738
2016-08-30,7.668331146240234
2016-08-31,7.483336448669434
2016-09-01,7.485326766967773
2016-09-02,7.56489372253418
2016-09-05,7.61064338684082
2016-09-06,7.539033889770508
2016-09-08,7.509195327758789
2016-09-09,7.310276508331299
2016-09-12,7.34409236907959
2016-09-13,7.137218475341797
2016-09-14,7.063615798950195
2016-09-15,7.175012111663818
2016-09-16,7.031789302825928
2016-09-19,7.095444202423096
2016-09-20,7.36995267868042
2016-09-21,7.499251365661621
2016-09-22,7.4475297927856445
2016-09-23,7.4097371101379395
2016-09-26,7.25656795501709
2016-09-27,7.300330638885498
2016-09-28,7.539033889770508
2016-09-29,7.4554877281188965
2016-09-30,7.50123929977417
2016-10-03,7.620590686798096
2016-10-04,7.5788164138793945
2016-10-05,7.893107891082764
2016-10-06,8.042299270629883
2016-10-07,8.036332130432129
2016-10-10,7.958752632141113
2016-10-11,8.038321495056152
2016-10-13,8.251163482666016
2016-10-14,8.245196342468262
2016-10-17,8.294926643371582
2016-10-18,8.708678245544434
2016-10-19,8.370514869689941
2016-10-20,8.45008373260498
2016-10-21,8.61916446685791
2016-10-24,8.491856575012207
2016-10-25,8.551532745361328
2016-10-26,8.201433181762695
2016-10-27,8.539595603942871
2016-10-28,8.477931022644043
2016-10-31,8.537607192993164
2016-11-01,8.296915054321289
2016-11-03,8.082083702087402
2016-11-04,8.08804988861084
2016-11-07,8.462019920349121
2016-11-08,8.603251457214355
2016-11-09,8.394386291503906
2016-11-10,8.096007347106934
2016-11-11,7.360005855560303
2016-11-14,7.558927059173584
2016-11-16,7.360005855560303
2016-11-17,7.0616278648376465
2016-11-18,7.350059986114502
2016-11-21,7.493282318115234
2016-11-22,7.568871021270752
2016-11-23,7.463444709777832
2016-11-24,7.543013572692871
2016-11-25,7.648438930511475
2016-11-28,7.658385753631592
2016-11-29,7.596720218658447
2016-11-30,7.853326797485352
2016-12-01,7.584783554077148
2016-12-02,7.596720218658447
2016-12-05,7.360005855560303
2016-12-06,7.759834289550781
2016-12-07,7.737953186035156
2016-12-08,7.618602275848389
2016-12-09,7.710104465484619
2016-12-12,7.594730854034424
2016-12-13,7.5352253913879395
2016-12-14,7.395270824432373
2016-12-15,7.551451206207275
2016-12-16,7.5352253913879395
2016-12-19,7.332393169403076
2016-12-20,7.372958660125732
2016-12-21,7.407440662384033
2016-12-22,7.529139995574951
2016-12-23,7.482487201690674
2016-12-26,7.403382778167725
2016-12-27,7.2431464195251465
2016-12-28,7.6589531898498535
2016-12-29,7.7380571365356445
2017-01-02,7.5352253913879395
2017-01-03,7.886125087738037
2017-01-04,7.890180587768555
2017-01-05,7.8759846687316895
2017-01-06,7.693434238433838
2017-01-09,7.8110761642456055
2017-01-10,7.622443199157715
2017-01-11,7.699518203735352
2017-01-12,7.8171610832214355
2017-01-13,7.833387851715088
2017-01-16,7.780651092529297
2017-01-17,8.06056022644043
2017-01-18,7.955087184906006
2017-01-19,8.028108596801758
2017-01-20,8.168061256408691
2017-01-23,8.178204536437988
2017-01-24,8.279619216918945
2017-01-26,8.269478797912598
2017-01-27,8.224854469299316
2017-01-30,8.135608673095703
2017-01-31,8.168061256408691
2017-02-01,8.239052772521973
2017-02-02,8.368865966796875
2017-02-03,8.650803565979004
2017-02-06,8.64065933227539
2017-02-07,8.55749797821045
2017-02-08,8.399290084838867
2017-02-09,8.421602249145508
2017-02-10,8.508819580078125
2017-02-13,8.44188404083252
2017-02-14,8.543303489685059
2017-02-15,8.63051986694336
2017-02-16,8.60009479522705
2017-02-17,8.64065933227539
2017-02-20,8.721795082092285
2017-02-21,8.804956436157227
2017-02-22,8.3648099899292
2017-02-23,8.257308006286621
2017-02-24,8.093013763427734
2017-03-01,7.910464286804199
2017-03-02,7.973343372344971
2017-03-03,7.790794372558594
2017-03-06,7.983483791351318
2017-03-07,7.740085601806641
2017-03-08,7.707632541656494
2017-03-09,7.849616050720215
2017-03-10,7.719801902770996
2017-03-13,7.910464286804199
2017-03-14,7.589988708496094
2017-03-15,7.809048652648926
2017-03-16,7.83135986328125
2017-03-17,7.677206039428711
2017-03-20,7.699518203735352
2017-03-21,7.395270824432373
2017-03-22,7.628527641296387
2017-03-23,7.466261386871338
2017-03-24,7.632584095001221
2017-03-27,7.6711225509643555
2017-03-28,7.91452169418335
2017-03-29,7.890180587768555
2017-03-30,7.770511150360107
2017-03-31,7.882067680358887
2017-04-03,7.890180587768555
2017-04-04,7.752255439758301
2017-04-05,7.70560359954834
2017-04-06,7.701547145843506
2017-04-07,7.849616050720215
2017-04-10,7.869898796081543
2017-04-11,7.807020664215088
2017-04-12,7.890180587768555
2017-04-13,7.748197555541992
2017-04-17,7.780651092529297
2017-04-18,7.646783351898193
2017-04-19,7.443950176239014
2017-04-20,7.34861946105957
2017-04-24,7.421639442443848
2017-04-25,7.504800319671631
2017-04-26,7.267485618591309
2017-04-27,7.24111795425415
2017-04-28,7.527111530303955
2017-05-02,7.648128509521484
2017-05-03,7.46920108795166
2017-05-04,7.209132194519043
2017-05-05,7.336045265197754
2017-05-08,7.5503435134887695
2017-05-09,7.695981979370117
2017-05-10,7.83329963684082
2017-05-11,7.712626934051514
2017-05-12,7.80833101272583
2017-05-15,7.906119346618652
2017-05-16,8.149544715881348
2017-05-17,8.02263069152832
2017-05-18,7.350610256195068
2017-05-19,7.446315288543701
2017-05-22,7.242420196533203
2017-05-23,7.413026809692383
2017-05-24,7.477523326873779
2017-05-25,7.55242395401001
2017-05-26,7.606518268585205
2017-05-29,7.606518268585205
2017-05-30,7.614839553833008
2017-05-31,7.496248722076416
2017-06-01,7.604436874389648
2017-06-02,7.4920878410339355
2017-06-05,7.184164524078369
2017-06-06,7.1571173667907715
2017-06-07,7.159198760986328
2017-06-08,6.922015190124512
2017-06-09,6.718120098114014
2017-06-12,6.595367431640625
2017-06-13,6.512144565582275
2017-06-14,6.595367431640625
2017-06-15,6.595367431640625
2017-06-16,6.47053337097168
2017-06-19,6.507983684539795
2017-06-20,6.3873114585876465
2017-06-21,6.297848224639893
2017-06-22,6.406036376953125
2017-06-23,6.616172790527344
2017-06-26,6.8034234046936035
2017-06-27,6.892887115478516
2017-06-28,7.028122425079346
2017-06-29,7.150874614715576
2017-06-30,7.194568157196045
2017-07-03,7.115506649017334
2017-07-04,7.159198760986328
2017-07-05,7.05517053604126
2017-07-06,7.011477947235107
2017-07-07,6.9074506759643555
2017-07-10,6.938658237457275
2017-07-11,6.96778678894043
2017-07-12,7.177923202514648
2017-07-13,7.354769706726074
2017-07-14,7.3859782218933105
2017-07-17,7.375576972961426
2017-07-18,7.365173816680908
2017-07-19,7.535778522491455
2017-07-20,7.448395252227783
2017-07-21,7.3859782218933105
2017-07-24,7.427590847015381
2017-07-25,7.481685161590576
2017-07-26,7.437992572784424
2017-07-27,7.494168281555176
2017-07-28,7.415106773376465
2017-07-31,7.510811805725098
2017-08-01,7.352689743041992
2017-08-02,7.427590847015381
2017-08-03,7.306918144226074
2017-08-04,7.50040864944458
2017-08-07,7.737592697143555
2017-08-08,7.604436874389648
2017-08-09,7.529536724090576
2017-08-10,7.52121639251709
2017-08-11,7.490006446838379
2017-08-14,7.668935775756836
2017-08-15,7.791687488555908
2017-08-16,7.76255989074707
2017-08-17,7.687659740447998
2017-08-18,7.83329963684082
2017-08-21,7.737592697143555
2017-08-22,7.802089691162109
2017-08-23,7.839541435241699
2017-08-24,7.937326908111572
2017-08-25,7.999743461608887
2017-08-28,8.053839683532715
2017-08-29,8.047597885131836
2017-08-30,7.978937149047852
2017-08-31,8.028870582580566
2017-09-01,8.10377311706543
2017-09-04,8.164108276367188
2017-09-05,8.145380973815918
2017-09-06,8.11417293548584
2017-09-07,8.11417293548584
2017-09-08,8.049675941467285
2017-09-11,8.08504581451416
2017-09-12,8.087124824523926
2017-09-13,8.15994644165039
2017-09-14,8.072562217712402
2017-09-15,8.18907356262207
2017-09-18,8.037193298339844
2017-09-19,8.028870582580566
2017-09-20,8.11417293548584
2017-09-21,8.09544849395752
2017-09-22,7.86450719833374
2017-09-25,7.866587162017822
2017-09-26,7.852024555206299
2017-09-27,7.600275993347168
2017-09-28,7.490006446838379
2017-09-29,7.531617164611816
2017-10-02,7.64188814163208
2017-10-03,7.8624267578125
2017-10-04,8.005983352661133
2017-10-05,7.943568229675293
2017-10-06,7.8790717124938965
2017-10-09,7.791687488555908
2017-10-10,7.978937149047852
2017-10-11,7.958132743835449
2017-10-12,7.958132743835449
2017-10-13,8.201557159423828
2017-10-16,8.093368530273438
2017-10-17,7.9602131843566895
2017-10-18,7.9976630210876465
2017-10-19,7.935245513916016
2017-10-20,8.010146141052246
2017-10-23,7.933165550231934
2017-10-24,7.945648670196533
2017-10-25,7.906119346618652
2017-10-26,7.87699031829834
2017-10-27,7.929005146026611
2017-10-30,7.677256107330322
2017-10-31,7.781285762786865
2017-11-01,7.698062419891357
2017-11-02,7.698062419891357
2017-11-03,7.708464622497559
2017-11-06,7.741755485534668
2017-11-07,7.517053604125977
2017-11-08,7.698062419891357
2017-11-09,7.72302770614624
2017-11-10,7.544101715087891
2017-11-13,7.589873313903809
2017-11-14,7.304837226867676
2017-11-15,7.304837226867676
2017-11-16,7.381817817687988
2017-11-17,7.512892723083496
2017-11-20,7.512892723083496
2017-11-21,7.594034671783447
2017-11-22,7.64188814163208
2017-11-23,7.698062419891357
2017-11-24,7.5961151123046875
2017-11-27,7.627323150634766
2017-11-28,7.6314849853515625
2017-11-29,7.604436874389648
2017-11-30,7.45463752746582
2017-12-01,7.421348571777344
2017-12-04,7.527457237243652
2017-12-05,7.3859782218933105
2017-12-06,7.338125705718994
2017-12-07,7.3838982582092285
2017-12-08,7.229937553405762
2017-12-11,7.327723503112793
2017-12-12,7.50040864944458
2017-12-13,7.889472961425781
2017-12-14,7.90819787979126
2017-12-15,8.11417293548584
2017-12-18,8.064239501953125
2017-12-19,8.132899284362793
2017-12-20,8.320148468017578
2017-12-21,8.494914054870605
2017-12-22,8.530285835266113
2017-12-25,8.530285835266113
2017-12-26,8.565654754638672
2017-12-27,8.571897506713867
2017-12-28,8.634312629699707
2017-12-29,8.634312629699707
2018-01-02,8.852771759033203
2018-01-03,8.852771759033203
2018-01-04,8.831965446472168
2018-01-05,8.923511505126953
2018-01-08,8.846529960632324
2018-01-09,8.603105545043945
2018-01-10,8.43665885925293
2018-01-11,8.521963119506836
2018-01-12,8.675925254821777
2018-01-15,8.67176342010498
2018-01-16,8.480350494384766
2018-01-17,8.738340377807617
2018-01-18,8.842369079589844
2018-01-19,8.815321922302246
2018-01-22,8.721695899963379
2018-01-23,8.861093521118164
2018-01-24,9.196063041687012
2018-01-25,9.196063041687012
2018-01-26,9.410361289978027
2018-01-29,9.4977445602417
2018-01-30,9.233514785766602
2018-01-31,9.079551696777344
2018-02-01,9.15445327758789
2018-02-02,9.156533241271973
2018-02-05,9.081634521484375
2018-02-06,9.248077392578125
2018-02-07,9.229352951049805
2018-02-08,9.012974739074707
2018-02-09,9.033780097961426
2018-02-14,8.956798553466797
2018-02-15,9.031699180603027
2018-02-16,8.925590515136719
2018-02-19,9.289690017700195
2018-02-20,9.689155578613281
2018-02-21,9.945063591003418
2018-02-22,9.795266151428223
2018-02-23,9.56640338897705
2018-02-26,9.59136962890625
2018-02-27,9.262640953063965
2018-02-28,9.0233793258667
2018-03-01,9.214788436889648
2018-03-02,9.216870307922363
2018-03-05,9.131567001342773
2018-03-06,9.218950271606445
2018-03-07,9.18358039855957
2018-03-08,9.060827255249023
2018-03-09,9.391637802124023
2018-03-12,9.31673526763916
2018-03-13,9.008813858032227
2018-03-14,9.002572059631348
2018-03-15,8.896463394165039
2018-03-16,9.094115257263184
2018-03-19,8.859015464782715
2018-03-20,8.759146690368652
2018-03-21,8.898544311523438
2018-03-22,8.74874496459961
2018-03-23,8.732101440429688
2018-03-26,8.840288162231445
2018-03-27,8.653038024902344
2018-03-28,8.48867416381836
2018-03-29,8.636393547058105
2018-04-02,8.455384254455566
2018-04-03,8.447062492370605
2018-04-04,8.384645462036133
2018-04-05,8.295183181762695
2018-04-06,8.234847068786621
2018-04-09,8.072562217712402
2018-04-10,8.09544849395752
2018-04-11,8.417935371398926
2018-04-12,8.413774490356445
2018-04-13,8.207798957824707
2018-04-16,7.991422653198242
2018-04-17,8.174510955810547
2018-04-18,8.047597885131836
2018-04-19,7.906119346618652
2018-04-20,7.916520595550537
2018-04-23,7.86450719833374
2018-04-24,8.228605270385742
2018-04-25,8.186993598937988
2018-04-26,8.388808250427246
2018-04-27,8.384645462036133
2018-04-30,8.276457786560059
2018-05-02,8.263976097106934
2018-05-03,8.023968696594238
2018-05-04,7.874148368835449
2018-05-07,7.820641994476318
2018-05-08,7.908392906188965
2018-05-09,8.111720085144043
2018-05-10,8.04751205444336
2018-05-11,8.366415023803711
2018-05-14,8.475570678710938
2018-05-15,8.636092185974121
2018-05-16,8.552621841430664
2018-05-17,8.625391006469727
2018-05-18,8.561182022094727
2018-05-21,8.556900978088379
2018-05-22,8.633953094482422
2018-05-23,8.76023006439209
2018-05-24,8.597567558288574
2018-05-25,8.479851722717285
2018-05-28,8.021827697753906
2018-05-29,8.205892562866211
2018-05-30,8.30434799194336
2018-06-01,8.229437828063965
2018-06-04,8.24013900756836
2018-06-05,8.195192337036133
2018-06-06,8.171648979187012
2018-06-07,7.852745056152344
2018-06-08,7.662257671356201
2018-06-11,7.769273281097412
2018-06-12,7.623733043670654
2018-06-13,7.632293224334717
2018-06-14,7.469631671905518
2018-06-15,7.407563209533691
2018-06-18,7.484614849090576
2018-06-19,7.520998954772949
2018-06-20,7.4953155517578125
2018-06-21,7.491034507751465
2018-06-22,7.574505805969238
2018-06-25,7.62587308883667
2018-06-26,7.672958850860596
2018-06-27,7.525279521942139
2018-06-28,7.529560089111328
2018-06-29,7.529560089111328
2018-07-02,7.446089267730713
2018-07-03,7.5424017906188965
2018-07-04,7.613030910491943
2018-07-05,7.580926418304443
2018-07-06,7.750010013580322
2018-07-10,7.927656173706055
2018-07-11,7.824921131134033
2018-07-12,8.141685485839844
2018-07-13,8.188770294189453
2018-07-16,7.953339099884033
2018-07-17,8.06677532196045
2018-07-18,8.24013900756836
2018-07-19,8.116000175476074
2018-07-20,8.454167366027832
2018-07-23,8.135263442993164
2018-07-24,8.27866268157959
2018-07-25,8.396379470825195
2018-07-26,8.261541366577148
2018-07-27,8.30434799194336
2018-07-30,8.379257202148438
2018-07-31,7.891268730163574
2018-08-01,7.908392906188965
2018-08-02,8.237997055053711
2018-08-03,8.488412857055664
2018-08-06,8.297926902770996
2018-08-07,8.47771167755127
2018-08-08,8.454167366027832
2018-08-09,8.233717918395996
2018-08-10,7.876287460327148
2018-08-13,7.812078952789307
2018-08-14,8.036810874938965
2018-08-15,7.996144771575928
2018-08-16,7.953339099884033
2018-08-17,7.722187042236328
2018-08-20,7.726466178894043
2018-08-21,7.533840656280518
2018-08-22,7.919093132019043
2018-08-23,7.833482265472412
2018-08-24,7.711485862731934
2018-08-27,7.906251907348633
2018-08-28,7.66011905670166
2018-08-29,7.882708549499512
2018-08-30,7.5316996574401855
2018-08-31,7.44822883605957
2018-09-03,7.4953155517578125
2018-09-04,7.473911762237549
2018-09-05,7.311249732971191
2018-09-06,7.366897106170654
2018-09-10,7.334793567657471
2018-09-11,7.161429405212402
2018-09-12,7.249180793762207
2018-09-13,7.095080375671387
2018-09-14,7.155008316040039
2018-09-17,7.131465435028076
2018-09-18,7.073677062988281
2018-09-19,7.105781078338623
2018-09-20,7.088658809661865
2018-09-21,7.075817108154297
2018-09-24,7.0308709144592285
2018-09-25,7.041572570800781
2018-09-26,7.058694839477539
2018-09-27,6.938838005065918
2018-09-28,6.936697959899902
2018-10-01,6.795438289642334
2018-10-02,6.9773640632629395
2018-10-03,7.112202167510986
2018-10-04,7.137884616851807
2018-10-05,7.458930015563965
2018-10-08,7.655837059020996
2018-10-09,7.493175506591797
2018-10-10,7.416125297546387
2018-10-11,7.326231479644775
2018-10-15,7.180691719055176
2018-10-16,7.422544956207275
2018-10-17,7.565945148468018
2018-10-18,7.672958850860596
2018-10-19,8.026108741760254
2018-10-22,7.949059009552002
2018-10-23,8.04751205444336
2018-10-24,7.24704122543335
2018-10-25,7.039432525634766
2018-10-26,7.206374645233154
2018-10-29,6.960241317749023
2018-10-30,6.955960750579834
2018-10-31,6.902453422546387
2018-11-01,6.988065719604492
2018-11-05,7.7885355949401855
2018-11-06,7.790676593780518
2018-11-07,7.473911762237549
2018-11-08,7.180691719055176
2018-11-09,7.343355178833008
2018-11-12,7.1721296310424805
2018-11-13,6.970943450927734
2018-11-14,7.152866840362549
2018-11-16,7.364757537841797
2018-11-19,7.206374645233154
2018-11-21,7.204235553741455
2018-11-22,7.155008316040039
2018-11-23,7.084378719329834
2018-11-26,6.831823825836182
2018-11-27,6.960241317749023
2018-11-28,6.95382022857666
2018-11-29,7.251322269439697
2018-11-30,7.375458717346191
2018-12-03,7.540262699127197
2018-12-04,7.422544956207275
2018-12-05,7.202095031738281
2018-12-06,7.208515644073486
2018-12-07,7.339073657989502
2018-12-10,7.1721296310424805
2018-12-11,7.080098628997803
2018-12-12,7.095080375671387
2018-12-13,7.152866840362549
2018-12-14,7.13360595703125
2018-12-17,7.013748645782471
2018-12-18,7.105781078338623
2018-12-19,7.020169734954834
2018-12-20,6.853226661682129
2018-12-21,6.9152960777282715
2018-12-26,6.981644153594971
2018-12-27,6.955960750579834
2018-12-28,7.161429405212402
2019-01-02,7.64085578918457
2019-01-03,7.756430625915527
2019-01-04,7.711485862731934
2019-01-07,7.598049163818359
2019-01-08,7.681520938873291
2019-01-09,8.308627128601074
2019-01-10,8.505535125732422
2019-01-11,8.336451530456543
2019-01-14,8.389959335327148
2019-01-15,8.47771167755127
2019-01-16,8.892927169799805
2019-01-17,9.027767181396484
2019-01-18,9.027767181396484
2019-01-21,8.755949020385742
2019-01-22,8.747387886047363
2019-01-23,9.10695743560791
2019-01-24,9.297444343566895
2019-01-28,9.314567565917969
2019-01-29,9.464387893676758
2019-01-30,9.62062931060791
2019-01-31,9.500772476196289
2019-02-01,9.492210388183594
2019-02-04,9.524314880371094
2019-02-05,9.631330490112305
2019-02-06,9.265339851379395
2019-02-07,9.181869506835938
2019-02-08,9.228954315185547
2019-02-11,9.177587509155273
2019-02-12,9.104817390441895
2019-02-13,9.102678298950195
2019-02-14,9.139063835144043
2019-02-15,9.181869506835938
2019-02-18,9.032048225402832
2019-02-19,9.314567565917969
2019-02-20,9.573541641235352
2019-02-21,9.477230072021484
2019-02-22,9.648452758789062
2019-02-25,9.438703536987305
2019-02-26,9.663435935974121
2019-02-27,9.524314880371094
2019-02-28,9.353092193603516
2019-03-01,9.130500793457031
2019-03-06,8.865104675292969
2019-03-07,8.867244720458984
2019-03-08,9.002083778381348
2019-03-11,9.391616821289062
2019-03-12,9.383055686950684
2019-03-13,9.4173002243042
2019-03-14,9.353092193603516
2019-03-15,9.477230072021484
2019-03-18,9.631330490112305
2019-03-19,9.800414085388184
2019-03-20,9.830377578735352
2019-03-21,9.939533233642578
2019-03-22,9.671996116638184
2019-03-25,9.306005477905273
2019-03-26,9.36379337310791
2019-03-27,9.019206047058105
2019-03-28,9.021346092224121
2019-03-29,9.128362655639648
2019-04-01,9.333829879760742
2019-04-02,9.209692001342773
2019-04-03,9.440845489501953
2019-04-04,9.404458045959473
2019-04-05,9.845359802246094
2019-04-08,9.905287742614746
2019-04-09,9.631330490112305
2019-04-10,9.909568786621094
2019-04-11,9.631330490112305
2019-04-12,9.425863265991211
2019-04-15,9.624909400939941
2019-04-16,9.834657669067383
2019-04-17,9.599225997924805
2019-04-18,9.930973052978516
2019-04-22,9.952375411987305
2019-04-23,10.127878189086914
2019-04-24,9.973776817321777
2019-04-25,9.836797714233398
2019-04-26,9.753327369689941
2019-04-29,9.89244556427002
2019-04-30,10.031564712524414
2019-05-02,10.003742218017578
2019-05-03,9.883402824401855
2019-05-06,9.811229705810547
2019-05-07,9.74561595916748
2019-05-08,9.900899887084961
2019-05-09,9.677817344665527
2019-05-10,9.789358139038086
2019-05-13,9.730307579040527
2019-05-14,9.666882514953613
2019-05-15,9.579398155212402
2019-05-16,9.535656929016113
2019-05-17,9.244776725769043
2019-05-20,9.699687957763672
2019-05-21,9.896525382995605
2019-05-22,10.032122611999512
2019-05-23,10.027750968933105
2019-05-24,9.73249340057373
2019-05-27,9.857157707214355
2019-05-28,10.049620628356934
2019-05-29,10.148039817810059
2019-05-30,10.215838432312012
2019-05-31,10.309883117675781
2019-06-03,10.386431694030762
2019-06-04,10.557023048400879
2019-06-05,10.268328666687012
2019-06-06,10.44766902923584
2019-06-07,10.349249839782715
2019-06-10,10.281450271606445
2019-06-11,10.716679573059082
2019-06-12,10.535151481628418
2019-06-13,10.629195213317871
2019-06-14,10.34050178527832
2019-06-17,10.082427024841309
2019-06-18,10.213651657104492
2019-06-19,10.213651657104492
2019-06-21,10.108671188354492
2019-06-24,10.156787872314453
2019-06-25,9.8790283203125
2019-06-26,10.148039817810059
2019-06-27,10.104297637939453
2019-06-28,10.093362808227539
2019-07-01,10.432358741760254
2019-07-02,10.294572830200195
2019-07-03,10.425798416137695
2019-07-04,10.600764274597168
2019-07-05,10.67074966430664
2019-07-08,10.68387222290039
2019-07-10,11.125662803649902
2019-07-11,10.902579307556152
2019-07-12,10.863214492797852
2019-07-15,11.057863235473633
2019-07-16,10.889458656311035
2019-07-17,10.847902297973633
2019-07-18,10.996624946594238
2019-07-19,10.826032638549805
2019-07-22,10.957257270812988
2019-07-23,10.843531608581543
2019-07-24,11.051301956176758
2019-07-25,10.91132926940918
2019-07-26,10.928825378417969
2019-07-29,10.782291412353516
2019-07-30,11.171591758728027
2019-07-31,11.127849578857422
2019-08-01,11.27875804901123
2019-08-02,11.178153038024902
2019-08-05,10.821659088134766
2019-08-06,10.823846817016602
2019-08-07,11.219707489013672
2019-08-08,11.552144050598145
2019-08-09,11.663684844970703
2019-08-12,11.396860122680664
2019-08-13,11.241579055786133
2019-08-14,10.629195213317871
2019-08-15,10.616073608398438
2019-08-16,10.845717430114746
2019-08-19,10.847902297973633
2019-08-20,10.659815788269043
2019-08-21,10.804162979125977
2019-08-22,10.749485969543457
2019-08-23,10.495784759521484
2019-08-26,10.399553298950195
2019-08-27,10.320818901062012
2019-08-28,10.716679573059082
2019-08-29,10.847902297973633
2019-08-30,10.93320083618164
2019-09-02,10.867586135864258
2019-09-03,10.836967468261719
2019-09-04,11.079733848571777
2019-09-05,11.204397201538086
2019-09-06,11.309377670288086
2019-09-09,11.477782249450684
2019-09-10,11.55870246887207
2019-09-11,11.753355026245117
2019-09-12,11.987372398376465
2019-09-13,11.93050765991211
2019-09-16,11.934881210327148
2019-09-17,11.783973693847656
2019-09-18,11.707425117492676
2019-09-19,11.810216903686523
2019-09-20,11.84958553314209
2019-09-23,11.549955368041992
2019-09-24,11.68774127960205
2019-09-25,11.867080688476562
2019-09-26,12.024552345275879
2019-09-27,11.707425117492676
2019-09-30,11.635251998901367
2019-10-01,11.724922180175781
2019-10-02,11.525897026062012
2019-10-03,11.613380432128906
2019-10-04,11.724922180175781
2019-10-07,11.261262893676758
2019-10-08,11.508400917053223
2019-10-09,11.770851135253906
2019-10-10,11.921758651733398
2019-10-11,12.177647590637207
2019-10-14,12.278252601623535
2019-10-15,12.356986999511719
2019-10-16,12.586630821228027
2019-10-17,12.40073013305664
2019-10-18,12.416038513183594
2019-10-21,12.488210678100586
2019-10-22,12.612874984741211
2019-10-23,12.531953811645508
2019-10-24,12.3810453414917
2019-10-25,12.514456748962402
2019-10-28,12.494772911071777
2019-10-29,12.40073013305664
2019-10-30,12.857828140258789
2019-10-31,12.639121055603027
2019-11-01,12.870949745178223
2019-11-04,13.122465133666992
2019-11-05,13.013111114501953
2019-11-06,12.919065475463867
2019-11-07,13.091845512390137
2019-11-08,12.991240501403809
2019-11-11,13.25150203704834
2019-11-12,12.597564697265625
2019-11-13,12.903756141662598
2019-11-14,13.297430992126465
2019-11-18,13.494267463684082
2019-11-19,13.19901180267334
2019-11-21,13.540196418762207
2019-11-22,13.758903503417969
2019-11-25,13.669233322143555
2019-11-26,13.463648796081543
2019-11-27,13.465835571289062
2019-11-28,13.627679824829102
2019-11-29,13.58174991607666
2019-12-02,14.106649398803711
2019-12-03,13.887941360473633
2019-12-04,14.237874984741211
2019-12-05,14.358162879943848
2019-12-06,14.552812576293945
2019-12-09,14.404092788696289
2019-12-10,14.509069442749023
2019-12-11,14.983667373657227
2019-12-12,15.079895973205566
2019-12-13,15.156447410583496
2019-12-16,15.163008689880371
2019-12-17,14.959610939025879
2019-12-18,15.117081642150879
2019-12-19,14.953049659729004
2019-12-20,15.22424602508545
2019-12-23,15.134572982788086
2019-12-26,15.1061429977417
2019-12-27,15.316102981567383
2019-12-30,15.215497970581055
2020-01-02,15.683533668518066
2020-01-03,15.987536430358887
2020-01-06,15.893491744995117
2020-01-07,16.17999839782715
2020-01-08,15.913177490234375
2020-01-09,15.742584228515625
2020-01-10,15.976600646972656
2020-01-13,16.385583877563477
2020-01-14,16.908294677734375
2020-01-15,16.630537033081055
2020-01-16,16.884239196777344
2020-01-17,17.059202194213867
2020-01-20,17.400386810302734
2020-01-21,17.074514389038086
2020-01-22,17.5819149017334
2020-01-23,17.65190315246582
2020-01-24,17.62128257751465
2020-01-27,17.236356735229492
2020-01-28,17.573165893554688
2020-01-29,17.494430541992188
2020-01-30,17.645339965820312
2020-01-31,17.431005477905273
2020-02-03,17.98652458190918
2020-02-04,17.802812576293945
2020-02-05,17.99964714050293
2020-02-06,17.706579208374023
2020-02-07,17.25604248046875
2020-02-10,17.25604248046875
2020-02-11,18.30583953857422
2020-02-12,18.415191650390625
2020-02-13,18.211793899536133
2020-02-14,18.087127685546875
2020-02-17,17.72844886779785
2020-02-18,17.396013259887695
2020-02-19,17.737197875976562
2020-02-20,17.468185424804688
2020-02-21,17.409135818481445
2020-02-26,16.4840030670166
2020-02-27,15.786323547363281
2020-02-28,16.002845764160156
2020-03-02,16.52336883544922
2020-03-03,16.61522674560547
2020-03-04,16.853618621826172
2020-03-05,15.744770050048828
2020-03-06,15.16956901550293
2020-03-09,13.77858829498291
2020-03-10,14.712468147277832
2020-03-11,13.013111114501953
2020-03-12,10.613886833190918
2020-03-13,12.127345085144043
2020-03-16,10.769170761108398
2020-03-17,11.38373851776123
2020-03-18,10.060556411743164
2020-03-19,10.301135063171387
2020-03-20,11.044740676879883
2020-03-23,10.710118293762207
2020-03-24,11.569639205932617
2020-03-25,12.466341018676758
2020-03-26,13.441779136657715
2020-03-27,12.168899536132812
2020-03-30,12.15577507019043
2020-03-31,11.757726669311523
2020-04-01,10.9135160446167
2020-04-02,10.871960639953613
2020-04-03,10.519842147827148
2020-04-06,11.178153038024902
2020-04-07,11.482156753540039
2020-04-08,11.659310340881348
2020-04-09,11.27875804901123
2020-04-13,11.722733497619629
2020-04-14,11.810216903686523
2020-04-15,12.19295597076416
2020-04-16,12.40073013305664
2020-04-17,11.700862884521484
2020-04-20,12.3548002243042
2020-04-22,12.958433151245117
2020-04-23,12.971556663513184
2020-04-24,12.278252601623535
2020-04-27,12.930002212524414
2020-04-28,13.559879302978516
2020-04-29,13.524887084960938
2020-04-30,13.19682502746582
2020-05-04,13.019672393798828
2020-05-05,13.393661499023438
2020-05-06,13.19901180267334
2020-05-07,12.761595726013184
2020-05-08,13.623305320739746
2020-05-11,13.299617767333984
2020-05-12,13.006550788879395
2020-05-13,12.910318374633789
2020-05-14,12.919065475463867
2020-05-15,12.630372047424316
2020-05-18,13.365230560302734
2020-05-19,13.669233322143555
2020-05-20,13.868258476257324
2020-05-21,14.338479042053223
2020-05-22,13.776400566101074
2020-05-25,13.942618370056152
2020-05-26,13.971051216125488
2020-05-27,14.493760108947754
2020-05-28,14.25537109375
2020-05-29,14.401905059814453
2020-06-01,14.935552597045898
2020-06-02,15.287670135498047
2020-06-03,15.709778785705566
2020-06-04,15.508244514465332
2020-06-05,15.46133804321289
2020-06-08,15.479208946228027
2020-06-09,15.307217597961426
2020-06-10,14.797945022583008
2020-06-12,14.688495635986328
2020-06-15,14.925263404846191
2020-06-16,15.12182331085205
2020-06-17,15.595355987548828
2020-06-18,15.992947578430176
2020-06-19,15.756182670593262
2020-06-22,15.700338363647461
2020-06-23,15.358591079711914
2020-06-24,15.365290641784668
2020-06-25,15.671302795410156
2020-06-26,15.342957496643066
2020-06-29,15.67576789855957
2020-06-30,15.841060638427734
2020-07-01,16.738988876342773
2020-07-02,16.535724639892578
2020-07-03,16.89087677001953
2020-07-06,17.149980545043945
2020-07-07,16.417341232299805
2020-07-08,16.805999755859375
2020-07-09,16.473182678222656
2020-07-10,16.618371963500977
2020-07-13,16.345863342285156
2020-07-14,16.642942428588867
2020-07-15,17.288467407226562
2020-07-16,17.3621768951416
2020-07-17,18.255638122558594
2020-07-20,18.930198669433594
2020-07-21,18.68003273010254
2020-07-22,18.76714515686035
2020-07-23,18.53037452697754
2020-07-24,18.414226531982422
2020-07-27,18.5393123626709
2020-07-28,18.46113395690918
2020-07-29,18.773845672607422
2020-07-30,19.67847442626953
2020-07-31,20.19221305847168
2020-08-03,19.658369064331055
2020-08-04,19.240676879882812
2020-08-05,19.636035919189453
2020-08-06,19.624866485595703
2020-08-07,19.455106735229492
2020-08-10,19.428306579589844
2020-08-11,18.762676239013672
2020-08-12,18.650991439819336
2020-08-13,18.550477981567383
2020-08-14,18.494640350341797
2020-08-17,18.215431213378906
2020-08-18,19.024011611938477
2020-08-19,18.53037452697754
2020-08-20,18.720237731933594
2020-08-21,18.619722366333008
2020-08-24,19.073152542114258
2020-08-25,18.905630111694336
2020-08-26,18.50580406188965
2020-08-27,18.521442413330078
2020-08-28,19.198240280151367
2020-08-31,18.595151901245117
2020-09-01,18.246702194213867
2020-09-02,17.670419692993164
2020-09-03,17.132108688354492
2020-09-04,17.170080184936523
2020-09-08,16.9802188873291
2020-09-09,17.491727828979492
2020-09-10,16.877471923828125
2020-09-11,16.587100982666016
2020-09-14,16.582632064819336
2020-09-15,16.910978317260742
2020-09-16,16.801530838012695
2020-09-17,16.888643264770508
2020-09-18,16.540193557739258
2020-09-21,16.386070251464844
2020-09-22,16.075593948364258
2020-09-23,15.403264045715332
2020-09-24,15.521646499633789
2020-09-25,15.255845069885254
2020-09-28,14.811345100402832
2020-09-29,14.710831642150879
2020-09-30,15.262545585632324
2020-10-01,15.709274291992188
2020-10-02,15.251376152038574
2020-10-05,15.342957496643066
2020-10-06,15.159797668457031
2020-10-07,15.177664756774902
2020-10-08,15.278180122375488
2020-10-09,14.795709609985352
2020-10-13,15.019076347351074
2020-10-14,15.41219711303711
2020-10-15,15.720440864562988
2020-10-16,15.318387031555176
2020-10-19,15.823188781738281
2020-10-20,15.695871353149414
2020-10-21,15.834357261657715
2020-10-22,15.700338363647461
2020-10-23,15.465806007385254
2020-10-26,15.244674682617188
2020-10-27,15.67353630065918
2020-10-28,15.166497230529785
2020-10-29,15.014608383178711
2020-10-30,14.516504287719727
2020-11-03,14.809113502502441
2020-11-04,14.918560981750488
2020-11-05,16.428510665893555
2020-11-06,16.285554885864258
2020-11-09,16.462011337280273
2020-11-10,17.036062240600586
2020-11-11,16.931079864501953
2020-11-12,16.716650009155273
2020-11-13,17.520769119262695
2020-11-16,17.853580474853516
2020-11-17,17.75753402709961
2020-11-18,17.701690673828125
2020-11-19,17.871450424194336
2020-11-23,18.93243408203125
2020-11-24,18.68450164794922
2020-11-25,18.867658615112305
2020-11-26,18.867658615112305
2020-11-27,18.360618591308594
2020-11-30,17.319738388061523
2020-12-01,17.14104652404785
2020-12-02,16.94001579284668
2020-12-03,16.971288681030273
2020-12-04,17.04276466369629
2020-12-07,16.0286865234375
2020-12-08,16.03091812133789
2020-12-09,15.635564804077148
2020-12-10,15.937105178833008
2020-12-11,15.901369094848633
2020-12-14,15.54175090789795
2020-12-15,16.497753143310547
2020-12-16,16.533491134643555
2020-12-17,17.29293441772461
2020-12-18,16.998092651367188
2020-12-21,16.486583709716797
2020-12-22,16.776958465576172
2020-12-23,16.5535945892334
2020-12-28,17.100839614868164
2020-12-29,17.199121475219727
2020-12-30,16.915447235107422
2021-01-04,17.6994571685791
2021-01-05,17.755300521850586
2021-01-06,17.712858200073242
2021-01-07,18.403059005737305
2021-01-08,18.37178611755371
2021-01-11,18.065776824951172
2021-01-12,18.521442413330078
2021-01-13,18.91903305053711
2021-01-14,18.852022171020508
2021-01-15,18.19086265563965
2021-01-18,18.365087509155273
2021-01-19,18.394123077392578
2021-01-20,18.04120635986328
2021-01-21,17.337608337402344
2021-01-22,17.199121475219727
2021-01-26,16.91991424560547
2021-01-27,17.199121475219727
2021-01-28,17.23262596130371
2021-01-29,16.765789031982422
2021-02-01,17.17231559753418
2021-02-02,17.552038192749023
2021-02-03,17.63468360900879
2021-02-04,17.853580474853516
2021-02-05,17.5877742767334
2021-02-08,19.095491409301758
2021-02-09,18.668865203857422
2021-02-10,18.751506805419922
2021-02-11,19.298755645751953
2021-02-12,19.564558029174805
2021-02-17,19.53105354309082
2021-02-18,19.365760803222656
2021-02-19,19.60923194885254
2021-02-22,18.31371307373047
2021-02-23,19.459575653076172
2021-02-24,19.258546829223633
2021-02-25,18.782779693603516
2021-02-26,18.181926727294922
2021-03-01,18.405292510986328
2021-03-02,18.40082550048828
2021-03-03,18.29137420654297
2021-03-04,19.879501342773438
2021-03-05,20.48929214477539
2021-03-08,20.25922393798828
2021-03-09,19.96661376953125
2021-03-10,20.02022361755371
2021-03-11,19.94428062438965
2021-03-12,19.901836395263672
2021-03-15,20.493755340576172
2021-03-16,19.82366371154785
2021-03-17,21.28447151184082
2021-03-18,20.772964477539062
2021-03-19,20.953886032104492
2021-03-22,20.618839263916016
2021-03-23,20.589805603027344
2021-03-24,20.30166244506836
2021-03-25,20.57193374633789
2021-03-26,20.28379249572754
2021-03-29,20.060428619384766
2021-03-30,20.670215606689453
2021-03-31,20.4200439453125
2021-04-01,20.739456176757812
2021-04-05,20.654582977294922
2021-04-06,20.341869354248047
2021-04-07,20.096168518066406
2021-04-08,20.024690628051758
2021-04-09,19.92194366455078
2021-04-12,20.102867126464844
2021-04-13,20.07383155822754
2021-04-14,20.138607025146484
2021-04-15,20.339635848999023
2021-04-16,20.28156089782715
2021-04-19,20.089466094970703
2021-04-20,20.68138313293457
2021-04-22,20.848907470703125
2021-04-23,20.330699920654297
2021-04-26,20.134140014648438
2021-04-27,20.084997177124023
2021-04-28,20.415578842163086
2021-04-29,20.4423828125
2021-04-30,20.116270065307617
2021-05-03,20.30389404296875
2021-05-04,19.723148345947266
2021-05-05,19.9174747467041
2021-05-06,19.470172882080078
2021-05-07,20.084829330444336
2021-05-10,19.759422302246094
2021-05-11,19.61479949951172
2021-05-12,19.30746841430664
2021-05-13,19.51536750793457
2021-05-14,20.193302154541016
2021-05-17,20.52774429321289
2021-05-18,20.274654388427734
2021-05-19,20.22945785522461
2021-05-20,20.21137809753418
2021-05-21,19.80461883544922
2021-05-24,20.35600471496582
2021-05-25,19.768463134765625
2021-05-26,19.840774536132812
2021-05-27,19.80461883544922
2021-05-28,19.81365966796875
2021-05-31,21.124326705932617
2021-06-01,21.72994613647461
2021-06-02,21.919763565063477
2021-06-04,22.23613166809082
2021-06-07,22.516342163085938
2021-06-08,22.543460845947266
2021-06-09,22.43498992919922
2021-06-10,23.058687210083008
2021-06-11,23.230432510375977
2021-06-14,22.95925521850586
2021-06-15,22.87790298461914
2021-06-16,22.480188369750977
2021-06-17,22.570575714111328
2021-06-18,22.145740509033203
2021-06-21,22.615772247314453
2021-06-22,22.823673248291016
2021-06-23,22.27228546142578
2021-06-24,22.769437789916992
2021-06-25,22.3536376953125
2021-06-28,21.919763565063477
2021-06-29,21.585317611694336
2021-06-30,21.657629013061523
2021-07-01,21.72994613647461
2021-07-02,22.08246612548828
2021-07-05,22.407875061035156
2021-07-06,22.03727149963379
2021-07-07,22.3445987701416
2021-07-08,22.281326293945312
2021-07-12,23.619108200073242
2021-07-13,23.8541259765625
2021-07-14,24.37839126586914
2021-07-15,24.31511878967285
2021-07-16,23.8631649017334
2021-07-19,23.628149032592773
2021-07-20,23.483522415161133
2021-07-21,23.827009201049805
2021-07-22,24.586294174194336
2021-07-23,24.40550994873047
2021-07-26,24.0349063873291
2021-07-27,23.78181266784668
2021-07-28,24.242807388305664
2021-07-29,23.908361434936523
2021-07-30,23.0948429107666
2021-08-02,23.275625228881836
2021-08-03,23.131000518798828
2021-08-04,22.190935134887695
2021-08-05,21.992076873779297
2021-08-06,21.874568939208984
2021-08-09,21.955921173095703
2021-08-10,21.96495819091797
2021-08-11,21.955921173095703
2021-08-12,21.64859390258789
2021-08-13,21.32318687438965
2021-08-16,20.853151321411133
2021-08-17,20.600059509277344
2021-08-18,20.157142639160156
2021-08-19,20.283689498901367
2021-08-20,20.365041732788086
2021-08-23,19.99444007873535
2021-08-24,20.31984519958496
2021-08-25,20.41927719116211
2021-08-26,20.030597686767578
2021-08-27,20.32888412475586
2021-08-30,20.066755294799805
2021-08-31,19.93116569519043
2021-09-01,20.40119743347168
2021-09-02,20.148107528686523
2021-09-03,20.003477096557617
2021-09-06,20.20233726501465
2021-09-08,19.61479949951172
2021-09-09,20.05771255493164
2021-09-10,19.750385284423828
2021-09-13,20.446393966674805
2021-09-14,21.24183464050293
2021-09-15,21.287029266357422
2021-09-16,21.377416610717773
2021-09-17,21.14240264892578
2021-09-20,20.80795669555664
2021-09-21,21.061052322387695
2021-09-22,21.115285873413086
2021-09-23,21.55820083618164
2021-09-24,21.55820083618164
2021-09-27,21.24183464050293
2021-09-28,20.636215209960938
2021-09-29,20.80795669555664
2021-09-30,20.771799087524414
2021-10-01,21.386457443237305
2021-10-04,21.124326705932617
2021-10-05,20.88930892944336
2021-10-06,20.735645294189453
2021-10-07,20.96162223815918
2021-10-08,21.124326705932617
2021-10-11,20.60909652709961
2021-10-13,21.25990867614746
2021-10-14,21.24183464050293
2021-10-15,21.01585578918457
2021-10-18,21.0248966217041
2021-10-19,20.383119583129883
2021-10-20,20.030597686767578
2021-10-21,19.244197845458984
2021-10-22,18.90974998474121
2021-10-25,19.58768081665039
2021-10-26,18.72896957397461
2021-10-27,18.57530403137207
2021-10-28,18.20470428466797
2021-10-29,17.888334274291992
2021-11-01,18.24989891052246
2021-11-03,18.58434295654297
2021-11-04,18.286056518554688
2021-11-05,18.783203125
2021-11-08,18.65665626525879
2021-11-09,19.00014305114746
2021-11-10,19.235157012939453
2021-11-11,19.759422302246094
2021-11-12,19.081493377685547
2021-11-16,18.79224395751953
2021-11-17,18.819358825683594
2021-11-18,18.954946517944336
2021-11-19,19.036298751831055
2021-11-22,18.674734115600586
2021-11-23,19.226118087768555
2021-11-24,19.17188262939453
2021-11-25,19.45209503173828
2021-11-26,19.25323486328125
2021-11-29,19.415937423706055
2021-11-30,19.208040237426758
2021-12-01,19.180923461914062
2021-12-02,19.831735610961914
2021-12-03,20.220417022705078
2021-12-06,19.786542892456055
2021-12-07,19.858854293823242
2021-12-08,20.075790405273438
2021-12-09,19.904050827026367
2021-12-10,20.120986938476562
2021-12-13,20.039634704589844
2021-12-14,20.066755294799805
2021-12-15,20.4847412109375
2021-12-16,20.539907455444336
2021-12-17,20.356019973754883
2021-12-20,19.923891067504883
2021-12-21,19.6204833984375
2021-12-22,19.675647735595703
2021-12-23,19.445791244506836
2021-12-27,19.68484115600586
2021-12-28,19.72161865234375
2021-12-29,19.730812072753906
2021-12-30,19.942279815673828
2022-01-03,19.464181900024414
2022-01-04,19.58370590209961
2022-01-05,18.609115600585938
2022-01-06,18.176990509033203
2022-01-07,18.21376609802246
2022-01-10,18.140213012695312
2022-01-11,18.903331756591797
2022-01-12,19.519344329833984
2022-01-13,19.353849411010742
2022-01-14,19.51015281677246
2022-01-17,19.381433486938477
2022-01-18,19.5929012298584
2022-01-19,20.199718475341797
2022-01-20,20.595069885253906
2022-01-21,20.208911895751953
2022-01-24,19.905502319335938
2022-01-25,20.190523147583008
2022-01-26,20.622655868530273
2022-01-27,21.47771644592285
2022-01-28,21.339801788330078
2022-01-31,21.85468101501465
2022-02-01,21.790321350097656
2022-02-02,21.725961685180664
2022-02-03,21.73515510559082
2022-02-04,21.431743621826172
2022-02-07,20.723791122436523
2022-02-08,20.383602142333984
2022-02-09,20.55829429626465
2022-02-10,20.521516799926758
2022-02-11,20.47554588317871
2022-02-14,20.47554588317871
2022-02-15,20.503128051757812
2022-02-16,21.073171615600586
2022-02-17,21.01800537109375
2022-02-18,20.00663948059082
2022-02-21,19.47337532043457
2022-02-22,18.86655616760254
2022-02-23,18.802196502685547
2022-02-24,18.85736083984375
2022-02-25,19.409015655517578
2022-03-02,20.052610397338867
2022-03-03,20.54909896850586
2022-03-04,20.51232147216797
2022-03-07,20.15374755859375
2022-03-08,20.2548828125
2022-03-09,20.797344207763672
2022-03-10,20.273271560668945
2022-03-11,19.804367065429688
2022-03-14,19.353849411010742
2022-03-15,19.2159366607666
2022-03-16,19.26190948486328
2022-03-17,20.18132972717285
2022-03-18,20.926063537597656
2022-03-21,20.824926376342773
2022-03-22,21.5236873626709
2022-03-23,21.799514770507812
2022-03-24,22.544246673583984
2022-03-25,22.571828842163086
2022-03-28,22.59941291809082
2022-03-29,22.250032424926758
2022-03-30,22.286808013916016
2022-03-31,21.744348526000977
2022-04-01,21.88226318359375
2022-04-04,21.679988861083984
2022-04-05,21.51449203491211
2022-04-06,21.41335678100586
2022-04-07,21.229473114013672
2022-04-08,21.41335678100586
2022-04-11,21.155920028686523
2022-04-12,21.459327697753906
2022-04-13,21.257055282592773
2022-04-14,21.30302619934082
2022-04-18,21.284635543823242
2022-04-19,20.852510452270508
2022-04-20,20.898479461669922
2022-04-22,20.383602142333984
2022-04-25,20.236495971679688
2022-04-26,19.905502319335938
2022-04-27,19.83194923400879
2022-04-28,19.62967872619629
2022-04-29,19.307878494262695
2022-05-02,18.627506256103516
2022-05-03,18.195377349853516
2022-05-04,18.370067596435547
2022-05-05,17.60694694519043
2022-05-06,17.15375518798828
2022-05-09,16.580080032348633
2022-05-10,16.78697967529297
2022-05-11,17.238393783569336
2022-05-12,17.44529151916504
2022-05-13,17.906112670898438
2022-05-16,17.7180233001709
2022-05-17,17.868494033813477
2022-05-18,17.210180282592773
2022-05-19,17.238393783569336
2022-05-20,17.511123657226562
2022-05-23,18.17884063720703
2022-05-24,18.498594284057617
2022-05-25,18.837154388427734
2022-05-26,19.984500885009766
2022-05-27,20.341869354248047
2022-05-30,20.266633987426758
2022-05-31,20.323060989379883
2022-06-01,20.464128494262695
2022-06-02,20.765071868896484
2022-06-03,20.125566482543945
2022-06-06,20.04092788696289
2022-06-07,19.33559226989746
2022-06-08,19.015838623046875
2022-06-09,18.837154388427734
2022-06-10,18.564424514770508
2022-06-13,17.868494033813477
2022-06-14,17.276012420654297
2022-06-15,17.64278793334961
2022-06-17,17.247798919677734
2022-06-20,17.313629150390625
2022-06-21,17.34184455871582
2022-06-22,17.388866424560547
2022-06-23,17.022092819213867
2022-06-24,17.29482078552246
2022-06-27,17.48291015625
2022-06-28,17.623977661132812
2022-06-29,17.464101791381836
2022-06-30,17.11613655090332
2022-07-01,16.81519317626953
2022-07-04,16.551868438720703
2022-07-05,16.260330200195312
2022-07-06,16.09105110168457
2022-07-07,16.533058166503906
2022-07-08,16.683530807495117
2022-07-11,16.382587432861328
2022-07-12,16.1192626953125
2022-07-13,15.771297454833984
2022-07-14,16.1192626953125
2022-07-15,16.203903198242188
2022-07-18,16.382587432861328
2022-07-19,16.429609298706055
2022-07-20,16.495441436767578
2022-07-21,16.71174430847168
2022-07-22,16.44841957092285
2022-07-25,16.63650894165039
2022-07-26,16.551868438720703
2022-07-27,17.285415649414062
2022-07-28,17.37005615234375
2022-07-29,17.55814552307129
2022-08-01,17.63338279724121
2022-08-02,17.89670753479004
2022-08-03,18.084796905517578
2022-08-04,19.006433486938477
2022-08-05,18.724300384521484
2022-08-08,18.874771118164062
2022-08-09,18.808940887451172
2022-08-10,19.758792877197266
2022-08-11,19.100479125976562
2022-08-12,19.787006378173828
2022-08-15,19.824623107910156
2022-08-16,19.749387741088867
2022-08-17,20.003311157226562
2022-08-18,19.984500885009766
2022-08-19,19.58951187133789
2022-08-22,19.241546630859375
2022-08-23,19.40142250061035
2022-08-24,19.617725372314453
2022-08-25,19.5330867767334
2022-08-26,19.100479125976562
2022-08-29,19.439041137695312
2022-08-30,18.950008392333984
2022-08-31,18.790132522583008
2022-09-01,18.498594284057617
2022-09-02,18.517404556274414
2022-09-05,18.395145416259766
2022-09-06,17.7086181640625
2022-09-08,17.464101791381836
2022-09-09,17.755640029907227
2022-09-12,18.028369903564453
2022-09-13,17.37005615234375
2022-09-14,17.576955795288086
2022-09-15,16.758766174316406
2022-09-16,16.834003448486328
2022-09-19,17.163158416748047
2022-09-20,17.37946128845215
2022-09-21,17.247798919677734
2022-09-22,18.00956153869629
2022-09-23,17.163158416748047
2022-09-26,16.655315399169922
2022-09-27,16.410802841186523
2022-09-28,16.19449806213379
2022-09-29,16.034622192382812
2022-09-30,16.344968795776367
2022-10-03,17.351247787475586
2022-10-04,17.181968688964844
2022-10-05,16.834003448486328
2022-10-06,17.15375518798828
2022-10-07,15.658443450927734
2022-10-10,14.482884407043457
2022-10-11,14.727400779724121
2022-10-13,15.07536792755127
2022-10-14,14.755614280700684
2022-10-17,15.207029342651367
2022-10-18,15.432735443115234
2022-10-19,15.479758262634277
2022-10-20,15.573802947998047
2022-10-21,16.081645965576172
2022-10-24,15.91236400604248
2022-10-25,15.376309394836426
2022-10-26,15.50797176361084
2022-10-27,15.48916244506836
2022-10-28,15.366905212402344
2022-10-31,15.855938911437988
2022-11-01,16.542463302612305
2022-11-03,17.01268768310547
2022-11-04,17.58635902404785
2022-11-07,16.87162208557129
2022-11-08,17.144350051879883
2022-11-09,16.87162208557129
2022-11-10,16.326162338256836
2022-11-11,17.022092819213867
2022-11-14,16.67412567138672
2022-11-16,16.04402732849121
2022-11-17,16.081645965576172
2022-11-18,16.034622192382812
2022-11-21,15.771297454833984
2022-11-22,15.818319320678711
2022-11-23,15.498567581176758
2022-11-24,16.081645965576172
2022-11-25,15.790105819702148
2022-11-28,15.968791007995605
2022-11-29,16.24152183532715
2022-11-30,16.956262588500977
2022-12-01,16.429609298706055
2022-12-02,16.5612735748291
2022-12-05,16.147476196289062
2022-12-06,16.062835693359375
2022-12-07,15.611421585083008
2022-12-08,15.50797176361084
2022-12-09,15.649038314819336
2022-12-12,15.442140579223633
2022-12-13,14.981321334838867
2022-12-14,14.953107833862305
2022-12-15,14.877872467041016
2022-12-16,14.765018463134766
2022-12-19,15.225838661193848
2022-12-20,15.714868545532227
2022-12-21,15.808914184570312
2022-12-22,15.696062088012695
2022-12-23,16.260330200195312
2022-12-26,15.771297454833984
2022-12-27,15.902960777282715
2022-12-28,16.260330200195312
2022-12-29,16.10045623779297
2023-01-02,15.291668891906738
2023-01-03,14.661569595336914
2023-01-04,14.765018463134766
2023-01-05,15.065962791442871
2023-01-06,15.592613220214844
2023-01-09,15.517376899719238
2023-01-10,16.034622192382812
2023-01-11,16.363779067993164
2023-01-12,16.63650894165039
2023-01-13,16.1192626953125
2023-01-16,15.686656951904297
2023-01-17,16.250926971435547
2023-01-18,16.288543701171875
2023-01-19,16.420204162597656
2023-01-20,15.686656951904297
2023-01-23,15.037747383117676
2023-01-24,15.639633178710938
2023-01-25,15.818319320678711
2023-01-26,15.82772445678711
2023-01-27,15.82772445678711
2023-01-30,15.413926124572754
2023-01-31,15.705467224121094
2023-02-01,15.50797176361084
2023-02-02,15.150603294372559
2023-02-03,14.953107833862305
2023-02-06,15.018939018249512
2023-02-07,15.056558609008789
2023-02-08,15.23524284362793
2023-02-09,14.652164459228516
2023-02-10,14.727400779724121
2023-02-13,14.765018463134766
2023-02-14,14.482884407043457
2023-02-15,14.774423599243164
2023-02-16,14.962512016296387
2023-02-17,14.633356094360352
2023-02-22,14.41705322265625
2023-02-23,14.304200172424316
2023-02-24,13.82457160949707
2023-02-27,14.078493118286133
2023-02-28,14.087896347045898
2023-03-01,13.918617248535156
2023-03-02,13.84338092803955
2023-03-03,13.862189292907715
2023-03-06,14.200750350952148
2023-03-07,14.313605308532715
2023-03-08,14.576929092407227
2023-03-09,14.54871654510498
2023-03-10,14.087896347045898
2023-03-13,13.608269691467285
2023-03-14,13.702313423156738
2023-03-15,13.486010551452637
2023-03-16,13.438987731933594
2023-03-17,13.335539817810059
2023-03-20,13.30732536315918
2023-03-21,13.006382942199707
2023-03-22,12.978169441223145
2023-03-23,12.827698707580566
2023-03-24,13.156854629516602
2023-03-27,13.373157501220703
2023-03-28,13.7305269241333
2023-03-29,14.181941032409668
2023-03-30,14.586334228515625
2023-03-31,14.191346168518066
2023-04-03,14.181941032409668
2023-04-04,14.097301483154297
2023-04-05,13.786953926086426
2023-04-06,13.84338092803955
2023-04-10,13.815166473388672
2023-04-11,14.699188232421875
2023-04-12,14.962512016296387
2023-04-13,14.830850601196289
2023-04-14,14.868468284606934
2023-04-17,14.840254783630371
2023-04-18,14.783827781677246
2023-04-19,14.454670906066895
2023-04-20,14.454670906066895
2023-04-24,14.586334228515625
2023-04-25,14.257176399230957
2023-04-26,13.758740425109863
2023-04-27,13.805763244628906
2023-04-28,14.087896347045898
2023-05-02,13.64588737487793
2023-05-03,13.55184268951416
2023-05-04,13.363752365112305
2023-05-05,13.880998611450195
2023-05-08,14.35122299194336
2023-05-09,14.699188232421875
2023-05-10,14.859064102172852
2023-05-11,15.413926124572754
2023-05-12,15.338690757751465
2023-05-15,15.244646072387695
2023-05-16,14.953107833862305
2023-05-17,15.319883346557617
2023-05-18,15.23524284362793
2023-05-19,15.369111061096191
2023-05-22,15.378771781921387
2023-05-23,15.26285171508789
2023-05-24,15.098630905151367
2023-05-25,15.05033016204834
2023-05-26,14.982710838317871
2023-05-29,14.808829307556152
2023-05-30,14.548008918762207
2023-05-31,14.4900484085083
2023-06-01,14.799169540405273
2023-06-02,15.968033790588379
2023-06-05,16.180553436279297
2023-06-06,16.54763412475586
2023-06-07,16.789134979248047
2023-06-09,17.049957275390625
2023-06-12,17.01131820678711
2023-06-13,16.8857364654541
2023-06-14,17.252819061279297
2023-06-15,17.09825897216797
2023-06-16,17.001657485961914
2023-06-19,17.204517364501953
2023-06-20,17.088598251342773
2023-06-21,17.39771842956543
2023-06-22,17.204517364501953
2023-06-23,17.426698684692383
2023-06-26,17.33009910583496
2023-06-27,17.049957275390625
2023-06-28,16.97267723083496
2023-06-29,17.194856643676758
2023-06-30,17.252819061279297
2023-07-03,17.755138397216797
2023-07-04,17.687519073486328
2023-07-05,17.95800018310547
2023-07-06,17.648880004882812
2023-07-07,18.315420150756836
2023-07-10,18.22848129272461
2023-07-11,18.32508087158203
2023-07-12,18.489301681518555
2023-07-13,19.136524200439453
2023-07-14,18.692163467407227
2023-07-17,18.866043090820312
2023-07-18,18.78876304626465
2023-07-19,18.663183212280273
2023-07-20,18.721141815185547
2023-07-21,19.049583435058594
2023-07-24,19.407005310058594
2023-07-25,19.793405532836914
2023-07-26,19.571226119995117
2023-07-27,19.06890296936035
2023-07-28,19.078563690185547
2023-07-31,19.26210594177246
2023-08-01,19.204143524169922
2023-08-02,19.26210594177246
2023-08-03,19.29108428955078
2023-08-04,19.0399227142334
2023-08-07,18.866043090820312
2023-08-08,18.740463256835938
2023-08-09,18.643861770629883
2023-08-10,18.692163467407227
2023-08-11,18.392702102661133
2023-08-14,18.247800827026367
2023-08-15,17.813100814819336
2023-08-16,17.60057830810547
2023-08-17,17.281797409057617
2023-08-18,17.39771842956543
2023-08-21,17.320438385009766
2023-08-22,17.61989974975586
2023-08-23,17.629558563232422
2023-08-24,17.39771842956543
2023-08-25,17.281797409057617
2023-08-28,17.349416732788086
2023-08-29,17.503978729248047
2023-08-30,17.58125877380371
2023-08-31,16.92437744140625
2023-09-01,17.31077766418457
2023-09-04,17.165878295898438
2023-09-05,17.1079158782959
2023-09-06,16.85675811767578
2023-09-08,16.731176376342773
2023-09-11,17.049957275390625
2023-09-12,17.233497619628906
2023-09-13,17.252819061279297
2023-09-14,17.80344009399414
2023-09-15,17.91935920715332
2023-09-18,17.900041580200195
2023-09-19,17.774459838867188
2023-09-20,17.880720138549805
2023-09-21,17.41703987121582
2023-09-22,17.35907745361328
2023-09-25,17.136898040771484
2023-09-26,16.692537307739258
2023-09-27,16.267494201660156
2023-09-28,16.315793991088867
2023-09-29,16.557294845581055
2023-10-02,15.881093978881836
2023-10-03,15.6009521484375
2023-10-04,15.736193656921387
2023-10-05,15.417411804199219
2023-10-06,15.311151504516602
2023-10-09,15.678232192993164
2023-10-10,16.07429313659668
2023-10-11,16.064632415771484
2023-10-13,15.571972846984863
2023-10-16,15.417411804199219
2023-10-17,15.27251148223877
2023-10-18,14.99237060546875
2023-10-19,15.108290672302246
2023-10-20,14.982710838317871
2023-10-23,15.1372709274292
2023-10-24,15.629932403564453
2023-10-25,15.446391105651855
2023-10-26,15.784493446350098
2023-10-27,15.45605182647705
2023-10-30,15.117950439453125
2023-10-31,15.214550971984863
2023-11-01,16.04531478881836
2023-11-03,16.586275100708008
2023-11-06,16.682876586914062
2023-11-07,17.175539016723633
2023-11-08,16.943696975708008
2023-11-09,16.769817352294922
2023-11-10,17.136898040771484
2023-11-13,17.21417808532715
2023-11-14,17.31077766418457
2023-11-16,17.648880004882812
2023-11-17,17.33009910583496
2023-11-20,17.687519073486328
2023-11-21,17.388057708740234
2023-11-22,17.436357498168945
2023-11-23,17.474998474121094
2023-11-24,17.33009910583496
2023-11-27,16.963016510009766
2023-11-28,17.04029655456543
2023-11-29,16.895397186279297
2023-11-30,17.146556854248047
2023-12-01,17.175539016723633
2023-12-04,17.088598251342773
2023-12-05,16.54763412475586
2023-12-06,16.508995056152344
2023-12-07,16.373756408691406
2023-12-08,16.92437744140625
2023-12-11,16.70219612121582
2023-12-12,16.56695556640625
2023-12-13,17.494319915771484
2023-12-14,17.986980438232422
2023-12-15,17.793779373168945
2023-12-18,18.035280227661133
2023-12-19,18.1028995513916
2023-12-20,18.044940948486328
2023-12-21,18.354061126708984
2023-12-22,18.5376033782959
2023-12-26,18.595561981201172
2023-12-27,18.875703811645508
2023-12-28,18.701824188232422
2024-01-02,18.56658172607422
2024-01-03,18.643861770629883
2024-01-04,18.392702102661133
2024-01-05,18.5376033782959
2024-01-08,18.85638427734375
2024-01-09,18.76944351196289
2024-01-10,18.56658172607422
2024-01-11,18.56658172607422
2024-01-12,18.85638427734375
2024-01-15,18.88536262512207
2024-01-16,17.726160049438477
2024-01-17,17.494319915771484
2024-01-18,17.21417808532715
2024-01-19,17.474998474121094
2024-01-22,17.4653377532959
2024-01-23,17.91935920715332
2024-01-24,17.813100814819336
2024-01-25,17.83241844177246
2024-01-26,17.93868064880371
2024-01-29,17.629558563232422
2024-01-30,17.639219284057617
2024-01-31,17.648880004882812
2024-02-01,17.929019927978516
2024-02-02,17.339759826660156
2024-02-05,17.474998474121094
2024-02-06,17.91935920715332
2024-02-07,17.948339462280273
2024-02-08,17.8227596282959
2024-02-09,17.880720138549805
2024-02-14,17.610239028930664
2024-02-15,17.948339462280273
2024-02-16,18.29610252380371
2024-02-19,18.170520782470703
2024-02-20,18.131881713867188
2024-02-21,17.91935920715332
2024-02-22,17.532958984375
2024-02-23,17.136898040771484
2024-02-26,17.33009910583496
2024-02-27,17.66819953918457
2024-02-28,16.92437744140625
2024-02-29,16.422054290771484
2024-03-01,16.219194412231445
2024-03-04,16.035654067993164
2024-03-05,15.794153213500977
2024-03-06,15.716873168945312
2024-03-07,15.581631660461426
2024-03-08,15.852112770080566
2024-03-11,15.948713302612305
2024-03-12,16.09361457824707
2024-03-13,16.151573181152344
2024-03-14,16.016334533691406
2024-03-15,15.861773490905762
2024-03-18,15.803813934326172
2024-03-19,15.9583740234375
2024-03-20,16.267494201660156
2024-03-21,16.122594833374023
2024-03-22,15.861773490905762
2024-03-25,15.649252891540527
2024-03-26,15.465712547302246
2024-03-27,15.668571472167969
2024-03-28,15.649252891540527
2024-04-01,15.204891204833984
2024-04-02,14.924750328063965
2024-04-03,15.040670394897461
2024-04-04,14.973050117492676
2024-04-05,14.750869750976562
2024-04-08,15.26285171508789
2024-04-09,15.407751083374023
2024-04-10,15.031010627746582
2024-04-11,14.499709129333496
2024-04-12,14.374128341674805
2024-04-15,13.910446166992188
2024-04-16,13.649625778198242
2024-04-17,13.910446166992188
2024-04-18,13.88146686553955
2024-04-19,13.929766654968262
2024-04-22,14.065007209777832
2024-04-23,13.929766654968262
2024-04-24,13.80418586730957
2024-04-25,13.871806144714355
2024-04-26,14.258208274841309
2024-04-29,14.180928230285645
2024-04-30,14.007046699523926
2024-05-02,13.958746910095215
2024-05-03,14.238887786865234
2024-05-06,13.746225357055664
2024-05-07,14.16160774230957
2024-05-08,14.258208274841309
2024-05-09,14.045686721801758
2024-05-10,13.794526100158691
2024-05-13,13.862146377563477
2024-05-14,13.920106887817383
2024-05-15,13.89112663269043
2024-05-16,14.016707420349121
2024-05-17,13.842825889587402
2024-05-20,13.726905822753906
2024-05-21,13.89112663269043
2024-05-22,13.591665267944336
2024-05-23,13.446764945983887
2024-05-24,13.514385223388672
2024-05-27,13.591665267944336
2024-05-28,13.408124923706055
2024-05-29,13.369484901428223
2024-05-31,13.156964302062988
2024-06-03,13.147303581237793
2024-06-04,12.896143913269043
2024-06-05,12.828522682189941
2024-06-06,13.050000190734863
2024-06-07,12.720000267028809
2024-06-10,12.739999771118164
2024-06-11,12.829999923706055
2024-06-12,12.3100004196167
2024-06-13,12.460000038146973
2024-06-14,12.670000076293945
2024-06-17,12.479999542236328
2024-06-18,12.489999771118164
2024-06-19,12.770000457763672
2024-06-20,12.680000305175781
2024-06-21,12.890000343322754
2024-06-24,13.199999809265137
2024-06-25,13.180000305175781
2024-06-26,13.390000343322754
2024-06-27,13.770000457763672
2024-06-28,13.539999961853027
2024-07-01,13.59000015258789
2024-07-02,13.470000267028809
2024-07-03,13.899999618530273
2024-07-04,14.140000343322754
2024-07-05,14.100000381469727
2024-07-08,13.970000267028809
2024-07-09,14.079999923706055
2024-07-10,14.029999732971191
2024-07-11,14.300000190734863
2024-07-12,14.279999732971191
2024-07-15,14.3100004196167
2024-07-16,14.329999923706055
2024-07-17,14.300000190734863
2024-07-18,13.880000114440918
2024-07-19,14.029999732971191
2024-07-22,14.050000190734863
2024-07-23,13.6899995803833
2024-07-24,13.569999694824219
2024-07-25,13.550000190734863
2024-07-26,13.699999809265137
2024-07-29,13.4399995803833
2024-07-30,13.380000114440918
2024-07-31,13.369999885559082
2024-08-01,13.069999694824219
2024-08-02,13.0
2024-08-05,12.800000190734863
2024-08-06,13.0
2024-08-07,13.1899995803833
2024-08-08,13.300000190734863
2024-08-09,13.609999656677246
2024-08-12,13.479999542236328
2024-08-13,13.710000038146973
2024-08-14,13.510000228881836
2024-08-15,13.6899995803833
2024-08-16,13.430000305175781
2024-08-19,13.9399995803833
2024-08-20,13.869999885559082
2024-08-21,13.930000305175781
2024-08-22,13.6899995803833
2024-08-23,13.970000267028809
2024-08-26,14.039999961853027
2024-08-27,13.960000038146973
2024-08-28,13.65999984741211
2024-08-29,13.4399995803833
2024-08-30,13.359999656677246
2024-09-02,13.109999656677246
2024-09-03,13.119999885559082
2024-09-04,13.399999618530273
2024-09-05,13.420000076293945
2024-09-06,12.890000343322754
2024-09-09,12.760000228881836
2024-09-10,12.489999771118164
2024-09-11,12.970000267028809
2024-09-12,12.84000015258789
2024-09-13,13.039999961853027
2024-09-16,13.130000114440918
2024-09-17,13.399999618530273
2024-09-18,13.100000381469727
2024-09-19,12.989999771118164
2024-09-20,12.5600004196167
2024-09-23,12.25
2024-09-24,12.720000267028809
2024-09-25,12.5
2024-09-26,12.960000038146973
2024-09-27,13.149999618530273
2024-09-30,13.079999923706055
2024-10-01,13.3100004196167
2024-10-02,13.529999732971191
2024-10-03,13.09000015258789
2024-10-04,13.25
2024-10-07,13.050000190734863
2024-10-08,12.800000190734863
2024-10-09,12.4399995803833
2024-10-10,12.479999542236328
2024-10-11,12.100000381469727
2024-10-14,12.239999771118164
2024-10-15,12.119999885559082
2024-10-16,12.0600004196167
2024-10-17,11.890000343322754
2024-10-18,11.8100004196167
2024-10-21,11.729999542236328
2024-10-22,11.6899995803833
2024-10-23,11.729999542236328
2024-10-24,11.819999694824219
2024-10-25,11.75
2024-10-28,12.069999694824219
2024-10-29,12.09000015258789
2024-10-30,12.029999732971191
2024-10-31,11.819999694824219
2024-11-01,11.5
2024-11-04,12.079999923706055
2024-11-05,12.069999694824219
2024-11-06,12.130000114440918
2024-11-07,12.050000190734863
2024-11-08,11.670000076293945
2024-11-11,11.630000114440918
2024-11-12,11.359999656677246
2024-11-13,11.430000305175781
2024-11-14,11.300000190734863
2024-11-18,11.050000190734863
2024-11-19,11.0
2024-11-21,10.489999771118164
2024-11-22,11.130000114440918
2024-11-25,11.239999771118164
2024-11-26,11.010000228881836
2024-11-27,10.75
2024-11-28,9.670000076293945
2024-11-29,10.1899995803833
2024-12-02,9.989999771118164
2024-12-03,9.9399995803833
2024-12-04,9.720000267028809
2024-12-05,9.819999694824219
2024-12-06,9.399999618530273
2024-12-09,9.359999656677246
2024-12-10,9.609999656677246
2024-12-11,9.739999771118164
2024-12-12,9.260000228881836
2024-12-13,8.90999984741211
2024-12-16,8.6899995803833
2024-12-17,8.819999694824219
2024-12-18,8.350000381469727
2024-12-19,8.289999961853027
2024-12-20,8.520000457763672
2024-12-23,8.539999961853027
2024-12-26,8.359999656677246
2024-12-27,8.15999984741211
2024-12-30,8.15999984741211
2025-01-02,8.020000457763672
2025-01-03,8.050000190734863
2025-01-06,8.289999961853027
2025-01-07,8.380000114440918
2025-01-08,8.199999809265137
2025-01-09,8.210000038146973
2025-01-10,8.109999656677246
2025-01-13,8.210000038146973
2025-01-14,8.229999542236328
2025-01-15,8.579999923706055
2025-01-16,8.630000114440918
2025-01-17,8.199999809265137
2025-01-20,7.639999866485596
2025-01-21,7.75
2025-01-22,7.730000019073486
2025-01-23,7.570000171661377
2025-01-24,7.559999942779541
2025-01-27,7.829999923706055
2025-01-28,7.619999885559082
2025-01-29,7.480000019073486
2025-01-30,8.029999732971191
2025-01-31,7.739999771118164
2025-02-03,7.800000190734863
2025-02-04,7.679999828338623
2025-02-05,7.510000228881836
2025-02-06,7.650000095367432
2025-02-07,7.179999828338623
2025-02-10,7.449999809265137
2025-02-11,7.550000190734863
2025-02-12,7.309999942779541
2025-02-13,7.21999979019165
2025-02-14,7.579999923706055
2025-02-17,7.78000020980835
2025-02-18,7.769999980926514
2025-02-19,7.409999847412109
2025-02-20,7.46999979019165
2025-02-21,7.289999961853027
2025-02-24,6.960000038146973
2025-02-25,7.119999885559082
2025-02-26,7.0
2025-02-27,7.239999771118164
2025-02-28,7.090000152587891
2025-03-05,7.110000133514404
2025-03-06,7.059999942779541
2025-03-07,7.269999980926514
2025-03-10,7.090000152587891
2025-03-11,6.980000019073486
2025-03-12,6.909999847412109
2025-03-13,7.139999866485596
2025-03-14,7.46999979019165
2025-03-17,7.800000190734863
2025-03-18,7.690000057220459
2025-03-19,7.909999847412109
2025-03-20,7.800000190734863
2025-03-21,7.760000228881836
2025-03-24,7.590000152587891
2025-03-25,7.650000095367432
2025-03-26,7.710000038146973
2025-03-27,7.760000228881836
2025-03-28,7.630000114440918
2025-03-31,7.389999866485596
2025-04-01,7.369999885559082
2025-04-02,7.489999771118164
2025-04-03,7.789999961853027
2025-04-04,7.239999771118164
2025-04-07,7.010000228881836
2025-04-08,6.590000152587891
2025-04-09,6.840000152587891
2025-04-10,6.940000057220459
2025-04-11,7.039999961853027
2025-04-14,7.25
2025-04-15,7.050000190734863
2025-04-16,7.0
2025-04-17,7.170000076293945
2025-04-22,7.260000228881836
2025-04-23,7.510000228881836
2025-04-24,7.809999942779541
2025-04-25,7.710000038146973
2025-04-28,7.71999979019165
2025-04-29,7.730000019073486
2025-04-30,7.769999980926514
2025-05-02,8.010000228881836
2025-05-05,7.75
2025-05-06,7.730000019073486
2025-05-07,7.650000095367432
2025-05-08,7.989999771118164
2025-05-09,7.809999942779541
2025-05-12,7.78000020980835
2025-05-13,7.96999979019165
2025-05-14,7.800000190734863
2025-05-15,7.71999979019165
2025-05-16,7.570000171661377
2025-05-19,7.570000171661377
2025-05-20,7.579999923706055
2025-05-21,7.679999828338623
2025-05-22,7.739999771118164
2025-05-23,8.020000457763672
2025-05-26,8.050000190734863
2025-05-27,8.149999618530273
2025-05-28,8.229999542236328
2025-05-29,8.399999618530273
2025-05-30,8.229999542236328
2025-06-02,8.050000190734863
2025-06-03,8.539999961853027
2025-06-04,8.3100004196167
2025-06-05,8.039999961853027
2025-06-06,8.0600004196167
2025-06-09,8.010000228881836
2025-06-10,8.260000228881836
2025-06-11,8.25
2025-06-12,8.239999771118164
2025-06-13,8.119999885559082
2025-06-16,8.4399995803833
2025-06-17,8.119999885559082
2025-06-18,8.0
2025-06-20,7.28000020980835
2025-06-23,6.940000057220459
2025-06-24,7.110000133514404
2025-06-25,6.869999885559082
2025-06-26,6.909999847412109
2025-06-27,6.739999771118164
2025-06-30,6.860000133514404
2025-07-01,7.070000171661377
2025-07-02,6.929999828338623
2025-07-03,7.070000171661377
2025-07-04,7.139999866485596
2025-07-07,6.900000095367432
2025-07-08,6.889999866485596
2025-07-09,6.610000133514404
2025-07-10,6.409999847412109
2025-07-11,6.380000114440918
2025-07-14,6.28000020980835
2025-07-15,6.380000114440918
2025-07-16,6.260000228881836
2025-07-17,6.190000057220459
2025-07-18,5.960000038146973
2025-07-21,5.829999923706055
2025-07-22,5.739999771118164
2025-07-23,5.869999885559082
2025-07-24,5.900000095367432
2025-07-25,6.019999980926514
2025-07-28,5.860000133514404
2025-07-29,5.809999942779541
2025-07-30,5.96999979019165
2025-07-31,5.929999828338623
2025-08-01,5.820000171661377
2025-08-04,5.800000190734863
2025-08-05,5.940000057220459
2025-08-06,5.809999942779541
2025-08-07,5.96999979019165
2025-08-08,5.800000190734863
2025-08-11,5.639999866485596
2025-08-12,5.849999904632568
2025-08-13,5.78000020980835
2025-08-14,5.400000095367432
2025-08-15,5.480000019073486
2025-08-18,5.769999980926514
2025-08-19,5.400000095367432
2025-08-20,5.320000171661377
2025-08-21,5.21999979019165
2025-08-22,5.460000038146973
2025-08-25,5.449999809265137
2025-08-26,5.409999847412109
2025-08-27,5.579999923706055
2025-08-28,5.71999979019165
2025-08-29,5.849999904632568
2025-09-01,6.050000190734863
2025-09-02,6.25
2025-09-03,6.75
2025-09-04,7.150000095367432
2025-09-05,7.300000190734863
2025-09-08,7.46999979019165
2025-09-09,7.210000038146973
2025-09-10,7.329999923706055
2025-09-11,7.380000114440918
2025-09-12,7.429999828338623
2025-09-15,7.559999942779541
2025-09-16,7.730000019073486
2025-09-17,8.0
2025-09-18,7.849999904632568
2025-09-19,7.5
2025-09-22,6.139999866485596
2025-09-23,6.340000152587891
2025-09-24,6.699999809265137
2025-09-25,6.230000019073486
2025-09-26,6.199999809265137
2025-09-29,6.28000020980835
2025-09-30,6.170000076293945
2025-10-01,6.159999847412109
2025-10-02,5.96999979019165
2025-10-03,6.099999904632568
2025-10-06,6.039999961853027
2025-10-07,5.809999942779541
2025-10-08,5.929999828338623
2025-10-09,5.889999866485596
2025-10-10,5.869999885559082
2025-10-13,5.869999885559082
2025-10-14,5.880000114440918
2025-10-15,5.96999979019165
2025-10-16,5.699999809265137
2025-10-17,5.869999885559082
2025-10-20,5.849999904632568
2025-10-21,6.010000228881836
2025-10-22,5.949999809265137
2025-10-23,6.159999847412109
2025-10-24,6.0
2025-10-27,6.119999885559082
2025-10-28,6.059999942779541
2025-10-29,6.079999923706055
2025-10-30,6.070000171661377
2025-10-31,6.150000095367432
2025-11-03,6.090000152587891
2025-11-04,5.900000095367432
2025-11-05,6.119999885559082
2025-11-06,6.079999923706055
2025-11-07,6.130000114440918
2025-11-10,6.170000076293945
2025-11-11,6.679999828338623
2025-11-12,6.409999847412109
2025-11-13,6.099999904632568
2025-11-14,6.190000057220459
2025-11-17,6.0
2025-11-18,5.949999809265137
2025-11-19,5.840000152587891
2025-11-21,5.849999904632568
2025-11-24,5.909999847412109
2025-11-25,5.869999885559082
2025-11-26,6.079999923706055
2025-11-27,6.110000133514404
2025-11-28,6.159999847412109
2025-12-01,6.150000095367432
2025-12-02,6.400000095367432
2025-12-03,6.5
2025-12-04,6.599999904632568
2025-12-05,6.090000152587891
2025-12-08,6.03000020980835
2025-12-09,5.889999866485596
2025-12-10,6.010000228881836
2025-12-11,5.960000038146973
2025-12-12,5.829999923706055
2025-12-15,5.900000095367432
2025-12-16,5.5
2025-12-17,5.309999942779541
2025-12-18,5.28000020980835
2025-12-19,5.269999980926514
2025-12-22,5.139999866485596
2025-12-23,5.28000020980835
2025-12-26,5.400000095367432
2025-12-29,5.300000190734863
2025-12-30,5.320000171661377
