date,close
2010-12-01,11.602734565734863
2010-12-02,11.77721118927002
2010-12-03,11.69433879852295
2010-12-06,11.956046104431152
2010-12-07,12.004029273986816
2010-12-08,11.833914756774902
2010-12-09,11.903706550598145
2010-12-10,11.986579895019531
2010-12-13,12.475122451782227
2010-12-14,12.344261169433594
2010-12-15,11.929877281188965
2010-12-16,11.912428855895996
2010-12-17,11.864447593688965
2010-12-20,11.602734565734863
2010-12-21,11.829553604125977
2010-12-22,11.746678352355957
2010-12-23,11.764123916625977
2010-12-27,11.663802146911621
2010-12-28,11.572202682495117
2010-12-29,11.624542236328125
2010-12-30,11.633269309997559
2011-01-03,11.908065795898438
2011-01-04,12.235212326049805
2011-01-05,12.540550231933594
2011-01-06,12.592894554138184
2011-01-07,12.671405792236328
2011-01-10,12.658318519592285
2011-01-11,12.88950252532959
2011-01-12,13.151217460632324
2011-01-13,12.95493221282959
2011-01-14,13.020360946655273
2011-01-17,12.880779266357422
2011-01-18,12.793540954589844
2011-01-19,12.55363655090332
2011-01-20,12.614701271057129
2011-01-21,12.505653381347656
2011-01-24,12.55363655090332
2011-01-26,12.575444221496582
2011-01-27,12.374795913696289
2011-01-28,12.09563159942627
2011-01-31,12.08254623413086
2011-02-01,12.418416023254395
2011-02-02,12.169784545898438
2011-02-03,12.518738746643066
2011-02-04,12.191595077514648
2011-02-07,12.230852127075195
2011-02-08,12.584168434143066
2011-02-09,11.908065795898438
2011-02-10,11.768487930297852
2011-02-11,11.794658660888672
2011-02-14,11.87317180633545
2011-02-15,11.894983291625977
2011-02-16,12.195956230163574
2011-02-17,11.95168685913086
2011-02-18,12.056374549865723
2011-02-21,11.799022674560547
2011-02-22,11.794658660888672
2011-02-23,11.737954139709473
2011-02-24,11.737954139709473
2011-02-25,11.559115409851074
2011-02-28,11.624542236328125
2011-03-01,11.450066566467285
2011-03-02,11.467516899108887
2011-03-03,11.689970970153809
2011-03-04,11.724870681762695
2011-03-09,11.724870681762695
2011-03-10,11.249419212341309
2011-03-11,11.253779411315918
2011-03-14,11.515494346618652
2011-03-15,11.559115409851074
2011-03-16,11.144730567932129
2011-03-17,11.136008262634277
2011-03-18,11.327930450439453
2011-03-21,11.26250171661377
2011-03-22,11.26250171661377
2011-03-23,11.26250171661377
2011-03-24,11.471874237060547
2011-03-25,11.471874237060547
2011-03-28,11.580924034118652
2011-03-29,11.71178150177002
2011-03-30,11.71178150177002
2011-03-31,11.637630462646484
2011-04-01,11.637630462646484
2011-04-04,11.812105178833008
2011-04-05,11.812105178833008
2011-04-06,11.79029655456543
2011-04-07,11.567838668823242
2011-04-08,11.332295417785645
2011-04-11,11.279953002929688
2011-04-12,11.083661079406738
2011-04-13,10.708538055419922
2011-04-14,10.551507949829102
2011-04-15,10.599489212036133
2011-04-18,10.512251853942871
2011-04-19,10.468632698059082
2011-04-20,10.7303466796875
2011-04-25,10.7303466796875
2011-04-26,10.75652027130127
2011-04-27,10.725985527038574
2011-04-28,10.643106460571289
2011-04-29,10.66927719116211
2011-05-02,10.56047534942627
2011-05-03,10.486852645874023
2011-05-04,10.56047534942627
2011-05-05,10.491453170776367
2011-05-06,10.50065803527832
2011-05-09,10.491453170776367
2011-05-10,10.491453170776367
2011-05-11,10.284387588500977
2011-05-12,10.422432899475098
2011-05-13,10.201559066772461
2011-05-16,10.201559066772461
2011-05-17,10.335001945495605
2011-05-18,10.307393074035645
2011-05-19,10.256779670715332
2011-05-20,10.123333930969238
2011-05-23,10.100324630737305
2011-05-24,10.210762977600098
2011-05-25,10.054309844970703
2011-05-26,10.123333930969238
2011-05-27,10.100324630737305
2011-05-30,10.022100448608398
2011-05-31,10.141738891601562
2011-06-01,9.939271926879883
2011-06-02,9.9852876663208
2011-06-03,9.902460098266602
2011-06-06,9.548144340515137
2011-06-07,9.488324165344238
2011-06-08,9.359480857849121
2011-06-09,9.115602493286133
2011-06-10,9.203030586242676
2011-06-13,9.023571968078613
2011-06-14,8.995962142944336
2011-06-15,8.926939010620117
2011-06-16,8.752079963684082
2011-06-17,8.761283874511719
2011-06-20,8.696863174438477
2011-06-21,8.673856735229492
2011-06-22,8.554217338562012
2011-06-24,8.535811424255371
2011-06-27,8.558818817138672
2011-06-28,8.687662124633789
2011-06-29,8.857917785644531
2011-06-30,8.830309867858887
2011-07-01,8.867118835449219
2011-07-04,8.995962142944336
2011-07-05,8.903931617736816
2011-07-06,8.788894653320312
2011-07-07,8.949946403503418
2011-07-08,8.742879867553711
2011-07-11,8.434577941894531
2011-07-12,8.236712455749512
2011-07-13,8.39316463470459
2011-07-14,8.140080451965332
2011-07-15,7.951418876647949
2011-07-18,7.799570083618164
2011-07-19,7.8961992263793945
2011-07-20,7.781160831451416
2011-07-21,7.9376139640808105
2011-07-22,7.822576522827148
2011-07-25,7.684531211853027
2011-07-26,7.500468730926514
2011-07-27,7.477463245391846
2011-07-28,7.49126672744751
2011-07-29,7.638516426086426
2011-08-01,7.270394325256348
2011-08-02,7.141551494598389
2011-08-03,7.1599578857421875
2011-08-04,6.580167770385742
2011-08-05,6.667596340179443
2011-08-08,5.8899383544921875
2011-08-09,6.304075717926025
2011-08-10,6.2120466232299805
2011-08-11,6.736617565155029
2011-08-12,6.902273178100586
2011-08-15,7.08633279800415
2011-08-16,6.842452526092529
2011-08-17,6.842452526092529
2011-08-18,6.649189472198486
2011-08-19,6.465128421783447
2011-08-22,6.386902809143066
2011-08-23,6.787235736846924
2011-08-24,6.856257438659668
2011-08-25,6.6721978187561035
2011-08-26,6.718212127685547
2011-08-29,7.0081071853637695
2011-08-30,7.1001386642456055
2011-08-31,7.270394325256348
2011-09-01,7.316408634185791
2011-09-02,7.02191162109375
2011-09-05,6.791836261749268
2011-09-06,7.155357360839844
2011-09-08,7.265792369842529
2011-09-09,7.003506660461426
2011-09-12,7.090935230255127
2011-09-13,7.044921398162842
2011-09-14,7.210573673248291
2011-09-15,7.247387886047363
2011-09-16,7.551086902618408
2011-09-19,7.712139129638672
2011-09-20,7.523477077484131
2011-09-21,7.4130401611328125
2011-09-22,6.906874179840088
2011-09-23,6.874664306640625
2011-09-26,6.975897789001465
2011-09-27,6.902273178100586
2011-09-28,6.879265308380127
2011-09-29,6.911474704742432
2011-09-30,6.791836261749268
2011-10-03,6.400707244873047
2011-10-04,6.2764668464660645
2011-10-05,6.285670280456543
2011-10-06,6.423716068267822
2011-10-07,6.3132781982421875
2011-10-10,6.6721978187561035
2011-10-11,6.690603733062744
2011-10-13,6.709009170532227
2011-10-14,6.805641174316406
2011-10-17,6.451324462890625
2011-10-18,6.451324462890625
2011-10-19,6.446723461151123
2011-10-20,6.2948737144470215
2011-10-21,6.465128421783447
2011-10-24,6.874664306640625
2011-10-25,6.874664306640625
2011-10-26,6.874664306640625
2011-10-27,6.874664306640625
2011-10-28,7.546485424041748
2011-10-31,7.546485424041748
2011-11-01,7.2013726234436035
2011-11-03,7.321010589599609
2011-11-04,7.546485424041748
2011-11-07,7.66152286529541
2011-11-08,7.6017022132873535
2011-11-09,7.293401718139648
2011-11-10,7.293401718139648
2011-11-11,7.5832953453063965
2011-11-14,7.454455375671387
2011-11-16,7.500468730926514
2011-11-17,7.357823371887207
2011-11-18,7.169161319732666
2011-11-21,6.939084529876709
2011-11-22,6.837851047515869
2011-11-23,6.667596340179443
2011-11-24,6.529550075531006
2011-11-25,6.566362380981445
2011-11-28,6.796437740325928
2011-11-29,6.520346164703369
2011-11-30,6.787235736846924
2011-12-01,6.856257438659668
2011-12-02,6.8194451332092285
2011-12-05,7.08633279800415
2011-12-06,7.28879976272583
2011-12-07,7.054123401641846
2011-12-08,6.768826961517334
2011-12-09,6.920679092407227
2011-12-12,6.920679092407227
2011-12-13,6.741219520568848
2011-12-14,6.575564384460449
2011-12-15,6.483534336090088
2011-12-16,6.391505718231201
2011-12-19,6.299473762512207
2011-12-20,6.626181602478027
2011-12-21,6.741219520568848
2011-12-22,6.860860824584961
2011-12-23,6.897670745849609
2011-12-26,6.952889442443848
2011-12-27,7.0127081871032715
2011-12-28,6.828649044036865
2011-12-29,6.893069267272949
2012-01-02,6.952889442443848
2012-01-03,7.311809539794922
2012-01-04,7.362424850463867
2012-01-05,7.302603721618652
2012-01-06,7.2841997146606445
2012-01-09,7.2841997146606445
2012-01-10,7.569491863250732
2012-01-11,7.569491863250732
2012-01-12,7.592500686645508
2012-01-13,7.532680988311768
2012-01-16,7.5556864738464355
2012-01-17,7.5556864738464355
2012-01-18,7.850183963775635
2012-01-19,7.983628749847412
2012-01-20,8.236712455749512
2012-01-23,8.356352806091309
2012-01-24,8.342548370361328
2012-01-26,8.434577941894531
2012-01-27,8.420772552490234
2012-01-30,8.301135063171387
2012-01-31,8.397767066955566
2012-02-01,8.522006034851074
2012-02-02,8.365554809570312
2012-02-03,8.581826210021973
2012-02-06,8.522006034851074
2012-02-07,8.5634183883667
2012-02-08,8.475988388061523
2012-02-09,8.489795684814453
2012-02-10,8.227510452270508
2012-02-13,8.227510452270508
2012-02-14,8.227510452270508
2012-02-15,8.029645919799805
2012-02-16,8.011237144470215
2012-02-17,8.052651405334473
2012-02-23,8.080260276794434
2012-02-24,8.094067573547363
2012-02-27,8.029645919799805
2012-02-28,8.08486270904541
2012-02-29,8.057251930236816
2012-03-01,8.17229175567627
2012-03-02,8.388561248779297
2012-03-05,8.291930198669434
2012-03-06,8.048050880432129
2012-03-07,8.020441055297852
2012-03-08,8.130877494812012
2012-03-09,8.255120277404785
2012-03-12,8.195298194885254
2012-03-13,8.535811424255371
2012-03-14,8.788894653320312
2012-03-15,8.857917785644531
2012-03-16,8.940743446350098
2012-03-19,8.940743446350098
2012-03-20,8.857917785644531
2012-03-21,8.531208992004395
2012-03-22,8.531208992004395
2012-03-23,8.347147941589355
2012-03-26,8.420772552490234
2012-03-27,8.232110023498535
2012-03-28,7.983628749847412
2012-03-29,7.979027271270752
2012-03-30,7.923808574676514
2012-04-02,8.075657844543457
2012-04-03,7.8961992263793945
2012-04-04,7.744350433349609
2012-04-05,7.76735782623291
2012-04-09,7.712139129638672
2012-04-10,7.610906600952148
2012-04-11,7.615507125854492
2012-04-12,7.822576522827148
2012-04-13,7.679928779602051
2012-04-16,7.620108604431152
2012-04-17,7.785763740539551
2012-04-18,7.946817874908447
2012-04-19,7.8133721351623535
2012-04-20,7.758154392242432
2012-04-23,7.638516426086426
2012-04-24,7.670724868774414
2012-04-25,7.762755870819092
2012-04-26,7.76735782623291
2012-04-27,7.808771133422852
2012-04-30,7.9069719314575195
2012-05-02,7.9069719314575195
2012-05-03,7.737710475921631
2012-05-04,7.46688985824585
2012-05-07,7.355661392211914
2012-05-08,7.200907230377197
2012-05-09,7.302464008331299
2012-05-10,7.312135219573975
2012-05-11,7.041316509246826
2012-05-14,6.910742282867432
2012-05-15,6.673774242401123
2012-05-16,6.557708740234375
2012-05-17,6.427133560180664
2012-05-18,6.349757671356201
2012-05-21,6.349757671356201
2012-05-22,6.741479873657227
2012-05-23,6.504512310028076
2012-05-24,6.378775119781494
2012-05-25,6.335249900817871
2012-05-28,6.344921112060547
2012-05-29,6.349757671356201
2012-05-30,6.349757671356201
2012-05-31,6.282052993774414
2012-06-01,6.195003509521484
2012-06-04,6.17082405090332
2012-06-05,6.069266319274902
2012-06-06,6.093447208404541
2012-06-08,6.069266319274902
2012-06-11,6.011232852935791
2012-06-12,6.030577659606934
2012-06-13,6.083775043487549
2012-06-14,6.074102401733398
2012-06-15,6.069266319274902
2012-06-18,6.069266319274902
2012-06-19,5.8613152503967285
2012-06-20,5.967709541320801
2012-06-21,5.779102802276611
2012-06-22,5.638856410980225
2012-06-25,5.392216205596924
2012-06-26,5.426070213317871
2012-06-27,5.36803674697876
2012-06-28,5.285823345184326
2012-06-29,5.503445625305176
2012-07-02,5.5856614112854
2012-07-03,5.837135314941406
2012-07-04,6.016068458557129
2012-07-05,5.938692569732666
2012-07-06,5.754921913146973
2012-07-10,5.314839839935303
2012-07-11,5.184266090393066
2012-07-12,5.155249118804932
2012-07-13,5.213282585144043
2012-07-16,5.213282585144043
2012-07-17,5.029511451721191
2012-07-18,5.05369234085083
2012-07-19,5.058528423309326
2012-07-20,4.840906143188477
2012-07-23,4.734510898590088
2012-07-24,4.695823669433594
2012-07-25,4.512052536010742
2012-07-26,4.468527317047119
2012-07-27,4.758691787719727
2012-07-30,4.927953243255615
2012-07-31,5.092380523681641
2012-08-01,4.923119068145752
2012-08-02,4.7538557052612305
2012-08-03,5.048856258392334
2012-08-06,5.426070213317871
2012-08-07,5.36803674697876
2012-08-08,5.426070213317871
2012-08-09,5.430905342102051
2012-08-10,5.430905342102051
2012-08-13,5.203608989715576
2012-08-14,5.05369234085083
2012-08-15,5.005331516265869
2012-08-16,5.261642932891846
2012-08-17,5.1504130363464355
2012-08-20,5.310004711151123
2012-08-21,5.285823345184326
2012-08-22,5.479265213012695
2012-08-23,5.5856614112854
2012-08-24,5.280986785888672
2012-08-27,5.135904788970947
2012-08-28,4.995658874511719
2012-08-29,4.778036594390869
2012-08-30,4.671641826629639
2012-08-31,4.8070526123046875
2012-09-03,4.869921684265137
2012-09-04,4.623282432556152
2012-09-05,5.000495433807373
2012-09-06,5.087543964385986
2012-09-10,5.39705228805542
2012-09-11,5.619513511657715
2012-09-12,5.716233730316162
2012-09-13,6.3255767822265625
2012-09-14,6.625414848327637
2012-09-17,6.446479797363281
2012-09-18,6.286889553070068
2012-09-19,6.335249900817871
2012-09-20,6.359429836273193
2012-09-21,6.214347839355469
2012-09-24,6.151479721069336
2012-09-25,5.643692493438721
2012-09-26,5.750086784362793
2012-09-27,5.6243486404418945
2012-09-28,5.52278995513916
2012-10-01,5.561480522155762
2012-10-02,5.440576553344727
2012-10-03,5.329347610473633
2012-10-04,5.426070213317871
2012-10-05,5.343857288360596
2012-10-08,5.513118267059326
2012-10-09,5.358363151550293
2012-10-10,5.266478538513184
2012-10-11,5.426070213317871
2012-10-15,5.561480522155762
2012-10-16,5.605002403259277
2012-10-17,5.677544593811035
2012-10-18,5.711398124694824
2012-10-19,5.5179548263549805
2012-10-22,5.6098408699035645
2012-10-23,5.508282661437988
2012-10-24,5.416397571563721
2012-10-25,5.484103679656982
2012-10-26,5.353527545928955
2012-10-29,5.401888847351074
2012-10-30,5.52278995513916
2012-10-31,5.430905342102051
2012-11-01,5.561480522155762
2012-11-05,5.513118267059326
2012-11-06,5.721069812774658
2012-11-07,5.513118267059326
2012-11-08,5.372870922088623
2012-11-09,5.343857288360596
2012-11-12,5.266478538513184
2012-11-13,5.222954273223877
2012-11-14,5.015003204345703
2012-11-16,4.7538557052612305
2012-11-19,4.947298049926758
2012-11-21,5.0246758460998535
2012-11-22,4.952134609222412
2012-11-23,5.174592971801758
2012-11-26,4.952134609222412
2012-11-27,4.903774738311768
2012-11-28,4.8795928955078125
2012-11-29,5.348691940307617
2012-11-30,5.073035717010498
2012-12-03,5.04401969909668
2012-12-04,5.0246758460998535
2012-12-05,5.116560459136963
2012-12-06,5.077872276306152
2012-12-07,5.184266090393066
2012-12-10,5.445413589477539
2012-12-11,5.561480522155762
2012-12-12,5.6243486404418945
2012-12-13,5.542135715484619
2012-12-14,5.614675521850586
2012-12-17,5.619513511657715
2012-12-18,5.904839515686035
2012-12-19,5.870987892150879
2012-12-20,5.8081183433532715
2012-12-21,5.672708511352539
2012-12-26,5.696888446807861
2012-12-27,5.600168228149414
2012-12-28,5.839334011077881
2013-01-02,6.213524341583252
2013-01-03,6.302147388458252
2013-01-04,6.065817356109619
2013-01-07,6.0362772941589355
2013-01-08,5.98211669921875
2013-01-09,6.149518013000488
2013-01-10,6.257836818695068
2013-01-11,6.213524341583252
2013-01-14,6.2529120445251465
2013-01-15,6.139669418334961
2013-01-16,6.124899864196777
2013-01-17,5.898416996002197
2013-01-18,5.90826416015625
2013-01-21,5.780251979827881
2013-01-22,5.780251979827881
2013-01-23,5.893494606018066
2013-01-24,5.603003978729248
2013-01-28,5.430679798126221
2013-01-29,5.553768634796143
2013-01-30,5.322360992431641
2013-01-31,5.292819499969482
2013-02-01,5.489761829376221
2013-02-04,5.332208156585693
2013-02-05,5.356826305389404
2013-02-06,5.406062126159668
2013-02-07,5.317437648773193
2013-02-08,5.209118843078613
2013-02-13,5.223890781402588
2013-02-14,5.228814125061035
2013-02-15,5.233736515045166
2013-02-18,5.189424991607666
2013-02-19,5.095878601074219
2013-02-20,4.898935317993164
2013-02-21,4.854622840881348
2013-02-22,4.785693645477295
2013-02-25,4.820158958435059
2013-02-26,4.923553943634033
2013-02-27,4.908782482147217
2013-02-28,4.923553943634033
2013-03-01,4.785693645477295
2013-03-04,4.825081825256348
2013-03-05,4.898935317993164
2013-03-06,5.169732093811035
2013-03-07,5.228814125061035
2013-03-08,5.238661289215088
2013-03-11,5.1648077964782715
2013-03-12,5.154959678649902
2013-03-13,4.997406005859375
2013-03-14,4.972789287567139
2013-03-15,4.815235137939453
2013-03-18,4.889089107513428
2013-03-19,4.569057941436768
2013-03-20,4.63798713684082
2013-03-21,4.490281105041504
2013-03-22,4.578904151916504
2013-03-25,4.4607391357421875
2013-03-26,4.524745464324951
2013-03-27,4.475510120391846
2013-03-28,4.495204925537109
2013-04-01,4.7315354347229
2013-04-02,4.395935535430908
2013-04-03,4.420771598815918
2013-04-04,4.281691551208496
2013-04-05,4.187314987182617
2013-04-08,4.137642860412598
2013-04-09,4.207183837890625
2013-04-10,4.192282676696777
2013-04-11,4.0681023597717285
2013-04-12,4.063136100769043
2013-04-15,3.889285087585449
2013-04-16,3.814777135848999
2013-04-17,3.824711799621582
2013-04-18,3.8843181133270264
2013-04-19,3.8992199897766113
2013-04-22,3.904186964035034
2013-04-23,3.9588253498077393
2013-04-24,4.0035295486450195
2013-04-25,3.904186964035034
2013-04-26,3.904186964035034
2013-04-29,3.904186964035034
2013-04-30,3.9290225505828857
2013-05-02,3.8644497394561768
2013-05-03,3.8545150756835938
2013-05-06,3.834646701812744
2013-05-07,3.834646701812744
2013-05-08,3.7750403881073
2013-05-09,3.7353036403656006
2013-05-10,3.6111249923706055
2013-05-13,3.5415844917297363
2013-05-14,3.422372341156006
2013-05-15,3.332963466644287
2013-05-16,3.327996015548706
2013-05-17,3.337930679321289
2013-05-20,3.402503490447998
2013-05-21,3.47701096534729
2013-05-22,3.47701096534729
2013-05-23,3.462109088897705
2013-05-24,3.5018463134765625
2013-05-27,3.5068135261535645
2013-05-28,3.4521749019622803
2013-05-29,3.3528318405151367
2013-05-31,3.283292293548584
2013-06-03,3.357800006866455
2013-06-04,3.337930679321289
2013-06-05,3.198850393295288
2013-06-06,3.144211530685425
2013-06-07,3.0299670696258545
2013-06-10,3.000164270401001
2013-06-11,2.890886068344116
2013-06-12,2.915722370147705
2013-06-13,3.1541457176208496
2013-06-14,3.24355411529541
2013-06-17,3.1839494705200195
2013-06-18,3.273357629776001
2013-06-19,3.218719244003296
2013-06-20,3.2981932163238525
2013-06-21,3.1690480709075928
2013-06-24,3.0746705532073975
2013-06-25,3.134277105331421
2013-06-26,3.059769630432129
2013-06-27,3.069704055786133
2013-06-28,2.9604263305664062
2013-07-01,3.0150654315948486
2013-07-02,2.83128023147583
2013-07-03,2.756772994995117
2013-07-04,2.816378593444824
2013-07-05,2.707101345062256
2013-07-08,2.712068796157837
2013-07-10,2.7269704341888428
2013-07-11,2.9455251693725586
2013-07-12,2.786576509475708
2013-07-15,3.0200328826904297
2013-07-16,2.9206900596618652
2013-07-17,2.985262870788574
2013-07-18,2.975328207015991
2013-07-19,2.980295419692993
2013-07-22,3.129310131072998
2013-07-23,3.2236859798431396
2013-07-24,3.134277105331421
2013-07-25,3.178980827331543
2013-07-26,3.178980827331543
2013-07-29,3.5217154026031494
2013-07-30,3.3130950927734375
2013-07-31,3.2634236812591553
2013-08-01,3.288259267807007
2013-08-02,3.2038166522979736
2013-08-05,3.258456230163574
2013-08-06,3.218719244003296
2013-08-07,3.2236859798431396
2013-08-08,3.428931713104248
2013-08-09,3.5864100456237793
2013-08-12,3.688007116317749
2013-08-13,3.804844617843628
2013-08-14,3.886122941970825
2013-08-15,3.962322235107422
2013-08-16,4.2417168617248535
2013-08-19,4.510951519012451
2013-08-20,4.353473663330078
2013-08-21,4.389033794403076
2013-08-22,4.592228889465332
2013-08-23,4.475391387939453
2013-08-26,4.444912910461426
2013-08-27,4.353473663330078
2013-08-28,4.368714332580566
2013-08-29,4.322995662689209
2013-08-30,4.317914962768555
2013-09-02,4.490631580352783
2013-09-03,4.495711326599121
2013-09-04,4.612548828125
2013-09-05,4.653187274932861
2013-09-06,4.668428421020508
2013-09-09,4.7598652839660645
2013-09-10,4.800504684448242
2013-09-11,4.7598652839660645
2013-09-12,4.754786491394043
2013-09-13,4.790345191955566
2013-09-16,4.719226360321045
2013-09-17,4.739546298980713
2013-09-18,4.800504684448242
2013-09-19,4.795424461364746
2013-09-20,4.69890832901001
2013-09-23,4.744626998901367
2013-09-24,4.754786491394043
2013-09-25,4.800504684448242
2013-09-26,4.947822570800781
2013-09-27,4.9122633934021
2013-09-30,4.8055853843688965
2013-10-01,4.7751054763793945
2013-10-02,4.770027160644531
2013-10-03,4.810665130615234
2013-10-04,4.968142509460449
2013-10-07,5.008780479431152
2013-10-08,5.054499626159668
2013-10-09,5.039261341094971
2013-10-10,5.278016090393066
2013-10-11,5.389772891998291
2013-10-14,5.633609294891357
2013-10-15,5.811405181884766
2013-10-16,5.963802337646484
2013-10-17,5.877443313598633
2013-10-18,5.973963260650635
2013-10-21,6.050159931182861
2013-10-22,6.299076557159424
2013-10-23,6.2025580406188965
2013-10-24,6.034921646118164
2013-10-25,5.943481922149658
2013-10-28,6.065399169921875
2013-10-29,6.004441738128662
2013-10-30,6.070479393005371
2013-10-31,6.2228779792785645
2013-11-01,6.527671813964844
2013-11-04,6.456552505493164
2013-11-05,6.4616312980651855
2013-11-06,6.451472282409668
2013-11-07,6.349874019622803
2013-11-08,6.507352352142334
2013-11-11,6.532749652862549
2013-11-12,6.299076557159424
2013-11-13,6.182238578796387
2013-11-14,6.827999114990234
2013-11-18,6.941617965698242
2013-11-19,6.80094575881958
2013-11-21,6.817177772521973
2013-11-22,6.7630720138549805
2013-11-25,6.622400760650635
2013-11-26,6.395162105560303
2013-11-27,6.4709086418151855
2013-11-28,6.36269998550415
2013-11-29,6.443854808807373
2013-12-02,6.4709086418151855
2013-12-03,6.368109226226807
2013-12-04,6.525012493133545
2013-12-05,6.7630720138549805
2013-12-06,6.7684831619262695
2013-12-09,6.8929243087768555
2013-12-10,6.952439308166504
2013-12-11,6.833408832550049
2013-12-12,6.806354522705078
2013-12-13,6.83881950378418
2013-12-16,7.087701320648193
2013-12-17,7.033595085144043
2013-12-18,7.379864692687988
2013-12-19,7.612513065338135
2013-12-20,7.4934844970703125
2013-12-23,7.747776031494141
2013-12-26,7.801880359649658
2013-12-27,7.764007568359375
2013-12-30,7.780238151550293
2014-01-02,7.596283435821533
2014-01-03,7.834343433380127
2014-01-06,7.731545448303223
2014-01-07,7.655797004699707
2014-01-08,7.747776031494141
2014-01-09,7.5313568115234375
2014-01-10,7.5151262283325195
2014-01-13,7.525946140289307
2014-01-14,7.374454975128174
2014-01-15,7.428559303283691
2014-01-16,7.482663154602051
2014-01-17,7.439380168914795
2014-01-20,7.401505947113037
2014-01-21,6.849640369415283
2014-01-22,6.736021041870117
2014-01-23,6.5412445068359375
2014-01-24,6.384342193603516
2014-01-27,6.140869617462158
2014-01-28,6.232848167419434
2014-01-29,6.157102108001709
2014-01-30,6.086765766143799
2014-01-31,6.054303169250488
2014-02-03,5.745906829833984
2014-02-04,6.054303169250488
2014-02-05,5.88657808303833
2014-02-06,6.222026824951172
2014-02-07,6.286952018737793
2014-02-10,6.081354141235352
2014-02-11,6.276131629943848
2014-02-12,6.36269998550415
2014-02-13,6.308594226837158
2014-02-14,6.319416046142578
2014-02-17,6.097586154937744
2014-02-18,5.794600009918213
2014-02-19,6.0921759605407715
2014-02-20,6.189563751220703
2014-02-21,6.119229316711426
2014-02-24,6.021838665008545
2014-02-25,5.8108320236206055
2014-02-26,5.772959232330322
2014-02-27,5.946093559265137
2014-02-28,5.372584342956543
2014-03-05,5.328829288482666
2014-03-06,5.373421669006348
2014-03-07,5.100291728973389
2014-03-10,4.933068752288818
2014-03-11,4.821586608886719
2014-03-12,4.866178512573242
2014-03-13,4.799289703369141
2014-03-14,5.356699466705322
2014-03-17,5.367847442626953
2014-03-18,5.468181133270264
2014-03-19,5.378995418548584
2014-03-20,5.356699466705322
2014-03-21,5.367847442626953
2014-03-24,5.457032203674316
2014-03-25,5.54621696472168
2014-03-26,5.395718097686768
2014-03-27,5.629830360412598
2014-03-28,5.512774467468262
2014-03-31,5.484903335571289
2014-04-01,5.40129280090332
2014-04-02,5.507199287414551
2014-04-03,5.462606906890869
2014-04-04,5.557366847991943
2014-04-07,5.479330539703369
2014-04-08,5.356699466705322
2014-04-09,5.0779948234558105
2014-04-10,5.083569049835205
2014-04-11,5.105865001678467
2014-04-14,5.206198692321777
2014-04-15,4.988809108734131
2014-04-16,5.105865001678467
2014-04-17,5.222919940948486
2014-04-22,5.156032562255859
2014-04-23,5.100291728973389
2014-04-24,4.994383811950684
2014-04-25,4.905198097229004
2014-04-28,4.821586608886719
2014-04-29,4.899623394012451
2014-04-30,4.771420001983643
2014-05-02,4.988809108734131
2014-05-05,4.977662563323975
2014-05-06,5.156032562255859
2014-05-07,4.977662563323975
2014-05-08,5.011105060577393
2014-05-09,5.038976192474365
2014-05-12,5.206198692321777
2014-05-13,5.178328514099121
2014-05-14,5.222919940948486
2014-05-15,5.250792026519775
2014-05-16,5.206198692321777
2014-05-19,5.072421073913574
2014-05-20,4.849456787109375
2014-05-21,4.849456787109375
2014-05-22,4.860605716705322
2014-05-23,4.8383097648620605
2014-05-26,5.0166802406311035
2014-05-27,5.0166802406311035
2014-05-28,4.955365180969238
2014-05-29,4.910771369934082
2014-05-30,4.788142681121826
2014-06-02,4.866178512573242
2014-06-03,4.927495002746582
2014-06-04,4.910771369934082
2014-06-05,4.905198097229004
2014-06-06,5.1337361335754395
2014-06-09,5.267512798309326
2014-06-10,5.267512798309326
2014-06-11,5.339976787567139
2014-06-13,5.239643573760986
2014-06-16,5.195051193237305
2014-06-17,5.139309883117676
2014-06-18,5.2898101806640625
2014-06-20,5.167180061340332
2014-06-23,5.306533336639404
2014-06-24,5.351126194000244
2014-06-25,5.328829288482666
2014-06-26,5.328829288482666
2014-06-27,5.217347145080566
2014-06-30,5.239643573760986
2014-07-01,5.206198692321777
2014-07-02,5.3845696449279785
2014-07-03,5.674422740936279
2014-07-04,5.635404109954834
2014-07-07,5.8527936935424805
2014-07-08,5.813774108886719
2014-07-10,5.880663871765137
2014-07-11,5.925257682800293
2014-07-14,6.170516490936279
2014-07-15,6.4102020263671875
2014-07-16,6.37675666809082
2014-07-17,5.953126907348633
2014-07-18,6.443647384643555
2014-07-21,6.532832145690918
2014-07-22,6.443647384643555
2014-07-23,6.298720836639404
2014-07-24,6.354461669921875
2014-07-25,6.298720836639404
2014-07-28,6.4102020263671875
2014-07-29,6.242979049682617
2014-07-30,6.24855375289917
2014-07-31,6.382330894470215
2014-08-01,6.560702800750732
2014-08-04,6.622017860412598
2014-08-05,6.521683692932129
2014-08-06,6.443647384643555
2014-08-07,6.348887920379639
2014-08-08,6.287571430206299
2014-08-11,6.315442085266113
2014-08-12,6.103627681732178
2014-08-13,5.969848155975342
2014-08-14,5.886239528656006
2014-08-15,5.82492208480835
2014-08-18,5.925257682800293
2014-08-19,5.975423812866211
2014-08-20,6.01444149017334
2014-08-21,5.863941192626953
2014-08-22,5.808200836181641
2014-08-25,5.908535003662109
2014-08-26,5.863941192626953
2014-08-27,5.8527936935424805
2014-08-28,5.540644645690918
2014-08-29,5.484903335571289
2014-09-01,5.378995418548584
2014-09-02,5.54621696472168
2014-09-03,5.663273811340332
2014-09-04,5.574088096618652
2014-09-05,5.440311431884766
2014-09-08,5.28423547744751
2014-09-09,5.306533336639404
2014-09-10,5.328829288482666
2014-09-11,5.28423547744751
2014-09-12,5.239643573760986
2014-09-15,5.3901448249816895
2014-09-16,5.440311431884766
2014-09-17,5.378995418548584
2014-09-18,5.568515777587891
2014-09-19,5.607533931732178
2014-09-22,5.423588275909424
2014-09-23,5.434737205505371
2014-09-24,5.468181133270264
2014-09-25,5.362274169921875
2014-09-26,5.1337361335754395
2014-09-29,4.894050598144531
2014-09-30,4.849456787109375
2014-10-01,4.743550777435303
2014-10-02,4.866178512573242
2014-10-03,4.927495002746582
2014-10-06,4.977662563323975
2014-10-07,5.0166802406311035
2014-10-08,5.033402442932129
2014-10-09,4.849456787109375
2014-10-10,4.698957920074463
2014-10-13,4.810438632965088
2014-10-14,4.994383811950684
2014-10-15,4.977662563323975
2014-10-16,4.843883037567139
2014-10-17,4.726827144622803
2014-10-20,4.693382740020752
2014-10-21,4.654364109039307
2014-10-22,4.620919704437256
2014-10-23,4.7937164306640625
2014-10-24,5.083569049835205
2014-10-27,4.698957920074463
2014-10-28,4.654364109039307
2014-10-29,4.459270477294922
2014-10-30,4.3477888107299805
2014-10-31,4.598622798919678
2014-11-03,4.526159763336182
2014-11-04,4.659938335418701
2014-11-05,4.509438991546631
2014-11-06,4.303197383880615
2014-11-07,4.386807918548584
2014-11-10,4.364511489868164
2014-11-11,4.169418811798096
2014-11-12,4.124826431274414
2014-11-13,4.069085121154785
2014-11-14,3.9241580963134766
2014-11-17,3.8461217880249023
2014-11-18,3.701195001602173
2014-11-19,3.5562684535980225
2014-11-21,3.7234911918640137
2014-11-24,3.768084764480591
2014-11-25,3.7234911918640137
2014-11-26,3.4280645847320557
2014-11-27,3.344453811645508
2014-11-28,3.372323751449585
2014-12-01,3.2106752395629883
2014-12-02,3.1326382160186768
2014-12-03,3.149360418319702
2014-12-04,3.0880448818206787
2014-12-05,3.0880448818206787
2014-12-08,2.9096741676330566
2014-12-09,2.8260626792907715
2014-12-10,2.7090065479278564
2014-12-11,2.6811370849609375
2014-12-12,2.547358512878418
2014-12-15,2.5919511318206787
2014-12-16,2.78147029876709
2014-12-17,3.0824716091156006
2014-12-18,2.937544822692871
2014-12-19,3.18837833404541
2014-12-22,3.2719900608062744
2014-12-23,3.5061018466949463
2014-12-26,3.372323751449585
2014-12-29,3.2496936321258545
2014-12-30,3.149360418319702
2015-01-02,2.9368209838867188
2015-01-05,2.792292356491089
2015-01-06,3.017756938934326
2015-01-07,3.3472824096679688
2015-01-08,3.2374401092529297
2015-01-09,3.098693370819092
2015-01-12,3.0466628074645996
2015-01-13,2.9426026344299316
2015-01-14,2.861666440963745
2015-01-15,2.8154170513153076
2015-01-16,2.9830703735351562
2015-01-19,2.7865114212036133
2015-01-20,2.931039333343506
2015-01-21,3.040881633758545
2015-01-22,3.098693370819092
2015-01-23,2.8905718326568604
2015-01-26,2.902134418487549
2015-01-27,2.769167900085449
2015-01-28,2.6419830322265625
2015-01-29,2.543703317642212
2015-01-30,2.4280803203582764
2015-02-02,2.5205788612365723
2015-02-03,2.630420684814453
2015-02-04,2.561047077178955
2015-02-05,2.561047077178955
2015-02-06,2.6419830322265625
2015-02-09,2.879009962081909
2015-02-10,2.8905718326568604
2015-02-11,2.913696765899658
2015-02-12,2.7865114212036133
2015-02-13,2.8501038551330566
2015-02-18,2.9079158306121826
2015-02-19,2.9772889614105225
2015-02-20,3.0524446964263916
2015-02-23,2.9252588748931885
2015-02-24,2.9946324825286865
2015-02-25,2.9946324825286865
2015-02-26,2.9715075492858887
2015-02-27,2.988851547241211
2015-03-02,2.988851547241211
2015-03-03,3.006195068359375
2015-03-04,3.0293195247650146
2015-03-05,2.9252588748931885
2015-03-06,2.9079158306121826
2015-03-09,2.9946324825286865
2015-03-10,2.988851547241211
2015-03-11,3.017756938934326
2015-03-12,3.2178232669830322
2015-03-13,3.3020288944244385
2015-03-16,3.3561599254608154
2015-03-17,3.5185546875
2015-03-18,3.428335189819336
2015-03-19,3.33811616897583
2015-03-20,3.5365989208221436
2015-03-23,3.566671371459961
2015-03-24,3.5185546875
2015-03-25,3.656890630722046
2015-03-26,3.6328325271606445
2015-03-27,3.374203681945801
2015-03-30,3.43435001373291
2015-03-31,3.2599260807037354
2015-04-01,3.3561599254608154
2015-04-02,3.38623309135437
2015-04-06,3.4884815216064453
2015-04-07,3.440364360809326
2015-04-08,3.374203681945801
2015-04-09,3.3982622623443604
2015-04-10,3.440364360809326
2015-04-13,3.4163053035736084
2015-04-14,3.560657024383545
2015-04-15,3.8192856311798096
2015-04-16,3.933563232421875
2015-04-17,3.69899320602417
2015-04-20,3.6809492111206055
2015-04-22,3.9576218128204346
2015-04-23,4.294440746307373
2015-04-24,4.294440746307373
2015-04-27,4.757566928863525
2015-04-28,4.7274932861328125
2015-04-29,4.69140625
2015-04-30,4.829741954803467
2015-05-04,5.220693111419678
2015-05-05,5.443233966827393
2015-05-06,5.443233966827393
2015-05-07,5.010181427001953
2015-05-08,4.823728084564209
2015-05-11,5.190619945526123
2015-05-12,5.0041656494140625
2015-05-13,4.769595623016357
2015-05-14,4.775611400604248
2015-05-15,4.751552104949951
2015-05-18,4.553070545196533
2015-05-19,4.300455570220947
2015-05-20,4.420747756958008
2015-05-21,4.41473388671875
2015-05-22,4.318499565124512
2015-05-25,4.3064703941345215
2015-05-26,4.1861772537231445
2015-05-27,4.240309715270996
2015-05-28,3.9576218128204346
2015-05-29,3.6929779052734375
2015-06-01,3.795227527618408
2015-06-02,4.05987024307251
2015-06-03,3.9155194759368896
2015-06-05,3.7230515480041504
2015-06-08,3.644862651824951
2015-06-09,3.6809492111206055
2015-06-10,3.650876760482788
2015-06-11,3.668919563293457
2015-06-12,3.7230515480041504
2015-06-15,3.6328325271606445
2015-06-16,3.476452350616455
2015-06-17,3.42232084274292
2015-06-18,3.4704372882843018
2015-06-19,3.428335189819336
2015-06-22,3.4163053035736084
2015-06-23,3.42232084274292
2015-06-24,3.374203681945801
2015-06-25,3.2358670234680176
2015-06-26,3.3621740341186523
2015-06-29,3.205793857574463
2015-06-30,3.121589183807373
2015-07-01,3.0433990955352783
2015-07-02,2.977238416671753
2015-07-03,2.8629610538482666
2015-07-06,2.935136556625366
2015-07-07,2.9652090072631836
2015-07-08,2.802814483642578
2015-07-10,2.718609571456909
2015-07-13,2.9170923233032227
2015-07-14,2.881004810333252
2015-07-15,2.790785074234009
2015-07-16,2.760712146759033
2015-07-17,2.7005655765533447
2015-07-20,2.5923025608062744
2015-07-21,2.4419374465942383
2015-07-22,2.3577325344085693
2015-07-23,2.4178783893585205
2015-07-24,2.38179087638855
2015-07-27,2.2855567932128906
2015-07-28,2.526141405105591
2015-07-29,2.4960687160491943
2015-07-30,2.49005389213562
2015-07-31,2.616361141204834
2015-08-03,2.616361141204834
2015-08-04,2.628390312194824
2015-08-05,2.622375726699829
2015-08-06,2.53817081451416
2015-08-07,2.4178783893585205
2015-08-10,2.4058492183685303
2015-08-11,2.351717710494995
2015-08-12,2.39382004737854
2015-08-13,2.177293300628662
2015-08-14,2.081059455871582
2015-08-17,2.0570013523101807
2015-08-18,1.9727965593338013
2015-08-19,1.8705476522445679
2015-08-20,1.894606351852417
2015-08-21,1.8344597816467285
2015-08-24,1.7081526517868042
2015-08-25,1.648006558418274
2015-08-26,1.8645334243774414
2015-08-27,2.0930886268615723
2015-08-28,1.9968549013137817
2015-08-31,2.1051180362701416
2015-09-01,2.123161792755127
2015-09-02,2.2314250469207764
2015-09-03,2.3156299591064453
2015-09-04,2.423893451690674
2015-09-08,2.562229633331299
2015-09-09,2.6043317317962646
2015-09-10,2.802814483642578
2015-09-11,3.0855019092559814
2015-09-14,2.959195137023926
2015-09-15,2.959195137023926
2015-09-16,3.0975308418273926
2015-09-17,3.2599260807037354
2015-09-18,3.4584083557128906
2015-09-21,3.4042768478393555
2015-09-22,3.0794873237609863
2015-09-23,2.4479520320892334
2015-09-24,2.526141405105591
2015-09-25,2.4118640422821045
2015-09-28,2.38179087638855
2015-09-29,2.3637466430664062
2015-09-30,2.3577325344085693
2015-10-01,2.2193961143493652
2015-10-02,2.2735273838043213
2015-10-05,2.4599812030792236
2015-10-06,2.67049241065979
2015-10-07,2.8268730640411377
2015-10-08,3.0073115825653076
2015-10-09,3.205793857574463
2015-10-13,2.802814483642578
2015-10-14,2.67049241065979
2015-10-15,2.8208584785461426
2015-10-16,3.019340991973877
2015-10-19,3.0855019092559814
2015-10-20,2.887019157409668
2015-10-21,2.8148438930511475
2015-10-22,2.887019157409668
2015-10-23,2.959195137023926
2015-10-26,2.983253240585327
2015-10-27,2.959195137023926
2015-10-28,2.9110777378082275
2015-10-29,2.5923025608062744
2015-10-30,2.610346555709839
2015-11-03,3.0433990955352783
2015-11-04,2.983253240585327
2015-11-05,2.977238416671753
2015-11-06,3.0073115825653076
2015-11-09,3.0433990955352783
2015-11-10,3.103545665740967
2015-11-11,3.2118093967437744
2015-11-12,3.2599260807037354
2015-11-13,2.9471652507781982
2015-11-16,2.959195137023926
2015-11-17,2.9531800746917725
2015-11-18,3.4644229412078857
2015-11-19,3.524569034576416
2015-11-23,3.4463789463043213
2015-11-24,3.6268177032470703
2015-11-25,3.668919563293457
2015-11-26,3.6208038330078125
2015-11-27,3.5365989208221436
2015-11-30,3.3080430030822754
2015-12-01,3.0915162563323975
2015-12-02,2.9952821731567383
2015-12-03,3.025355577468872
2015-12-04,2.929121494293213
2015-12-07,2.9231069087982178
2015-12-08,2.7366535663604736
2015-12-09,2.796799898147583
2015-12-10,2.7787559032440186
2015-12-11,2.712594747543335
2015-12-14,2.67049241065979
2015-12-15,2.6524486541748047
2015-12-16,2.580273389816284
2015-12-17,2.5862879753112793
2015-12-18,2.520127058029175
2015-12-21,2.4118640422821045
2015-12-22,2.4178783893585205
2015-12-23,2.6043317317962646
2015-12-28,2.5501999855041504
2015-12-29,2.526141405105591
2015-12-30,2.4058492183685303
2016-01-04,2.3216447830200195
2016-01-05,2.207366943359375
2016-01-06,2.032942533493042
2016-01-07,1.984825611114502
2016-01-08,2.0570013523101807
2016-01-11,2.026928424835205
2016-01-12,1.9727965593338013
2016-01-13,1.9246793985366821
2016-01-14,1.984825611114502
2016-01-15,1.9066357612609863
2016-01-18,1.9246793985366821
2016-01-19,1.9727965593338013
2016-01-20,1.9367085695266724
2016-01-21,1.9968549013137817
2016-01-22,2.075045108795166
2016-01-26,2.0570013523101807
2016-01-27,2.0930886268615723
2016-01-28,2.075045108795166
2016-01-29,2.135190963745117
2016-02-01,2.255483627319336
2016-02-02,2.267512798309326
2016-02-03,2.2795419692993164
2016-02-04,2.5020828247070312
2016-02-05,2.6344048976898193
2016-02-10,2.616361141204834
2016-02-11,2.3336739540100098
2016-02-12,2.4178783893585205
2016-02-15,2.4659955501556396
2016-02-16,2.6644785404205322
2016-02-17,2.7366535663604736
2016-02-18,2.760712146759033
2016-02-19,2.7847707271575928
2016-02-22,3.0794873237609863
2016-02-23,3.1396329402923584
2016-02-24,3.1456475257873535
2016-02-25,3.1396329402923584
2016-02-26,3.0073115825653076
2016-02-29,3.1276042461395264
2016-03-01,3.247896671295166
2016-03-02,3.3982622623443604
2016-03-03,3.9095051288604736
2016-03-04,4.547054767608643
2016-03-07,4.9500346183776855
2016-03-08,4.276397705078125
2016-03-09,4.101973056793213
2016-03-10,4.408718585968018
2016-03-11,4.246323585510254
2016-03-14,4.162118911743164
2016-03-15,3.650876760482788
2016-03-16,4.035811901092529
2016-03-17,4.769595623016357
2016-03-18,4.7635817527771
2016-03-21,4.751552104949951
2016-03-22,4.895904064178467
2016-03-23,4.571113586425781
2016-03-24,4.685391426086426
2016-03-28,4.69140625
2016-03-29,4.450821399688721
2016-03-30,4.480894088745117
2016-03-31,4.288425922393799
2016-04-01,4.420747756958008
2016-04-04,4.1801629066467285
2016-04-05,4.571113586425781
2016-04-06,4.619230270385742
2016-04-07,4.565099716186523
2016-04-08,4.962063789367676
2016-04-11,5.407146453857422
2016-04-12,6.483763217926025
2016-04-13,7.819010257720947
2016-04-14,6.892757892608643
2016-04-15,7.169429779052734
2016-04-18,7.277694225311279
2016-04-19,7.999449253082275
2016-04-20,8.215973854064941
2016-04-22,8.059595108032227
2016-04-25,7.319797039031982
2016-04-26,7.39798641204834
2016-04-27,7.788937091827393
2016-04-28,7.794952392578125
2016-04-29,7.903214931488037
2016-05-02,7.758864879608154
2016-05-03,7.349869728088379
2016-05-04,7.079212188720703
2016-05-05,6.628114700317383
2016-05-06,6.700290203094482
2016-05-09,6.026652812957764
2016-05-10,6.2973103523254395
2016-05-11,5.984549522399902
2016-05-12,5.792081832885742
2016-05-13,5.052282810211182
2016-05-16,5.0041656494140625
2016-05-17,4.962063789367676
2016-05-18,4.697420597076416
2016-05-19,4.480894088745117
2016-05-20,4.378645896911621
2016-05-23,4.348572731018066
2016-05-24,4.120017051696777
2016-05-25,4.05987024307251
2016-05-27,3.867403268814087
2016-05-30,3.9034907817840576
2016-05-31,3.933563232421875
2016-06-01,3.831315040588379
2016-06-02,4.095958709716797
2016-06-03,4.41473388671875
2016-06-06,4.4448065757751465
2016-06-07,4.204221248626709
2016-06-08,4.895904064178467
2016-06-09,4.535025596618652
2016-06-10,4.1801629066467285
2016-06-13,4.210236072540283
2016-06-14,4.011753082275391
2016-06-15,4.234294891357422
2016-06-16,4.354586601257324
2016-06-17,4.408718585968018
2016-06-20,4.474880218505859
2016-06-21,4.49893856048584
2016-06-22,4.462850093841553
2016-06-23,4.85981559753418
2016-06-24,4.432776927947998
2016-06-27,4.390675067901611
2016-06-28,4.516982555389404
2016-06-29,4.70343542098999
2016-06-30,4.70343542098999
2016-07-01,5.268809795379639
2016-07-04,5.593599796295166
2016-07-05,5.178590297698975
2016-07-06,5.449248313903809
2016-07-07,5.13648796081543
2016-07-08,5.449248313903809
2016-07-11,5.497365951538086
2016-07-12,5.755993843078613
2016-07-13,5.798097133636475
2016-07-14,5.882301330566406
2016-07-15,6.164989471435547
2016-07-18,6.3033246994018555
2016-07-19,6.261222839355469
2016-07-20,6.164989471435547
2016-07-21,6.495793342590332
2016-07-22,6.543909549713135
2016-07-25,6.604057788848877
2016-07-26,6.742392063140869
2016-07-27,6.826596736907959
2016-07-28,6.826596736907959
2016-07-29,6.658188819885254
2016-08-01,6.423618793487549
2016-08-02,6.038681983947754
2016-08-03,6.381515979766846
2016-08-04,6.549925804138184
2016-08-05,6.628114700317383
2016-08-08,6.459704875946045
2016-08-09,6.5799970626831055
2016-08-10,6.315354347229004
2016-08-11,6.604057788848877
2016-08-12,6.483763217926025
2016-08-15,6.70630407333374
2016-08-16,6.33339786529541
2016-08-17,6.219120979309082
2016-08-18,6.122887134552002
2016-08-19,6.068755149841309
2016-08-22,5.563526630401611
2016-08-23,5.647731304168701
2016-08-24,5.250765800476074
2016-08-25,5.310911655426025
2016-08-26,5.292868137359619
2016-08-29,5.443233966827393
2016-08-30,5.274824619293213
2016-08-31,5.172575950622559
2016-09-01,5.292868137359619
2016-09-02,5.834184646606445
2016-09-05,5.840199947357178
2016-09-06,5.69584846496582
2016-09-08,5.563526630401611
2016-09-09,5.202648639678955
2016-09-12,5.286854267120361
2016-09-13,4.895904064178467
2016-09-14,4.96807861328125
2016-09-15,4.974093437194824
2016-09-16,4.817713737487793
2016-09-19,5.112430095672607
2016-09-20,5.106415271759033
2016-09-21,5.3289570808410645
2016-09-22,5.353014945983887
2016-09-23,5.238737106323242
2016-09-26,5.2146782875061035
2016-09-27,5.178590297698975
2016-09-28,5.593599796295166
2016-09-29,5.449248313903809
2016-09-30,5.467292308807373
2016-10-03,5.719906330108643
2016-10-04,5.665775775909424
2016-10-05,5.810126304626465
2016-10-06,5.912374973297119
2016-10-07,5.984549522399902
2016-10-10,6.134915828704834
2016-10-11,6.134915828704834
2016-10-13,5.942447662353516
2016-10-14,6.146944046020508
2016-10-17,6.195061683654785
2016-10-18,6.381515979766846
2016-10-19,6.207091331481934
2016-10-20,6.12890100479126
2016-10-21,6.134915828704834
2016-10-24,6.267238140106201
2016-10-25,6.42963171005249
2016-10-26,6.357456207275391
2016-10-27,6.507821559906006
2016-10-28,6.519852161407471
2016-10-31,6.459704875946045
2016-11-01,6.158974647521973
2016-11-03,5.8462138175964355
2016-11-04,5.810126304626465
2016-11-07,6.201076507568359
2016-11-08,6.345427513122559
2016-11-09,6.519852161407471
2016-11-10,6.766450881958008
2016-11-11,6.267238140106201
2016-11-14,6.592026233673096
2016-11-16,6.315354347229004
2016-11-17,6.357456207275391
2016-11-18,6.5318803787231445
2016-11-21,6.892757892608643
2016-11-22,7.211531639099121
2016-11-23,7.692703723907471
2016-11-24,7.560381889343262
2016-11-25,7.752850532531738
2016-11-28,8.023506164550781
2016-11-29,7.656614780426025
2016-11-30,7.4761762619018555
2016-12-01,7.013050079345703
2016-12-02,7.163415908813477
2016-12-05,7.12131404876709
2016-12-06,7.211531639099121
2016-12-07,7.235591411590576
2016-12-08,7.007035732269287
2016-12-09,6.796524524688721
2016-12-12,6.640143871307373
2016-12-13,6.592026233673096
2016-12-14,6.381515979766846
2016-12-15,6.573983669281006
2016-12-16,6.447676181793213
2016-12-19,6.068755149841309
2016-12-20,5.942447662353516
2016-12-21,5.912374973297119
2016-12-22,5.774038314819336
2016-12-23,5.984549522399902
2016-12-26,6.1108574867248535
2016-12-27,6.4536895751953125
2016-12-28,6.507821559906006
2016-12-29,6.5258660316467285
2017-01-02,6.5318803787231445
2017-01-03,6.86870002746582
2017-01-04,6.802539825439453
2017-01-05,7.037109375
2017-01-06,6.784493923187256
2017-01-09,6.886743068695068
2017-01-10,7.037109375
2017-01-11,7.127327919006348
2017-01-12,7.446103096008301
2017-01-13,7.349869728088379
2017-01-16,7.428058624267578
2017-01-17,7.337839126586914
2017-01-18,7.169429779052734
2017-01-19,7.049138069152832
2017-01-20,7.193490505218506
2017-01-23,7.464149475097656
2017-01-24,7.452118873596191
2017-01-26,7.295737266540527
2017-01-27,7.277694225311279
2017-01-30,6.898773193359375
2017-01-31,6.946890354156494
2017-02-01,7.013050079345703
2017-02-02,7.295737266540527
2017-02-03,6.9649338722229
2017-02-06,6.694275379180908
2017-02-07,6.838626861572266
2017-02-08,6.826596736907959
2017-02-09,6.820583343505859
2017-02-10,7.391971588134766
2017-02-13,7.566396236419678
2017-02-14,7.470160484313965
2017-02-15,7.6084980964660645
2017-02-16,7.536323547363281
2017-02-17,7.524293422698975
2017-02-20,7.638571262359619
2017-02-21,7.6084980964660645
2017-02-22,7.488205909729004
2017-02-23,7.217548370361328
2017-02-24,7.205519676208496
2017-03-01,7.289725303649902
2017-03-02,7.0611677169799805
2017-03-03,7.205519676208496
2017-03-06,6.946890354156494
2017-03-07,6.796524524688721
2017-03-08,6.381515979766846
2017-03-09,6.32136869430542
2017-03-10,6.477749347686768
2017-03-13,6.64616060256958
2017-03-14,6.4536895751953125
2017-03-15,6.86870002746582
2017-03-16,6.68224573135376
2017-03-17,6.393544673919678
2017-03-20,6.58601188659668
2017-03-21,5.996579170227051
2017-03-22,6.014623165130615
2017-03-23,5.942447662353516
2017-03-24,5.888315677642822
2017-03-27,6.12890100479126
2017-03-28,5.852227687835693
2017-03-29,5.834184646606445
2017-03-30,5.53345251083374
2017-03-31,5.479321479797363
2017-04-03,5.39511775970459
2017-04-04,5.587584972381592
2017-04-05,5.316926956176758
2017-04-06,5.208663463592529
2017-04-07,5.256780624389648
2017-04-10,5.0823564529418945
2017-04-11,5.046268939971924
2017-04-12,4.60720157623291
2017-04-13,4.450821399688721
2017-04-17,4.59517240524292
2017-04-18,4.3966898918151855
2017-04-19,4.270381927490234
2017-04-20,4.486908912658691
2017-04-24,4.4387922286987305
2017-04-25,4.583142280578613
2017-04-26,4.775611400604248
2017-04-27,4.571113586425781
2017-04-28,4.6613335609436035
2017-05-02,4.769595623016357
2017-05-03,4.571113586425781
2017-05-04,4.258352756500244
2017-05-05,4.450821399688721
2017-05-08,4.3064703941345215
2017-05-09,4.450821399688721
2017-05-10,4.547054767608643
2017-05-11,4.510967254638672
2017-05-12,4.366616725921631
2017-05-15,4.631259918212891
2017-05-16,4.685391426086426
2017-05-17,4.49893856048584
2017-05-18,3.8734171390533447
2017-05-19,4.150090217590332
2017-05-22,4.162118911743164
2017-05-23,4.204221248626709
2017-05-24,4.138060569763184
2017-05-25,4.1801629066467285
2017-05-26,4.192192554473877
2017-05-29,4.192192554473877
2017-05-30,4.318499565124512
2017-05-31,4.12603235244751
2017-06-01,4.023782730102539
2017-06-02,4.05987024307251
2017-06-05,3.981680154800415
2017-06-06,3.969651222229004
2017-06-07,3.89146089553833
2017-06-08,3.969651222229004
2017-06-09,4.035811901092529
2017-06-12,3.9155194759368896
2017-06-13,3.8734171390533447
2017-06-14,3.89146089553833
2017-06-15,3.89146089553833
2017-06-16,3.7531251907348633
2017-06-19,3.7531251907348633
2017-06-20,3.6208038330078125
2017-06-21,3.686964511871338
2017-06-22,3.8072566986083984
2017-06-23,3.837329864501953
2017-06-26,3.921534538269043
2017-06-27,4.1440749168396
2017-06-28,4.300455570220947
2017-06-29,4.132046699523926
2017-06-30,4.318499565124512
2017-07-03,4.384659767150879
2017-07-04,4.336543083190918
2017-07-05,4.246323585510254
2017-07-06,4.246323585510254
2017-07-07,4.324514389038086
2017-07-10,4.372632026672363
2017-07-11,4.655317306518555
2017-07-12,4.7635817527771
2017-07-13,4.649304389953613
2017-07-14,4.673362731933594
2017-07-17,4.69140625
2017-07-18,4.625245571136475
2017-07-19,4.721479415893555
2017-07-20,4.547054767608643
2017-07-21,4.432776927947998
2017-07-24,4.571113586425781
2017-07-25,4.70343542098999
2017-07-26,4.492922782897949
2017-07-27,4.432776927947998
2017-07-28,4.49893856048584
2017-07-31,4.583142280578613
2017-08-01,4.535025596618652
2017-08-02,4.613216400146484
2017-08-03,4.535025596618652
2017-08-04,4.715465068817139
2017-08-07,5.124459266662598
2017-08-08,5.220693111419678
2017-08-09,5.0703277587890625
2017-08-10,4.907932758331299
2017-08-11,5.094386100769043
2017-08-14,5.04025411605835
2017-08-15,4.895904064178467
2017-08-16,4.877859115600586
2017-08-17,4.847786903381348
2017-08-18,4.895904064178467
2017-08-21,4.8056840896606445
2017-08-22,4.8538007736206055
2017-08-23,4.96807861328125
2017-08-24,5.160546779632568
2017-08-25,5.1485185623168945
2017-08-28,5.11844539642334
2017-08-29,5.142502784729004
2017-08-30,5.142502784729004
2017-08-31,5.2267069816589355
2017-09-01,5.57555627822876
2017-09-04,5.689833164215088
2017-09-05,5.810126304626465
2017-09-06,5.912374973297119
2017-09-07,5.912374973297119
2017-09-08,6.014623165130615
2017-09-11,6.315354347229004
2017-09-12,6.393544673919678
2017-09-13,6.267238140106201
2017-09-14,6.24919319152832
2017-09-15,6.5258660316467285
2017-09-18,6.748407363891602
2017-09-19,6.555939197540283
2017-09-20,6.345427513122559
2017-09-21,6.158974647521973
2017-09-22,5.8462138175964355
2017-09-25,5.653746128082275
2017-09-26,5.7078776359558105
2017-09-27,5.57555627822876
2017-09-28,5.461277961730957
2017-09-29,5.78005313873291
2017-10-02,5.942447662353516
2017-10-03,6.5318803787231445
2017-10-04,6.471734046936035
2017-10-05,6.33339786529541
2017-10-06,6.164989471435547
2017-10-09,5.954476833343506
2017-10-10,6.014623165130615
2017-10-11,5.804111480712891
2017-10-12,5.804111480712891
2017-10-13,6.146944046020508
2017-10-16,6.092813968658447
2017-10-17,5.936432361602783
2017-10-18,5.96049165725708
2017-10-19,5.930418014526367
2017-10-20,6.1108574867248535
2017-10-23,5.918390274047852
2017-10-24,6.026652812957764
2017-10-25,5.954476833343506
2017-10-26,5.737950801849365
2017-10-27,5.449248313903809
2017-10-30,5.142502784729004
2017-10-31,5.0703277587890625
2017-11-01,4.907932758331299
2017-11-02,4.907932758331299
2017-11-03,4.7996697425842285
2017-11-06,5.052282810211182
2017-11-07,4.835756778717041
2017-11-08,4.974093437194824
2017-11-09,4.721479415893555
2017-11-10,4.619230270385742
2017-11-13,4.733508586883545
2017-11-14,4.456835746765137
2017-11-15,4.456835746765137
2017-11-16,4.420747756958008
2017-11-17,4.643289566040039
2017-11-20,4.643289566040039
2017-11-21,4.59517240524292
2017-11-22,4.769595623016357
2017-11-23,4.841772556304932
2017-11-24,4.769595623016357
2017-11-27,4.8116984367370605
2017-11-28,4.679376602172852
2017-11-29,4.52299690246582
2017-11-30,4.426762580871582
2017-12-01,4.468864440917969
2017-12-04,4.52299690246582
2017-12-05,4.366616725921631
2017-12-06,4.510967254638672
2017-12-07,4.3966898918151855
2017-12-08,4.432776927947998
2017-12-11,4.5049519538879395
2017-12-12,4.655317306518555
2017-12-13,4.59517240524292
2017-12-14,4.59517240524292
2017-12-15,4.673362731933594
2017-12-18,4.516982555389404
2017-12-19,4.456835746765137
2017-12-20,4.679376602172852
2017-12-21,4.7816243171691895
2017-12-22,4.841772556304932
2017-12-25,4.841772556304932
2017-12-26,4.8538007736206055
2017-12-27,5.022210121154785
2017-12-28,5.04025411605835
2017-12-29,5.04025411605835
2018-01-02,5.220693111419678
2018-01-03,5.413161277770996
2018-01-04,5.581570148468018
2018-01-05,5.7078776359558105
2018-01-08,5.984549522399902
2018-01-09,6.146944046020508
2018-01-10,6.164989471435547
2018-01-11,6.5258660316467285
2018-01-12,6.32136869430542
2018-01-15,6.483763217926025
2018-01-16,6.3033246994018555
2018-01-17,6.555939197540283
2018-01-18,6.339413166046143
2018-01-19,6.423618793487549
2018-01-22,6.4657206535339355
2018-01-23,6.171003818511963
2018-01-24,6.5318803787231445
2018-01-25,6.5318803787231445
2018-01-26,6.543909549713135
2018-01-29,6.447676181793213
2018-01-30,6.51383638381958
2018-01-31,6.610071659088135
2018-02-01,6.68826150894165
2018-02-02,6.477749347686768
2018-02-05,6.104842185974121
2018-02-06,6.339413166046143
2018-02-07,6.116872310638428
2018-02-08,6.038681983947754
2018-02-09,5.94846248626709
2018-02-14,6.4657206535339355
2018-02-15,6.351442813873291
2018-02-16,6.393544673919678
2018-02-19,6.4536895751953125
2018-02-20,6.273252010345459
2018-02-21,6.231149673461914
2018-02-22,6.15295934677124
2018-02-23,6.171003818511963
2018-02-26,6.543909549713135
2018-02-27,6.399559020996094
2018-02-28,6.104842185974121
2018-03-01,5.834184646606445
2018-03-02,5.539467811584473
2018-03-05,5.461277961730957
2018-03-06,5.461277961730957
2018-03-07,5.443233966827393
2018-03-08,5.166561126708984
2018-03-09,5.371059417724609
2018-03-12,5.42518949508667
2018-03-13,5.334970474243164
2018-03-14,5.298882961273193
2018-03-15,5.130473613739014
2018-03-16,5.11844539642334
2018-03-19,4.96807861328125
2018-03-20,5.0643134117126465
2018-03-21,5.34098482131958
2018-03-22,5.232722282409668
2018-03-23,5.154532432556152
2018-03-26,5.154532432556152
2018-03-27,5.052282810211182
2018-03-28,5.0041656494140625
2018-03-29,5.292868137359619
2018-04-02,5.377073287963867
2018-04-03,5.286854267120361
2018-04-04,5.172575950622559
2018-04-05,5.334970474243164
2018-04-06,5.184605121612549
2018-04-09,5.046268939971924
2018-04-10,5.142502784729004
2018-04-11,5.286854267120361
2018-04-12,5.3289570808410645
2018-04-13,5.268809795379639
2018-04-16,5.124459266662598
2018-04-17,5.2267069816589355
2018-04-18,5.551497459411621
2018-04-19,5.57555627822876
2018-04-20,5.467292308807373
2018-04-23,5.491351127624512
2018-04-24,5.491351127624512
2018-04-25,5.497365951538086
2018-04-26,5.545483112335205
2018-04-27,5.353014945983887
2018-04-30,5.280839920043945
2018-05-02,5.359029769897461
2018-05-03,5.160546779632568
2018-05-04,5.232722282409668
2018-05-07,5.094386100769043
2018-05-08,5.094386100769043
2018-05-09,5.232722282409668
2018-05-10,5.407146453857422
2018-05-11,5.581570148468018
2018-05-14,5.725922107696533
2018-05-15,5.653746128082275
2018-05-16,5.762009620666504
2018-05-17,5.59961462020874
2018-05-18,5.57555627822876
2018-05-21,5.443233966827393
2018-05-22,5.527438640594482
2018-05-23,5.232722282409668
2018-05-24,5.172575950622559
2018-05-25,4.913947105407715
2018-05-28,4.420747756958008
2018-05-29,4.60720157623291
2018-05-30,4.631259918212891
2018-06-01,4.673362731933594
2018-06-04,5.371059417724609
2018-06-05,5.377073287963867
2018-06-06,5.238737106323242
2018-06-07,5.1485185623168945
2018-06-08,4.889888763427734
2018-06-11,4.847786903381348
2018-06-12,5.088371276855469
2018-06-13,5.052282810211182
2018-06-14,4.931991100311279
2018-06-15,4.7274932861328125
2018-06-18,4.7274932861328125
2018-06-19,4.7996697425842285
2018-06-20,4.817713737487793
2018-06-21,4.541040420532227
2018-06-22,4.643289566040039
2018-06-25,4.577127933502197
2018-06-26,4.535025596618652
2018-06-27,4.52299690246582
2018-06-28,4.565099716186523
2018-06-29,4.7274932861328125
2018-07-02,4.679376602172852
2018-07-03,4.70343542098999
2018-07-04,4.829741954803467
2018-07-05,4.7094502449035645
2018-07-06,4.793654441833496
2018-07-10,4.793654441833496
2018-07-11,4.553070545196533
2018-07-12,4.817713737487793
2018-07-13,4.823728084564209
2018-07-16,4.7816243171691895
2018-07-17,4.944019794464111
2018-07-18,4.865829944610596
2018-07-19,4.7816243171691895
2018-07-20,4.931991100311279
2018-07-23,4.925975799560547
2018-07-24,5.238737106323242
2018-07-25,5.2627949714660645
2018-07-26,5.208663463592529
2018-07-27,5.593599796295166
2018-07-30,5.485335826873779
2018-07-31,5.521424293518066
2018-08-01,5.551497459411621
2018-08-02,5.7499799728393555
2018-08-03,5.804111480712891
2018-08-06,5.743964195251465
2018-08-07,5.786067008972168
2018-08-08,5.768024444580078
2018-08-09,5.69584846496582
2018-08-10,5.509394645690918
2018-08-13,5.768024444580078
2018-08-14,5.737950801849365
2018-08-15,5.437219142913818
2018-08-16,5.4011311531066895
2018-08-17,5.41917610168457
2018-08-20,5.677803993225098
2018-08-21,5.479321479797363
2018-08-22,5.683818817138672
2018-08-23,5.058297634124756
2018-08-24,5.184605121612549
2018-08-27,5.232722282409668
2018-08-28,5.106415271759033
2018-08-29,5.172575950622559
2018-08-30,5.208663463592529
2018-08-31,5.280839920043945
2018-09-03,5.322943210601807
2018-09-04,5.046268939971924
2018-09-05,4.992137432098389
2018-09-06,5.022210121154785
2018-09-10,5.13648796081543
2018-09-11,4.913947105407715
2018-09-12,4.998152256011963
2018-09-13,4.98010778427124
2018-09-14,5.112430095672607
2018-09-17,5.196634769439697
2018-09-18,5.371059417724609
2018-09-19,5.377073287963867
2018-09-20,5.310911655426025
2018-09-21,5.473307132720947
2018-09-24,5.286854267120361
2018-09-25,5.587584972381592
2018-09-26,5.593599796295166
2018-09-27,5.563526630401611
2018-09-28,5.6176581382751465
2018-10-01,5.59961462020874
2018-10-02,5.822155475616455
2018-10-03,5.78005313873291
2018-10-04,5.78005313873291
2018-10-05,5.641716957092285
2018-10-08,5.834184646606445
2018-10-09,5.954476833343506
2018-10-10,5.611643314361572
2018-10-11,5.497365951538086
2018-10-15,5.6176581382751465
2018-10-16,6.092813968658447
2018-10-17,6.074769973754883
2018-10-18,5.900345802307129
2018-10-19,5.8943305015563965
2018-10-22,6.014623165130615
2018-10-23,5.834184646606445
2018-10-24,5.551497459411621
2018-10-25,5.593599796295166
2018-10-26,5.593599796295166
2018-10-29,5.365045070648193
2018-10-30,5.581570148468018
2018-10-31,5.755993843078613
2018-11-01,5.816140651702881
2018-11-05,5.96049165725708
2018-11-06,5.840199947357178
2018-11-07,5.906360149383545
2018-11-08,5.8943305015563965
2018-11-09,5.762009620666504
2018-11-12,5.6176581382751465
2018-11-13,5.551497459411621
2018-11-14,5.545483112335205
2018-11-16,5.804111480712891
2018-11-19,5.671789646148682
2018-11-21,5.455263137817383
2018-11-22,5.383087158203125
2018-11-23,5.190619945526123
2018-11-26,5.0823564529418945
2018-11-27,5.1485185623168945
2018-11-28,5.208663463592529
2018-11-29,5.280839920043945
2018-11-30,5.334970474243164
2018-12-03,5.521424293518066
2018-12-04,5.359029769897461
2018-12-05,5.377073287963867
2018-12-06,5.407146453857422
2018-12-07,5.2267069816589355
2018-12-10,5.100399971008301
2018-12-11,5.2146782875061035
2018-12-12,5.485335826873779
2018-12-13,5.455263137817383
2018-12-14,5.461277961730957
2018-12-17,5.587584972381592
2018-12-18,5.5695414543151855
2018-12-19,5.563526630401611
2018-12-20,5.377073287963867
2018-12-21,5.298882961273193
2018-12-26,5.190619945526123
2018-12-27,5.1485185623168945
2018-12-28,5.316926956176758
2019-01-02,5.539467811584473
2019-01-03,5.605628967285156
2019-01-04,5.8642578125
2019-01-07,5.87628698348999
2019-01-08,5.8943305015563965
2019-01-09,5.942447662353516
2019-01-10,6.002594470977783
2019-01-11,5.930418014526367
2019-01-14,5.87628698348999
2019-01-15,5.786067008972168
2019-01-16,5.9785356521606445
2019-01-17,5.966506481170654
2019-01-18,5.918390274047852
2019-01-21,5.97252082824707
2019-01-22,5.888315677642822
2019-01-23,6.207091331481934
2019-01-24,6.23716402053833
2019-01-28,5.882301330566406
2019-01-29,6.038681983947754
2019-01-30,6.243178367614746
2019-01-31,6.134915828704834
2019-02-01,6.074769973754883
2019-02-04,5.954476833343506
2019-02-05,5.942447662353516
2019-02-06,5.59961462020874
2019-02-07,5.725922107696533
2019-02-08,5.924404144287109
2019-02-11,5.786067008972168
2019-02-12,5.942447662353516
2019-02-13,6.002594470977783
2019-02-14,6.092813968658447
2019-02-15,6.098827362060547
2019-02-18,6.1890459060668945
2019-02-19,6.1108574867248535
2019-02-20,6.339413166046143
2019-02-21,6.934859752655029
2019-02-22,7.458133697509766
2019-02-25,7.879156589508057
2019-02-26,7.933289051055908
2019-02-27,7.626543045043945
2019-02-28,7.86712646484375
2019-03-01,8.330252647399902
2019-03-06,9.112154006958008
2019-03-07,8.865553855895996
2019-03-08,8.276121139526367
2019-03-11,8.757291793823242
2019-03-12,8.522721290588379
2019-03-13,9.316650390625
2019-03-14,9.262519836425781
2019-03-15,9.38882827758789
2019-03-18,9.803834915161133
2019-03-19,9.430930137634277
2019-03-20,9.563248634338379
2019-03-21,9.370782852172852
2019-03-22,8.99787712097168
2019-03-25,8.961788177490234
2019-03-26,9.5271635055542
2019-03-27,9.039978981018066
2019-03-28,9.430930137634277
2019-03-29,9.773761749267578
2019-04-01,10.176742553710938
2019-04-02,10.15268325805664
2019-04-03,10.303048133850098
2019-04-04,10.212830543518066
2019-04-05,10.110581398010254
2019-04-08,10.315077781677246
2019-04-09,10.056448936462402
2019-04-10,9.689558029174805
2019-04-11,9.3828125
2019-04-12,9.713616371154785
2019-04-15,9.755718231201172
2019-04-16,9.394841194152832
2019-04-17,9.232447624206543
2019-04-18,9.184329986572266
2019-04-22,8.937728881835938
2019-04-23,9.136212348937988
2019-04-24,8.87156867980957
2019-04-25,8.727218627929688
2019-04-26,8.919687271118164
2019-04-29,8.691130638122559
2019-04-30,8.745264053344727
2019-05-02,8.354312896728516
2019-05-03,9.023782730102539
2019-05-06,8.985919952392578
2019-05-07,8.948058128356934
2019-05-08,9.004850387573242
2019-05-09,8.992229461669922
2019-05-10,9.080574989318848
2019-05-13,8.651472091674805
2019-05-14,9.042712211608887
2019-05-15,9.042712211608887
2019-05-16,9.459196090698242
2019-05-17,9.711609840393066
2019-05-20,9.711609840393066
2019-05-21,10.487780570983887
2019-05-22,10.815917015075684
2019-05-23,10.69602108001709
2019-05-24,10.872710227966309
2019-05-27,11.484813690185547
2019-05-28,10.998917579650879
2019-05-29,10.544571876525879
2019-05-30,10.664469718933105
2019-05-31,10.437298774719238
2019-06-03,10.147021293640137
2019-06-04,10.595054626464844
2019-06-05,10.210125923156738
2019-06-06,10.475160598754883
2019-06-07,10.46884822845459
2019-06-10,10.879021644592285
2019-06-11,11.49743366241455
2019-06-12,10.853778839111328
2019-06-13,10.803297996520996
2019-06-14,10.582435607910156
2019-06-17,10.330020904541016
2019-06-18,10.658159255981445
2019-06-19,10.475160598754883
2019-06-21,10.412055969238281
2019-06-24,10.374195098876953
2019-06-25,10.147021293640137
2019-06-26,10.197504043579102
2019-06-27,10.393123626708984
2019-06-28,10.544571876525879
2019-07-01,10.721261024475098
2019-07-02,10.36788272857666
2019-07-03,10.651847839355469
2019-07-04,10.677088737487793
2019-07-05,10.538262367248535
2019-07-08,10.879021644592285
2019-07-10,10.879021644592285
2019-07-11,10.841158866882324
2019-07-12,10.771742820739746
2019-07-15,10.916881561279297
2019-07-16,11.106192588806152
2019-07-17,10.89795207977295
2019-07-18,11.112502098083496
2019-07-19,11.087260246276855
2019-07-22,10.954744338989258
2019-07-23,10.778054237365723
2019-07-24,10.35526180267334
2019-07-25,10.304780006408691
2019-07-26,10.38050365447998
2019-07-29,10.330020904541016
2019-07-30,10.348952293395996
2019-07-31,10.430988311767578
2019-08-01,10.241677284240723
2019-08-02,10.008193016052246
2019-08-05,9.408712387084961
2019-08-06,9.358229637145996
2019-08-07,9.206780433654785
2019-08-08,9.433952331542969
2019-08-09,9.24464225769043
2019-08-12,9.16260814666748
2019-08-13,9.452884674072266
2019-08-14,9.06164264678955
2019-08-15,8.771367073059082
2019-08-16,8.903883934020996
2019-08-19,8.752437591552734
2019-08-20,9.067954063415527
2019-08-21,8.866022109985352
2019-08-22,8.683023452758789
2019-08-23,8.59467887878418
2019-08-26,8.537885665893555
2019-08-27,8.430610656738281
2019-08-28,8.46847152709961
2019-08-29,8.966988563537598
2019-08-30,9.06164264678955
2019-09-02,9.055333137512207
2019-09-03,8.790299415588379
2019-09-04,8.910195350646973
2019-09-05,8.992229461669922
2019-09-06,8.878643989562988
2019-09-09,9.16260814666748
2019-09-10,9.402402877807617
2019-09-11,9.1436767578125
2019-09-12,9.345608711242676
2019-09-13,9.206780433654785
2019-09-16,9.074264526367188
2019-09-17,9.25095272064209
2019-09-18,9.042712211608887
2019-09-19,8.960677146911621
2019-09-20,9.017470359802246
2019-09-23,9.131057739257812
2019-09-24,8.76313591003418
2019-09-25,8.917778968811035
2019-09-26,8.788908958435059
2019-09-27,8.621378898620605
2019-09-30,8.524727821350098
2019-10-01,8.51828384399414
2019-10-02,8.228326797485352
2019-10-03,8.428074836730957
2019-10-04,8.569832801818848
2019-10-07,8.370084762573242
2019-10-08,8.009247779846191
2019-10-09,8.009247779846191
2019-10-10,8.434517860412598
2019-10-11,8.582718849182129
2019-10-14,8.531170845031738
2019-10-15,8.776022911071777
2019-10-16,8.5118408203125
2019-10-17,8.563387870788574
2019-10-18,8.408744812011719
2019-10-21,8.627823829650879
2019-10-22,8.73091983795166
2019-10-23,8.653596878051758
2019-10-24,8.060796737670898
2019-10-25,7.809502124786377
2019-10-28,7.86749267578125
2019-10-29,7.745065689086914
2019-10-30,7.603309631347656
2019-10-31,7.603309631347656
2019-11-01,7.687073230743408
2019-11-04,7.796615123748779
2019-11-05,7.931927680969238
2019-11-06,7.925483226776123
2019-11-07,8.11878776550293
2019-11-08,7.925483226776123
2019-11-11,7.86749267578125
2019-11-12,7.629083156585693
2019-11-13,7.268248558044434
2019-11-14,7.37134313583374
2019-11-18,7.37134313583374
2019-11-19,7.4744391441345215
2019-11-21,7.757953643798828
2019-11-22,7.796615123748779
2019-11-25,7.957700729370117
2019-11-26,8.292760848999023
2019-11-27,8.157449722290039
2019-11-28,8.12523078918457
2019-11-29,8.09301471710205
2019-12-02,8.556943893432617
2019-12-03,8.234770774841309
2019-12-04,8.46029281616211
2019-12-05,8.363640785217285
2019-12-06,8.589160919189453
2019-12-09,8.479622840881348
2019-12-10,8.589160919189453
2019-12-11,8.801796913146973
2019-12-12,9.085310935974121
2019-12-13,9.136857986450195
2019-12-16,9.027318954467773
2019-12-17,8.94355297088623
2019-12-18,8.846901893615723
2019-12-19,8.846901893615723
2019-12-20,8.89845085144043
2019-12-23,9.362380981445312
2019-12-26,9.343049049377441
2019-12-27,8.995102882385254
2019-12-30,9.091753005981445
2020-01-02,9.465475082397461
2020-01-03,9.394598007202148
2020-01-06,9.162632942199707
2020-01-07,9.162632942199707
2020-01-08,9.149744033813477
2020-01-09,9.053092002868652
2020-01-10,9.156188011169434
2020-01-13,9.710328102111816
2020-01-14,9.555685043334961
2020-01-15,9.4268159866333
2020-01-16,9.510580062866211
2020-01-17,9.523467063903809
2020-01-20,9.729659080505371
2020-01-21,9.446145057678223
2020-01-22,10.103381156921387
2020-01-23,9.980953216552734
2020-01-24,9.607232093811035
2020-01-27,8.85978889465332
2020-01-28,8.788908958435059
2020-01-29,8.608492851257324
2020-01-30,8.640708923339844
2020-01-31,8.312091827392578
2020-02-03,8.389412879943848
2020-02-04,8.537613868713379
2020-02-05,8.569832801818848
2020-02-06,8.51828384399414
2020-02-07,8.1961088180542
2020-02-10,7.835275173187256
2020-02-11,8.1961088180542
2020-02-12,8.363640785217285
2020-02-13,8.370084762573242
2020-02-14,8.157449722290039
2020-02-17,8.434517860412598
2020-02-18,8.582718849182129
2020-02-19,8.718031883239746
2020-02-20,8.51828384399414
2020-02-21,8.46029281616211
2020-02-26,7.53887414932251
2020-02-27,7.294022083282471
2020-02-28,7.2038140296936035
2020-03-02,7.957700729370117
2020-03-03,7.841717720031738
2020-03-04,7.9383697509765625
2020-03-05,7.699960708618164
2020-03-06,7.158707141876221
2020-03-09,5.3480916023254395
2020-03-10,6.037542819976807
2020-03-11,5.167673110961914
2020-03-12,4.239811420440674
2020-03-13,5.122567653656006
2020-03-16,4.639307498931885
2020-03-17,4.993698596954346
2020-03-18,4.323576927185059
2020-03-19,4.0980544090271
2020-03-20,3.9691848754882812
2020-03-23,3.7372195720672607
2020-03-24,3.7372195720672607
2020-03-25,4.220480918884277
2020-03-26,4.574872016906738
2020-03-27,4.362237453460693
2020-03-30,4.549098968505859
2020-03-31,4.497551441192627
2020-04-01,4.407341480255127
2020-04-02,4.491106986999512
2020-04-03,4.0271759033203125
2020-04-06,4.220480918884277
2020-04-07,4.478219985961914
2020-04-08,4.774620056152344
2020-04-09,4.61997652053833
2020-04-13,4.723072528839111
2020-04-14,4.793951034545898
2020-04-15,4.697299003601074
2020-04-16,4.793951034545898
2020-04-17,4.890603065490723
2020-04-20,4.716628551483154
2020-04-22,4.729516506195068
2020-04-23,4.832612037658691
2020-04-24,4.561985492706299
2020-04-27,4.671524524688721
2020-04-28,5.032360076904297
2020-04-29,5.818464756011963
2020-04-30,5.773360252380371
2020-05-04,5.3029866218566895
2020-05-05,5.129012107849121
2020-05-06,5.2192206382751465
2020-05-07,5.47651481628418
2020-05-08,5.489415168762207
2020-05-11,5.173338890075684
2020-05-12,5.083030700683594
2020-05-13,4.850811958312988
2020-05-14,5.412008762359619
2020-05-15,5.083030700683594
2020-05-18,5.341052055358887
2020-05-19,5.637777805328369
2020-05-20,5.52811861038208
2020-05-21,5.495865821838379
2020-05-22,5.482964992523193
2020-05-25,5.573272228240967
2020-05-26,5.502315998077393
2020-05-27,6.095766544342041
2020-05-28,6.198976039886475
2020-05-29,6.656964302062988
2020-06-01,6.676316261291504
2020-06-02,6.934338092803955
2020-06-03,6.83758020401001
2020-06-04,6.766624450683594
2020-06-05,6.856931209564209
2020-06-08,8.03093147277832
2020-06-09,7.7729105949401855
2020-06-10,7.4052276611328125
2020-06-12,7.011744976043701
2020-06-15,6.844029903411865
2020-06-16,7.289117813110352
2020-06-17,7.198810577392578
2020-06-18,7.514887809753418
2020-06-19,7.231062889099121
2020-06-22,7.173008441925049
2020-06-23,7.340723037719727
2020-06-24,7.147206783294678
2020-06-25,7.1794586181640625
2020-06-26,6.908535480499268
2020-06-29,6.805327892303467
2020-06-30,6.889184474945068
2020-07-01,6.83112907409668
2020-07-02,7.005293369293213
2020-07-03,6.908535480499268
2020-07-06,7.224612236022949
2020-07-07,7.0568976402282715
2020-07-08,7.327821254730225
2020-07-09,7.147206783294678
2020-07-10,7.243963718414307
2020-07-13,7.527788162231445
2020-07-14,7.863217353820801
2020-07-15,7.695502281188965
2020-07-16,7.540688514709473
2020-07-17,7.676150321960449
2020-07-20,7.65679931640625
2020-07-21,7.521337985992432
2020-07-22,7.618096828460693
2020-07-23,7.514887809753418
2020-07-24,7.489084720611572
2020-07-27,7.895469665527344
2020-07-28,7.934171676635742
2020-07-29,8.385709762573242
2020-07-30,8.243799209594727
2020-07-31,7.901920318603516
2020-08-03,8.398611068725586
2020-08-04,8.2308988571167
2020-08-05,8.463118553161621
2020-08-06,8.456666946411133
2020-08-07,8.353458404541016
2020-08-10,9.011414527893066
2020-08-11,8.979161262512207
2020-08-12,8.90820598602295
2020-08-13,8.830798149108887
2020-08-14,8.824349403381348
2020-08-17,8.99206256866455
2020-08-18,9.559710502624512
2020-08-19,9.604864120483398
2020-08-20,9.553258895874023
2020-08-21,9.340392112731934
2020-08-24,9.38554573059082
2020-08-25,9.572611808776855
2020-08-26,9.424249649047852
2020-08-27,9.64356803894043
2020-08-28,9.83708381652832
2020-08-31,9.81128215789795
2020-09-01,9.978996276855469
2020-09-02,9.843536376953125
2020-09-03,9.695171356201172
2020-09-04,9.656469345092773
2020-09-08,9.714523315429688
2020-09-09,10.19831657409668
2020-09-10,9.920942306518555
2020-09-11,10.32087516784668
2020-09-14,10.449886322021484
2020-09-15,10.701458930969238
2020-09-16,10.520841598510742
2020-09-17,10.791764259338379
2020-09-18,10.578896522521973
2020-09-21,10.469237327575684
2020-09-22,10.824017524719238
2020-09-23,10.391831398010254
2020-09-24,10.204764366149902
2020-09-25,10.262818336486816
2020-09-28,10.15316104888916
2020-09-29,9.882237434387207
2020-09-30,10.643403053283691
2020-10-01,10.669205665588379
2020-10-02,10.824017524719238
2020-10-05,11.43036937713623
2020-10-06,11.40456771850586
2020-10-07,11.610984802246094
2020-10-08,11.514226913452148
2020-10-09,11.456170082092285
2020-10-13,11.810952186584473
2020-10-14,11.869004249572754
2020-10-15,12.546314239501953
2020-10-16,12.597920417785645
2020-10-19,12.681777954101562
2020-10-20,13.339733123779297
2020-10-21,13.5074462890625
2020-10-22,13.49454402923584
2020-10-23,13.849323272705078
2020-10-26,13.694511413574219
2020-10-27,13.842872619628906
2020-10-28,13.333280563354492
2020-10-29,13.584850311279297
2020-10-30,13.24942398071289
2020-11-03,14.44277572631836
2020-11-04,13.829973220825195
2020-11-05,13.533248901367188
2020-11-06,13.397785186767578
2020-11-09,13.513895988464355
2020-11-10,12.907546043395996
2020-11-11,12.868842124938965
2020-11-12,12.591466903686523
2020-11-13,12.443105697631836
2020-11-16,12.739829063415527
2020-11-17,12.868842124938965
2020-11-18,12.655973434448242
2020-11-19,13.088159561157227
2020-11-23,13.771920204162598
2020-11-24,14.597588539123535
2020-11-25,14.9652681350708
2020-11-26,15.642578125
2020-11-27,15.487762451171875
2020-11-30,15.165234565734863
2020-12-01,15.455513000488281
2020-12-02,15.55226993560791
2020-12-03,14.978169441223145
2020-12-04,16.842378616333008
2020-12-07,16.932687759399414
2020-12-08,16.939138412475586
2020-12-09,16.655311584472656
2020-12-10,18.40340805053711
2020-12-11,18.222795486450195
2020-12-14,17.551937103271484
2020-12-15,18.158287048339844
2020-12-16,18.30020523071289
2020-12-17,18.977506637573242
2020-12-18,19.609663009643555
2020-12-21,19.906389236450195
2020-12-22,19.551607131958008
2020-12-23,19.906389236450195
2020-12-28,20.022497177124023
2020-12-29,20.996530532836914
2020-12-30,20.544994354248047
2021-01-04,22.04151725769043
2021-01-05,22.441452026367188
2021-01-06,23.38968276977539
2021-01-07,24.85395622253418
2021-01-08,25.0023193359375
2021-01-11,24.45402717590332
2021-01-12,24.563684463500977
2021-01-13,23.38323402404785
2021-01-14,24.118595123291016
2021-01-15,22.164081573486328
2021-01-18,22.60271644592285
2021-01-19,21.31260871887207
2021-01-20,21.351308822631836
2021-01-21,21.55772590637207
2021-01-22,21.918960571289062
2021-01-26,21.286806106567383
2021-01-27,20.719154357910156
2021-01-28,21.377113342285156
2021-01-29,19.609663009643555
2021-02-01,20.441781997680664
2021-02-02,19.738670349121094
2021-02-03,20.112808227539062
2021-02-04,20.061199188232422
2021-02-05,21.53837776184082
2021-02-08,22.325342178344727
2021-02-09,22.867189407348633
2021-02-10,22.18343162536621
2021-02-11,21.299707412719727
2021-02-12,21.17714500427246
2021-02-17,21.789947509765625
2021-02-18,22.035066604614258
2021-02-19,22.7446231842041
2021-02-22,23.080059051513672
2021-02-23,22.97684669494629
2021-02-24,23.96378517150879
2021-02-25,22.4156494140625
2021-02-26,21.202945709228516
2021-03-01,21.912506103515625
2021-03-02,22.473705291748047
2021-03-03,22.847837448120117
2021-03-04,22.712377548217773
2021-03-05,23.86702537536621
2021-03-08,23.54449462890625
2021-03-09,22.680124282836914
2021-03-10,22.02861785888672
2021-03-11,24.047637939453125
2021-03-12,24.266956329345703
2021-03-15,23.1123104095459
2021-03-16,23.834768295288086
2021-03-17,24.279855728149414
2021-03-18,23.8928279876709
2021-03-19,22.97039794921875
2021-03-22,22.576915740966797
2021-03-23,21.609333038330078
2021-03-24,21.480318069458008
2021-03-25,21.589982986450195
2021-03-26,22.667219161987305
2021-03-29,23.49934196472168
2021-03-30,23.78316879272461
2021-03-31,24.44757080078125
2021-04-01,23.738008499145508
2021-04-05,24.383066177368164
2021-04-06,25.26679039001465
2021-04-07,25.731233596801758
2021-04-08,26.511747360229492
2021-04-09,27.7954044342041
2021-04-12,28.305002212524414
2021-04-13,29.079071044921875
2021-04-14,30.001493453979492
2021-04-15,30.349822998046875
2021-04-16,30.96262550354004
2021-04-19,30.594945907592773
2021-04-20,30.098251342773438
2021-04-22,31.427066802978516
2021-04-23,31.627033233642578
2021-04-26,33.23321533203125
2021-04-27,32.89133834838867
2021-04-28,33.13645553588867
2021-04-29,32.40755081176758
2021-04-30,31.730241775512695
2021-05-03,31.261478424072266
2021-05-04,31.47067642211914
2021-05-05,32.48395919799805
2021-05-06,33.013484954833984
2021-05-07,33.09846878051758
2021-05-10,33.17038345336914
2021-05-11,33.84373092651367
2021-05-12,32.30744552612305
2021-05-13,31.333389282226562
2021-05-14,30.72542381286621
2021-05-17,31.647184371948242
2021-05-18,32.170166015625
2021-05-19,30.888851165771484
2021-05-20,30.856168746948242
2021-05-21,29.875566482543945
2021-05-24,29.568313598632812
2021-05-25,28.862285614013672
2021-05-26,29.36565589904785
2021-05-27,29.39180564880371
2021-05-28,29.182615280151367
2021-05-31,29.36565589904785
2021-06-01,30.99345588684082
2021-06-02,30.45738983154297
2021-06-04,29.823272705078125
2021-06-07,28.940725326538086
2021-06-08,28.63347625732422
2021-06-09,29.274137496948242
2021-06-10,29.30682373046875
2021-06-11,29.74482536315918
2021-06-14,29.496400833129883
2021-06-15,29.09109115600586
2021-06-16,27.718252182006836
2021-06-17,26.34541130065918
2021-06-18,27.06452178955078
2021-06-21,27.482908248901367
2021-06-22,27.790163040161133
2021-06-23,28.221622467041016
2021-06-24,29.156463623046875
2021-06-25,28.47004508972168
2021-06-28,28.064729690551758
2021-06-29,29.215293884277344
2021-06-30,28.7576847076416
2021-07-01,28.39159393310547
2021-07-02,29.463720321655273
2021-07-05,29.784046173095703
2021-07-06,29.14992332458496
2021-07-07,30.156675338745117
2021-07-08,28.823060989379883
2021-07-12,30.60120964050293
2021-07-13,30.908466339111328
2021-07-14,29.6794490814209
2021-07-15,30.267807006835938
2021-07-16,29.221832275390625
2021-07-19,28.8295955657959
2021-07-20,29.136852264404297
2021-07-21,29.784046173095703
2021-07-22,30.006315231323242
2021-07-23,29.901718139648438
2021-07-26,30.960763931274414
2021-07-27,30.646968841552734
2021-07-28,29.79058074951172
2021-07-29,31.464143753051758
2021-07-30,30.56199073791504
2021-08-02,30.130596160888672
2021-08-03,30.204513549804688
2021-08-04,30.527050018310547
2021-08-05,29.317529678344727
2021-08-06,29.17641258239746
2021-08-09,29.115942001342773
2021-08-10,29.4250431060791
2021-08-11,29.633346557617188
2021-08-12,29.310810089111328
2021-08-13,28.632129669189453
2021-08-16,27.852659225463867
2021-08-17,27.012712478637695
2021-08-18,26.387788772583008
2021-08-19,24.86244773864746
2021-08-20,24.822128295898438
2021-08-23,24.61382293701172
2021-08-24,25.930862426757812
2021-08-25,25.332820892333984
2021-08-26,24.56678581237793
2021-08-27,25.164825439453125
2021-08-30,24.654136657714844
2021-08-31,23.424457550048828
2021-09-01,23.437894821166992
2021-09-02,22.994401931762695
2021-09-03,23.390859603881836
2021-09-06,22.94736671447754
2021-09-08,22.315725326538086
2021-09-09,22.98096466064453
2021-09-10,22.67858123779297
2021-09-13,22.58450698852539
2021-09-14,22.2619686126709
2021-09-15,22.4030818939209
2021-09-16,21.018848419189453
2021-09-17,20.024349212646484
2021-09-20,19.406147003173828
2021-09-21,19.332233428955078
2021-09-22,19.708528518676758
2021-09-23,20.232654571533203
2021-09-24,19.506940841674805
2021-09-27,20.138580322265625
2021-09-28,18.559480667114258
2021-09-29,18.734188079833984
2021-09-30,19.30535316467285
2021-10-01,19.634611129760742
2021-10-04,18.653554916381836
2021-10-05,18.71402931213379
2021-10-06,18.693870544433594
2021-10-07,18.45868682861328
2021-10-08,19.029850006103516
2021-10-11,18.89546012878418
2021-10-13,18.45868682861328
2021-10-14,18.196622848510742
2021-10-15,18.539321899414062
2021-10-18,17.77328872680664
2021-10-19,17.249162673950195
2021-10-20,17.215566635131836
2021-10-21,16.84598731994629
2021-10-22,16.859426498413086
2021-10-25,17.53810691833496
2021-10-26,16.41593360900879
2021-10-27,16.462970733642578
2021-10-28,16.153871536254883
2021-10-29,15.30720329284668
2021-11-01,15.555829048156738
2021-11-03,14.843552589416504
2021-11-04,14.332865715026855
2021-11-05,14.27238941192627
2021-11-08,14.5747709274292
2021-11-09,14.319422721862793
2021-11-10,14.225349426269531
2021-11-11,15.287044525146484
2021-11-12,15.07873821258545
2021-11-16,14.18503475189209
2021-11-17,14.064080238342285
2021-11-18,13.311488151550293
2021-11-19,14.373181343078613
2021-11-22,14.64868450164795
2021-11-23,15.152653694152832
2021-11-24,15.401278495788574
2021-11-25,15.743975639343262
2021-11-26,14.971226692199707
2021-11-29,15.14593505859375
2021-11-30,14.621805191040039
2021-12-01,14.507574081420898
2021-12-02,15.838048934936523
2021-12-03,15.643181800842285
2021-12-06,16.214345932006836
2021-12-07,16.40249252319336
2021-12-08,16.194190979003906
2021-12-09,16.436092376708984
2021-12-10,16.382335662841797
2021-12-13,16.63096046447754
2021-12-14,16.382335662841797
2021-12-15,16.3621768951416
2021-12-16,17.349956512451172
2021-12-17,17.114768981933594
2021-12-20,15.932124137878418
2021-12-21,16.691434860229492
2021-12-22,16.637680053710938
2021-12-23,16.563766479492188
2021-12-27,16.745193481445312
2021-12-28,16.76535415649414
2021-12-29,16.825828552246094
2021-12-30,16.7922306060791
2022-01-03,16.469690322875977
2022-01-04,16.221065521240234
2022-01-05,15.87664794921875
2022-01-06,15.673450469970703
2022-01-07,16.337234497070312
2022-01-10,16.879098892211914
2022-01-11,16.838457107543945
2022-01-12,17.80027198791504
2022-01-13,17.732534408569336
2022-01-14,17.420963287353516
2022-01-17,17.028112411499023
2022-01-18,17.4683780670166
2022-01-19,17.9289608001709
2022-01-20,17.847681045532227
2022-01-21,17.4412841796875
2022-01-24,17.569974899291992
2022-01-25,17.21099090576172
2022-01-26,17.61061668395996
2022-01-27,17.732534408569336
2022-01-28,17.387096405029297
2022-01-31,17.299047470092773
2022-02-01,18.172800064086914
2022-02-02,18.260854721069336
2022-02-03,17.956056594848633
2022-02-04,18.037336349487305
2022-02-07,18.606294631958008
2022-02-08,18.85690689086914
2022-02-09,19.087200164794922
2022-02-10,19.107521057128906
2022-02-11,18.836585998535156
2022-02-14,18.789173126220703
2022-02-15,17.881549835205078
2022-02-16,17.956056594848633
2022-02-17,16.906192779541016
2022-02-18,16.6894474029541
2022-02-21,16.757177352905273
2022-02-22,16.872323989868164
2022-02-23,16.05275535583496
2022-02-24,15.917288780212402
2022-02-25,17.001018524169922
2022-03-02,18.37600326538086
2022-03-03,19.297168731689453
2022-03-04,19.642610549926758
2022-03-07,19.601972579956055
2022-03-08,18.660478591918945
2022-03-09,18.944957733154297
2022-03-10,18.626611709594727
2022-03-11,17.52933692932129
2022-03-14,16.506568908691406
2022-03-15,15.815689086914062
2022-03-16,16.188220977783203
2022-03-17,17.475149154663086
2022-03-18,17.393871307373047
2022-03-21,17.840909957885742
2022-03-22,17.603843688964844
2022-03-23,17.766401290893555
2022-03-24,18.084747314453125
2022-03-25,18.003467559814453
2022-03-28,17.79349708557129
2022-03-29,17.637710571289062
2022-03-30,18.07120132446289
2022-03-31,17.630935668945312
2022-04-01,17.712215423583984
2022-04-04,17.901870727539062
2022-04-05,17.4412841796875
2022-04-06,16.95360565185547
2022-04-07,17.048433303833008
2022-04-08,17.427736282348633
2022-04-11,17.271949768066406
2022-04-12,17.420963287353516
2022-04-13,17.820589065551758
2022-04-14,17.231311798095703
2022-04-18,16.763952255249023
2022-04-19,16.838457107543945
2022-04-20,16.147581100463867
2022-04-22,14.908065795898438
2022-04-25,14.515213012695312
2022-04-26,13.600813865661621
2022-04-27,14.223959922790527
2022-04-28,14.542304992675781
2022-04-29,14.271371841430664
2022-05-02,14.020499229431152
2022-05-03,14.643475532531738
2022-05-04,15.028462409973145
2022-05-05,14.139494895935059
2022-05-06,13.978500366210938
2022-05-09,13.34852123260498
2022-05-10,12.571548461914062
2022-05-11,12.774542808532715
2022-05-12,12.067567825317383
2022-05-13,12.543550491333008
2022-05-16,12.879538536071777
2022-05-17,13.103530883789062
2022-05-18,12.340557098388672
2022-05-19,13.229525566101074
2022-05-20,13.887503623962402
2022-05-23,14.440483093261719
2022-05-24,14.67147445678711
2022-05-25,14.699475288391113
2022-05-26,15.140456199645996
2022-05-27,15.609441757202148
2022-05-30,15.518444061279297
2022-05-31,15.287453651428223
2022-06-01,15.525445938110352
2022-06-02,16.071422576904297
2022-06-03,15.959427833557129
2022-06-06,15.399450302124023
2022-06-07,15.49044418334961
2022-06-08,14.727472305297852
2022-06-09,13.74750804901123
2022-06-10,13.740507125854492
2022-06-13,12.907538414001465
2022-06-14,12.690544128417969
2022-06-15,12.557550430297852
2022-06-17,11.913573265075684
2022-06-20,11.794577598571777
2022-06-21,11.717580795288086
2022-06-22,11.178598403930664
2022-06-23,10.954607009887695
2022-06-24,11.521587371826172
2022-06-27,11.87857437133789
2022-06-28,11.94857120513916
2022-06-29,11.549585342407227
2022-06-30,10.807612419128418
2022-07-01,10.555622100830078
2022-07-04,10.450626373291016
2022-07-05,10.261631965637207
2022-07-06,10.31762981414795
2022-07-07,10.863612174987793
2022-07-08,10.534623146057129
2022-07-11,10.002642631530762
2022-07-12,9.967642784118652
2022-07-13,10.058639526367188
2022-07-14,9.414663314819336
2022-07-15,9.687652587890625
2022-07-18,9.806649208068848
2022-07-19,10.037639617919922
2022-07-20,10.100637435913086
2022-07-21,10.121638298034668
2022-07-22,10.086639404296875
2022-07-25,10.177635192871094
2022-07-26,10.051639556884766
2022-07-27,10.261631965637207
2022-07-28,10.38062858581543
2022-07-29,10.296630859375
2022-08-01,9.890645980834961
2022-08-02,10.051639556884766
2022-08-03,9.911643981933594
2022-08-04,10.49262523651123
2022-08-05,10.772613525390625
2022-08-08,10.681617736816406
2022-08-09,10.807612419128418
2022-08-10,11.010605812072754
2022-08-11,11.332594871520996
2022-08-12,11.68258285522461
2022-08-15,11.15060043334961
2022-08-16,11.199599266052246
2022-08-17,11.388592720031738
2022-08-18,11.073601722717285
2022-08-19,10.758615493774414
2022-08-22,10.401626586914062
2022-08-23,11.367592811584473
2022-08-24,11.16460132598877
2022-08-25,11.171599388122559
2022-08-26,10.506623268127441
2022-08-29,10.149636268615723
2022-08-30,9.827648162841797
2022-08-31,9.65965461730957
2022-09-01,9.498659133911133
2022-09-02,9.393662452697754
2022-09-05,9.582656860351562
2022-09-06,9.23266887664795
2022-09-08,9.071675300598145
2022-09-09,9.876646995544434
2022-09-12,9.946643829345703
2022-09-13,9.4776611328125
2022-09-14,9.106675148010254
2022-09-15,9.050676345825195
2022-09-16,9.169671058654785
2022-09-19,9.540657997131348
2022-09-20,9.169671058654785
2022-09-21,8.763686180114746
2022-09-22,9.085674285888672
2022-09-23,8.98067855834961
2022-09-26,8.62369155883789
2022-09-27,8.469697952270508
2022-09-28,8.546693801879883
2022-09-29,8.427699089050293
2022-09-30,8.903680801391602
2022-10-03,9.274666786193848
2022-10-04,9.729650497436523
2022-10-05,10.016640663146973
2022-10-06,10.023640632629395
2022-10-07,10.009641647338867
2022-10-10,9.771650314331055
2022-10-11,9.64565372467041
2022-10-13,9.57565689086914
2022-10-14,9.008676528930664
2022-10-17,8.945679664611816
2022-10-18,9.211670875549316
2022-10-19,9.008676528930664
2022-10-20,9.365665435791016
2022-10-21,9.93264389038086
2022-10-24,9.127673149108887
2022-10-25,9.043676376342773
2022-10-26,9.19067096710205
2022-10-27,9.14167308807373
2022-10-28,8.616692543029785
2022-10-31,8.595691680908203
2022-11-01,8.994678497314453
2022-11-03,8.945679664611816
2022-11-04,9.512660026550293
2022-11-07,9.19067096710205
2022-11-08,9.498659133911133
2022-11-09,9.365665435791016
2022-11-10,9.24666976928711
2022-11-11,10.800613403320312
2022-11-14,10.464624404907227
2022-11-16,10.345629692077637
2022-11-17,10.226634979248047
2022-11-18,9.86264705657959
2022-11-21,9.750651359558105
2022-11-22,10.09363842010498
2022-11-23,10.114638328552246
2022-11-24,10.4086275100708
2022-11-25,10.49262523651123
2022-11-28,10.0515775680542
2022-11-29,10.902504920959473
2022-11-30,11.03166389465332
2022-12-01,10.887310028076172
2022-12-02,11.024066925048828
2022-12-05,11.039260864257812
2022-12-06,11.16841983795166
2022-12-07,10.955687522888184
2022-12-08,10.697371482849121
2022-12-09,11.251993179321289
2022-12-12,10.910102844238281
2022-12-13,10.54542064666748
2022-12-14,10.910102844238281
2022-12-15,10.659383773803711
2022-12-16,10.568211555480957
2022-12-19,10.355480194091797
2022-12-20,10.758151054382324
2022-12-21,10.818931579589844
2022-12-22,10.811334609985352
2022-12-23,10.568211555480957
2022-12-26,10.742956161499023
2022-12-27,10.986079216003418
2022-12-28,11.236798286437988
2022-12-29,11.463602066040039
2023-01-02,11.597538948059082
2023-01-03,11.463602066040039
2023-01-04,11.55026626586914
2023-01-05,12.314506530761719
2023-01-06,12.818748474121094
2023-01-09,12.87389850616455
2023-01-10,13.488443374633789
2023-01-11,13.512078285217285
2023-01-12,13.338746070861816
2023-01-13,13.307230949401855
2023-01-16,13.086627006530762
2023-01-17,13.220563888549805
2023-01-18,13.638137817382812
2023-01-19,13.716926574707031
2023-01-20,14.047834396362305
2023-01-23,14.142380714416504
2023-01-24,13.8902587890625
2023-01-25,13.874502182006836
2023-01-26,14.489047050476074
2023-01-27,14.339350700378418
2023-01-30,14.418136596679688
2023-01-31,14.575713157653809
2023-02-01,14.583590507507324
2023-02-02,13.787836074829102
2023-02-03,13.8902587890625
2023-02-06,13.6066255569458
2023-02-07,13.622382164001465
2023-02-08,13.638137817382812
2023-02-09,13.46480655670166
2023-02-10,13.441169738769531
2023-02-13,13.386018753051758
2023-02-14,13.425413131713867
2023-02-15,13.921774864196777
2023-02-16,14.15025806427002
2023-02-17,13.709047317504883
2023-02-22,13.669654846191406
2023-02-23,13.732686042785645
2023-02-24,13.015718460083008
2023-02-27,13.181170463562012
2023-02-28,13.133898735046387
2023-03-01,14.134501457214355
2023-03-02,14.00056266784668
2023-03-03,14.370863914489746
2023-03-06,13.819352149963379
2023-03-07,13.63025951385498
2023-03-08,14.173894882202148
2023-03-09,13.031475067138672
2023-03-10,12.542990684509277
2023-03-13,12.653292655944824
2023-03-14,12.385416030883789
2023-03-15,11.636934280395508
2023-03-16,11.64481258392334
2023-03-17,11.502995491027832
2023-03-20,11.290267944335938
2023-03-21,11.148448944091797
2023-03-22,11.219358444213867
2023-03-23,10.864814758300781
2023-03-24,10.8490571975708
2023-03-27,10.912087440490723
2023-03-28,11.361176490783691
2023-03-29,11.597538948059082
2023-03-30,12.2278413772583
2023-03-31,12.164810180664062
2023-04-03,11.896932601928711
2023-04-04,11.715721130371094
2023-04-05,11.581782341003418
2023-04-06,11.47935676574707
2023-04-10,11.912690162658691
2023-04-11,12.739960670471191
2023-04-12,12.629658699035645
2023-04-13,12.322385787963867
2023-04-14,11.416327476501465
2023-04-17,11.566024780273438
2023-04-18,11.786629676818848
2023-04-19,11.502995491027832
2023-04-20,11.447842597961426
2023-04-24,11.069662094116211
2023-04-25,10.786026954650879
2023-04-26,10.683603286743164
2023-04-27,10.904208183288574
2023-04-28,11.195722579956055
2023-05-02,10.960577011108398
2023-05-03,11.081212043762207
2023-05-04,10.391867637634277
2023-05-05,11.124296188354492
2023-05-08,11.408650398254395
2023-05-09,11.425885200500488
2023-05-10,11.210464477539062
2023-05-11,11.038128852844238
2023-05-12,10.995043754577637
2023-05-15,11.201848030090332
2023-05-16,10.934725761413574
2023-05-17,11.408650398254395
2023-05-18,11.477584838867188
2023-05-19,11.546518325805664
2023-05-22,11.546518325805664
2023-05-23,11.296631813049316
2023-05-24,10.865792274475098
2023-05-25,10.615903854370117
2023-05-26,10.76239013671875
2023-05-29,10.745157241821289
2023-05-30,10.340167999267578
2023-05-31,10.4694185256958
2023-06-01,10.52973747253418
2023-06-02,11.046745300292969
2023-06-05,11.150146484375
2023-06-06,11.382800102233887
2023-06-07,11.124296188354492
2023-06-09,11.219080924987793
2023-06-12,10.917492866516113
2023-06-13,10.857175827026367
2023-06-14,11.262165069580078
2023-06-15,11.39141845703125
2023-06-16,11.563753128051758
2023-06-19,11.563753128051758
2023-06-20,11.305249214172363
2023-06-21,11.253548622131348
2023-06-22,11.081212043762207
2023-06-23,11.0553617477417
2023-06-26,11.184613227844238
2023-06-27,11.279398918151855
2023-06-28,11.012277603149414
2023-06-29,11.14153003692627
2023-06-30,10.45218563079834
2023-07-03,10.607287406921387
2023-07-04,10.615903854370117
2023-07-05,10.633138656616211
2023-07-06,10.478035926818848
2023-07-07,10.960577011108398
2023-07-10,10.598671913146973
2023-07-11,10.676222801208496
2023-07-12,10.822709083557129
2023-07-13,11.175996780395508
2023-07-14,11.107063293457031
2023-07-17,11.098444938659668
2023-07-18,11.046745300292969
2023-07-19,10.943343162536621
2023-07-20,10.92611026763916
2023-07-21,10.960577011108398
2023-07-24,11.2449312210083
2023-07-25,11.908425331115723
2023-07-26,12.0204439163208
2023-07-27,11.856724739074707
2023-07-28,11.598220825195312
2023-07-31,11.9256591796875
2023-08-01,11.805024147033691
2023-08-02,11.460351943969727
2023-08-03,11.296631813049316
2023-08-04,11.132913589477539
2023-08-07,11.089829444885254
2023-08-08,10.977810859680176
2023-08-09,10.84855842590332
2023-08-10,10.779623985290527
2023-08-11,10.736539840698242
2023-08-14,10.590054512023926
2023-08-15,10.521120071411133
2023-08-16,10.4694185256958
2023-08-17,10.374634742736816
2023-08-18,10.52973747253418
2023-08-21,10.478035926818848
2023-08-22,10.546969413757324
2023-08-23,10.564204216003418
2023-08-24,10.322932243347168
2023-08-25,10.253998756408691
2023-08-28,10.297082901000977
2023-08-29,10.486652374267578
2023-08-30,10.546969413757324
2023-08-31,10.434951782226562
2023-09-01,10.607287406921387
2023-09-04,10.857175827026367
2023-09-05,10.676222801208496
2023-09-06,10.486652374267578
2023-09-08,10.2798490524292
2023-09-11,10.45218563079834
2023-09-12,10.4694185256958
2023-09-13,10.38325023651123
2023-09-14,10.76239013671875
2023-09-15,10.702073097229004
2023-09-18,10.66760540008545
2023-09-19,10.693455696105957
2023-09-20,10.693455696105957
2023-09-21,10.538352966308594
2023-09-22,10.426334381103516
2023-09-25,10.38325023651123
2023-09-26,10.340167999267578
2023-09-27,10.2798490524292
2023-09-28,10.36601734161377
2023-09-29,10.460803031921387
2023-10-02,10.357400894165039
2023-10-03,10.167830467224121
2023-10-04,9.961028099060059
2023-10-05,9.874858856201172
2023-10-06,9.917943954467773
2023-10-09,9.823158264160156
2023-10-10,10.012728691101074
2023-10-11,10.14198112487793
2023-10-13,10.029962539672852
2023-10-16,10.047195434570312
2023-10-17,10.038578033447266
2023-10-18,9.736990928649902
2023-10-19,9.693906784057617
2023-10-20,9.37508487701416
2023-10-23,9.435402870178223
2023-10-24,9.59050464630127
2023-10-25,9.512953758239746
2023-10-26,9.728374481201172
2023-10-27,9.797307968139648
2023-10-30,9.909326553344727
2023-10-31,10.133363723754883
2023-11-01,10.314316749572754
2023-11-03,10.917492866516113
2023-11-06,10.92611026763916
2023-11-07,10.943343162536621
2023-11-08,10.943343162536621
2023-11-09,10.788241386413574
2023-11-10,10.917492866516113
2023-11-13,10.891642570495605
2023-11-14,11.839491844177246
2023-11-16,12.658087730407715
2023-11-17,12.804573059082031
2023-11-20,14.01954460144043
2023-11-21,14.139431953430176
2023-11-22,14.4644775390625
2023-11-23,14.247780799865723
2023-11-24,14.103316307067871
2023-11-27,14.446418762207031
2023-11-28,14.599912643432617
2023-11-29,14.708261489868164
2023-11-30,14.825637817382812
2023-12-01,15.493783950805664
2023-12-04,15.35835075378418
2023-12-05,15.511842727661133
2023-12-06,15.466696739196777
2023-12-07,15.322232246398926
2023-12-08,15.529902458190918
2023-12-11,15.475726127624512
2023-12-12,15.484755516052246
2023-12-13,15.818829536437988
2023-12-14,15.900091171264648
2023-12-15,16.279308319091797
2023-12-18,16.730758666992188
2023-12-19,16.884252548217773
2023-12-20,16.59532356262207
2023-12-21,17.200265884399414
2023-12-22,17.25444221496582
2023-12-26,17.480167388916016
2023-12-27,17.615602493286133
2023-12-28,17.751035690307617
2024-01-02,17.525312423706055
2024-01-03,17.678804397583008
2024-01-04,17.416963577270508
2024-01-05,17.37181854248047
2024-01-08,17.380847930908203
2024-01-09,16.604351043701172
2024-01-10,16.170961380004883
2024-01-11,16.134843826293945
2024-01-12,16.16193199157715
2024-01-15,16.107757568359375
2024-01-16,15.520872116088867
2024-01-17,15.069421768188477
2024-01-18,15.412522315979004
2024-01-19,15.64727783203125
2024-01-22,15.466696739196777
2024-01-23,15.72853946685791
2024-01-24,16.089698791503906
2024-01-25,16.179988861083984
2024-01-26,16.396684646606445
2024-01-29,16.324453353881836
2024-01-30,16.170961380004883
2024-01-31,16.00843620300293
2024-02-01,15.863974571228027
2024-02-02,15.457669258117676
2024-02-05,15.683394432067871
2024-02-06,16.243192672729492
2024-02-07,16.550180435180664
2024-02-08,16.306394577026367
2024-02-09,16.071640014648438
2024-02-14,16.134843826293945
2024-02-15,16.640470504760742
2024-02-16,17.191240310668945
2024-02-19,17.082889556884766
2024-02-20,16.252222061157227
2024-02-21,15.773683547973633
2024-02-22,15.75562572479248
2024-02-23,16.00843620300293
2024-02-26,15.502813339233398
2024-02-27,15.64727783203125
2024-02-28,15.403494834899902
2024-02-29,15.186797142028809
2024-03-01,15.412522315979004
2024-03-04,15.060392379760742
2024-03-05,14.970101356506348
2024-03-06,15.033304214477539
2024-03-07,14.310983657836914
2024-03-08,14.726318359375
2024-03-11,14.4644775390625
2024-03-12,14.626999855041504
2024-03-13,14.690203666687012
2024-03-14,14.139431953430176
2024-03-15,13.778271675109863
2024-03-18,14.184577941894531
2024-03-19,14.437389373779297
2024-03-20,14.726318359375
2024-03-21,14.708261489868164
2024-03-22,14.329042434692383
2024-03-25,14.175548553466797
2024-03-26,14.031084060668945
2024-03-27,14.12137508392334
2024-03-28,14.175548553466797
2024-04-01,14.193607330322266
2024-04-02,13.841474533081055
2024-04-03,13.850504875183105
2024-04-04,13.687982559204102
2024-04-05,13.498373031616211
2024-04-08,13.850504875183105
2024-04-09,13.633808135986328
2024-04-10,12.956632614135742
2024-04-11,12.929544448852539
2024-04-12,12.956632614135742
2024-04-15,12.992748260498047
2024-04-16,12.794110298156738
2024-04-17,12.929544448852539
2024-04-18,12.830225944519043
2024-04-19,13.254590034484863
2024-04-22,13.344880104064941
2024-04-23,13.019835472106934
2024-04-24,12.902457237243652
2024-04-25,12.712848663330078
2024-04-26,12.7489652633667
2024-04-29,12.830225944519043
2024-04-30,12.568384170532227
2024-05-02,12.658675193786621
2024-05-03,12.866341590881348
2024-05-06,12.839255332946777
2024-05-07,12.667702674865723
2024-05-08,12.694790840148926
2024-05-09,12.532268524169922
2024-05-10,12.496152877807617
2024-05-13,12.767023086547852
2024-05-14,12.550326347351074
2024-05-15,12.451693534851074
2024-05-16,12.651605606079102
2024-05-17,12.756321907043457
2024-05-20,12.822959899902344
2024-05-21,12.93719482421875
2024-05-22,12.680164337158203
2024-05-23,12.470732688903809
2024-05-24,12.775361061096191
2024-05-27,12.718242645263672
2024-05-28,12.670645713806152
2024-05-29,12.594487190246582
2024-05-31,12.451693534851074
2024-06-03,12.080427169799805
2024-06-04,11.899554252624512
2024-06-05,11.87099552154541
2024-06-06,12.070907592773438
2024-06-07,11.842435836791992
2024-06-10,11.756759643554688
2024-06-11,11.699641227722168
2024-06-12,11.337894439697266
2024-06-13,11.328374862670898
2024-06-14,11.452130317687988
2024-06-17,11.337894439697266
2024-06-18,12.366016387939453
2024-06-19,12.137544631958008
2024-06-20,12.37553596496582
2024-06-21,12.04234790802002
2024-06-24,12.099466323852539
2024-06-25,11.966191291809082
2024-06-26,11.93763256072998
2024-06-27,12.280339241027832
2024-06-28,12.2898588180542
2024-07-01,12.2898588180542
2024-07-02,12.366016387939453
2024-07-03,12.518330574035645
2024-07-04,12.651605606079102
2024-07-05,12.394576072692871
2024-07-08,12.346977233886719
2024-07-09,12.394576072692871
2024-07-10,12.270820617675781
2024-07-11,12.470732688903809
2024-07-12,12.708724021911621
2024-07-15,12.81343936920166
2024-07-16,12.470732688903809
2024-07-17,12.546890258789062
2024-07-18,12.032829284667969
2024-07-19,12.032829284667969
2024-07-22,12.070907592773438
2024-07-23,11.461649894714355
2024-07-24,11.41405200958252
2024-07-25,11.385493278503418
2024-07-26,11.452130317687988
2024-07-29,11.34741497039795
2024-07-30,11.157022476196289
2024-07-31,11.29029655456543
2024-08-01,10.890471458435059
2024-08-02,10.804795265197754
2024-08-05,10.804795265197754
2024-08-06,10.728638648986816
2024-08-07,10.766716957092285
2024-08-08,10.85239315032959
2024-08-09,11.128462791442871
2024-08-12,11.118943214416504
2024-08-13,11.60444450378418
2024-08-14,11.137982368469238
2024-08-15,10.966629028320312
2024-08-16,10.766716957092285
2024-08-19,11.43309211730957
2024-08-20,11.318856239318848
2024-08-21,11.737719535827637
2024-08-22,11.547327041625977
2024-08-23,11.6615629196167
2024-08-26,11.633004188537598
2024-08-27,11.699641227722168
2024-08-28,11.337894439697266
2024-08-29,11.356934547424316
2024-08-30,11.29029655456543
2024-09-02,11.18558120727539
2024-09-03,10.78575611114502
2024-09-04,10.85239315032959
2024-09-05,10.97614860534668
2024-09-06,11.042786598205566
2024-09-09,10.919031143188477
2024-09-10,10.709598541259766
2024-09-11,11.0332670211792
2024-09-12,10.97614860534668
2024-09-13,11.328374862670898
2024-09-16,11.337894439697266
2024-09-17,11.442611694335938
2024-09-18,11.318856239318848
2024-09-19,11.471170425415039
2024-09-20,10.595362663269043
2024-09-23,10.547764778137207
2024-09-24,11.53780746459961
2024-09-25,11.594925880432129
2024-09-26,12.632567405700684
2024-09-27,12.613527297973633
2024-09-30,12.270820617675781
2024-10-01,12.423134803771973
2024-10-02,12.661125183105469
2024-10-03,12.299379348754883
2024-10-04,12.032829284667969
2024-10-07,12.147065162658691
2024-10-08,11.575885772705078
2024-10-09,11.55684757232666
2024-10-10,11.271257400512695
2024-10-11,11.299816131591797
2024-10-14,11.271257400512695
2024-10-15,11.118943214416504
2024-10-16,11.366453170776367
2024-10-17,11.109423637390137
2024-10-18,11.109423637390137
2024-10-21,11.118943214416504
2024-10-22,10.938069343566895
2024-10-23,10.90951156616211
2024-10-24,11.128462791442871
2024-10-25,11.233179092407227
2024-10-28,11.480690002441406
2024-10-29,11.195100784301758
2024-10-30,11.214138984680176
2024-10-31,11.204620361328125
2024-11-01,11.090383529663086
2024-11-04,11.366453170776367
2024-11-05,11.699641227722168
2024-11-06,11.34741497039795
2024-11-07,11.699641227722168
2024-11-08,11.18558120727539
2024-11-11,10.747676849365234
2024-11-12,10.547764778137207
2024-11-13,10.128900527954102
2024-11-14,10.128900527954102
2024-11-18,11.061824798583984
2024-11-19,11.090383529663086
2024-11-21,10.90951156616211
2024-11-22,11.109999656677246
2024-11-25,11.25
2024-11-26,11.100000381469727
2024-11-27,11.1899995803833
2024-11-28,10.899999618530273
2024-11-29,11.15999984741211
2024-12-02,11.180000305175781
2024-12-03,11.420000076293945
2024-12-04,11.1899995803833
2024-12-05,11.350000381469727
2024-12-06,11.15999984741211
2024-12-09,11.649999618530273
2024-12-10,11.710000038146973
2024-12-11,11.579999923706055
2024-12-12,11.180000305175781
2024-12-13,10.6899995803833
2024-12-16,10.609999656677246
2024-12-17,10.5600004196167
2024-12-18,9.489999771118164
2024-12-19,9.25
2024-12-20,9.300000190734863
2024-12-23,8.859999656677246
2024-12-26,8.899999618530273
2024-12-27,8.680000305175781
2024-12-30,8.859999656677246
2025-01-02,8.420000076293945
2025-01-03,8.210000038146973
2025-01-06,8.529999732971191
2025-01-07,8.359999656677246
2025-01-08,7.760000228881836
2025-01-09,7.449999809265137
2025-01-10,7.730000019073486
2025-01-13,7.679999828338623
2025-01-14,7.489999771118164
2025-01-15,7.96999979019165
2025-01-16,7.809999942779541
2025-01-17,8.130000114440918
2025-01-20,7.989999771118164
2025-01-21,8.100000381469727
2025-01-22,7.849999904632568
2025-01-23,7.860000133514404
2025-01-24,8.260000228881836
2025-01-27,8.800000190734863
2025-01-28,8.729999542236328
2025-01-29,8.800000190734863
2025-01-30,9.25
2025-01-31,9.09000015258789
2025-02-03,9.029999732971191
2025-02-04,9.020000457763672
2025-02-05,8.729999542236328
2025-02-06,9.0600004196167
2025-02-07,8.9399995803833
2025-02-10,9.069999694824219
2025-02-11,8.869999885559082
2025-02-12,8.380000114440918
2025-02-13,8.359999656677246
2025-02-14,8.739999771118164
2025-02-17,8.789999961853027
2025-02-18,8.890000343322754
2025-02-19,8.760000228881836
2025-02-20,8.84000015258789
2025-02-21,8.699999809265137
2025-02-24,8.460000038146973
2025-02-25,8.539999961853027
2025-02-26,8.699999809265137
2025-02-27,8.670000076293945
2025-02-28,8.520000457763672
2025-03-05,8.5
2025-03-06,8.670000076293945
2025-03-07,8.800000190734863
2025-03-10,8.65999984741211
2025-03-11,8.4399995803833
2025-03-12,8.470000267028809
2025-03-13,9.140000343322754
2025-03-14,10.220000267028809
2025-03-17,10.079999923706055
2025-03-18,9.850000381469727
2025-03-19,10.050000190734863
2025-03-20,10.029999732971191
2025-03-21,10.069999694824219
2025-03-24,9.960000038146973
2025-03-25,9.949999809265137
2025-03-26,9.979999542236328
2025-03-27,9.960000038146973
2025-03-28,9.739999771118164
2025-03-31,9.470000267028809
2025-04-01,9.479999542236328
2025-04-02,8.989999771118164
2025-04-03,8.8100004196167
2025-04-04,8.229999542236328
2025-04-07,8.239999771118164
2025-04-08,7.769999980926514
2025-04-09,8.40999984741211
2025-04-10,8.359999656677246
2025-04-11,8.630000114440918
2025-04-14,8.960000038146973
2025-04-15,8.649999618530273
2025-04-16,8.649999618530273
2025-04-17,8.680000305175781
2025-04-22,8.850000381469727
2025-04-23,9.130000114440918
2025-04-24,9.359999656677246
2025-04-25,9.390000343322754
2025-04-28,9.359999656677246
2025-04-29,9.399999618530273
2025-04-30,9.300000190734863
2025-05-02,9.350000381469727
2025-05-05,9.199999809265137
2025-05-06,9.34000015258789
2025-05-07,9.399999618530273
2025-05-08,9.630000114440918
2025-05-09,8.680000305175781
2025-05-12,8.890000343322754
2025-05-13,9.029999732971191
2025-05-14,9.289999961853027
2025-05-15,9.270000457763672
2025-05-16,9.069999694824219
2025-05-19,9.079999923706055
2025-05-20,9.100000381469727
2025-05-21,8.90999984741211
2025-05-22,8.800000190734863
2025-05-23,8.84000015258789
2025-05-26,8.8100004196167
2025-05-27,9.0
2025-05-28,8.670000076293945
2025-05-29,8.579999923706055
2025-05-30,8.25
2025-06-02,8.239999771118164
2025-06-03,8.380000114440918
2025-06-04,8.329999923706055
2025-06-05,8.270000457763672
2025-06-06,8.229999542236328
2025-06-09,8.300000190734863
2025-06-10,8.640000343322754
2025-06-11,8.479999542236328
2025-06-12,8.289999961853027
2025-06-13,7.940000057220459
2025-06-16,8.420000076293945
2025-06-17,8.199999809265137
2025-06-18,8.149999618530273
2025-06-20,7.869999885559082
2025-06-23,7.739999771118164
2025-06-24,7.630000114440918
2025-06-25,7.25
2025-06-26,7.420000076293945
2025-06-27,7.5
2025-06-30,7.440000057220459
2025-07-01,7.510000228881836
2025-07-02,7.96999979019165
2025-07-03,8.229999542236328
2025-07-04,8.210000038146973
2025-07-07,8.119999885559082
2025-07-08,8.140000343322754
2025-07-09,7.929999828338623
2025-07-10,8.329999923706055
2025-07-11,8.25
2025-07-14,8.199999809265137
2025-07-15,8.079999923706055
2025-07-16,8.0
2025-07-17,7.909999847412109
2025-07-18,7.820000171661377
2025-07-21,7.989999771118164
2025-07-22,8.5600004196167
2025-07-23,8.770000457763672
2025-07-24,8.550000190734863
2025-07-25,8.369999885559082
2025-07-28,8.0
2025-07-29,8.010000228881836
2025-07-30,7.940000057220459
2025-07-31,8.020000457763672
2025-08-01,7.619999885559082
2025-08-04,7.449999809265137
2025-08-05,7.239999771118164
2025-08-06,7.21999979019165
2025-08-07,7.309999942779541
2025-08-08,7.409999847412109
2025-08-11,7.260000228881836
2025-08-12,7.550000190734863
2025-08-13,7.420000076293945
2025-08-14,6.96999979019165
2025-08-15,6.769999980926514
2025-08-18,7.079999923706055
2025-08-19,6.840000152587891
2025-08-20,6.769999980926514
2025-08-21,6.829999923706055
2025-08-22,7.159999847412109
2025-08-25,7.239999771118164
2025-08-26,7.25
2025-08-27,7.380000114440918
2025-08-28,7.730000019073486
2025-08-29,7.610000133514404
2025-09-01,7.539999961853027
2025-09-02,7.440000057220459
2025-09-03,7.429999828338623
2025-09-04,7.650000095367432
2025-09-05,7.789999961853027
2025-09-08,7.840000152587891
2025-09-09,7.789999961853027
2025-09-10,7.75
2025-09-11,7.820000171661377
2025-09-12,7.829999923706055
2025-09-15,7.869999885559082
2025-09-16,8.069999694824219
2025-09-17,8.109999656677246
2025-09-18,7.909999847412109
2025-09-19,8.010000228881836
2025-09-22,7.949999809265137
2025-09-23,7.980000019073486
2025-09-24,8.039999961853027
2025-09-25,7.949999809265137
2025-09-26,7.989999771118164
2025-09-29,8.039999961853027
2025-09-30,7.900000095367432
2025-10-01,8.210000038146973
2025-10-02,8.15999984741211
2025-10-03,8.199999809265137
2025-10-06,8.729999542236328
2025-10-07,8.399999618530273
2025-10-08,8.460000038146973
2025-10-09,8.420000076293945
2025-10-10,7.909999847412109
2025-10-13,8.40999984741211
2025-10-14,8.449999809265137
2025-10-15,8.520000457763672
2025-10-16,8.300000190734863
2025-10-17,8.34000015258789
2025-10-20,8.720000267028809
2025-10-21,8.649999618530273
2025-10-22,8.609999656677246
2025-10-23,8.760000228881836
2025-10-24,8.630000114440918
2025-10-27,8.920000076293945
2025-10-28,9.119999885559082
2025-10-29,9.3100004196167
2025-10-30,9.359999656677246
2025-10-31,9.4399995803833
2025-11-03,9.300000190734863
2025-11-04,9.130000114440918
2025-11-05,8.710000038146973
2025-11-06,8.5
2025-11-07,8.350000381469727
2025-11-10,8.289999961853027
2025-11-11,8.3100004196167
2025-11-12,8.729999542236328
2025-11-13,8.609999656677246
2025-11-14,8.649999618530273
2025-11-17,8.350000381469727
2025-11-18,8.149999618530273
2025-11-19,8.109999656677246
2025-11-21,8.100000381469727
2025-11-24,8.109999656677246
2025-11-25,8.3100004196167
2025-11-26,8.640000343322754
2025-11-27,8.479999542236328
2025-11-28,8.4399995803833
2025-12-01,8.449999809265137
2025-12-02,8.579999923706055
2025-12-03,9.050000190734863
2025-12-04,9.289999961853027
2025-12-05,8.90999984741211
2025-12-08,8.760000228881836
2025-12-09,9.050000190734863
2025-12-10,9.630000114440918
2025-12-11,9.770000457763672
2025-12-12,9.699999809265137
2025-12-15,9.579999923706055
2025-12-16,9.680000305175781
2025-12-17,9.5600004196167
2025-12-18,9.59000015258789
2025-12-19,9.279999732971191
2025-12-22,9.199999809265137
2025-12-23,9.210000038146973
2025-12-26,9.15999984741211
2025-12-29,8.930000305175781
2025-12-30,8.9399995803833
