date,close
2010-12-01,11.83135986328125
2010-12-02,11.852677345275879
2010-12-03,11.724771499633789
2010-12-06,11.644831657409668
2010-12-07,11.698125839233398
2010-12-08,11.223803520202637
2010-12-09,11.037274360656738
2010-12-10,11.122543334960938
2010-12-13,11.127873420715332
2010-12-14,11.010625839233398
2010-12-15,10.50965690612793
2010-12-16,10.141925811767578
2010-12-17,10.285820960998535
2010-12-20,9.88611125946045
2010-12-21,10.552292823791504
2010-12-22,10.808107376098633
2010-12-23,10.786788940429688
2010-12-27,10.658883094787598
2010-12-28,10.920024871826172
2010-12-29,11.351709365844727
2010-12-30,11.644831657409668
2011-01-03,11.511591911315918
2011-01-04,11.389016151428223
2011-01-05,11.458298683166504
2011-01-06,11.074580192565918
2011-01-07,10.866730690002441
2011-01-10,10.829424858093262
2011-01-11,10.888050079345703
2011-01-12,11.20248794555664
2011-01-13,10.818764686584473
2011-01-14,10.861400604248047
2011-01-17,10.722835540771484
2011-01-18,11.05859088897705
2011-01-19,10.994637489318848
2011-01-20,11.00529670715332
2011-01-21,10.73349380493164
2011-01-24,10.973319053649902
2011-01-26,10.60558795928955
2011-01-27,10.259174346923828
2011-01-28,9.843477249145508
2011-01-31,9.811502456665039
2011-02-01,10.339116096496582
2011-02-02,9.672934532165527
2011-02-03,9.742218017578125
2011-02-04,9.385149002075195
2011-02-07,9.459758758544922
2011-02-08,9.806172370910645
2011-02-09,9.459758758544922
2011-02-10,9.267900466918945
2011-02-11,9.902100563049316
2011-02-14,10.205878257751465
2011-02-15,9.987373352050781
2011-02-16,9.827491760253906
2011-02-17,9.694252967834473
2011-02-18,9.83814811706543
2011-02-21,9.454428672790527
2011-02-22,8.953461647033691
2011-02-23,9.006753921508789
2011-02-24,9.006753921508789
2011-02-25,9.060050010681152
2011-02-28,8.820225715637207
2011-03-01,8.399197578430176
2011-03-02,8.473811149597168
2011-03-03,8.793578147888184
2011-03-04,8.473811149597168
2011-03-09,8.473811149597168
2011-03-10,8.377881050109863
2011-03-11,8.63369369506836
2011-03-14,8.074105262756348
2011-03-15,7.972842693328857
2011-03-16,8.26063346862793
2011-03-17,8.036797523498535
2011-03-18,8.148715019226074
2011-03-21,8.026139259338379
2011-03-22,8.14338493347168
2011-03-23,7.967515468597412
2011-03-24,7.9835028648376465
2011-03-25,7.9835028648376465
2011-03-28,7.951526165008545
2011-03-29,7.951526165008545
2011-03-30,7.951526165008545
2011-03-31,7.951526165008545
2011-04-01,7.951526165008545
2011-04-04,7.951526165008545
2011-04-05,7.951526165008545
2011-04-06,8.41518783569336
2011-04-07,8.734954833984375
2011-04-08,8.71896743774414
2011-04-11,8.591058731079102
2011-04-12,8.340575218200684
2011-04-13,8.452493667602539
2011-04-14,8.457822799682617
2011-04-15,8.623035430908203
2011-04-18,8.628365516662598
2011-04-19,8.921483039855957
2011-04-20,9.1133451461792
2011-04-25,9.086697578430176
2011-04-26,9.086697578430176
2011-04-27,9.04939079284668
2011-04-28,8.724295616149902
2011-04-29,8.798909187316895
2011-05-02,8.791845321655273
2011-05-03,8.634071350097656
2011-05-04,8.351167678833008
2011-05-05,8.280441284179688
2011-05-06,8.541584968566895
2011-05-09,8.498058319091797
2011-05-10,8.498058319091797
2011-05-11,8.655834197998047
2011-05-12,8.786405563354492
2011-05-13,8.84080982208252
2011-05-16,8.84080982208252
2011-05-17,8.76464557647705
2011-05-18,8.367486000061035
2011-05-19,8.079142570495605
2011-05-20,8.438214302062988
2011-05-23,8.628630638122559
2011-05-24,8.846251487731934
2011-05-25,8.895214080810547
2011-05-26,8.916976928710938
2011-05-27,8.916976928710938
2011-05-30,8.906098365783691
2011-05-31,9.194441795349121
2011-06-01,8.808168411254883
2011-06-02,9.014906883239746
2011-06-03,9.216205596923828
2011-06-06,8.868014335632324
2011-06-07,8.868014335632324
2011-06-08,8.86257266998291
2011-06-09,9.02034854888916
2011-06-10,8.759204864501953
2011-06-13,8.644953727722168
2011-06-14,8.405570983886719
2011-06-15,8.31308364868164
2011-06-16,8.160748481750488
2011-06-17,8.133546829223633
2011-06-20,8.171629905700684
2011-06-21,8.079142570495605
2011-06-22,8.073700904846191
2011-06-24,8.079142570495605
2011-06-27,8.37836742401123
2011-06-28,8.416454315185547
2011-06-29,8.323963165283203
2011-06-30,8.090022087097168
2011-07-01,8.28587818145752
2011-07-04,8.351167678833008
2011-07-05,8.187952041625977
2011-07-06,7.970331192016602
2011-07-07,7.943127155303955
2011-07-08,7.79079532623291
2011-07-11,7.6221394538879395
2011-07-12,7.507890224456787
2011-07-13,7.975773334503174
2011-07-14,7.93768835067749
2011-07-15,7.932248115539551
2011-07-18,7.709186553955078
2011-07-19,7.883282661437988
2011-07-20,8.090022087097168
2011-07-21,8.394689559936523
2011-07-22,8.590548515319824
2011-07-25,8.470855712890625
2011-07-26,8.231475830078125
2011-07-27,7.899606704711914
2011-07-28,8.01385498046875
2011-07-29,8.193390846252441
2011-08-01,8.0519380569458
2011-08-02,7.888723850250244
2011-08-03,7.861520767211914
2011-08-04,7.295711040496826
2011-08-05,7.4534831047058105
2011-08-08,6.996481418609619
2011-08-09,7.779913902282715
2011-08-10,7.769033432006836
2011-08-11,7.975773334503174
2011-08-12,7.5242085456848145
2011-08-15,7.698305606842041
2011-08-16,7.616697788238525
2011-08-17,7.730949401855469
2011-08-18,7.317471504211426
2011-08-19,7.469804286956787
2011-08-22,7.480685234069824
2011-08-23,7.779913902282715
2011-08-24,7.584056377410889
2011-08-25,7.355552673339844
2011-08-26,7.301150321960449
2011-08-29,7.828879356384277
2011-08-30,8.084582328796387
2011-08-31,8.209712982177734
2011-09-01,8.65039348602295
2011-09-02,8.3294038772583
2011-09-05,8.01385498046875
2011-09-06,8.296759605407715
2011-09-08,8.48717975616455
2011-09-09,7.943127155303955
2011-09-12,7.720068454742432
2011-09-13,7.676543712615967
2011-09-14,7.6112589836120605
2011-09-15,7.589495658874512
2011-09-16,7.7418293952941895
2011-09-19,7.480685234069824
2011-09-20,7.018242835998535
2011-09-21,6.909435272216797
2011-09-22,6.501395225524902
2011-09-23,6.637409687042236
2011-09-26,6.648289680480957
2011-09-27,6.637409687042236
2011-09-28,6.528598308563232
2011-09-29,6.588442325592041
2011-09-30,6.370822906494141
2011-10-03,6.104239463806152
2011-10-04,6.202168941497803
2011-10-05,6.321860313415527
2011-10-06,6.523159027099609
2011-10-07,6.45787239074707
2011-10-10,6.806063652038574
2011-10-11,6.855029106140137
2011-10-13,7.181459903717041
2011-10-14,7.366434097290039
2011-10-17,7.203220844268799
2011-10-18,7.371876239776611
2011-10-19,7.600376129150391
2011-10-20,7.322910308837891
2011-10-21,7.567732334136963
2011-10-24,7.807116985321045
2011-10-25,7.807116985321045
2011-10-26,7.807116985321045
2011-10-27,7.807116985321045
2011-10-28,8.58510684967041
2011-10-31,8.16618824005127
2011-11-01,7.779913902282715
2011-11-03,7.845200061798096
2011-11-04,7.915925025939941
2011-11-07,8.111783981323242
2011-11-08,8.220593452453613
2011-11-09,7.698305606842041
2011-11-10,7.698305606842041
2011-11-11,8.133546829223633
2011-11-14,7.888723850250244
2011-11-16,7.828879356384277
2011-11-17,7.420840740203857
2011-11-18,7.442602634429932
2011-11-21,7.404519081115723
2011-11-22,7.426280975341797
2011-11-23,7.333792686462402
2011-11-24,7.545971870422363
2011-11-25,7.5622944831848145
2011-11-28,7.9812116622924805
2011-11-29,8.160748481750488
2011-11-30,8.177070617675781
2011-12-01,8.519822120666504
2011-12-02,8.699357986450195
2011-12-05,8.677595138549805
2011-12-06,8.824487686157227
2011-12-07,8.623190879821777
2011-12-08,8.193390846252441
2011-12-09,8.503500938415527
2011-12-12,8.503500938415527
2011-12-13,8.367486000061035
2011-12-14,8.356606483459473
2011-12-15,8.536142349243164
2011-12-16,8.590548515319824
2011-12-19,8.26955795288086
2011-12-20,8.198829650878906
2011-12-21,8.002974510192871
2011-12-22,8.117223739624023
2011-12-23,8.253236770629883
2011-12-26,8.31308364868164
2011-12-27,8.37836742401123
2011-12-28,8.084582328796387
2011-12-29,8.073700904846191
2012-01-02,8.372926712036133
2012-01-03,8.786405563354492
2012-01-04,8.699357986450195
2012-01-05,8.48717975616455
2012-01-06,8.421892166137695
2012-01-09,8.557904243469238
2012-01-10,8.508939743041992
2012-01-11,8.519822120666504
2012-01-12,8.677595138549805
2012-01-13,8.242356300354004
2012-01-16,8.296759605407715
2012-01-17,8.296759605407715
2012-01-18,8.198829650878906
2012-01-19,8.492619514465332
2012-01-20,8.835371017456055
2012-01-23,8.813606262207031
2012-01-24,8.65039348602295
2012-01-26,9.009467124938965
2012-01-27,9.145479202270508
2012-01-30,9.080194473266602
2012-01-31,8.802726745605469
2012-02-01,9.243407249450684
2012-02-02,9.319573402404785
2012-02-03,9.558958053588867
2012-02-06,9.607921600341797
2012-02-07,9.684088706970215
2012-02-08,9.72761344909668
2012-02-09,9.390300750732422
2012-02-10,9.10739517211914
2012-02-13,9.548076629638672
2012-02-14,9.368538856506348
2012-02-15,9.841864585876465
2012-02-16,10.168292999267578
2012-02-17,10.200934410095215
2012-02-23,9.852744102478027
2012-02-24,9.792899131774902
2012-02-27,9.477349281311035
2012-02-28,9.618803977966309
2012-02-29,9.422945022583008
2012-03-01,9.907146453857422
2012-03-02,10.298866271972656
2012-03-05,10.358712196350098
2012-03-06,9.945231437683105
2012-03-07,10.402236938476562
2012-03-08,10.554567337036133
2012-03-09,10.064921379089355
2012-03-12,10.200934410095215
2012-03-13,10.59809398651123
2012-03-14,10.244461059570312
2012-03-15,9.928911209106445
2012-03-16,9.635123252868652
2012-03-19,9.618803977966309
2012-03-20,9.93979263305664
2012-03-21,9.874504089355469
2012-03-22,9.526315689086914
2012-03-23,9.477349281311035
2012-03-26,9.678648948669434
2012-03-27,9.303252220153809
2012-03-28,9.194441795349121
2012-03-29,9.129158020019531
2012-03-30,8.786405563354492
2012-04-02,8.786405563354492
2012-04-03,8.819048881530762
2012-04-04,9.243407249450684
2012-04-05,9.412062644958496
2012-04-09,9.052988052368164
2012-04-10,8.786405563354492
2012-04-11,8.601428031921387
2012-04-12,8.873455047607422
2012-04-13,8.595989227294922
2012-04-16,8.86257266998291
2012-04-17,9.368538856506348
2012-04-18,9.520872116088867
2012-04-19,9.553516387939453
2012-04-20,9.085634231567383
2012-04-23,8.73744010925293
2012-04-24,8.813606262207031
2012-04-25,9.091073036193848
2012-04-26,9.303252220153809
2012-04-27,8.568784713745117
2012-04-30,8.534485816955566
2012-05-02,8.689657211303711
2012-05-03,8.922417640686035
2012-05-04,8.745074272155762
2012-05-07,8.850372314453125
2012-05-08,8.811578750610352
2012-05-09,8.368227005004883
2012-05-10,8.080052375793457
2012-05-11,8.279559135437012
2012-05-14,7.935964107513428
2012-05-15,7.869459629058838
2012-05-16,7.96921443939209
2012-05-17,7.947046279907227
2012-05-18,7.858376502990723
2012-05-21,8.02463150024414
2012-05-22,7.564656734466553
2012-05-23,7.769705772399902
2012-05-24,7.841749668121338
2012-05-25,8.229681968688965
2012-05-28,8.429187774658203
2012-05-29,8.12438678741455
2012-05-30,7.985837936401367
2012-05-31,8.379311561584473
2012-06-01,8.09667682647705
2012-06-04,8.334977149963379
2012-06-05,7.891626358032227
2012-06-06,8.479066848754883
2012-06-08,8.50677490234375
2012-06-11,8.323893547058105
2012-06-12,8.268474578857422
2012-06-13,8.689657211303711
2012-06-14,8.44027328491211
2012-06-15,8.733991622924805
2012-06-18,8.589902877807617
2012-06-19,8.6730318069458
2012-06-20,8.59544563293457
2012-06-21,8.290642738342285
2012-06-22,8.423646926879883
2012-06-25,8.113301277160645
2012-06-26,7.985837936401367
2012-06-27,7.919336795806885
2012-06-28,8.0135498046875
2012-06-29,8.201972007751465
2012-07-02,8.262931823730469
2012-07-03,8.534485816955566
2012-07-04,8.451355934143066
2012-07-05,8.51785945892334
2012-07-06,8.257390022277832
2012-07-10,7.9082536697387695
2012-07-11,7.753081798553467
2012-07-12,7.625617504119873
2012-07-13,7.714285373687744
2012-07-16,7.315272808074951
2012-07-17,7.714285373687744
2012-07-18,7.9802961349487305
2012-07-19,8.285100936889648
2012-07-20,7.902710914611816
2012-07-23,7.376233100891113
2012-07-24,7.426107883453369
2012-07-25,7.459360599517822
2012-07-26,7.841749668121338
2012-07-27,8.312809944152832
2012-07-30,8.589902877807617
2012-07-31,8.201972007751465
2012-08-01,8.606528282165527
2012-08-02,8.407021522521973
2012-08-03,8.95012378692627
2012-08-06,9.504313468933105
2012-08-07,9.116379737854004
2012-08-08,9.382390975952148
2012-08-09,9.54310417175293
2012-08-10,9.604066848754883
2012-08-13,9.421183586120605
2012-08-14,9.033251762390137
2012-08-15,9.199509620666504
2012-08-16,9.421183586120605
2012-08-17,9.532021522521973
2012-08-20,9.421183586120605
2012-08-21,9.376849174499512
2012-08-22,9.360224723815918
2012-08-23,8.988917350769043
2012-08-24,9.14409065246582
2012-08-27,9.088669776916504
2012-08-28,9.415641784667969
2012-08-29,9.254929542541504
2012-08-30,9.349141120910645
2012-08-31,9.14963436126709
2012-09-03,9.30480670928955
2012-09-04,9.227218627929688
2012-09-05,9.310347557067871
2012-09-06,9.465519905090332
2012-09-10,9.465519905090332
2012-09-11,9.415641784667969
2012-09-12,9.421183586120605
2012-09-13,9.587440490722656
2012-09-14,9.515396118164062
2012-09-17,9.465519905090332
2012-09-18,9.559730529785156
2012-09-19,9.7426118850708
2012-09-20,9.975372314453125
2012-09-21,9.947662353515625
2012-09-24,10.03078842163086
2012-09-25,9.980912208557129
2012-09-26,9.947662353515625
2012-09-27,9.997538566589355
2012-09-28,9.642860412597656
2012-10-01,9.919952392578125
2012-10-02,9.975372314453125
2012-10-03,9.698277473449707
2012-10-04,9.615151405334473
2012-10-05,10.03078842163086
2012-10-08,10.163793563842773
2012-10-09,9.936579704284668
2012-10-10,9.975372314453125
2012-10-11,10.086209297180176
2012-10-15,10.113917350769043
2012-10-16,10.047414779663086
2012-10-17,10.141627311706543
2012-10-18,10.113917350769043
2012-10-19,10.047414779663086
2012-10-22,9.914411544799805
2012-10-23,9.7426118850708
2012-10-24,9.62623405456543
2012-10-25,9.725987434387207
2012-10-26,9.532021522521973
2012-10-29,9.587440490722656
2012-10-30,9.587440490722656
2012-10-31,9.54310417175293
2012-11-01,9.78140640258789
2012-11-05,9.836824417114258
2012-11-06,10.102834701538086
2012-11-07,10.019706726074219
2012-11-08,9.947662353515625
2012-11-09,9.919952392578125
2012-11-12,9.70382022857666
2012-11-13,9.576358795166016
2012-11-14,9.249387741088867
2012-11-16,9.06096076965332
2012-11-19,9.415641784667969
2012-11-21,9.504313468933105
2012-11-22,9.6871919631958
2012-11-23,10.03078842163086
2012-11-26,9.836824417114258
2012-11-27,9.631776809692383
2012-11-28,9.609609603881836
2012-11-29,9.864534378051758
2012-11-30,9.875618934631348
2012-12-03,10.147167205810547
2012-12-04,10.169337272644043
2012-12-05,10.086209297180176
2012-12-06,10.36330509185791
2012-12-07,10.36330509185791
2012-12-10,10.418722152709961
2012-12-11,9.925495147705078
2012-12-12,9.720446586608887
2012-12-13,9.587440490722656
2012-12-14,9.604066848754883
2012-12-17,9.620695114135742
2012-12-18,9.786949157714844
2012-12-19,9.919952392578125
2012-12-20,9.997538566589355
2012-12-21,9.919952392578125
2012-12-26,9.947662353515625
2012-12-27,9.942119598388672
2012-12-28,9.914411544799805
2013-01-02,9.986454963684082
2013-01-03,10.036330223083496
2013-01-04,9.80911636352539
2013-01-07,9.70382022857666
2013-01-08,9.720446586608887
2013-01-09,10.052957534790039
2013-01-10,10.19150161743164
2013-01-11,10.258007049560547
2013-01-14,10.280172348022461
2013-01-15,10.169337272644043
2013-01-16,10.086209297180176
2013-01-17,10.047414779663086
2013-01-18,10.219215393066406
2013-01-21,10.252463340759277
2013-01-22,10.252463340759277
2013-01-23,9.975372314453125
2013-01-24,9.975372314453125
2013-01-28,9.8534517288208
2013-01-29,9.919952392578125
2013-01-30,9.725987434387207
2013-01-31,9.725987434387207
2013-02-01,9.7426118850708
2013-02-04,9.75369644165039
2013-02-05,9.720446586608887
2013-02-06,9.798032760620117
2013-02-07,9.587440490722656
2013-02-08,9.504313468933105
2013-02-13,9.504313468933105
2013-02-14,9.642860412597656
2013-02-15,9.504313468933105
2013-02-18,9.310347557067871
2013-02-19,9.254929542541504
2013-02-20,9.127464294433594
2013-02-21,9.14409065246582
2013-02-22,9.349141120910645
2013-02-25,9.33251667022705
2013-02-26,9.476602554321289
2013-02-27,9.598525047302246
2013-02-28,9.642860412597656
2013-03-01,9.648401260375977
2013-03-04,9.70382022857666
2013-03-05,9.487688064575195
2013-03-06,9.56527328491211
2013-03-07,9.615151405334473
2013-03-08,9.576358795166016
2013-03-11,9.615151405334473
2013-03-12,9.532021522521973
2013-03-13,9.393474578857422
2013-03-14,9.371307373046875
2013-03-15,9.14409065246582
2013-03-18,9.116379737854004
2013-03-19,9.088669776916504
2013-03-20,9.011087417602539
2013-03-21,8.894705772399902
2013-03-22,9.227218627929688
2013-03-25,9.227218627929688
2013-03-26,9.199509620666504
2013-03-27,9.171799659729004
2013-03-28,9.171799659729004
2013-04-01,9.637317657470703
2013-04-02,9.487688064575195
2013-04-03,9.681653022766113
2013-04-04,9.75369644165039
2013-04-05,10.047414779663086
2013-04-08,10.169337272644043
2013-04-09,10.05849838256836
2013-04-10,10.041873931884766
2013-04-11,10.075125694274902
2013-04-12,10.05849838256836
2013-04-15,9.78140640258789
2013-04-16,9.798032760620117
2013-04-17,9.62623405456543
2013-04-18,9.609609603881836
2013-04-19,9.820199966430664
2013-04-22,9.836824417114258
2013-04-23,9.864534378051758
2013-04-24,9.875618934631348
2013-04-25,9.80911636352539
2013-04-26,9.80911636352539
2013-04-29,9.836824417114258
2013-04-30,10.075125694274902
2013-05-02,9.906352996826172
2013-05-03,10.031750679016113
2013-05-06,9.729658126831055
2013-05-07,9.820855140686035
2013-05-08,9.860753059387207
2013-05-09,9.894952774047852
2013-05-10,9.906352996826172
2013-05-13,9.860753059387207
2013-05-14,10.299643516540527
2013-05-15,10.208446502685547
2013-05-16,10.248344421386719
2013-05-17,10.385137557983398
2013-05-20,10.470637321472168
2013-05-21,10.738532066345215
2013-05-22,10.710034370422363
2013-05-23,10.715730667114258
2013-05-24,10.715730667114258
2013-05-27,10.641632080078125
2013-05-28,10.510539054870605
2013-05-29,10.345240592956543
2013-05-31,9.689757347106934
2013-06-03,9.746757507324219
2013-06-04,9.752456665039062
2013-06-05,9.803755760192871
2013-06-06,9.66125774383545
2013-06-07,9.376266479492188
2013-06-10,9.205270767211914
2013-06-11,9.068473815917969
2013-06-12,9.062774658203125
2013-06-13,9.381965637207031
2013-06-14,9.342066764831543
2013-06-17,9.29076862335205
2013-06-18,9.193869590759277
2013-06-19,8.925976753234863
2013-06-20,9.091272354125977
2013-06-21,8.720781326293945
2013-06-24,8.566886901855469
2013-06-25,8.669483184814453
2013-06-26,8.891776084899902
2013-06-27,8.85757827758789
2013-06-28,8.77778148651123
2013-07-01,9.1140718460083
2013-07-02,8.817680358886719
2013-07-03,8.720781326293945
2013-07-04,8.886077880859375
2013-07-05,8.67518424987793
2013-07-08,8.732182502746582
2013-07-10,8.760680198669434
2013-07-11,9.091272354125977
2013-07-12,8.800579071044922
2013-07-15,9.148273468017578
2013-07-16,9.404766082763672
2013-07-17,9.478863716125488
2013-07-18,9.564361572265625
2013-07-19,9.581460952758789
2013-07-22,9.621360778808594
2013-07-23,9.66125774383545
2013-07-24,9.427565574645996
2013-07-25,9.604260444641113
2013-07-26,9.604260444641113
2013-07-29,9.552961349487305
2013-07-30,9.381965637207031
2013-07-31,9.285069465637207
2013-08-01,9.490262985229492
2013-08-02,9.324968338012695
2013-08-05,9.347766876220703
2013-08-06,9.131172180175781
2013-08-07,9.005776405334473
2013-08-08,9.59286117553711
2013-08-09,9.627059936523438
2013-08-12,9.615659713745117
2013-08-13,9.689757347106934
2013-08-14,9.581460952758789
2013-08-15,9.250868797302246
2013-08-16,9.153970718383789
2013-08-19,8.948776245117188
2013-08-20,8.806281089782715
2013-08-21,8.891776084899902
2013-08-22,8.874678611755371
2013-08-23,9.148273468017578
2013-08-26,9.148273468017578
2013-08-27,8.91457748413086
2013-08-28,8.903177261352539
2013-08-29,8.977276802062988
2013-08-30,9.057072639465332
2013-09-02,9.153970718383789
2013-09-03,9.034274101257324
2013-09-04,9.005776405334473
2013-09-05,9.142571449279785
2013-09-06,9.45606517791748
2013-09-09,9.689757347106934
2013-09-10,9.638458251953125
2013-09-11,9.558662414550781
2013-09-12,9.518762588500977
2013-09-13,9.632758140563965
2013-09-16,9.59856128692627
2013-09-17,9.718256950378418
2013-09-18,10.02605152130127
2013-09-19,9.860753059387207
2013-09-20,9.706857681274414
2013-09-23,9.649858474731445
2013-09-24,9.723956108093262
2013-09-25,9.66125774383545
2013-09-26,9.570060729980469
2013-09-27,9.621360778808594
2013-09-30,9.547263145446777
2013-10-01,9.678356170654297
2013-10-02,9.59286117553711
2013-10-03,9.43326473236084
2013-10-04,9.347766876220703
2013-10-07,9.467463493347168
2013-10-08,9.467463493347168
2013-10-09,9.689757347106934
2013-10-10,9.792354583740234
2013-10-11,9.78095531463623
2013-10-14,9.68405818939209
2013-10-15,9.58716106414795
2013-10-16,9.723956108093262
2013-10-17,9.763856887817383
2013-10-18,9.66125774383545
2013-10-21,9.746757507324219
2013-10-22,9.803755760192871
2013-10-23,9.655561447143555
2013-10-24,9.53586196899414
2013-10-25,9.53586196899414
2013-10-28,9.547263145446777
2013-10-29,9.575759887695312
2013-10-30,9.5415620803833
2013-10-31,9.547263145446777
2013-11-01,9.42186450958252
2013-11-04,9.444664001464844
2013-11-05,9.296465873718262
2013-11-06,9.068473815917969
2013-11-07,8.891776084899902
2013-11-08,8.868978500366211
2013-11-11,8.971574783325195
2013-11-12,8.880378723144531
2013-11-13,9.079872131347656
2013-11-14,9.091272354125977
2013-11-18,9.091272354125977
2013-11-19,8.920276641845703
2013-11-21,8.920276641845703
2013-11-22,9.000075340270996
2013-11-25,8.83477783203125
2013-11-26,8.920276641845703
2013-11-27,8.811980247497559
2013-11-28,8.920276641845703
2013-11-29,9.005776405334473
2013-12-02,8.77778148651123
2013-12-03,8.601085662841797
2013-12-04,8.646684646606445
2013-12-05,8.703682899475098
2013-12-06,8.549786567687988
2013-12-09,8.680882453918457
2013-12-10,8.509888648986816
2013-12-11,8.452888488769531
2013-12-12,8.293293952941895
2013-12-13,8.24769401550293
2013-12-16,8.384490966796875
2013-12-17,8.298994064331055
2013-12-18,8.26479434967041
2013-12-19,8.321791648864746
2013-12-20,8.184996604919434
2013-12-23,8.162195205688477
2013-12-26,8.179295539855957
2013-12-27,8.207795143127441
2013-12-30,8.207795143127441
2014-01-02,8.002599716186523
2014-01-03,8.293293952941895
2014-01-06,8.230594635009766
2014-01-07,8.16789722442627
2014-01-08,8.133695602416992
2014-01-09,8.002599716186523
2014-01-10,8.236295700073242
2014-01-13,8.24769401550293
2014-01-14,8.561185836791992
2014-01-15,8.572586059570312
2014-01-16,8.566886901855469
2014-01-17,8.424389839172363
2014-01-20,8.435791015625
2014-01-21,8.293293952941895
2014-01-22,8.720781326293945
2014-01-23,8.544085502624512
2014-01-24,8.367390632629395
2014-01-27,8.464289665222168
2014-01-28,8.435791015625
2014-01-29,8.333191871643066
2014-01-30,8.321791648864746
2014-01-31,8.139396667480469
2014-02-03,7.84300422668457
2014-02-04,7.894303798675537
2014-02-05,7.968400478363037
2014-02-06,8.207795143127441
2014-02-07,8.127998352050781
2014-02-10,7.9741010665893555
2014-02-11,8.127998352050781
2014-02-12,8.031099319458008
2014-02-13,7.780306816101074
2014-02-14,7.985501766204834
2014-02-17,7.865804195404053
2014-02-18,7.546610355377197
2014-02-19,7.6891069412231445
2014-02-20,7.66060733795166
2014-02-21,7.917102336883545
2014-02-24,7.894303798675537
2014-02-25,7.6891069412231445
2014-02-26,7.552310943603516
2014-02-27,7.723307132720947
2014-02-28,7.444014549255371
2014-03-05,7.324317455291748
2014-03-06,7.432611465454102
2014-03-07,7.2958173751831055
2014-03-10,7.11912202835083
2014-03-11,7.187519550323486
2014-03-12,7.238819599151611
2014-03-13,7.1476216316223145
2014-03-14,6.988024711608887
2014-03-17,6.988024711608887
2014-03-18,7.11912202835083
2014-03-19,7.062124729156494
2014-03-20,7.187519550323486
2014-03-21,7.096322536468506
2014-03-24,7.233119010925293
2014-03-25,7.284418106079102
2014-03-26,7.2958173751831055
2014-03-27,7.552310943603516
2014-03-28,7.66060733795166
2014-03-31,7.786007404327393
2014-04-01,7.746105194091797
2014-04-02,7.985501766204834
2014-04-03,7.592209815979004
2014-04-04,7.512413024902344
2014-04-07,7.495311737060547
2014-04-08,7.746105194091797
2014-04-09,7.643510341644287
2014-04-10,7.66060733795166
2014-04-11,7.825902938842773
2014-04-14,7.763205528259277
2014-04-15,7.632108688354492
2014-04-16,7.620707988739014
2014-04-17,7.694807052612305
2014-04-22,7.820204257965088
2014-04-23,7.700507640838623
2014-04-24,7.865804195404053
2014-04-25,7.66060733795166
2014-04-28,7.5637125968933105
2014-04-29,7.82457160949707
2014-04-30,7.971760272979736
2014-05-02,8.083622932434082
2014-05-05,8.042412757873535
2014-05-06,7.889334678649902
2014-05-07,7.9835357666015625
2014-05-08,7.936434745788574
2014-05-09,7.924661159515381
2014-05-12,7.942322254180908
2014-05-13,7.889334678649902
2014-05-14,7.9482102394104
2014-05-15,7.97764778137207
2014-05-16,7.971760272979736
2014-05-19,7.971760272979736
2014-05-20,7.942322254180908
2014-05-21,7.954098701477051
2014-05-22,7.97764778137207
2014-05-23,8.08951187133789
2014-05-26,8.054187774658203
2014-05-27,7.930548667907715
2014-05-28,7.95998477935791
2014-05-29,7.954098701477051
2014-05-30,7.877561092376709
2014-06-02,7.801021575927734
2014-06-03,7.895223617553711
2014-06-04,7.777471542358398
2014-06-05,7.671496391296387
2014-06-06,7.70093297958374
2014-06-09,7.9482102394104
2014-06-10,7.9835357666015625
2014-06-11,8.03652572631836
2014-06-13,8.042412757873535
2014-06-16,8.018860816955566
2014-06-17,7.9482102394104
2014-06-18,8.030634880065918
2014-06-20,8.08951187133789
2014-06-23,8.03652572631836
2014-06-24,8.03652572631836
2014-06-25,8.065961837768555
2014-06-26,8.065961837768555
2014-06-27,8.095399856567383
2014-06-30,8.136611938476562
2014-07-01,8.166050910949707
2014-07-02,8.03652572631836
2014-07-03,8.124837875366211
2014-07-04,8.095399856567383
2014-07-07,8.113062858581543
2014-07-08,8.065961837768555
2014-07-10,8.219038963317871
2014-07-11,8.2484769821167
2014-07-14,8.289688110351562
2014-07-15,8.154276847839355
2014-07-16,8.083622932434082
2014-07-17,8.065961837768555
2014-07-18,8.154276847839355
2014-07-21,8.14838695526123
2014-07-22,8.14838695526123
2014-07-23,8.048298835754395
2014-07-24,8.00119686126709
2014-07-25,7.942322254180908
2014-07-28,7.906998157501221
2014-07-29,7.524305820465088
2014-07-30,7.577293395996094
2014-07-31,7.400667190551758
2014-08-01,7.424216270446777
2014-08-04,7.494868278503418
2014-08-05,7.565519332885742
2014-08-06,7.530192852020264
2014-08-07,7.41832971572876
2014-08-08,7.41832971572876
2014-08-11,7.41832971572876
2014-08-12,7.412442207336426
2014-08-13,7.318241596221924
2014-08-14,7.3888936042785645
2014-08-15,7.695045471191406
2014-08-18,7.630282402038574
2014-08-19,7.889334678649902
2014-08-20,8.00119686126709
2014-08-21,7.889334678649902
2014-08-22,7.795132637023926
2014-08-25,7.9894232749938965
2014-08-26,7.97764778137207
2014-08-27,8.154276847839355
2014-08-28,8.183714866638184
2014-08-29,8.354451179504395
2014-09-01,8.24258804321289
2014-09-02,8.342676162719727
2014-09-03,8.425102233886719
2014-09-04,8.360340118408203
2014-09-05,8.26025104522705
2014-09-08,8.077737808227539
2014-09-09,7.836347579956055
2014-09-10,7.765696048736572
2014-09-11,7.924661159515381
2014-09-12,7.695045471191406
2014-09-15,7.801021575927734
2014-09-16,7.912884712219238
2014-09-17,7.9658732414245605
2014-09-18,7.859897136688232
2014-09-19,7.759809494018555
2014-09-22,7.465432167053223
2014-09-23,7.45365571975708
2014-09-24,7.536080360412598
2014-09-25,7.430104732513428
2014-09-26,7.65383243560791
2014-09-29,7.330015659332275
2014-09-30,7.2711405754089355
2014-10-01,7.1180644035339355
2014-10-02,7.1298394203186035
2014-10-03,7.383004665374756
2014-10-06,7.759809494018555
2014-10-07,7.859897136688232
2014-10-08,7.859897136688232
2014-10-09,7.9482102394104
2014-10-10,7.765696048736572
2014-10-13,7.84812068939209
2014-10-14,7.742144584655762
2014-10-15,7.3888936042785645
2014-10-16,7.153388977050781
2014-10-17,7.330015659332275
2014-10-20,7.300577163696289
2014-10-21,7.070964336395264
2014-10-22,6.988537311553955
2014-10-23,6.735371112823486
2014-10-24,6.988537311553955
2014-10-27,6.741260528564453
2014-10-28,7.006198883056641
2014-10-29,7.035637378692627
2014-10-30,7.0768513679504395
2014-10-31,7.25347900390625
2014-11-03,7.0415263175964355
2014-11-04,7.0474138259887695
2014-11-05,6.9826507568359375
2014-11-06,6.729485034942627
2014-11-07,6.564632415771484
2014-11-10,6.5116448402404785
2014-11-11,6.658834457397461
2014-11-12,6.829574108123779
2014-11-13,6.652945518493652
2014-11-14,6.741260528564453
2014-11-17,6.711822986602783
2014-11-18,6.8825602531433105
2014-11-19,7.017974853515625
2014-11-21,7.300577163696289
2014-11-24,7.306466579437256
2014-11-25,7.288803577423096
2014-11-26,7.2475905418396
2014-11-27,7.182827472686768
2014-11-28,7.3888936042785645
2014-12-01,6.988537311553955
2014-12-02,6.888449668884277
2014-12-03,6.888449668884277
2014-12-04,6.864898681640625
2014-12-05,6.917887210845947
2014-12-08,6.888449668884277
2014-12-09,6.8236870765686035
2014-12-10,6.735371112823486
2014-12-11,6.635284423828125
2014-12-12,6.388008117675781
2014-12-15,6.3526811599731445
2014-12-16,6.217267036437988
2014-12-17,6.393892765045166
2014-12-18,6.382119178771973
2014-12-19,6.346792697906494
2014-12-22,6.558746814727783
2014-12-23,6.541082859039307
2014-12-26,6.535196781158447
2014-12-29,6.488093376159668
2014-12-30,6.5116448402404785
2015-01-02,6.152503967285156
2015-01-05,6.311468601226807
2015-01-06,6.488093376159668
2015-01-07,6.658834457397461
2015-01-08,6.711822986602783
2015-01-09,6.3526811599731445
2015-01-12,6.211379528045654
2015-01-13,6.211379528045654
2015-01-14,6.187829971313477
2015-01-15,6.2879180908203125
2015-01-16,6.370343208312988
2015-01-19,6.311468601226807
2015-01-20,6.240818023681641
2015-01-21,6.476319313049316
2015-01-22,6.552857875823975
2015-01-23,6.476319313049316
2015-01-26,6.482208251953125
2015-01-27,6.46454381942749
2015-01-28,6.417444229125977
2015-01-29,6.488093376159668
2015-01-30,6.364455699920654
2015-02-02,6.323244094848633
2015-02-03,6.335018157958984
2015-02-04,6.270255088806152
2015-02-05,6.440994739532471
2015-02-06,6.393892765045166
2015-02-09,6.458658218383789
2015-02-10,6.370343208312988
2015-02-11,6.32913064956665
2015-02-12,6.458658218383789
2015-02-13,6.576406955718994
2015-02-18,6.711822986602783
2015-02-19,6.741260528564453
2015-02-20,6.741260528564453
2015-02-23,6.700047492980957
2015-02-24,6.682384967803955
2015-02-25,6.705934047698975
2015-02-26,6.770697116851807
2015-02-27,6.817798137664795
2015-03-02,6.782471656799316
2015-03-03,6.776585578918457
2015-03-04,6.770697116851807
2015-03-05,6.917887210845947
2015-03-06,6.85312557220459
2015-03-09,6.635284423828125
2015-03-10,6.423330783843994
2015-03-11,6.5999579429626465
2015-03-12,6.741260528564453
2015-03-13,6.800135135650635
2015-03-16,6.841349124908447
2015-03-17,6.976762294769287
2015-03-18,7.212265968322754
2015-03-19,7.371229648590088
2015-03-20,7.77158260345459
2015-03-23,7.783359527587891
2015-03-24,8.03652572631836
2015-03-25,8.213150024414062
2015-03-26,8.213150024414062
2015-03-27,8.00119686126709
2015-03-30,7.97764778137207
2015-03-31,7.801021575927734
2015-04-01,8.130724906921387
2015-04-02,8.130724906921387
2015-04-06,8.277914047241211
2015-04-07,8.24258804321289
2015-04-08,8.28380298614502
2015-04-09,8.054187774658203
2015-04-10,8.065961837768555
2015-04-13,7.906998157501221
2015-04-14,7.695045471191406
2015-04-15,7.748035430908203
2015-04-16,7.730369567871094
2015-04-17,7.636170864105225
2015-04-20,7.506642818450928
2015-04-22,7.630282402038574
2015-04-23,7.677379608154297
2015-04-24,7.6126203536987305
2015-04-27,7.55963134765625
2015-04-28,7.330015659332275
2015-04-29,6.941022872924805
2015-04-30,6.929207801818848
2015-05-04,6.911487102508545
2015-05-05,6.852414131164551
2015-05-06,6.763805866241455
2015-05-07,6.65747594833374
2015-05-08,6.645659446716309
2015-05-11,6.687011241912842
2015-05-12,6.681103706359863
2015-05-13,6.592495918273926
2015-05-14,6.438907146453857
2015-05-15,6.728362083435059
2015-05-18,6.562958717346191
2015-05-19,6.545236587524414
2015-05-20,6.515699863433838
2015-05-21,6.468442916870117
2015-05-22,6.368019104003906
2015-05-25,6.332576274871826
2015-05-26,6.190802574157715
2015-05-27,6.243966579437256
2015-05-28,6.368019104003906
2015-05-29,6.421186447143555
2015-06-01,6.409371852874756
2015-06-02,6.480258464813232
2015-06-03,6.249875068664551
2015-06-05,6.350297927856445
2015-06-08,6.362112522125244
2015-06-09,6.060842990875244
2015-06-10,6.1317291259765625
2015-06-11,6.013584613800049
2015-06-12,5.771386623382568
2015-06-15,5.67096471786499
2015-06-16,5.712314605712891
2015-06-17,5.700500011444092
2015-06-18,5.74185037612915
2015-06-19,5.907254219055176
2015-06-22,5.800922870635986
2015-06-23,5.919068813323975
2015-06-24,5.930882930755615
2015-06-25,5.848180770874023
2015-06-26,5.901346683502197
2015-06-29,5.836367607116699
2015-06-30,5.848180770874023
2015-07-01,5.871809482574463
2015-07-02,5.859996318817139
2015-07-03,5.795016765594482
2015-07-06,5.747757434844971
2015-07-07,5.712314605712891
2015-07-08,5.629612922668457
2015-07-10,5.629612922668457
2015-07-13,5.600076675415039
2015-07-14,5.552817344665527
2015-07-15,5.588261127471924
2015-07-16,5.564633369445801
2015-07-17,5.558724880218506
2015-07-20,5.464209079742432
2015-07-21,5.434672832489014
2015-07-22,5.434672832489014
2015-07-23,5.322434902191162
2015-07-24,5.2692718505859375
2015-07-27,5.2810845375061035
2015-07-28,5.28699254989624
2015-07-29,5.334250450134277
2015-07-30,5.298806667327881
2015-07-31,5.493745803833008
2015-08-03,5.481931209564209
2015-08-04,5.428765773773193
2015-08-05,5.340157985687256
2015-08-06,5.198383331298828
2015-08-07,4.962093830108643
2015-08-10,4.962093830108643
2015-08-11,4.89711332321167
2015-08-12,4.7730607986450195
2015-08-13,4.802597999572754
2015-08-14,4.784876346588135
2015-08-17,4.814411640167236
2015-08-18,4.784876346588135
2015-08-19,4.725802898406982
2015-08-20,4.814411640167236
2015-08-21,4.749431610107422
2015-08-24,4.719895362854004
2015-08-25,4.855762481689453
2015-08-26,4.808504581451416
2015-08-27,4.985721588134766
2015-08-28,4.956186294555664
2015-08-31,4.962093830108643
2015-09-01,4.660823345184326
2015-09-02,4.713988780975342
2015-09-03,4.719895362854004
2015-09-04,4.719895362854004
2015-09-08,4.6962666511535645
2015-09-09,4.589936256408691
2015-09-10,4.690360069274902
2015-09-11,4.584028720855713
2015-09-14,4.666730880737305
2015-09-15,4.731710910797119
2015-09-16,4.950279235839844
2015-09-17,4.985721588134766
2015-09-18,5.032980442047119
2015-09-21,5.015258312225342
2015-09-22,4.8852996826171875
2015-09-23,4.8734846115112305
2015-09-24,4.8734846115112305
2015-09-25,4.903020858764648
2015-09-28,4.879392147064209
2015-09-29,4.891206741333008
2015-09-30,4.8852996826171875
2015-10-01,4.832134246826172
2015-10-02,4.920742511749268
2015-10-05,5.109775066375732
2015-10-06,5.198383331298828
2015-10-07,5.157032489776611
2015-10-08,5.204291343688965
2015-10-09,5.346064567565918
2015-10-13,5.28699254989624
2015-10-14,5.263363838195801
2015-10-15,5.222012519836426
2015-10-16,5.369693756103516
2015-10-19,5.464209079742432
2015-10-20,5.434672832489014
2015-10-21,5.428765773773193
2015-10-22,5.552817344665527
2015-10-23,5.529189109802246
2015-10-26,5.487839221954346
2015-10-27,5.576447010040283
2015-10-28,5.600076675415039
2015-10-29,5.464209079742432
2015-10-30,5.292899131774902
2015-11-03,5.470117092132568
2015-11-04,5.552817344665527
2015-11-05,5.6650567054748535
2015-11-06,5.493745803833008
2015-11-09,5.357878684997559
2015-11-10,5.263363838195801
2015-11-11,5.375600814819336
2015-11-12,5.363786697387695
2015-11-13,5.340157985687256
2015-11-16,5.13931131362915
2015-11-17,5.068423748016357
2015-11-18,4.991629600524902
2015-11-19,4.991629600524902
2015-11-23,4.8852996826171875
2015-11-24,4.808504581451416
2015-11-25,4.702174186706543
2015-11-26,4.7907819747924805
2015-11-27,4.725802898406982
2015-11-30,4.365461349487305
2015-12-01,4.436347484588623
2015-12-02,4.649008750915527
2015-12-03,4.654916286468506
2015-12-04,4.554492950439453
2015-12-07,4.572214126586914
2015-12-08,4.578121662139893
2015-12-09,4.666730880737305
2015-12-10,4.660823345184326
2015-12-11,4.666730880737305
2015-12-14,4.554492950439453
2015-12-15,4.619472503662109
2015-12-16,4.613564968109131
2015-12-17,4.631287097930908
2015-12-18,4.465883731842041
2015-12-21,4.4304399490356445
2015-12-22,4.383183002471924
2015-12-23,4.371368408203125
2015-12-28,4.389089584350586
2015-12-29,4.371368408203125
2015-12-30,4.4304399490356445
2016-01-04,4.300481796264648
2016-01-05,4.495419979095459
2016-01-06,4.324109077453613
2016-01-07,4.3477396965026855
2016-01-08,4.4304399490356445
2016-01-11,4.424532890319824
2016-01-12,4.4540696144104
2016-01-13,4.483605861663818
2016-01-14,4.400904655456543
2016-01-15,4.282759189605713
2016-01-18,4.2118730545043945
2016-01-19,4.312295436859131
2016-01-20,4.2650370597839355
2016-01-21,4.312295436859131
2016-01-22,4.259130001068115
2016-01-26,4.105541706085205
2016-01-27,4.259130001068115
2016-01-28,4.164614200592041
2016-01-29,4.223687648773193
2016-02-01,4.312295436859131
2016-02-02,4.341831207275391
2016-02-03,4.341831207275391
2016-02-04,4.489513397216797
2016-02-05,4.672637462615967
2016-02-10,4.690360069274902
2016-02-11,4.589936256408691
2016-02-12,4.6076579093933105
2016-02-15,4.666730880737305
2016-02-16,4.814411640167236
2016-02-17,4.796690464019775
2016-02-18,4.725802898406982
2016-02-19,4.802597999572754
2016-02-22,4.855762481689453
2016-02-23,4.743524551391602
2016-02-24,4.725802898406982
2016-02-25,4.713988780975342
2016-02-26,4.814411640167236
2016-02-29,4.843947887420654
2016-03-01,4.956186294555664
2016-03-02,4.7730607986450195
2016-03-03,5.027073860168457
2016-03-04,5.493745803833008
2016-03-07,5.61189079284668
2016-03-08,5.718221187591553
2016-03-09,5.700500011444092
2016-03-10,6.137638092041016
2016-03-11,6.054934978485107
2016-03-14,5.978140830993652
2016-03-15,5.552817344665527
2016-03-16,5.88362455368042
2016-03-17,6.480258464813232
2016-03-18,6.557053089141846
2016-03-21,6.527515888214111
2016-03-22,6.261689186096191
2016-03-23,6.11400842666626
2016-03-24,5.854089260101318
2016-03-28,6.202616214752197
2016-03-29,6.303040027618408
2016-03-30,6.308947563171387
2016-03-31,6.161265850067139
2016-04-01,6.1730804443359375
2016-04-04,6.03130578994751
2016-04-05,6.00767707824707
2016-04-06,5.8186445236206055
2016-04-07,5.789109230041504
2016-04-08,6.090379238128662
2016-04-11,5.948603630065918
2016-04-12,6.161265850067139
2016-04-13,6.261689186096191
2016-04-14,6.0253987312316895
2016-04-15,6.273505210876465
2016-04-18,6.261689186096191
2016-04-19,6.486164093017578
2016-04-20,6.220338821411133
2016-04-22,6.084471225738525
2016-04-25,6.167173862457275
2016-04-26,6.184895038604736
2016-04-27,6.350297927856445
2016-04-28,6.373927116394043
2016-04-29,6.227888107299805
2016-05-02,6.0884108543396
2016-05-03,6.045962333679199
2016-05-04,6.07021951675415
2016-05-05,6.07021951675415
2016-05-06,6.136925220489502
2016-05-09,6.045962333679199
2016-05-10,6.246079444885254
2016-05-11,6.54928731918335
2016-05-12,6.767597198486328
2016-05-13,6.822174072265625
2016-05-16,6.743340015411377
2016-05-17,6.567480087280273
2016-05-18,6.421940326690674
2016-05-19,6.276400566101074
2016-05-20,6.07021951675415
2016-05-23,6.003512382507324
2016-05-24,5.967127323150635
2016-05-25,5.876165390014648
2016-05-27,5.857974052429199
2016-05-30,5.839780807495117
2016-05-31,5.821588039398193
2016-06-01,5.967127323150635
2016-06-02,6.003512382507324
2016-06-03,6.25820779800415
2016-06-06,6.246079444885254
2016-06-07,6.161181926727295
2016-06-08,6.488646030426025
2016-06-09,6.537158012390137
2016-06-10,6.33704137802124
2016-06-13,6.25820779800415
2016-06-14,6.076282978057861
2016-06-15,6.064154624938965
2016-06-16,6.064154624938965
2016-06-17,6.027769088745117
2016-06-20,6.203630447387695
2016-06-21,6.40374755859375
2016-06-22,6.33704137802124
2016-06-23,6.5189666748046875
2016-06-24,6.015642166137695
2016-06-27,5.9004225730896
2016-06-28,5.912550449371338
2016-06-29,6.124796390533447
2016-06-30,6.240015506744385
2016-07-01,6.136925220489502
2016-07-04,6.233951091766357
2016-07-05,6.106602668762207
2016-07-06,6.015642166137695
2016-07-07,6.064154624938965
2016-07-08,6.124796390533447
2016-07-11,6.173310279846191
2016-07-12,6.094476699829102
2016-07-13,6.03989839553833
2016-07-14,6.240015506744385
2016-07-15,6.300658226013184
2016-07-18,6.525030136108398
2016-07-19,6.628121852874756
2016-07-20,6.603864669799805
2016-07-21,6.6463141441345215
2016-07-22,6.579609394073486
2016-07-25,6.579609394073486
2016-07-26,6.555351734161377
2016-07-27,6.543222904205322
2016-07-28,6.628121852874756
2016-07-29,6.79791784286499
2016-08-01,6.816108703613281
2016-08-02,6.706954479217529
2016-08-03,6.773660182952881
2016-08-04,6.973777770996094
2016-08-05,7.004099369049072
2016-08-08,6.8706865310668945
2016-08-09,6.719083309173584
2016-08-10,6.458324432373047
2016-08-11,6.440133094787598
2016-08-12,6.252143383026123
2016-08-15,6.094476699829102
2016-08-16,6.0823469161987305
2016-08-17,6.094476699829102
2016-08-18,6.161181926727295
2016-08-19,6.282464981079102
2016-08-22,6.191502094268799
2016-08-23,6.124796390533447
2016-08-24,6.203630447387695
2016-08-25,6.221823215484619
2016-08-26,6.349169731140137
2016-08-29,6.54928731918335
2016-08-30,6.555351734161377
2016-08-31,6.409811019897461
2016-09-01,6.415876388549805
2016-09-02,6.54928731918335
2016-09-05,6.51290225982666
2016-09-06,6.476517677307129
2016-09-08,6.391618251800537
2016-09-09,5.96106481552124
2016-09-12,6.094476699829102
2016-09-13,6.021705627441406
2016-09-14,6.173310279846191
2016-09-15,6.221823215484619
2016-09-16,6.161181926727295
2016-09-19,6.173310279846191
2016-09-20,6.191502094268799
2016-09-21,6.246079444885254
2016-09-22,6.227888107299805
2016-09-23,6.07021951675415
2016-09-26,5.954999923706055
2016-09-27,5.954999923706055
2016-09-28,6.167244911193848
2016-09-29,6.136925220489502
2016-09-30,6.203630447387695
2016-10-03,6.343106269836426
2016-10-04,6.294592380523682
2016-10-05,6.373426914215088
2016-10-06,6.421940326690674
2016-10-07,6.48258113861084
2016-10-10,6.579609394073486
2016-10-11,6.579609394073486
2016-10-13,6.5189666748046875
2016-10-14,6.555351734161377
2016-10-17,6.43406867980957
2016-10-18,6.567480087280273
2016-10-19,6.54928731918335
2016-10-20,6.5189666748046875
2016-10-21,6.470452785491943
2016-10-24,6.706954479217529
2016-10-25,6.652378082275391
2016-10-26,6.579609394073486
2016-10-27,6.622058391571045
2016-10-28,6.622058391571045
2016-10-31,6.5189666748046875
2016-11-01,6.452260494232178
2016-11-03,6.246079444885254
2016-11-04,6.2642717361450195
2016-11-07,6.54928731918335
2016-11-08,6.628121852874756
2016-11-09,6.597799777984619
2016-11-10,6.064154624938965
2016-11-11,5.591150283813477
2016-11-14,5.45773983001709
2016-11-16,5.548701286315918
2016-11-17,5.560829162597656
2016-11-18,5.312199592590332
2016-11-21,5.494124412536621
2016-11-22,5.336456298828125
2016-11-23,5.245494365692139
2016-11-24,5.409225940704346
2016-11-25,5.475931167602539
2016-11-28,5.409225940704346
2016-11-29,5.409225940704346
2016-11-30,5.657856464385986
2016-12-01,5.4152913093566895
2016-12-02,5.712432861328125
2016-12-05,5.6396636962890625
2016-12-06,5.8458452224731445
2016-12-07,5.997448444366455
2016-12-08,5.78520393371582
2016-12-09,5.7548828125
2016-12-12,5.706368923187256
2016-12-13,5.870102405548096
2016-12-14,5.857974052429199
2016-12-15,5.809459686279297
2016-12-16,5.9064860343933105
2016-12-19,5.9064860343933105
2016-12-20,5.8943586349487305
2016-12-21,5.821588039398193
2016-12-22,5.930743217468262
2016-12-23,6.045962333679199
2016-12-26,6.021705627441406
2016-12-27,6.076282978057861
2016-12-28,6.25820779800415
2016-12-29,6.227888107299805
2017-01-02,6.233951091766357
2017-01-03,6.761532306671143
2017-01-04,7.010162353515625
2017-01-05,6.919200897216797
2017-01-06,6.8767523765563965
2017-01-09,7.125381946563721
2017-01-10,7.0222907066345215
2017-01-11,7.095059871673584
2017-01-12,7.307306289672852
2017-01-13,7.343691825866699
2017-01-16,7.495294570922852
2017-01-17,7.762117385864258
2017-01-18,7.343691825866699
2017-01-19,7.283051013946533
2017-01-20,7.458910942077637
2017-01-23,7.580193042755127
2017-01-24,7.549871921539307
2017-01-26,7.610515594482422
2017-01-27,7.737862586975098
2017-01-30,7.586256504058838
2017-01-31,7.853080749511719
2017-02-01,7.816695213317871
2017-02-02,7.810631275177002
2017-02-03,8.10171127319336
2017-02-06,8.15628719329834
2017-02-07,8.277570724487305
2017-02-08,8.45949649810791
2017-02-09,8.514073371887207
2017-02-10,8.574714660644531
2017-02-13,8.40491771697998
2017-02-14,8.28969955444336
2017-02-15,8.28969955444336
2017-02-16,8.132031440734863
2017-02-17,8.186607360839844
2017-02-20,8.119902610778809
2017-02-21,8.235122680664062
2017-02-22,8.229057312011719
2017-02-23,8.022875785827637
2017-02-24,7.877337455749512
2017-03-01,7.822759628295898
2017-03-02,7.834888935089111
2017-03-03,7.968299865722656
2017-03-06,7.998620510101318
2017-03-07,8.089582443237305
2017-03-08,7.847017288208008
2017-03-09,7.944042205810547
2017-03-10,7.944042205810547
2017-03-13,8.186607360839844
2017-03-14,8.150223731994629
2017-03-15,8.168416023254395
2017-03-16,8.15628719329834
2017-03-17,7.998620510101318
2017-03-20,8.15628719329834
2017-03-21,7.944042205810547
2017-03-22,7.974363803863525
2017-03-23,7.883402347564697
2017-03-24,7.73179817199707
2017-03-27,7.853080749511719
2017-03-28,7.944042205810547
2017-03-29,7.901592254638672
2017-03-30,8.047133445739746
2017-03-31,8.028940200805664
2017-04-03,7.9804277420043945
2017-04-04,8.065323829650879
2017-04-05,8.016814231872559
2017-04-06,7.944042205810547
2017-04-07,7.883402347564697
2017-04-10,8.010747909545898
2017-04-11,7.968299865722656
2017-04-12,7.901592254638672
2017-04-13,8.004683494567871
2017-04-17,8.198737144470215
2017-04-18,8.065323829650879
2017-04-19,7.865210056304932
2017-04-20,8.004683494567871
2017-04-24,7.847017288208008
2017-04-25,8.077454566955566
2017-04-26,7.956170082092285
2017-04-27,7.859145641326904
2017-04-28,8.004683494567871
2017-05-02,8.245365142822266
2017-05-03,8.257580757141113
2017-05-04,8.14764404296875
2017-05-05,7.97052001953125
2017-05-08,7.805613040924072
2017-05-09,7.988842487335205
2017-05-10,8.117104530334473
2017-05-11,8.2392578125
2017-05-12,8.184288024902344
2017-05-15,8.049920082092285
2017-05-16,8.251471519470215
2017-05-17,8.074349403381348
2017-05-18,6.761198997497559
2017-05-19,6.962751388549805
2017-05-22,6.529108047485352
2017-05-23,6.577969074249268
2017-05-24,6.877245903015137
2017-05-25,6.596292972564697
2017-05-26,6.681799411773682
2017-05-29,6.681799411773682
2017-05-30,6.7734150886535645
2017-05-31,6.529108047485352
2017-06-01,6.529108047485352
2017-06-02,6.6085076332092285
2017-06-05,6.406954765319824
2017-06-06,6.614615440368652
2017-06-07,6.620721817016602
2017-06-08,6.529108047485352
2017-06-09,6.687907695770264
2017-06-12,6.547431945800781
2017-06-13,6.480245590209961
2017-06-14,6.413061618804932
2017-06-15,6.413061618804932
2017-06-16,6.3703083992004395
2017-06-19,6.4374918937683105
2017-06-20,6.217616558074951
2017-06-21,6.229831695556641
2017-06-22,6.162647724151611
2017-06-23,6.174862384796143
2017-06-26,6.425278186798096
2017-06-27,6.51689338684082
2017-06-28,6.535215854644775
2017-06-29,6.657370567321777
2017-06-30,6.6940155029296875
2017-07-03,6.651261329650879
2017-07-04,6.651261329650879
2017-07-05,6.681799411773682
2017-07-06,6.614615440368652
2017-07-07,6.5657548904418945
2017-07-10,6.596292972564697
2017-07-11,6.730659484863281
2017-07-12,6.901676654815674
2017-07-13,6.938321590423584
2017-07-14,7.023830413818359
2017-07-17,7.04826021194458
2017-07-18,6.9077839851379395
2017-07-19,6.987183570861816
2017-07-20,7.237599849700928
2017-07-21,7.420827388763428
2017-07-24,7.555197238922119
2017-07-25,7.37196683883667
2017-07-26,7.329215049743652
2017-07-27,7.481906414031982
2017-07-28,7.408613681793213
2017-07-31,7.475797653198242
2017-08-01,7.420827388763428
2017-08-02,7.646812915802002
2017-08-03,7.4452595710754395
2017-08-04,7.316998481750488
2017-08-07,7.5857367515563965
2017-08-08,7.5857367515563965
2017-08-09,7.408613681793213
2017-08-10,7.359752178192139
2017-08-11,7.536874771118164
2017-08-14,7.591844081878662
2017-08-15,7.536874771118164
2017-08-16,7.573521137237549
2017-08-17,7.457474708557129
2017-08-18,7.433043956756592
2017-08-21,7.396398067474365
2017-08-22,7.573521137237549
2017-08-23,7.591844081878662
2017-08-24,7.7811808586120605
2017-08-25,7.707890033721924
2017-08-28,7.659027576446533
2017-08-29,7.848367691040039
2017-08-30,8.001057624816895
2017-08-31,8.049920082092285
2017-09-01,8.062132835388184
2017-09-04,8.14764404296875
2017-09-05,8.34919548034668
2017-09-06,8.446919441223145
2017-09-07,8.446919441223145
2017-09-08,8.520211219787598
2017-09-11,8.8622407913208
2017-09-12,8.733980178833008
2017-09-13,8.672901153564453
2017-09-14,8.850024223327637
2017-09-15,8.880563735961914
2017-09-18,9.039363861083984
2017-09-19,8.837810516357422
2017-09-20,9.033255577087402
2017-09-21,8.996609687805176
2017-09-22,8.898885726928711
2017-09-25,8.471349716186523
2017-09-26,8.422487258911133
2017-09-27,8.178181648254395
2017-09-28,8.165966033935547
2017-09-29,8.428596496582031
2017-10-02,8.40416431427002
2017-10-03,8.624040603637695
2017-10-04,8.59350299835205
2017-10-05,8.752301216125488
2017-10-06,8.556856155395508
2017-10-09,8.428596496582031
2017-10-10,8.679009437561035
2017-10-11,8.752301216125488
2017-10-12,8.752301216125488
2017-10-13,8.70954704284668
2017-10-16,8.666793823242188
2017-10-17,8.446919441223145
2017-10-18,8.459135055541992
2017-10-19,8.202610969543457
2017-10-20,8.257580757141113
2017-10-23,8.123211860656738
2017-10-24,8.190394401550293
2017-10-25,8.227043151855469
2017-10-26,8.019381523132324
2017-10-27,8.117104530334473
2017-10-30,7.872796535491943
2017-10-31,7.817829132080078
2017-11-01,7.811721324920654
2017-11-02,7.811721324920654
2017-11-03,7.7628583908081055
2017-11-06,7.695673942565918
2017-11-07,7.37807559967041
2017-11-08,7.634596824645996
2017-11-09,7.316998481750488
2017-11-10,7.390290260314941
2017-11-13,7.390290260314941
2017-11-14,7.262028217315674
2017-11-15,7.262028217315674
2017-11-16,7.579627990722656
2017-11-17,7.659027576446533
2017-11-20,7.659027576446533
2017-11-21,7.7811808586120605
2017-11-22,7.634596824645996
2017-11-23,7.695673942565918
2017-11-24,7.885011672973633
2017-11-27,7.805613040924072
2017-11-28,7.695673942565918
2017-11-29,7.604058265686035
2017-11-30,7.439152717590332
2017-12-01,7.4635820388793945
2017-12-04,7.542983055114746
2017-12-05,7.6773505210876465
2017-12-06,7.74453592300415
2017-12-07,7.5490899085998535
2017-12-08,7.604058265686035
2017-12-11,7.683459758758545
2017-12-12,7.720103740692139
2017-12-13,7.6773505210876465
2017-12-14,7.671243667602539
2017-12-15,7.695673942565918
2017-12-18,7.750643253326416
2017-12-19,7.561305522918701
2017-12-20,7.622381687164307
2017-12-21,7.878904342651367
2017-12-22,8.013272285461426
2017-12-25,8.013272285461426
2017-12-26,7.982734680175781
2017-12-27,8.031595230102539
2017-12-28,8.074349403381348
2017-12-29,8.074349403381348
2018-01-02,8.13542652130127
2018-01-03,8.172072410583496
2018-01-04,8.2392578125
2018-01-05,8.367518424987793
2018-01-08,8.410272598266602
2018-01-09,8.373625755310059
2018-01-10,8.196503639221191
2018-01-11,8.520211219787598
2018-01-12,8.58128833770752
2018-01-15,8.788949012756348
2018-01-16,8.72176456451416
2018-01-17,8.795056343078613
2018-01-18,8.703441619873047
2018-01-19,8.703441619873047
2018-01-22,8.642364501953125
2018-01-23,8.526317596435547
2018-01-24,8.856132507324219
2018-01-25,8.856132507324219
2018-01-26,9.2225923538208
2018-01-29,9.161516189575195
2018-01-30,9.094332695007324
2018-01-31,9.149301528930664
2018-02-01,9.485223770141602
2018-02-02,9.405824661254883
2018-02-05,9.137086868286133
2018-02-06,9.118764877319336
2018-02-07,9.021039962768555
2018-02-08,8.990500450134277
2018-02-09,8.886672973632812
2018-02-14,9.082115173339844
2018-02-15,9.143193244934082
2018-02-16,9.161516189575195
2018-02-19,9.179839134216309
2018-02-20,9.24091625213623
2018-02-21,9.418039321899414
2018-02-22,9.393608093261719
2018-02-23,9.552408218383789
2018-02-26,9.668456077575684
2018-02-27,9.613484382629395
2018-02-28,9.36917781829834
2018-03-01,9.283669471740723
2018-03-02,9.350854873657227
2018-03-05,9.491331100463867
2018-03-06,9.466900825500488
2018-03-07,9.411930084228516
2018-03-08,9.198163986206055
2018-03-09,9.326423645019531
2018-03-12,9.466900825500488
2018-03-13,9.38750171661377
2018-03-14,9.314208030700684
2018-03-15,9.253131866455078
2018-03-16,9.204269409179688
2018-03-19,9.130977630615234
2018-03-20,9.100439071655273
2018-03-21,9.161516189575195
2018-03-22,9.247023582458496
2018-03-23,9.027149200439453
2018-03-26,9.350854873657227
2018-03-27,9.3997163772583
2018-03-28,9.338639259338379
2018-03-29,9.338639259338379
2018-04-02,9.356964111328125
2018-04-03,9.137086868286133
2018-04-04,8.953856468200684
2018-04-05,9.283669471740723
2018-04-06,9.3997163772583
2018-04-09,9.014932632446289
2018-04-10,9.021039962768555
2018-04-11,8.892779350280762
2018-04-12,8.97217845916748
2018-04-13,8.672901153564453
2018-04-16,8.550749778747559
2018-04-17,8.630147933959961
2018-04-18,8.624040603637695
2018-04-19,8.416380882263184
2018-04-20,8.306442260742188
2018-04-23,8.184288024902344
2018-04-24,8.282011985778809
2018-04-25,8.233149528503418
2018-04-26,8.245365142822266
2018-04-27,8.398056983947754
2018-04-30,8.489672660827637
2018-05-02,8.214825630187988
2018-05-03,8.123211860656738
2018-05-04,8.117104530334473
2018-05-07,8.208720207214355
2018-05-08,8.209312438964844
2018-05-09,8.253789901733398
2018-05-10,8.438054084777832
2018-05-11,7.9805707931518555
2018-05-14,8.012341499328613
2018-05-15,7.974215507507324
2018-05-16,8.07588005065918
2018-05-17,7.85984468460083
2018-05-18,8.133064270019531
2018-05-21,8.018693923950195
2018-05-22,8.501593589782715
2018-05-23,8.253789901733398
2018-05-24,8.06317138671875
2018-05-25,7.904323577880859
2018-05-28,7.326111316680908
2018-05-29,7.6247477531433105
2018-05-30,7.427776336669922
2018-06-01,7.631102085113525
2018-06-04,7.656518459320068
2018-06-05,7.2435102462768555
2018-06-06,7.116431713104248
2018-06-07,6.576345443725586
2018-06-08,6.697070598602295
2018-06-11,6.754256725311279
2018-06-12,6.697070598602295
2018-06-13,6.67165470123291
2018-06-14,6.563638210296631
2018-06-15,6.3857269287109375
2018-06-18,6.366664886474609
2018-06-19,6.589054107666016
2018-06-20,6.862273693084717
2018-06-21,6.735194206237793
2018-06-22,6.627176761627197
2018-06-25,6.798734664916992
2018-06-26,6.792379856109619
2018-06-27,6.620823383331299
2018-06-28,6.798734664916992
2018-06-29,6.989352226257324
2018-07-02,6.88769006729126
2018-07-03,7.071954250335693
2018-07-04,7.281635284423828
2018-07-05,7.256218910217285
2018-07-06,7.364236354827881
2018-07-10,7.3070502281188965
2018-07-11,7.2752814292907715
2018-07-12,7.586623668670654
2018-07-13,7.548500061035156
2018-07-16,7.383298397064209
2018-07-17,7.421422481536865
2018-07-18,7.351528167724609
2018-07-19,7.637456893920898
2018-07-20,7.828074932098389
2018-07-23,7.669225215911865
2018-07-24,7.802659034729004
2018-07-25,7.9487996101379395
2018-07-26,7.68828821182251
2018-07-27,7.6247477531433105
2018-07-30,7.45319128036499
2018-07-31,7.364236354827881
2018-08-01,7.700995445251465
2018-08-02,7.592978000640869
2018-08-03,7.821721076965332
2018-08-06,7.720058441162109
2018-08-07,7.618394374847412
2018-08-08,7.669225215911865
2018-08-09,7.751826763153076
2018-08-10,7.389651775360107
2018-08-13,7.326111316680908
2018-08-14,7.567562580108643
2018-08-15,7.45319128036499
2018-08-16,7.332465648651123
2018-08-17,7.211739540100098
2018-08-20,7.08466100692749
2018-08-21,6.87498140335083
2018-08-22,6.989352226257324
2018-08-23,6.8495659828186035
2018-08-24,6.798734664916992
2018-08-27,6.925812721252441
2018-08-28,6.906752109527588
2018-08-29,6.925812721252441
2018-08-30,6.87498140335083
2018-08-31,6.944875717163086
2018-09-03,6.798734664916992
2018-09-04,6.760611057281494
2018-09-05,6.703423976898193
2018-09-06,6.798734664916992
2018-09-10,6.8114423751831055
2018-09-11,6.557283401489258
2018-09-12,6.557283401489258
2018-09-13,6.417496681213379
2018-09-14,6.550930023193359
2018-09-17,6.6398844718933105
2018-09-18,6.716132164001465
2018-09-19,6.716132164001465
2018-09-20,6.72248649597168
2018-09-21,6.7479023933410645
2018-09-24,6.72248649597168
2018-09-25,6.550930023193359
2018-09-26,6.74154806137085
2018-09-27,7.08466100692749
2018-09-28,6.824150085449219
2018-10-01,6.690716743469238
2018-10-02,6.995705604553223
2018-10-03,7.561208248138428
2018-10-04,7.65016508102417
2018-10-05,7.618394374847412
2018-10-08,8.507948875427246
2018-10-09,8.577841758728027
2018-10-10,8.196603775024414
2018-10-11,8.005986213684082
2018-10-15,7.9487996101379395
2018-10-16,8.285558700561523
2018-10-17,8.164835929870605
2018-10-18,8.025047302246094
2018-10-19,7.98692512512207
2018-10-22,8.355451583862305
2018-10-23,8.64138126373291
2018-10-24,8.64138126373291
2018-10-25,8.800230979919434
2018-10-26,8.685858726501465
2018-10-29,8.679505348205566
2018-10-30,9.143343925476074
2018-10-31,9.276777267456055
2018-11-01,9.054388046264648
2018-11-05,9.009910583496094
2018-11-06,8.82564640045166
2018-11-07,8.698566436767578
2018-11-08,8.507948875427246
2018-11-09,8.514301300048828
2018-11-12,8.298267364501953
2018-11-13,8.291913986206055
2018-11-14,8.73033618927002
2018-11-16,9.117927551269531
2018-11-19,9.02262020111084
2018-11-21,9.092512130737305
2018-11-22,9.11157512664795
2018-11-23,8.908247947692871
2018-11-26,8.800230979919434
2018-11-27,9.02262020111084
2018-11-28,9.003558158874512
2018-11-29,8.781167984008789
2018-11-30,9.048035621643066
2018-12-03,9.06074333190918
2018-12-04,8.914603233337402
2018-12-05,9.149696350097656
2018-12-06,9.340316772460938
2018-12-07,9.372087478637695
2018-12-10,9.530935287475586
2018-12-11,9.689784049987793
2018-12-12,9.448333740234375
2018-12-13,9.664368629455566
2018-12-14,9.823216438293457
2018-12-17,9.645306587219238
2018-12-18,9.848633766174316
2018-12-19,9.887438774108887
2018-12-20,9.854391098022461
2018-12-21,9.854391098022461
2018-12-26,9.801518440246582
2018-12-27,9.940312385559082
2018-12-28,10.224510192871094
2019-01-02,10.488880157470703
2019-01-03,10.660719871520996
2019-01-04,10.568191528320312
2019-01-07,10.508708000183105
2019-01-08,10.436005592346191
2019-01-09,10.475662231445312
2019-01-10,10.64089298248291
2019-01-11,10.938308715820312
2019-01-14,11.136587142944336
2019-01-15,10.905264854431152
2019-01-16,10.806124687194824
2019-01-17,11.268771171569824
2019-01-18,11.275381088256836
2019-01-21,11.36130142211914
2019-01-22,11.262162208557129
2019-01-23,11.341473579406738
2019-01-24,11.467050552368164
2019-01-28,11.36130142211914
2019-01-29,11.281991004943848
2019-01-30,11.315037727355957
2019-01-31,11.242335319519043
2019-02-01,11.05727481842041
2019-02-04,11.334863662719727
2019-02-05,11.334863662719727
2019-02-06,11.149806022644043
2019-02-07,10.799514770507812
2019-02-08,10.991181373596191
2019-02-11,11.030838966369629
2019-02-12,10.865607261657715
2019-02-13,10.792906761169434
2019-02-14,11.04405689239502
2019-02-15,10.905264854431152
2019-02-18,11.103541374206543
2019-02-19,10.991181373596191
2019-02-20,10.991181373596191
2019-02-21,10.878824234008789
2019-02-22,11.202679634094238
2019-02-25,11.275381088256836
2019-02-26,11.242335319519043
2019-02-27,11.539750099182129
2019-02-28,11.301819801330566
2019-03-01,11.202679634094238
2019-03-06,11.050666809082031
2019-03-07,11.209285736083984
2019-03-08,11.39434814453125
2019-03-11,11.467050552368164
2019-03-12,11.136587142944336
2019-03-13,11.420785903930664
2019-03-14,11.400958061218262
2019-03-15,11.334863662719727
2019-03-18,11.420785903930664
2019-03-19,11.896651268005371
2019-03-20,11.81072998046875
2019-03-21,11.367911338806152
2019-03-22,10.73342227935791
2019-03-25,10.521925926208496
2019-03-26,10.740032196044922
2019-03-27,10.237727165222168
2019-03-28,10.601237297058105
2019-03-29,10.753252029418945
2019-04-01,10.654111862182617
2019-04-02,10.6078462600708
2019-04-03,10.396349906921387
2019-04-04,10.687159538269043
2019-04-05,10.825950622558594
2019-04-08,10.706986427307129
2019-04-09,10.667328834533691
2019-04-10,10.872217178344727
2019-04-11,10.521925926208496
2019-04-12,10.416178703308105
2019-04-15,10.436005592346191
2019-04-16,10.343476295471191
2019-04-17,10.310431480407715
2019-04-18,10.5153169631958
2019-04-22,10.588019371032715
2019-04-23,10.977965354919434
2019-04-24,10.792906761169434
2019-04-25,11.123369216918945
2019-04-26,11.196069717407227
2019-04-29,11.374518394470215
2019-04-30,11.751248359680176
2019-05-02,11.288599967956543
2019-05-03,11.090322494506836
2019-05-06,11.110150337219238
2019-05-07,11.222506523132324
2019-05-08,11.308428764343262
2019-05-09,11.400958061218262
2019-05-10,11.334863662719727
2019-05-13,11.037449836730957
2019-05-14,10.971357345581055
2019-05-15,10.541754722595215
2019-05-16,10.270774841308594
2019-05-17,10.085716247558594
2019-05-20,10.779685974121094
2019-05-21,11.063884735107422
2019-05-22,11.090322494506836
2019-05-23,10.905264854431152
2019-05-24,10.825950622558594
2019-05-27,11.090322494506836
2019-05-28,11.04405689239502
2019-05-29,11.176243782043457
2019-05-30,11.34808349609375
2019-05-31,11.526534080505371
2019-06-03,11.566187858581543
2019-06-04,11.784294128417969
2019-06-05,11.81072998046875
2019-06-06,11.929697036743164
2019-06-07,12.412171363830566
2019-06-10,12.260159492492676
2019-06-11,12.524528503417969
2019-06-12,12.36590576171875
2019-06-13,12.5509672164917
2019-06-14,12.557573318481445
2019-06-17,12.524528503417969
2019-06-18,12.854990005493164
2019-06-19,13.020223617553711
2019-06-21,13.11936092376709
2019-06-24,13.218501091003418
2019-06-25,12.821945190429688
2019-06-26,13.0136137008667
2019-06-27,13.251545906066895
2019-06-28,13.747239112854004
2019-07-01,13.833162307739258
2019-07-02,13.945517539978027
2019-07-03,14.540349960327148
2019-07-04,14.870811462402344
2019-07-05,15.108746528625488
2019-07-08,15.26736831665039
2019-07-10,15.769670486450195
2019-07-11,15.605948448181152
2019-07-12,15.16865348815918
2019-07-15,15.00466537475586
2019-07-16,15.13448715209961
2019-07-17,15.052497863769531
2019-07-18,15.407798767089844
2019-07-19,14.991002082824707
2019-07-22,14.915840148925781
2019-07-23,15.264309883117676
2019-07-24,15.476125717163086
2019-07-25,15.38046646118164
2019-07-26,16.022743225097656
2019-07-29,16.227725982666016
2019-07-30,16.58302879333496
2019-07-31,16.671850204467773
2019-08-01,17.43028450012207
2019-08-02,17.32096290588379
2019-08-05,16.808507919311523
2019-08-06,17.396121978759766
2019-08-07,17.341459274291992
2019-08-08,17.81974983215332
2019-08-09,17.423452377319336
2019-08-12,16.876834869384766
2019-08-13,17.06814956665039
2019-08-14,16.466869354248047
2019-08-15,15.961252212524414
2019-08-16,16.398542404174805
2019-08-19,16.186725616455078
2019-08-20,15.92025375366211
2019-08-21,17.218469619750977
2019-08-22,16.72651481628418
2019-08-23,16.289216995239258
2019-08-26,15.810930252075195
2019-08-27,16.25505828857422
2019-08-28,16.207225799560547
2019-08-29,16.665019989013672
2019-08-30,17.211637496948242
2019-09-02,17.642099380493164
2019-09-03,17.136478424072266
2019-09-04,16.26188850402832
2019-09-05,16.33021354675293
2019-09-06,15.988580703735352
2019-09-09,14.963672637939453
2019-09-10,15.264309883117676
2019-09-11,15.612777709960938
2019-09-12,15.441963195800781
2019-09-13,15.052497863769531
2019-09-16,14.895342826843262
2019-09-17,15.599113464355469
2019-09-18,15.592281341552734
2019-09-19,15.954416275024414
2019-09-20,16.063737869262695
2019-09-23,16.070573806762695
2019-09-24,15.92025375366211
2019-09-25,15.66061019897461
2019-09-26,16.070573806762695
2019-09-27,16.097902297973633
2019-09-30,16.432706832885742
2019-10-01,16.562528610229492
2019-10-02,15.954416275024414
2019-10-03,16.678686141967773
2019-10-04,17.150142669677734
2019-10-07,16.74018096923828
2019-10-08,16.671850204467773
2019-10-09,16.576194763183594
2019-10-10,16.788009643554688
2019-10-11,17.020322799682617
2019-10-14,17.25263214111328
2019-10-15,17.437116622924805
2019-10-16,17.888076782226562
2019-10-17,17.997400283813477
2019-10-18,17.765090942382812
2019-10-21,17.689929962158203
2019-10-22,17.970067977905273
2019-10-23,17.560108184814453
2019-10-24,17.560108184814453
2019-10-25,17.751422882080078
2019-10-28,17.9085750579834
2019-10-29,17.826580047607422
2019-10-30,18.093055725097656
2019-10-31,18.40053367614746
2019-11-01,19.281951904296875
2019-11-04,19.445938110351562
2019-11-05,18.960817337036133
2019-11-06,18.899322509765625
2019-11-07,19.070140838623047
2019-11-08,18.81732940673828
2019-11-11,18.892486572265625
2019-11-12,18.25020980834961
2019-11-13,18.175052642822266
2019-11-14,18.701173782348633
2019-11-18,18.591848373413086
2019-11-19,18.311702728271484
2019-11-21,18.810497283935547
2019-11-22,18.61918067932129
2019-11-25,18.63284683227539
2019-11-26,18.284374237060547
2019-11-27,17.997400283813477
2019-11-28,18.448360443115234
2019-11-29,18.339035034179688
2019-12-02,18.188720703125
2019-12-03,18.612346649169922
2019-12-04,18.865158081054688
2019-12-05,18.93348503112793
2019-12-06,19.65775489807129
2019-12-09,19.80124282836914
2019-12-10,19.808073043823242
2019-12-11,19.843870162963867
2019-12-12,20.318706512451172
2019-12-13,20.85732650756836
2019-12-16,21.339248657226562
2019-12-17,21.02033042907715
2019-12-18,21.04867935180664
2019-12-19,20.758108139038086
2019-12-20,20.680150985717773
2019-12-23,20.72975730895996
2019-12-26,21.26129150390625
2019-12-27,21.275466918945312
2019-12-30,21.04159164428711
2020-01-02,22.047958374023438
2020-01-03,23.245677947998047
2020-01-06,23.03306770324707
2020-01-07,23.10393524169922
2020-01-08,22.388139724731445
2020-01-09,22.274744033813477
2020-01-10,22.430662155151367
2020-01-13,22.855884552001953
2020-01-14,23.03306770324707
2020-01-15,22.6787109375
2020-01-16,22.76375389099121
2020-01-17,23.479555130004883
2020-01-20,23.989824295043945
2020-01-21,23.755950927734375
2020-01-22,24.11739158630371
2020-01-23,24.365440368652344
2020-01-24,23.62838363647461
2020-01-27,22.820451736450195
2020-01-28,23.444120407104492
2020-01-29,23.20315933227539
2020-01-30,23.011804580688477
2020-01-31,22.536970138549805
2020-02-03,22.997629165649414
2020-02-04,23.28111457824707
2020-02-05,23.387422561645508
2020-02-06,23.387422561645508
2020-02-07,23.196067810058594
2020-02-10,21.821168899536133
2020-02-11,22.79210662841797
2020-02-12,23.259855270385742
2020-02-13,23.224416732788086
2020-02-14,23.03306770324707
2020-02-17,23.259855270385742
2020-02-18,23.02597999572754
2020-02-19,23.812646865844727
2020-02-20,23.91895294189453
2020-02-21,23.989824295043945
2020-02-26,22.14008903503418
2020-02-27,20.906936645507812
2020-02-28,21.140811920166016
2020-03-02,21.707775115966797
2020-03-03,21.66525650024414
2020-03-04,22.806278228759766
2020-03-05,20.85024070739746
2020-03-06,19.66669464111328
2020-03-09,16.38536834716797
2020-03-10,17.83822250366211
2020-03-11,17.22164535522461
2020-03-12,12.97647476196289
2020-03-13,14.918336868286133
2020-03-16,12.090588569641113
2020-03-17,11.941760063171387
2020-03-18,9.475447654724121
2020-03-19,10.418033599853516
2020-03-20,10.042417526245117
2020-03-23,9.184879302978516
2020-03-24,10.843257904052734
2020-03-25,11.743318557739258
2020-03-26,12.919777870178223
2020-03-27,11.38896369934082
2020-03-30,11.126741409301758
2020-03-31,10.014067649841309
2020-04-01,9.184879302978516
2020-04-02,8.82343578338623
2020-04-03,9.050224304199219
2020-04-06,9.35496711730957
2020-04-07,9.780193328857422
2020-04-08,10.169983863830566
2020-04-09,10.347162246704102
2020-04-13,10.120376586914062
2020-04-14,10.22668170928955
2020-04-15,10.077851295471191
2020-04-16,9.957371711730957
2020-04-17,10.169983863830566
2020-04-20,11.07004451751709
2020-04-22,11.37479019165039
2020-04-23,11.33935546875
2020-04-24,9.929023742675781
2020-04-27,10.099113464355469
2020-04-28,11.381876945495605
2020-04-29,12.104762077331543
2020-04-30,11.275571823120117
2020-05-04,10.510165214538574
2020-05-05,10.52433967590332
2020-05-06,10.169983863830566
2020-05-07,9.454187393188477
2020-05-08,9.638452529907227
2020-05-11,9.347882270812988
2020-05-12,9.255748748779297
2020-05-13,8.92265510559082
2020-05-14,9.659711837768555
2020-05-15,8.965176582336426
2020-05-18,9.588841438293457
2020-05-19,9.489623069763184
2020-05-20,9.921935081481934
2020-05-21,11.013348579406738
2020-05-22,10.545599937438965
2020-05-25,11.85671329498291
2020-05-26,11.445661544799805
2020-05-27,12.402419090270996
2020-05-28,12.402419090270996
2020-05-29,12.012630462646484
2020-06-01,12.104762077331543
2020-06-02,12.898516654968262
2020-06-03,14.804944038391113
2020-06-04,14.847469329833984
2020-06-05,14.656118392944336
2020-06-08,15.697917938232422
2020-06-09,15.187650680541992
2020-06-10,14.804944038391113
2020-06-12,14.415156364440918
2020-06-15,14.705727577209473
2020-06-16,14.840383529663086
2020-06-17,15.8396577835083
2020-06-18,15.8396577835083
2020-06-19,16.137319564819336
2020-06-22,16.20110321044922
2020-06-23,16.6334171295166
2020-06-24,16.04518699645996
2020-06-25,16.406631469726562
2020-06-26,15.534917831420898
2020-06-29,16.2790584564209
2020-06-30,16.194013595581055
2020-07-01,17.41299819946289
2020-07-02,17.40591049194336
2020-07-03,17.944530487060547
2020-07-06,18.14297103881836
2020-07-07,18.150056838989258
2020-07-08,18.950895309448242
2020-07-09,19.064289093017578
2020-07-10,19.865135192871094
2020-07-13,18.809158325195312
2020-07-14,19.05011558532715
2020-07-15,18.915462493896484
2020-07-16,18.532756805419922
2020-07-17,19.567474365234375
2020-07-20,19.865135192871094
2020-07-21,19.44699478149414
2020-07-22,19.376123428344727
2020-07-23,18.68158721923828
2020-07-24,18.493297576904297
2020-07-27,18.593494415283203
2020-07-28,18.36447525024414
2020-07-29,19.251922607421875
2020-07-30,19.7672176361084
2020-07-31,19.62407684326172
2020-08-03,19.14457130432129
2020-08-04,18.529081344604492
2020-08-05,18.77241325378418
2020-08-06,18.75094223022461
2020-08-07,18.493297576904297
2020-08-10,18.335845947265625
2020-08-11,17.956531524658203
2020-08-12,17.462709426879883
2020-08-13,17.11202621459961
2020-08-14,17.43408203125
2020-08-17,16.81859016418457
2020-08-18,17.412612915039062
2020-08-19,16.854379653930664
2020-08-20,17.484182357788086
2020-08-21,17.648788452148438
2020-08-24,17.3195743560791
2020-08-25,17.248004913330078
2020-08-26,16.925945281982422
2020-08-27,16.861534118652344
2020-08-28,18.10682487487793
2020-08-31,17.255163192749023
2020-09-01,17.555747985839844
2020-09-02,17.398298263549805
2020-09-03,17.391143798828125
2020-09-04,17.06908416748047
2020-09-08,17.14065170288086
2020-09-09,17.51996612548828
2020-09-10,17.20506477355957
2020-09-11,16.933103561401367
2020-09-14,17.613006591796875
2020-09-15,17.505653381347656
2020-09-16,17.18359375
2020-09-17,16.911630630493164
2020-09-18,16.475065231323242
2020-09-21,16.324771881103516
2020-09-22,16.840063095092773
2020-09-23,16.374868392944336
2020-09-24,16.761337280273438
2020-09-25,16.890165328979492
2020-09-28,16.160165786743164
2020-09-29,16.031339645385742
2020-09-30,16.632516860961914
2020-10-01,17.391143798828125
2020-10-02,16.775653839111328
2020-10-05,16.861534118652344
2020-10-06,17.391143798828125
2020-10-07,17.534278869628906
2020-10-08,17.949377059936523
2020-10-09,18.77241325378418
2020-10-13,18.90839195251465
2020-10-14,18.614961624145508
2020-10-15,18.815357208251953
2020-10-16,18.378787994384766
2020-10-19,18.478984832763672
2020-10-20,19.13025665283203
2020-10-21,19.294862747192383
2020-10-22,18.987119674682617
2020-10-23,18.707998275756836
2020-10-26,18.192710876464844
2020-10-27,17.670259475708008
2020-10-28,16.62535858154297
2020-10-29,17.004671096801758
2020-10-30,16.310461044311523
2020-11-03,16.346242904663086
2020-11-04,17.534278869628906
2020-11-05,18.543394088745117
2020-11-06,18.815357208251953
2020-11-09,18.529081344604492
2020-11-10,18.822509765625
2020-11-11,18.693687438964844
2020-11-12,17.73467254638672
2020-11-13,18.457515716552734
2020-11-16,18.801040649414062
2020-11-17,19.35211944580078
2020-11-18,18.543394088745117
2020-11-19,19.02290153503418
2020-11-23,18.672216415405273
2020-11-24,18.808198928833008
2020-11-25,19.2089786529541
2020-11-26,18.894079208374023
2020-11-27,19.55966567993164
2020-11-30,19.366432189941406
2020-12-01,20.604568481445312
2020-12-02,21.262996673583984
2020-12-03,21.842702865600586
2020-12-04,21.055450439453125
2020-12-07,21.234371185302734
2020-12-08,21.499176025390625
2020-12-09,21.091232299804688
2020-12-10,21.649465560913086
2020-12-11,22.043092727661133
2020-12-14,22.222013473510742
2020-12-15,22.694364547729492
2020-12-16,22.45383644104004
2020-12-17,22.017253875732422
2020-12-18,21.738744735717773
2020-12-21,21.610780715942383
2020-12-22,21.60325050354004
2020-12-23,21.678524017333984
2020-12-28,21.851654052734375
2020-12-29,21.957035064697266
2020-12-30,22.190380096435547
2021-01-04,21.452709197998047
2021-01-05,21.03870964050293
2021-01-06,20.49674415588379
2021-01-07,20.62470817565918
2021-01-08,21.610780715942383
2021-01-11,20.775253295898438
2021-01-12,21.798961639404297
2021-01-13,21.663471221923828
2021-01-14,22.41619873046875
2021-01-15,21.512924194335938
2021-01-18,21.49034309387207
2021-01-19,21.272052764892578
2021-01-20,21.392488479614258
2021-01-21,20.24834632873535
2021-01-22,19.570890426635742
2021-01-26,19.224637985229492
2021-01-27,19.345073699951172
2021-01-28,20.060163497924805
2021-01-29,19.292381286621094
2021-02-01,19.88703727722168
2021-02-02,20.398889541625977
2021-02-03,21.181726455688477
2021-02-04,20.970962524414062
2021-02-05,20.65481948852539
2021-02-08,21.64089012145996
2021-02-09,21.13656234741211
2021-02-10,20.812889099121094
2021-02-11,21.098928451538086
2021-02-12,21.339801788330078
2021-02-17,21.23441505432129
2021-02-18,20.986019134521484
2021-02-19,20.76019859313965
2021-02-22,19.52573013305664
2021-02-23,19.548309326171875
2021-02-24,19.352602005004883
2021-02-25,18.931074142456055
2021-02-26,18.667617797851562
2021-03-01,18.434274673461914
2021-03-02,18.59987449645996
2021-03-03,17.839622497558594
2021-03-04,17.96005630493164
2021-03-05,18.72783851623535
2021-03-08,17.297657012939453
2021-03-09,16.672893524169922
2021-03-10,17.132057189941406
2021-03-11,18.02027702331543
2021-03-12,18.351472854614258
2021-03-15,18.667617797851562
2021-03-16,17.99016571044922
2021-03-17,19.081621170043945
2021-03-18,18.2912540435791
2021-03-19,18.757944107055664
2021-03-22,18.855798721313477
2021-03-23,18.547182083129883
2021-03-24,17.67401885986328
2021-03-25,18.208454132080078
2021-03-26,17.824565887451172
2021-03-29,17.365400314331055
2021-03-30,18.464384078979492
2021-03-31,18.554710388183594
2021-04-01,18.163291931152344
2021-04-05,18.712785720825195
2021-04-06,18.89344024658203
2021-04-07,18.65256690979004
2021-04-08,18.961183547973633
2021-04-09,19.277328491210938
2021-04-12,19.292381286621094
2021-04-13,19.202054977416992
2021-04-14,19.26227378845215
2021-04-15,19.013874053955078
2021-04-16,19.28485679626465
2021-04-19,18.89344024658203
2021-04-20,19.036457061767578
2021-04-22,18.961183547973633
2021-04-23,19.187002182006836
2021-04-26,19.302793502807617
2021-04-27,19.137680053710938
2021-04-28,19.23989486694336
2021-04-29,18.933250427246094
2021-04-30,18.50080680847168
2021-05-03,18.485078811645508
2021-05-04,18.319963455200195
2021-05-05,18.327829360961914
2021-05-06,18.563709259033203
2021-05-07,18.95684051513672
2021-05-10,18.610883712768555
2021-05-11,18.327829360961914
2021-05-12,17.87179183959961
2021-05-13,18.335689544677734
2021-05-14,18.65019416809082
2021-05-17,19.184858322143555
2021-05-18,18.92538833618164
2021-05-19,18.16271209716797
2021-05-20,18.2413387298584
2021-05-21,17.25851058959961
2021-05-24,17.431486129760742
2021-05-25,17.801029205322266
2021-05-26,18.304243087768555
2021-05-27,18.28851318359375
2021-05-28,18.634471893310547
2021-05-31,18.791725158691406
2021-06-01,20.026159286499023
2021-06-02,20.3642520904541
2021-06-04,20.600133895874023
2021-06-07,20.435016632080078
2021-06-08,20.584407806396484
2021-06-09,20.10478401184082
2021-06-10,19.61730194091797
2021-06-11,19.287071228027344
2021-06-14,19.45218849182129
2021-06-15,19.39715003967285
2021-06-16,19.14554214477539
2021-06-17,18.988290786743164
2021-06-18,19.004016876220703
2021-06-21,18.941112518310547
2021-06-22,18.65806007385254
2021-06-23,18.335689544677734
2021-06-24,18.50080680847168
2021-06-25,17.98187255859375
2021-06-28,17.848207473754883
2021-06-29,18.060497283935547
2021-06-30,18.35141372680664
2021-07-01,17.895383834838867
2021-07-02,18.414316177368164
2021-07-05,18.28851318359375
2021-07-06,18.036911010742188
2021-07-07,18.264923095703125
2021-07-08,17.84034538269043
2021-07-12,18.445768356323242
2021-07-13,18.38286590576172
2021-07-14,18.540119171142578
2021-07-15,18.233476638793945
2021-07-16,17.92683219909668
2021-07-19,17.801029205322266
2021-07-20,17.64377784729004
2021-07-21,17.54942512512207
2021-07-22,17.604463577270508
2021-07-23,17.219196319580078
2021-07-26,16.951866149902344
2021-07-27,16.826065063476562
2021-07-28,17.093395233154297
2021-07-29,16.76316261291504
2021-07-30,16.39361572265625
2021-08-02,16.432931900024414
2021-08-03,16.14201545715332
2021-08-04,15.898269653320312
2021-08-05,15.434372901916504
2021-08-06,15.788190841674805
2021-08-09,16.000484466552734
2021-08-10,15.764603614807129
2021-08-11,15.489412307739258
2021-08-12,15.198494911193848
2021-08-13,14.970479965209961
2021-08-16,14.994065284729004
2021-08-17,14.404366493225098
2021-08-18,14.396505355834961
2021-08-19,14.467268943786621
2021-08-20,14.577346801757812
2021-08-23,14.28642749786377
2021-08-24,16.047658920288086
2021-08-25,16.66880989074707
2021-08-26,15.678116798400879
2021-08-27,16.755300521850586
2021-08-30,16.079113006591797
2021-08-31,15.898269653320312
2021-09-01,15.685981750488281
2021-09-02,15.159180641174316
2021-09-03,14.852538108825684
2021-09-06,15.261394500732422
2021-09-08,14.302153587341309
2021-09-09,14.569483757019043
2021-09-10,14.876127243041992
2021-09-13,15.607352256774902
2021-09-14,15.552313804626465
2021-09-15,15.45009994506836
2021-09-16,15.481551170349121
2021-09-17,15.465826034545898
2021-09-20,15.245672225952148
2021-09-21,15.685981750488281
2021-09-22,15.969036102294922
2021-09-23,15.277121543884277
2021-09-24,15.277121543884277
2021-09-27,15.072691917419434
2021-09-28,14.18421459197998
2021-09-29,13.99551010131836
2021-09-30,14.152762413024902
2021-10-01,14.671696662902832
2021-10-04,14.113450050354004
2021-10-05,13.767492294311523
2021-10-06,13.751769065856934
2021-10-07,13.500164031982422
2021-10-08,14.081998825073242
2021-10-11,13.932607650756836
2021-10-13,14.302153587341309
2021-10-14,13.97978401184082
2021-10-15,14.294291496276855
2021-10-18,14.317876815795898
2021-10-19,13.287871360778809
2021-10-20,13.09130573272705
2021-10-21,12.257864952087402
2021-10-22,11.935497283935547
2021-10-25,12.100613594055176
2021-10-26,11.487326622009277
2021-10-27,11.95122241973877
2021-10-28,11.322211265563965
2021-10-29,11.078469276428223
2021-11-01,11.42442512512207
2021-11-03,11.880457878112793
2021-11-04,11.620991706848145
2021-11-05,12.273590087890625
2021-11-08,11.738931655883789
2021-11-09,12.273590087890625
2021-11-10,12.721761703491211
2021-11-11,13.028404235839844
2021-11-12,12.509469985961914
2021-11-16,11.778242111206055
2021-11-17,11.471601486206055
2021-11-18,11.42442512512207
2021-11-19,11.888319969177246
2021-11-22,11.322211265563965
2021-11-23,11.337935447692871
2021-11-24,11.400835990905762
2021-11-25,11.959085464477539
2021-11-26,11.463738441467285
2021-11-29,11.039154052734375
2021-11-30,10.693199157714844
2021-12-01,10.35510540008545
2021-12-02,10.929078102111816
2021-12-03,11.738931655883789
2021-12-06,12.108474731445312
2021-12-07,11.943357467651367
2021-12-08,12.572371482849121
2021-12-09,12.194964408874512
2021-12-10,12.9104642868042
2021-12-13,12.446568489074707
2021-12-14,12.07702350616455
2021-12-15,12.234277725219727
2021-12-16,12.187100410461426
2021-12-17,12.194964408874512
2021-12-20,12.053436279296875
2021-12-21,11.927635192871094
2021-12-22,11.904047966003418
2021-12-23,11.880457878112793
2021-12-27,12.08488655090332
2021-12-28,12.092750549316406
2021-12-29,12.116336822509766
2021-12-30,12.407256126403809
2022-01-03,11.416563034057617
2022-01-04,11.212132453918457
2022-01-05,10.921215057373047
2022-01-06,10.826863288879395
2022-01-07,10.9762544631958
2022-01-10,10.756099700927734
2022-01-11,10.842589378356934
2022-01-12,11.164957046508789
2022-01-13,11.15709400177002
2022-01-14,11.15709400177002
2022-01-17,11.117781639099121
2022-01-18,10.779687881469727
2022-01-19,11.597402572631836
2022-01-20,11.974808692932129
2022-01-21,12.360078811645508
2022-01-24,12.179239273071289
2022-01-25,12.839701652526855
2022-01-26,13.374361038208008
2022-01-27,13.641691207885742
2022-01-28,13.492300033569336
2022-01-31,13.743905067443848
2022-02-01,13.547338485717773
2022-02-02,13.224970817565918
2022-02-03,13.224970817565918
2022-02-04,12.564506530761719
2022-02-07,12.485882759094238
2022-02-08,12.478018760681152
2022-02-09,12.462294578552246
2022-02-10,12.399394035339355
2022-02-11,12.470155715942383
2022-02-14,12.517332077026367
2022-02-15,13.051992416381836
2022-02-16,13.083443641662598
2022-02-17,12.753211975097656
2022-02-18,12.768937110900879
2022-02-21,12.367941856384277
2022-02-22,12.375804901123047
2022-02-23,12.139925003051758
2022-02-24,12.108474731445312
2022-02-25,11.935497283935547
2022-03-02,11.683891296386719
2022-03-03,11.71534252166748
2022-03-04,11.330073356628418
2022-03-07,10.64602279663086
2022-03-08,10.842589378356934
2022-03-09,11.471601486206055
2022-03-10,11.495187759399414
2022-03-11,11.00770378112793
2022-03-14,11.039154052734375
2022-03-15,11.416563034057617
2022-03-16,11.770381927490234
2022-03-17,11.558090209960938
2022-03-18,12.643135070800781
2022-03-21,12.643135070800781
2022-03-22,13.012679100036621
2022-03-23,13.390087127685547
2022-03-24,13.853983879089355
2022-03-25,14.79749870300293
2022-03-28,14.577346801757812
2022-03-29,14.152762413024902
2022-03-30,13.89329719543457
2022-03-31,13.751769065856934
2022-04-01,14.10558795928955
2022-04-04,13.853983879089355
2022-04-05,13.390087127685547
2022-04-06,12.9104642868042
2022-04-07,12.706035614013672
2022-04-08,12.438706398010254
2022-04-11,12.179239273071289
2022-04-12,12.108474731445312
2022-04-13,12.147789001464844
2022-04-14,12.029848098754883
2022-04-18,12.061300277709961
2022-04-19,12.069162368774414
2022-04-20,12.045574188232422
2022-04-22,11.738931655883789
2022-04-25,12.200455665588379
2022-04-26,11.57122802734375
2022-04-27,11.726492881774902
2022-04-28,11.963473320007324
2022-04-29,11.563056945800781
2022-05-02,11.58757209777832
2022-05-03,11.734663009643555
2022-05-04,12.110565185546875
2022-05-05,11.669289588928223
2022-05-06,11.41596508026123
2022-05-09,11.391448974609375
2022-05-10,11.685632705688477
2022-05-11,11.464995384216309
2022-05-12,11.75917911529541
2022-05-13,11.78369426727295
2022-05-16,12.192282676696777
2022-05-17,12.257657051086426
2022-05-18,11.661118507385254
2022-05-19,11.873583793640137
2022-05-20,12.086050033569336
2022-05-23,12.037018775939941
2022-05-24,11.840896606445312
2022-05-25,11.669289588928223
2022-05-26,11.955302238464355
2022-05-27,11.693804740905762
2022-05-30,11.4241361618042
2022-05-31,11.154468536376953
2022-06-01,11.129952430725098
2022-06-02,11.203497886657715
2022-06-03,11.178982734680176
2022-06-06,10.803081512451172
2022-06-07,10.557929039001465
2022-06-08,10.288260459899902
2022-06-09,10.386322021484375
2022-06-10,9.961389541625977
2022-06-13,9.84698486328125
2022-06-14,9.871499061584473
2022-06-15,10.075794219970703
2022-06-17,10.01859188079834
2022-06-20,9.855156898498535
2022-06-21,9.830639839172363
2022-06-22,9.896014213562012
2022-06-23,9.896014213562012
2022-06-24,9.78978157043457
2022-06-27,9.73258113861084
2022-06-28,9.536457061767578
2022-06-29,9.691720962524414
2022-06-30,9.659034729003906
2022-07-01,9.838812828063965
2022-07-04,9.765266418457031
2022-07-05,9.994075775146484
2022-07-06,10.075794219970703
2022-07-07,10.271916389465332
2022-07-08,10.33729076385498
2022-07-11,10.16568374633789
2022-07-12,10.647817611694336
2022-07-13,10.574273109436035
2022-07-14,9.945045471191406
2022-07-15,9.928702354431152
2022-07-18,9.863327026367188
2022-07-19,9.912359237670898
2022-07-20,9.994075775146484
2022-07-21,10.083965301513672
2022-07-22,10.01859188079834
2022-07-25,10.010420799255371
2022-07-26,9.81429672241211
2022-07-27,10.092137336730957
2022-07-28,10.484382629394531
2022-07-29,10.320947647094727
2022-08-01,10.56610107421875
2022-08-02,10.247401237487793
2022-08-03,10.950173377990723
2022-08-04,12.200455665588379
2022-08-05,12.028847694396973
2022-08-08,12.020675659179688
2022-08-09,12.028847694396973
2022-08-10,12.347546577453613
2022-08-11,11.824553489685059
2022-08-12,11.922614097595215
2022-08-15,12.658073425292969
2022-08-16,12.568183898925781
2022-08-17,12.502811431884766
2022-08-18,12.274002075195312
2022-08-19,11.546714782714844
2022-08-22,11.497682571411133
2022-08-23,11.726492881774902
2022-08-24,11.9307861328125
2022-08-25,11.865411758422852
2022-08-26,11.644773483276367
2022-08-29,11.889927864074707
2022-08-30,11.808209419250488
2022-08-31,11.57122802734375
2022-09-01,12.372061729431152
2022-09-02,13.344502449035645
2022-09-05,13.319987297058105
2022-09-06,12.780651092529297
2022-09-08,13.21375560760498
2022-09-09,13.671372413635254
2022-09-12,13.540624618530273
2022-09-13,13.279129028320312
2022-09-14,13.066661834716797
2022-09-15,13.066661834716797
2022-09-16,12.862367630004883
2022-09-19,13.21375560760498
2022-09-20,13.238269805908203
2022-09-21,13.35267448425293
2022-09-22,13.810293197631836
2022-09-23,13.695889472961426
2022-09-26,13.230097770690918
2022-09-27,13.132036209106445
2022-09-28,14.202539443969727
2022-09-29,14.096305847167969
2022-09-30,14.995201110839844
2022-10-03,16.368059158325195
2022-10-04,16.07387351989746
2022-10-05,16.171937942504883
2022-10-06,16.033016204833984
2022-10-07,15.812378883361816
2022-10-10,15.681629180908203
2022-10-11,15.256697654724121
2022-10-13,15.166807174682617
2022-10-14,15.207666397094727
2022-10-17,15.23218059539795
2022-10-18,15.43647575378418
2022-10-19,15.019715309143066
2022-10-20,14.496722221374512
2022-10-21,14.856282234191895
2022-10-24,14.56209659576416
2022-10-25,14.415003776550293
2022-10-26,13.71223258972168
2022-10-27,14.447690963745117
2022-10-28,14.60295581817627
2022-10-31,15.199496269226074
2022-11-01,15.191324234008789
2022-11-03,14.970685958862305
2022-11-04,15.068746566772461
2022-11-07,14.145336151123047
2022-11-08,14.055447578430176
2022-11-09,14.071788787841797
2022-11-10,12.421092987060547
2022-11-11,11.832725524902344
2022-11-14,12.363890647888184
2022-11-16,11.612086296081543
2022-11-17,11.195326805114746
2022-11-18,11.121780395507812
2022-11-21,12.012503623962402
2022-11-22,11.612086296081543
2022-11-23,11.26887321472168
2022-11-24,11.710148811340332
2022-11-25,11.293388366699219
2022-11-28,11.178982734680176
2022-11-29,11.7183198928833
2022-11-30,11.734663009643555
2022-12-01,11.514026641845703
2022-12-02,11.94713020324707
2022-12-05,11.121780395507812
2022-12-06,11.22801399230957
2022-12-07,11.326075553894043
2022-12-08,10.803081512451172
2022-12-09,10.7050199508667
2022-12-12,10.255573272705078
2022-12-13,9.920530319213867
2022-12-14,10.214715003967285
2022-12-15,10.345462799072266
2022-12-16,9.887843132019043
2022-12-19,10.43535327911377
2022-12-20,10.62330436706543
2022-12-21,10.56610107421875
2022-12-22,10.598788261413574
2022-12-23,11.007376670837402
2022-12-26,10.819425582885742
2022-12-27,10.427180290222168
2022-12-28,10.917485237121582
2022-12-29,10.680505752563477
2023-01-02,10.500727653503418
2023-01-03,10.034934043884277
2023-01-04,10.427180290222168
2023-01-05,10.7050199508667
2023-01-06,11.203497886657715
2023-01-09,11.09726619720459
2023-01-10,11.383278846740723
2023-01-11,11.554885864257812
2023-01-12,11.53036880493164
2023-01-13,11.244357109069824
2023-01-16,11.129952430725098
2023-01-17,11.473167419433594
2023-01-18,11.767351150512695
2023-01-19,11.78369426727295
2023-01-20,11.70197582244873
2023-01-23,11.840896606445312
2023-01-24,11.971644401550293
2023-01-25,12.208625793457031
2023-01-26,12.32303237915039
2023-01-27,12.13508129119873
2023-01-30,12.07787799835205
2023-01-31,12.404749870300293
2023-02-01,12.233141899108887
2023-02-02,12.32303237915039
2023-02-03,11.832725524902344
2023-02-06,11.473167419433594
2023-02-07,11.464995384216309
2023-02-08,11.963473320007324
2023-02-09,12.037018775939941
2023-02-10,12.380234718322754
2023-02-13,12.731618881225586
2023-02-14,12.47829532623291
2023-02-15,12.641730308532715
2023-02-16,12.094222068786621
2023-02-17,12.037018775939941
2023-02-22,12.412920951843262
2023-02-23,12.429264068603516
2023-02-24,12.274002075195312
2023-02-27,12.380234718322754
2023-02-28,12.241313934326172
2023-03-01,12.143251419067383
2023-03-02,12.086050033569336
2023-03-03,12.037018775939941
2023-03-06,12.282173156738281
2023-03-07,12.486467361450195
2023-03-08,13.042147636413574
2023-03-09,13.40987777709961
2023-03-10,13.009459495544434
2023-03-13,13.148380279541016
2023-03-14,12.829681396484375
2023-03-15,12.821508407592773
2023-03-16,13.017632484436035
2023-03-17,12.045190811157227
2023-03-20,11.644773483276367
2023-03-21,11.612086296081543
2023-03-22,11.546714782714844
2023-03-23,10.835768699645996
2023-03-24,10.713191986083984
2023-03-27,11.121780395507812
2023-03-28,11.089093208312988
2023-03-29,11.089093208312988
2023-03-30,11.595743179321289
2023-03-31,11.505854606628418
2023-04-03,11.154468536376953
2023-04-04,11.366933822631836
2023-04-05,11.366933822631836
2023-04-06,11.35876178741455
2023-04-10,11.35876178741455
2023-04-11,12.453779220581055
2023-04-12,12.927742004394531
2023-04-13,12.944086074829102
2023-04-14,12.674417495727539
2023-04-17,12.78882122039795
2023-04-18,12.592700004577637
2023-04-19,12.200455665588379
2023-04-20,12.241313934326172
2023-04-24,12.30668830871582
2023-04-25,12.159597396850586
2023-04-26,12.07787799835205
2023-04-27,12.429264068603516
2023-04-28,12.625385284423828
2023-05-02,12.429264068603516
2023-05-03,12.599479675292969
2023-05-04,13.140666007995605
2023-05-05,13.50427532196045
2023-05-08,13.512730598449707
2023-05-09,13.555012702941895
2023-05-10,13.87633991241455
2023-05-11,14.096197128295898
2023-05-12,13.943987846374512
2023-05-15,14.121564865112305
2023-05-16,14.045461654663086
2023-05-17,14.16384506225586
2023-05-18,14.459806442260742
2023-05-19,14.50208568572998
2023-05-22,14.70503044128418
2023-05-23,14.781135559082031
2023-05-24,14.899520874023438
2023-05-25,15.821226119995117
2023-05-26,15.905784606933594
2023-05-29,15.888875961303711
2023-05-30,15.685928344726562
2023-05-31,15.795859336853027
2023-06-01,16.024173736572266
2023-06-02,16.235570907592773
2023-06-05,16.17637825012207
2023-06-06,16.463884353637695
2023-06-07,16.556900024414062
2023-06-09,16.396236419677734
2023-06-12,16.167922973632812
2023-06-13,15.905784606933594
2023-06-14,16.227115631103516
2023-06-15,16.43851661682129
2023-06-16,16.108732223510742
2023-06-19,16.43006134033203
2023-06-20,16.311676025390625
2023-06-21,16.776758193969727
2023-06-22,16.210203170776367
2023-06-23,16.65837287902832
2023-06-26,16.624549865722656
2023-06-27,16.074905395507812
2023-06-28,16.074905395507812
2023-06-29,16.709110260009766
2023-06-30,17.021982192993164
2023-07-03,16.861318588256836
2023-07-04,16.683738708496094
2023-07-05,17.106542587280273
2023-07-06,16.83595085144043
2023-07-07,17.799936294555664
2023-07-10,17.529342651367188
2023-07-11,17.284116744995117
2023-07-12,17.51243019104004
2023-07-13,19.034517288208008
2023-07-14,18.510242462158203
2023-07-17,18.569433212280273
2023-07-18,18.84002685546875
2023-07-19,18.645538330078125
2023-07-20,18.670907974243164
2023-07-21,18.93304443359375
2023-07-24,19.15290069580078
2023-07-25,19.871662139892578
2023-07-26,19.939311981201172
2023-07-27,19.795560836791992
2023-07-28,19.897031784057617
2023-07-31,20.142255783081055
2023-08-01,19.888574600219727
2023-08-02,20.379024505615234
2023-08-03,20.94557762145996
2023-08-04,21.12315559387207
2023-08-07,21.05550765991211
2023-08-08,21.11469841003418
2023-08-09,21.030139923095703
2023-08-10,21.19925880432129
2023-08-11,21.74044418334961
2023-08-14,20.86101722717285
2023-08-15,20.835649490356445
2023-08-16,20.674985885620117
2023-08-17,19.795560836791992
2023-08-18,20.040782928466797
2023-08-21,19.829383850097656
2023-08-22,20.150711059570312
2023-08-23,20.463584899902344
2023-08-24,20.10843276977539
2023-08-25,19.575702667236328
2023-08-28,19.694087982177734
2023-08-29,19.83783721923828
2023-08-30,19.508054733276367
2023-08-31,18.975324630737305
2023-09-01,19.271284103393555
2023-09-04,18.99223518371582
2023-09-05,18.51869773864746
2023-09-06,18.155088424682617
2023-09-08,18.248106002807617
2023-09-11,18.78083610534668
2023-09-12,19.059885025024414
2023-09-13,19.07679557800293
2023-09-14,18.62017250061035
2023-09-15,18.332666397094727
2023-09-18,18.451051712036133
2023-09-19,18.23965072631836
2023-09-20,18.628625869750977
2023-09-21,18.104354858398438
2023-09-22,17.630815505981445
2023-09-25,17.402503967285156
2023-09-26,16.928964614868164
2023-09-27,16.827491760253906
2023-09-28,16.996614456176758
2023-09-29,17.140365600585938
2023-10-02,16.861318588256836
2023-10-03,16.19329261779785
2023-10-04,16.649917602539062
2023-10-05,16.235570907592773
2023-10-06,15.990345001220703
2023-10-09,16.125640869140625
2023-10-10,16.683738708496094
2023-10-11,16.666828155517578
2023-10-13,16.007259368896484
2023-10-16,16.151010513305664
2023-10-17,15.795859336853027
2023-10-18,15.246216773986816
2023-10-19,15.440705299377441
2023-10-20,15.45761775970459
2023-10-23,15.652104377746582
2023-10-24,15.795859336853027
2023-10-25,15.567544937133789
2023-10-26,16.10027313232422
2023-10-27,15.389968872070312
2023-10-30,15.085551261901855
2023-10-31,15.212392807006836
2023-11-01,15.46607494354248
2023-11-03,16.63300323486328
2023-11-06,16.531530380249023
2023-11-07,17.055805206298828
2023-11-08,16.937423706054688
2023-11-09,16.95433235168457
2023-11-10,17.317943572998047
2023-11-13,17.174190521240234
2023-11-14,17.75765609741211
2023-11-16,18.146631240844727
2023-11-17,17.673095703125
2023-11-20,17.630815505981445
2023-11-21,16.903596878051758
2023-11-22,17.055805206298828
2023-11-23,17.402503967285156
2023-11-24,17.402503967285156
2023-11-27,17.410959243774414
2023-11-28,17.83376121520996
2023-11-29,17.647727966308594
2023-11-30,18.46796417236328
2023-12-01,18.78083610534668
2023-12-04,18.146631240844727
2023-12-05,18.848485946655273
2023-12-06,18.569433212280273
2023-12-07,19.448862075805664
2023-12-08,19.30510902404785
2023-12-11,19.051429748535156
2023-12-12,19.251760482788086
2023-12-13,20.30747413635254
2023-12-14,20.865371704101562
2023-12-15,20.2559757232666
2023-12-18,20.925451278686523
2023-12-19,20.84820556640625
2023-12-20,20.607881546020508
2023-12-21,20.410470962524414
2023-12-22,20.788122177124023
2023-12-26,20.736623764038086
2023-12-27,20.6679630279541
2023-12-28,20.6679630279541
2024-01-02,19.861154556274414
2024-01-03,19.51783561706543
2024-01-04,18.81402587890625
2024-01-05,19.020015716552734
2024-01-08,19.552167892456055
2024-01-09,19.500667572021484
2024-01-10,19.612247467041016
2024-01-11,19.689496994018555
2024-01-12,19.620830535888672
2024-01-15,19.629413604736328
2024-01-16,19.251760482788086
2024-01-17,19.24317741394043
2024-01-18,18.693862915039062
2024-01-19,19.14876365661621
2024-01-22,19.097265243530273
2024-01-23,19.311840057373047
2024-01-24,19.17451286315918
2024-01-25,19.878320693969727
2024-01-26,19.603666305541992
2024-01-29,19.35475730895996
2024-01-30,19.020015716552734
2024-01-31,19.191679000854492
2024-02-01,19.414838790893555
2024-02-02,19.329008102416992
2024-02-05,18.9942684173584
2024-02-06,19.492084503173828
2024-02-07,19.792491912841797
2024-02-08,19.474918365478516
2024-02-09,19.852571487426758
2024-02-14,19.38050651550293
2024-02-15,18.96851921081543
2024-02-16,18.908437728881836
2024-02-19,18.753944396972656
2024-02-20,19.33759117126465
2024-02-21,19.67232894897461
2024-02-22,19.835407257080078
2024-02-23,19.655162811279297
2024-02-26,19.646577835083008
2024-02-27,20.43621826171875
2024-02-28,20.221641540527344
2024-02-29,20.6422119140625
2024-03-01,21.002700805664062
2024-03-04,20.75379180908203
2024-03-05,20.702295303344727
2024-03-06,21.002700805664062
2024-03-07,20.71946144104004
2024-03-08,21.148611068725586
2024-03-11,21.105697631835938
2024-03-12,21.52626609802246
2024-03-13,21.878170013427734
2024-03-14,21.775175094604492
2024-03-15,21.14002799987793
2024-03-18,20.57354736328125
2024-03-19,20.564964294433594
2024-03-20,21.320274353027344
2024-03-21,21.131446838378906
2024-03-22,20.788122177124023
2024-03-25,20.745210647583008
2024-03-26,20.796707153320312
2024-03-27,21.543434143066406
2024-03-28,21.406105041503906
2024-04-01,20.98553466796875
2024-04-02,20.48771858215332
2024-04-03,20.453384399414062
2024-04-04,20.084312438964844
2024-04-05,20.110063552856445
2024-04-08,20.43621826171875
2024-04-09,20.925451278686523
2024-04-10,20.28172492980957
2024-04-11,20.5048828125
2024-04-12,19.500667572021484
2024-04-15,18.324792861938477
2024-04-16,18.22179412841797
2024-04-17,18.024385452270508
2024-04-18,17.646730422973633
2024-04-19,17.92997169494629
2024-04-22,18.187463760375977
2024-04-23,18.28187370300293
2024-04-24,18.238962173461914
2024-04-25,18.007219314575195
2024-04-26,18.472597122192383
2024-04-29,18.61394500732422
2024-04-30,17.933700561523438
2024-05-02,18.189897537231445
2024-05-03,19.26768684387207
2024-05-06,19.073331832885742
2024-05-07,19.197011947631836
2024-05-08,19.16167449951172
2024-05-09,18.83480453491211
2024-05-10,18.472597122192383
2024-05-13,18.198732376098633
2024-05-14,18.22523307800293
2024-05-15,18.331247329711914
2024-05-16,18.48143196105957
2024-05-17,18.216402053833008
2024-05-20,18.10155487060547
2024-05-21,18.242904663085938
2024-05-22,17.50082015991211
2024-05-23,17.103275299072266
2024-05-24,17.297630310058594
2024-05-27,17.341800689697266
2024-05-28,17.11210823059082
2024-05-29,17.023765563964844
2024-05-31,16.882415771484375
2024-06-03,16.97959327697754
2024-06-04,17.08560562133789
2024-06-05,17.4124755859375
2024-06-06,17.81885528564453
2024-06-07,17.288795471191406
2024-06-10,17.08560562133789
2024-06-11,17.25345802307129
2024-06-12,16.74106788635254
2024-06-13,16.76757049560547
2024-06-14,16.820575714111328
2024-06-17,16.52020835876465
2024-06-18,16.608551025390625
2024-06-19,16.65272331237793
2024-06-20,16.423030853271484
2024-06-21,16.76757049560547
2024-06-24,17.235790252685547
2024-06-25,17.27996063232422
2024-06-26,16.855913162231445
2024-06-27,17.22695541381836
2024-06-28,16.65272331237793
2024-07-01,16.440698623657227
2024-07-02,16.65272331237793
2024-07-03,16.882415771484375
2024-07-04,17.509653091430664
2024-07-05,17.65983772277832
2024-07-08,17.430143356323242
2024-07-09,17.704010009765625
2024-07-10,18.154560089111328
2024-07-11,18.702287673950195
2024-07-12,17.916034698486328
2024-07-15,18.17222785949707
2024-07-16,18.437259674072266
2024-07-17,18.278242111206055
2024-07-18,17.536157608032227
2024-07-19,17.65983772277832
2024-07-22,18.269407272338867
2024-07-23,17.80118751525879
2024-07-24,17.483152389526367
2024-07-25,17.288795471191406
2024-07-26,17.368305206298828
2024-07-29,17.27112579345703
2024-07-30,16.97075843811035
2024-07-31,17.218120574951172
2024-08-01,17.324134826660156
2024-08-02,17.633333206176758
2024-08-05,17.182785034179688
2024-08-06,17.08560562133789
2024-08-07,17.845359802246094
2024-08-08,18.242904663085938
2024-08-09,19.232349395751953
2024-08-12,19.1263370513916
2024-08-13,18.817134857177734
2024-08-14,19.108667373657227
2024-08-15,19.559219360351562
2024-08-16,18.88780975341797
2024-08-19,19.25885009765625
2024-08-20,19.585721969604492
2024-08-21,19.629894256591797
2024-08-22,19.082164764404297
2024-08-23,19.939096450805664
2024-08-26,19.903759002685547
2024-08-27,19.992101669311523
2024-08-28,20.045108795166016
2024-08-29,19.62105941772461
2024-08-30,19.276521682739258
2024-09-02,19.082164764404297
2024-09-03,18.728792190551758
2024-09-04,19.073331832885742
2024-09-05,19.17934226989746
2024-09-06,19.037994384765625
2024-09-09,18.99382209777832
2024-09-10,18.976154327392578
2024-09-11,19.02032470703125
2024-09-12,19.02032470703125
2024-09-13,19.68290138244629
2024-09-16,19.877254486083984
2024-09-17,19.815414428710938
2024-09-18,19.73590660095215
2024-09-19,19.285354614257812
2024-09-20,18.31357765197754
2024-09-23,17.836524963378906
2024-09-24,18.06621742248535
2024-09-25,18.06621742248535
2024-09-26,18.437259674072266
2024-09-27,18.28707504272461
2024-09-30,18.1280574798584
2024-10-01,18.20756721496582
2024-10-02,19.02916145324707
2024-10-03,18.719959259033203
2024-10-04,18.764129638671875
2024-10-07,18.852474212646484
2024-10-08,19.276521682739258
2024-10-09,19.17934226989746
2024-10-10,19.24118423461914
2024-10-11,18.90547752380371
2024-10-14,19.144004821777344
2024-10-15,19.43553924560547
2024-10-16,19.788911819458008
2024-10-17,19.34719467163086
2024-10-18,19.13517189025879
2024-10-21,19.011491775512695
2024-10-22,18.90547752380371
2024-10-23,18.817134857177734
2024-10-24,19.1263370513916
2024-10-25,18.684619903564453
2024-10-28,18.737627029418945
2024-10-29,18.755294799804688
2024-10-30,19.32069206237793
2024-10-31,19.205846786499023
2024-11-01,18.817134857177734
2024-11-04,19.391368865966797
2024-11-05,19.585721969604492
2024-11-06,19.338359832763672
2024-11-07,19.205846786499023
2024-11-08,18.99382209777832
2024-11-11,19.26768684387207
2024-11-12,19.16167449951172
2024-11-13,19.32069206237793
2024-11-14,18.728792190551758
2024-11-18,18.30474281311035
2024-11-19,18.44609260559082
2024-11-21,18.030879974365234
2024-11-22,18.631614685058594
2024-11-25,18.631614685058594
2024-11-26,19.064496994018555
2024-11-27,17.77468490600586
2024-11-28,16.334686279296875
2024-11-29,16.255176544189453
2024-12-02,16.149168014526367
2024-12-03,16.21984100341797
2024-12-04,16.255176544189453
2024-12-05,16.626220703125
2024-12-06,16.37885856628418
2024-12-09,16.2463436126709
2024-12-10,16.45836639404297
2024-12-11,17.04143524169922
2024-12-12,16.122663497924805
2024-12-13,15.945976257324219
2024-12-16,15.742786407470703
2024-12-17,16.096158981323242
2024-12-18,15.106714248657227
2024-12-19,15.539597511291504
2024-12-20,15.884136199951172
2024-12-23,15.301069259643555
2024-12-26,15.097880363464355
2024-12-27,15.124383926391602
2024-12-30,14.974200248718262
2025-01-02,14.638494491577148
2025-01-03,14.514814376831055
2025-01-06,14.788678169250488
2025-01-07,14.885856628417969
2025-01-08,14.373464584350586
2025-01-09,14.620824813842773
2025-01-10,14.585489273071289
2025-01-13,14.479475975036621
2025-01-14,14.7798433303833
2025-01-15,15.848798751831055
2025-01-16,15.680947303771973
2025-01-17,15.786958694458008
2025-01-20,15.857634544372559
2025-01-21,16.166833877563477
2025-01-22,16.476036071777344
2025-01-23,16.37885856628418
2025-01-24,16.52020835876465
2025-01-27,17.262292861938477
2025-01-28,17.103275299072266
2025-01-29,17.27112579345703
2025-01-30,18.004377365112305
2025-01-31,18.048547744750977
2025-02-03,18.278242111206055
2025-02-04,18.26057243347168
2025-02-05,18.375417709350586
2025-02-06,18.552104949951172
2025-02-07,18.09272003173828
2025-02-10,18.22523307800293
2025-02-11,18.684619903564453
2025-02-12,18.48143196105957
2025-02-13,18.684619903564453
2025-02-14,19.285354614257812
2025-02-17,19.939096450805664
2025-02-18,19.788911819458008
2025-02-19,19.62105941772461
2025-02-20,19.665231704711914
2025-02-21,19.841917037963867
2025-02-24,19.13517189025879
2025-02-25,19.25885009765625
2025-02-26,18.870141983032227
2025-02-27,18.83480453491211
2025-02-28,18.331247329711914
2025-03-05,18.44609260559082
2025-03-06,18.64044952392578
2025-03-07,19.21468162536621
2025-03-10,19.117504119873047
2025-03-11,19.04682731628418
2025-03-12,19.647563934326172
2025-03-13,19.965599060058594
2025-03-14,20.336641311645508
2025-03-17,20.60167121887207
2025-03-18,20.690013885498047
2025-03-19,21.220075607299805
2025-03-20,21.06989097595215
2025-03-21,21.114063262939453
2025-03-24,20.751853942871094
2025-03-25,20.963878631591797
2025-03-26,21.193571090698242
2025-03-27,21.352590560913086
2025-03-28,21.467435836791992
2025-03-31,21.114063262939453
2025-04-01,21.352590560913086
2025-04-02,21.317251205444336
2025-04-03,22.253692626953125
2025-04-04,21.573448181152344
2025-04-07,21.432098388671875
2025-04-08,21.68829345703125
2025-04-09,21.944490432739258
2025-04-10,21.84731101989746
2025-04-11,22.015165328979492
2025-04-14,22.262527465820312
2025-04-15,22.633569717407227
2025-04-16,22.386207580566406
2025-04-17,22.65123748779297
2025-04-22,23.11062240600586
2025-04-23,22.854429244995117
2025-04-24,23.808536529541016
2025-04-25,22.554059982299805
2025-04-28,23.106491088867188
2025-04-29,22.4610595703125
2025-04-30,22.857540130615234
2025-05-02,22.599367141723633
2025-05-05,22.58092498779297
2025-05-06,22.958965301513672
2025-05-07,23.023508071899414
2025-05-08,23.973217010498047
2025-05-09,24.222169876098633
2025-05-12,23.567514419555664
2025-05-13,23.207918167114258
2025-05-14,22.995847702026367
2025-05-15,23.475309371948242
2025-05-16,24.20372772216797
2025-05-19,24.24983024597168
2025-05-20,24.664751052856445
2025-05-21,23.281681060791016
2025-05-22,22.737672805786133
2025-05-23,23.023508071899414
2025-05-26,23.189476013183594
2025-05-27,23.715042114257812
2025-05-28,23.5306339263916
2025-05-29,22.98662567138672
2025-05-30,23.023508071899414
2025-06-02,23.115713119506836
2025-06-03,23.715042114257812
2025-06-04,23.447649002075195
2025-06-05,23.51219367980957
2025-06-06,23.235580444335938
2025-06-09,22.903642654418945
2025-06-10,23.309343338012695
2025-06-11,22.811437606811523
2025-06-12,22.86676025390625
2025-06-13,22.497941970825195
2025-06-16,23.15259552001953
2025-06-17,23.383106231689453
2025-06-18,23.549076080322266
2025-06-20,23.29090118408203
2025-06-23,23.401546478271484
2025-06-24,23.770366668701172
2025-06-25,23.189476013183594
2025-06-26,23.8256893157959
2025-06-27,23.622838973999023
2025-06-30,24.10230255126953
2025-07-01,24.498783111572266
2025-07-02,23.779586791992188
2025-07-03,23.93633270263672
2025-07-04,23.982437133789062
2025-07-07,23.659719467163086
2025-07-08,23.668941497802734
2025-07-09,23.779586791992188
2025-07-10,23.4107666015625
2025-07-11,23.604398727416992
2025-07-14,23.5306339263916
2025-07-15,24.3420352935791
2025-07-16,24.563325881958008
2025-07-17,24.766176223754883
2025-07-18,24.50800323486328
2025-07-21,24.27749252319336
2025-07-22,23.705821990966797
2025-07-23,23.91789436340332
2025-07-24,22.995847702026367
2025-07-25,23.30012321472168
2025-07-28,22.53482437133789
2025-07-29,22.7192325592041
2025-07-30,22.84832000732422
2025-07-31,22.60858726501465
2025-08-01,22.599367141723633
2025-08-04,22.378076553344727
2025-08-05,22.31353187561035
2025-08-06,22.811437606811523
2025-08-07,22.91286277770996
2025-08-08,23.15259552001953
2025-08-11,22.82065773010254
2025-08-12,23.327783584594727
2025-08-13,22.783775329589844
2025-08-14,23.22635841369629
2025-08-15,23.788806915283203
2025-08-18,23.4107666015625
2025-08-19,22.931304931640625
2025-08-20,22.627029418945312
2025-08-21,22.571704864501953
2025-08-22,24.093082427978516
2025-08-25,24.452680587768555
2025-08-26,24.489561080932617
2025-08-27,24.895263671875
2025-08-28,25.66056251525879
2025-08-29,25.927955627441406
2025-09-01,25.63290023803711
2025-09-02,25.596019744873047
2025-09-03,25.457712173461914
2025-09-04,25.881853103637695
2025-09-05,26.582609176635742
2025-09-08,26.213790893554688
2025-09-09,26.3981990814209
2025-09-10,26.840782165527344
2025-09-11,28.15930938720703
2025-09-12,27.974899291992188
2025-09-15,28.15930938720703
2025-09-16,28.23307228088379
2025-09-17,28.288394927978516
2025-09-18,28.23307228088379
2025-09-19,28.269954681396484
2025-09-22,27.670623779296875
2025-09-23,27.845813751220703
2025-09-24,28.030221939086914
2025-09-25,27.707504272460938
2025-09-26,28.0210018157959
2025-09-29,28.25151252746582
2025-09-30,28.30683708190918
2025-10-01,28.343717575073242
2025-10-02,28.03944206237793
2025-10-03,28.122426986694336
2025-10-06,27.66140365600586
2025-10-07,26.94220542907715
2025-10-08,27.54153823852539
2025-10-09,26.92376708984375
2025-10-10,26.757797241210938
2025-10-13,26.711694717407227
2025-10-14,26.573387145996094
2025-10-15,26.767019271850586
2025-10-16,26.582609176635742
2025-10-17,26.527286529541016
2025-10-20,27.338685989379883
2025-10-21,27.430891036987305
2025-10-22,27.44933319091797
2025-10-23,27.61530113220215
2025-10-24,27.781269073486328
2025-10-27,27.855031967163086
2025-10-28,27.781269073486328
2025-10-29,27.61530113220215
2025-10-30,27.781269073486328
2025-10-31,28.094764709472656
2025-11-03,28.223852157592773
2025-11-04,28.5373477935791
2025-11-05,29.201221466064453
2025-11-06,29.588481903076172
2025-11-07,30.731821060180664
2025-11-10,30.750259399414062
2025-11-11,31.939699172973633
2025-11-12,31.76451301574707
2025-11-13,31.294265747070312
2025-11-14,32.50214767456055
2025-11-17,31.626203536987305
2025-11-18,31.847496032714844
2025-11-19,31.49711799621582
2025-11-21,31.44179344177246
2025-11-24,31.819833755493164
2025-11-25,31.958141326904297
2025-11-26,32.253196716308594
2025-11-27,32.059566497802734
2025-11-28,32.944732666015625
2025-12-01,33.1475830078125
2025-12-02,33.94976043701172
2025-12-03,33.93132019042969
2025-12-04,35.305171966552734
2025-12-05,31.81061363220215
2025-12-08,33.13835906982422
2025-12-09,32.290077209472656
2025-12-10,32.540000915527344
2025-12-11,32.849998474121094
2025-12-12,33.13999938964844
2025-12-15,33.04999923706055
2025-12-16,31.469999313354492
2025-12-17,31.0
2025-12-18,30.5
2025-12-19,29.770000457763672
2025-12-22,29.040000915527344
2025-12-23,29.549999237060547
2025-12-26,29.6299991607666
2025-12-29,28.989999771118164
2025-12-30,29.6200008392334
