date,close
2010-12-01,6.221815586090088
2010-12-02,6.221815586090088
2010-12-03,6.300145626068115
2010-12-06,6.26209831237793
2010-12-07,6.125577926635742
2010-12-08,6.186004161834717
2010-12-09,6.132289886474609
2010-12-10,6.165863990783691
2010-12-13,6.1099114418029785
2010-12-14,6.076338291168213
2010-12-15,6.009199142456055
2010-12-16,5.98905611038208
2010-12-17,5.971151828765869
2010-12-20,5.975627899169922
2010-12-21,6.045006275177002
2010-12-22,5.946532726287842
2010-12-23,5.93086576461792
2010-12-27,5.8972954750061035
2010-12-28,5.942056655883789
2010-12-29,5.998007774353027
2010-12-30,6.1434831619262695
2011-01-03,5.998007774353027
2011-01-04,5.919675827026367
2011-01-05,6.020389556884766
2011-01-06,6.098720550537109
2011-01-07,6.1211018562316895
2011-01-10,6.1099114418029785
2011-01-11,6.1434831619262695
2011-01-12,6.1882452964782715
2011-01-13,6.130053520202637
2011-01-14,6.1211018562316895
2011-01-17,6.078577995300293
2011-01-18,6.053958415985107
2011-01-19,6.042769432067871
2011-01-20,6.076338291168213
2011-01-21,6.098720550537109
2011-01-24,6.0808186531066895
2011-01-26,5.968914031982422
2011-01-27,5.8972954750061035
2011-01-28,5.731678009033203
2011-01-31,5.774202823638916
2011-02-01,5.975627899169922
2011-02-02,5.841341495513916
2011-02-03,5.774202823638916
2011-02-04,5.751819610595703
2011-02-07,5.763012409210205
2011-02-08,5.760773658752441
2011-02-09,5.637680530548096
2011-02-10,5.57053804397583
2011-02-11,5.583967208862305
2011-02-14,5.561585903167725
2011-02-15,5.4989213943481445
2011-02-16,5.635440826416016
2011-02-17,5.592918395996094
2011-02-18,5.718249320983887
2011-02-21,5.763012409210205
2011-02-22,5.863724708557129
2011-02-23,5.7853922843933105
2011-02-24,5.7853922843933105
2011-02-25,5.796582221984863
2011-02-28,5.818963527679443
2011-03-01,5.863724708557129
2011-03-02,5.886105060577393
2011-03-03,5.919675827026367
2011-03-04,5.9084858894348145
2011-03-09,5.9084858894348145
2011-03-10,5.818963527679443
2011-03-11,5.81672477722168
2011-03-14,5.919675827026367
2011-03-15,5.886105060577393
2011-03-16,5.7294416427612305
2011-03-17,5.662298202514648
2011-03-18,5.628728866577148
2011-03-21,5.615298271179199
2011-03-22,5.818963527679443
2011-03-23,5.904007911682129
2011-03-24,5.841341495513916
2011-03-25,5.928628444671631
2011-03-28,5.964437484741211
2011-03-29,5.953247547149658
2011-03-30,6.1211018562316895
2011-03-31,6.177053451538086
2011-04-01,6.244195461273193
2011-04-04,6.221815586090088
2011-04-05,6.322526931762695
2011-04-06,6.34266996383667
2011-04-07,6.282240390777588
2011-04-08,6.224051475524902
2011-04-11,6.154672145843506
2011-04-12,6.230767726898193
2011-04-13,6.311336517333984
2011-04-14,6.221815586090088
2011-04-15,6.1882452964782715
2011-04-18,6.311336517333984
2011-04-19,6.266577243804932
2011-04-20,6.235240936279297
2011-04-25,6.300145626068115
2011-04-26,6.300145626068115
2011-04-27,6.320289134979248
2011-04-28,6.244195461273193
2011-04-29,6.168101787567139
2011-05-02,6.208871364593506
2011-05-03,6.141139030456543
2011-05-04,6.016962051391602
2011-05-05,6.163717269897461
2011-05-06,6.208871364593506
2011-05-09,6.195326805114746
2011-05-10,6.195326805114746
2011-05-11,6.186291694641113
2011-05-12,6.0621161460876465
2011-05-13,6.132107257843018
2011-05-16,6.132107257843018
2011-05-17,6.163717269897461
2011-05-18,6.175005912780762
2011-05-19,6.1659746170043945
2011-05-20,6.2020978927612305
2011-05-23,6.208871364593506
2011-05-24,6.208871364593506
2011-05-25,6.1930670738220215
2011-05-26,6.186291694641113
2011-05-27,6.159200191497803
2011-05-30,6.118561267852783
2011-05-31,6.039539337158203
2011-06-01,6.107271671295166
2011-06-02,6.1140456199646
2011-06-03,6.075663089752197
2011-06-06,6.107271671295166
2011-06-07,6.016962051391602
2011-06-08,6.016962051391602
2011-06-09,5.983094692230225
2011-06-10,5.9243927001953125
2011-06-13,5.825051307678223
2011-06-14,5.768606185913086
2011-06-15,5.881495475769043
2011-06-16,5.983094692230225
2011-06-17,5.9401960372924805
2011-06-20,6.068892002105713
2011-06-21,6.095983982086182
2011-06-22,5.9401960372924805
2011-06-24,6.1659746170043945
2011-06-27,6.163717269897461
2011-06-28,6.159200191497803
2011-06-29,6.129848003387451
2011-06-30,6.208871364593506
2011-07-01,6.028250217437744
2011-07-04,6.053086280822754
2011-07-05,6.163717269897461
2011-07-06,6.141139030456543
2011-07-07,6.1546831130981445
2011-07-08,6.1546831130981445
2011-07-11,6.0869526863098145
2011-07-12,5.994383811950684
2011-07-13,6.016962051391602
2011-07-14,6.075663089752197
2011-07-15,5.895042419433594
2011-07-18,5.9469733238220215
2011-07-19,5.9198784828186035
2011-07-20,5.825051307678223
2011-07-21,5.757318496704102
2011-07-22,5.915361404418945
2011-07-25,5.775379657745361
2011-07-26,5.9198784828186035
2011-07-27,5.847628116607666
2011-07-28,5.904074192047119
2011-07-29,5.831823825836182
2011-08-01,6.071147441864014
2011-08-02,5.892781734466553
2011-08-03,5.926651954650879
2011-08-04,5.836339950561523
2011-08-05,5.9469733238220215
2011-08-08,5.599275588989258
2011-08-09,5.624111652374268
2011-08-10,5.779897689819336
2011-08-11,5.796399116516113
2011-08-12,5.68596887588501
2011-08-15,5.815196514129639
2011-08-16,5.732959270477295
2011-08-17,5.845739841461182
2011-08-18,5.808146953582764
2011-08-19,5.756455898284912
2011-08-22,5.779952526092529
2011-08-23,5.732959270477295
2011-08-24,5.704765796661377
2011-08-25,5.711814880371094
2011-08-26,5.756455898284912
2011-08-29,5.873937129974365
2011-08-30,5.873937129974365
2011-08-31,5.944421768188477
2011-09-01,6.047804832458496
2011-09-02,6.09244441986084
2011-09-05,6.026658058166504
2011-09-06,6.179379463195801
2011-09-08,6.226372718811035
2011-09-09,6.179379463195801
2011-09-12,6.191129207611084
2011-09-13,6.179379463195801
2011-09-14,6.224020481109619
2011-09-15,6.16058349609375
2011-09-16,6.238117694854736
2011-09-19,6.167633056640625
2011-09-20,6.390842437744141
2011-09-21,6.463678359985352
2011-09-22,6.165281295776367
2011-09-23,6.120639324188232
2011-09-26,6.122990131378174
2011-09-27,6.226372718811035
2011-09-28,6.155883312225342
2011-09-29,6.106544494628906
2011-09-30,6.132387638092041
2011-10-03,6.2804107666015625
2011-10-04,6.038404941558838
2011-10-05,6.038404941558838
2011-10-06,5.991415500640869
2011-10-07,5.991415500640869
2011-10-10,6.07365083694458
2011-10-11,6.226372718811035
2011-10-13,6.388492107391357
2011-10-14,6.381444454193115
2011-10-17,6.402589797973633
2011-10-18,6.531816482543945
2011-10-19,6.367347240447998
2011-10-20,6.383792400360107
2011-10-21,6.388492107391357
2011-10-24,6.367347240447998
2011-10-25,6.282762050628662
2011-10-26,6.487174987792969
2011-10-27,6.27336311340332
2011-10-28,6.402589797973633
2011-10-31,6.461328983306885
2011-11-01,6.437829494476318
2011-11-03,6.614051342010498
2011-11-04,6.670439720153809
2011-11-07,6.628151893615723
2011-11-08,6.668092727661133
2011-11-09,6.51536750793457
2011-11-10,6.536514759063721
2011-11-11,6.5788068771362305
2011-11-14,6.576456546783447
2011-11-16,6.609352111816406
2011-11-17,6.665741443634033
2011-11-18,6.6266984939575195
2011-11-21,6.698158264160156
2011-11-22,6.731504917144775
2011-11-23,6.669575214385986
2011-11-24,6.669575214385986
2011-11-25,6.729123115539551
2011-11-28,6.669575214385986
2011-11-29,6.7053046226501465
2011-11-30,6.721978664398193
2011-12-01,6.7053046226501465
2011-12-02,6.629079341888428
2011-12-05,6.729123115539551
2011-12-06,6.81249475479126
2011-12-07,6.836313724517822
2011-12-08,7.062601566314697
2011-12-09,6.955411911010742
2011-12-12,6.907772064208984
2011-12-13,6.86489725112915
2011-12-14,6.998286724090576
2011-12-15,6.96732234954834
2011-12-16,7.086422920227051
2011-12-19,7.169790744781494
2011-12-20,7.305566787719727
2011-12-21,7.217431545257568
2011-12-22,7.30079984664917
2011-12-23,7.312710285186768
2011-12-26,7.31509256362915
2011-12-27,7.3603515625
2011-12-28,7.269835948944092
2011-12-29,7.136443614959717
2012-01-02,7.145971298217773
2012-01-03,7.076894760131836
2012-01-04,7.160262584686279
2012-01-05,7.267452239990234
2012-01-06,7.310328006744385
2012-01-09,7.350822448730469
2012-01-10,7.269835948944092
2012-01-11,7.357968330383301
2012-01-12,7.348441123962402
2012-01-13,7.479450225830078
2012-01-16,7.503269672393799
2012-01-17,7.367497444152832
2012-01-18,7.312710285186768
2012-01-19,7.369880199432373
2012-01-20,7.3722615242004395
2012-01-23,7.265069961547852
2012-01-24,7.30079984664917
2012-01-26,7.274600028991699
2012-01-27,7.134061813354492
2012-01-30,7.265069961547852
2012-01-31,7.226958274841309
2012-02-01,7.112624645233154
2012-02-02,7.043545722961426
2012-02-03,7.026870250701904
2012-02-06,6.931594371795654
2012-02-07,6.991142272949219
2012-02-08,7.067365646362305
2012-02-09,7.062601566314697
2012-02-10,7.1173906326293945
2012-02-13,7.1173906326293945
2012-02-14,7.17693567276001
2012-02-15,7.2055206298828125
2012-02-16,7.2507805824279785
2012-02-17,7.265069961547852
2012-02-23,7.215049743652344
2012-02-24,7.169790744781494
2012-02-27,7.219815731048584
2012-02-28,7.217431545257568
2012-02-29,7.23648738861084
2012-03-01,7.319857597351074
2012-03-02,7.322239875793457
2012-03-05,7.488976001739502
2012-03-06,7.6985955238342285
2012-03-07,7.736704349517822
2012-03-08,7.622369289398193
2012-03-09,7.767673015594482
2012-03-12,7.889152526855469
2012-03-13,7.7819623947143555
2012-03-14,7.7509965896606445
2012-03-15,7.896299362182617
2012-03-16,7.729557514190674
2012-03-19,7.729557514190674
2012-03-20,7.7891082763671875
2012-03-21,7.836746692657471
2012-03-22,7.824837684631348
2012-03-23,7.822454452514648
2012-03-26,7.772434711456299
2012-03-27,7.860567092895508
2012-03-28,7.824837684631348
2012-03-29,7.7891082763671875
2012-03-30,7.7938714027404785
2012-04-02,8.003487586975098
2012-04-03,7.724795818328857
2012-04-04,7.586639881134033
2012-04-05,7.622369289398193
2012-04-09,7.643808364868164
2012-04-10,7.755763530731201
2012-04-11,7.7819623947143555
2012-04-12,7.932027816772461
2012-04-13,7.8843889236450195
2012-04-16,7.955065727233887
2012-04-17,7.882748603820801
2012-04-18,7.822482585906982
2012-04-19,7.889980316162109
2012-04-20,7.933371543884277
2012-04-23,8.070778846740723
2012-04-24,7.894802570343018
2012-04-25,7.90685510635376
2012-04-26,7.870697021484375
2012-04-27,7.856231689453125
2012-04-30,7.918909072875977
2012-05-02,7.986408710479736
2012-05-03,8.049080848693848
2012-05-04,8.19612979888916
2012-05-07,8.42273235321045
2012-05-08,8.45166015625
2012-05-09,8.434783935546875
2012-05-10,8.437195777893066
2012-05-11,8.499870300292969
2012-05-14,8.376927375793457
2012-05-15,8.19612979888916
2012-05-16,8.364875793457031
2012-05-17,8.31666088104248
2012-05-18,8.34076976776123
2012-05-21,8.34076976776123
2012-05-22,8.19612979888916
2012-05-23,8.19612979888916
2012-05-24,8.256397247314453
2012-05-25,8.152740478515625
2012-05-28,8.263628959655762
2012-05-29,7.9912285804748535
2012-05-30,7.976765155792236
2012-05-31,8.063545227050781
2012-06-01,8.268449783325195
2012-06-04,8.35523509979248
2012-06-05,8.458888053894043
2012-06-06,8.485407829284668
2012-06-08,8.610757827758789
2012-06-11,8.61799430847168
2012-06-12,8.738520622253418
2012-06-13,8.87592601776123
2012-06-14,8.984407424926758
2012-06-15,8.847001075744629
2012-06-18,8.847001075744629
2012-06-19,8.692723274230957
2012-06-20,8.847001075744629
2012-06-21,8.834948539733887
2012-06-22,8.69995403289795
2012-06-25,8.851822853088379
2012-06-26,8.914499282836914
2012-06-27,9.0398530960083
2012-06-28,9.015743255615234
2012-06-29,8.95547866821289
2012-07-02,8.926551818847656
2012-07-03,8.69995403289795
2012-07-04,8.545674324035645
2012-07-05,8.509513854980469
2012-07-06,8.596297264099121
2012-07-10,8.495052337646484
2012-07-11,8.786735534667969
2012-07-12,8.810839653015137
2012-07-13,8.750576972961426
2012-07-16,8.750576972961426
2012-07-17,8.726470947265625
2012-07-18,8.67825698852539
2012-07-19,8.666203498840332
2012-07-20,8.630045890808105
2012-07-23,8.683079719543457
2012-07-24,8.798789978027344
2012-07-25,8.847001075744629
2012-07-26,9.02779769897461
2012-07-27,9.0398530960083
2012-07-30,8.895215034484863
2012-07-31,8.810839653015137
2012-08-01,8.47335147857666
2012-08-02,8.581832885742188
2012-08-03,8.581832885742188
2012-08-06,8.668615341186523
2012-08-07,8.478174209594727
2012-08-08,8.712006568908691
2012-08-09,8.639686584472656
2012-08-10,8.849413871765137
2012-08-13,8.736377716064453
2012-08-14,8.79098129272461
2012-08-15,8.89770221710205
2012-08-16,8.833172798156738
2012-08-17,8.875365257263184
2012-08-20,8.875365257263184
2012-08-21,8.959753036499023
2012-08-22,8.932450294494629
2012-08-23,8.872888565063477
2012-08-24,8.885293960571289
2012-08-27,8.860474586486816
2012-08-28,8.833172798156738
2012-08-29,8.786016464233398
2012-08-30,8.661921501159668
2012-08-31,8.37898063659668
2012-09-03,8.5502347946167
2012-09-04,8.661921501159668
2012-09-05,8.699148178100586
2012-09-06,8.537822723388672
2012-09-10,8.537822723388672
2012-09-11,8.130788803100586
2012-09-12,7.793247699737549
2012-09-13,7.7510552406311035
2012-09-14,7.619510173797607
2012-09-17,7.810622215270996
2012-09-18,8.091078758239746
2012-09-19,8.001730918884277
2012-09-20,8.078670501708984
2012-09-21,8.06626033782959
2012-09-24,8.016619682312012
2012-09-25,8.053847312927246
2012-09-26,8.016619682312012
2012-09-27,7.89748477935791
2012-09-28,7.942162036895752
2012-10-01,7.912378311157227
2012-10-02,8.048883438110352
2012-10-03,7.966982364654541
2012-10-04,7.929752349853516
2012-10-05,7.942162036895752
2012-10-08,7.8726654052734375
2012-10-09,7.8801140785217285
2012-10-10,7.909897804260254
2012-10-11,7.9992451667785645
2012-10-15,8.21517562866211
2012-10-16,8.190353393554688
2012-10-17,8.239991188049316
2012-10-18,8.17794418334961
2012-10-19,8.339269638061523
2012-10-22,8.364089965820312
2012-10-23,8.388908386230469
2012-10-24,8.401317596435547
2012-10-25,8.48818302154541
2012-10-26,8.659439086914062
2012-10-29,8.612282752990723
2012-10-30,8.761198997497559
2012-10-31,8.686739921569824
2012-11-01,8.895221710205078
2012-11-05,9.056546211242676
2012-11-06,8.9051513671875
2012-11-07,8.79098129272461
2012-11-08,8.572571754455566
2012-11-09,8.369053840637207
2012-11-12,8.287147521972656
2012-11-13,8.445993423461914
2012-11-14,8.376497268676758
2012-11-16,8.21517562866211
2012-11-19,8.53286075592041
2012-11-21,8.592429161071777
2012-11-22,8.48818302154541
2012-11-23,8.41621208190918
2012-11-26,8.795635223388672
2012-11-27,8.496585845947266
2012-11-28,8.607158660888672
2012-11-29,8.647368431091309
2012-11-30,8.757942199707031
2012-12-03,8.569465637207031
2012-12-04,8.667474746704102
2012-12-05,8.471456527709961
2012-12-06,8.443811416625977
2012-12-07,8.481508255004883
2012-12-10,8.421195030212402
2012-12-11,8.468945503234863
2012-12-12,8.544334411621094
2012-12-13,8.478994369506836
2012-12-14,8.388526916503906
2012-12-17,8.418679237365723
2012-12-18,8.456375122070312
2012-12-19,8.443811416625977
2012-12-20,8.280465126037598
2012-12-21,8.282977104187012
2012-12-26,8.298057556152344
2012-12-27,8.318160057067871
2012-12-28,8.380986213684082
2013-01-02,8.391036987304688
2013-01-03,8.478994369506836
2013-01-04,8.308107376098633
2013-01-07,8.117119789123535
2013-01-08,8.041726112365723
2013-01-09,8.456375122070312
2013-01-10,8.65742301940918
2013-01-11,8.760452270507812
2013-01-14,8.795635223388672
2013-01-15,8.921289443969727
2013-01-16,8.770506858825684
2013-01-17,8.871031761169434
2013-01-18,8.896160125732422
2013-01-21,9.235419273376465
2013-01-22,9.034375190734863
2013-01-23,9.004220008850098
2013-01-24,9.054482460021973
2013-01-28,9.129873275756836
2013-01-29,9.069561004638672
2013-01-30,8.893648147583008
2013-01-31,8.893648147583008
2013-02-01,8.82076644897461
2013-02-04,8.82579517364502
2013-02-05,8.871031761169434
2013-02-06,8.850924491882324
2013-02-07,8.845900535583496
2013-02-08,8.582029342651367
2013-02-13,8.637317657470703
2013-02-14,8.745378494262695
2013-02-15,8.770506858825684
2013-02-18,8.795635223388672
2013-02-19,8.838359832763672
2013-02-20,8.762645721435547
2013-02-21,8.896663665771484
2013-02-22,8.762645721435547
2013-02-25,8.669865608215332
2013-02-26,8.891509056091309
2013-02-27,8.973979949951172
2013-02-28,9.020369529724121
2013-03-01,8.610589981079102
2013-03-04,8.775534629821777
2013-03-05,8.685331344604492
2013-03-06,8.736873626708984
2013-03-07,8.891509056091309
2013-03-08,8.935321807861328
2013-03-11,8.84254264831543
2013-03-12,8.94820785522461
2013-03-13,9.020369529724121
2013-03-14,9.110575675964355
2013-03-15,9.064183235168457
2013-03-18,9.079648971557617
2013-03-19,8.94047737121582
2013-03-20,8.814191818237305
2013-03-21,8.582239151000977
2013-03-22,8.589970588684082
2013-03-25,8.723987579345703
2013-03-26,8.78068733215332
2013-03-27,8.90697193145752
2013-03-28,8.90697193145752
2013-04-01,8.984289169311523
2013-04-02,9.19820499420166
2013-04-03,9.169853210449219
2013-04-04,8.85800552368164
2013-04-05,8.912125587463379
2013-04-08,8.994599342346191
2013-04-09,9.355416297912598
2013-04-10,9.278096199035645
2013-04-11,9.200777053833008
2013-04-12,9.242016792297363
2013-04-15,9.2394380569458
2013-04-16,9.32706069946289
2013-04-17,9.100266456604004
2013-04-18,9.193048477172852
2013-04-19,9.06676197052002
2013-04-22,8.979133605957031
2013-04-23,9.350259780883789
2013-04-24,9.162118911743164
2013-04-25,9.177584648132324
2013-04-26,9.177584648132324
2013-04-29,8.878623008728027
2013-04-30,9.18789291381836
2013-05-02,9.203356742858887
2013-05-03,9.10799789428711
2013-05-06,9.046142578125
2013-05-07,9.316754341125488
2013-05-08,9.278096199035645
2013-05-09,9.293561935424805
2013-05-10,9.293561935424805
2013-05-13,9.272940635681152
2013-05-14,9.316754341125488
2013-05-15,9.4224214553833
2013-05-16,9.296136856079102
2013-05-17,9.355416297912598
2013-05-20,9.430152893066406
2013-05-21,9.66468334197998
2013-05-22,9.716231346130371
2013-05-23,9.70076847076416
2013-05-24,9.66468334197998
2013-05-27,9.602829933166504
2013-05-28,9.574480056762695
2013-05-29,9.45077133178711
2013-05-31,9.522934913635254
2013-06-03,9.414690971374512
2013-06-04,9.559014320373535
2013-06-05,9.339950561523438
2013-06-06,9.316754341125488
2013-06-07,9.278096199035645
2013-06-10,9.406959533691406
2013-06-11,9.14665699005127
2013-06-12,9.059028625488281
2013-06-13,9.1492338180542
2013-06-14,8.891509056091309
2013-06-17,9.012639999389648
2013-06-18,8.986867904663086
2013-06-19,8.84254264831543
2013-06-20,8.693061828613281
2013-06-21,8.249771118164062
2013-06-24,8.347708702087402
2013-06-25,8.376059532165527
2013-06-26,8.551310539245605
2013-06-27,8.711102485656738
2013-06-28,8.935321807861328
2013-07-01,8.90954875946045
2013-07-02,8.870892524719238
2013-07-03,8.752335548400879
2013-07-04,8.930166244506836
2013-07-05,9.020369529724121
2013-07-08,8.868313789367676
2013-07-10,8.968826293945312
2013-07-11,9.216240882873535
2013-07-12,9.010061264038086
2013-07-15,9.120884895324707
2013-07-16,9.13634967803955
2013-07-17,9.314177513122559
2013-07-18,9.270362854003906
2013-07-19,9.278096199035645
2013-07-22,9.252325057983398
2013-07-23,9.329644203186035
2013-07-24,9.316754341125488
2013-07-25,9.34768009185791
2013-07-26,9.34768009185791
2013-07-29,9.278096199035645
2013-07-30,9.316754341125488
2013-07-31,9.381185531616211
2013-08-01,9.476544380187988
2013-08-02,9.339950561523438
2013-08-05,9.342528343200684
2013-08-06,9.406959533691406
2013-08-07,9.38376235961914
2013-08-08,9.471389770507812
2013-08-09,9.394074440002441
2013-08-12,9.30387020111084
2013-08-13,9.247169494628906
2013-08-14,9.175007820129395
2013-08-15,9.180160522460938
2013-08-16,9.156964302062988
2013-08-19,9.113468170166016
2013-08-20,9.166764259338379
2013-08-21,9.116131782531738
2013-08-22,9.033525466918945
2013-08-23,9.089484214782715
2013-08-26,9.078824996948242
2013-08-27,9.07349681854248
2013-08-28,9.004213333129883
2013-08-29,9.060173988342285
2013-08-30,9.097478866577148
2013-09-02,9.188078880310059
2013-09-03,9.190743446350098
2013-09-04,9.30000114440918
2013-09-05,9.46255111694336
2013-09-06,9.707709312438965
2013-09-09,9.840940475463867
2013-09-10,9.614439964294434
2013-09-11,9.673068046569824
2013-09-12,9.630430221557617
2013-09-13,9.694384574890137
2013-09-16,9.768996238708496
2013-09-17,9.806303024291992
2013-09-18,9.806303024291992
2013-09-19,9.939543724060059
2013-09-20,9.713038444519043
2013-09-23,9.90756607055664
2013-09-24,10.04613208770752
2013-09-25,9.864927291870117
2013-09-26,9.77966022491455
2013-09-27,9.91289234161377
2013-09-30,9.761005401611328
2013-10-01,9.763665199279785
2013-10-02,9.768996238708496
2013-10-03,9.635761260986328
2013-10-04,9.726360321044922
2013-10-07,9.726360321044922
2013-10-08,9.806303024291992
2013-10-09,9.806303024291992
2013-10-10,9.806303024291992
2013-10-11,9.939543724060059
2013-10-14,9.9741849899292
2013-10-15,9.992836952209473
2013-10-16,9.91289234161377
2013-10-17,9.819624900817871
2013-10-18,10.038138389587402
2013-10-21,10.006159782409668
2013-10-22,10.152721405029297
2013-10-23,10.126076698303223
2013-10-24,9.992836952209473
2013-10-25,9.952865600585938
2013-10-28,10.06212329864502
2013-10-29,10.04613208770752
2013-10-30,10.086103439331055
2013-10-31,10.152721405029297
2013-11-01,10.245987892150879
2013-11-04,10.499140739440918
2013-11-05,10.392549514770508
2013-11-06,10.411206245422363
2013-11-07,10.152721405029297
2013-11-08,10.032807350158691
2013-11-11,10.09942626953125
2013-11-12,10.192696571350098
2013-11-13,10.152721405029297
2013-11-14,10.259312629699707
2013-11-18,10.419198036193848
2013-11-19,10.312607765197754
2013-11-21,10.285958290100098
2013-11-22,10.214012145996094
2013-11-25,10.219343185424805
2013-11-26,10.306022644042969
2013-11-27,10.265653610229492
2013-11-28,10.306022644042969
2013-11-29,10.289872169494629
2013-12-02,10.359835624694824
2013-12-03,10.241437911987305
2013-12-04,9.988496780395508
2013-12-05,10.010021209716797
2013-12-06,10.010021209716797
2013-12-09,9.964278221130371
2013-12-10,9.848569869995117
2013-12-11,9.794755935668945
2013-12-12,9.781299591064453
2013-12-13,9.84319019317627
2013-12-16,9.757081031799316
2013-12-17,9.786680221557617
2013-12-18,9.700575828552246
2013-12-19,9.687121391296387
2013-12-20,9.740939140319824
2013-12-23,9.687121391296387
2013-12-26,9.711337089538574
2013-12-27,9.67097282409668
2013-12-30,9.67097282409668
2014-01-02,9.827043533325195
2014-01-03,9.88624382019043
2014-01-06,9.697883605957031
2014-01-07,9.61984634399414
2014-01-08,9.598321914672852
2014-01-09,9.53373908996582
2014-01-10,9.606391906738281
2014-01-13,9.428796768188477
2014-01-14,9.418033599853516
2014-01-15,9.463774681091309
2014-01-16,9.350761413574219
2014-01-17,9.270033836364746
2014-01-20,9.243128776550293
2014-01-21,9.310397148132324
2014-01-22,9.302323341369629
2014-01-23,9.062836647033691
2014-01-24,9.062836647033691
2014-01-27,9.095129013061523
2014-01-28,9.151637077331543
2014-01-29,9.189311027526855
2014-01-30,9.095129013061523
2014-01-31,9.283489227294922
2014-02-03,9.148947715759277
2014-02-04,9.151637077331543
2014-02-05,8.947132110595703
2014-02-06,9.210833549499512
2014-02-07,9.33730697631836
2014-02-10,9.283489227294922
2014-02-11,9.364212989807129
2014-02-12,9.539121627807617
2014-02-13,9.148947715759277
2014-02-14,9.148947715759277
2014-02-17,8.887928009033203
2014-02-18,8.812586784362793
2014-02-19,9.103201866149902
2014-02-20,9.151637077331543
2014-02-21,9.081674575805664
2014-02-24,8.936367988586426
2014-02-25,8.906770706176758
2014-02-26,8.904074668884277
2014-02-27,9.014398574829102
2014-02-28,8.933676719665527
2014-03-05,8.772226333618164
2014-03-06,8.920221328735352
2014-03-07,8.608080863952637
2014-03-10,8.395503997802734
2014-03-11,8.503137588500977
2014-03-12,8.454703330993652
2014-03-13,8.745319366455078
2014-03-14,8.476228713989258
2014-03-17,8.530047416687012
2014-03-18,8.812586784362793
2014-03-19,8.807204246520996
2014-03-20,9.108580589294434
2014-03-21,8.971345901489258
2014-03-24,8.963274955749512
2014-03-25,9.148947715759277
2014-03-26,9.014398574829102
2014-03-27,9.549886703491211
2014-03-28,9.471848487854004
2014-03-31,9.444940567016602
2014-04-01,9.364212989807129
2014-04-02,9.525666236877441
2014-04-03,9.296947479248047
2014-04-04,9.181238174438477
2014-04-07,9.197382926940918
2014-04-08,9.148947715759277
2014-04-09,8.906770706176758
2014-04-10,9.014398574829102
2014-04-11,8.941749572753906
2014-04-14,9.060149192810059
2014-04-15,9.154326438903809
2014-04-16,9.065528869628906
2014-04-17,9.116655349731445
2014-04-22,9.140873908996582
2014-04-23,8.901385307312012
2014-04-24,8.745319366455078
2014-04-25,8.57848072052002
2014-04-28,8.678044319152832
2014-04-29,8.656516075134277
2014-04-30,8.922913551330566
2014-05-02,9.000945091247559
2014-05-05,9.16240119934082
2014-05-06,9.181238174438477
2014-05-07,9.16240119934082
2014-05-08,9.159709930419922
2014-05-09,8.957894325256348
2014-05-12,9.054765701293945
2014-05-13,9.022475242614746
2014-05-14,9.22697925567627
2014-05-15,8.979423522949219
2014-05-16,9.025165557861328
2014-05-19,8.974040985107422
2014-05-20,8.826042175292969
2014-05-21,8.812586784362793
2014-05-22,9.07091236114502
2014-05-23,9.081674575805664
2014-05-26,9.202764511108398
2014-05-27,9.068222045898438
2014-05-28,9.175853729248047
2014-05-29,9.2296724319458
2014-05-30,8.965967178344727
2014-06-02,9.030549049377441
2014-06-03,9.216217994689941
2014-06-04,9.307706832885742
2014-06-05,9.256580352783203
2014-06-06,9.181238174438477
2014-06-09,9.216217994689941
2014-06-10,9.323854446411133
2014-06-11,9.552577018737793
2014-06-13,9.16240119934082
2014-06-16,9.095129013061523
2014-06-17,9.140873908996582
2014-06-18,9.377668380737305
2014-06-20,9.2296724319458
2014-06-23,9.103201866149902
2014-06-24,9.224292755126953
2014-06-25,9.20545482635498
2014-06-26,9.216217994689941
2014-06-27,9.009020805358887
2014-06-30,8.879859924316406
2014-07-01,8.906770706176758
2014-07-02,8.917530059814453
2014-07-03,9.148947715759277
2014-07-04,9.132801055908203
2014-07-07,9.100510597229004
2014-07-08,8.939058303833008
2014-07-10,8.941749572753906
2014-07-11,9.044004440307617
2014-07-14,9.2296724319458
2014-07-15,9.21352481842041
2014-07-16,9.132801055908203
2014-07-17,9.216217994689941
2014-07-18,9.385744094848633
2014-07-21,9.418033599853516
2014-07-22,9.522976875305176
2014-07-23,9.48530387878418
2014-07-24,9.584866523742676
2014-07-25,9.566032409667969
2014-07-28,9.458395957946777
2014-07-29,9.512214660644531
2014-07-30,9.321160316467285
2014-07-31,9.146254539489746
2014-08-01,9.097821235656738
2014-08-04,9.175853729248047
2014-08-05,9.022475242614746
2014-08-06,9.140873908996582
2014-08-07,9.189311027526855
2014-08-08,9.148947715759277
2014-08-11,9.442251205444336
2014-08-12,9.37229061126709
2014-08-13,9.189311027526855
2014-08-14,9.261962890625
2014-08-15,9.614469528198242
2014-08-18,9.929299354553223
2014-08-19,10.090750694274902
2014-08-20,10.454018592834473
2014-08-21,10.429798126220703
2014-08-22,10.144566535949707
2014-08-25,10.198384284973145
2014-08-26,10.141878128051758
2014-08-27,10.13380241394043
2014-08-28,10.109585762023926
2014-08-29,10.238748550415039
2014-09-01,10.050387382507324
2014-09-02,9.985806465148926
2014-09-03,10.158020973205566
2014-09-04,9.875482559204102
2014-09-05,9.891624450683594
2014-09-08,9.657520294189453
2014-09-09,9.504140853881836
2014-09-10,9.552577018737793
2014-09-11,9.727484703063965
2014-09-12,9.642964363098145
2014-09-15,9.686869621276855
2014-09-16,9.920124053955078
2014-09-17,9.920124053955078
2014-09-18,9.766449928283691
2014-09-19,9.785656929016113
2014-09-22,9.708821296691895
2014-09-23,9.714310646057129
2014-09-24,9.74724006652832
2014-09-25,9.588081359863281
2014-09-26,9.69235897064209
2014-09-29,9.544170379638672
2014-09-30,9.44263744354248
2014-10-01,9.184687614440918
2014-10-02,9.242316246032715
2014-10-03,9.374035835266113
2014-10-06,9.791146278381348
2014-10-07,9.634729385375977
2014-10-08,9.744494438171387
2014-10-09,9.730775833129883
2014-10-10,9.247802734375
2014-10-13,9.516733169555664
2014-10-14,9.467336654663086
2014-10-15,9.275245666503906
2014-10-16,9.124317169189453
2014-10-17,9.412450790405273
2014-10-20,9.385011672973633
2014-10-21,9.10510540008545
2014-10-22,9.138035774230957
2014-10-23,8.644089698791504
2014-10-24,8.992598533630371
2014-10-27,8.622133255004883
2014-10-28,8.84990119934082
2014-10-29,9.165477752685547
2014-10-30,9.206640243530273
2014-10-31,9.261524200439453
2014-11-03,9.116082191467285
2014-11-04,9.29994010925293
2014-11-05,9.297198295593262
2014-11-06,9.173710823059082
2014-11-07,9.316407203674316
2014-11-10,9.368549346923828
2014-11-11,9.3595609664917
2014-11-12,9.323271751403809
2014-11-13,9.239531517028809
2014-11-14,9.158580780029297
2014-11-17,9.0441312789917
2014-11-18,9.164164543151855
2014-11-19,9.490754127502441
2014-11-21,9.59682846069336
2014-11-24,9.633115768432617
2014-11-25,9.384684562683105
2014-11-26,9.598702430725098
2014-11-27,9.63536262512207
2014-11-28,9.703033447265625
2014-12-01,9.446429252624512
2014-12-02,9.542305946350098
2014-12-03,9.584603309631348
2014-12-04,9.370296478271484
2014-12-05,9.612801551818848
2014-12-08,9.237762451171875
2014-12-09,9.229304313659668
2014-12-10,9.150349617004395
2014-12-11,9.412591934204102
2014-12-12,9.299798965454102
2014-12-15,9.150349617004395
2014-12-16,8.941680908203125
2014-12-17,9.381575584411621
2014-12-18,9.305439949035645
2014-12-19,9.418231964111328
2014-12-22,9.607162475585938
2014-12-23,9.626904487609863
2014-12-26,9.700217247009277
2014-12-29,9.58178424835205
2014-12-30,9.539484024047852
2015-01-02,9.195464134216309
2015-01-05,9.206746101379395
2015-01-06,9.392854690551758
2015-01-07,9.629720687866211
2015-01-08,9.728416442871094
2015-01-09,8.981158256530762
2015-01-12,8.727374076843262
2015-01-13,8.800689697265625
2015-01-14,9.277242660522461
2015-01-15,9.263142585754395
2015-01-16,9.468994140625
2015-01-19,8.871183395385742
2015-01-20,9.037556648254395
2015-01-21,9.119330406188965
2015-01-22,9.026277542114258
2015-01-23,8.952959060668945
2015-01-26,8.741473197937012
2015-01-27,8.811967849731445
2015-01-28,9.108052253723145
2015-01-29,9.212388038635254
2015-01-30,8.780952453613281
2015-02-02,8.896564483642578
2015-02-03,8.905022621154785
2015-02-04,8.747114181518555
2015-02-05,8.654059410095215
2015-02-06,8.538445472717285
2015-02-09,8.685075759887695
2015-02-10,8.417193412780762
2015-02-11,8.628680229187012
2015-02-12,8.755574226379395
2015-02-13,8.972702980041504
2015-02-18,9.091133117675781
2015-02-19,9.192647933959961
2015-02-20,8.910663604736328
2015-02-23,8.828888893127441
2015-02-24,8.882466316223145
2015-02-25,9.164448738098145
2015-02-26,9.375936508178711
2015-02-27,9.418231964111328
2015-03-02,9.201103210449219
2015-03-03,9.288519859313965
2015-03-04,9.108052253723145
2015-03-05,9.305439949035645
2015-03-06,9.184185981750488
2015-03-09,9.085494041442871
2015-03-10,8.981158256530762
2015-03-11,9.155989646911621
2015-03-12,9.254685401916504
2015-03-13,9.313899040222168
2015-03-16,9.305439949035645
2015-03-17,9.488727569580078
2015-03-18,9.643818855285645
2015-03-19,9.686116218566895
2015-03-20,10.010397911071777
2015-03-23,10.038596153259277
2015-03-24,10.12037181854248
2015-03-25,10.010397911071777
2015-03-26,9.728416442871094
2015-03-27,9.646637916564941
2015-03-30,10.010397911071777
2015-03-31,9.954001426696777
2015-04-01,10.23598575592041
2015-04-02,10.207785606384277
2015-04-06,10.33467960357666
2015-04-07,10.142931938171387
2015-04-08,10.038596153259277
2015-04-09,10.145750045776367
2015-04-10,10.094990730285645
2015-04-13,10.066791534423828
2015-04-14,10.18240737915039
2015-04-15,10.159847259521484
2015-04-16,10.134469985961914
2015-04-17,10.010397911071777
2015-04-20,9.939902305603027
2015-04-22,9.99347972869873
2015-04-23,10.207785606384277
2015-04-24,10.23598575592041
2015-04-27,9.982198715209961
2015-04-28,10.145750045776367
2015-04-29,9.982198715209961
2015-04-30,10.066791534423828
2015-05-04,10.433371543884277
2015-05-05,10.616661071777344
2015-05-06,10.5687255859375
2015-05-07,10.47567081451416
2015-05-08,10.376976013183594
2015-05-11,10.448421478271484
2015-05-12,10.351862907409668
2015-05-13,10.138859748840332
2015-05-14,10.394466400146484
2015-05-15,10.334823608398438
2015-05-18,10.391624450683594
2015-05-19,10.385941505432129
2015-05-20,10.218381881713867
2015-05-21,10.059340476989746
2015-05-22,9.988340377807617
2015-05-25,10.053661346435547
2015-05-26,9.95425796508789
2015-05-27,10.067862510681152
2015-05-28,9.982662200927734
2015-05-29,9.613459587097168
2015-06-01,9.8974609375
2015-06-02,9.957100868225098
2015-06-03,9.800899505615234
2015-06-05,9.798060417175293
2015-06-08,9.854859352111816
2015-06-09,9.826460838317871
2015-06-10,9.905981063842773
2015-06-11,9.8974609375
2015-06-12,9.656057357788086
2015-06-15,9.613459587097168
2015-06-16,9.5708589553833
2015-06-17,9.440217971801758
2015-06-18,9.74126148223877
2015-06-19,9.721381187438965
2015-06-22,9.698661804199219
2015-06-23,9.712860107421875
2015-06-24,9.656057357788086
2015-06-25,9.548140525817871
2015-06-26,9.727057456970215
2015-06-29,9.656057357788086
2015-06-30,9.7100191116333
2015-07-01,9.727057456970215
2015-07-02,9.783859252929688
2015-07-03,9.826460838317871
2015-07-06,9.886101722717285
2015-07-07,9.968460083007812
2015-07-08,10.110461235046387
2015-07-10,10.255303382873535
2015-07-13,10.408663749694824
2015-07-14,10.53646469116211
2015-07-15,10.493864059448242
2015-07-16,10.550663948059082
2015-07-17,10.366063117980957
2015-07-20,10.172943115234375
2015-07-21,10.508063316345215
2015-07-22,10.488183975219727
2015-07-23,10.172943115234375
2015-07-24,9.934382438659668
2015-07-27,9.931539535522461
2015-07-28,9.806578636169434
2015-07-29,9.985501289367676
2015-07-30,10.110461235046387
2015-07-31,10.295064926147461
2015-08-03,10.215544700622559
2015-08-04,10.224063873291016
2015-08-05,10.053661346435547
2015-08-06,9.968460083007812
2015-08-07,9.883259773254395
2015-08-10,9.931539535522461
2015-08-11,9.911662101745605
2015-08-12,9.854859352111816
2015-08-13,9.877580642700195
2015-08-14,9.880420684814453
2015-08-17,9.869059562683105
2015-08-18,9.91450023651123
2015-08-19,9.937222480773926
2015-08-20,9.798060417175293
2015-08-21,9.637721061706543
2015-08-24,9.372806549072266
2015-08-25,9.358407974243164
2015-08-26,9.71546745300293
2015-08-27,9.79033374786377
2015-08-28,9.686673164367676
2015-08-31,9.65787410736084
2015-09-01,9.372806549072266
2015-09-02,9.237470626831055
2015-09-03,9.47646713256836
2015-09-04,9.21442699432373
2015-09-08,9.346890449523926
2015-09-09,9.40160083770752
2015-09-10,9.430395126342773
2015-09-11,9.519659996032715
2015-09-14,10.035091400146484
2015-09-15,9.801851272583008
2015-09-16,9.937188148498535
2015-09-17,9.991897583007812
2015-09-18,9.703948974609375
2015-09-21,9.66651725769043
2015-09-22,9.557093620300293
2015-09-23,9.398719787597656
2015-09-24,9.372806549072266
2015-09-25,9.407360076904297
2015-09-28,9.27202320098877
2015-09-29,9.444793701171875
2015-09-30,9.72122573852539
2015-10-01,9.502382278442383
2015-10-02,9.631958961486816
2015-10-05,9.559974670410156
2015-10-06,9.48798656463623
2015-10-07,9.464948654174805
2015-10-08,9.559974670410156
2015-10-09,9.473587989807129
2015-10-13,9.459187507629395
2015-10-14,9.372806549072266
2015-10-15,9.562851905822754
2015-10-16,9.69819164276123
2015-10-19,9.755780220031738
2015-10-20,9.847923278808594
2015-10-21,9.738502502441406
2015-10-22,9.7759370803833
2015-10-23,9.675153732299805
2015-10-26,9.718342781066895
2015-10-27,9.764422416687012
2015-10-28,9.752899169921875
2015-10-29,9.703948974609375
2015-10-30,9.752899169921875
2015-11-03,10.395029067993164
2015-11-04,10.423828125
2015-11-05,10.441102027893066
2015-11-06,10.147391319274902
2015-11-09,10.0696439743042
2015-11-10,10.020691871643066
2015-11-11,10.135871887207031
2015-11-12,10.225140571594238
2015-11-13,10.138754844665527
2015-11-16,10.216499328613281
2015-11-17,10.179069519042969
2015-11-18,10.45262336730957
2015-11-19,10.539010047912598
2015-11-23,10.48141860961914
2015-11-24,10.35224723815918
2015-11-25,10.183018684387207
2015-11-26,10.23261833190918
2015-11-27,9.935006141662598
2015-11-30,9.762859344482422
2015-12-01,9.80370807647705
2015-12-02,9.85039234161377
2015-12-03,9.993364334106445
2015-12-04,9.920418739318848
2015-12-07,9.905829429626465
2015-12-08,9.789119720458984
2015-12-09,10.174264907836914
2015-12-10,9.9962797164917
2015-12-11,10.21219539642334
2015-12-14,9.999199867248535
2015-12-15,9.876652717590332
2015-12-16,9.80370807647705
2015-12-17,9.891241073608398
2015-12-18,9.762859344482422
2015-12-21,9.514849662780762
2015-12-22,9.730761528015137
2015-12-23,9.789119720458984
2015-12-28,9.920418739318848
2015-12-29,9.86206340789795
2015-12-30,9.771611213684082
2016-01-04,9.529438972473145
2016-01-05,9.643231391906738
2016-01-06,9.500258445739746
2016-01-07,9.278510093688965
2016-01-08,9.147209167480469
2016-01-11,9.161798477172852
2016-01-12,9.193892478942871
2016-01-13,9.147209167480469
2016-01-14,8.972143173217773
2016-01-15,8.680367469787598
2016-01-18,8.756226539611816
2016-01-19,8.87002182006836
2016-01-20,8.817501068115234
2016-01-21,8.811665534973145
2016-01-22,8.986732482910156
2016-01-26,9.015908241271973
2016-01-27,9.147209167480469
2016-01-28,9.336864471435547
2016-01-29,9.873734474182129
2016-02-01,9.879573822021484
2016-02-02,9.631560325622559
2016-02-03,9.637392044067383
2016-02-04,9.902911186218262
2016-02-05,9.867899894714355
2016-02-10,9.920418739318848
2016-02-11,9.920418739318848
2016-02-12,9.827051162719727
2016-02-15,9.86206340789795
2016-02-16,10.040046691894531
2016-02-17,10.183018684387207
2016-02-18,10.107154846191406
2016-02-19,10.06922435760498
2016-02-22,10.285140037536621
2016-02-23,10.2063627243042
2016-02-24,10.145086288452148
2016-02-25,10.20927906036377
2016-02-26,10.148002624511719
2016-02-29,10.299731254577637
2016-03-01,10.501055717468262
2016-03-02,10.361001968383789
2016-03-03,10.559412002563477
2016-03-04,10.693629264831543
2016-03-07,10.722806930541992
2016-03-08,10.985405921936035
2016-03-09,10.912459373474121
2016-03-10,10.865777969360352
2016-03-11,10.822009086608887
2016-03-14,10.664448738098145
2016-03-15,10.538983345031738
2016-03-16,10.585668563842773
2016-03-17,10.9241304397583
2016-03-18,10.892036437988281
2016-03-21,11.145881652832031
2016-03-22,10.970815658569336
2016-03-23,10.865777969360352
2016-03-24,10.82492733001709
2016-03-28,10.81325626373291
2016-03-29,10.886202812194824
2016-03-30,10.999990463256836
2016-03-31,10.70237922668457
2016-04-01,10.857025146484375
2016-04-04,10.57691764831543
2016-04-05,10.495221138000488
2016-04-06,10.31723690032959
2016-04-07,10.384344100952148
2016-04-08,10.547740936279297
2016-04-11,10.562329292297363
2016-04-12,10.652778625488281
2016-04-13,10.795751571655273
2016-04-14,10.85410213470459
2016-04-15,10.973735809326172
2016-04-18,11.029172897338867
2016-04-19,11.210071563720703
2016-04-20,11.105033874511719
2016-04-22,11.014583587646484
2016-04-25,11.08752727508545
2016-04-26,11.07585620880127
2016-04-27,11.320948600769043
2016-04-28,11.306361198425293
2016-04-29,11.131293296813965
2016-05-02,11.029172897338867
2016-05-03,10.929965019226074
2016-05-04,11.072937965393066
2016-05-05,11.037924766540527
2016-05-06,10.927050590515137
2016-05-09,10.795751571655273
2016-05-10,10.897872924804688
2016-05-11,10.762045860290527
2016-05-12,10.829731941223145
2016-05-13,10.653162002563477
2016-05-16,10.659043312072754
2016-05-17,10.538390159606934
2016-05-18,10.650217056274414
2016-05-19,10.529561996459961
2016-05-20,10.714960098266602
2016-05-23,10.579587936401367
2016-05-24,10.682592391967773
2016-05-25,10.500133514404297
2016-05-27,10.506017684936523
2016-05-30,10.476588249206543
2016-05-31,10.44127082824707
2016-06-01,10.561932563781738
2016-06-02,10.547218322753906
2016-06-03,10.720847129821777
2016-06-06,10.623732566833496
2016-06-07,10.609018325805664
2016-06-08,10.853272438049316
2016-06-09,10.77087688446045
2016-06-10,10.606074333190918
2016-06-13,10.73556137084961
2016-06-14,10.623732566833496
2016-06-15,10.620787620544434
2016-06-16,10.609018325805664
2016-06-17,10.676701545715332
2016-06-20,10.7561616897583
2016-06-21,10.744389533996582
2016-06-22,10.673765182495117
2016-06-23,10.918018341064453
2016-06-24,10.709074020385742
2016-06-27,10.806191444396973
2016-06-28,11.138729095458984
2016-06-29,11.315305709838867
2016-06-30,11.274103164672852
2016-07-01,11.23289966583252
2016-07-04,11.338847160339355
2016-07-05,11.40359115600586
2016-07-06,11.47421932220459
2016-07-07,11.538962364196777
2016-07-08,11.574278831481934
2016-07-11,11.830307006835938
2016-07-12,11.78027629852295
2016-07-13,11.850908279418945
2016-07-14,11.989225387573242
2016-07-15,11.859732627868652
2016-07-18,11.903877258300781
2016-07-19,12.106934547424316
2016-07-20,12.18050479888916
2016-07-21,12.257018089294434
2016-07-22,12.330591201782227
2016-07-25,12.389449119567871
2016-07-26,12.268791198730469
2016-07-27,12.318821907043457
2016-07-28,12.154021263122559
2016-07-29,12.421821594238281
2016-08-01,12.374735832214355
2016-08-02,12.36002254486084
2016-08-03,12.58073616027832
2016-08-04,12.733762741088867
2016-08-05,12.657248497009277
2016-08-08,12.595449447631836
2016-08-09,12.529411315917969
2016-08-10,12.351715087890625
2016-08-11,12.499298095703125
2016-08-12,12.475202560424805
2016-08-15,12.502309799194336
2016-08-16,12.21316909790039
2016-08-17,12.60471248626709
2016-08-18,12.10775375366211
2016-08-19,12.158952713012695
2016-08-22,12.002335548400879
2016-08-23,11.79150390625
2016-08-24,11.957159996032715
2016-08-25,11.896920204162598
2016-08-26,11.72825813293457
2016-08-29,11.996312141418457
2016-08-30,11.960171699523926
2016-08-31,11.74632740020752
2016-09-01,11.984264373779297
2016-09-02,12.21316909790039
2016-09-05,12.174013137817383
2016-09-06,12.180036544799805
2016-09-08,12.011371612548828
2016-09-09,11.713197708129883
2016-09-12,11.776448249816895
2016-09-13,11.671030044555664
2016-09-14,11.719218254089355
2016-09-15,11.788495063781738
2016-09-16,11.689099311828613
2016-09-19,11.74632740020752
2016-09-20,11.809576034545898
2016-09-21,11.911981582641602
2016-09-22,11.98125171661377
2016-09-23,11.942097663879395
2016-09-26,11.927037239074707
2016-09-27,11.88186264038086
2016-09-28,11.996312141418457
2016-09-29,11.830662727355957
2016-09-30,11.595733642578125
2016-10-03,11.782468795776367
2016-10-04,11.631875038146973
2016-10-05,11.767407417297363
2016-10-06,11.716207504272461
2016-10-07,11.77343463897705
2016-10-10,11.761385917663574
2016-10-11,11.686090469360352
2016-10-13,11.866798400878906
2016-10-14,11.88186264038086
2016-10-17,12.06257438659668
2016-10-18,12.231239318847656
2016-10-19,12.104740142822266
2016-10-20,12.195097923278809
2016-10-21,12.246299743652344
2016-10-24,12.210158348083496
2016-10-25,12.19810962677002
2016-10-26,12.183050155639648
2016-10-27,12.228226661682129
2016-10-28,12.19810962677002
2016-10-31,12.21316909790039
2016-11-01,11.836684226989746
2016-11-03,11.613801956176758
2016-11-04,11.520434379577637
2016-11-07,11.77343463897705
2016-11-08,11.836684226989746
2016-11-09,11.640912055969238
2016-11-10,11.149975776672363
2016-11-11,10.778160095214844
2016-11-14,10.854822158813477
2016-11-16,11.069465637207031
2016-11-17,11.008135795593262
2016-11-18,11.026535034179688
2016-11-21,10.946810722351074
2016-11-22,10.940677642822266
2016-11-23,10.91921329498291
2016-11-24,10.885483741760254
2016-11-25,10.864020347595215
2016-11-28,11.014269828796387
2016-11-29,10.885483741760254
2016-11-30,10.992807388305664
2016-12-01,10.4899263381958
2016-12-02,10.52365779876709
2016-12-05,10.428601264953613
2016-12-06,10.551254272460938
2016-12-07,10.4776611328125
2016-12-08,10.428601264953613
2016-12-09,10.456196784973145
2016-12-12,10.321279525756836
2016-12-13,10.42553424835205
2016-12-14,10.382608413696289
2016-12-15,10.422467231750488
2016-12-16,10.443931579589844
2016-12-19,10.42553424835205
2016-12-20,10.278350830078125
2016-12-21,10.312081336975098
2016-12-22,10.434735298156738
2016-12-23,10.468464851379395
2016-12-26,10.496061325073242
2016-12-27,10.486860275268555
2016-12-28,10.670842170715332
2016-12-29,10.732165336608887
2017-01-02,10.68617057800293
2017-01-03,11.100129127502441
2017-01-04,10.959075927734375
2017-01-05,10.879349708557129
2017-01-06,10.74443244934082
2017-01-09,10.753632545471191
2017-01-10,10.747499465942383
2017-01-11,10.670842170715332
2017-01-12,10.824158668518066
2017-01-13,10.848685264587402
2017-01-16,10.726034164428711
2017-01-17,10.9008150100708
2017-01-18,10.931474685668945
2017-01-19,10.977476119995117
2017-01-20,10.992807388305664
2017-01-23,11.11239242553711
2017-01-24,10.894684791564941
2017-01-26,11.087862968444824
2017-01-27,11.069465637207031
2017-01-30,10.91921329498291
2017-01-31,10.977476119995117
2017-02-01,10.931474685668945
2017-02-02,11.075596809387207
2017-02-03,11.176785469055176
2017-02-06,11.130791664123535
2017-02-07,11.11852741241455
2017-02-08,11.161455154418945
2017-02-09,11.376097679138184
2017-02-10,11.391427993774414
2017-02-13,11.443559646606445
2017-02-14,11.281041145324707
2017-02-15,11.455824851989746
2017-02-16,11.391427993774414
2017-02-17,11.452754974365234
2017-02-20,11.468088150024414
2017-02-21,11.520215034484863
2017-02-22,11.560077667236328
2017-02-23,11.560077667236328
2017-02-24,11.339302062988281
2017-03-01,11.406759262084961
2017-03-02,11.342371940612793
2017-03-03,11.265708923339844
2017-03-06,11.345436096191406
2017-03-07,11.400627136230469
2017-03-08,11.235045433044434
2017-03-09,10.943746566772461
2017-03-10,10.989739418029785
2017-03-13,11.238114356994629
2017-03-14,11.100129127502441
2017-03-15,11.100129127502441
2017-03-16,11.207450866699219
2017-03-17,11.33010196685791
2017-03-20,11.210517883300781
2017-03-21,11.026535034179688
2017-03-22,11.04800033569336
2017-03-23,11.011204719543457
2017-03-24,11.100129127502441
2017-03-27,11.017339706420898
2017-03-28,10.894684791564941
2017-03-29,10.974407196044922
2017-03-30,10.854822158813477
2017-03-31,10.845622062683105
2017-04-03,10.88241958618164
2017-04-04,11.005070686340332
2017-04-05,10.87321949005127
2017-04-06,10.750565528869629
2017-04-07,10.732165336608887
2017-04-10,10.735235214233398
2017-04-11,10.716836929321289
2017-04-12,10.627913475036621
2017-04-13,10.42553424835205
2017-04-17,10.655509948730469
2017-04-18,10.670842170715332
2017-04-19,10.520591735839844
2017-04-20,10.560452461242676
2017-04-24,10.575782775878906
2017-04-25,10.655509948730469
2017-04-26,10.60338306427002
2017-04-27,10.52978801727295
2017-04-28,10.42553424835205
2017-05-02,10.634045600891113
2017-05-03,10.664708137512207
2017-05-04,10.557387351989746
2017-05-05,10.554320335388184
2017-05-08,10.4899263381958
2017-05-09,10.440864562988281
2017-05-10,10.526721954345703
2017-05-11,10.450065612792969
2017-05-12,10.557387351989746
2017-05-15,10.634045600891113
2017-05-16,10.692304611206055
2017-05-17,10.58191967010498
2017-05-18,10.02997875213623
2017-05-19,10.241554260253906
2017-05-22,10.164896965026855
2017-05-23,10.180229187011719
2017-05-24,10.281417846679688
2017-05-25,10.241554260253906
2017-05-26,10.339676856994629
2017-05-29,10.339676856994629
2017-05-30,10.356139183044434
2017-05-31,10.362386703491211
2017-06-01,10.427990913391113
2017-06-02,10.43111515045166
2017-06-05,10.35301399230957
2017-06-06,10.35301399230957
2017-06-07,10.452984809875488
2017-06-08,10.371761322021484
2017-06-09,10.402997970581055
2017-06-12,10.371761322021484
2017-06-13,10.406121253967285
2017-06-14,10.371761322021484
2017-06-15,10.371761322021484
2017-06-16,10.74976634979248
2017-06-19,10.871603965759277
2017-06-20,10.809123992919922
2017-06-21,10.887223243713379
2017-06-22,10.852856636047363
2017-06-23,10.796628952026367
2017-06-26,10.905964851379395
2017-06-27,10.78725528717041
2017-06-28,10.887223243713379
2017-06-29,10.62168025970459
2017-06-30,10.59669017791748
2017-07-03,10.721649169921875
2017-07-04,10.699782371520996
2017-07-05,10.612309455871582
2017-07-06,10.646674156188965
2017-07-07,10.74351692199707
2017-07-10,10.871603965759277
2017-07-11,10.89034652709961
2017-07-12,10.955950736999512
2017-07-13,10.930961608886719
2017-07-14,10.85598373413086
2017-07-17,10.85598373413086
2017-07-18,10.887223243713379
2017-07-19,10.837238311767578
2017-07-20,10.877852439880371
2017-07-21,10.877852439880371
2017-07-24,10.968446731567383
2017-07-25,11.030928611755371
2017-07-26,10.952826499938965
2017-07-27,10.955950736999512
2017-07-28,10.912216186523438
2017-07-31,10.934082984924316
2017-08-01,11.074665069580078
2017-08-02,11.199625968933105
2017-08-03,11.308967590332031
2017-08-04,11.308967590332031
2017-08-07,11.337080001831055
2017-08-08,11.218372344970703
2017-08-09,11.18088150024414
2017-08-10,11.111654281616211
2017-08-11,11.179981231689453
2017-08-14,11.264579772949219
2017-08-15,11.352432250976562
2017-08-16,11.219027519226074
2017-08-17,11.232040405273438
2017-08-18,11.352432250976562
2017-08-21,11.258073806762695
2017-08-22,11.358938217163086
2017-08-23,11.352432250976562
2017-08-24,11.388225555419922
2017-08-25,11.430523872375488
2017-08-28,11.502107620239258
2017-08-29,11.625750541687012
2017-08-30,11.567185401916504
2017-08-31,11.746140480041504
2017-09-01,11.77216911315918
2017-09-04,11.671303749084473
2017-09-05,11.778677940368652
2017-09-06,11.713601112365723
2017-09-07,11.713601112365723
2017-09-08,11.977154731750488
2017-09-11,12.312294006347656
2017-09-12,12.230952262878418
2017-09-13,12.24396800994873
2017-09-14,12.152859687805176
2017-09-15,11.89581298828125
2017-09-18,12.081279754638672
2017-09-19,11.973899841308594
2017-09-20,11.87629222869873
2017-09-21,11.775424003601074
2017-09-22,11.72987174987793
2017-09-25,11.661540985107422
2017-09-26,11.866530418395996
2017-09-27,11.677810668945312
2017-09-28,11.82423210144043
2017-09-29,11.794946670532227
2017-10-02,11.68757152557373
2017-10-03,11.947874069213867
2017-10-04,11.915335655212402
2017-10-05,12.097550392150879
2017-10-06,12.022709846496582
2017-10-09,11.928351402282715
2017-10-10,12.058503150939941
2017-10-11,12.038980484008789
2017-10-12,12.038980484008789
2017-10-13,12.230952262878418
2017-10-16,12.097550392150879
2017-10-17,12.006441116333008
2017-10-18,11.941366195678711
2017-10-19,11.915335655212402
2017-10-20,11.866530418395996
2017-10-23,11.713601112365723
2017-10-24,11.788440704345703
2017-10-25,11.778677940368652
2017-10-26,11.710350036621094
2017-10-27,11.918586730957031
2017-10-30,11.716856956481934
2017-10-31,11.648526191711426
2017-11-01,11.589958190917969
2017-11-02,11.589958190917969
2017-11-03,11.47607707977295
2017-11-06,11.749394416809082
2017-11-07,11.619244575500488
2017-11-08,12.208176612854004
2017-11-09,12.269997596740723
2017-11-10,12.016839981079102
2017-11-13,12.02015209197998
2017-11-14,11.891046524047852
2017-11-15,11.891046524047852
2017-11-16,12.215466499328613
2017-11-17,12.112842559814453
2017-11-20,12.112842559814453
2017-11-21,12.281678199768066
2017-11-22,12.318094253540039
2017-11-23,12.414092063903809
2017-11-24,12.288298606872559
2017-11-27,12.24526309967041
2017-11-28,12.1426362991333
2017-11-29,11.95394515991211
2017-11-30,11.728833198547363
2017-12-01,11.695730209350586
2017-12-04,11.861250877380371
2017-12-05,11.72552490234375
2017-12-06,11.69242000579834
2017-12-07,11.58648681640625
2017-12-08,11.536829948425293
2017-12-11,11.55338191986084
2017-12-12,11.603036880493164
2017-12-13,11.520278930664062
2017-12-14,11.523590087890625
2017-12-15,11.755316734313965
2017-12-18,11.79504680633545
2017-12-19,11.612969398498535
2017-12-20,11.74207878112793
2017-12-21,11.748699188232422
2017-12-22,11.68911075592041
2017-12-25,11.68911075592041
2017-12-26,11.752006530761719
2017-12-27,11.824838638305664
2017-12-28,11.755316734313965
2017-12-29,11.755316734313965
2018-01-02,11.824838638305664
2018-01-03,11.745386123657227
2018-01-04,11.593104362487793
2018-01-05,11.652691841125488
2018-01-08,11.718908309936523
2018-01-09,11.718908309936523
2018-01-10,11.67586898803711
2018-01-11,11.560002326965332
2018-01-12,11.619590759277344
2018-01-15,11.682491302490234
2018-01-16,11.735458374023438
2018-01-17,11.910906791687012
2018-01-18,11.950634002685547
2018-01-19,12.165809631347656
2018-01-22,12.149259567260742
2018-01-23,11.861250877380371
2018-01-24,12.149259567260742
2018-01-25,12.149259567260742
2018-01-26,12.185670852661133
2018-01-29,12.126084327697754
2018-01-30,12.066494941711426
2018-01-31,11.897663116455078
2018-02-01,11.947321891784668
2018-02-02,11.917529106140137
2018-02-05,11.752006530761719
2018-02-06,11.90097713470459
2018-02-07,11.841389656066895
2018-02-08,11.646073341369629
2018-02-09,11.569934844970703
2018-02-14,11.728833198547363
2018-02-15,11.90097713470459
2018-02-16,12.162501335144043
2018-02-19,12.188984870910645
2018-02-20,12.503474235534668
2018-02-21,12.596165657043457
2018-02-22,12.645822525024414
2018-02-23,12.910660743713379
2018-02-26,13.109280586242676
2018-02-27,13.076175689697266
2018-02-28,12.960314750671387
2018-03-01,13.013279914855957
2018-03-02,12.960314750671387
2018-03-05,12.99341869354248
2018-03-06,12.798101425170898
2018-03-07,12.930520057678223
2018-03-08,12.94707202911377
2018-03-09,12.960314750671387
2018-03-12,13.03314208984375
2018-03-13,12.745139122009277
2018-03-14,12.678927421569824
2018-03-15,12.576301574707031
2018-03-16,12.708721160888672
2018-03-19,12.778242111206055
2018-03-20,12.844450950622559
2018-03-21,12.94707202911377
2018-03-22,12.801411628723145
2018-03-23,12.725272178649902
2018-03-26,12.745139122009277
2018-03-27,12.77161979675293
2018-03-28,12.79478931427002
2018-03-29,12.96362590789795
2018-04-02,12.741825103759766
2018-04-03,12.566370964050293
2018-04-04,12.635889053344727
2018-04-05,12.788169860839844
2018-04-06,12.64913558959961
2018-04-09,12.513408660888672
2018-04-10,12.745139122009277
2018-04-11,12.579611778259277
2018-04-12,12.662371635437012
2018-04-13,12.695477485656738
2018-04-16,12.410781860351562
2018-04-17,12.563061714172363
2018-04-18,12.632580757141113
2018-04-19,12.473681449890137
2018-04-20,12.440579414367676
2018-04-23,12.347886085510254
2018-04-24,12.74448299407959
2018-04-25,12.779397964477539
2018-04-26,13.163476943969727
2018-04-27,13.142528533935547
2018-04-30,12.915572166442871
2018-05-02,12.866689682006836
2018-05-03,12.807330131530762
2018-05-04,12.685123443603516
2018-05-07,12.611800193786621
2018-05-08,12.548951148986816
2018-05-09,12.56291389465332
2018-05-10,12.981911659240723
2018-05-11,12.894623756408691
2018-05-14,12.919063568115234
2018-05-15,12.908588409423828
2018-05-16,13.512642860412598
2018-05-17,13.226325988769531
2018-05-18,13.50566291809082
2018-05-21,13.4777250289917
2018-05-22,13.345044136047363
2018-05-23,13.352025985717773
2018-05-24,13.159984588623047
2018-05-25,13.132051467895508
2018-05-28,12.912077903747559
2018-05-29,12.674652099609375
2018-05-30,12.915572166442871
2018-06-01,13.128561973571777
2018-06-04,13.016827583312988
2018-06-05,12.639731407165527
2018-06-06,12.412774085998535
2018-06-07,12.23819351196289
2018-06-08,12.129951477050781
2018-06-11,12.032185554504395
2018-06-12,11.941404342651367
2018-06-13,11.878556251525879
2018-06-14,11.714447021484375
2018-06-15,11.944894790649414
2018-06-18,11.738889694213867
2018-06-19,11.714447021484375
2018-06-20,11.696988105773926
2018-06-21,11.66905689239502
2018-06-22,11.794754028320312
2018-06-25,11.871573448181152
2018-06-26,11.983305931091309
2018-06-27,11.983305931091309
2018-06-28,12.021712303161621
2018-06-29,11.95187759399414
2018-07-02,11.962352752685547
2018-07-03,12.046152114868164
2018-07-04,12.168359756469727
2018-07-05,12.067103385925293
2018-07-06,11.965845108032227
2018-07-10,12.011240005493164
2018-07-11,12.161378860473633
2018-07-12,12.346436500549316
2018-07-13,12.66766357421875
2018-07-16,12.643223762512207
2018-07-17,12.395313262939453
2018-07-18,12.367384910583496
2018-07-19,12.412774085998535
2018-07-20,12.545454978942871
2018-07-23,12.45816707611084
2018-07-24,12.608307838439941
2018-07-25,12.817804336547852
2018-07-26,12.76193904876709
2018-07-27,12.852723121643066
2018-07-30,12.960959434509277
2018-07-31,13.055234909057617
2018-08-01,13.030797958374023
2018-08-02,13.030797958374023
2018-08-03,13.146017074584961
2018-08-06,13.166969299316406
2018-08-07,12.814313888549805
2018-08-08,12.78288745880127
2018-08-09,13.359010696411133
2018-08-10,13.020322799682617
2018-08-13,13.02381420135498
2018-08-14,13.086663246154785
2018-08-15,12.971437454223633
2018-08-16,12.971437454223633
2018-08-17,12.9365234375
2018-08-20,13.041271209716797
2018-08-21,12.950468063354492
2018-08-22,13.195855140686035
2018-08-23,13.020051002502441
2018-08-24,13.184867858886719
2018-08-27,13.400951385498047
2018-08-28,13.441240310668945
2018-08-29,13.43390941619873
2018-08-30,13.313051223754883
2018-08-31,13.514486312866211
2018-09-03,13.565764427185059
2018-09-04,13.331364631652832
2018-09-05,13.309388160705566
2018-09-06,13.53646183013916
2018-09-10,13.525472640991211
2018-09-11,13.375314712524414
2018-09-12,13.294739723205566
2018-09-13,13.346014976501465
2018-09-14,13.2434663772583
2018-09-17,13.324036598205566
2018-09-18,13.313051223754883
2018-09-19,13.162888526916504
2018-09-20,13.115280151367188
2018-09-21,13.184867858886719
2018-09-24,13.074989318847656
2018-09-25,13.03104019165039
2018-09-26,13.082316398620605
2018-09-27,12.961453437805176
2018-09-28,12.994416236877441
2018-10-01,12.935820579528809
2018-10-02,13.192192077636719
2018-10-03,13.342350959777832
2018-10-04,13.386301040649414
2018-10-05,13.217826843261719
2018-10-08,13.386301040649414
2018-10-09,13.452221870422363
2018-10-10,13.228818893432617
2018-10-11,12.979768753051758
2018-10-15,13.159226417541504
2018-10-16,13.466873168945312
2018-10-17,13.646336555480957
2018-10-18,13.789175033569336
2018-10-19,13.917357444763184
2018-10-22,13.953981399536133
2018-10-23,13.994270324707031
2018-10-24,13.807482719421387
2018-10-25,13.825794219970703
2018-10-26,14.118790626525879
2018-10-29,14.100480079650879
2018-10-30,14.477714538574219
2018-10-31,14.576601028442383
2018-11-01,14.708450317382812
2018-11-05,15.030743598937988
2018-11-06,15.016093254089355
2018-11-07,15.085685729980469
2018-11-08,14.697463035583496
2018-11-09,15.001445770263672
2018-11-12,15.16259765625
2018-11-13,15.429741859436035
2018-11-14,15.745177268981934
2018-11-16,16.06446647644043
2018-11-19,16.11832618713379
2018-11-21,15.745177268981934
2018-11-22,15.829812049865723
2018-11-23,15.80288314819336
2018-11-26,16.002920150756836
2018-11-27,16.753061294555664
2018-11-28,16.926166534423828
2018-11-29,16.868459701538086
2018-11-30,16.54532814025879
2018-12-03,16.656888961791992
2018-12-04,16.733827590942383
2018-12-05,16.953094482421875
2018-12-06,17.030031204223633
2018-12-07,17.130048751831055
2018-12-10,16.94540023803711
2018-12-11,16.81845474243164
2018-12-12,16.503009796142578
2018-12-13,16.469350814819336
2018-12-14,16.527053833007812
2018-12-17,16.301055908203125
2018-12-18,16.214496612548828
2018-12-19,15.853853225708008
2018-12-20,16.10871124267578
2018-12-21,15.844236373901367
2018-12-26,15.877896308898926
2018-12-27,16.045167922973633
2018-12-28,16.113487243652344
2019-01-02,16.660037994384766
2019-01-03,17.206592559814453
2019-01-04,17.333467483520508
2019-01-07,17.226112365722656
2019-01-08,17.421306610107422
2019-01-09,17.884897232055664
2019-01-10,17.675064086914062
2019-01-11,17.967863082885742
2019-01-14,18.206974029541016
2019-01-15,18.133773803710938
2019-01-16,18.055696487426758
2019-01-17,18.3289737701416
2019-01-18,18.782806396484375
2019-01-21,18.87063980102539
2019-01-22,19.002403259277344
2019-01-23,20.03206443786621
2019-01-24,20.495655059814453
2019-01-28,21.27644157409668
2019-01-29,20.788448333740234
2019-01-30,20.720136642456055
2019-01-31,20.422460556030273
2019-02-01,20.817731857299805
2019-02-04,21.388683319091797
2019-02-05,21.374042510986328
2019-02-06,20.398059844970703
2019-02-07,20.69085121154785
2019-02-08,21.18372344970703
2019-02-11,21.16420555114746
2019-02-12,21.33500099182129
2019-02-13,20.993408203125
2019-02-14,21.271560668945312
2019-02-15,21.07149314880371
2019-02-18,20.807973861694336
2019-02-19,21.715635299682617
2019-02-20,20.495655059814453
2019-02-21,20.476137161254883
2019-02-22,20.422460556030273
2019-02-25,20.549335479736328
2019-02-26,20.241901397705078
2019-02-27,20.54445457458496
2019-02-28,20.085742950439453
2019-03-01,19.695350646972656
2019-03-06,19.422075271606445
2019-03-07,19.270795822143555
2019-03-08,19.602630615234375
2019-03-11,19.627031326293945
2019-03-12,20.075979232788086
2019-03-13,20.69573402404785
2019-03-14,20.944608688354492
2019-03-15,21.081247329711914
2019-03-18,21.125167846679688
2019-03-19,21.081247329711914
2019-03-20,20.74452781677246
2019-03-21,20.373655319213867
2019-03-22,19.958864212036133
2019-03-25,20.222379684448242
2019-03-26,20.539573669433594
2019-03-27,20.100383758544922
2019-03-28,20.817731857299805
2019-03-29,20.84212875366211
2019-04-01,21.144685745239258
2019-04-02,20.739652633666992
2019-04-03,21.14956283569336
2019-04-04,21.3935604095459
2019-04-05,21.47652244567871
2019-04-08,21.6180362701416
2019-04-09,20.925090789794922
2019-04-10,20.866525650024414
2019-04-11,20.495655059814453
2019-04-12,20.50053596496582
2019-04-15,20.651811599731445
2019-04-16,20.90069007873535
2019-04-17,20.646934509277344
2019-04-18,20.676212310791016
2019-04-22,20.91044807434082
2019-04-23,21.178844451904297
2019-04-24,21.076366424560547
2019-04-25,21.3984432220459
2019-04-26,21.608278274536133
2019-04-29,21.774192810058594
2019-04-30,21.71075439453125
2019-05-02,21.178844451904297
2019-05-03,20.77381134033203
2019-05-06,20.817731857299805
2019-05-07,20.63838005065918
2019-05-08,20.613929748535156
2019-05-09,20.71173667907715
2019-05-10,20.819334030151367
2019-05-13,20.706850051879883
2019-05-14,20.442758560180664
2019-05-15,20.54056739807129
2019-05-16,20.325382232666016
2019-05-17,19.684711456298828
2019-05-20,20.491662979125977
2019-05-21,20.67750358581543
2019-05-22,20.613929748535156
2019-05-23,20.354724884033203
2019-05-24,20.423192977905273
2019-05-27,20.50144386291504
2019-05-28,20.819334030151367
2019-05-29,21.029634475708008
2019-05-30,21.62139129638672
2019-05-31,22.653310775756836
2019-06-03,23.0396728515625
2019-06-04,22.746231079101562
2019-06-05,22.809812545776367
2019-06-06,22.535938262939453
2019-06-07,22.59462547302246
2019-06-10,22.05176544189453
2019-06-11,21.98329734802246
2019-06-12,21.518692016601562
2019-06-13,21.709426879882812
2019-06-14,21.327957153320312
2019-06-17,21.058969497680664
2019-06-18,21.36219024658203
2019-06-19,21.205692291259766
2019-06-21,21.122549057006836
2019-06-24,21.00028419494629
2019-06-25,20.750865936279297
2019-06-26,20.780208587646484
2019-06-27,20.878019332885742
2019-06-28,21.259485244750977
2019-07-01,21.274160385131836
2019-07-02,21.376859664916992
2019-07-03,21.548032760620117
2019-07-04,21.684972763061523
2019-07-05,21.78767204284668
2019-07-08,22.090890884399414
2019-07-10,22.575061798095703
2019-07-11,22.511486053466797
2019-07-12,22.741348266601562
2019-07-15,22.491924285888672
2019-07-16,22.692432403564453
2019-07-17,22.839155197143555
2019-07-18,22.85871696472168
2019-07-19,22.936965942382812
2019-07-22,23.01032829284668
2019-07-23,22.790250778198242
2019-07-24,22.96141815185547
2019-07-25,22.85382652282715
2019-07-26,23.38201904296875
2019-07-29,23.7341365814209
2019-07-30,23.89063835144043
2019-07-31,23.60698127746582
2019-08-01,23.523839950561523
2019-08-02,23.63632583618164
2019-08-05,23.181501388549805
2019-08-06,23.719470977783203
2019-08-07,23.181501388549805
2019-08-08,23.23040199279785
2019-08-09,23.406465530395508
2019-08-12,23.083688735961914
2019-08-13,23.4260311126709
2019-08-14,22.579952239990234
2019-08-15,22.17892074584961
2019-08-16,22.08111000061035
2019-08-19,22.08111000061035
2019-08-20,21.670297622680664
2019-08-21,21.797454833984375
2019-08-22,21.523582458496094
2019-08-23,21.38664436340332
2019-08-26,21.04429817199707
2019-08-27,21.014955520629883
2019-08-28,21.249706268310547
2019-08-29,21.528472900390625
2019-08-30,21.997968673706055
2019-09-02,21.64095687866211
2019-09-03,21.489347457885742
2019-09-04,21.626283645629883
2019-09-05,21.856143951416016
2019-09-06,21.518692016601562
2019-09-09,21.39642333984375
2019-09-10,21.327957153320312
2019-09-11,21.699647903442383
2019-09-12,21.84636116027832
2019-09-13,21.528472900390625
2019-09-16,21.724098205566406
2019-09-17,21.46978187561035
2019-09-18,21.504016876220703
2019-09-19,22.090890884399414
2019-09-20,21.953954696655273
2019-09-23,21.841472625732422
2019-09-24,21.86592674255371
2019-09-25,21.523582458496094
2019-09-26,21.46978187561035
2019-09-27,21.49423599243164
2019-09-30,21.709426879882812
2019-10-01,21.733877182006836
2019-10-02,21.327957153320312
2019-10-03,21.504016876220703
2019-10-04,21.523582458496094
2019-10-07,20.995399475097656
2019-10-08,20.868236541748047
2019-10-09,20.775320053100586
2019-10-10,20.63838005065918
2019-10-11,21.08342742919922
2019-10-14,21.430660247802734
2019-10-15,21.137222290039062
2019-10-16,21.181238174438477
2019-10-17,21.308393478393555
2019-10-18,21.401315689086914
2019-10-21,21.587160110473633
2019-10-22,21.49423599243164
2019-10-23,21.391536712646484
2019-10-24,21.425765991210938
2019-10-25,21.288829803466797
2019-10-28,21.626283645629883
2019-10-29,21.856143951416016
2019-10-30,22.159358978271484
2019-10-31,22.134904861450195
2019-11-01,22.487030029296875
2019-11-04,22.5017032623291
2019-11-05,22.48213768005371
2019-11-06,22.506593704223633
2019-11-07,22.619077682495117
2019-11-08,22.10556411743164
2019-11-11,22.0419864654541
2019-11-12,21.797454833984375
2019-11-13,21.728984832763672
2019-11-14,21.675189971923828
2019-11-18,21.885486602783203
2019-11-19,21.861032485961914
2019-11-21,21.870811462402344
2019-11-22,22.183813095092773
2019-11-25,22.17892074584961
2019-11-26,21.929502487182617
2019-11-27,22.23272132873535
2019-11-28,22.672876358032227
2019-11-29,22.873388290405273
2019-12-02,22.912513732910156
2019-12-03,23.239486694335938
2019-12-04,23.719640731811523
2019-12-05,24.0784969329834
2019-12-06,24.083547592163086
2019-12-09,24.00773048400879
2019-12-10,23.89148712158203
2019-12-11,24.134092330932617
2019-12-12,24.174522399902344
2019-12-13,24.255393981933594
2019-12-16,24.012788772583008
2019-12-17,23.906648635864258
2019-12-18,25.109561920166016
2019-12-19,24.639514923095703
2019-12-20,24.523265838623047
2019-12-23,25.19548225402832
2019-12-26,25.83737564086914
2019-12-27,25.68069076538086
2019-12-30,25.675634384155273
2020-01-02,26.28215217590332
2020-01-03,26.433778762817383
2020-01-06,26.211395263671875
2020-01-07,26.266990661621094
2020-01-08,26.004167556762695
2020-01-09,26.07998275756836
2020-01-10,26.469161987304688
2020-01-13,26.969528198242188
2020-01-14,27.34354591369629
2020-01-15,27.01502227783203
2020-01-16,26.83306312561035
2020-01-17,27.004911422729492
2020-01-20,26.989748001098633
2020-01-21,27.090835571289062
2020-01-22,27.09588623046875
2020-01-23,27.090835571289062
2020-01-24,27.22730255126953
2020-01-27,26.69660186767578
2020-01-28,27.035236358642578
2020-01-29,26.797683715820312
2020-01-30,26.534862518310547
2020-01-31,26.30741310119629
2020-02-03,26.585405349731445
2020-02-04,26.711763381958008
2020-02-05,26.686492919921875
2020-02-06,26.186120986938477
2020-02-07,25.43303680419922
2020-02-10,25.235918045043945
2020-02-11,25.711013793945312
2020-02-12,25.675634384155273
2020-02-13,25.448198318481445
2020-02-14,25.372385025024414
2020-02-17,25.574556350708008
2020-02-18,25.700910568237305
2020-02-19,25.72113037109375
2020-02-20,24.952882766723633
2020-02-21,25.342058181762695
2020-02-26,24.255393981933594
2020-02-27,23.45176124572754
2020-02-28,24.022897720336914
2020-03-02,24.513166427612305
2020-03-03,24.528322219848633
2020-03-04,25.675634384155273
2020-03-05,24.664783477783203
2020-03-06,24.260446548461914
2020-03-09,22.62792205810547
2020-03-10,23.75501823425293
2020-03-11,22.880632400512695
2020-03-12,22.15787124633789
2020-03-13,24.356473922729492
2020-03-16,22.011301040649414
2020-03-17,23.664043426513672
2020-03-18,22.18314552307129
2020-03-19,21.066152572631836
2020-03-20,20.29285430908203
2020-03-23,19.19607925415039
2020-03-24,19.089942932128906
2020-03-25,19.322437286376953
2020-03-26,20.848819732666016
2020-03-27,19.75710105895996
2020-03-30,20.115957260131836
2020-03-31,19.671178817749023
2020-04-01,19.307275772094727
2020-04-02,19.261783599853516
2020-04-03,18.98379898071289
2020-04-06,19.635799407958984
2020-04-07,19.42857551574707
2020-04-08,19.691396713256836
2020-04-09,19.84807777404785
2020-04-13,20.21198272705078
2020-04-14,20.722463607788086
2020-04-15,20.388883590698242
2020-04-16,20.469755172729492
2020-04-17,20.242313385009766
2020-04-20,20.53545570373535
2020-04-22,20.737625122070312
2020-04-23,20.656755447387695
2020-04-24,19.322437286376953
2020-04-27,20.262527465820312
2020-04-28,20.348447799682617
2020-04-29,20.222095489501953
2020-04-30,19.77226448059082
2020-05-04,19.65601348876953
2020-05-05,19.67622947692871
2020-05-06,19.60547637939453
2020-05-07,18.700759887695312
2020-05-08,19.322437286376953
2020-05-11,19.064666748046875
2020-05-12,18.75130271911621
2020-05-13,18.559242248535156
2020-05-14,19.383085250854492
2020-05-15,19.408357620239258
2020-05-18,20.161441802978516
2020-05-19,19.928945541381836
2020-05-20,19.736886978149414
2020-05-21,20.156389236450195
2020-05-22,19.85818862915039
2020-05-25,20.85892677307129
2020-05-26,21.05604362487793
2020-05-27,21.045934677124023
2020-05-28,21.364356994628906
2020-05-29,21.435115814208984
2020-06-01,21.020666122436523
2020-06-02,21.27338218688965
2020-06-03,21.677719116210938
2020-06-04,21.58168601989746
2020-06-05,21.571582794189453
2020-06-08,22.117441177368164
2020-06-09,21.91526985168457
2020-06-10,22.122493743896484
2020-06-12,21.606962203979492
2020-06-15,21.667612075805664
2020-06-16,21.606962203979492
2020-06-17,22.496505737304688
2020-06-18,22.03657341003418
2020-06-19,21.859670639038086
2020-06-22,22.092166900634766
2020-06-23,21.854618072509766
2020-06-24,21.419954299926758
2020-06-25,21.622121810913086
2020-06-26,21.025724411010742
2020-06-29,21.586740493774414
2020-06-30,21.27338218688965
2020-07-01,21.652448654174805
2020-07-02,22.066898345947266
2020-07-03,22.769437789916992
2020-07-06,22.521780014038086
2020-07-07,22.17809295654297
2020-07-08,21.991086959838867
2020-07-09,21.874835968017578
2020-07-10,21.702991485595703
2020-07-13,22.238744735717773
2020-07-14,21.930437088012695
2020-07-15,21.83945083618164
2020-07-16,21.829345703125
2020-07-17,22.238744735717773
2020-07-20,22.486398696899414
2020-07-21,22.19830894470215
2020-07-22,22.445964813232422
2020-07-23,22.137659072875977
2020-07-24,22.334774017333984
2020-07-27,22.425756454467773
2020-07-28,22.213470458984375
2020-07-29,22.491456985473633
2020-07-30,22.577377319335938
2020-07-31,23.33551597595215
2020-08-03,23.310245513916016
2020-08-04,23.18894386291504
2020-08-05,22.931177139282227
2020-08-06,23.492197036743164
2020-08-07,23.37089729309082
2020-08-10,23.316408157348633
2020-08-11,23.053958892822266
2020-08-12,22.529075622558594
2020-08-13,22.184295654296875
2020-08-14,22.534221649169922
2020-08-17,22.07622718811035
2020-08-18,22.27692222595215
2020-08-19,22.143123626708984
2020-08-20,21.973308563232422
2020-08-21,21.973308563232422
2020-08-24,21.993894577026367
2020-08-25,22.348966598510742
2020-08-26,22.184295654296875
2020-08-27,22.12254524230957
2020-08-28,22.31294059753418
2020-08-31,21.93729019165039
2020-09-01,22.441593170166016
2020-09-02,22.554805755615234
2020-09-03,22.271778106689453
2020-09-04,22.271778106689453
2020-09-08,22.704036712646484
2020-09-09,23.31126594543457
2020-09-10,22.806957244873047
2020-09-11,22.12254524230957
2020-09-14,22.271778106689453
2020-09-15,22.508495330810547
2020-09-16,21.988746643066406
2020-09-17,22.05050277709961
2020-09-18,21.66969871520996
2020-09-21,21.752033233642578
2020-09-22,21.731449127197266
2020-09-23,21.304332733154297
2020-09-24,21.46900177001953
2020-09-25,21.4329833984375
2020-09-28,20.923532485961914
2020-09-29,20.655942916870117
2020-09-30,20.764005661010742
2020-10-01,21.02130699157715
2020-10-02,20.62506675720215
2020-10-05,20.841196060180664
2020-10-06,20.75371742248535
2020-10-07,20.712547302246094
2020-10-08,20.851490020751953
2020-10-09,20.532438278198242
2020-10-13,20.67652130126953
2020-10-14,20.83090591430664
2020-10-15,20.918380737304688
2020-10-16,20.96470069885254
2020-10-19,20.944116592407227
2020-10-20,21.268310546875
2020-10-21,21.371227264404297
2020-10-22,21.288896560668945
2020-10-23,21.294042587280273
2020-10-26,21.58221435546875
2020-10-27,21.463857650756836
2020-10-28,20.841196060180664
2020-10-29,20.748567581176758
2020-10-30,20.52729034423828
2020-11-03,20.517000198364258
2020-11-04,21.438127517700195
2020-11-05,22.282068252563477
2020-11-06,22.271778106689453
2020-11-09,22.59082794189453
2020-11-10,22.302654266357422
2020-11-11,22.27692222595215
2020-11-12,22.436445236206055
2020-11-13,22.297504425048828
2020-11-16,22.441593170166016
2020-11-17,23.53768539428711
2020-11-18,23.002504348754883
2020-11-19,22.647436141967773
2020-11-23,22.13283348083496
2020-11-24,21.993894577026367
2020-11-25,22.117395401000977
2020-11-26,22.184295654296875
2020-11-27,22.143123626708984
2020-11-30,21.788053512573242
2020-12-01,21.999040603637695
2020-12-02,21.973308563232422
2020-12-03,22.065940856933594
2020-12-04,22.05050277709961
2020-12-07,22.256336212158203
2020-12-08,22.210025787353516
2020-12-09,22.282068252563477
2020-12-10,22.2923641204834
2020-12-11,23.11056900024414
2020-12-14,22.760644912719727
2020-12-15,22.770936965942383
2020-12-16,23.388456344604492
2020-12-17,23.089988708496094
2020-12-18,23.11056900024414
2020-12-21,22.8360595703125
2020-12-22,22.710065841674805
2020-12-23,22.920053482055664
2020-12-28,23.539512634277344
2020-12-29,23.355772018432617
2020-12-30,23.067045211791992
2021-01-04,22.8780574798584
2021-01-05,22.673320770263672
2021-01-06,22.489580154418945
2021-01-07,22.30059242248535
2021-01-08,23.23503303527832
2021-01-11,22.783557891845703
2021-01-12,22.888551712036133
2021-01-13,23.256027221679688
2021-01-14,23.744247436523438
2021-01-15,23.408273696899414
2021-01-18,23.36102294921875
2021-01-19,23.61825942993164
2021-01-20,23.10904312133789
2021-01-21,22.893802642822266
2021-01-22,22.746810913085938
2021-01-26,22.43183135986328
2021-01-27,22.52632713317871
2021-01-28,23.025047302246094
2021-01-29,22.55257797241211
2021-02-01,22.983049392700195
2021-02-02,23.22978401184082
2021-02-03,23.62350845336914
2021-02-04,23.686504364013672
2021-02-05,23.686504364013672
2021-02-08,23.634004592895508
2021-02-09,23.55526351928711
2021-02-10,23.676006317138672
2021-02-11,24.053979873657227
2021-02-12,24.095979690551758
2021-02-17,23.40302085876465
2021-02-18,23.30852508544922
2021-02-19,23.31377410888672
2021-02-22,22.206098556518555
2021-02-23,22.31633949279785
2021-02-24,22.179851531982422
2021-02-25,21.891117095947266
2021-02-26,21.602384567260742
2021-03-01,21.077421188354492
2021-03-02,20.8096866607666
2021-03-03,20.91468048095703
2021-03-04,21.156166076660156
2021-03-05,21.124664306640625
2021-03-08,20.426456451416016
2021-03-09,20.17972755432129
2021-03-10,20.620698928833008
2021-03-11,20.96717071533203
2021-03-12,20.909427642822266
2021-03-15,21.32940101623535
2021-03-16,21.261157989501953
2021-03-17,22.221845626831055
2021-03-18,21.996110916137695
2021-03-19,22.174598693847656
2021-03-22,21.854366302490234
2021-03-23,21.8123722076416
2021-03-24,21.161413192749023
2021-03-25,21.51839256286621
2021-03-26,21.639131546020508
2021-03-29,21.618131637573242
2021-03-30,21.8176212310791
2021-03-31,21.959360122680664
2021-04-01,21.775625228881836
2021-04-05,22.006610870361328
2021-04-06,21.980361938476562
2021-04-07,21.681133270263672
2021-04-08,21.822872161865234
2021-04-09,21.791372299194336
2021-04-12,21.80712127685547
2021-04-13,21.8123722076416
2021-04-14,21.691631317138672
2021-04-15,21.79662322998047
2021-04-16,22.017107009887695
2021-04-19,21.906864166259766
2021-04-20,21.943614959716797
2021-04-22,21.875370025634766
2021-04-23,22.158849716186523
2021-04-26,21.996110916137695
2021-04-27,21.64963150024414
2021-04-28,21.8176212310791
2021-04-29,21.8123722076416
2021-04-30,21.35040283203125
2021-05-03,21.633886337280273
2021-05-04,21.150909423828125
2021-05-05,21.108917236328125
2021-05-06,20.877931594848633
2021-05-07,21.093164443969727
2021-05-10,20.946178436279297
2021-05-11,21.077421188354492
2021-05-12,20.634199142456055
2021-05-13,21.206470489501953
2021-05-14,21.436460494995117
2021-05-17,21.388322830200195
2021-05-18,21.35623550415039
2021-05-19,21.49529266357422
2021-05-20,21.479249954223633
2021-05-21,21.580867767333984
2021-05-24,21.901777267456055
2021-05-25,21.82154655456543
2021-05-26,21.6824893951416
2021-05-27,21.687835693359375
2021-05-28,21.382978439331055
2021-05-31,21.28135871887207
2021-06-01,21.543428421020508
2021-06-02,21.629003524780273
2021-06-04,21.78411293029785
2021-06-07,22.035486221313477
2021-06-08,21.901777267456055
2021-06-09,21.81619644165039
2021-06-10,22.297557830810547
2021-06-11,21.933862686157227
2021-06-14,22.014089584350586
2021-06-15,22.217329025268555
2021-06-16,21.976652145385742
2021-06-17,21.987348556518555
2021-06-18,22.211978912353516
2021-06-21,21.92851448059082
2021-06-22,21.70388412475586
2021-06-23,21.54877471923828
2021-06-24,21.768062591552734
2021-06-25,21.46320343017578
2021-06-28,21.4204158782959
2021-06-29,21.16904067993164
2021-06-30,20.93906021118164
2021-07-01,20.91766357421875
2021-07-02,21.088809967041016
2021-07-05,20.955102920532227
2021-07-06,20.93906021118164
2021-07-07,21.029983520507812
2021-07-08,20.955102920532227
2021-07-12,21.206470489501953
2021-07-13,21.15299415588379
2021-07-14,21.227876663208008
2021-07-15,21.393672943115234
2021-07-16,21.2225284576416
2021-07-19,21.067419052124023
2021-07-20,21.115554809570312
2021-07-21,21.01393699645996
2021-07-22,21.2225284576416
2021-07-23,20.858829498291016
2021-07-26,20.805347442626953
2021-07-27,20.74651527404785
2021-07-28,20.858829498291016
2021-07-29,20.46839714050293
2021-07-30,20.286548614501953
2021-08-02,20.179584503173828
2021-08-03,20.217025756835938
2021-08-04,20.227718353271484
2021-08-05,19.84263038635254
2021-08-06,20.147489547729492
2021-08-09,20.366779327392578
2021-08-10,20.08331298828125
2021-08-11,19.874723434448242
2021-08-12,19.86937141418457
2021-08-13,20.302597045898438
2021-08-16,20.4149112701416
2021-08-17,20.31621551513672
2021-08-18,20.283294677734375
2021-08-19,20.848398208618164
2021-08-20,21.122722625732422
2021-08-23,21.018476486206055
2021-08-24,21.34217643737793
2021-08-25,21.19953155517578
2021-08-26,20.831937789916992
2021-08-27,21.018476486206055
2021-08-30,20.815479278564453
2021-08-31,20.601511001586914
2021-09-01,21.22147560119629
2021-09-02,21.44093132019043
2021-09-03,21.561635971069336
2021-09-06,21.671363830566406
2021-09-08,20.996532440185547
2021-09-09,21.501283645629883
2021-09-10,21.21050453186035
2021-09-13,21.451908111572266
2021-09-14,21.550661087036133
2021-09-15,21.320232391357422
2021-09-16,21.34217643737793
2021-09-17,21.29828453063965
2021-09-20,21.188562393188477
2021-09-21,21.36412239074707
2021-09-22,21.254392623901367
2021-09-23,21.177583694458008
2021-09-24,20.941669464111328
2021-09-27,20.799022674560547
2021-09-28,20.711238861083984
2021-09-29,20.67832374572754
2021-09-30,20.552135467529297
2021-10-01,20.645401000976562
2021-10-04,20.623462677001953
2021-10-05,20.32718849182129
2021-10-06,20.508243560791016
2021-10-07,20.42045783996582
2021-10-08,20.617971420288086
2021-10-11,20.83742332458496
2021-10-13,21.133691787719727
2021-10-14,21.128206253051758
2021-10-15,21.15015411376953
2021-10-18,21.19953155517578
2021-10-19,20.980070114135742
2021-10-20,21.397037506103516
2021-10-21,21.15015411376953
2021-10-22,20.777076721191406
2021-10-25,21.21599006652832
2021-10-26,21.128206253051758
2021-10-27,21.6549072265625
2021-10-28,21.35863494873047
2021-10-29,21.34766387939453
2021-11-01,21.457393646240234
2021-11-03,21.90178871154785
2021-11-04,21.830469131469727
2021-11-05,21.671363830566406
2021-11-08,21.687820434570312
2021-11-09,21.77012062072754
2021-11-10,21.984085083007812
2021-11-11,22.088329315185547
2021-11-12,21.78108787536621
2021-11-16,21.594554901123047
2021-11-17,21.457393646240234
2021-11-18,21.528715133666992
2021-11-19,21.80851936340332
2021-11-22,21.523231506347656
2021-11-23,21.534204483032227
2021-11-24,21.457393646240234
2021-11-25,21.583581924438477
2021-11-26,21.397037506103516
2021-11-29,21.320232391357422
2021-11-30,21.13918113708496
2021-12-01,21.051395416259766
2021-12-02,21.539688110351562
2021-12-03,21.6549072265625
2021-12-06,21.80303382873535
2021-12-07,21.567121505737305
2021-12-08,21.539688110351562
2021-12-09,21.391557693481445
2021-12-10,21.528715133666992
2021-12-13,21.687820434570312
2021-12-14,21.44093132019043
2021-12-15,21.605525970458984
2021-12-16,21.397037506103516
2021-12-17,21.468364715576172
2021-12-20,21.320232391357422
2021-12-21,21.21599006652832
2021-12-22,21.21599006652832
2021-12-23,21.177583694458008
2021-12-27,21.205018997192383
2021-12-28,21.287311553955078
2021-12-29,21.172100067138672
2021-12-30,21.113264083862305
2022-01-03,20.909881591796875
2022-01-04,20.9648494720459
2022-01-05,20.668020248413086
2022-01-06,20.503114700317383
2022-01-07,20.530603408813477
2022-01-10,20.744972229003906
2022-01-11,20.7779598236084
2022-01-12,20.876895904541016
2022-01-13,21.04730224609375
2022-01-14,21.102266311645508
2022-01-17,21.118755340576172
2022-01-18,21.278167724609375
2022-01-19,21.61896514892578
2022-01-20,21.65744972229004
2022-01-21,21.536516189575195
2022-01-24,21.558504104614258
2022-01-25,21.651948928833008
2022-01-26,21.607973098754883
2022-01-27,21.827848434448242
2022-01-28,22.064212799072266
2022-01-31,22.37203025817871
2022-02-01,22.4324951171875
2022-02-02,22.20712661743164
2022-02-03,22.6193904876709
2022-02-04,22.416006088256836
2022-02-07,22.135669708251953
2022-02-08,22.03122901916504
2022-02-09,22.262096405029297
2022-02-10,22.185142517089844
2022-02-11,22.267593383789062
2022-02-14,22.27309226989746
2022-02-15,22.27309226989746
2022-02-16,22.289583206176758
2022-02-17,22.300573348999023
2022-02-18,22.229114532470703
2022-02-21,22.36653709411621
2022-02-22,22.377531051635742
2022-02-23,22.55892562866211
2022-02-24,22.547929763793945
2022-02-25,22.338754653930664
2022-03-02,22.44521141052246
2022-03-03,22.047401428222656
2022-03-04,22.114641189575195
2022-03-07,21.918540954589844
2022-03-08,21.862510681152344
2022-03-09,22.34996223449707
2022-03-10,22.377975463867188
2022-03-11,22.305139541625977
2022-03-14,22.43960952758789
2022-03-15,22.405990600585938
2022-03-16,22.624502182006836
2022-03-17,22.999897003173828
2022-03-18,22.915855407714844
2022-03-21,23.111955642700195
2022-03-22,23.42571449279785
2022-03-23,23.661043167114258
2022-03-24,24.15409278869629
2022-03-25,24.36140251159668
2022-03-28,24.39501953125
2022-03-29,24.14849090576172
2022-03-30,24.204517364501953
2022-03-31,24.2269344329834
2022-04-01,24.84885597229004
2022-04-04,24.490266799926758
2022-04-05,24.41182518005371
2022-04-06,24.540693283081055
2022-04-07,24.602323532104492
2022-04-08,24.635942459106445
2022-04-11,24.66396141052246
2022-04-12,24.73679542541504
2022-04-13,24.641550064086914
2022-04-14,24.691972732543945
2022-04-18,24.714384078979492
2022-04-19,24.41182518005371
2022-04-20,24.708784103393555
2022-04-22,24.535091400146484
2022-04-25,24.904884338378906
2022-04-26,24.0084171295166
2022-04-27,23.974803924560547
2022-04-28,23.801115036010742
2022-04-29,23.47614288330078
2022-05-02,23.43692398071289
2022-05-03,23.36408233642578
2022-05-04,24.08685874938965
2022-05-05,23.341672897338867
2022-05-06,23.347274780273438
2022-05-09,23.918773651123047
2022-05-10,23.76749038696289
2022-05-11,23.453731536865234
2022-05-12,23.79456329345703
2022-05-13,24.119108200073242
2022-05-16,24.227293014526367
2022-05-17,24.58031463623047
2022-05-18,24.37533187866211
2022-05-19,24.517677307128906
2022-05-20,24.830839157104492
2022-05-23,25.05859375
2022-05-24,25.53118133544922
2022-05-25,25.719079971313477
2022-05-26,25.11553192138672
2022-05-27,24.882081985473633
2022-05-30,24.608779907226562
2022-05-31,24.995962142944336
2022-06-01,24.06216812133789
2022-06-02,24.12480354309082
2022-06-03,24.07356071472168
2022-06-06,23.885658264160156
2022-06-07,23.629438400268555
2022-06-08,23.828725814819336
2022-06-09,23.8116397857666
2022-06-10,23.299196243286133
2022-06-13,23.287811279296875
2022-06-14,23.515565872192383
2022-06-15,23.91412925720215
2022-06-17,23.91412925720215
2022-06-20,23.885658264160156
2022-06-21,23.76609230041504
2022-06-22,23.635133743286133
2022-06-23,23.41307258605957
2022-06-24,23.350439071655273
2022-06-27,23.4586238861084
2022-06-28,23.623743057250977
2022-06-29,23.70345687866211
2022-06-30,23.515565872192383
2022-07-01,23.66360092163086
2022-07-04,23.276424407958984
2022-07-05,23.24795150756836
2022-07-06,23.395992279052734
2022-07-07,23.840110778808594
2022-07-08,24.06216812133789
2022-07-11,23.823026657104492
2022-07-12,23.686376571655273
2022-07-13,23.70345687866211
2022-07-14,23.805946350097656
2022-07-15,23.80025291442871
2022-07-18,23.84580421447754
2022-07-19,23.749006271362305
2022-07-20,23.80025291442871
2022-07-21,23.788867950439453
2022-07-22,24.010929107666016
2022-07-25,24.694189071655273
2022-07-26,24.66571807861328
2022-07-27,25.149694442749023
2022-07-28,25.069982528686523
2022-07-29,25.178165435791016
2022-08-01,25.2977352142334
2022-08-02,25.1383056640625
2022-08-03,24.55753517150879
2022-08-04,24.477819442749023
2022-08-05,24.614471435546875
2022-08-08,24.318387985229492
2022-08-09,24.40949249267578
2022-08-10,24.449352264404297
2022-08-11,24.358251571655273
2022-08-12,24.415193557739258
2022-08-15,24.654329299926758
2022-08-16,24.529064178466797
2022-08-17,24.72745704650879
2022-08-18,24.5017147064209
2022-08-19,24.19493865966797
2022-08-22,23.899734497070312
2022-08-23,23.847640991210938
2022-08-24,23.905527114868164
2022-08-25,23.506134033203125
2022-08-26,23.442462921142578
2022-08-29,23.355636596679688
2022-08-30,23.28618049621582
2022-08-31,23.442462921142578
2022-09-01,23.639265060424805
2022-09-02,23.488767623901367
2022-09-05,23.55243682861328
2022-09-06,23.401945114135742
2022-09-08,23.355636596679688
2022-09-09,23.361425399780273
2022-09-12,23.448251724243164
2022-09-13,22.892578125
2022-09-14,22.973615646362305
2022-09-15,22.742082595825195
2022-09-16,22.863636016845703
2022-09-19,23.12410545349121
2022-09-20,23.089378356933594
2022-09-21,23.11832046508789
2022-09-22,23.396156311035156
2022-09-23,23.5582275390625
2022-09-26,22.933094024658203
2022-09-27,22.614742279052734
2022-09-28,22.30796241760254
2022-09-29,22.163257598876953
2022-09-30,22.29059600830078
2022-10-03,23.494556427001953
2022-10-04,23.13568687438965
2022-10-05,22.811540603637695
2022-10-06,22.406362533569336
2022-10-07,22.302175521850586
2022-10-10,22.585800170898438
2022-10-11,22.608951568603516
2022-10-13,22.157466888427734
2022-10-14,22.209562301635742
2022-10-17,22.39478874206543
2022-10-18,22.40057373046875
2022-10-19,22.40057373046875
2022-10-20,22.39478874206543
2022-10-21,22.857847213745117
2022-10-24,22.83469581604004
2022-10-25,22.423728942871094
2022-10-26,22.08222198486328
2022-10-27,22.67841339111328
2022-10-28,22.730504989624023
2022-10-31,23.280391693115234
2022-11-01,23.251449584960938
2022-11-03,23.210935592651367
2022-11-04,23.639265060424805
2022-11-07,23.309329986572266
2022-11-08,23.18199348449707
2022-11-09,23.390369415283203
2022-11-10,22.86942481994629
2022-11-11,23.922883987426758
2022-11-14,23.859214782714844
2022-11-16,22.950462341308594
2022-11-17,22.863636016845703
2022-11-18,22.950462341308594
2022-11-21,23.257238388061523
2022-11-22,23.35411262512207
2022-11-23,23.06049919128418
2022-11-24,23.436323165893555
2022-11-25,23.013521194458008
2022-11-28,23.037010192871094
2022-11-29,23.07224464416504
2022-11-30,23.195560455322266
2022-12-01,23.612497329711914
2022-12-02,23.500925064086914
2022-12-05,23.172073364257812
2022-12-06,23.37173080444336
2022-12-07,23.471561431884766
2022-12-08,23.013521194458008
2022-12-09,22.49675941467285
2022-12-12,22.432165145874023
2022-12-13,21.89191246032715
2022-12-14,21.786211013793945
2022-12-15,21.645278930664062
2022-12-16,21.71574592590332
2022-12-19,21.774465560913086
2022-12-20,22.226634979248047
2022-12-21,22.126808166503906
2022-12-22,22.39105796813965
2022-12-23,22.51115608215332
2022-12-26,22.31612777709961
2022-12-27,22.197925567626953
2022-12-28,22.357498168945312
2022-12-29,22.387046813964844
2023-01-02,22.056087493896484
2023-01-03,21.85515022277832
2023-01-04,21.866971969604492
2023-01-05,21.725128173828125
2023-01-06,21.79014015197754
2023-01-09,22.327951431274414
2023-01-10,22.36931800842285
2023-01-11,22.972135543823242
2023-01-12,22.936676025390625
2023-01-13,22.3634090423584
2023-01-16,22.558435440063477
2023-01-17,22.913040161132812
2023-01-18,23.07260513305664
2023-01-19,22.871667861938477
2023-01-20,22.552526473999023
2023-01-23,22.48160743713379
2023-01-24,22.936676025390625
2023-01-25,22.9898681640625
2023-01-26,22.8893985748291
2023-01-27,22.960317611694336
2023-01-30,22.942588806152344
2023-01-31,23.255813598632812
2023-02-01,22.978044509887695
2023-02-02,22.706186294555664
2023-02-03,22.422508239746094
2023-02-06,22.57025718688965
2023-02-07,22.07973289489746
2023-02-08,22.49342918395996
2023-02-09,22.1210994720459
2023-02-10,22.475698471069336
2023-02-13,22.818479537963867
2023-02-14,22.51706886291504
2023-02-15,22.913040161132812
2023-02-16,23.078514099121094
2023-02-17,23.279455184936523
2023-02-22,23.1317081451416
2023-02-23,23.06669807434082
2023-02-24,23.05487632751465
2023-02-27,23.10806655883789
2023-02-28,23.214447021484375
2023-03-01,23.220355987548828
2023-03-02,23.279455184936523
2023-03-03,23.202625274658203
2023-03-06,23.385835647583008
2023-03-07,23.90591812133789
2023-03-08,23.876367568969727
2023-03-09,24.40826416015625
2023-03-10,24.18959617614746
2023-03-13,24.349164962768555
2023-03-14,24.57965660095215
2023-03-15,24.86333465576172
2023-03-16,24.17777442932129
2023-03-17,23.639965057373047
2023-03-20,23.610416412353516
2023-03-21,23.45084571838379
2023-03-22,23.391748428344727
2023-03-23,23.273548126220703
2023-03-24,23.521766662597656
2023-03-27,23.515857696533203
2023-03-28,23.52767562866211
2023-03-29,23.580867767333984
2023-03-30,23.846817016601562
2023-03-31,23.740434646606445
2023-04-03,23.439027786254883
2023-04-04,23.775894165039062
2023-04-05,23.62814712524414
2023-04-06,23.728612899780273
2023-04-10,23.5454044342041
2023-04-11,23.5454044342041
2023-04-12,23.834997177124023
2023-04-13,24.059574127197266
2023-04-14,24.254608154296875
2023-04-17,24.3432559967041
2023-04-18,24.242788314819336
2023-04-19,24.053665161132812
2023-04-20,24.514646530151367
2023-04-24,24.331438064575195
2023-04-25,24.301883697509766
2023-04-26,24.035934448242188
2023-04-27,24.154136657714844
2023-04-28,24.366897583007812
2023-05-02,24.27824592590332
2023-05-03,24.656482696533203
2023-05-04,25.182476043701172
2023-05-05,25.59026527404785
2023-05-08,25.673006057739258
2023-05-09,26.184099197387695
2023-05-10,26.30731773376465
2023-05-11,26.49214744567871
2023-05-12,26.898773193359375
2023-05-15,27.07128143310547
2023-05-16,26.62152671813965
2023-05-17,26.165618896484375
2023-05-18,26.07320213317871
2023-05-19,26.258031845092773
2023-05-22,26.177940368652344
2023-05-23,26.005434036254883
2023-05-24,26.04239845275879
2023-05-25,26.196420669555664
2023-05-26,26.264192581176758
2023-05-29,26.504470825195312
2023-05-30,26.33196258544922
2023-05-31,25.894535064697266
2023-06-01,26.067039489746094
2023-06-02,26.442861557006836
2023-06-05,26.405893325805664
2023-06-06,26.849483489990234
2023-06-07,26.670818328857422
2023-06-09,27.058956146240234
2023-06-12,27.20065689086914
2023-06-13,27.102081298828125
2023-06-14,27.58879852294922
2023-06-15,27.607280731201172
2023-06-16,27.84756088256836
2023-06-19,27.748987197875977
2023-06-20,27.890682220458984
2023-06-21,27.915332794189453
2023-06-22,27.79827308654785
2023-06-23,28.30963134765625
2023-06-26,27.69353675842285
2023-06-27,27.650407791137695
2023-06-28,27.61344337463379
2023-06-29,27.748987197875977
2023-06-30,28.149450302124023
2023-07-03,27.909170150756836
2023-07-04,27.816757202148438
2023-07-05,27.724342346191406
2023-07-06,27.502544403076172
2023-07-07,27.539512634277344
2023-07-10,27.4778995513916
2023-07-11,27.280752182006836
2023-07-12,27.416292190551758
2023-07-13,27.767465591430664
2023-07-14,27.57647705078125
2023-07-17,27.557998657226562
2023-07-18,27.514867782592773
2023-07-19,27.447099685668945
2023-07-20,27.42861557006836
2023-07-21,27.66273307800293
2023-07-24,27.99542236328125
2023-07-25,27.4778995513916
2023-07-26,27.50870704650879
2023-07-27,27.286911010742188
2023-07-28,27.40397071838379
2023-07-31,27.132888793945312
2023-08-01,27.29923439025879
2023-08-02,27.317716598510742
2023-08-03,26.94190216064453
2023-08-04,26.775554656982422
2023-08-07,26.64617347717285
2023-08-08,26.652332305908203
2023-08-09,25.475587844848633
2023-08-10,25.537199020385742
2023-08-11,25.740509033203125
2023-08-14,25.83292579650879
2023-08-15,25.857568740844727
2023-08-16,25.78363800048828
2023-08-17,25.611133575439453
2023-08-18,25.75283432006836
2023-08-21,25.814443588256836
2023-08-22,25.992746353149414
2023-08-23,26.131376266479492
2023-08-24,26.307809829711914
2023-08-25,26.509449005126953
2023-08-28,26.540958404541016
2023-08-29,26.793006896972656
2023-08-30,26.685888290405273
2023-08-31,26.540958404541016
2023-09-01,26.547256469726562
2023-09-04,26.641780853271484
2023-09-05,26.465341567993164
2023-09-06,25.992746353149414
2023-09-08,26.062061309814453
2023-09-11,26.421236038208008
2023-09-12,26.591365814208984
2023-09-13,26.616573333740234
2023-09-14,26.729995727539062
2023-09-15,27.000947952270508
2023-09-18,26.780406951904297
2023-09-19,26.81191062927246
2023-09-20,27.353818893432617
2023-09-21,27.07026481628418
2023-09-22,27.026155471801758
2023-09-25,26.83081817626953
2023-09-26,26.389728546142578
2023-09-27,25.866722106933594
2023-09-28,26.08096694946289
2023-09-29,26.106170654296875
2023-10-02,25.85411834716797
2023-10-03,25.608367919921875
2023-10-04,25.810009002685547
2023-10-05,25.665081024169922
2023-10-06,25.620969772338867
2023-10-09,25.8856258392334
2023-10-10,26.20069122314453
2023-10-11,26.1691837310791
2023-10-13,25.72809410095215
2023-10-16,25.929733276367188
2023-10-17,25.658782958984375
2023-10-18,25.293306350708008
2023-10-19,25.589468002319336
2023-10-20,25.595766067504883
2023-10-23,25.715492248535156
2023-10-24,25.55165672302246
2023-10-25,25.350017547607422
2023-10-26,25.444536209106445
2023-10-27,25.17988395690918
2023-10-30,24.78920555114746
2023-10-31,24.76399803161621
2023-11-01,25.324810028076172
2023-11-03,25.7533016204834
2023-11-06,25.759601593017578
2023-11-07,25.658782958984375
2023-11-08,26.125072479248047
2023-11-09,25.841516494750977
2023-11-10,26.33301544189453
2023-11-13,26.35192108154297
2023-11-14,26.91903305053711
2023-11-16,27.37272834777832
2023-11-17,27.133275985717773
2023-11-20,27.234094619750977
2023-11-21,27.34752082824707
2023-11-22,27.744503021240234
2023-11-23,28.015453338623047
2023-11-24,27.7760066986084
2023-11-27,27.517654418945312
2023-11-28,27.33492088317871
2023-11-29,27.259302139282227
2023-11-30,27.41053581237793
2023-12-01,27.511356353759766
2023-12-04,27.870525360107422
2023-12-05,28.00285530090332
2023-12-06,28.08477210998535
2023-12-07,27.3286190032959
2023-12-08,27.568065643310547
2023-12-11,27.53656005859375
2023-12-12,27.624778747558594
2023-12-13,27.933542251586914
2023-12-14,28.16668701171875
2023-12-15,28.299013137817383
2023-12-18,27.79490852355957
2023-12-19,27.788610458374023
2023-12-20,27.826416015625
2023-12-21,28.103670120239258
2023-12-22,28.196247100830078
2023-12-26,28.33542251586914
2023-12-27,28.620105743408203
2023-12-28,28.677043914794922
2024-01-02,28.16461181640625
2024-01-03,28.151962280273438
2024-01-04,28.069721221923828
2024-01-05,28.025436401367188
2024-01-08,27.822994232177734
2024-01-09,28.09502410888672
2024-01-10,28.038087844848633
2024-01-11,27.652183532714844
2024-01-12,27.272605895996094
2024-01-15,27.41811180114746
2024-01-16,26.785486221313477
2024-01-17,26.494476318359375
2024-01-18,26.00102424621582
2024-01-19,25.817564010620117
2024-01-22,25.61512565612793
2024-01-23,26.032655715942383
2024-01-24,26.152854919433594
2024-01-25,26.083267211914062
2024-01-26,25.96306800842285
2024-01-29,25.558185577392578
2024-01-30,25.36839485168457
2024-01-31,25.67205810546875
2024-02-01,25.450639724731445
2024-02-02,25.115345001220703
2024-02-05,25.431659698486328
2024-02-06,25.577165603637695
2024-02-07,26.00735092163086
2024-02-08,25.716341018676758
2024-02-09,25.501245498657227
2024-02-14,25.558185577392578
2024-02-15,25.85552215576172
2024-02-16,25.785930633544922
2024-02-19,26.08959197998047
2024-02-20,26.18448829650879
2024-02-21,26.05796241760254
2024-02-22,26.045307159423828
2024-02-23,26.05796241760254
2024-02-26,25.880823135375977
2024-02-27,26.437538146972656
2024-02-28,26.3046875
2024-02-29,26.58304214477539
2024-03-01,25.937759399414062
2024-03-04,25.62777328491211
2024-03-05,25.659406661987305
2024-03-06,25.305133819580078
2024-03-07,25.84286880493164
2024-03-08,25.76062774658203
2024-03-11,25.96306800842285
2024-03-12,25.785930633544922
2024-03-13,25.72266960144043
2024-03-14,25.58981704711914
2024-03-15,25.400028228759766
2024-03-18,25.558185577392578
2024-03-19,25.513900756835938
2024-03-20,25.76062774658203
2024-03-21,25.849193572998047
2024-03-22,25.475940704345703
2024-03-25,25.387374877929688
2024-03-26,25.34941864013672
2024-03-27,25.406356811523438
2024-03-28,25.46961784362793
2024-04-01,24.957189559936523
2024-04-02,25.646753311157227
2024-04-03,25.76062774658203
2024-04-04,25.92510986328125
2024-04-05,26.038982391357422
2024-04-08,26.50712776184082
2024-04-09,27.089147567749023
2024-04-10,26.254077911376953
2024-04-11,25.849193572998047
2024-04-12,25.823890686035156
2024-04-15,26.190813064575195
2024-04-16,25.400028228759766
2024-04-17,25.62777328491211
2024-04-18,25.551856994628906
2024-04-19,25.241870880126953
2024-04-22,25.419010162353516
2024-04-23,25.330440521240234
2024-04-24,25.184934616088867
2024-04-25,24.836990356445312
2024-04-26,25.17228126525879
2024-04-29,25.728994369506836
2024-04-30,25.874500274658203
2024-05-02,26.247751235961914
2024-05-03,26.97527313232422
2024-05-06,27.386484146118164
2024-05-07,27.15825843811035
2024-05-08,28.375272750854492
2024-05-09,28.485910415649414
2024-05-10,27.984786987304688
2024-05-13,28.577022552490234
2024-05-14,28.785282135009766
2024-05-15,28.60956382751465
2024-05-16,28.798297882080078
2024-05-17,28.362258911132812
2024-05-20,28.759248733520508
2024-05-21,29.045604705810547
2024-05-22,28.908935546875
2024-05-23,28.60956382751465
2024-05-24,28.49241828918457
2024-05-27,28.62257957458496
2024-05-28,28.498924255371094
2024-05-29,28.40130615234375
2024-05-31,28.2060604095459
2024-06-03,28.64210319519043
2024-06-04,28.687660217285156
2024-06-05,28.505434036254883
2024-06-06,28.64210319519043
2024-06-07,28.297176361083984
2024-06-10,28.297176361083984
2024-06-11,28.36876106262207
2024-06-12,28.290666580200195
2024-06-13,28.38178062438965
2024-06-14,28.73972511291504
2024-06-17,28.531465530395508
2024-06-18,28.544485092163086
2024-06-19,28.635597229003906
2024-06-20,28.60956382751465
2024-06-21,28.713693618774414
2024-06-24,28.94147491455078
2024-06-25,28.720199584960938
2024-06-26,28.83083724975586
2024-06-27,28.895917892456055
2024-06-28,28.824331283569336
2024-07-01,28.9284610748291
2024-07-02,28.856870651245117
2024-07-03,29.364503860473633
2024-07-04,29.527204513549805
2024-07-05,29.449106216430664
2024-07-08,29.683399200439453
2024-07-09,29.787527084350586
2024-07-10,29.794034957885742
2024-07-11,29.911182403564453
2024-07-12,30.334205627441406
2024-07-15,30.16499900817871
2024-07-16,30.230073928833008
2024-07-17,30.282142639160156
2024-07-18,29.982770919799805
2024-07-19,29.67688751220703
2024-07-22,29.872135162353516
2024-07-23,29.618314743041992
2024-07-24,28.856870651245117
2024-07-25,28.746232986450195
2024-07-26,28.993539810180664
2024-07-29,29.117197036743164
2024-07-30,28.804805755615234
2024-07-31,28.785282135009766
2024-08-01,28.921951293945312
2024-08-02,28.707181930541992
2024-08-05,28.557497024536133
2024-08-06,28.7006778717041
2024-08-07,28.713693618774414
2024-08-08,29.221323013305664
2024-08-09,29.728952407836914
2024-08-12,29.77450942993164
2024-08-13,29.8005428314209
2024-08-14,30.145469665527344
2024-08-15,29.865625381469727
2024-08-16,30.06087303161621
2024-08-19,30.366748809814453
2024-08-20,30.282142639160156
2024-08-21,30.633583068847656
2024-08-22,30.68316650390625
2024-08-23,30.543121337890625
2024-08-26,30.08297348022461
2024-08-27,29.822891235351562
2024-08-28,29.61615753173828
2024-08-29,29.436098098754883
2024-08-30,30.11631965637207
2024-09-02,29.609487533569336
2024-09-03,29.782878875732422
2024-09-04,30.13632583618164
2024-09-05,29.929588317871094
2024-09-06,29.996278762817383
2024-09-09,29.696182250976562
2024-09-10,29.669506072998047
2024-09-11,29.496118545532227
2024-09-12,29.27604866027832
2024-09-13,29.422760009765625
2024-09-16,29.52279281616211
2024-09-17,29.442768096923828
2024-09-18,29.115997314453125
2024-09-19,28.982620239257812
2024-09-20,29.14933967590332
2024-09-23,28.982620239257812
2024-09-24,29.07598304748535
2024-09-25,28.675857543945312
2024-09-26,28.71586799621582
2024-09-27,28.622507095336914
2024-09-30,28.309072494506836
2024-10-01,28.449115753173828
2024-10-02,28.39576530456543
2024-10-03,27.95562744140625
2024-10-04,27.968961715698242
2024-10-07,28.042320251464844
2024-10-08,27.84892463684082
2024-10-09,27.34209442138672
2024-10-10,27.295413970947266
2024-10-11,27.068675994873047
2024-10-14,27.17537498474121
2024-10-15,27.448795318603516
2024-10-16,27.682205200195312
2024-10-17,27.528823852539062
2024-10-18,27.602176666259766
2024-10-21,27.642189025878906
2024-10-22,27.355432510375977
2024-10-23,27.288745880126953
2024-10-24,27.515483856201172
2024-10-25,27.20871925354004
2024-10-28,27.288745880126953
2024-10-29,27.308752059936523
2024-10-30,27.508813858032227
2024-10-31,27.655529022216797
2024-11-01,27.41545295715332
2024-11-04,27.835586547851562
2024-11-05,27.862262725830078
2024-11-06,27.04866600036621
2024-11-07,26.948637008666992
2024-11-08,26.855270385742188
2024-11-11,26.275087356567383
2024-11-12,26.228404998779297
2024-11-13,26.161714553833008
2024-11-14,26.288423538208008
2024-11-18,26.075021743774414
2024-11-19,26.161714553833008
2024-11-21,25.46816062927246
2024-11-22,25.734914779663086
2024-11-25,26.295093536376953
2024-11-26,25.841615676879883
2024-11-27,25.374799728393555
2024-11-28,25.041357040405273
2024-11-29,25.341453552246094
2024-12-02,24.91465187072754
2024-12-03,25.221416473388672
2024-12-04,25.268096923828125
2024-12-05,25.534849166870117
2024-12-06,25.341453552246094
2024-12-09,25.314777374267578
2024-12-10,25.33478546142578
2024-12-11,25.501506805419922
2024-12-12,24.841293334960938
2024-12-13,24.721254348754883
2024-12-16,24.41448974609375
2024-12-17,24.954662322998047
2024-12-18,24.307788848876953
2024-12-19,24.434497833251953
2024-12-20,24.759977340698242
2024-12-23,23.953027725219727
2024-12-26,23.926128387451172
2024-12-27,23.50247573852539
2024-12-30,23.872329711914062
2025-01-02,23.77818489074707
2025-01-03,23.744564056396484
2025-01-06,23.717666625976562
2025-01-07,23.926128387451172
2025-01-08,23.6369686126709
2025-01-09,23.737838745117188
2025-01-10,23.50920295715332
2025-01-13,23.31418800354004
2025-01-14,23.32763671875
2025-01-15,23.838708877563477
2025-01-16,23.717666625976562
2025-01-17,23.67059326171875
2025-01-20,23.75128746032715
2025-01-21,23.85215950012207
2025-01-22,23.758012771606445
2025-01-23,23.6369686126709
2025-01-24,23.65041732788086
2025-01-27,24.302705764770508
2025-01-28,24.719627380371094
2025-01-29,24.692731857299805
2025-01-30,24.780153274536133
2025-01-31,24.74652862548828
2025-02-03,24.417024612426758
2025-02-04,24.275806427001953
2025-02-05,23.95975112915039
2025-02-06,24.127866744995117
2025-02-07,24.174938201904297
2025-02-10,24.006824493408203
2025-02-11,24.497716903686523
2025-02-12,24.080793380737305
2025-02-13,24.222009658813477
2025-02-14,24.59858512878418
2025-02-17,24.524616241455078
2025-02-18,24.578413009643555
2025-02-19,24.3161563873291
2025-02-20,24.55824089050293
2025-02-21,24.59858512878418
2025-02-24,24.612037658691406
2025-02-25,24.84067153930664
2025-02-26,25.015512466430664
2025-02-27,24.90791893005371
2025-02-28,24.995338439941406
2025-03-05,24.901195526123047
2025-03-06,25.123109817504883
2025-03-07,25.398815155029297
2025-03-10,25.418991088867188
2025-03-11,24.988615036010742
2025-03-12,24.874296188354492
2025-03-13,25.102933883666992
2025-03-14,25.398815155029297
2025-03-17,25.9233341217041
2025-03-18,26.01747703552246
2025-03-19,26.145244598388672
2025-03-20,26.36043357849121
2025-03-21,26.279739379882812
2025-03-24,25.903160095214844
2025-03-25,26.04437828063965
2025-03-26,26.030927658081055
2025-03-27,26.259563446044922
2025-03-28,26.273014068603516
2025-03-31,25.956958770751953
2025-04-01,25.822463989257812
2025-04-02,25.66779899597168
2025-04-03,26.884952545166016
2025-04-04,26.656314849853516
2025-04-07,26.26628875732422
2025-04-08,26.259563446044922
2025-04-09,26.80425453186035
2025-04-10,26.602516174316406
2025-04-11,26.663040161132812
2025-04-14,26.723560333251953
2025-04-15,26.609241485595703
2025-04-16,26.494924545288086
2025-04-17,26.420955657958984
2025-04-22,26.48819923400879
2025-04-23,26.757184982299805
2025-04-24,27.28842544555664
2025-04-25,27.073240280151367
2025-04-28,27.443092346191406
2025-04-29,27.402746200561523
2025-04-30,27.954164505004883
2025-05-02,27.611207962036133
2025-05-05,27.584308624267578
2025-05-06,27.402746200561523
2025-05-07,27.622394561767578
2025-05-08,27.361289978027344
2025-05-09,27.038339614868164
2025-05-12,26.89404296875
2025-05-13,27.478099822998047
2025-05-14,27.423128128051758
2025-05-15,27.99344253540039
2025-05-16,28.014057159423828
2025-05-19,28.371362686157227
2025-05-20,28.39197540283203
2025-05-21,28.199581146240234
2025-05-22,27.594913482666016
2025-05-23,27.79417610168457
2025-05-26,28.075899124145508
2025-05-27,28.742408752441406
2025-05-28,28.85235023498535
2025-05-29,28.75615119934082
2025-05-30,28.21332359313965
2025-06-02,27.84227752685547
2025-06-03,28.378232955932617
2025-06-04,28.178966522216797
2025-06-05,28.13086700439453
2025-06-06,27.897247314453125
2025-06-09,27.739208221435547
2025-06-10,27.897247314453125
2025-06-11,27.65675163269043
2025-06-12,27.725465774536133
2025-06-13,27.801050186157227
2025-06-16,27.93160057067871
2025-06-17,27.780433654785156
2025-06-18,27.890377044677734
2025-06-20,27.51932716369629
2025-06-23,28.446945190429688
2025-06-24,29.92426109313965
2025-06-25,29.374563217163086
2025-06-26,29.68376922607422
2025-06-27,30.94120216369629
2025-06-30,31.202314376831055
2025-07-01,31.60771942138672
2025-07-02,32.10245132446289
2025-07-03,33.54541015625
2025-07-04,31.813854217529297
2025-07-07,29.800579071044922
2025-07-08,29.62192726135254
2025-07-09,29.13406753540039
2025-07-10,29.05848503112793
2025-07-11,28.570629119873047
2025-07-14,29.202781677246094
2025-07-15,28.673696517944336
2025-07-16,28.65308380126953
2025-07-17,28.364490509033203
2025-07-18,28.65995216369629
2025-07-21,28.838607788085938
2025-07-22,28.584369659423828
2025-07-23,29.22339630126953
2025-07-24,29.25088119506836
2025-07-25,28.962289810180664
2025-07-28,28.859220504760742
2025-07-29,28.728666305541992
2025-07-30,28.041542053222656
2025-07-31,27.436872482299805
2025-08-01,27.622394561767578
2025-08-04,27.409387588500977
2025-08-05,27.43000030517578
2025-08-06,27.69110870361328
2025-08-07,27.574298858642578
2025-08-08,27.828535079956055
2025-08-11,27.141408920288086
2025-08-12,27.43000030517578
2025-08-13,26.942142486572266
2025-08-14,27.031471252441406
2025-08-15,27.038339614868164
2025-08-18,27.313190460205078
2025-08-19,27.141408920288086
2025-08-20,27.155153274536133
2025-08-21,27.553686141967773
2025-08-22,27.634170532226562
2025-08-25,27.500703811645508
2025-08-26,27.577974319458008
2025-08-27,27.84490394592285
2025-08-28,27.964319229125977
2025-08-29,28.055635452270508
2025-09-01,27.39533805847168
2025-09-02,27.479631423950195
2025-09-03,27.39533805847168
2025-09-04,27.36724090576172
2025-09-05,27.676315307617188
2025-09-08,27.746559143066406
2025-09-09,28.245296478271484
2025-09-10,28.49817657470703
2025-09-11,28.49817657470703
2025-09-12,28.371736526489258
2025-09-15,28.603544235229492
2025-09-16,28.420907974243164
2025-09-17,28.645689010620117
2025-09-18,28.793201446533203
2025-09-19,29.29193687438965
2025-09-22,29.003936767578125
2025-09-23,28.968812942504883
2025-09-24,28.519248962402344
2025-09-25,28.28744125366211
2025-09-26,28.203149795532227
2025-09-29,28.85642433166504
2025-09-30,28.589494705200195
2025-10-01,28.821300506591797
2025-10-02,28.505199432373047
2025-10-03,28.308515548706055
2025-10-06,28.062660217285156
2025-10-07,28.203149795532227
2025-10-08,27.971343994140625
2025-10-09,28.006465911865234
2025-10-10,28.413883209228516
2025-10-13,29.15144920349121
2025-10-14,28.132904052734375
2025-10-15,27.971343994140625
2025-10-16,28.28041648864746
2025-10-17,28.139928817749023
2025-10-20,28.027538299560547
2025-10-21,27.858951568603516
2025-10-22,27.62714385986328
2025-10-23,27.676315307617188
2025-10-24,27.584997177124023
2025-10-27,27.999439239501953
2025-10-28,27.92217254638672
2025-10-29,28.139928817749023
2025-10-30,27.971343994140625
2025-10-31,28.0977840423584
2025-11-03,28.308515548706055
2025-11-04,29.05310821533203
2025-11-05,29.650184631347656
2025-11-06,30.127845764160156
2025-11-07,29.860918045043945
2025-11-10,30.380725860595703
2025-11-11,30.74599838256836
2025-11-12,31.15341567993164
2025-11-13,30.7038516998291
2025-11-14,30.32453155517578
2025-11-17,30.310483932495117
2025-11-18,30.36667823791504
2025-11-19,30.106773376464844
2025-11-21,29.95223617553711
2025-11-24,30.50716781616211
2025-11-25,30.436925888061523
2025-11-26,31.167465209960938
2025-11-27,31.19415855407715
2025-11-28,30.132061004638672
2025-12-01,29.856704711914062
2025-12-02,30.554933547973633
2025-12-03,30.299243927001953
2025-12-04,30.722116470336914
2025-12-05,29.148639678955078
2025-12-08,29.5911808013916
2025-12-09,29.640350341796875
2025-12-10,29.787866592407227
2025-12-11,29.807531356811523
2025-12-12,29.945213317871094
2025-12-15,30.4664249420166
2025-12-16,29.807531356811523
2025-12-17,29.866539001464844
2025-12-18,30.151729583740234
2025-12-19,30.572710037231445
2025-12-22,29.89221954345703
2025-12-23,30.691055297851562
2025-12-26,30.84885025024414
2025-12-29,30.493812561035156
2025-12-30,30.937610626220703
