date,close
2010-12-01,4.2028093338012695
2010-12-02,4.224360466003418
2010-12-03,4.289018630981445
2010-12-06,4.245913982391357
2010-12-07,4.224360466003418
2010-12-08,4.181255340576172
2010-12-09,4.181255340576172
2010-12-10,4.18556547164917
2010-12-13,4.224360466003418
2010-12-14,4.245913982391357
2010-12-15,4.224360466003418
2010-12-16,4.267465114593506
2010-12-17,4.245913982391357
2010-12-20,4.181255340576172
2010-12-21,4.224360466003418
2010-12-22,4.224360466003418
2010-12-23,4.224360466003418
2010-12-27,4.224360466003418
2010-12-28,4.31057071685791
2010-12-29,4.31057071685791
2010-12-30,4.31057071685791
2011-01-03,4.349366188049316
2011-01-04,4.267465114593506
2011-01-05,4.224360466003418
2011-01-06,4.181255340576172
2011-01-07,4.245913982391357
2011-01-10,4.224360466003418
2011-01-11,4.181255340576172
2011-01-12,4.2028093338012695
2011-01-13,4.2028093338012695
2011-01-14,4.224360466003418
2011-01-17,4.138148307800293
2011-01-18,4.138148307800293
2011-01-19,4.138148307800293
2011-01-20,4.138148307800293
2011-01-21,4.224360466003418
2011-01-24,4.224360466003418
2011-01-26,4.181255340576172
2011-01-27,4.181255340576172
2011-01-28,4.138148307800293
2011-01-31,4.31057071685791
2011-02-01,4.138148307800293
2011-02-02,4.138148307800293
2011-02-03,4.138148307800293
2011-02-04,4.159700870513916
2011-02-07,4.159700870513916
2011-02-08,4.159700870513916
2011-02-09,4.2028093338012695
2011-02-10,4.2028093338012695
2011-02-11,4.159700870513916
2011-02-14,4.138148307800293
2011-02-15,4.095042705535889
2011-02-16,4.095042705535889
2011-02-17,4.073490619659424
2011-02-18,4.073490619659424
2011-02-21,4.073490619659424
2011-02-22,4.073490619659424
2011-02-23,4.073490619659424
2011-02-24,4.073490619659424
2011-02-25,4.289018630981445
2011-02-28,4.289018630981445
2011-03-01,4.289018630981445
2011-03-02,4.289018630981445
2011-03-03,4.361341953277588
2011-03-04,4.361341953277588
2011-03-09,4.361341953277588
2011-03-10,4.361341953277588
2011-03-11,4.164095401763916
2011-03-14,4.098347187042236
2011-03-15,4.098347187042236
2011-03-16,4.098347187042236
2011-03-17,4.098347187042236
2011-03-18,3.9449329376220703
2011-03-21,3.725770950317383
2011-03-22,3.9449329376220703
2011-03-23,4.076430797576904
2011-03-24,4.115881443023682
2011-03-25,4.115881443023682
2011-03-28,4.120264053344727
2011-03-29,4.120264053344727
2011-03-30,4.120264053344727
2011-03-31,4.1421799659729
2011-04-01,4.120264053344727
2011-04-04,4.120264053344727
2011-04-05,4.120264053344727
2011-04-06,4.1421799659729
2011-04-07,4.120264053344727
2011-04-08,4.120264053344727
2011-04-11,4.120264053344727
2011-04-12,4.120264053344727
2011-04-13,4.120264053344727
2011-04-14,4.1421799659729
2011-04-15,4.164095401763916
2011-04-18,4.164095401763916
2011-04-19,4.164095401763916
2011-04-20,4.164095401763916
2011-04-25,4.164095401763916
2011-04-26,4.164095401763916
2011-04-27,4.164095401763916
2011-04-28,4.120264053344727
2011-04-29,4.164095401763916
2011-05-02,3.9449329376220703
2011-05-03,3.9887659549713135
2011-05-04,3.9887659549713135
2011-05-05,3.9887659549713135
2011-05-06,3.9887659549713135
2011-05-09,3.9887659549713135
2011-05-10,3.9887659549713135
2011-05-11,3.9887659549713135
2011-05-12,3.9887659549713135
2011-05-13,3.9887659549713135
2011-05-16,3.9887659549713135
2011-05-17,3.9449329376220703
2011-05-18,3.9449329376220703
2011-05-19,4.164095401763916
2011-05-20,4.164095401763916
2011-05-23,4.098347187042236
2011-05-24,4.164095401763916
2011-05-25,4.098347187042236
2011-05-26,4.164095401763916
2011-05-27,4.361341953277588
2011-05-30,4.383257865905762
2011-05-31,4.207928657531738
2011-06-01,4.207928657531738
2011-06-02,4.207928657531738
2011-06-03,4.207928657531738
2011-06-06,4.207928657531738
2011-06-07,4.207928657531738
2011-06-08,4.207928657531738
2011-06-09,4.207928657531738
2011-06-10,4.207928657531738
2011-06-13,4.383257865905762
2011-06-14,4.580505847930908
2011-06-15,4.536672592163086
2011-06-16,4.865418434143066
2011-06-17,5.259912014007568
2011-06-20,5.259912014007568
2011-06-21,5.2160773277282715
2011-06-22,5.198544502258301
2011-06-24,5.259912014007568
2011-06-27,5.2160773277282715
2011-06-28,5.3256611824035645
2011-06-29,5.3256611824035645
2011-06-30,5.259912014007568
2011-07-01,5.259912014007568
2011-07-04,5.259912014007568
2011-07-05,5.259912014007568
2011-07-06,5.259912014007568
2011-07-07,5.281827926635742
2011-07-08,5.330042362213135
2011-07-11,5.2160773277282715
2011-07-12,4.865418434143066
2011-07-13,4.953083038330078
2011-07-14,5.259912014007568
2011-07-15,5.259912014007568
2011-07-18,5.259912014007568
2011-07-19,5.259912014007568
2011-07-20,5.128414154052734
2011-07-21,4.974998474121094
2011-07-22,4.974998474121094
2011-07-25,4.974998474121094
2011-07-26,4.974998474121094
2011-07-27,4.974998474121094
2011-07-28,4.974998474121094
2011-07-29,4.974998474121094
2011-08-01,4.974998474121094
2011-08-02,4.996915817260742
2011-08-03,4.996915817260742
2011-08-04,4.3394246101379395
2011-08-05,4.57174015045166
2011-08-08,4.164095401763916
2011-08-09,4.378875732421875
2011-08-10,4.3394246101379395
2011-08-11,4.60242223739624
2011-08-12,4.60242223739624
2011-08-15,4.60242223739624
2011-08-16,4.821584701538086
2011-08-17,4.821584701538086
2011-08-18,4.821584701538086
2011-08-19,4.821584701538086
2011-08-22,4.947520732879639
2011-08-23,5.059966564178467
2011-08-24,5.284852981567383
2011-08-25,4.996997356414795
2011-08-26,5.059966564178467
2011-08-29,5.059966564178467
2011-08-30,5.059966564178467
2011-08-31,5.172410011291504
2011-09-01,5.172410011291504
2011-09-02,5.059966564178467
2011-09-05,5.059966564178467
2011-09-06,5.082454681396484
2011-09-08,5.082454681396484
2011-09-09,5.014987468719482
2011-09-12,5.037476062774658
2011-09-13,5.037476062774658
2011-09-14,4.992499351501465
2011-09-15,5.037476062774658
2011-09-16,4.947520732879639
2011-09-19,5.032979965209961
2011-09-20,5.032979965209961
2011-09-21,5.037476062774658
2011-09-22,5.037476062774658
2011-09-23,4.947520732879639
2011-09-26,4.835079193115234
2011-09-27,4.8575663566589355
2011-09-28,4.8575663566589355
2011-09-29,4.8575663566589355
2011-09-30,4.947520732879639
2011-10-03,4.947520732879639
2011-10-04,4.8575663566589355
2011-10-05,4.835079193115234
2011-10-06,4.835079193115234
2011-10-07,4.835079193115234
2011-10-10,4.835079193115234
2011-10-11,4.835079193115234
2011-10-13,4.835079193115234
2011-10-14,4.992499351501465
2011-10-17,4.992499351501465
2011-10-18,4.992499351501465
2011-10-19,4.992499351501465
2011-10-20,4.947520732879639
2011-10-21,4.947520732879639
2011-10-24,4.947520732879639
2011-10-25,4.947520732879639
2011-10-26,4.83957576751709
2011-10-27,4.83957576751709
2011-10-28,4.83957576751709
2011-10-31,4.947520732879639
2011-11-01,4.947520732879639
2011-11-03,4.947520732879639
2011-11-04,4.947520732879639
2011-11-07,4.947520732879639
2011-11-08,4.947520732879639
2011-11-09,4.947520732879639
2011-11-10,4.992499351501465
2011-11-11,5.010490417480469
2011-11-14,4.992499351501465
2011-11-16,4.979006290435791
2011-11-17,4.979006290435791
2011-11-18,4.979006290435791
2011-11-21,4.979006290435791
2011-11-22,4.992499351501465
2011-11-23,4.992499351501465
2011-11-24,4.992499351501465
2011-11-25,4.970010280609131
2011-11-28,4.992499351501465
2011-11-29,4.992499351501465
2011-11-30,4.970010280609131
2011-12-01,5.014987468719482
2011-12-02,5.014987468719482
2011-12-05,5.059966564178467
2011-12-06,5.059966564178467
2011-12-07,5.077956676483154
2011-12-08,5.037476062774658
2011-12-09,5.037476062774658
2011-12-12,5.082454681396484
2011-12-13,4.947520732879639
2011-12-14,4.947520732879639
2011-12-15,4.947520732879639
2011-12-16,4.947520732879639
2011-12-19,4.947520732879639
2011-12-20,4.947520732879639
2011-12-21,4.947520732879639
2011-12-22,4.947520732879639
2011-12-23,4.947520732879639
2011-12-26,5.172410011291504
2011-12-27,5.284852981567383
2011-12-28,5.284852981567383
2011-12-29,5.244373798370361
2012-01-02,5.172410011291504
2012-01-03,5.172410011291504
2012-01-04,5.172410011291504
2012-01-05,5.172410011291504
2012-01-06,5.172410011291504
2012-01-09,5.172410011291504
2012-01-10,5.172410011291504
2012-01-11,5.104942798614502
2012-01-12,5.104942798614502
2012-01-13,5.104942798614502
2012-01-16,5.104942798614502
2012-01-17,5.104942798614502
2012-01-18,5.104942798614502
2012-01-19,5.104942798614502
2012-01-20,5.104942798614502
2012-01-23,5.104942798614502
2012-01-24,5.104942798614502
2012-01-26,5.104942798614502
2012-01-27,5.104942798614502
2012-01-30,5.104942798614502
2012-01-31,5.104942798614502
2012-02-01,5.172410011291504
2012-02-02,5.172410011291504
2012-02-03,5.172410011291504
2012-02-06,5.172410011291504
2012-02-07,5.172410011291504
2012-02-08,5.172410011291504
2012-02-09,5.172410011291504
2012-02-10,5.149919033050537
2012-02-13,5.149919033050537
2012-02-14,4.767610549926758
2012-02-15,4.947520732879639
2012-02-16,4.947520732879639
2012-02-17,4.947520732879639
2012-02-23,5.073458194732666
2012-02-24,5.073458194732666
2012-02-27,5.073458194732666
2012-02-28,4.880055904388428
2012-02-29,5.172410011291504
2012-03-01,5.172410011291504
2012-03-02,5.172410011291504
2012-03-05,5.172410011291504
2012-03-06,5.172410011291504
2012-03-07,5.172410011291504
2012-03-08,5.172410011291504
2012-03-09,5.172410011291504
2012-03-12,4.884553909301758
2012-03-13,4.884553909301758
2012-03-14,4.884553909301758
2012-03-15,4.884553909301758
2012-03-16,4.884553909301758
2012-03-19,4.884553909301758
2012-03-20,4.884553909301758
2012-03-21,4.925034523010254
2012-03-22,5.01666259765625
2012-03-23,4.925034523010254
2012-03-26,4.925034523010254
2012-03-27,4.925034523010254
2012-03-28,4.925034523010254
2012-03-29,4.970848560333252
2012-03-30,4.925034523010254
2012-04-02,4.925034523010254
2012-04-03,4.925034523010254
2012-04-04,4.925034523010254
2012-04-05,4.902126312255859
2012-04-09,5.0258259773254395
2012-04-10,4.8563103675842285
2012-04-11,4.8563103675842285
2012-04-12,4.947939395904541
2012-04-13,4.879220008850098
2012-04-16,4.879220008850098
2012-04-17,4.879220008850098
2012-04-18,4.902126312255859
2012-04-19,4.902126312255859
2012-04-20,4.947939395904541
2012-04-23,4.947939395904541
2012-04-24,4.947939395904541
2012-04-25,4.947939395904541
2012-04-26,4.947939395904541
2012-04-27,4.947939395904541
2012-04-30,4.902126312255859
2012-05-02,4.902126312255859
2012-05-03,4.902126312255859
2012-05-04,4.902126312255859
2012-05-07,4.902126312255859
2012-05-08,4.902126312255859
2012-05-09,4.970848560333252
2012-05-10,4.970848560333252
2012-05-11,4.970848560333252
2012-05-14,4.970848560333252
2012-05-15,4.947939395904541
2012-05-16,4.947939395904541
2012-05-17,4.947939395904541
2012-05-18,4.947939395904541
2012-05-21,4.947939395904541
2012-05-22,4.947939395904541
2012-05-23,4.902126312255859
2012-05-24,4.902126312255859
2012-05-25,4.902126312255859
2012-05-28,4.902126312255859
2012-05-29,4.902126312255859
2012-05-30,4.902126312255859
2012-05-31,4.902126312255859
2012-06-01,4.902126312255859
2012-06-04,4.902126312255859
2012-06-05,4.902126312255859
2012-06-06,4.902126312255859
2012-06-08,4.906708240509033
2012-06-11,5.039567947387695
2012-06-12,5.039567947387695
2012-06-13,5.039567947387695
2012-06-14,4.925034523010254
2012-06-15,4.925034523010254
2012-06-18,4.925034523010254
2012-06-19,4.925034523010254
2012-06-20,4.925034523010254
2012-06-21,4.925034523010254
2012-06-22,4.925034523010254
2012-06-25,4.925034523010254
2012-06-26,4.925034523010254
2012-06-27,4.925034523010254
2012-06-28,4.925034523010254
2012-06-29,4.925034523010254
2012-07-02,4.925034523010254
2012-07-03,4.925034523010254
2012-07-04,4.925034523010254
2012-07-05,4.925034523010254
2012-07-06,4.925034523010254
2012-07-10,4.925034523010254
2012-07-11,4.925034523010254
2012-07-12,4.925034523010254
2012-07-13,4.925034523010254
2012-07-16,4.925034523010254
2012-07-17,4.925034523010254
2012-07-18,4.925034523010254
2012-07-19,4.925034523010254
2012-07-20,4.925034523010254
2012-07-23,4.925034523010254
2012-07-24,4.925034523010254
2012-07-25,4.925034523010254
2012-07-26,4.925034523010254
2012-07-27,4.925034523010254
2012-07-30,4.925034523010254
2012-07-31,4.695962429046631
2012-08-01,4.695962429046631
2012-08-02,4.695962429046631
2012-08-03,4.695962429046631
2012-08-06,4.695962429046631
2012-08-07,4.695962429046631
2012-08-08,4.695962429046631
2012-08-09,4.695962429046631
2012-08-10,4.827844619750977
2012-08-13,4.827844619750977
2012-08-14,4.827844619750977
2012-08-15,4.827844619750977
2012-08-16,4.827844619750977
2012-08-17,4.827844619750977
2012-08-20,4.827844619750977
2012-08-21,4.827844619750977
2012-08-22,4.997406959533691
2012-08-23,4.945596694946289
2012-08-24,4.945596694946289
2012-08-27,4.945596694946289
2012-08-28,4.945596694946289
2012-08-29,4.922045707702637
2012-08-30,4.898495674133301
2012-08-31,4.898495674133301
2012-09-03,4.898495674133301
2012-09-04,4.898495674133301
2012-09-05,4.922045707702637
2012-09-06,4.922045707702637
2012-09-10,4.9926981925964355
2012-09-11,5.157552242279053
2012-09-12,4.945596694946289
2012-09-13,4.945596694946289
2012-09-14,4.945596694946289
2012-09-17,4.945596694946289
2012-09-18,4.945596694946289
2012-09-19,4.945596694946289
2012-09-20,4.945596694946289
2012-09-21,5.134002208709717
2012-09-24,5.134002208709717
2012-09-25,5.1811017990112305
2012-09-26,5.298853874206543
2012-09-27,5.298853874206543
2012-09-28,5.204652786254883
2012-10-01,5.204652786254883
2012-10-02,5.204652786254883
2012-10-03,5.204652786254883
2012-10-04,5.204652786254883
2012-10-05,5.204652786254883
2012-10-08,5.204652786254883
2012-10-09,5.204652786254883
2012-10-10,5.204652786254883
2012-10-11,5.204652786254883
2012-10-15,5.251753330230713
2012-10-16,5.275303840637207
2012-10-17,5.275303840637207
2012-10-18,5.322404384613037
2012-10-19,5.322404384613037
2012-10-22,5.322404384613037
2012-10-23,5.458998203277588
2012-10-24,5.487256050109863
2012-10-25,5.487256050109863
2012-10-26,5.487256050109863
2012-10-29,5.463706016540527
2012-10-30,5.487256050109863
2012-10-31,5.4166059494018555
2012-11-01,5.4166059494018555
2012-11-05,5.4166059494018555
2012-11-06,5.4166059494018555
2012-11-07,5.4166059494018555
2012-11-08,5.458998203277588
2012-11-09,5.251753330230713
2012-11-12,5.369504928588867
2012-11-13,5.369504928588867
2012-11-14,5.506098747253418
2012-11-16,5.55790901184082
2012-11-19,5.60500955581665
2012-11-21,5.666242599487305
2012-11-22,5.666242599487305
2012-11-23,5.699211597442627
2012-11-26,5.699211597442627
2012-11-27,5.6803717613220215
2012-11-28,5.6850810050964355
2012-11-29,5.7086334228515625
2012-11-30,5.689792633056641
2012-12-03,5.689792633056641
2012-12-04,5.722763538360596
2012-12-05,5.722763538360596
2012-12-06,5.7934136390686035
2012-12-07,5.88761568069458
2012-12-10,5.911167621612549
2012-12-11,5.911167621612549
2012-12-12,5.911167621612549
2012-12-13,5.911167621612549
2012-12-14,5.911167621612549
2012-12-17,5.88761568069458
2012-12-18,5.88761568069458
2012-12-19,5.88761568069458
2012-12-20,5.88761568069458
2012-12-21,5.88761568069458
2012-12-26,5.88761568069458
2012-12-27,5.88761568069458
2012-12-28,6.061890125274658
2013-01-02,6.061890125274658
2013-01-03,6.061890125274658
2013-01-04,6.061890125274658
2013-01-07,6.061890125274658
2013-01-08,6.061890125274658
2013-01-09,6.061890125274658
2013-01-10,6.061890125274658
2013-01-11,6.061890125274658
2013-01-14,6.061890125274658
2013-01-15,5.88761568069458
2013-01-16,5.88761568069458
2013-01-17,5.88761568069458
2013-01-18,5.88761568069458
2013-01-21,5.88761568069458
2013-01-22,5.934716701507568
2013-01-23,5.98181676864624
2013-01-24,5.98181676864624
2013-01-28,5.98181676864624
2013-01-29,5.98181676864624
2013-01-30,5.98181676864624
2013-01-31,6.234640121459961
2013-02-01,5.890998363494873
2013-02-04,5.940089702606201
2013-02-05,5.940089702606201
2013-02-06,5.940089702606201
2013-02-07,5.940089702606201
2013-02-08,5.940089702606201
2013-02-13,5.940089702606201
2013-02-14,5.940089702606201
2013-02-15,5.940089702606201
2013-02-18,5.9449992179870605
2013-02-19,5.9449992179870605
2013-02-20,5.9449992179870605
2013-02-21,6.283731937408447
2013-02-22,6.3819169998168945
2013-02-25,6.3819169998168945
2013-02-26,6.3819169998168945
2013-02-27,6.406459808349609
2013-02-28,6.406459808349609
2013-03-01,6.406459808349609
2013-03-04,6.406459808349609
2013-03-05,6.406459808349609
2013-03-06,6.406459808349609
2013-03-07,7.096628665924072
2013-03-08,7.096628665924072
2013-03-11,6.797536373138428
2013-03-12,6.797536373138428
2013-03-13,6.797536373138428
2013-03-14,6.797536373138428
2013-03-15,6.797536373138428
2013-03-18,6.797536373138428
2013-03-19,6.7431559562683105
2013-03-20,6.634395122528076
2013-03-21,6.634395122528076
2013-03-22,6.7431559562683105
2013-03-25,6.7431559562683105
2013-03-26,6.389684677124023
2013-03-27,6.710530757904053
2013-03-28,6.661587238311768
2013-04-01,6.710530757904053
2013-04-02,6.710530757904053
2013-04-03,6.710530757904053
2013-04-04,6.710530757904053
2013-04-05,6.656147003173828
2013-04-08,6.656147003173828
2013-04-09,6.656147003173828
2013-04-10,6.656147003173828
2013-04-11,6.650711536407471
2013-04-12,6.650711536407471
2013-04-15,6.7431559562683105
2013-04-16,6.7431559562683105
2013-04-17,6.7431559562683105
2013-04-18,6.7431559562683105
2013-04-19,6.7431559562683105
2013-04-22,6.7431559562683105
2013-04-23,6.7431559562683105
2013-04-24,6.737717628479004
2013-04-25,6.737717628479004
2013-04-26,6.737717628479004
2013-04-29,6.737717628479004
2013-04-30,6.7431559562683105
2013-05-02,6.7431559562683105
2013-05-03,6.7431559562683105
2013-05-06,6.7431559562683105
2013-05-07,6.7431559562683105
2013-05-08,6.7431559562683105
2013-05-09,6.7431559562683105
2013-05-10,6.7431559562683105
2013-05-13,6.7431559562683105
2013-05-14,6.7431559562683105
2013-05-15,6.7431559562683105
2013-05-16,6.7431559562683105
2013-05-17,6.7431559562683105
2013-05-20,6.7431559562683105
2013-05-21,6.7431559562683105
2013-05-22,6.759470462799072
2013-05-23,6.759470462799072
2013-05-24,6.759470462799072
2013-05-27,6.849567890167236
2013-05-28,7.15815544128418
2013-05-29,7.15815544128418
2013-05-31,7.15815544128418
2013-06-03,7.15815544128418
2013-06-04,6.612616539001465
2013-06-05,7.053457736968994
2013-06-06,7.053457736968994
2013-06-07,7.108560562133789
2013-06-10,7.108560562133789
2013-06-11,7.108560562133789
2013-06-12,7.108560562133789
2013-06-13,6.970798969268799
2013-06-14,6.970798969268799
2013-06-17,6.970798969268799
2013-06-18,7.108560562133789
2013-06-19,7.108560562133789
2013-06-20,6.623635768890381
2013-06-21,6.623635768890381
2013-06-24,6.623635768890381
2013-06-25,6.667720317840576
2013-06-26,6.667720317840576
2013-06-27,6.667720317840576
2013-06-28,6.623635768890381
2013-07-01,6.612616539001465
2013-07-02,6.502404689788818
2013-07-03,6.337090969085693
2013-07-04,6.337090969085693
2013-07-05,6.337090969085693
2013-07-08,6.337090969085693
2013-07-10,6.474853038787842
2013-07-11,6.474853038787842
2013-07-12,6.474853038787842
2013-07-15,6.474853038787842
2013-07-16,6.7503790855407715
2013-07-17,6.7503790855407715
2013-07-18,6.7503790855407715
2013-07-19,6.7503790855407715
2013-07-22,6.612616539001465
2013-07-23,6.755889415740967
2013-07-24,6.755889415740967
2013-07-25,6.755889415740967
2013-07-26,6.755889415740967
2013-07-29,6.755889415740967
2013-07-30,6.755889415740967
2013-07-31,6.755889415740967
2013-08-01,6.755889415740967
2013-08-02,6.755889415740967
2013-08-05,6.171774864196777
2013-08-06,5.786039352416992
2013-08-07,5.786039352416992
2013-08-08,5.620723724365234
2013-08-09,6.281985282897949
2013-08-12,7.042771816253662
2013-08-13,7.042771816253662
2013-08-14,6.820075035095215
2013-08-15,7.042771816253662
2013-08-16,7.042771816253662
2013-08-19,6.820075035095215
2013-08-20,6.820075035095215
2013-08-21,6.820075035095215
2013-08-22,6.820075035095215
2013-08-23,6.820075035095215
2013-08-26,6.820075035095215
2013-08-27,6.820075035095215
2013-08-28,6.820075035095215
2013-08-29,6.820075035095215
2013-08-30,6.820075035095215
2013-09-02,6.820075035095215
2013-09-03,6.820075035095215
2013-09-04,6.820075035095215
2013-09-05,6.820075035095215
2013-09-06,6.820075035095215
2013-09-09,6.820075035095215
2013-09-10,6.820075035095215
2013-09-11,6.820075035095215
2013-09-12,6.820075035095215
2013-09-13,6.959259986877441
2013-09-16,6.959259986877441
2013-09-17,6.959259986877441
2013-09-18,6.959259986877441
2013-09-19,6.847912788391113
2013-09-20,6.847912788391113
2013-09-23,6.124148368835449
2013-09-24,6.124148368835449
2013-09-25,6.402520179748535
2013-09-26,6.174256324768066
2013-09-27,6.26333475112915
2013-09-30,6.26333475112915
2013-10-01,5.689891815185547
2013-10-02,5.90145206451416
2013-10-03,5.678755760192871
2013-10-04,5.678755760192871
2013-10-07,5.678755760192871
2013-10-08,5.678755760192871
2013-10-09,5.934855937957764
2013-10-10,5.734429836273193
2013-10-11,5.734429836273193
2013-10-14,5.678755760192871
2013-10-15,5.678755760192871
2013-10-16,5.678755760192871
2013-10-17,6.235496520996094
2013-10-18,6.235496520996094
2013-10-21,6.875748157501221
2013-10-22,6.875748157501221
2013-10-23,6.847912788391113
2013-10-24,6.847912788391113
2013-10-25,6.792238235473633
2013-10-28,6.792238235473633
2013-10-29,6.792238235473633
2013-10-30,6.792238235473633
2013-10-31,6.792238235473633
2013-11-01,6.792238235473633
2013-11-04,6.792238235473633
2013-11-05,6.792238235473633
2013-11-06,6.792238235473633
2013-11-07,6.792238235473633
2013-11-08,6.792238235473633
2013-11-11,6.792238235473633
2013-11-12,6.792238235473633
2013-11-13,6.792238235473633
2013-11-14,6.959259986877441
2013-11-18,6.847912788391113
2013-11-19,6.847912788391113
2013-11-21,6.5138654708862305
2013-11-22,6.5138654708862305
2013-11-25,6.792238235473633
2013-11-26,6.792238235473633
2013-11-27,6.569541931152344
2013-11-28,6.792238235473633
2013-11-29,6.569541931152344
2013-12-02,6.569541931152344
2013-12-03,6.959259986877441
2013-12-04,6.959259986877441
2013-12-05,6.736562728881836
2013-12-06,6.680890083312988
2013-12-09,6.680890083312988
2013-12-10,6.569541931152344
2013-12-11,6.680890083312988
2013-12-12,6.680890083312988
2013-12-13,6.541705131530762
2013-12-16,6.458192348480225
2013-12-17,6.458192348480225
2013-12-18,6.569541931152344
2013-12-19,6.5138654708862305
2013-12-20,6.541705131530762
2013-12-23,6.569541931152344
2013-12-26,6.569541931152344
2013-12-27,6.569541931152344
2013-12-30,6.569541931152344
2014-01-02,6.569541931152344
2014-01-03,6.569541931152344
2014-01-06,6.569541931152344
2014-01-07,6.792238235473633
2014-01-08,6.792238235473633
2014-01-09,6.736562728881836
2014-01-10,6.792238235473633
2014-01-13,6.9035868644714355
2014-01-14,6.9035868644714355
2014-01-15,6.9035868644714355
2014-01-16,6.9035868644714355
2014-01-17,6.9035868644714355
2014-01-20,6.9035868644714355
2014-01-21,6.959259986877441
2014-01-22,6.959259986877441
2014-01-23,6.959259986877441
2014-01-24,6.820075035095215
2014-01-27,6.820075035095215
2014-01-28,6.541705131530762
2014-01-29,6.9035868644714355
2014-01-30,6.680890083312988
2014-01-31,6.680890083312988
2014-02-03,6.680890083312988
2014-02-04,6.680890083312988
2014-02-05,6.680890083312988
2014-02-06,6.680890083312988
2014-02-07,6.680890083312988
2014-02-10,6.680890083312988
2014-02-11,6.680890083312988
2014-02-12,6.680890083312988
2014-02-13,6.680890083312988
2014-02-14,6.680890083312988
2014-02-17,6.680890083312988
2014-02-18,6.680890083312988
2014-02-19,6.680890083312988
2014-02-20,6.680890083312988
2014-02-21,6.680890083312988
2014-02-24,6.680890083312988
2014-02-25,6.680890083312988
2014-02-26,6.680890083312988
2014-02-27,6.680890083312988
2014-02-28,6.917228698730469
2014-03-05,6.917228698730469
2014-03-06,6.917228698730469
2014-03-07,6.340792179107666
2014-03-10,6.340792179107666
2014-03-11,6.340792179107666
2014-03-12,6.340792179107666
2014-03-13,6.340792179107666
2014-03-14,6.484901428222656
2014-03-17,6.686652660369873
2014-03-18,6.1736249923706055
2014-03-19,6.1736249923706055
2014-03-20,6.1736249923706055
2014-03-21,6.1736249923706055
2014-03-24,6.1736249923706055
2014-03-25,6.1736249923706055
2014-03-26,6.1736249923706055
2014-03-27,6.1736249923706055
2014-03-28,6.1736249923706055
2014-03-31,6.1736249923706055
2014-04-01,6.1736249923706055
2014-04-02,6.1736249923706055
2014-04-03,6.1736249923706055
2014-04-04,6.1736249923706055
2014-04-07,6.1736249923706055
2014-04-08,6.1736249923706055
2014-04-09,6.167862892150879
2014-04-10,6.167862892150879
2014-04-11,6.629011154174805
2014-04-14,6.629011154174805
2014-04-15,6.340792179107666
2014-04-16,6.340792179107666
2014-04-17,6.340792179107666
2014-04-22,6.340792179107666
2014-04-23,6.456079006195068
2014-04-24,6.456079006195068
2014-04-25,6.456079006195068
2014-04-28,6.456079006195068
2014-04-29,7.493663787841797
2014-04-30,7.493663787841797
2014-05-02,7.493663787841797
2014-05-05,7.493663787841797
2014-05-06,7.493663787841797
2014-05-07,7.493663787841797
2014-05-08,7.493663787841797
2014-05-09,7.493663787841797
2014-05-12,7.493663787841797
2014-05-13,7.493663787841797
2014-05-14,7.493663787841797
2014-05-15,7.493663787841797
2014-05-16,7.493663787841797
2014-05-19,7.493663787841797
2014-05-20,7.493663787841797
2014-05-21,6.456079006195068
2014-05-22,6.456079006195068
2014-05-23,6.456079006195068
2014-05-26,6.456079006195068
2014-05-27,6.456079006195068
2014-05-28,6.456079006195068
2014-05-29,6.456079006195068
2014-05-30,6.456079006195068
2014-06-02,6.773119926452637
2014-06-03,6.848055362701416
2014-06-04,6.848055362701416
2014-06-05,6.283148288726807
2014-06-06,6.340792179107666
2014-06-09,6.340792179107666
2014-06-10,6.340792179107666
2014-06-11,6.340792179107666
2014-06-13,6.340792179107666
2014-06-16,6.340792179107666
2014-06-17,6.340792179107666
2014-06-18,6.340792179107666
2014-06-20,6.340792179107666
2014-06-23,6.340792179107666
2014-06-24,6.340792179107666
2014-06-25,6.340792179107666
2014-06-26,6.340792179107666
2014-06-27,6.340792179107666
2014-06-30,6.340792179107666
2014-07-01,6.340792179107666
2014-07-02,6.340792179107666
2014-07-03,6.340792179107666
2014-07-04,6.340792179107666
2014-07-07,6.05257511138916
2014-07-08,6.05257511138916
2014-07-10,5.764357566833496
2014-07-11,6.629011154174805
2014-07-14,6.657831192016602
2014-07-15,6.917228698730469
2014-07-16,6.629011154174805
2014-07-17,6.629011154174805
2014-07-18,6.629011154174805
2014-07-21,6.571365833282471
2014-07-22,6.5137224197387695
2014-07-23,6.5137224197387695
2014-07-24,6.600189208984375
2014-07-25,6.502194404602051
2014-07-28,6.5137224197387695
2014-07-29,6.5137224197387695
2014-07-30,6.5137224197387695
2014-07-31,6.5137224197387695
2014-08-01,6.456079006195068
2014-08-04,6.456079006195068
2014-08-05,6.502194404602051
2014-08-06,6.502194404602051
2014-08-07,6.502194404602051
2014-08-08,6.502194404602051
2014-08-11,6.502194404602051
2014-08-12,6.502194404602051
2014-08-13,6.502194404602051
2014-08-14,6.502194404602051
2014-08-15,6.502194404602051
2014-08-18,6.629011154174805
2014-08-19,7.044045448303223
2014-08-20,7.226929664611816
2014-08-21,7.226929664611816
2014-08-22,7.4924092292785645
2014-08-25,7.256429195404053
2014-08-26,7.28592586517334
2014-08-27,7.3154215812683105
2014-08-28,7.3154215812683105
2014-08-29,7.374417781829834
2014-09-01,7.433412551879883
2014-09-02,7.4924092292785645
2014-09-03,7.6103997230529785
2014-09-04,7.551403999328613
2014-09-05,7.433412551879883
2014-09-08,7.403916835784912
2014-09-09,7.551403999328613
2014-09-10,7.433412551879883
2014-09-11,7.4393134117126465
2014-09-12,7.433412551879883
2014-09-15,7.72838830947876
2014-09-16,7.934872627258301
2014-09-17,7.875877857208252
2014-09-18,7.875877857208252
2014-09-19,7.905375003814697
2014-09-22,7.899478435516357
2014-09-23,7.964372634887695
2014-09-24,7.964372634887695
2014-09-25,7.934872627258301
2014-09-26,7.934872627258301
2014-09-29,7.993872165679932
2014-09-30,7.993872165679932
2014-10-01,7.993872165679932
2014-10-02,7.84637975692749
2014-10-03,7.84637975692749
2014-10-06,7.84637975692749
2014-10-07,7.84637975692749
2014-10-08,7.964372634887695
2014-10-09,7.964372634887695
2014-10-10,7.964372634887695
2014-10-13,7.964372634887695
2014-10-14,7.964372634887695
2014-10-15,7.964372634887695
2014-10-16,7.964372634887695
2014-10-17,7.964372634887695
2014-10-20,7.964372634887695
2014-10-21,7.433412551879883
2014-10-22,7.433412551879883
2014-10-23,7.433412551879883
2014-10-24,7.433412551879883
2014-10-27,7.669395923614502
2014-10-28,7.669395923614502
2014-10-29,7.669395923614502
2014-10-30,7.669395923614502
2014-10-31,7.669395923614502
2014-11-03,7.669395923614502
2014-11-04,7.669395923614502
2014-11-05,7.669395923614502
2014-11-06,7.669395923614502
2014-11-07,7.669395923614502
2014-11-10,7.669395923614502
2014-11-11,7.669395923614502
2014-11-12,7.669395923614502
2014-11-13,7.669395923614502
2014-11-14,7.669395923614502
2014-11-17,7.669395923614502
2014-11-18,7.669395923614502
2014-11-19,7.669395923614502
2014-11-21,7.669395923614502
2014-11-24,7.669395923614502
2014-11-25,7.669395923614502
2014-11-26,7.669395923614502
2014-11-27,7.669395923614502
2014-11-28,7.669395923614502
2014-12-01,7.669395923614502
2014-12-02,7.669395923614502
2014-12-03,7.669395923614502
2014-12-04,8.111859321594238
2014-12-05,8.111859321594238
2014-12-08,8.111859321594238
2014-12-09,8.111859321594238
2014-12-10,8.111859321594238
2014-12-11,8.111859321594238
2014-12-12,8.111859321594238
2014-12-15,8.111859321594238
2014-12-16,8.111859321594238
2014-12-17,8.111859321594238
2014-12-18,8.111859321594238
2014-12-19,8.111859321594238
2014-12-22,8.111859321594238
2014-12-23,8.111859321594238
2014-12-26,8.111859321594238
2014-12-29,8.111859321594238
2014-12-30,8.111859321594238
2015-01-02,8.111859321594238
2015-01-05,6.725469589233398
2015-01-06,6.725469589233398
2015-01-07,6.725469589233398
2015-01-08,6.725469589233398
2015-01-09,6.725469589233398
2015-01-12,6.725469589233398
2015-01-13,6.725469589233398
2015-01-14,6.489487648010254
2015-01-15,6.489487648010254
2015-01-16,6.489487648010254
2015-01-19,6.518986701965332
2015-01-20,6.518986701965332
2015-01-21,6.518986701965332
2015-01-22,6.518986701965332
2015-01-23,6.489487648010254
2015-01-26,6.489487648010254
2015-01-27,6.51308536529541
2015-01-28,6.51308536529541
2015-01-29,6.51308536529541
2015-01-30,6.51308536529541
2015-02-02,6.784465312957764
2015-02-03,6.784465312957764
2015-02-04,6.60747766494751
2015-02-05,6.60747766494751
2015-02-06,7.079442501068115
2015-02-09,7.521906852722168
2015-02-10,7.521906852722168
2015-02-11,7.521906852722168
2015-02-12,7.521906852722168
2015-02-13,7.521906852722168
2015-02-18,7.521906852722168
2015-02-19,7.521906852722168
2015-02-20,7.521906852722168
2015-02-23,7.521906852722168
2015-02-24,7.521906852722168
2015-02-25,7.521906852722168
2015-02-26,7.521906852722168
2015-02-27,7.6103997230529785
2015-03-02,7.6103997230529785
2015-03-03,7.6103997230529785
2015-03-04,7.6103997230529785
2015-03-05,7.6103997230529785
2015-03-06,7.6103997230529785
2015-03-09,7.6103997230529785
2015-03-10,7.6103997230529785
2015-03-11,7.6103997230529785
2015-03-12,7.6103997230529785
2015-03-13,7.6103997230529785
2015-03-16,7.6103997230529785
2015-03-17,7.6103997230529785
2015-03-18,7.551403999328613
2015-03-19,7.551403999328613
2015-03-20,7.551403999328613
2015-03-23,7.551403999328613
2015-03-24,7.72838830947876
2015-03-25,7.72838830947876
2015-03-26,7.72838830947876
2015-03-27,7.72838830947876
2015-03-30,7.72838830947876
2015-03-31,7.079442501068115
2015-04-01,7.079442501068115
2015-04-02,7.079442501068115
2015-04-06,7.079442501068115
2015-04-07,7.079442501068115
2015-04-08,7.079442501068115
2015-04-09,7.6103997230529785
2015-04-10,7.6103997230529785
2015-04-13,7.6103997230529785
2015-04-14,7.6103997230529785
2015-04-15,7.6103997230529785
2015-04-16,7.6103997230529785
2015-04-17,7.6103997230529785
2015-04-20,7.787384510040283
2015-04-22,7.787384510040283
2015-04-23,7.787384510040283
2015-04-24,7.787384510040283
2015-04-27,7.787384510040283
2015-04-28,7.787384510040283
2015-04-29,7.787384510040283
2015-04-30,7.787384510040283
2015-05-04,8.116342544555664
2015-05-05,8.116342544555664
2015-05-06,8.116342544555664
2015-05-07,8.116342544555664
2015-05-08,8.116342544555664
2015-05-11,8.116342544555664
2015-05-12,8.116342544555664
2015-05-13,8.116342544555664
2015-05-14,8.116342544555664
2015-05-15,8.116342544555664
2015-05-18,8.116342544555664
2015-05-19,7.993369102478027
2015-05-20,7.993369102478027
2015-05-21,9.223114967346191
2015-05-22,9.223114967346191
2015-05-25,9.223114967346191
2015-05-26,8.00566577911377
2015-05-27,8.00566577911377
2015-05-28,8.00566577911377
2015-05-29,8.454524040222168
2015-06-01,8.454524040222168
2015-06-02,8.454524040222168
2015-06-03,8.454524040222168
2015-06-05,8.82344913482666
2015-06-08,8.82344913482666
2015-06-09,8.82344913482666
2015-06-10,8.82344913482666
2015-06-11,8.82344913482666
2015-06-12,8.82344913482666
2015-06-15,8.82344913482666
2015-06-16,8.82344913482666
2015-06-17,8.82344913482666
2015-06-18,8.82344913482666
2015-06-19,8.82344913482666
2015-06-22,8.82344913482666
2015-06-23,8.82344913482666
2015-06-24,8.362290382385254
2015-06-25,8.393033981323242
2015-06-26,8.393033981323242
2015-06-29,8.811151504516602
2015-06-30,8.836435317993164
2015-07-01,8.417118072509766
2015-07-02,8.417118072509766
2015-07-03,8.324624061584473
2015-07-06,8.632943153381348
2015-07-07,8.423288345336914
2015-07-08,8.423288345336914
2015-07-10,8.756271362304688
2015-07-13,8.435616493225098
2015-07-14,8.435616493225098
2015-07-15,8.435616493225098
2015-07-16,8.435616493225098
2015-07-17,9.095426559448242
2015-07-20,9.095426559448242
2015-07-21,9.095426559448242
2015-07-22,8.941261291503906
2015-07-23,8.756271362304688
2015-07-24,8.663774490356445
2015-07-27,8.663774490356445
2015-07-28,8.694604873657227
2015-07-29,8.694604873657227
2015-07-30,8.694604873657227
2015-07-31,8.68843936920166
2015-08-03,8.509614944458008
2015-08-04,8.509614944458008
2015-08-05,8.509614944458008
2015-08-06,8.509614944458008
2015-08-07,8.694604873657227
2015-08-10,8.632943153381348
2015-08-11,8.632943153381348
2015-08-12,8.324624061584473
2015-08-13,8.324624061584473
2015-08-14,8.324624061584473
2015-08-17,8.324624061584473
2015-08-18,9.095426559448242
2015-08-19,8.632943153381348
2015-08-20,9.064587593078613
2015-08-21,9.064587593078613
2015-08-24,9.064587593078613
2015-08-25,9.064587593078613
2015-08-26,9.064587593078613
2015-08-27,9.064587593078613
2015-08-28,9.064587593078613
2015-08-31,8.23212718963623
2015-09-01,8.23212718963623
2015-09-02,8.016304016113281
2015-09-03,8.016304016113281
2015-09-04,8.016304016113281
2015-09-08,8.016304016113281
2015-09-09,8.324624061584473
2015-09-10,8.324624061584473
2015-09-11,8.324624061584473
2015-09-14,8.324624061584473
2015-09-15,8.324624061584473
2015-09-16,8.324624061584473
2015-09-17,8.324624061584473
2015-09-18,8.324624061584473
2015-09-21,8.324624061584473
2015-09-22,8.324624061584473
2015-09-23,8.324624061584473
2015-09-24,8.324624061584473
2015-09-25,8.324624061584473
2015-09-28,8.324624061584473
2015-09-29,8.324624061584473
2015-09-30,8.47878360748291
2015-10-01,8.47878360748291
2015-10-02,8.324624061584473
2015-10-05,8.324624061584473
2015-10-06,8.417118072509766
2015-10-07,8.417118072509766
2015-10-08,8.417118072509766
2015-10-09,8.417118072509766
2015-10-13,8.417118072509766
2015-10-14,8.417118072509766
2015-10-15,8.324624061584473
2015-10-16,8.324624061584473
2015-10-19,8.324624061584473
2015-10-20,8.293790817260742
2015-10-21,8.386286735534668
2015-10-22,8.293790817260742
2015-10-23,8.293790817260742
2015-10-26,8.293790817260742
2015-10-27,8.447952270507812
2015-10-28,8.447952270507812
2015-10-29,8.447952270507812
2015-10-30,8.447952270507812
2015-11-03,8.447952270507812
2015-11-04,8.447952270507812
2015-11-05,8.447952270507812
2015-11-06,8.447952270507812
2015-11-09,8.355457305908203
2015-11-10,8.355457305908203
2015-11-11,8.355457305908203
2015-11-12,8.355457305908203
2015-11-13,8.355457305908203
2015-11-16,8.355457305908203
2015-11-17,8.355457305908203
2015-11-18,8.632943153381348
2015-11-19,8.324624061584473
2015-11-23,8.324624061584473
2015-11-24,8.47878360748291
2015-11-25,8.509614944458008
2015-11-26,8.509614944458008
2015-11-27,8.324624061584473
2015-11-30,8.324624061584473
2015-12-01,8.324624061584473
2015-12-02,8.324624061584473
2015-12-03,8.509614944458008
2015-12-04,8.509614944458008
2015-12-07,8.509614944458008
2015-12-08,8.386286735534668
2015-12-09,8.386286735534668
2015-12-10,8.47878360748291
2015-12-11,8.47878360748291
2015-12-14,8.47878360748291
2015-12-15,8.47878360748291
2015-12-16,8.47878360748291
2015-12-17,8.47878360748291
2015-12-18,8.47878360748291
2015-12-21,8.484949111938477
2015-12-22,8.509614944458008
2015-12-23,8.324624061584473
2015-12-28,8.509614944458008
2015-12-29,8.632943153381348
2015-12-30,8.632943153381348
2016-01-04,8.632943153381348
2016-01-05,8.632943153381348
2016-01-06,8.632943153381348
2016-01-07,8.632943153381348
2016-01-08,8.632943153381348
2016-01-11,8.324624061584473
2016-01-12,8.324624061584473
2016-01-13,8.324624061584473
2016-01-14,8.07180404663086
2016-01-15,8.07180404663086
2016-01-18,8.07796859741211
2016-01-19,8.07796859741211
2016-01-20,8.404787063598633
2016-01-21,8.324624061584473
2016-01-22,8.324624061584473
2016-01-26,8.324624061584473
2016-01-27,8.324624061584473
2016-01-28,8.016304016113281
2016-01-29,8.404787063598633
2016-02-01,8.509614944458008
2016-02-02,8.324624061584473
2016-02-03,8.016304016113281
2016-02-04,8.016304016113281
2016-02-05,8.016304016113281
2016-02-10,8.016304016113281
2016-02-11,8.324624061584473
2016-02-12,8.324624061584473
2016-02-15,8.324624061584473
2016-02-16,8.324624061584473
2016-02-17,8.324624061584473
2016-02-18,8.324624061584473
2016-02-19,8.509614944458008
2016-02-22,8.509614944458008
2016-02-23,8.521947860717773
2016-02-24,8.521947860717773
2016-02-25,8.521947860717773
2016-02-26,8.521947860717773
2016-02-29,8.521947860717773
2016-03-01,8.185704231262207
2016-03-02,8.815372467041016
2016-03-03,8.815372467041016
2016-03-04,8.815372467041016
2016-03-07,8.815372467041016
2016-03-08,8.815372467041016
2016-03-09,8.815372467041016
2016-03-10,8.815372467041016
2016-03-11,8.815372467041016
2016-03-14,8.657957077026367
2016-03-15,8.657957077026367
2016-03-16,8.657957077026367
2016-03-17,8.657957077026367
2016-03-18,8.657957077026367
2016-03-21,8.657957077026367
2016-03-22,8.657957077026367
2016-03-23,8.311636924743652
2016-03-24,8.311636924743652
2016-03-28,8.815372467041016
2016-03-29,8.815372467041016
2016-03-30,8.815372467041016
2016-03-31,8.815372467041016
2016-04-01,8.815372467041016
2016-04-04,8.815372467041016
2016-04-05,8.878339767456055
2016-04-06,8.878339767456055
2016-04-07,8.972787857055664
2016-04-08,9.130207061767578
2016-04-11,9.224658012390137
2016-04-12,9.224658012390137
2016-04-13,9.224658012390137
2016-04-14,9.224658012390137
2016-04-15,9.130207061767578
2016-04-18,9.130207061767578
2016-04-19,9.212065696716309
2016-04-20,9.212065696716309
2016-04-22,9.212065696716309
2016-04-25,9.224658012390137
2016-04-26,9.224658012390137
2016-04-27,9.224658012390137
2016-04-28,9.224658012390137
2016-04-29,9.224658012390137
2016-05-02,9.224658012390137
2016-05-03,8.500540733337402
2016-05-04,8.500540733337402
2016-05-05,8.500540733337402
2016-05-06,8.500540733337402
2016-05-09,8.500540733337402
2016-05-10,8.500540733337402
2016-05-11,8.563504219055176
2016-05-12,8.563504219055176
2016-05-13,8.563504219055176
2016-05-16,8.563504219055176
2016-05-17,8.563504219055176
2016-05-18,8.563504219055176
2016-05-19,8.576099395751953
2016-05-20,8.878339767456055
2016-05-23,9.035758018493652
2016-05-24,9.035758018493652
2016-05-25,9.545788764953613
2016-05-27,9.545788764953613
2016-05-30,9.545788764953613
2016-05-31,9.545788764953613
2016-06-01,9.646537780761719
2016-06-02,9.854327201843262
2016-06-03,9.854327201843262
2016-06-06,9.772472381591797
2016-06-07,9.772472381591797
2016-06-08,10.074714660644531
2016-06-09,10.23213005065918
2016-06-10,10.389546394348145
2016-06-13,10.402142524719238
2016-06-14,10.402142524719238
2016-06-15,10.402142524719238
2016-06-16,10.515480995178223
2016-06-17,10.515480995178223
2016-06-20,10.704381942749023
2016-06-21,10.704381942749023
2016-06-22,10.704381942749023
2016-06-23,10.73586654663086
2016-06-24,10.73586654663086
2016-06-27,10.73586654663086
2016-06-28,10.73586654663086
2016-06-29,10.73586654663086
2016-06-30,10.704381942749023
2016-07-01,10.704381942749023
2016-07-04,10.79883098602295
2016-07-05,10.987733840942383
2016-07-06,11.334052085876465
2016-07-07,11.491471290588379
2016-07-08,11.648886680603027
2016-07-11,11.403315544128418
2016-07-12,11.554435729980469
2016-07-13,11.422207832336426
2016-07-14,11.334052085876465
2016-07-15,11.554435729980469
2016-07-18,11.963722229003906
2016-07-19,12.058173179626465
2016-07-20,12.032984733581543
2016-07-21,12.593391418457031
2016-07-22,12.467459678649902
2016-07-25,12.593391418457031
2016-07-26,12.593391418457031
2016-07-27,13.223060607910156
2016-07-28,12.650062561035156
2016-07-29,13.097126960754395
2016-08-01,12.933411598205566
2016-08-02,12.946005821228027
2016-08-03,13.191576957702637
2016-08-04,13.292323112487793
2016-08-05,13.286028861999512
2016-08-08,13.160097122192383
2016-08-09,13.317509651184082
2016-08-10,13.317509651184082
2016-08-11,13.537893295288086
2016-08-12,13.575679779052734
2016-08-15,13.600859642028809
2016-08-16,13.796061515808105
2016-08-17,14.010149002075195
2016-08-18,13.924701690673828
2016-08-19,13.987998962402344
2016-08-22,13.665196418762207
2016-08-23,13.54493522644043
2016-08-24,13.355055809020996
2016-08-25,13.431007385253906
2016-08-26,13.323407173156738
2016-08-29,13.60822868347168
2016-08-30,13.54493522644043
2016-08-31,13.266446113586426
2016-09-01,13.405689239501953
2016-09-02,13.272771835327148
2016-09-05,13.279102325439453
2016-09-06,13.412019729614258
2016-09-08,13.228468894958496
2016-09-09,13.133522033691406
2016-09-12,13.101877212524414
2016-09-13,13.070233345031738
2016-09-14,13.133522033691406
2016-09-15,13.291760444641113
2016-09-16,13.228468894958496
2016-09-19,13.285429954528809
2016-09-20,13.285429954528809
2016-09-21,13.196818351745605
2016-09-22,13.418346405029297
2016-09-23,13.355055809020996
2016-09-26,13.152517318725586
2016-09-27,13.101877212524414
2016-09-28,13.006938934326172
2016-09-29,12.943642616271973
2016-09-30,13.127197265625
2016-10-03,13.196818351745605
2016-10-04,12.981618881225586
2016-10-05,13.222134590148926
2016-10-06,13.310750007629395
2016-10-07,13.437336921691895
2016-10-10,13.291760444641113
2016-10-11,13.374041557312012
2016-10-13,13.601900100708008
2016-10-14,13.728492736816406
2016-10-17,13.728492736816406
2016-10-18,13.54493522644043
2016-10-19,13.449995040893555
2016-10-20,13.412019729614258
2016-10-21,13.481642723083496
2016-10-24,13.5702543258667
2016-10-25,13.671521186828613
2016-10-26,13.671521186828613
2016-10-27,13.747477531433105
2016-10-28,14.076608657836914
2016-10-31,14.165217399597168
2016-11-01,14.203195571899414
2016-11-03,14.1209135055542
2016-11-04,13.867737770080566
2016-11-07,14.374090194702148
2016-11-08,14.424724578857422
2016-11-09,14.424724578857422
2016-11-10,13.728492736816406
2016-11-11,12.817055702209473
2016-11-14,12.842371940612793
2016-11-16,12.658820152282715
2016-11-17,12.627174377441406
2016-11-18,12.411972045898438
2016-11-21,12.37399673461914
2016-11-22,12.37399673461914
2016-11-23,12.342350006103516
2016-11-24,12.399316787719727
2016-11-25,12.430962562561035
2016-11-28,12.279054641723633
2016-11-29,12.266395568847656
2016-11-30,12.487926483154297
2016-12-01,11.886630058288574
2016-12-02,12.241079330444336
2016-12-05,12.108159065246582
2016-12-06,12.152466773986816
2016-12-07,12.076513290405273
2016-12-08,12.019549369812012
2016-12-09,12.02587890625
2016-12-12,11.949926376342773
2016-12-13,11.804349899291992
2016-12-14,11.519524574279785
2016-12-15,11.139762878417969
2016-12-16,11.342299461364746
2016-12-19,11.247361183166504
2016-12-20,11.20938491821289
2016-12-21,11.2220458984375
2016-12-22,11.57648754119873
2016-12-23,11.772701263427734
2016-12-26,11.766374588012695
2016-12-27,11.709406852722168
2016-12-28,11.677760124206543
2016-12-29,11.760042190551758
2017-01-02,11.728398323059082
2017-01-03,12.02587890625
2017-01-04,12.39298152923584
2017-01-05,12.968961715698242
2017-01-06,12.620843887329102
2017-01-09,12.595523834228516
2017-01-10,12.4689359664917
2017-01-11,12.215760231018066
2017-01-12,12.4689359664917
2017-01-13,12.089173316955566
2017-01-16,12.40564250946045
2017-01-17,12.411972045898438
2017-01-18,12.171454429626465
2017-01-19,12.184115409851074
2017-01-20,12.184115409851074
2017-01-23,12.184115409851074
2017-01-24,12.684135437011719
2017-01-26,12.696794509887695
2017-01-27,12.848700523376465
2017-01-30,12.810725212097168
2017-01-31,12.893007278442383
2017-02-01,13.165173530578613
2017-02-02,13.412019729614258
2017-02-03,13.60822868347168
2017-02-06,13.55126667022705
2017-02-07,13.79178237915039
2017-02-08,13.76646614074707
2017-02-09,13.76646614074707
2017-02-10,13.79810905456543
2017-02-13,13.60822868347168
2017-02-14,13.60822868347168
2017-02-15,14.241172790527344
2017-02-16,13.987998962402344
2017-02-17,13.924701690673828
2017-02-20,14.304465293884277
2017-02-21,14.665239334106445
2017-02-22,14.367761611938477
2017-02-23,14.634424209594727
2017-02-24,14.486988067626953
2017-03-01,14.769034385681152
2017-03-02,14.820319175720215
2017-03-03,14.935702323913574
2017-03-06,14.967753410339355
2017-03-07,14.839547157287598
2017-03-08,14.576728820800781
2017-03-09,14.416474342346191
2017-03-10,14.73698616027832
2017-03-13,14.801088333129883
2017-03-14,14.724164009094238
2017-03-15,14.775447845458984
2017-03-16,14.672887802124023
2017-03-17,14.544678688049316
2017-03-20,14.551093101501465
2017-03-21,14.198529243469238
2017-03-22,14.294684410095215
2017-03-23,14.102378845214844
2017-03-24,14.185709953308105
2017-03-27,14.185709953308105
2017-03-28,14.128020286560059
2017-03-29,14.102378845214844
2017-03-30,14.294684410095215
2017-03-31,14.551093101501465
2017-04-03,14.551093101501465
2017-04-04,14.480582237243652
2017-04-05,14.679292678833008
2017-04-06,14.570322036743164
2017-04-07,14.647241592407227
2017-04-10,14.679292678833008
2017-04-11,14.74339485168457
2017-04-12,14.583141326904297
2017-04-13,14.58954906463623
2017-04-17,14.711345672607422
2017-04-18,14.486988067626953
2017-04-19,14.249811172485352
2017-04-20,14.544678688049316
2017-04-24,14.147250175476074
2017-04-25,14.23058032989502
2017-04-26,14.26263427734375
2017-04-27,14.410064697265625
2017-04-28,14.583141326904297
2017-05-02,14.999799728393555
2017-05-03,14.74339485168457
2017-05-04,14.64083194732666
2017-05-05,14.839547157287598
2017-05-08,15.063905715942383
2017-05-09,15.063905715942383
2017-05-10,15.10877799987793
2017-05-11,15.794661521911621
2017-05-12,15.85876750946045
2017-05-15,15.833124160766602
2017-05-16,15.384413719177246
2017-05-17,15.160054206848145
2017-05-18,13.557513236999512
2017-05-19,13.916485786437988
2017-05-22,13.602385520935059
2017-05-23,13.743410110473633
2017-05-24,13.903666496276855
2017-05-25,14.006226539611816
2017-05-26,14.410064697265625
2017-05-29,14.410064697265625
2017-05-30,14.595961570739746
2017-05-31,14.422886848449707
2017-06-01,14.49339771270752
2017-06-02,14.839547157287598
2017-06-05,14.51904296875
2017-06-06,14.320327758789062
2017-06-07,14.42929458618164
2017-06-08,14.551093101501465
2017-06-09,14.74339485168457
2017-06-12,14.602371215820312
2017-06-13,14.576728820800781
2017-06-14,14.679292678833008
2017-06-15,14.679292678833008
2017-06-16,14.769034385681152
2017-06-19,14.74339485168457
2017-06-20,14.660064697265625
2017-06-21,14.615190505981445
2017-06-22,14.679292678833008
2017-06-23,14.679292678833008
2017-06-26,14.74339485168457
2017-06-27,14.615190505981445
2017-06-28,15.3203125
2017-06-29,15.256210327148438
2017-06-30,15.307491302490234
2017-07-03,15.256210327148438
2017-07-04,15.256210327148438
2017-07-05,15.160054206848145
2017-07-06,15.04467487335205
2017-07-07,14.910057067871094
2017-07-10,15.031855583190918
2017-07-11,15.063905715942383
2017-07-12,15.371594429016113
2017-07-13,15.544669151306152
2017-07-14,15.448516845703125
2017-07-17,15.762616157531738
2017-07-18,16.01260757446289
2017-07-19,15.897226333618164
2017-07-20,15.788253784179688
2017-07-21,15.672868728637695
2017-07-24,15.480566024780273
2017-07-25,15.85235595703125
2017-07-26,16.20491600036621
2017-07-27,16.10235023498535
2017-07-28,15.826714515686035
2017-07-31,15.961326599121094
2017-08-01,16.217731475830078
2017-08-02,16.4100399017334
2017-08-03,16.454910278320312
2017-08-04,16.506195068359375
2017-08-07,16.326705932617188
2017-08-08,16.281837463378906
2017-08-09,16.281837463378906
2017-08-10,15.704920768737793
2017-08-11,15.512614250183105
2017-08-14,15.897226333618164
2017-08-15,15.949095726013184
2017-08-16,15.97502613067627
2017-08-17,16.007444381713867
2017-08-18,15.689759254455566
2017-08-21,15.605473518371582
2017-08-22,15.689759254455566
2017-08-23,15.858327865600586
2017-08-24,15.949095726013184
2017-08-25,16.07876205444336
2017-08-28,15.949095726013184
2017-08-29,15.70272445678711
2017-08-30,16.07876205444336
2017-08-31,16.059310913085938
2017-09-01,16.364030838012695
2017-09-04,16.467763900756836
2017-09-05,16.5325984954834
2017-09-06,16.4742488861084
2017-09-07,16.4742488861084
2017-09-08,16.60391616821289
2017-09-11,17.057750701904297
2017-09-12,17.23928451538086
2017-09-13,17.26521873474121
2017-09-14,16.856765747070312
2017-09-15,17.174453735351562
2017-09-18,17.044784545898438
2017-09-19,17.174453735351562
2017-09-20,17.01885223388672
2017-09-21,16.720613479614258
2017-09-22,16.856765747070312
2017-09-25,16.318645477294922
2017-09-26,16.409414291381836
2017-09-27,16.370512008666992
2017-09-28,16.338098526000977
2017-09-29,16.61039924621582
2017-10-02,16.11117935180664
2017-10-03,16.3510684967041
2017-10-04,16.338098526000977
2017-10-05,16.513145446777344
2017-10-06,16.500179290771484
2017-10-09,16.467763900756836
2017-10-10,16.461278915405273
2017-10-11,16.500179290771484
2017-10-12,16.500179290771484
2017-10-13,16.513145446777344
2017-10-16,16.37699317932129
2017-10-17,16.331615447998047
2017-10-18,16.396446228027344
2017-10-19,16.4742488861084
2017-10-20,16.597431182861328
2017-10-23,15.754592895507812
2017-10-24,15.884258270263672
2017-10-25,15.838872909545898
2017-10-26,16.07876205444336
2017-10-27,16.03986167907715
2017-10-30,16.08524513244629
2017-10-31,16.026893615722656
2017-11-01,16.20842933654785
2017-11-02,16.20842933654785
2017-11-03,16.221391677856445
2017-11-06,16.013925552368164
2017-11-07,15.430424690246582
2017-11-08,16.065797805786133
2017-11-09,15.890743255615234
2017-11-10,15.884258270263672
2017-11-13,15.85184097290039
2017-11-14,15.949095726013184
2017-11-15,15.949095726013184
2017-11-16,16.338098526000977
2017-11-17,16.40292739868164
2017-11-20,16.40292739868164
2017-11-21,16.778968811035156
2017-11-22,16.856765747070312
2017-11-23,16.82434844970703
2017-11-24,16.850278854370117
2017-11-27,16.895666122436523
2017-11-28,16.396446228027344
2017-11-29,16.467763900756836
2017-11-30,16.4158992767334
2017-12-01,16.273263931274414
2017-12-04,16.305681228637695
2017-12-05,16.169530868530273
2017-12-06,16.3510684967041
2017-12-07,16.059310913085938
2017-12-08,15.923160552978516
2017-12-11,16.448314666748047
2017-12-12,16.5325984954834
2017-12-13,16.5325984954834
2017-12-14,16.435346603393555
2017-12-15,16.837312698364258
2017-12-18,16.837312698364258
2017-12-19,16.928085327148438
2017-12-20,16.95401954650879
2017-12-21,16.81138038635254
2017-12-22,17.304119110107422
2017-12-25,17.304119110107422
2017-12-26,17.440269470214844
2017-12-27,17.595869064331055
2017-12-28,17.699604034423828
2017-12-29,17.699604034423828
2018-01-02,17.4597225189209
2018-01-03,17.4597225189209
2018-01-04,17.180936813354492
2018-01-05,17.43378448486328
2018-01-08,17.148517608642578
2018-01-09,17.355987548828125
2018-01-10,16.804895401000977
2018-01-11,16.973466873168945
2018-01-12,17.02532958984375
2018-01-15,16.986433029174805
2018-01-16,17.174453735351562
2018-01-17,17.213350296020508
2018-01-18,17.699604034423828
2018-01-19,18.367395401000977
2018-01-22,18.581344604492188
2018-01-23,18.607275009155273
2018-01-24,19.190778732299805
2018-01-25,19.190778732299805
2018-01-26,19.45011329650879
2018-01-29,19.424179077148438
2018-01-30,19.443632125854492
2018-01-31,19.7742862701416
2018-02-01,20.35130500793457
2018-02-02,20.066036224365234
2018-02-05,19.968782424926758
2018-02-06,20.111421585083008
2018-02-07,20.526351928710938
2018-02-08,20.0725154876709
2018-02-09,20.098453521728516
2018-02-14,20.487451553344727
2018-02-15,20.422618865966797
2018-02-16,20.487451553344727
2018-02-19,20.733821868896484
2018-02-20,20.74679183959961
2018-02-21,21.343257904052734
2018-02-22,21.36271095275879
2018-02-23,21.719295501708984
2018-02-26,21.057992935180664
2018-02-27,21.583141326904297
2018-02-28,21.39512825012207
2018-03-01,22.16535186767578
2018-03-02,22.218013763427734
2018-03-05,22.29701042175293
2018-03-06,22.316762924194336
2018-03-07,22.38259506225586
2018-03-08,22.711746215820312
2018-03-09,22.52741813659668
2018-03-12,22.777576446533203
2018-03-13,22.764413833618164
2018-03-14,22.38259506225586
2018-03-15,22.05344009399414
2018-03-16,21.592620849609375
2018-03-19,21.83619499206543
2018-03-20,22.020523071289062
2018-03-21,22.119266510009766
2018-03-22,22.34967613220215
2018-03-23,22.4945068359375
2018-03-26,22.63933563232422
2018-03-27,22.744667053222656
2018-03-28,22.415510177612305
2018-03-29,22.843408584594727
2018-04-02,22.843408584594727
2018-04-03,22.38259506225586
2018-04-04,22.13901710510254
2018-04-05,21.915191650390625
2018-04-06,21.592620849609375
2018-04-09,21.724279403686523
2018-04-10,22.376007080078125
2018-04-11,22.218013763427734
2018-04-12,22.277265548706055
2018-04-13,22.05344009399414
2018-04-16,21.776947021484375
2018-04-17,22.250932693481445
2018-04-18,22.38259506225586
2018-04-19,22.481338500976562
2018-04-20,22.38259506225586
2018-04-23,22.389175415039062
2018-04-24,21.94810676574707
2018-04-25,21.855941772460938
2018-04-26,21.921777725219727
2018-04-27,21.934938430786133
2018-04-30,21.80986213684082
2018-05-02,21.78352928161621
2018-05-03,21.526790618896484
2018-05-04,21.197633743286133
2018-05-07,21.526790618896484
2018-05-08,21.26346778869629
2018-05-09,21.164718627929688
2018-05-10,21.197633743286133
2018-05-11,21.000139236450195
2018-05-14,20.480072021484375
2018-05-15,20.493240356445312
2018-05-16,20.710481643676758
2018-05-17,20.51298713684082
2018-05-18,20.51957130432129
2018-05-21,20.071914672851562
2018-05-22,20.736814498901367
2018-05-23,20.09166717529297
2018-05-24,20.407657623291016
2018-05-25,20.394493103027344
2018-05-28,19.538686752319336
2018-05-29,19.663766860961914
2018-05-30,19.83492660522461
2018-06-01,20.7302303314209
2018-06-04,21.57286834716797
2018-06-05,21.39512825012207
2018-06-06,21.283212661743164
2018-06-07,20.308910369873047
2018-06-08,20.387903213500977
2018-06-11,19.979753494262695
2018-06-12,19.775678634643555
2018-06-13,20.144330978393555
2018-06-14,20.243080139160156
2018-06-15,20.2759952545166
2018-06-18,20.183835983276367
2018-06-19,20.407657623291016
2018-06-20,20.210168838500977
2018-06-21,19.518936157226562
2018-06-22,20.012670516967773
2018-06-25,20.144330978393555
2018-06-26,20.177249908447266
2018-06-27,19.749347686767578
2018-06-28,19.650596618652344
2018-06-29,19.255611419677734
2018-07-02,19.222698211669922
2018-07-03,19.18977928161621
2018-07-04,19.716434478759766
2018-07-05,19.518936157226562
2018-07-06,19.472854614257812
2018-07-10,19.314863204956055
2018-07-11,19.42019271850586
2018-07-12,19.354360580444336
2018-07-13,19.466272354125977
2018-07-16,19.940256118774414
2018-07-17,20.078502655029297
2018-07-18,19.953426361083984
2018-07-19,19.58477210998535
2018-07-20,19.940256118774414
2018-07-23,19.486024856567383
2018-07-24,19.518936157226562
2018-07-25,20.071914672851562
2018-07-26,20.078502655029297
2018-07-27,19.894180297851562
2018-07-30,19.894180297851562
2018-07-31,19.953426361083984
2018-08-01,20.3681640625
2018-08-02,20.012670516967773
2018-08-03,20.144330978393555
2018-08-06,19.75592803955078
2018-08-07,19.354360580444336
2018-08-08,19.091035842895508
2018-08-09,18.696048736572266
2018-08-10,18.333972930908203
2018-08-13,18.623634338378906
2018-08-14,18.83429527282715
2018-08-15,18.48194122314453
2018-08-16,18.548418045043945
2018-08-17,18.64814567565918
2018-08-20,18.840938568115234
2018-08-21,18.3955135345459
2018-08-22,18.614904403686523
2018-08-23,18.448699951171875
2018-08-24,18.940664291381836
2018-08-27,19.685258865356445
2018-08-28,19.552295684814453
2018-08-29,19.652021408081055
2018-08-30,19.625429153442383
2018-08-31,20.07750129699707
2018-09-03,20.602706909179688
2018-09-04,20.15727996826172
2018-09-05,20.363374710083008
2018-09-06,20.07750129699707
2018-09-10,20.276947021484375
2018-09-11,20.11074447631836
2018-09-12,20.443153381347656
2018-09-13,20.011022567749023
2018-09-14,19.94454002380371
2018-09-17,20.210464477539062
2018-09-18,20.14398765563965
2018-09-19,20.07750129699707
2018-09-20,20.363374710083008
2018-09-21,21.03484344482422
2018-09-24,20.742321014404297
2018-09-25,20.66254234313965
2018-09-26,20.609359741210938
2018-09-27,20.549524307250977
2018-09-28,20.469743728637695
2018-10-01,19.94454002380371
2018-10-02,20.343427658081055
2018-10-03,20.782207489013672
2018-10-04,21.240934371948242
2018-10-05,21.10132598876953
2018-10-08,21.24758529663086
2018-10-09,20.975008010864258
2018-10-10,20.90187644958496
2018-10-11,20.549524307250977
2018-10-15,20.68248748779297
2018-10-16,20.941768646240234
2018-10-17,21.2741756439209
2018-10-18,21.872512817382812
2018-10-19,22.138439178466797
2018-10-22,22.045366287231445
2018-10-23,21.938989639282227
2018-10-24,21.706308364868164
2018-10-25,21.4603271484375
2018-10-26,21.573341369628906
2018-10-29,21.473621368408203
2018-10-30,22.3378849029541
2018-10-31,22.936220169067383
2018-11-01,22.670291900634766
2018-11-05,23.10242462158203
2018-11-06,23.667522430419922
2018-11-07,23.760595321655273
2018-11-08,23.547853469848633
2018-11-09,23.840373992919922
2018-11-12,23.660871505737305
2018-11-13,23.780540466308594
2018-11-14,23.69257926940918
2018-11-16,23.879287719726562
2018-11-19,24.052669525146484
2018-11-21,23.705909729003906
2018-11-22,23.739259719848633
2018-11-23,23.672569274902344
2018-11-26,23.619226455688477
2018-11-27,24.206039428710938
2018-11-28,24.939558029174805
2018-11-29,24.986234664916992
2018-11-30,24.866199493408203
2018-12-03,24.632816314697266
2018-12-04,24.639482498168945
2018-12-05,24.67281723022461
2018-12-06,24.926218032836914
2018-12-07,24.759510040283203
2018-12-10,24.49277687072754
2018-12-11,24.626136779785156
2018-12-12,24.806190490722656
2018-12-13,24.83285903930664
2018-12-14,25.126266479492188
2018-12-17,24.652820587158203
2018-12-18,25.139610290527344
2018-12-19,24.806190490722656
2018-12-20,24.40608787536621
2018-12-21,24.619478225708008
2018-12-26,24.599470138549805
2018-12-27,24.806190490722656
2018-12-28,24.71283531188965
2019-01-02,25.33965301513672
2019-01-03,25.4730224609375
2019-01-04,25.673072814941406
2019-01-07,25.33965301513672
2019-01-08,25.206289291381836
2019-01-09,25.30631446838379
2019-01-10,25.85311508178711
2019-01-11,25.673072814941406
2019-01-14,26.139854431152344
2019-01-15,26.10651397705078
2019-01-16,26.17319107055664
2019-01-17,26.4732723236084
2019-01-18,26.413253784179688
2019-01-21,26.806682586669922
2019-01-22,26.806682586669922
2019-01-23,27.273468017578125
2019-01-24,27.733585357666016
2019-01-28,28.113679885864258
2019-01-29,28.180362701416016
2019-01-30,28.05367088317871
2019-01-31,27.806934356689453
2019-02-01,28.14035987854004
2019-02-04,28.22704315185547
2019-02-05,27.87362289428711
2019-02-06,27.906959533691406
2019-02-07,27.193452835083008
2019-02-08,27.2067813873291
2019-02-11,27.540205001831055
2019-02-12,27.87362289428711
2019-02-13,27.786930084228516
2019-02-14,27.846952438354492
2019-02-15,28.033662796020508
2019-02-18,27.806934356689453
2019-02-19,28.06700325012207
2019-02-20,27.900291442871094
2019-02-21,27.77359390258789
2019-02-22,27.66023826599121
2019-02-25,27.55354118347168
2019-02-26,27.70024299621582
2019-02-27,27.48019027709961
2019-02-28,27.236276626586914
2019-03-01,26.951725006103516
2019-03-06,26.32840919494629
2019-03-07,26.35550880432129
2019-03-08,26.870426177978516
2019-03-11,26.782344818115234
2019-03-12,27.283706665039062
2019-03-13,27.710540771484375
2019-03-14,28.2254638671875
2019-03-15,28.53712272644043
2019-03-18,28.83522605895996
2019-03-19,28.679397583007812
2019-03-20,28.43549156188965
2019-03-21,27.92735481262207
2019-03-22,27.690223693847656
2019-03-25,27.404611587524414
2019-03-26,27.79902458190918
2019-03-27,27.221006393432617
2019-03-28,27.72422218322754
2019-03-29,27.391008377075195
2019-04-01,27.52701759338379
2019-04-02,27.67662239074707
2019-04-03,27.64942169189453
2019-04-04,27.24141502380371
2019-04-05,27.690223693847656
2019-04-08,27.38421058654785
2019-04-09,26.96940040588379
2019-04-10,27.132612228393555
2019-04-11,26.779003143310547
2019-04-12,26.55459976196289
2019-04-15,26.792598724365234
2019-04-16,26.95580291748047
2019-04-17,26.520597457885742
2019-04-18,27.017004013061523
2019-04-22,27.506620407104492
2019-04-23,27.363813400268555
2019-04-24,27.418214797973633
2019-04-25,27.74462127685547
2019-04-26,27.57461929321289
2019-04-29,27.84662437438965
2019-04-30,28.424640655517578
2019-05-02,28.560632705688477
2019-05-03,28.472238540649414
2019-05-06,28.608240127563477
2019-05-07,28.798643112182617
2019-05-08,28.921051025390625
2019-05-09,29.04344940185547
2019-05-10,28.424640655517578
2019-05-13,28.15943145751953
2019-05-14,29.097854614257812
2019-05-15,29.138652801513672
2019-05-16,29.097854614257812
2019-05-17,29.24065399169922
2019-05-20,29.44466209411621
2019-05-21,29.913875579833984
2019-05-22,30.15867805480957
2019-05-23,29.80506706237793
2019-05-24,29.172653198242188
2019-05-27,29.44466209411621
2019-05-28,29.329057693481445
2019-05-29,29.24065399169922
2019-05-30,29.51946449279785
2019-05-31,30.60748863220215
2019-06-03,30.457889556884766
2019-06-04,30.68909454345703
2019-06-05,30.315082550048828
2019-06-06,30.32867431640625
2019-06-07,30.430675506591797
2019-06-10,29.907072067260742
2019-06-11,30.14507293701172
2019-06-12,30.587085723876953
2019-06-13,30.913494110107422
2019-06-14,30.81829071044922
2019-06-17,30.634687423706055
2019-06-18,30.36948013305664
2019-06-19,30.736690521240234
2019-06-21,31.00869369506836
2019-06-24,30.573482513427734
2019-06-25,29.995473861694336
2019-06-26,30.022674560546875
2019-06-27,30.743488311767578
2019-06-28,31.280704498291016
2019-07-01,31.001893997192383
2019-07-02,30.78428840637207
2019-07-03,31.34870147705078
2019-07-04,32.028717041015625
2019-07-05,31.552711486816406
2019-07-08,32.028717041015625
2019-07-10,33.279945373535156
2019-07-11,33.18474578857422
2019-07-12,32.627132415771484
2019-07-15,32.64073181152344
2019-07-16,33.2187385559082
2019-07-17,32.858333587646484
2019-07-18,33.130340576171875
2019-07-19,33.11675262451172
2019-07-22,33.2187385559082
2019-07-23,33.606353759765625
2019-07-24,32.83113098144531
2019-07-25,32.654327392578125
2019-07-26,32.71553039550781
2019-07-29,33.04874038696289
2019-07-30,33.443153381347656
2019-07-31,33.592750549316406
2019-08-01,34.11635971069336
2019-08-02,34.1707649230957
2019-08-05,33.66075897216797
2019-08-06,33.728755950927734
2019-08-07,33.49755096435547
2019-08-08,34.27276611328125
2019-08-09,34.6807746887207
2019-08-12,34.143558502197266
2019-08-13,34.279571533203125
2019-08-14,33.60258865356445
2019-08-15,33.26069259643555
2019-08-16,33.8419303894043
2019-08-19,33.458988189697266
2019-08-20,32.82304382324219
2019-08-21,32.95980453491211
2019-08-22,32.82304382324219
2019-08-23,32.22128677368164
2019-08-26,31.564830780029297
2019-08-27,31.899892807006836
2019-08-28,31.660560607910156
2019-08-29,32.05717468261719
2019-08-30,32.3101921081543
2019-09-02,32.72047805786133
2019-09-03,32.41958999633789
2019-09-04,32.82304382324219
2019-09-05,32.91877746582031
2019-09-06,33.0418586730957
2019-09-09,31.352840423583984
2019-09-10,31.74262237548828
2019-09-11,32.44694900512695
2019-09-12,32.747825622558594
2019-09-13,32.60422897338867
2019-09-16,32.87091827392578
2019-09-17,33.28803634643555
2019-09-18,33.50685119628906
2019-09-19,34.6009635925293
2019-09-20,34.936031341552734
2019-09-23,34.51206970214844
2019-09-24,34.40266036987305
2019-09-25,33.896629333496094
2019-09-26,34.19066619873047
2019-09-27,33.77354049682617
2019-09-30,34.04022216796875
2019-10-01,33.72568130493164
2019-10-02,33.29487609863281
2019-10-03,33.30172348022461
2019-10-04,34.01288604736328
2019-10-07,33.86244201660156
2019-10-08,33.37009811401367
2019-10-09,33.67781448364258
2019-10-10,33.71199417114258
2019-10-11,33.97869110107422
2019-10-14,33.65729522705078
2019-10-15,32.392242431640625
2019-10-16,32.686283111572266
2019-10-17,32.3306999206543
2019-10-18,32.392242431640625
2019-10-21,32.37173080444336
2019-10-22,32.207611083984375
2019-10-23,31.681076049804688
2019-10-24,31.715269088745117
2019-10-25,31.250272750854492
2019-10-28,31.557992935180664
2019-10-29,32.02297592163086
2019-10-30,32.399078369140625
2019-10-31,32.82304382324219
2019-11-01,32.34437561035156
2019-11-04,31.988792419433594
2019-11-05,31.564830780029297
2019-11-06,32.016151428222656
2019-11-07,32.378570556640625
2019-11-08,32.193931579589844
2019-11-11,32.2965087890625
2019-11-12,32.52216720581055
2019-11-13,32.41958999633789
2019-11-14,33.15127944946289
2019-11-18,33.035030364990234
2019-11-19,32.672603607177734
2019-11-21,32.2896614074707
2019-11-22,31.776813507080078
2019-11-25,31.763134002685547
2019-11-26,31.42806625366211
2019-11-27,31.38020133972168
2019-11-28,31.482770919799805
2019-11-29,31.359682083129883
2019-12-02,31.393877029418945
2019-12-03,31.80415916442871
2019-12-04,32.87091827392578
2019-12-05,33.554725646972656
2019-12-06,34.01288604736328
2019-12-09,34.183837890625
2019-12-10,33.821414947509766
2019-12-11,34.13596725463867
2019-12-12,34.464195251464844
2019-12-13,35.01124572753906
2019-12-16,35.230072021484375
2019-12-17,34.70353317260742
2019-12-18,35.42153549194336
2019-12-19,35.44889450073242
2019-12-20,35.47624588012695
2019-12-23,35.23691177368164
2019-12-26,36.0848388671875
2019-12-27,36.31049728393555
2019-12-30,37.09004211425781
2020-01-02,36.44041442871094
2020-01-03,37.06953048706055
2020-01-06,37.1857795715332
2020-01-07,36.748130798339844
2020-01-08,36.720787048339844
2020-01-09,37.41827392578125
2020-01-10,37.65076446533203
2020-01-13,37.72598648071289
2020-01-14,37.26782989501953
2020-01-15,37.41143798828125
2020-01-16,37.46613693237305
2020-01-17,37.26782989501953
2020-01-20,37.40460205078125
2020-01-21,37.247314453125
2020-01-22,38.0200309753418
2020-01-23,38.06105422973633
2020-01-24,38.22517013549805
2020-01-27,38.43031692504883
2020-01-28,39.25773239135742
2020-01-29,39.073097229003906
2020-01-30,38.696998596191406
2020-01-31,38.21149444580078
2020-02-03,39.1346435546875
2020-02-04,40.3108024597168
2020-02-05,40.43388748168945
2020-02-06,39.825294494628906
2020-02-07,39.22354507446289
2020-02-10,38.3824462890625
2020-02-11,38.97053146362305
2020-02-12,40.28345489501953
2020-02-13,39.620147705078125
2020-02-14,39.50390625
2020-02-17,40.42705154418945
2020-02-18,40.3108024597168
2020-02-19,40.44756317138672
2020-02-20,39.92786407470703
2020-02-21,40.153526306152344
2020-02-26,38.53289031982422
2020-02-27,37.93797302246094
2020-02-28,36.54177474975586
2020-03-02,38.5225830078125
2020-03-03,39.375431060791016
2020-03-04,41.15678024291992
2020-03-05,39.38918685913086
2020-03-06,38.33687973022461
2020-03-09,34.96675491333008
2020-03-10,35.62702941894531
2020-03-11,33.12350082397461
2020-03-12,28.377817153930664
2020-03-13,31.981796264648438
2020-03-16,29.698354721069336
2020-03-17,31.576007843017578
2020-03-18,27.54560661315918
2020-03-19,29.87718391418457
2020-03-20,26.445158004760742
2020-03-23,24.41620635986328
2020-03-24,24.41620635986328
2020-03-25,24.877017974853516
2020-03-26,26.947233200073242
2020-03-27,25.447879791259766
2020-03-30,26.08063507080078
2020-03-31,25.99810028076172
2020-04-01,24.65692710876465
2020-04-02,24.760099411010742
2020-04-03,24.760099411010742
2020-04-06,26.204437255859375
2020-04-07,26.27321434020996
2020-04-08,27.648771286010742
2020-04-09,28.866146087646484
2020-04-13,28.47410774230957
2020-04-14,28.62542152404785
2020-04-15,28.247142791748047
2020-04-16,28.756099700927734
2020-04-17,29.705236434936523
2020-04-20,30.73691177368164
2020-04-22,32.112464904785156
2020-04-23,31.259618759155273
2020-04-24,29.210037231445312
2020-04-27,30.675004959106445
2020-04-28,31.981796264648438
2020-04-29,31.796092987060547
2020-04-30,31.383424758911133
2020-05-04,29.106868743896484
2020-05-05,29.712114334106445
2020-05-06,28.735469818115234
2020-05-07,27.373659133911133
2020-05-08,28.075193405151367
2020-05-11,28.39157485961914
2020-05-12,28.295289993286133
2020-05-13,27.201711654663086
2020-05-14,28.542892456054688
2020-05-15,28.886777877807617
2020-05-18,30.46179962158203
2020-05-19,29.567678451538086
2020-05-20,28.68732452392578
2020-05-21,29.46451759338379
2020-05-22,29.574556350708008
2020-05-25,30.96388053894043
2020-05-26,30.743785858154297
2020-05-27,32.270652770996094
2020-05-28,32.250022888183594
2020-05-29,32.31880187988281
2020-06-01,32.250022888183594
2020-06-02,32.256900787353516
2020-06-03,32.621429443359375
2020-06-04,32.3463134765625
2020-06-05,32.58015823364258
2020-06-08,34.47842788696289
2020-06-09,34.14830017089844
2020-06-10,33.17164993286133
2020-06-12,33.54305648803711
2020-06-15,33.377986907958984
2020-06-16,33.17164993286133
2020-06-17,33.770023345947266
2020-06-18,32.979068756103516
2020-06-19,33.94197082519531
2020-06-22,33.419254302978516
2020-06-23,32.972198486328125
2020-06-24,32.7864990234375
2020-06-25,33.529293060302734
2020-06-26,32.7452278137207
2020-06-29,33.515541076660156
2020-06-30,34.18956756591797
2020-07-01,33.25417709350586
2020-07-02,32.62830352783203
2020-07-03,32.49762725830078
2020-07-06,32.49762725830078
2020-07-07,32.77961730957031
2020-07-08,33.013458251953125
2020-07-09,32.83464050292969
2020-07-10,32.717716217041016
2020-07-13,31.851110458374023
2020-07-14,31.913009643554688
2020-07-15,32.13310241699219
2020-07-16,31.857990264892578
2020-07-17,32.958438873291016
2020-07-20,32.820884704589844
2020-07-21,32.44260025024414
2020-07-22,33.30232620239258
2020-07-23,33.38486862182617
2020-07-24,33.0891227722168
2020-07-27,34.04513168334961
2020-07-28,34.560970306396484
2020-07-29,33.96259689331055
2020-07-30,34.11391067504883
2020-07-31,33.529293060302734
2020-08-03,33.9282112121582
2020-08-04,32.93092727661133
2020-08-05,33.15789031982422
2020-08-06,33.96947479248047
2020-08-07,33.64622497558594
2020-08-10,33.866310119628906
2020-08-11,33.013458251953125
2020-08-12,31.981796264648438
2020-08-13,30.85382843017578
2020-08-14,31.108312606811523
2020-08-17,29.925331115722656
2020-08-18,31.115190505981445
2020-08-19,30.36775779724121
2020-08-20,30.769155502319336
2020-08-21,31.302045822143555
2020-08-24,31.44045639038086
2020-08-25,31.0598201751709
2020-08-26,30.69302749633789
2020-08-27,30.596139907836914
2020-08-28,31.6273136138916
2020-08-31,30.436967849731445
2020-09-01,30.679183959960938
2020-09-02,30.782997131347656
2020-09-03,30.118616104125977
2020-09-04,30.47156524658203
2020-09-08,30.298547744750977
2020-09-09,31.01137924194336
2020-09-10,30.443889617919922
2020-09-11,30.24318504333496
2020-09-14,31.17055892944336
2020-09-15,30.769155502319336
2020-09-16,31.57195472717285
2020-09-17,30.956016540527344
2020-09-18,29.75874137878418
2020-09-21,29.53728485107422
2020-09-22,29.585723876953125
2020-09-23,28.748327255249023
2020-09-24,29.232772827148438
2020-09-25,29.122045516967773
2020-09-28,28.720651626586914
2020-09-29,28.3469295501709
2020-09-30,28.582233428955078
2020-10-01,28.409212112426758
2020-10-02,27.68947410583496
2020-10-05,28.31233024597168
2020-10-06,28.014741897583008
2020-10-07,27.786361694335938
2020-10-08,27.904008865356445
2020-10-09,27.647947311401367
2020-10-13,28.070104598999023
2020-10-14,28.236202239990234
2020-10-15,28.84521484375
2020-10-16,28.879823684692383
2020-10-19,28.96286392211914
2020-10-20,29.717220306396484
2020-10-21,29.75874137878418
2020-10-22,30.000959396362305
2020-10-23,29.959442138671875
2020-10-26,30.236270904541016
2020-10-27,30.05632972717285
2020-10-28,29.2535343170166
2020-10-29,29.06667709350586
2020-10-30,28.838298797607422
2020-11-03,28.81061363220215
2020-11-04,30.125539779663086
2020-11-05,31.44045639038086
2020-11-06,32.0079460144043
2020-11-09,32.0079460144043
2020-11-10,32.66541290283203
2020-11-11,31.565031051635742
2020-11-12,31.01137924194336
2020-11-13,31.876453399658203
2020-11-16,32.3262939453125
2020-11-17,32.70001220703125
2020-11-18,32.63080978393555
2020-11-19,32.520076751708984
2020-11-23,31.212074279785156
2020-11-24,31.087509155273438
2020-11-25,31.336652755737305
2020-11-26,31.93874740600586
2020-11-27,31.7172794342041
2020-11-30,31.931825637817383
2020-12-01,32.13251495361328
2020-12-02,31.945669174194336
2020-12-03,32.956077575683594
2020-12-04,32.527000427246094
2020-12-07,33.46127700805664
2020-12-08,32.305538177490234
2020-12-09,32.04255294799805
2020-12-10,32.64464569091797
2020-12-11,33.661983489990234
2020-12-14,33.71734619140625
2020-12-15,34.44401550292969
2020-12-16,34.700077056884766
2020-12-17,35.12223434448242
2020-12-18,35.454429626464844
2020-12-21,34.250244140625
2020-12-22,34.14643096923828
2020-12-23,34.111820220947266
2020-12-28,34.72775650024414
2020-12-29,35.17760467529297
2020-12-30,35.66204833984375
2021-01-04,35.43366241455078
2021-01-05,35.24680709838867
2021-01-06,34.72775650024414
2021-01-07,32.983760833740234
2021-01-08,33.627384185791016
2021-01-11,32.85226821899414
2021-01-12,32.3262939453125
2021-01-13,32.76921844482422
2021-01-14,34.049537658691406
2021-01-15,33.85576629638672
2021-01-18,32.68617630004883
2021-01-19,32.976837158203125
2021-01-20,32.65156936645508
2021-01-21,32.8245849609375
2021-01-22,32.527000427246094
2021-01-26,33.191375732421875
2021-01-27,34.527061462402344
2021-01-28,34.58243179321289
2021-01-29,34.637794494628906
2021-02-01,34.18794631958008
2021-02-02,34.99766540527344
2021-02-03,35.592838287353516
2021-02-04,35.11531448364258
2021-02-05,34.87309265136719
2021-02-08,35.02534866333008
2021-02-09,35.83506774902344
2021-02-10,34.568580627441406
2021-02-11,35.25373458862305
2021-02-12,35.33677291870117
2021-02-17,35.08071517944336
2021-02-18,33.82807540893555
2021-02-19,34.1810302734375
2021-02-22,32.575443267822266
2021-02-23,32.31938171386719
2021-02-24,31.97334098815918
2021-02-25,30.969850540161133
2021-02-26,30.222427368164062
2021-03-01,29.668781280517578
2021-03-02,29.585723876953125
2021-03-03,29.76565933227539
2021-03-04,30.48540687561035
2021-03-05,30.388519287109375
2021-03-08,29.170486450195312
2021-03-09,29.004392623901367
2021-03-10,29.232772827148438
2021-03-11,30.50617027282715
2021-03-12,30.42312240600586
2021-03-15,31.039064407348633
2021-03-16,30.886808395385742
2021-03-17,31.419694900512695
2021-03-18,31.37125015258789
2021-03-19,31.869535446166992
2021-03-22,31.295244216918945
2021-03-23,31.096731185913086
2021-03-24,29.69290542602539
2021-03-25,31.46540641784668
2021-03-26,31.429956436157227
2021-03-29,31.160537719726562
2021-03-30,31.585941314697266
2021-03-31,32.068050384521484
2021-04-01,31.35196876525879
2021-04-05,31.429956436157227
2021-04-06,31.61429786682129
2021-04-07,30.89820671081543
2021-04-08,30.876937866210938
2021-04-09,30.47989845275879
2021-04-12,30.827301025390625
2021-04-13,30.876937866210938
2021-04-14,30.50825309753418
2021-04-15,30.501169204711914
2021-04-16,30.501169204711914
2021-04-19,31.082550048828125
2021-04-20,31.266887664794922
2021-04-22,30.876937866210938
2021-04-23,31.188899993896484
2021-04-26,30.90529441833496
2021-04-27,31.295244216918945
2021-04-28,31.713565826416016
2021-04-29,32.01133728027344
2021-04-30,31.28106689453125
2021-05-03,30.969106674194336
2021-05-04,30.89112091064453
2021-05-05,31.10381317138672
2021-05-06,31.025827407836914
2021-05-07,31.56466293334961
2021-05-10,30.990379333496094
2021-05-11,31.08963394165039
2021-05-12,30.13957977294922
2021-05-13,31.25979995727539
2021-05-14,32.08224105834961
2021-05-17,32.23112869262695
2021-05-18,31.763193130493164
2021-05-19,32.23822021484375
2021-05-20,32.55726623535156
2021-05-21,32.613983154296875
2021-05-24,33.174102783203125
2021-05-25,33.1457405090332
2021-05-26,32.982666015625
2021-05-27,33.223724365234375
2021-05-28,33.47896194458008
2021-05-31,32.982666015625
2021-06-01,33.69875717163086
2021-06-02,33.60658645629883
2021-06-04,33.34425354003906
2021-06-07,34.655906677246094
2021-06-08,34.811885833740234
2021-06-09,34.23050308227539
2021-06-10,34.620452880859375
2021-06-11,34.23050308227539
2021-06-14,34.83315658569336
2021-06-15,34.66299819946289
2021-06-16,34.18087387084961
2021-06-17,34.18796920776367
2021-06-18,33.79801559448242
2021-06-21,33.80510711669922
2021-06-22,34.12415313720703
2021-06-23,33.75547790527344
2021-06-24,33.81928253173828
2021-06-25,33.110286712646484
2021-06-28,33.110286712646484
2021-06-29,33.10319900512695
2021-06-30,32.86922836303711
2021-07-01,32.27366638183594
2021-07-02,32.37293243408203
2021-07-05,32.330387115478516
2021-07-06,32.3587532043457
2021-07-07,32.57144546508789
2021-07-08,31.975887298583984
2021-07-12,32.174407958984375
2021-07-13,32.03260803222656
2021-07-14,32.245304107666016
2021-07-15,31.571760177612305
2021-07-16,31.42286491394043
2021-07-19,31.4086856842041
2021-07-20,31.536304473876953
2021-07-21,31.536304473876953
2021-07-22,32.04678726196289
2021-07-23,31.429956436157227
2021-07-26,31.19598960876465
2021-07-27,31.37324333190918
2021-07-28,31.48668098449707
2021-07-29,31.11090850830078
2021-07-30,30.146669387817383
2021-08-02,30.742229461669922
2021-08-03,30.84148597717285
2021-08-04,30.451536178588867
2021-08-05,29.92687225341797
2021-08-06,29.990690231323242
2021-08-09,30.104124069213867
2021-08-10,29.501474380493164
2021-08-11,29.451845169067383
2021-08-12,29.175338745117188
2021-08-13,30.735136032104492
2021-08-16,30.94074821472168
2021-08-17,30.742229461669922
2021-08-18,30.468708038330078
2021-08-19,31.404434204101562
2021-08-20,31.8507022857666
2021-08-23,31.57718849182129
2021-08-24,32.426536560058594
2021-08-25,32.52010726928711
2021-08-26,31.778722763061523
2021-08-27,32.05224609375
2021-08-30,32.05224609375
2021-08-31,31.937082290649414
2021-09-01,32.54889678955078
2021-09-02,31.944276809692383
2021-09-03,31.53399085998535
2021-09-06,31.843505859375
2021-09-08,30.97256088256836
2021-09-09,31.857900619506836
2021-09-10,31.06613540649414
2021-09-13,31.274879455566406
2021-09-14,31.274879455566406
2021-09-15,30.986953735351562
2021-09-16,31.10932159423828
2021-09-17,31.32525062561035
2021-09-20,30.663049697875977
2021-09-21,31.33245849609375
2021-09-22,31.476411819458008
2021-09-23,31.56998634338379
2021-09-24,31.274879455566406
2021-09-27,30.893381118774414
2021-09-28,30.519092559814453
2021-09-29,31.555587768554688
2021-09-30,31.692350387573242
2021-10-01,31.97307014465332
2021-10-04,31.749929428100586
2021-10-05,31.58437728881836
2021-10-06,30.886184692382812
2021-10-07,31.17409896850586
2021-10-08,32.045047760009766
2021-10-11,32.55609893798828
2021-10-13,33.11033630371094
2021-10-14,33.21830368041992
2021-10-15,33.038352966308594
2021-10-18,33.14632797241211
2021-10-19,31.749929428100586
2021-10-20,31.8507022857666
2021-10-21,30.96536636352539
2021-10-22,29.907276153564453
2021-10-25,30.425521850585938
2021-10-26,29.09390640258789
2021-10-27,29.525779724121094
2021-10-28,28.273351669311523
2021-10-29,28.424503326416016
2021-11-01,29.014734268188477
2021-11-03,29.698528289794922
2021-11-04,28.798797607421875
2021-11-05,29.23786735534668
2021-11-08,29.021928787231445
2021-11-09,29.432209014892578
2021-11-10,30.07282257080078
2021-11-11,30.785415649414062
2021-11-12,31.462018966674805
2021-11-16,31.188495635986328
2021-11-17,30.238372802734375
2021-11-18,30.475906372070312
2021-11-19,30.94377326965332
2021-11-22,30.850196838378906
2021-11-23,31.454824447631836
2021-11-24,31.937082290649414
2021-11-25,32.426536560058594
2021-11-26,31.82192039489746
2021-11-29,32.72164535522461
2021-11-30,32.67127227783203
2021-12-01,32.59208679199219
2021-12-02,33.09593963623047
2021-12-03,33.20391082763672
2021-12-06,33.2758903503418
2021-12-07,32.80802536010742
2021-12-08,32.93758773803711
2021-12-09,33.038352966308594
2021-12-10,33.40544891357422
2021-12-13,33.326271057128906
2021-12-14,33.08154296875
2021-12-15,33.17512512207031
2021-12-16,32.59208679199219
2021-12-17,32.82242202758789
2021-12-20,32.05224609375
2021-12-21,31.749929428100586
2021-12-22,31.95147705078125
2021-12-23,31.77153205871582
2021-12-27,31.97307014465332
2021-12-28,32.15301513671875
2021-12-29,31.476411819458008
2021-12-30,31.764328002929688
2022-01-03,30.597694396972656
2022-01-04,30.226491928100586
2022-01-05,30.158313751220703
2022-01-06,29.870441436767578
2022-01-07,29.915891647338867
2022-01-10,29.665897369384766
2022-01-11,30.11285972595215
2022-01-12,31.19615936279297
2022-01-13,30.96889305114746
2022-01-14,31.19615936279297
2022-01-17,31.006771087646484
2022-01-18,31.393123626708984
2022-01-19,31.158283233642578
2022-01-20,30.75678062438965
2022-01-21,31.052228927612305
2022-01-24,31.226469039916992
2022-01-25,31.711305618286133
2022-01-26,32.14310836791992
2022-01-27,32.24916458129883
2022-01-28,32.59006881713867
2022-01-31,32.99156951904297
2022-02-01,33.23399353027344
2022-02-02,32.900665283203125
2022-02-03,33.18095779418945
2022-02-04,32.870365142822266
2022-02-07,32.92338943481445
2022-02-08,32.65824890136719
2022-02-09,32.3476448059082
2022-02-10,32.62794494628906
2022-02-11,32.3703727722168
2022-02-14,32.88551330566406
2022-02-15,32.597633361816406
2022-02-16,32.946109771728516
2022-02-17,32.54460906982422
2022-02-18,33.067317962646484
2022-02-21,32.96126937866211
2022-02-22,33.37034606933594
2022-02-23,33.408226013183594
2022-02-24,32.90823745727539
2022-02-25,32.188560485839844
2022-03-02,32.324920654296875
2022-03-03,32.4688606262207
2022-03-04,31.521909713745117
2022-03-07,31.256765365600586
2022-03-08,31.385549545288086
2022-03-09,32.90823745727539
2022-03-10,32.51430892944336
2022-03-11,32.067352294921875
2022-03-14,32.3476448059082
2022-03-15,32.4688606262207
2022-03-16,32.88551330566406
2022-03-17,33.52943420410156
2022-03-18,34.26426696777344
2022-03-21,34.65819549560547
2022-03-22,35.309688568115234
2022-03-23,35.58241653442383
2022-03-24,36.11270523071289
2022-03-25,35.93088912963867
2022-03-28,35.908164978027344
2022-03-29,37.135406494140625
2022-03-30,36.7338981628418
2022-03-31,36.976322174072266
2022-04-01,38.12022399902344
2022-04-04,37.658119201660156
2022-04-05,37.12024688720703
2022-04-06,36.892982482910156
2022-04-07,36.393001556396484
2022-04-08,36.35511779785156
2022-04-11,36.05967712402344
2022-04-12,35.983917236328125
2022-04-13,36.15815353393555
2022-04-14,35.77179718017578
2022-04-18,36.17330551147461
2022-04-19,35.96118927001953
2022-04-20,36.188453674316406
2022-04-22,35.915740966796875
2022-04-25,36.438453674316406
2022-04-26,36.68844223022461
2022-04-27,36.93085479736328
2022-04-28,36.34754180908203
2022-04-29,36.08997344970703
2022-05-02,35.908164978027344
2022-05-03,35.60513687133789
2022-05-04,35.81725311279297
2022-05-05,35.082420349121094
2022-05-06,34.99909591674805
2022-05-09,35.211212158203125
2022-05-10,34.696075439453125
2022-05-11,33.7794303894043
2022-05-12,34.090023040771484
2022-05-13,34.180931091308594
2022-05-16,34.0369987487793
2022-05-17,33.91579818725586
2022-05-18,33.10520935058594
2022-05-19,33.249141693115234
2022-05-20,34.112754821777344
2022-05-23,34.00669860839844
2022-05-24,34.97636795043945
2022-05-25,35.021820068359375
2022-05-26,34.0142707824707
2022-05-27,33.135501861572266
2022-05-30,33.135501861572266
2022-05-31,33.514286041259766
2022-06-01,33.340049743652344
2022-06-02,33.483978271484375
2022-06-03,33.446102142333984
2022-06-06,33.30216598510742
2022-06-07,33.324893951416016
2022-06-08,33.082481384277344
2022-06-09,32.574913024902344
2022-06-10,32.15068817138672
2022-06-13,31.79463005065918
2022-06-14,31.91583824157715
2022-06-15,32.65066909790039
2022-06-17,33.7794303894043
2022-06-20,33.408226013183594
2022-06-21,32.946109771728516
2022-06-22,32.56734085083008
2022-06-23,31.802207946777344
2022-06-24,30.870407104492188
2022-06-27,31.279491424560547
2022-06-28,31.43100929260254
2022-06-29,30.802230834960938
2022-06-30,30.5673885345459
2022-07-01,30.340120315551758
2022-07-04,29.817407608032227
2022-07-05,29.506811141967773
2022-07-06,29.4083309173584
2022-07-07,29.71892547607422
2022-07-08,29.9234676361084
2022-07-11,29.961347579956055
2022-07-12,30.30224609375
2022-07-13,29.779529571533203
2022-07-14,30.53708839416504
2022-07-15,30.658302307128906
2022-07-18,30.150733947753906
2022-07-19,30.128009796142578
2022-07-20,30.158313751220703
2022-07-21,30.506786346435547
2022-07-22,30.79465675354004
2022-07-25,31.82493782043457
2022-07-26,31.41585922241211
2022-07-27,31.98402214050293
2022-07-28,32.711273193359375
2022-07-29,33.36276626586914
2022-08-01,33.14308166503906
2022-08-02,32.461280822753906
2022-08-03,32.49916076660156
2022-08-04,33.340049743652344
2022-08-05,33.832454681396484
2022-08-08,35.249088287353516
2022-08-09,34.88546371459961
2022-08-10,34.24153518676758
2022-08-11,33.82488250732422
2022-08-12,34.65819549560547
2022-08-15,35.38544845581055
2022-08-16,35.544532775878906
2022-08-17,35.96876907348633
2022-08-18,35.78695297241211
2022-08-19,35.64301681518555
2022-08-22,35.24150848388672
2022-08-23,34.82485580444336
2022-08-24,34.21089553833008
2022-08-25,33.26274871826172
2022-08-26,33.021827697753906
2022-08-29,33.74459457397461
2022-08-30,33.581390380859375
2022-08-31,32.86639404296875
2022-09-01,33.84562683105469
2022-09-02,33.93111801147461
2022-09-05,34.35078048706055
2022-09-06,33.88448715209961
2022-09-08,33.721282958984375
2022-09-09,34.16426086425781
2022-09-12,34.63056564331055
2022-09-13,34.249755859375
2022-09-14,34.7393684387207
2022-09-15,34.552852630615234
2022-09-16,34.203125
2022-09-19,34.6694221496582
2022-09-20,34.94920349121094
2022-09-21,35.01914978027344
2022-09-22,35.578712463378906
2022-09-23,35.45436477661133
2022-09-26,34.64610290527344
2022-09-27,33.46481704711914
2022-09-28,32.47004318237305
2022-09-29,32.337921142578125
2022-09-30,32.55552673339844
2022-10-03,34.265296936035156
2022-10-04,34.179805755615234
2022-10-05,34.179805755615234
2022-10-06,33.83008575439453
2022-10-07,33.511444091796875
2022-10-10,33.907806396484375
2022-10-11,33.96220779418945
2022-10-13,33.9932861328125
2022-10-14,34.46735382080078
2022-10-17,34.81708526611328
2022-10-18,35.96729278564453
2022-10-19,35.71083068847656
2022-10-20,35.77300262451172
2022-10-21,36.511314392089844
2022-10-24,36.456912994384766
2022-10-25,35.95951843261719
2022-10-26,35.43104934692383
2022-10-27,36.34033203125
2022-10-28,36.13826370239258
2022-10-31,37.68483352661133
2022-11-01,37.56825637817383
2022-11-03,37.925758361816406
2022-11-04,38.14336013793945
2022-11-07,37.09418869018555
2022-11-08,36.34810256958008
2022-11-09,36.480224609375
2022-11-10,34.801544189453125
2022-11-11,35.52430725097656
2022-11-14,36.37141799926758
2022-11-16,35.22121810913086
2022-11-17,33.907806396484375
2022-11-18,34.265296936035156
2022-11-21,35.438819885253906
2022-11-22,34.70827865600586
2022-11-23,34.4595832824707
2022-11-24,35.438819885253906
2022-11-25,34.0399169921875
2022-11-28,33.69796371459961
2022-11-29,33.511444091796875
2022-11-30,33.161720275878906
2022-12-01,33.34823989868164
2022-12-02,33.10731887817383
2022-12-05,32.065914154052734
2022-12-06,32.23689651489258
2022-12-07,33.09177017211914
2022-12-08,32.40009689331055
2022-12-09,32.53221893310547
2022-12-12,32.4389533996582
2022-12-13,32.415645599365234
2022-12-14,32.6487922668457
2022-12-15,32.0426025390625
2022-12-16,32.30683135986328
2022-12-19,33.24721145629883
2022-12-20,33.77568435668945
2022-12-21,33.441497802734375
2022-12-22,33.67464828491211
2022-12-23,34.35855484008789
2022-12-26,33.77568435668945
2022-12-27,33.54253387451172
2022-12-28,34.56062316894531
2022-12-29,34.33523941040039
2023-01-02,33.17726516723633
2023-01-03,32.703189849853516
2023-01-04,32.28352355957031
2023-01-05,32.2524299621582
2023-01-06,32.089229583740234
2023-01-09,32.112548828125
2023-01-10,32.03483200073242
2023-01-11,32.71873474121094
2023-01-12,33.853397369384766
2023-01-13,32.60215759277344
2023-01-16,31.739505767822266
2023-01-17,32.5788459777832
2023-01-18,32.58661651611328
2023-01-19,32.796443939208984
2023-01-20,31.86385154724121
2023-01-23,32.081459045410156
2023-01-24,32.05037307739258
2023-01-25,33.115089416503906
2023-01-26,33.81454086303711
2023-01-27,33.49589920043945
2023-01-30,33.045143127441406
2023-01-31,32.76536178588867
2023-02-01,32.874168395996094
2023-02-02,33.67464828491211
2023-02-03,33.076236724853516
2023-02-06,32.55552673339844
2023-02-07,31.397552490234375
2023-02-08,32.15917205810547
2023-02-09,30.363922119140625
2023-02-10,31.467493057250977
2023-02-13,31.475263595581055
2023-02-14,30.690326690673828
2023-02-15,31.288745880126953
2023-02-16,31.21103286743164
2023-02-17,31.44417953491211
2023-02-22,30.597068786621094
2023-02-23,30.270654678344727
2023-02-24,30.154081344604492
2023-02-27,30.30951499938965
2023-02-28,30.138538360595703
2023-03-01,30.20071029663086
2023-03-02,29.726640701293945
2023-03-03,29.524578094482422
2023-03-06,29.94424819946289
2023-03-07,30.231801986694336
2023-03-08,31.05559730529785
2023-03-09,31.335376739501953
2023-03-10,30.550437927246094
2023-03-13,30.70587158203125
2023-03-14,30.82244873046875
2023-03-15,31.319833755493164
2023-03-16,31.071138381958008
2023-03-17,29.073822021484375
2023-03-20,28.9727840423584
2023-03-21,28.747411727905273
2023-03-22,28.9857120513916
2023-03-23,29.04926300048828
2023-03-24,29.70062828063965
2023-03-27,29.573532104492188
2023-03-28,31.638832092285156
2023-03-29,31.098678588867188
2023-03-30,31.71826934814453
2023-03-31,31.916852951049805
2023-04-03,31.726207733154297
2023-04-04,32.798580169677734
2023-04-05,32.62382888793945
2023-04-06,33.163978576660156
2023-04-10,33.291072845458984
2023-04-11,33.569091796875
2023-04-12,34.38727569580078
2023-04-13,34.55408477783203
2023-04-14,35.17367172241211
2023-04-17,34.514373779296875
2023-04-18,33.727962493896484
2023-04-19,32.965389251708984
2023-04-20,33.41022872924805
2023-04-24,33.76768112182617
2023-04-25,33.068660736083984
2023-04-26,32.917728424072266
2023-04-27,33.33079147338867
2023-04-28,33.203697204589844
2023-05-02,33.505550384521484
2023-05-03,33.85506057739258
2023-05-04,34.50642395019531
2023-05-05,34.45082473754883
2023-05-08,34.4269905090332
2023-05-09,34.91947937011719
2023-05-10,35.6343994140625
2023-05-11,35.904476165771484
2023-05-12,35.02274703979492
2023-05-15,35.912418365478516
2023-05-16,35.475521087646484
2023-05-17,35.39609146118164
2023-05-18,35.086299896240234
2023-05-19,36.500240325927734
2023-05-22,35.761497497558594
2023-05-23,35.32460403442383
2023-05-24,34.84799575805664
2023-05-25,36.35725021362305
2023-05-26,36.198387145996094
2023-05-29,35.46758270263672
2023-05-30,35.141902923583984
2023-05-31,34.9830322265625
2023-06-01,33.83917236328125
2023-06-02,34.8797721862793
2023-06-05,34.23634338378906
2023-06-06,35.578792572021484
2023-06-07,35.76944351196289
2023-06-09,36.07923126220703
2023-06-12,36.341365814208984
2023-06-13,35.888587951660156
2023-06-14,36.57966995239258
2023-06-15,37.08804702758789
2023-06-16,35.93625259399414
2023-06-19,35.817100524902344
2023-06-20,37.350189208984375
2023-06-21,37.27869415283203
2023-06-22,36.24604797363281
2023-06-23,38.39872741699219
2023-06-26,38.366947174072266
2023-06-27,38.041263580322266
2023-06-28,38.120704650878906
2023-06-29,38.573482513427734
2023-06-30,39.87621307373047
2023-07-03,40.186004638671875
2023-07-04,40.04302215576172
2023-07-05,40.14628601074219
2023-07-06,39.9000358581543
2023-07-07,40.249549865722656
2023-07-10,40.38459396362305
2023-07-11,39.70939636230469
2023-07-12,39.4631462097168
2023-07-13,39.79677200317383
2023-07-14,39.71733856201172
2023-07-17,39.66173553466797
2023-07-18,39.32017135620117
2023-07-19,39.24073028564453
2023-07-20,39.10569381713867
2023-07-21,39.95564270019531
2023-07-24,40.41636657714844
2023-07-25,40.66261291503906
2023-07-26,40.900917053222656
2023-07-27,40.02713394165039
2023-07-28,40.122459411621094
2023-07-31,39.86827087402344
2023-08-01,39.69350814819336
2023-08-02,39.90798568725586
2023-08-03,39.161293029785156
2023-08-04,38.9071044921875
2023-08-07,38.39872741699219
2023-08-08,38.44638442993164
2023-08-09,38.581424713134766
2023-08-10,38.70057678222656
2023-08-11,39.00243377685547
2023-08-14,39.08186721801758
2023-08-15,38.37489318847656
2023-08-16,38.3587760925293
2023-08-17,38.31847381591797
2023-08-18,38.64894485473633
2023-08-21,38.0444221496582
2023-08-22,38.50385665893555
2023-08-23,38.41519546508789
2023-08-24,38.3587760925293
2023-08-25,37.89934158325195
2023-08-28,37.90740203857422
2023-08-29,38.27011489868164
2023-08-30,37.665592193603516
2023-08-31,37.15779495239258
2023-09-01,37.56081008911133
2023-09-04,37.95576095581055
2023-09-05,37.319000244140625
2023-09-06,36.48879623413086
2023-09-08,36.658058166503906
2023-09-11,37.07719039916992
2023-09-12,38.278175354003906
2023-09-13,39.01971435546875
2023-09-14,39.148681640625
2023-09-15,41.067020416259766
2023-09-18,40.47861862182617
2023-09-19,40.05949020385742
2023-09-20,40.32548141479492
2023-09-21,39.745140075683594
2023-09-22,39.414669036865234
2023-09-25,39.3985481262207
2023-09-26,38.18950653076172
2023-09-27,37.74619674682617
2023-09-28,38.08472442626953
2023-09-29,37.68170928955078
2023-10-02,37.07719039916992
2023-10-03,36.1583251953125
2023-10-04,36.311466217041016
2023-10-05,35.68276596069336
2023-10-06,35.408721923828125
2023-10-09,35.78755187988281
2023-10-10,36.55327606201172
2023-10-11,36.6822395324707
2023-10-13,35.3200569152832
2023-10-16,35.52962875366211
2023-10-17,35.215274810791016
2023-10-18,35.215274810791016
2023-10-19,36.367889404296875
2023-10-20,36.46461486816406
2023-10-23,36.66612243652344
2023-10-24,36.658058166503906
2023-10-25,36.79508590698242
2023-10-26,38.36683654785156
2023-10-27,37.7623176574707
2023-10-30,37.17391586303711
2023-10-31,37.56886672973633
2023-11-01,38.58446502685547
2023-11-03,39.011653900146484
2023-11-06,39.26152038574219
2023-11-07,39.172855377197266
2023-11-08,38.745662689208984
2023-11-09,38.57640075683594
2023-11-10,40.34965515136719
2023-11-13,40.583404541015625
2023-11-14,41.49421691894531
2023-11-16,41.953651428222656
2023-11-17,42.066490173339844
2023-11-20,41.43779754638672
2023-11-21,41.236289978027344
2023-11-22,41.72796630859375
2023-11-23,42.1148567199707
2023-11-24,41.824684143066406
2023-11-27,42.16321563720703
2023-11-28,42.18739700317383
2023-11-29,42.04231643676758
2023-11-30,42.542049407958984
2023-12-01,42.775794982910156
2023-12-04,42.51786804199219
2023-12-05,42.638771057128906
2023-12-06,42.53398895263672
2023-12-07,42.17934036254883
2023-12-08,42.03424835205078
2023-12-11,41.71183776855469
2023-12-12,41.76020050048828
2023-12-13,42.25188064575195
2023-12-14,41.67154312133789
2023-12-15,40.70431137084961
2023-12-18,41.413612365722656
2023-12-19,42.03424835205078
2023-12-20,41.542579650878906
2023-12-21,41.47809600830078
2023-12-22,41.8408088684082
2023-12-26,42.67906951904297
2023-12-27,43.24329376220703
2023-12-28,43.38837814331055
2024-01-02,42.86275100708008
2024-01-03,42.961307525634766
2024-01-04,42.6656494140625
2024-01-05,43.03522491455078
2024-01-08,44.0207633972168
2024-01-09,44.636722564697266
2024-01-10,44.71064376831055
2024-01-11,44.012550354003906
2024-01-12,43.938636779785156
2024-01-15,44.35749053955078
2024-01-16,43.47871780395508
2024-01-17,43.3719482421875
2024-01-18,41.055931091308594
2024-01-19,40.735626220703125
2024-01-22,40.71099853515625
2024-01-23,41.32695388793945
2024-01-24,40.497459411621094
2024-01-25,41.1380615234375
2024-01-26,40.98201370239258
2024-01-29,41.52406311035156
2024-01-30,41.31052780151367
2024-01-31,41.56512451171875
2024-02-01,41.967559814453125
2024-02-02,41.70474624633789
2024-02-05,41.540489196777344
2024-02-06,43.11735153198242
2024-02-07,42.92024230957031
2024-02-08,42.09896469116211
2024-02-09,42.23857879638672
2024-02-14,41.31874084472656
2024-02-15,41.696533203125
2024-02-16,41.57333755493164
2024-02-19,41.433719635009766
2024-02-20,41.852577209472656
2024-02-21,41.21197509765625
2024-02-22,41.269466400146484
2024-02-23,41.35980224609375
2024-02-26,41.7868766784668
2024-02-27,42.378196716308594
2024-02-28,41.55691146850586
2024-02-29,41.754024505615234
2024-03-01,41.4912109375
2024-03-04,40.95738220214844
2024-03-05,41.614402770996094
2024-03-06,41.852577209472656
2024-03-07,41.38444519042969
2024-03-08,41.88542556762695
2024-03-11,41.474788665771484
2024-03-12,41.6061897277832
2024-03-13,40.82597351074219
2024-03-14,40.24285888671875
2024-03-15,39.22446823120117
2024-03-18,39.09306716918945
2024-03-19,39.42158126831055
2024-03-20,39.90613555908203
2024-03-21,39.7911491394043
2024-03-22,39.7254524230957
2024-03-25,39.199832916259766
2024-03-26,38.95344543457031
2024-03-27,39.26553726196289
2024-03-28,39.314815521240234
2024-04-01,38.78919219970703
2024-04-02,39.2901725769043
2024-04-03,39.470855712890625
2024-04-04,39.470855712890625
2024-04-05,39.052001953125
2024-04-08,39.52013397216797
2024-04-09,40.19358825683594
2024-04-10,38.81382751464844
2024-04-11,38.928810119628906
2024-04-12,38.47710418701172
2024-04-15,38.271785736083984
2024-04-16,37.943267822265625
2024-04-17,37.54084396362305
2024-04-18,37.41764831542969
2024-04-19,37.943267822265625
2024-04-22,38.50995635986328
2024-04-23,38.165016174316406
2024-04-24,37.59011459350586
2024-04-25,37.425865173339844
2024-04-26,38.0828857421875
2024-04-29,37.68046188354492
2024-04-30,37.039859771728516
2024-05-02,37.56547927856445
2024-05-03,38.978084564208984
2024-05-06,38.47710418701172
2024-05-07,38.77276611328125
2024-05-08,38.39497375488281
2024-05-09,38.48531723022461
2024-05-10,39.06021499633789
2024-05-13,38.37034225463867
2024-05-14,39.02736282348633
2024-05-15,39.314815521240234
2024-05-16,38.91238021850586
2024-05-17,38.427825927734375
2024-05-20,38.35390853881836
2024-05-21,38.40319061279297
2024-05-22,37.376583099365234
2024-05-23,36.98237228393555
2024-05-24,38.39497375488281
2024-05-27,38.411399841308594
2024-05-28,38.02539825439453
2024-05-29,37.60654830932617
2024-05-31,37.54084396362305
2024-06-03,38.48531723022461
2024-06-04,38.05003356933594
2024-06-05,38.35390853881836
2024-06-06,38.52638244628906
2024-06-07,37.90220642089844
2024-06-10,37.655818939208984
2024-06-11,37.573692321777344
2024-06-12,36.7277717590332
2024-06-13,36.58815383911133
2024-06-14,37.26160430908203
2024-06-17,36.423892974853516
2024-06-18,36.423892974853516
2024-06-19,36.358192443847656
2024-06-20,36.20215606689453
2024-06-21,36.949520111083984
2024-06-24,37.121986389160156
2024-06-25,36.63743209838867
2024-06-26,36.63743209838867
2024-06-27,37.4915657043457
2024-06-28,37.46692657470703
2024-07-01,37.45050048828125
2024-07-02,36.91666793823242
2024-07-03,37.48335266113281
2024-07-04,37.992549896240234
2024-07-05,38.222503662109375
2024-07-08,38.86310577392578
2024-07-09,39.339447021484375
2024-07-10,39.01093673706055
2024-07-11,39.413368225097656
2024-07-12,39.83222579956055
2024-07-15,39.11770248413086
2024-07-16,39.15055847167969
2024-07-17,39.04378890991211
2024-07-18,38.59208297729492
2024-07-19,38.02539825439453
2024-07-22,38.53459167480469
2024-07-23,37.47513961791992
2024-07-24,36.71955871582031
2024-07-25,36.21857452392578
2024-07-26,36.54708480834961
2024-07-29,36.52245330810547
2024-07-30,36.259639739990234
2024-07-31,36.07896041870117
2024-08-01,37.06449508666992
2024-08-02,37.51620101928711
2024-08-05,36.16929626464844
2024-08-06,36.4978141784668
2024-08-07,36.75240707397461
2024-08-08,37.655818939208984
2024-08-09,38.25535583496094
2024-08-12,38.337486267089844
2024-08-13,38.857826232910156
2024-08-14,40.553138732910156
2024-08-15,40.83009338378906
2024-08-16,40.95598602294922
2024-08-19,42.088985443115234
2024-08-20,41.35043716430664
2024-08-21,40.88884353637695
2024-08-22,39.86494064331055
2024-08-23,40.83009338378906
2024-08-26,40.402069091796875
2024-08-27,40.03279495239258
2024-08-28,40.1922492980957
2024-08-29,39.722267150878906
2024-08-30,39.705482482910156
2024-09-02,39.69709014892578
2024-09-03,40.04118728637695
2024-09-04,41.22454833984375
2024-09-05,40.53635025024414
2024-09-06,40.368499755859375
2024-09-09,40.267784118652344
2024-09-10,40.15868377685547
2024-09-11,39.9572639465332
2024-09-12,39.96565628051758
2024-09-13,40.54474639892578
2024-09-16,40.553138732910156
2024-09-17,40.58670425415039
2024-09-18,40.444034576416016
2024-09-19,39.663516998291016
2024-09-20,38.18641662597656
2024-09-23,38.04374694824219
2024-09-24,38.21998977661133
2024-09-25,38.06052780151367
2024-09-26,38.2619514465332
2024-09-27,38.010169982910156
2024-09-30,37.59054183959961
2024-10-01,37.389122009277344
2024-10-02,37.556968688964844
2024-10-03,37.03662872314453
2024-10-04,37.13734436035156
2024-10-07,36.776458740234375
2024-10-08,36.927528381347656
2024-10-09,36.49110794067383
2024-10-10,36.51628875732422
2024-10-11,36.41557693481445
2024-10-14,36.93592071533203
2024-10-15,36.919132232666016
2024-10-16,37.18769836425781
2024-10-17,36.69253158569336
2024-10-18,36.54985809326172
2024-10-21,36.734493255615234
2024-10-22,36.44075393676758
2024-10-23,35.96237564086914
2024-10-24,36.3987922668457
2024-10-25,36.12183380126953
2024-10-28,35.995941162109375
2024-10-29,35.73577117919922
2024-10-30,36.079872131347656
2024-10-31,36.21415328979492
2024-11-01,35.16507339477539
2024-11-04,36.2225456237793
2024-11-05,36.11343765258789
2024-11-06,35.65184783935547
2024-11-07,35.30774688720703
2024-11-08,34.61955642700195
2024-11-11,34.59437942504883
2024-11-12,33.70476150512695
2024-11-13,34.52723693847656
2024-11-14,35.097930908203125
2024-11-18,34.367774963378906
2024-11-19,35.215431213378906
2024-11-21,34.40974044799805
2024-11-22,35.22382354736328
2024-11-25,35.06436538696289
2024-11-26,35.73577117919922
2024-11-27,35.014007568359375
2024-11-28,34.065643310546875
2024-11-29,33.74672317504883
2024-12-02,33.10049057006836
2024-12-03,33.394229888916016
2024-12-04,33.07530975341797
2024-12-05,33.43619918823242
2024-12-06,32.78157043457031
2024-12-09,32.27801513671875
2024-12-10,32.47943878173828
2024-12-11,33.52851104736328
2024-12-12,32.80674743652344
2024-12-13,32.14373016357422
2024-12-16,31.472322463989258
2024-12-17,32.319976806640625
2024-12-18,31.145008087158203
2024-12-19,31.891950607299805
2024-12-20,32.58015060424805
2024-12-23,31.254117965698242
2024-12-26,31.212148666381836
2024-12-27,30.91840934753418
2024-12-30,30.61627769470215
2025-01-02,30.255395889282227
2025-01-03,29.877723693847656
2025-01-06,31.002334594726562
2025-01-07,31.589820861816406
2025-01-08,30.884838104248047
2025-01-09,30.968765258789062
2025-01-10,30.6666316986084
2025-01-13,30.58270835876465
2025-01-14,30.549135208129883
2025-01-15,31.128225326538086
2025-01-16,30.213428497314453
2025-01-17,30.80930519104004
2025-01-20,31.22893714904785
2025-01-21,30.97715950012207
2025-01-22,31.346431732177734
2025-01-23,31.212148666381836
2025-01-24,31.539464950561523
2025-01-27,32.429080963134766
2025-01-28,32.5969352722168
2025-01-29,32.101768493652344
2025-01-30,33.906185150146484
2025-01-31,33.28512954711914
2025-02-03,33.84743118286133
2025-02-04,34.057247161865234
2025-02-05,34.283851623535156
2025-02-06,34.2922477722168
2025-02-07,33.981712341308594
2025-02-10,33.56208419799805
2025-02-11,34.47688293457031
2025-02-12,33.87261199951172
2025-02-13,34.099212646484375
2025-02-14,35.35810470581055
2025-02-17,35.66863250732422
2025-02-18,35.27417755126953
2025-02-19,34.64473342895508
2025-02-20,34.45170211791992
2025-02-21,34.98883056640625
2025-02-24,33.998497009277344
2025-02-25,35.06436538696289
2025-02-26,34.352176666259766
2025-02-27,34.088401794433594
2025-02-28,33.464134216308594
2025-03-05,33.261905670166016
2025-03-06,33.59601974487305
2025-03-07,34.48406219482422
2025-03-10,34.352176666259766
2025-03-11,34.273040771484375
2025-03-12,34.81817626953125
2025-03-13,35.34572219848633
2025-03-14,35.987571716308594
2025-03-17,36.541500091552734
2025-03-18,36.52391815185547
2025-03-19,37.38557815551758
2025-03-20,36.95474624633789
2025-03-21,36.62063217163086
2025-03-24,36.06670379638672
2025-03-25,36.224971771240234
2025-03-26,35.96998977661133
2025-03-27,35.996368408203125
2025-03-28,35.47761154174805
2025-03-31,35.16987228393555
2025-04-01,35.22262954711914
2025-04-02,35.57432556152344
2025-04-03,37.077842712402344
2025-04-04,36.093082427978516
2025-04-07,35.530364990234375
2025-04-08,35.706214904785156
2025-04-09,35.77655792236328
2025-04-10,35.55674362182617
2025-04-11,36.224971771240234
2025-04-14,37.06904602050781
2025-04-15,37.38557815551758
2025-04-16,37.08663558959961
2025-04-17,37.403160095214844
2025-04-22,37.666934967041016
2025-04-23,38.35274887084961
2025-04-24,39.610069274902344
2025-04-25,40.005733489990234
2025-04-28,40.005733489990234
2025-04-29,40.09365463256836
2025-04-30,40.392601013183594
2025-05-02,39.917808532714844
2025-05-05,39.66282653808594
2025-05-06,39.34629440307617
2025-05-07,39.24958038330078
2025-05-08,40.6739616394043
2025-05-09,40.14641189575195
2025-05-12,39.610069274902344
2025-05-13,41.08720779418945
2025-05-14,40.77067565917969
2025-05-15,40.884979248046875
2025-05-16,40.69154357910156
2025-05-19,41.535621643066406
2025-05-20,42.37090301513672
2025-05-21,41.06082534790039
2025-05-22,41.2982292175293
2025-05-23,41.588375091552734
2025-05-26,41.79060363769531
2025-05-27,42.99517059326172
2025-05-28,42.24781036376953
2025-05-29,42.555545806884766
2025-05-30,41.764225006103516
2025-06-02,41.46528244018555
2025-06-03,42.17747116088867
2025-06-04,42.10712814331055
2025-06-05,41.64113235473633
2025-06-06,41.35097885131836
2025-06-09,40.884979248046875
2025-06-10,40.98169708251953
2025-06-11,40.75309371948242
2025-06-12,40.99048614501953
2025-06-13,40.814640045166016
2025-06-16,41.57079315185547
2025-06-17,41.48286437988281
2025-06-18,41.44770050048828
2025-06-20,41.19271469116211
2025-06-23,40.700340270996094
2025-06-24,41.377357482910156
2025-06-25,40.44535446166992
2025-06-26,41.131168365478516
2025-06-27,40.902565002441406
2025-06-30,42.485206604003906
2025-07-01,42.37090301513672
2025-07-02,41.2806396484375
2025-07-03,42.49400329589844
2025-07-04,42.450035095214844
2025-07-07,41.852149963378906
2025-07-08,41.6323356628418
2025-07-09,41.00807571411133
2025-07-10,40.55086898803711
2025-07-11,40.23433303833008
2025-07-14,39.961769104003906
2025-07-15,40.269508361816406
2025-07-16,40.28709030151367
2025-07-17,40.22554397583008
2025-07-18,39.847469329833984
2025-07-21,39.97935485839844
2025-07-22,39.697994232177734
2025-07-23,40.44535446166992
2025-07-24,40.09365463256836
2025-07-25,39.92660140991211
2025-07-28,39.31991958618164
2025-07-29,40.084861755371094
2025-07-30,40.6212043762207
2025-07-31,40.14641189575195
2025-08-01,40.44535446166992
2025-08-04,40.243125915527344
2025-08-05,40.278297424316406
2025-08-06,40.884979248046875
2025-08-07,42.50279235839844
2025-08-08,42.239017486572266
2025-08-11,41.544410705566406
2025-08-12,42.96879196166992
2025-08-13,41.99937057495117
2025-08-14,42.04425048828125
2025-08-15,41.954490661621094
2025-08-18,42.09811019897461
2025-08-19,41.11073303222656
2025-08-20,41.81087112426758
2025-08-21,41.46977996826172
2025-08-22,42.60974884033203
2025-08-25,42.466129302978516
2025-08-26,42.466129302978516
2025-08-27,43.229103088378906
2025-08-28,43.7227897644043
2025-08-29,43.81254959106445
2025-09-01,43.615074157714844
2025-09-02,43.04957962036133
2025-09-03,42.56486511230469
2025-09-04,43.426578521728516
2025-09-05,44.90764236450195
2025-09-08,44.01900100708008
2025-09-09,43.80357360839844
2025-09-10,44.07286071777344
2025-09-11,44.58449935913086
2025-09-12,44.180572509765625
2025-09-15,44.476783752441406
2025-09-16,44.56654739379883
2025-09-17,44.86275863647461
2025-09-18,44.853782653808594
2025-09-19,45.203853607177734
2025-09-22,44.74606704711914
2025-09-23,45.72446823120117
2025-09-24,45.580848693847656
2025-09-25,45.37439727783203
2025-09-26,45.19487762451172
2025-09-29,45.625732421875
2025-09-30,45.65266036987305
2025-10-01,45.37439727783203
2025-10-02,44.790950775146484
2025-10-03,44.88071060180664
2025-10-06,44.54859161376953
2025-10-07,43.48940658569336
2025-10-08,43.336814880371094
2025-10-09,43.363746643066406
2025-10-10,43.013675689697266
2025-10-13,43.26500701904297
2025-10-14,43.12138748168945
2025-10-15,43.89333724975586
2025-10-16,43.91128921508789
2025-10-17,45.09613800048828
2025-10-20,45.34747314453125
2025-10-21,45.31156539916992
2025-10-22,45.39235305786133
2025-10-23,45.85911178588867
2025-10-24,46.65798568725586
2025-10-27,46.90034484863281
2025-10-28,45.67061233520508
2025-10-29,46.49641799926758
2025-10-30,46.460514068603516
2025-10-31,46.523345947265625
2025-11-03,46.97215270996094
2025-11-04,47.008056640625
2025-11-05,48.390384674072266
2025-11-06,47.86977005004883
2025-11-07,47.30426788330078
2025-11-10,47.681270599365234
2025-11-11,48.749427795410156
2025-11-12,48.68659591674805
2025-11-13,48.20188522338867
2025-11-14,48.722503662109375
2025-11-17,48.13007354736328
2025-11-18,48.46219253540039
2025-11-19,47.65434265136719
2025-11-21,47.53765106201172
2025-11-24,48.174957275390625
2025-11-25,48.2736930847168
2025-11-26,49.85349655151367
2025-11-27,49.599998474121094
2025-11-28,49.31999969482422
2025-12-01,48.4900016784668
2025-12-02,49.630001068115234
2025-12-03,49.36000061035156
2025-12-04,51.060001373291016
2025-12-05,48.45000076293945
2025-12-08,47.72999954223633
2025-12-09,47.84000015258789
2025-12-10,47.939998626708984
2025-12-11,48.22999954223633
2025-12-12,49.16999816894531
2025-12-15,49.88999938964844
2025-12-16,47.689998626708984
2025-12-17,46.97999954223633
2025-12-18,47.2400016784668
2025-12-19,47.27000045776367
2025-12-22,46.099998474121094
2025-12-23,47.349998474121094
2025-12-26,47.31999969482422
2025-12-29,46.91999816894531
2025-12-30,47.15999984741211
