date,close
2010-12-01,3.8671224117279053
2010-12-02,3.83760142326355
2010-12-03,3.8080830574035645
2010-12-06,3.7992255687713623
2010-12-07,3.8080830574035645
2010-12-08,3.725425958633423
2010-12-09,3.7726571559906006
2010-12-10,3.8080830574035645
2010-12-13,3.843505859375
2010-12-14,3.908449649810791
2010-12-15,3.81398606300354
2010-12-16,3.7047619819641113
2010-12-17,3.778561592102051
2010-12-20,3.81398606300354
2010-12-21,3.9291136264801025
2010-12-22,3.9970099925994873
2010-12-23,3.9970099925994873
2010-12-27,3.994058132171631
2010-12-28,4.014721870422363
2010-12-29,4.138705253601074
2010-12-30,4.141658306121826
2011-01-03,4.112138271331787
2011-01-04,4.073760986328125
2011-01-05,4.076714038848877
2011-01-06,4.182984828948975
2011-01-07,4.191842079162598
2011-01-10,4.206601619720459
2011-01-11,4.253833770751953
2011-01-12,4.2449774742126465
2011-01-13,4.2213616371154785
2011-01-14,4.3512492179870605
2011-01-17,4.3512492179870605
2011-01-18,4.425049781799316
2011-01-19,4.428003311157227
2011-01-20,4.395528793334961
2011-01-21,4.4309539794921875
2011-01-24,4.634642124176025
2011-01-26,4.537225723266602
2011-01-27,4.28335428237915
2011-01-28,4.079665184020996
2011-01-31,3.9763457775115967
2011-02-01,4.061953067779541
2011-02-02,4.159369468688965
2011-02-03,4.144608974456787
2011-02-04,3.8582653999328613
2011-02-07,3.83760142326355
2011-02-08,3.8287460803985596
2011-02-09,3.734281301498413
2011-02-10,3.7726571559906006
2011-02-11,3.793321371078491
2011-02-14,3.9556820392608643
2011-02-15,3.9438745975494385
2011-02-16,3.9763457775115967
2011-02-17,4.035385608673096
2011-02-18,4.16822624206543
2011-02-21,4.132801532745361
2011-02-22,4.041290283203125
2011-02-23,3.97044038772583
2011-02-24,3.97044038772583
2011-02-25,4.0117692947387695
2011-02-28,4.008817195892334
2011-03-01,3.97044038772583
2011-03-02,3.9881527423858643
2011-03-03,4.026529312133789
2011-03-04,3.961585283279419
2011-03-09,3.961585283279419
2011-03-10,3.8641695976257324
2011-03-11,3.8818821907043457
2011-03-14,3.8818821907043457
2011-03-15,3.7726571559906006
2011-03-16,3.8818821907043457
2011-03-17,3.9970099925994873
2011-03-18,4.1239447593688965
2011-03-21,4.120994567871094
2011-03-22,4.103282451629639
2011-03-23,4.132801532745361
2011-03-24,4.177082538604736
2011-03-25,4.153466701507568
2011-03-28,4.147561073303223
2011-03-29,4.120994567871094
2011-03-30,4.120994567871094
2011-03-31,4.088521480560303
2011-04-01,4.132801532745361
2011-04-04,4.3482985496521
2011-04-05,4.3482985496521
2011-04-06,4.345345497131348
2011-04-07,4.318776607513428
2011-04-08,4.339441776275635
2011-04-11,4.428003311157227
2011-04-12,4.324682712554932
2011-04-13,4.262690544128418
2011-04-14,4.383722305297852
2011-04-15,4.410290241241455
2011-04-18,4.410290241241455
2011-04-19,4.5726494789123535
2011-04-20,4.63169002532959
2011-04-25,4.6641621589660645
2011-04-26,4.785194396972656
2011-04-27,4.689743995666504
2011-04-28,4.704872131347656
2011-04-29,4.862204074859619
2011-05-02,4.880358695983887
2011-05-03,4.765383243560791
2011-05-04,4.689743995666504
2011-05-05,4.6867170333862305
2011-05-06,5.016511917114258
2011-05-09,4.998358726501465
2011-05-10,4.998358726501465
2011-05-11,5.077024936676025
2011-05-12,5.185948848724365
2011-05-13,5.176870822906494
2011-05-16,5.176870822906494
2011-05-17,5.052820682525635
2011-05-18,4.992307186126709
2011-05-19,4.928767681121826
2011-05-20,4.937846660614014
2011-05-23,4.9166669845581055
2011-05-24,4.962049961090088
2011-05-25,4.965076923370361
2011-05-26,4.965076923370361
2011-05-27,4.971127510070801
2011-05-30,5.064922332763672
2011-05-31,5.119383811950684
2011-06-01,5.004409313201904
2011-06-02,4.983229637145996
2011-06-03,5.052820682525635
2011-06-06,5.113333702087402
2011-06-07,5.167794704437256
2011-06-08,5.228306293487549
2011-06-09,5.285793781280518
2011-06-10,5.309998989105225
2011-06-13,5.234356880187988
2011-06-14,5.255537986755371
2011-06-15,5.234356880187988
2011-06-16,5.188973426818848
2011-06-17,5.25856351852417
2011-06-20,5.25856351852417
2011-06-21,5.158717155456543
2011-06-22,5.070974826812744
2011-06-24,5.110307216644287
2011-06-27,5.098204612731934
2011-06-28,5.246461391448975
2011-06-29,5.264616012573242
2011-06-30,5.134512901306152
2011-07-01,5.234356880187988
2011-07-04,5.167794704437256
2011-07-05,5.043743133544922
2011-07-06,5.0497941970825195
2011-07-07,4.934819221496582
2011-07-08,4.841025352478027
2011-07-11,4.5868706703186035
2011-07-12,4.7351274490356445
2011-07-13,4.871281623840332
2011-07-14,4.7351274490356445
2011-07-15,4.632256031036377
2011-07-18,4.632256031036377
2011-07-19,4.462821006774902
2011-07-20,4.417435169219971
2011-07-21,4.583846092224121
2011-07-22,4.571743488311768
2011-07-25,4.496103286743164
2011-07-26,4.511230945587158
2011-07-27,4.362972736358643
2011-07-28,4.429538249969482
2011-07-29,4.583846092224121
2011-08-01,4.553587913513184
2011-08-02,4.423486709594727
2011-08-03,4.3085126876831055
2011-08-04,3.890974521636963
2011-08-05,3.963590145111084
2011-08-08,3.6579997539520264
2011-08-09,3.9182043075561523
2011-08-10,4.099742412567139
2011-08-11,4.302460670471191
2011-08-12,4.314563274383545
2011-08-15,4.314563274383545
2011-08-16,4.5233330726623535
2011-08-17,4.589896202087402
2011-08-18,4.4416399002075195
2011-08-19,4.405333042144775
2011-08-22,4.4567694664001465
2011-08-23,4.529383659362793
2011-08-24,4.496103286743164
2011-08-25,4.420461654663086
2011-08-26,4.508203983306885
2011-08-29,4.747230529785156
2011-08-30,4.7895894050598145
2011-08-31,4.856154441833496
2011-09-01,4.907588481903076
2011-09-02,4.7078962326049805
2011-09-05,4.550564289093018
2011-09-06,4.638307094573975
2011-09-08,4.674615383148193
2011-09-09,4.550564289093018
2011-09-12,4.535435199737549
2011-09-13,4.508203983306885
2011-09-14,4.493076801300049
2011-09-15,4.447691917419434
2011-09-16,4.432564735412598
2011-09-19,4.311537742614746
2011-09-20,4.054358959197998
2011-09-21,3.9030778408050537
2011-09-22,3.7820510864257812
2011-09-23,3.8425633907318115
2011-09-26,3.812307119369507
2011-09-27,3.8274354934692383
2011-09-28,3.712461233139038
2011-09-29,3.751793622970581
2011-09-30,3.751793622970581
2011-10-03,3.664050817489624
2011-10-04,3.7699477672576904
2011-10-05,3.800204277038574
2011-10-06,3.99082088470459
2011-10-07,3.9787180423736572
2011-10-10,4.105795860290527
2011-10-11,4.178410053253174
2011-10-13,4.151179313659668
2011-10-14,4.235896587371826
2011-10-17,4.123947620391846
2011-10-18,4.123947620391846
2011-10-19,4.22076940536499
2011-10-20,4.190512180328369
2011-10-21,4.2510247230529785
2011-10-24,4.3508710861206055
2011-10-25,4.3508710861206055
2011-10-26,4.145126819610596
2011-10-27,4.281282424926758
2011-10-28,4.704872131347656
2011-10-31,4.704872131347656
2011-11-01,4.568718910217285
2011-11-03,4.653435707092285
2011-11-04,4.659486770629883
2011-11-07,4.632256031036377
2011-11-08,4.689743995666504
2011-11-09,4.493076801300049
2011-11-10,4.474921703338623
2011-11-11,4.641332149505615
2011-11-14,4.5868706703186035
2011-11-16,4.5384626388549805
2011-11-17,4.387178421020508
2011-11-18,4.40230655670166
2011-11-21,4.40230655670166
2011-11-22,4.326666355133057
2011-11-23,4.326666355133057
2011-11-24,4.356923580169678
2011-11-25,4.390204906463623
2011-11-28,4.47794771194458
2011-11-29,4.568718910217285
2011-11-30,4.689743995666504
2011-12-01,4.774460792541504
2011-12-02,4.810768127441406
2011-12-05,4.90153694152832
2011-12-06,4.90153694152832
2011-12-07,4.871281623840332
2011-12-08,4.810768127441406
2011-12-09,4.871281623840332
2011-12-12,4.738154888153076
2011-12-13,4.689743995666504
2011-12-14,4.568718910217285
2011-12-15,4.614102363586426
2011-12-16,4.656460285186768
2011-12-19,4.474921703338623
2011-12-20,4.598974227905273
2011-12-21,4.614102363586426
2011-12-22,4.7351274490356445
2011-12-23,4.6867170333862305
2011-12-26,4.780512809753418
2011-12-27,4.774460792541504
2011-12-28,4.747230529785156
2011-12-29,4.777486324310303
2012-01-02,4.871281623840332
2012-01-03,5.022563457489014
2012-01-04,5.061896800994873
2012-01-05,4.856154441833496
2012-01-06,4.880358695983887
2012-01-09,4.943896770477295
2012-01-10,5.043743133544922
2012-01-11,5.164767742156982
2012-01-12,5.234356880187988
2012-01-13,5.2041015625
2012-01-16,5.2041015625
2012-01-17,5.167794704437256
2012-01-18,5.167794704437256
2012-01-19,5.3190765380859375
2012-01-20,5.373538970947266
2012-01-23,5.3190765380859375
2012-01-24,5.264616012573242
2012-01-26,5.364461421966553
2012-01-27,5.427999019622803
2012-01-30,5.328153133392334
2012-01-31,5.367486476898193
2012-02-01,5.59743595123291
2012-02-02,5.62769079208374
2012-02-03,5.718461036682129
2012-02-06,5.712409019470215
2012-02-07,5.760819435119629
2012-02-08,5.700307369232178
2012-02-09,5.7638444900512695
2012-02-10,5.7577948570251465
2012-02-13,5.7577948570251465
2012-02-14,6.036154270172119
2012-02-15,6.021026611328125
2012-02-16,6.051280975341797
2012-02-17,6.126921653747559
2012-02-23,6.06641149520874
2012-02-24,6.060359001159668
2012-02-27,5.993793487548828
2012-02-28,6.051280975341797
2012-02-29,6.048255920410156
2012-03-01,6.069434642791748
2012-03-02,6.157177925109863
2012-03-05,6.393178939819336
2012-03-06,6.154153823852539
2012-03-07,6.238870620727539
2012-03-08,6.338716983795166
2012-03-09,6.3841023445129395
2012-03-12,6.414357662200928
2012-03-13,6.508152961730957
2012-03-14,6.508152961730957
2012-03-15,6.771383762359619
2012-03-16,6.913588047027588
2012-03-19,6.989229679107666
2012-03-20,7.028562068939209
2012-03-21,7.055796146392822
2012-03-22,7.055796146392822
2012-03-23,6.898461818695068
2012-03-26,6.9710774421691895
2012-03-27,6.883331775665283
2012-03-28,6.753231048583984
2012-03-29,6.692717552185059
2012-03-30,6.80769157409668
2012-04-02,6.80769157409668
2012-04-03,6.82282018661499
2012-04-04,6.916614532470703
2012-04-05,6.819793224334717
2012-04-09,6.713895797729492
2012-04-10,6.55958890914917
2012-04-11,6.55958890914917
2012-04-12,6.55958890914917
2012-04-13,6.444613933563232
2012-04-16,6.499077320098877
2012-04-17,6.538410186767578
2012-04-18,6.595896244049072
2012-04-19,6.580767631530762
2012-04-20,6.550513744354248
2012-04-23,6.483948707580566
2012-04-24,6.462767601013184
2012-04-25,6.471846103668213
2012-04-26,6.544462203979492
2012-04-27,6.614050388336182
2012-04-30,6.527992248535156
2012-05-02,6.527992248535156
2012-05-03,6.683050155639648
2012-05-04,6.75437593460083
2012-05-07,6.77608585357666
2012-05-08,6.667544841766357
2012-05-09,6.447360038757324
2012-05-10,6.453563213348389
2012-05-11,6.465966701507568
2012-05-14,6.310907363891602
2012-05-15,6.310907363891602
2012-05-16,6.310907363891602
2012-05-17,5.752695083618164
2012-05-18,5.752695083618164
2012-05-21,5.752695083618164
2012-05-22,5.923259735107422
2012-05-23,5.783706188201904
2012-05-24,5.861236095428467
2012-05-25,5.985283374786377
2012-05-28,6.093824863433838
2012-05-29,6.093824863433838
2012-05-30,6.062812805175781
2012-05-31,6.202366352081299
2012-06-01,6.013195037841797
2012-06-04,5.966676712036133
2012-06-05,5.907754898071289
2012-06-06,6.112432956695557
2012-06-08,6.1713547706604
2012-06-11,6.264388561248779
2012-06-12,6.2954020500183105
2012-06-13,6.341920375823975
2012-06-14,6.314010143280029
2012-06-15,6.444258689880371
2012-06-18,6.444258689880371
2012-06-19,6.419449806213379
2012-06-20,6.425652027130127
2012-06-21,6.301605701446533
2012-06-22,6.372931957244873
2012-06-25,6.202366352081299
2012-06-26,6.385334491729736
2012-06-27,6.289198875427246
2012-06-28,6.242681980133057
2012-06-29,6.394639015197754
2012-07-02,6.447360038757324
2012-07-03,6.512485027313232
2012-07-04,6.496978759765625
2012-07-05,6.515584945678711
2012-07-06,6.447360038757324
2012-07-10,6.385334491729736
2012-07-11,6.385334491729736
2012-07-12,6.385334491729736
2012-07-13,6.100027561187744
2012-07-16,6.100027561187744
2012-07-17,6.096927642822266
2012-07-18,6.239580154418945
2012-07-19,6.509384632110596
2012-07-20,6.366729259490967
2012-07-23,6.2798967361450195
2012-07-24,6.233380317687988
2012-07-25,6.419449806213379
2012-07-26,6.444258689880371
2012-07-27,6.444258689880371
2012-07-30,6.698557376861572
2012-07-31,6.75437593460083
2012-08-01,6.75437593460083
2012-08-02,6.785389423370361
2012-08-03,6.949749946594238
2012-08-06,6.949749946594238
2012-08-07,6.949749946594238
2012-08-08,6.949749946594238
2012-08-09,6.993168830871582
2012-08-10,7.070699214935303
2012-08-13,7.070699214935303
2012-08-14,7.014877796173096
2012-08-15,7.0800018310546875
2012-08-16,7.207149982452393
2012-08-17,7.25676965713501
2012-08-20,7.194746971130371
2012-08-21,7.191644191741943
2012-08-22,7.142024517059326
2012-08-23,7.163733959197998
2012-08-24,7.194746971130371
2012-08-27,7.414931297302246
2012-08-28,7.4428391456604
2012-08-29,7.399422645568848
2012-08-30,7.548280715942383
2012-08-31,7.613406658172607
2012-09-03,7.597898960113525
2012-09-04,7.5947980880737305
2012-09-05,7.632011413574219
2012-09-06,7.62891149520874
2012-09-10,7.62891149520874
2012-09-11,7.597898960113525
2012-09-12,7.551381587982178
2012-09-13,7.635112285614014
2012-09-14,7.380816459655762
2012-09-17,7.452144622802734
2012-09-18,7.47385311126709
2012-09-19,7.483154773712158
2012-09-20,7.5451812744140625
2012-09-21,7.715746879577637
2012-09-24,7.8521952629089355
2012-09-25,7.808780670166016
2012-09-26,7.743657112121582
2012-09-27,7.7994771003723145
2012-09-28,7.808780670166016
2012-10-01,7.830488681793213
2012-10-02,7.877007484436035
2012-10-03,8.053772926330566
2012-10-04,8.094090461730957
2012-10-05,8.162314414978027
2012-10-08,8.193325996398926
2012-10-09,8.205729484558105
2012-10-10,8.193325996398926
2012-10-11,8.354589462280273
2012-10-15,8.404206275939941
2012-10-16,8.441421508789062
2012-10-17,8.379396438598633
2012-10-18,8.317375183105469
2012-10-19,8.354589462280273
2012-10-22,8.31117057800293
2012-10-23,8.202629089355469
2012-10-24,8.165417671203613
2012-10-25,8.156113624572754
2012-10-26,8.094090461730957
2012-10-29,8.069280624389648
2012-10-30,8.190226554870605
2012-10-31,8.280158996582031
2012-11-01,8.366991996765137
2012-11-05,8.419713973999023
2012-11-06,8.559263229370117
2012-11-07,8.562368392944336
2012-11-08,8.47863483428955
2012-11-09,8.438318252563477
2012-11-12,8.335982322692871
2012-11-13,8.342181205749512
2012-11-14,8.270856857299805
2012-11-16,8.236742973327637
2012-11-19,8.193325996398926
2012-11-21,8.001054763793945
2012-11-22,7.970043182373047
2012-11-23,8.028963088989258
2012-11-26,8.094090461730957
2012-11-27,8.118898391723633
2012-11-28,8.075483322143555
2012-11-29,8.094090461730957
2012-11-30,8.007256507873535
2012-12-03,7.973142147064209
2012-12-04,8.109596252441406
2012-12-05,8.019659042358398
2012-12-06,7.8521952629089355
2012-12-07,7.855297565460205
2012-12-10,7.845993518829346
2012-12-11,7.873903274536133
2012-12-12,7.904915809631348
2012-12-13,7.917321681976318
2012-12-14,7.904915809631348
2012-12-17,7.877007484436035
2012-12-18,7.939028739929199
2012-12-19,7.877007484436035
2012-12-20,7.824286460876465
2012-12-21,7.877007484436035
2012-12-26,7.939028739929199
2012-12-27,7.70334005355835
2012-12-28,7.970043182373047
2013-01-02,8.215033531188965
2013-01-03,8.249147415161133
2013-01-04,8.280158996582031
2013-01-07,8.125101089477539
2013-01-08,8.187124252319336
2013-01-09,8.063077926635742
2013-01-10,8.032065391540527
2013-01-11,8.125101089477539
2013-01-14,8.131302833557129
2013-01-15,8.162314414978027
2013-01-16,8.351487159729004
2013-01-17,8.37319564819336
2013-01-18,8.376296043395996
2013-01-21,8.47863483428955
2013-01-22,8.47863483428955
2013-01-23,8.267753601074219
2013-01-24,8.332879066467285
2013-01-28,8.218135833740234
2013-01-29,8.063077926635742
2013-01-30,8.016557693481445
2013-01-31,8.032065391540527
2013-02-01,8.140606880187988
2013-02-04,8.202629089355469
2013-02-05,8.308069229125977
2013-02-06,8.388699531555176
2013-02-07,8.211933135986328
2013-02-08,8.301867485046387
2013-02-13,8.42591667175293
2013-02-14,8.47553539276123
2013-02-15,8.370094299316406
2013-02-18,8.37319564819336
2013-02-19,8.342181205749512
2013-02-20,8.37319564819336
2013-02-21,8.339080810546875
2013-02-22,8.463128089904785
2013-02-25,8.5437593460083
2013-02-26,8.698817253112793
2013-02-27,8.611987113952637
2013-02-28,8.512747764587402
2013-03-01,8.5437593460083
2013-03-04,8.587176322937012
2013-03-05,8.546862602233887
2013-03-06,8.605785369873047
2013-03-07,8.497243881225586
2013-03-08,8.639898300170898
2013-03-11,8.810462951660156
2013-03-12,8.689516067504883
2013-03-13,8.5437593460083
2013-03-14,8.187124252319336
2013-03-15,8.041367530822754
2013-03-18,8.025862693786621
2013-03-19,8.059976577758789
2013-03-20,8.236742973327637
2013-03-21,8.066179275512695
2013-03-22,8.193325996398926
2013-03-25,8.115795135498047
2013-03-26,8.273958206176758
2013-03-27,8.342181205749512
2013-03-28,8.413509368896484
2013-04-01,8.401105880737305
2013-04-02,8.249147415161133
2013-04-03,8.435218811035156
2013-04-04,8.342181205749512
2013-04-05,8.388699531555176
2013-04-08,8.590278625488281
2013-04-09,8.698817253112793
2013-04-10,8.729828834533691
2013-04-11,8.720528602600098
2013-04-12,8.739136695861816
2013-04-15,8.602683067321777
2013-04-16,8.810462951660156
2013-04-17,8.574773788452148
2013-04-18,8.494140625
2013-04-19,8.528254508972168
2013-04-22,8.66780948638916
2013-04-23,8.655403137207031
2013-04-24,8.574773788452148
2013-04-25,8.627493858337402
2013-04-26,8.531356811523438
2013-04-29,8.602270126342773
2013-04-30,8.700346946716309
2013-05-02,8.788930892944336
2013-05-03,9.083163261413574
2013-05-06,9.159093856811523
2013-05-07,9.279314994812012
2013-05-08,9.364736557006836
2013-05-09,9.371065139770508
2013-05-10,9.431177139282227
2013-05-13,9.50710391998291
2013-05-14,9.503942489624023
2013-05-15,9.655804634094238
2013-05-16,9.728569984436035
2013-05-17,9.747550964355469
2013-05-20,9.665294647216797
2013-05-21,9.813989639282227
2013-05-22,9.883596420288086
2013-05-23,9.776026725769043
2013-05-24,9.839302062988281
2013-05-27,9.798172950744629
2013-05-28,9.84246826171875
2013-05-29,9.839302062988281
2013-05-31,9.424849510192871
2013-06-03,9.431177139282227
2013-06-04,9.440667152404785
2013-06-05,9.371065139770508
2013-06-06,9.393210411071777
2013-06-07,9.067341804504395
2013-06-10,9.016721725463867
2013-06-11,8.975593566894531
2013-06-12,9.102145195007324
2013-06-13,9.310953140258789
2013-06-14,9.295136451721191
2013-06-17,9.317278861999512
2013-06-18,8.9977388381958
2013-06-19,8.599105834960938
2013-06-20,8.649728775024414
2013-06-21,8.469392776489258
2013-06-24,8.323858261108398
2013-06-25,8.273238182067871
2013-06-26,8.621253967285156
2013-06-27,8.928138732910156
2013-06-28,8.605436325073242
2013-07-01,8.633905410766602
2013-07-02,8.273238182067871
2013-07-03,8.064430236816406
2013-07-04,8.19414234161377
2013-07-05,7.887259483337402
2013-07-08,7.9094061851501465
2013-07-10,7.700597763061523
2013-07-11,8.153016090393066
2013-07-12,7.9094061851501465
2013-07-15,7.997989654541016
2013-07-16,8.320694923400879
2013-07-17,8.289057731628418
2013-07-18,8.488375663757324
2013-07-19,8.469392776489258
2013-07-22,8.776280403137207
2013-07-23,8.871191024780273
2013-07-24,8.684527397155762
2013-07-25,8.671874046325684
2013-07-26,8.671874046325684
2013-07-29,8.871191024780273
2013-07-30,8.731985092163086
2013-07-31,8.697182655334473
2013-08-01,8.89017105102539
2013-08-02,8.921810150146484
2013-08-05,8.953447341918945
2013-08-06,8.722494125366211
2013-08-07,8.542159080505371
2013-08-08,8.633905410766602
2013-08-09,8.9597749710083
2013-08-12,8.858535766601562
2013-08-13,8.921810150146484
2013-08-14,8.811079978942871
2013-08-15,8.912320137023926
2013-08-16,9.013559341430664
2013-08-19,8.90599250793457
2013-08-20,8.684527397155762
2013-08-21,8.573795318603516
2013-08-22,8.510520935058594
2013-08-23,8.542159080505371
2013-08-26,8.542159080505371
2013-08-27,8.336514472961426
2013-08-28,8.327022552490234
2013-08-29,8.285895347595215
2013-08-30,8.431427955627441
2013-09-02,8.706671714782715
2013-09-03,8.776280403137207
2013-09-04,8.652892112731934
2013-09-05,8.807913780212402
2013-09-06,8.858535766601562
2013-09-09,8.937630653381348
2013-09-10,9.174914360046387
2013-09-11,9.048361778259277
2013-09-12,9.241350173950195
2013-09-13,9.168582916259766
2013-09-16,9.200222969055176
2013-09-17,9.348917961120605
2013-09-18,9.731735229492188
2013-09-19,9.769698143005371
2013-09-20,9.608345985412598
2013-09-23,9.503942489624023
2013-09-24,9.728569984436035
2013-09-25,9.807663917541504
2013-09-26,9.83297348022461
2013-09-27,9.643147468566895
2013-09-30,9.621001243591309
2013-10-01,9.712751388549805
2013-10-02,9.624166488647461
2013-10-03,9.624166488647461
2013-10-04,9.649476051330566
2013-10-07,9.649476051330566
2013-10-08,9.776026725769043
2013-10-09,10.117713928222656
2013-10-10,10.133530616760254
2013-10-11,10.244258880615234
2013-10-14,10.218955039978027
2013-10-15,10.124040603637695
2013-10-16,10.3391752243042
2013-10-17,10.361322402954102
2013-10-18,10.2252779006958
2013-10-21,10.256918907165527
2013-10-22,10.282227516174316
2013-10-23,10.124040603637695
2013-10-24,10.15567684173584
2013-10-25,10.212625503540039
2013-10-28,10.2252779006958
2013-10-29,10.203129768371582
2013-10-30,10.266410827636719
2013-10-31,10.424599647521973
2013-11-01,10.10189151763916
2013-11-04,9.969014167785645
2013-11-05,9.950034141540527
2013-11-06,9.624166488647461
2013-11-07,9.696932792663574
2013-11-08,9.560891151428223
2013-11-11,9.776026725769043
2013-11-12,9.617836952209473
2013-11-13,9.709586143493652
2013-11-14,9.776026725769043
2013-11-18,10.016472816467285
2013-11-19,9.772863388061523
2013-11-21,9.52292537689209
2013-11-22,9.633658409118652
2013-11-25,9.545073509216309
2013-11-26,9.681114196777344
2013-11-27,9.753878593444824
2013-11-28,9.681114196777344
2013-11-29,9.791844367980957
2013-12-02,9.415359497070312
2013-12-03,9.282477378845215
2013-12-04,9.266658782958984
2013-12-05,9.29196834564209
2013-12-06,9.235024452209473
2013-12-09,9.171748161315918
2013-12-10,9.399537086486816
2013-12-11,9.298297882080078
2013-12-12,9.13061809539795
2013-12-13,8.9597749710083
2013-12-16,9.152765274047852
2013-12-17,9.117963790893555
2013-12-18,9.057853698730469
2013-12-19,9.108471870422363
2013-12-20,9.023050308227539
2013-12-23,9.010398864746094
2013-12-26,8.909156799316406
2013-12-27,8.937630653381348
2013-12-30,9.219205856323242
2014-01-02,8.849044799804688
2014-01-03,8.87435245513916
2014-01-06,8.855368614196777
2014-01-07,8.89333724975586
2014-01-08,8.858535766601562
2014-01-09,8.668707847595215
2014-01-10,8.700346946716309
2014-01-13,8.807913780212402
2014-01-14,9.016721725463867
2014-01-15,8.950284004211426
2014-01-16,8.735149383544922
2014-01-17,8.633905410766602
2014-01-20,8.652892112731934
2014-01-21,8.542159080505371
2014-01-22,8.89017105102539
2014-01-23,8.785767555236816
2014-01-24,8.646563529968262
2014-01-27,8.573795318603516
2014-01-28,8.637072563171387
2014-01-29,8.573795318603516
2014-01-30,8.440918922424316
2014-01-31,8.538995742797852
2014-02-03,8.232110977172852
2014-02-04,8.3460054397583
2014-02-05,8.2289457321167
2014-02-06,8.447246551513672
2014-02-07,8.320694923400879
2014-02-10,8.19414234161377
2014-02-11,8.38080883026123
2014-02-12,8.146689414978027
2014-02-13,7.877769470214844
2014-02-14,7.9094061851501465
2014-02-17,7.861948490142822
2014-02-18,7.729072093963623
2014-02-19,7.922062397003174
2014-02-20,7.855623245239258
2014-02-21,8.067596435546875
2014-02-24,8.11505126953125
2014-02-25,8.06126880645752
2014-02-26,7.991662979125977
2014-02-27,8.232110977172852
2014-02-28,8.197308540344238
2014-03-05,8.11505126953125
2014-03-06,8.478882789611816
2014-03-07,8.440918922424316
2014-03-10,8.02013874053955
2014-03-11,8.21945571899414
2014-03-12,8.130870819091797
2014-03-13,8.162507057189941
2014-03-14,7.8809332847595215
2014-03-17,7.884097099304199
2014-03-18,8.168835639953613
2014-03-19,8.254256248474121
2014-03-20,8.538995742797852
2014-03-21,8.643399238586426
2014-03-24,8.65921688079834
2014-03-25,8.510520935058594
2014-03-26,8.501028060913086
2014-03-27,8.690855979919434
2014-03-28,8.804752349853516
2014-03-31,8.90599250793457
2014-04-01,8.934466361999512
2014-04-02,8.953447341918945
2014-04-03,8.858535766601562
2014-04-04,8.918646812438965
2014-04-07,8.9597749710083
2014-04-08,9.076834678649902
2014-04-09,8.956612586975098
2014-04-10,8.871191024780273
2014-04-11,8.817407608032227
2014-04-14,8.858535766601562
2014-04-15,8.67503547668457
2014-04-16,8.703513145446777
2014-04-17,8.69402027130127
2014-04-22,8.637072563171387
2014-04-23,8.681365966796875
2014-04-24,8.589615821838379
2014-04-25,8.3839693069458
2014-04-28,8.447246551513672
2014-04-29,8.538995742797852
2014-04-30,8.665543556213379
2014-05-02,8.543804168701172
2014-05-05,8.491369247436523
2014-05-06,8.41598892211914
2014-05-07,8.399603843688965
2014-05-08,8.37338638305664
2014-05-09,8.07515811920166
2014-05-12,8.16036605834961
2014-05-13,8.157089233398438
2014-05-14,8.271790504455566
2014-05-15,8.17347526550293
2014-05-16,8.206246376037598
2014-05-19,8.078433990478516
2014-05-20,8.107930183410645
2014-05-21,8.180027961730957
2014-05-22,8.275071144104004
2014-05-23,8.176753044128418
2014-05-26,8.094820976257324
2014-05-27,7.901462554931641
2014-05-28,7.927678108215332
2014-05-29,7.832639694213867
2014-05-30,7.550795555114746
2014-06-02,7.583569049835205
2014-06-03,7.554073810577393
2014-06-04,7.636004447937012
2014-06-05,7.7015509605407715
2014-06-06,7.767095565795898
2014-06-09,7.796588897705078
2014-06-10,7.858858585357666
2014-06-11,7.940788745880127
2014-06-13,7.832639694213867
2014-06-16,7.7015509605407715
2014-06-17,7.593400001525879
2014-06-18,7.721212387084961
2014-06-20,7.675330638885498
2014-06-23,7.570457935333252
2014-06-24,7.547519683837891
2014-06-25,7.537686824798584
2014-06-26,7.485252380371094
2014-06-27,7.622896671295166
2014-06-30,7.675330638885498
2014-07-01,7.622896671295166
2014-07-02,7.603231430053711
2014-07-03,7.560628890991211
2014-07-04,7.534409046173096
2014-07-07,7.563903331756592
2014-07-08,7.527854919433594
2014-07-10,7.527854919433594
2014-07-11,7.639280796051025
2014-07-14,7.799866199493408
2014-07-15,7.626172065734863
2014-07-16,7.554073810577393
2014-07-17,7.537686824798584
2014-07-18,7.816253662109375
2014-07-21,7.52130126953125
2014-07-22,7.691719055175781
2014-07-23,7.537686824798584
2014-07-24,7.51802396774292
2014-07-25,7.590123653411865
2014-07-28,7.547519683837891
2014-07-29,7.557347774505615
2014-07-30,7.52130126953125
2014-07-31,7.373824119567871
2014-08-01,7.478695392608643
2014-08-04,7.550795555114746
2014-08-05,7.406596660614014
2014-08-06,7.327943801879883
2014-08-07,7.226349353790283
2014-08-08,7.341052532196045
2014-08-11,7.259121417999268
2014-08-12,7.2558441162109375
2014-08-13,7.259121417999268
2014-08-14,7.144415855407715
2014-08-15,7.193575382232666
2014-08-18,7.2558441162109375
2014-08-19,7.390209674835205
2014-08-20,7.472140312194824
2014-08-21,7.603231430053711
2014-08-22,7.40987491607666
2014-08-25,7.537686824798584
2014-08-26,7.531132221221924
2014-08-27,7.767095565795898
2014-08-28,7.799866199493408
2014-08-29,7.999780178070068
2014-09-01,8.363556861877441
2014-09-02,8.396327018737793
2014-09-03,8.625732421875
2014-09-04,8.54052448272705
2014-09-05,8.517586708068848
2014-09-08,8.242298126220703
2014-09-09,8.04238224029541
2014-09-10,8.00633430480957
2014-09-11,8.052216529846191
2014-09-12,7.829362869262695
2014-09-15,7.8031463623046875
2014-09-16,7.855581760406494
2014-09-17,7.809700965881348
2014-09-18,7.668776988983154
2014-09-19,7.678610324859619
2014-09-22,7.347606658935547
2014-09-23,7.252566337585449
2014-09-24,7.1804680824279785
2014-09-25,7.134586334228516
2014-09-26,7.354159355163574
2014-09-29,6.970721244812012
2014-09-30,6.882236957550049
2014-10-01,6.554510116577148
2014-10-02,6.587283134460449
2014-10-03,6.7183732986450195
2014-10-06,7.118197917938232
2014-10-07,7.131308555603027
2014-10-08,7.016603469848633
2014-10-09,7.21979284286499
2014-10-10,7.095256805419922
2014-10-13,7.3508830070495605
2014-10-14,7.144415855407715
2014-10-15,6.91828727722168
2014-10-16,6.767531871795654
2014-10-17,6.816689968109131
2014-10-20,7.010049343109131
2014-10-21,6.800303936004639
2014-10-22,6.685601234436035
2014-10-23,6.4398088455200195
2014-10-24,6.711818695068359
2014-10-27,6.357876300811768
2014-10-28,6.833077430725098
2014-10-29,6.84618616104126
2014-10-30,6.84290885925293
2014-10-31,6.947781085968018
2014-11-03,6.826523303985596
2014-11-04,6.86912727355957
2014-11-05,6.806858062744141
2014-11-06,6.567620277404785
2014-11-07,6.616776943206787
2014-11-10,6.433250904083252
2014-11-11,6.66921329498291
2014-11-12,7.078871250152588
2014-11-13,6.915009021759033
2014-11-14,6.8789591789245605
2014-11-17,6.74131441116333
2014-11-18,6.829799175262451
2014-11-19,7.1476945877075195
2014-11-21,7.390209674835205
2014-11-24,7.462310791015625
2014-11-25,7.27550745010376
2014-11-26,7.27550745010376
2014-11-27,7.357437610626221
2014-11-28,7.537686824798584
2014-12-01,7.651129722595215
2014-12-02,7.682702541351318
2014-12-03,7.626574516296387
2014-12-04,7.7002434730529785
2014-12-05,7.787944793701172
2014-12-08,7.6862101554870605
2014-12-09,7.6651611328125
2014-12-10,7.63007926940918
2014-12-11,7.5634260177612305
2014-12-12,7.1915693283081055
2014-12-15,7.0266923904418945
2014-12-16,7.0512471199035645
2014-12-17,7.226651191711426
2014-12-18,7.268747329711914
2014-12-19,7.426612854003906
2014-12-22,7.4897565841674805
2014-12-23,7.5143141746521
2014-12-26,7.44064474105835
2014-12-29,7.609032154083252
2014-12-30,7.717782020568848
2015-01-02,7.559920310974121
2015-01-05,7.138951301574707
2015-01-06,7.314355850219727
2015-01-07,7.531856536865234
2015-01-08,7.542380332946777
2015-01-09,7.156493186950684
2015-01-12,6.910925388336182
2015-01-13,7.121409893035889
2015-01-14,7.082821369171143
2015-01-15,6.767093658447266
2015-01-16,6.910925388336182
2015-01-19,6.700441360473633
2015-01-20,6.514512538909912
2015-01-21,6.661850452423096
2015-01-22,6.938992500305176
2015-01-23,6.612735748291016
2015-01-26,6.419793128967285
2015-01-27,6.314548492431641
2015-01-28,5.8549933433532715
2015-01-29,5.939185619354248
2015-01-30,5.756763935089111
2015-02-02,5.683094024658203
2015-02-03,5.79535436630249
2015-02-04,5.963742733001709
2015-02-05,6.1391472816467285
2015-02-06,5.911123752593994
2015-02-09,5.89357852935791
2015-02-10,5.8585004806518555
2015-02-11,5.6234588623046875
2015-02-12,5.739224433898926
2015-02-13,5.963742733001709
2015-02-18,5.946201801300049
2015-02-19,5.928662300109863
2015-02-20,6.068985462188721
2015-02-23,5.886566638946533
2015-02-24,5.9146294593811035
2015-02-25,6.033905506134033
2015-02-26,6.107574462890625
2015-02-27,6.174227714538574
2015-03-02,6.384713649749756
2015-03-03,6.489956855773926
2015-03-04,6.419793128967285
2015-03-05,6.514512538909912
2015-03-06,6.254913806915283
2015-03-09,6.033905506134033
2015-03-10,6.033905506134033
2015-03-11,6.1391472816467285
2015-03-12,6.402253150939941
2015-03-13,6.174227714538574
2015-03-16,6.121607780456543
2015-03-17,6.325076103210449
2015-03-18,6.489956855773926
2015-03-19,6.567134380340576
2015-03-20,6.7355217933654785
2015-03-23,6.875847339630127
2015-03-24,7.0512518882751465
2015-03-25,7.1038713455200195
2015-03-26,6.974071025848389
2015-03-27,7.072296619415283
2015-03-30,7.089836120605469
2015-03-31,7.0372185707092285
2015-04-01,7.342421054840088
2015-04-02,7.279276371002197
2015-04-06,7.437137126922607
2015-04-07,7.240683555603027
2015-04-08,7.209113597869873
2015-04-09,7.300322532653809
2015-04-10,7.1950788497924805
2015-04-13,7.268747329711914
2015-04-14,7.289796829223633
2015-04-15,7.268747329711914
2015-04-16,7.409073829650879
2015-04-17,7.261736869812012
2015-04-20,7.079314708709717
2015-04-22,7.019678592681885
2015-04-23,7.06879186630249
2015-04-24,7.247701644897461
2015-04-27,7.1950788497924805
2015-04-28,6.910925388336182
2015-04-29,6.700441360473633
2015-04-30,6.7355217933654785
2015-05-04,6.688218593597412
2015-05-05,6.25555419921875
2015-05-06,6.237013816833496
2015-05-07,6.062734127044678
2015-05-08,6.489163875579834
2015-05-11,6.541077613830566
2015-05-12,6.329716205596924
2015-05-13,6.407585144042969
2015-05-14,6.4409589767456055
2015-05-15,6.637487888336182
2015-05-18,6.481746673583984
2015-05-19,6.322299480438232
2015-05-20,6.381629467010498
2015-05-21,6.578157424926758
2015-05-22,6.415003776550293
2015-05-25,6.266678333282471
2015-05-26,5.988570213317871
2015-05-27,6.136896133422852
2015-05-28,6.070148468017578
2015-05-29,6.144312858581543
2015-06-01,6.073858737945557
2015-06-02,6.044193267822266
2015-06-03,6.0071120262146
2015-06-05,5.958908557891846
2015-06-08,5.9663238525390625
2015-06-09,5.962615489959717
2015-06-10,5.932949066162109
2015-06-11,5.892161846160889
2015-06-12,5.7623772621154785
2015-06-15,5.721587657928467
2015-06-16,5.636302471160889
2015-06-17,5.758670330047607
2015-06-18,5.729005813598633
2015-06-19,5.795750617980957
2015-06-22,5.821708679199219
2015-06-23,5.74754524230957
2015-06-24,5.773501873016357
2015-06-25,5.5361833572387695
2015-06-26,5.49910306930542
2015-06-29,5.432356834411621
2015-06-30,5.369319915771484
2015-07-01,5.532475471496582
2015-07-02,5.413817405700684
2015-07-03,5.361903190612793
2015-07-06,5.2506608963012695
2015-07-07,5.246953010559082
2015-07-08,5.354487419128418
2015-07-10,5.358194351196289
2015-07-13,5.347072124481201
2015-07-14,5.376735687255859
2015-07-15,5.413817405700684
2015-07-16,5.532475471496582
2015-07-17,5.380444526672363
2015-07-20,5.335947036743164
2015-07-21,5.291450500488281
2015-07-22,5.239537239074707
2015-07-23,5.046715259552002
2015-07-24,4.957720756530762
2015-07-27,4.913224697113037
2015-07-28,4.935473442077637
2015-07-29,5.083795547485352
2015-07-30,4.983678340911865
2015-07-31,5.187623023986816
2015-08-03,5.191330432891846
2015-08-04,5.024467945098877
2015-08-05,4.961429119110107
2015-08-06,4.890976905822754
2015-08-07,4.790857791900635
2015-08-10,4.805690765380859
2015-08-11,4.890976905822754
2015-08-12,4.738943576812744
2015-08-13,4.820521831512451
2015-08-14,4.894684314727783
2015-08-17,4.946597576141357
2015-08-18,4.954011917114258
2015-08-19,4.935473442077637
2015-08-20,4.983678340911865
2015-08-21,4.85389518737793
2015-08-24,4.7463603019714355
2015-08-25,4.86872673034668
2015-08-26,4.976261615753174
2015-08-27,5.098628520965576
2015-08-28,5.072672367095947
2015-08-31,4.887267589569092
2015-09-01,4.598036289215088
2015-09-02,4.564663410186768
2015-09-03,4.712986946105957
2015-09-04,4.601744651794434
2015-09-08,4.534998893737793
2015-09-09,4.557247161865234
2015-09-10,4.468253135681152
2015-09-11,4.564663410186768
2015-09-14,4.523873329162598
2015-09-15,4.5906195640563965
2015-09-16,4.85389518737793
2015-09-17,4.965137481689453
2015-09-18,4.764901161193848
2015-09-21,4.579495429992676
2015-09-22,4.4942097663879395
2015-09-23,4.523873329162598
2015-09-24,4.457129001617432
2015-09-25,4.460836887359619
2015-09-28,4.275432109832764
2015-09-29,4.357010841369629
2015-09-30,4.286556243896484
2015-10-01,4.612868785858154
2015-10-02,4.653657913208008
2015-10-05,4.902101039886475
2015-10-06,4.876142978668213
2015-10-07,4.983678340911865
2015-10-08,5.031883239746094
2015-10-09,5.172791004180908
2015-10-13,5.135711193084717
2015-10-14,4.95030403137207
2015-10-15,5.046715259552002
2015-10-16,4.894684314727783
2015-10-19,4.820521831512451
2015-10-20,4.872435092926025
2015-10-21,4.8093976974487305
2015-10-22,4.894684314727783
2015-10-23,4.820521831512451
2015-10-26,4.7463603019714355
2015-10-27,4.876142978668213
2015-10-28,4.991095066070557
2015-10-29,4.798274040222168
2015-10-30,4.7092790603637695
2015-11-03,4.894684314727783
2015-11-04,4.872435092926025
2015-11-05,4.8390631675720215
2015-11-06,4.683321475982666
2015-11-09,4.638824462890625
2015-11-10,4.568370819091797
2015-11-11,4.690738677978516
2015-11-12,4.627702236175537
2015-11-13,4.764901161193848
2015-11-16,4.876142978668213
2015-11-17,4.790857791900635
2015-11-18,4.790857791900635
2015-11-19,4.894684314727783
2015-11-23,5.013343334197998
2015-11-24,4.946597576141357
2015-11-25,4.861310958862305
2015-11-26,5.005926609039307
2015-11-27,4.968846321105957
2015-11-30,4.857603549957275
2015-12-01,4.787149429321289
2015-12-02,4.798274040222168
2015-12-03,4.876142978668213
2015-12-04,4.687030792236328
2015-12-07,4.542415142059326
2015-12-08,4.542415142059326
2015-12-09,4.6721978187561035
2015-12-10,4.820521831512451
2015-12-11,4.801981449127197
2015-12-14,4.653657913208008
2015-12-15,4.6721978187561035
2015-12-16,4.712986946105957
2015-12-17,4.798274040222168
2015-12-18,4.560955047607422
2015-12-21,4.560955047607422
2015-12-22,4.560955047607422
2015-12-23,4.6721978187561035
2015-12-28,4.657365322113037
2015-12-29,4.653657913208008
2015-12-30,4.731526851654053
2016-01-04,4.46454381942749
2016-01-05,4.542415142059326
2016-01-06,4.468253135681152
2016-01-07,4.449713230133057
2016-01-08,4.560955047607422
2016-01-11,4.598036289215088
2016-01-12,4.516458988189697
2016-01-13,4.560955047607422
2016-01-14,4.560955047607422
2016-01-15,4.523873329162598
2016-01-18,4.560955047607422
2016-01-19,4.620284557342529
2016-01-20,4.523873329162598
2016-01-21,4.523873329162598
2016-01-22,4.479377269744873
2016-01-26,4.345885276794434
2016-01-27,4.301389694213867
2016-01-28,4.438588619232178
2016-01-29,4.579495429992676
2016-02-01,4.7092790603637695
2016-02-02,4.635117053985596
2016-02-03,4.7463603019714355
2016-02-04,4.783440589904785
2016-02-05,4.913224697113037
2016-02-10,4.827938556671143
2016-02-11,4.575788497924805
2016-02-12,4.579495429992676
2016-02-15,4.635117053985596
2016-02-16,4.720403671264648
2016-02-17,4.772317409515381
2016-02-18,4.801981449127197
2016-02-19,4.8093976974487305
2016-02-22,4.913224697113037
2016-02-23,4.7463603019714355
2016-02-24,4.5943284034729
2016-02-25,4.794565200805664
2016-02-26,4.865018844604492
2016-02-29,4.968846321105957
2016-03-01,4.972553730010986
2016-03-02,4.842770576477051
2016-03-03,5.365612506866455
2016-03-04,5.606637954711914
2016-03-07,5.358194351196289
2016-03-08,5.436066150665283
2016-03-09,5.321114540100098
2016-03-10,5.7104644775390625
2016-03-11,5.914410591125488
2016-03-14,5.803166389465332
2016-03-15,5.521351337432861
2016-03-16,5.65855073928833
2016-03-17,5.866204738616943
2016-03-18,6.044193267822266
2016-03-21,5.958908557891846
2016-03-22,6.062734127044678
2016-03-23,6.0479021072387695
2016-03-24,5.903285026550293
2016-03-28,6.114645957946777
2016-03-29,6.136896133422852
2016-03-30,6.148020267486572
2016-03-31,6.051609992980957
2016-04-01,6.0071120262146
2016-04-04,5.840247631072998
2016-04-05,5.903285026550293
2016-04-06,5.736422061920166
2016-04-07,5.725296974182129
2016-04-08,6.173977375030518
2016-04-11,6.159143924713135
2016-04-12,6.429834365844727
2016-04-13,6.311175346374512
2016-04-14,6.277803897857666
2016-04-15,6.30375862121582
2016-04-18,6.455791473388672
2016-04-19,6.4335432052612305
2016-04-20,6.185100555419922
2016-04-22,5.895869255065918
2016-04-25,5.795750617980957
2016-04-26,6.0071120262146
2016-04-27,6.25555419921875
2016-04-28,6.300052642822266
2016-04-29,6.192517280578613
2016-05-02,6.431077003479004
2016-05-03,6.199177265167236
2016-05-04,6.286139965057373
2016-05-05,6.236447811126709
2016-05-06,6.0956501960754395
2016-05-09,6.141202926635742
2016-05-10,6.439359188079834
2016-05-11,6.625705242156982
2016-05-12,6.936286449432373
2016-05-13,6.890734672546387
2016-05-16,6.700245380401611
2016-05-17,6.476629257202148
2016-05-18,6.257153034210205
2016-05-19,6.335831642150879
2016-05-20,6.294422626495361
2016-05-23,6.257153034210205
2016-05-24,6.294422626495361
2016-05-25,6.3109846115112305
2016-05-27,6.46006441116333
2016-05-30,6.335831642150879
2016-05-31,6.526320934295654
2016-06-01,6.464207172393799
2016-06-02,6.418654918670654
2016-06-03,6.580155372619629
2016-06-06,6.509757041931152
2016-06-07,6.530463218688965
2016-06-08,6.82861852645874
2016-06-09,6.874171733856201
2016-06-10,6.547028064727783
2016-06-13,6.468347072601318
2016-06-14,6.422794342041016
2016-06-15,6.522180080413818
2016-06-16,6.580155372619629
2016-06-17,6.501475811004639
2016-06-20,6.617425441741943
2016-06-21,6.679539680480957
2016-06-22,6.687823295593262
2016-06-23,6.894876480102539
2016-06-24,6.708528995513916
2016-06-27,6.551167011260986
2016-06-28,6.534603595733643
2016-06-29,6.7416582107543945
2016-06-30,6.625705242156982
2016-07-01,6.501475811004639
2016-07-04,6.687823295593262
2016-07-05,6.832759857177734
2016-07-06,6.82033634185791
2016-07-07,6.7913498878479
2016-07-08,7.060519218444824
2016-07-11,7.101932048797607
2016-07-12,6.940427303314209
2016-07-13,6.874171733856201
2016-07-14,7.039813041687012
2016-07-15,7.101932048797607
2016-07-18,7.246867656707764
2016-07-19,7.453919410705566
2016-07-20,7.391805648803711
2016-07-21,7.4622015953063965
2016-07-22,7.4746246337890625
2016-07-25,7.5367431640625
2016-07-26,7.288277626037598
2016-07-27,7.366959571838379
2016-07-28,7.246867656707764
2016-07-29,7.37109899520874
2016-08-01,7.4456400871276855
2016-08-02,7.441498756408691
2016-08-03,7.4622015953063965
2016-08-04,7.565730094909668
2016-08-05,7.507753849029541
2016-08-08,7.3131256103515625
2016-08-09,7.366959571838379
2016-08-10,7.060519218444824
2016-08-11,7.039813041687012
2016-08-12,7.151622295379639
2016-08-15,7.205456256866455
2016-08-16,7.122636318206787
2016-08-17,7.039813041687012
2016-08-18,7.0563788414001465
2016-08-19,7.122636318206787
2016-08-22,6.965274810791016
2016-08-23,6.853464126586914
2016-08-24,6.956993579864502
2016-08-25,6.853464126586914
2016-08-26,6.7292351722717285
2016-08-29,6.894876480102539
2016-08-30,6.87831449508667
2016-08-31,6.870031356811523
2016-09-01,6.7292351722717285
2016-09-02,6.7416582107543945
2016-09-05,6.890734672546387
2016-09-06,6.762364387512207
2016-09-08,6.845183849334717
2016-09-09,6.538745403289795
2016-09-12,6.576014041900635
2016-09-13,6.522180080413818
2016-09-14,6.5677313804626465
2016-09-15,6.571874618530273
2016-09-16,6.489052772521973
2016-09-19,6.468347072601318
2016-09-20,6.422794342041016
2016-09-21,6.476629257202148
2016-09-22,6.580155372619629
2016-09-23,6.480770111083984
2016-09-26,6.294422626495361
2016-09-27,6.335831642150879
2016-09-28,6.4559245109558105
2016-09-29,6.418654918670654
2016-09-30,6.302703857421875
2016-10-03,6.3482561111450195
2016-10-04,6.344115734100342
2016-10-05,6.37310266494751
2016-10-06,6.439359188079834
2016-10-07,6.335831642150879
2016-10-10,6.3648200035095215
2016-10-11,6.518039226531982
2016-10-13,6.37310266494751
2016-10-14,6.49319314956665
2016-10-17,6.4849090576171875
2016-10-18,6.633990287780762
2016-10-19,6.770645618438721
2016-10-20,6.7830681800842285
2016-10-21,6.83690071105957
2016-10-24,7.060519218444824
2016-10-25,6.832759857177734
2016-10-26,6.911440849304199
2016-10-27,7.060519218444824
2016-10-28,6.874171733856201
2016-10-31,6.845183849334717
2016-11-01,6.625705242156982
2016-11-03,6.547028064727783
2016-11-04,6.5677313804626465
2016-11-07,6.853464126586914
2016-11-08,6.874171733856201
2016-11-09,6.832759857177734
2016-11-10,6.397948265075684
2016-11-11,6.025252819061279
2016-11-14,6.0045485496521
2016-11-16,6.128779888153076
2016-11-17,6.091509819030762
2016-11-18,5.975558757781982
2016-11-21,5.8761725425720215
2016-11-22,5.917585849761963
2016-11-23,5.967277526855469
2016-11-24,6.033535957336426
2016-11-25,5.946572303771973
2016-11-28,6.166048526763916
2016-11-29,6.087368965148926
2016-11-30,6.1080732345581055
2016-12-01,5.938291072845459
2016-12-02,6.062521934509277
2016-12-05,6.13292121887207
2016-12-06,6.224023342132568
2016-12-07,6.2819976806640625
2016-12-08,6.261294364929199
2016-12-09,6.4352192878723145
2016-12-12,6.149484157562256
2016-12-13,6.253012657165527
2016-12-14,6.103931903839111
2016-12-15,6.08322811126709
2016-12-16,6.116354942321777
2016-12-19,6.045958042144775
2016-12-20,6.021111011505127
2016-12-21,6.099792003631592
2016-12-22,6.103931903839111
2016-12-23,6.232306480407715
2016-12-26,6.31926965713501
2016-12-27,6.306845188140869
2016-12-28,6.4559245109558105
2016-12-29,6.480770111083984
2017-01-02,6.563591480255127
2017-01-03,6.956993579864502
2017-01-04,7.226163387298584
2017-01-05,7.391805648803711
2017-01-06,7.184751033782959
2017-01-09,7.453919410705566
2017-01-10,7.337971210479736
2017-01-11,7.5367431640625
2017-01-12,7.7893476486206055
2017-01-13,7.702385425567627
2017-01-16,7.549166202545166
2017-01-17,7.9094390869140625
2017-01-18,7.66925573348999
2017-01-19,7.582292556762695
2017-01-20,7.631986141204834
2017-01-23,7.59885835647583
2017-01-24,7.607141494750977
2017-01-26,7.607141494750977
2017-01-27,7.5367431640625
2017-01-30,7.395946979522705
2017-01-31,7.56158971786499
2017-02-01,7.553307056427002
2017-02-02,7.739655017852783
2017-02-03,8.087503433227539
2017-02-06,8.232439994812012
2017-02-07,8.012965202331543
2017-02-08,8.033671379089355
2017-02-09,8.199313163757324
2017-02-10,8.157902717590332
2017-02-13,7.996402263641357
2017-02-14,7.95913028717041
2017-02-15,7.930146217346191
2017-02-16,7.946706771850586
2017-02-17,8.008824348449707
2017-02-20,8.22001838684082
2017-02-21,8.282135009765625
2017-02-22,8.162044525146484
2017-02-23,7.917721271514893
2017-02-24,7.95913028717041
2017-03-01,7.979834079742432
2017-03-02,7.988120079040527
2017-03-03,8.095785140991211
2017-03-06,8.315262794494629
2017-03-07,8.364954948425293
2017-03-08,8.054373741149902
2017-03-09,8.02953052520752
2017-03-10,8.3235445022583
2017-03-13,8.634124755859375
2017-03-14,8.39808464050293
2017-03-15,8.3235445022583
2017-03-16,8.460198402404785
2017-03-17,8.095785140991211
2017-03-20,8.162044525146484
2017-03-21,8.07922077178955
2017-03-22,8.236580848693848
2017-03-23,8.364954948425293
2017-03-24,8.302838325500488
2017-03-27,8.157902717590332
2017-03-28,8.149619102478027
2017-03-29,8.021248817443848
2017-03-30,8.033671379089355
2017-03-31,7.971552848815918
2017-04-03,8.157902717590332
2017-04-04,7.996402263641357
2017-04-05,7.714807510375977
2017-04-06,7.880453109741211
2017-04-07,7.930146217346191
2017-04-10,7.9094390869140625
2017-04-11,8.041954040527344
2017-04-12,7.934284210205078
2017-04-13,7.967413425445557
2017-04-17,8.261428833007812
2017-04-18,8.08336353302002
2017-04-19,8.004683494567871
2017-04-20,8.07922077178955
2017-04-24,8.041954040527344
2017-04-25,8.435352325439453
2017-04-26,8.364954948425293
2017-04-27,8.261428833007812
2017-04-28,8.414649963378906
2017-05-02,8.96264362335205
2017-05-03,9.207718849182129
2017-05-04,9.085179328918457
2017-05-05,8.971395492553711
2017-05-08,8.927633285522461
2017-05-09,9.076427459716797
2017-05-10,9.321497917175293
2017-05-11,9.4440336227417
2017-05-12,9.601583480834961
2017-05-15,9.430906295776367
2017-05-16,9.654097557067871
2017-05-17,9.317124366760254
2017-05-18,8.118019104003906
2017-05-19,8.183662414550781
2017-05-22,7.711023330688477
2017-05-23,7.855441570281982
2017-05-24,8.244932174682617
2017-05-25,7.9342145919799805
2017-05-26,8.012989044189453
2017-05-29,8.012989044189453
2017-05-30,7.942966938018799
2017-05-31,7.7854228019714355
2017-06-01,7.636627674102783
2017-06-02,7.6760149002075195
2017-06-05,7.680389404296875
2017-06-06,7.824810028076172
2017-06-07,7.855441570281982
2017-06-08,7.807302951812744
2017-06-09,8.008611679077148
2017-06-12,7.820433616638184
2017-06-13,7.824810028076172
2017-06-14,7.986731052398682
2017-06-15,7.986731052398682
2017-06-16,7.811679363250732
2017-06-19,7.833561420440674
2017-06-20,7.645379543304443
2017-06-21,7.527221202850342
2017-06-22,7.5447258949279785
2017-06-23,7.592864513397217
2017-06-26,7.719778060913086
2017-06-27,7.702271461486816
2017-06-28,7.702271461486816
2017-06-29,7.746035099029541
2017-06-30,7.767916679382324
2017-07-03,7.859817028045654
2017-07-04,7.864195346832275
2017-07-05,7.724153995513916
2017-07-06,7.767916679382324
2017-07-07,7.899202823638916
2017-07-10,7.842313766479492
2017-07-11,7.87732458114624
2017-07-12,8.25368595123291
2017-07-13,8.358717918395996
2017-07-14,8.393726348876953
2017-07-17,8.319330215454102
2017-07-18,8.271188735961914
2017-07-19,8.126773834228516
2017-07-20,8.314949989318848
2017-07-21,8.468120574951172
2017-07-24,8.700065612792969
2017-07-25,8.511886596679688
2017-07-26,8.490001678466797
2017-07-27,8.542521476745605
2017-07-28,8.56002426147461
2017-07-31,8.568777084350586
2017-08-01,8.529390335083008
2017-08-02,8.905754089355469
2017-08-03,8.914504051208496
2017-08-04,8.708819389343262
2017-08-07,8.86636734008789
2017-08-08,9.01516056060791
2017-08-09,9.089556694030762
2017-08-10,8.95826530456543
2017-08-11,9.01516056060791
2017-08-14,9.14644718170166
2017-08-15,8.967019081115723
2017-08-16,9.14644718170166
2017-08-17,9.06767463684082
2017-08-18,9.085179328918457
2017-08-21,9.050169944763184
2017-08-22,9.312747955322266
2017-08-23,9.072052001953125
2017-08-24,8.993279457092285
2017-08-25,9.14644718170166
2017-08-28,9.2996187210083
2017-08-29,9.614713668823242
2017-08-30,9.890416145324707
2017-08-31,9.75037670135498
2017-09-01,9.60595703125
2017-09-04,9.614713668823242
2017-09-05,10.021706581115723
2017-09-06,10.152995109558105
2017-09-07,10.152995109558105
2017-09-08,10.091726303100586
2017-09-11,10.371809959411621
2017-09-12,10.249273300170898
2017-09-13,10.297412872314453
2017-09-14,10.52935791015625
2017-09-15,10.695655822753906
2017-09-18,11.137660026550293
2017-09-19,11.347723007202148
2017-09-20,10.918848037719727
2017-09-21,10.93635368347168
2017-09-22,10.503096580505371
2017-09-25,9.999826431274414
2017-09-26,9.890416145324707
2017-09-27,9.675980567932129
2017-09-28,9.671602249145508
2017-09-29,9.84665584564209
2017-10-02,9.999826431274414
2017-10-03,10.109230995178223
2017-10-04,10.48121452331543
2017-10-05,10.568743705749512
2017-10-06,10.358681678771973
2017-10-09,10.450582504272461
2017-10-10,10.503096580505371
2017-10-11,10.64313793182373
2017-10-12,10.64313793182373
2017-10-13,10.60813045501709
2017-10-16,10.53810977935791
2017-10-17,10.209887504577637
2017-10-18,10.065468788146973
2017-10-19,9.973565101623535
2017-10-20,9.890416145324707
2017-10-23,9.934178352355957
2017-10-24,9.807268142700195
2017-10-25,9.912299156188965
2017-10-26,9.802892684936523
2017-10-27,9.921052932739258
2017-10-30,9.715365409851074
2017-10-31,9.409025192260742
2017-11-01,9.75037670135498
2017-11-02,9.75037670135498
2017-11-03,9.619088172912598
2017-11-06,9.49217700958252
2017-11-07,9.25585651397705
2017-11-08,9.430906295776367
2017-11-09,9.417778968811035
2017-11-10,9.177083015441895
2017-11-13,8.993279457092285
2017-11-14,8.927633285522461
2017-11-15,8.927633285522461
2017-11-16,9.343382835388184
2017-11-17,9.50968074798584
2017-11-20,9.50968074798584
2017-11-21,10.065468788146973
2017-11-22,9.894794464111328
2017-11-23,9.851031303405762
2017-11-24,10.1486177444458
2017-11-27,10.20113468170166
2017-11-28,10.113608360290527
2017-11-29,9.912299156188965
2017-11-30,9.518434524536133
2017-12-01,9.356510162353516
2017-12-04,10.152995109558105
2017-12-05,10.393691062927246
2017-12-06,10.573118209838867
2017-12-07,10.282835006713867
2017-12-08,10.38123893737793
2017-12-11,10.332037925720215
2017-12-12,10.38123893737793
2017-12-13,10.248396873474121
2017-12-14,10.051595687866211
2017-12-15,10.258238792419434
2017-12-18,10.627238273620605
2017-12-19,10.38123893737793
2017-12-20,10.351720809936523
2017-12-21,10.533758163452148
2017-12-22,10.484559059143066
2017-12-25,10.484559059143066
2017-12-26,10.528839111328125
2017-12-27,10.55836009979248
2017-12-28,10.651839256286621
2017-12-29,10.651839256286621
2018-01-02,10.883081436157227
2018-01-03,10.794519424438477
2018-01-04,10.971638679504395
2018-01-05,10.69611930847168
2018-01-08,10.745316505432129
2018-01-09,10.523920059204102
2018-01-10,10.504237174987793
2018-01-11,10.553438186645508
2018-01-12,10.386157989501953
2018-01-15,10.715798377990723
2018-01-16,10.59279727935791
2018-01-17,10.794519424438477
2018-01-18,11.006077766418457
2018-01-19,10.760079383850098
2018-01-22,10.8240385055542
2018-01-23,10.68135929107666
2018-01-24,10.971638679504395
2018-01-25,10.971638679504395
2018-01-26,11.252079963684082
2018-01-29,11.060198783874512
2018-01-30,10.873241424560547
2018-01-31,10.961800575256348
2018-02-01,11.109400749206543
2018-02-02,11.045439720153809
2018-02-05,10.897839546203613
2018-02-06,10.848640441894531
2018-02-07,10.78960132598877
2018-02-08,11.006077766418457
2018-02-09,10.922439575195312
2018-02-14,11.3160400390625
2018-02-15,11.6063232421875
2018-02-16,11.562042236328125
2018-02-19,11.744081497192383
2018-02-20,11.69980239868164
2018-02-21,11.847403526306152
2018-02-22,11.758843421936035
2018-02-23,11.94088363647461
2018-02-26,12.152443885803223
2018-02-27,12.10816764831543
2018-02-28,11.960564613342285
2018-03-01,12.054043769836426
2018-03-02,12.078643798828125
2018-03-05,12.206562042236328
2018-03-06,12.029443740844727
2018-03-07,12.191803932189941
2018-03-08,12.23116397857666
2018-03-09,12.250845909118652
2018-03-12,12.550966262817383
2018-03-13,12.265604972839355
2018-03-14,12.063883781433105
2018-03-15,11.931044578552246
2018-03-16,11.70964241027832
2018-03-19,11.537442207336426
2018-03-20,11.52760124206543
2018-03-21,11.178279876708984
2018-03-22,11.237319946289062
2018-03-23,11.025762557983398
2018-03-26,11.217641830444336
2018-03-27,11.15368366241455
2018-03-28,10.873241424560547
2018-03-29,11.355400085449219
2018-04-02,10.956878662109375
2018-04-03,10.794519424438477
2018-04-04,10.769918441772461
2018-04-05,11.370161056518555
2018-04-06,10.976558685302734
2018-04-09,10.499317169189453
2018-04-10,10.332037925720215
2018-04-11,10.410757064819336
2018-04-12,10.356637954711914
2018-04-13,10.243476867675781
2018-04-16,10.16475772857666
2018-04-17,10.209037780761719
2018-04-18,10.479637145996094
2018-04-19,10.243476867675781
2018-04-20,10.18935775756836
2018-04-23,10.1450777053833
2018-04-24,10.086037635803223
2018-04-25,9.96303653717041
2018-04-26,9.972875595092773
2018-04-27,10.061436653137207
2018-04-30,10.14547348022461
2018-05-02,10.170709609985352
2018-05-03,9.782051086425781
2018-05-04,9.842621803283691
2018-05-07,10.044522285461426
2018-05-08,9.847670555114746
2018-05-09,9.97890567779541
2018-05-10,10.630030632019043
2018-05-11,10.392799377441406
2018-05-14,10.069758415222168
2018-05-15,9.676054000854492
2018-05-16,10.190898895263672
2018-05-17,9.696245193481445
2018-05-18,10.04957103729248
2018-05-21,9.872907638549805
2018-05-22,10.322134971618652
2018-05-23,10.120232582092285
2018-05-24,10.100045204162598
2018-05-25,9.792146682739258
2018-05-28,9.29244613647461
2018-05-29,9.262161254882812
2018-05-30,9.080451011657715
2018-06-01,9.267206192016602
2018-06-04,9.363109588623047
2018-06-05,9.045117378234863
2018-06-06,8.893691062927246
2018-06-07,8.378846168518066
2018-06-08,8.54036808013916
2018-06-11,8.378846168518066
2018-06-12,8.429322242736816
2018-06-13,8.282944679260254
2018-06-14,8.065902709960938
2018-06-15,8.081046104431152
2018-06-18,7.94981050491333
2018-06-19,8.197136878967285
2018-06-20,8.378846168518066
2018-06-21,8.126472473144531
2018-06-22,8.035615921020508
2018-06-25,8.096186637878418
2018-06-26,8.075996398925781
2018-06-27,8.025521278381348
2018-06-28,7.990189075469971
2018-06-29,8.141613960266113
2018-07-02,8.222375869750977
2018-07-03,8.1466646194458
2018-07-04,8.252662658691406
2018-07-05,8.474752426147461
2018-07-06,8.535321235656738
2018-07-10,8.580747604370117
2018-07-11,8.293039321899414
2018-07-12,8.767508506774902
2018-07-13,8.88359546661377
2018-07-16,8.696840286254883
2018-07-17,8.621126174926758
2018-07-18,8.535321235656738
2018-07-19,8.782647132873535
2018-07-20,9.11578369140625
2018-07-23,8.908833503723145
2018-07-24,9.29244613647461
2018-07-25,9.585200309753418
2018-07-26,9.25206470489502
2018-07-27,8.959312438964844
2018-07-30,8.88359546661377
2018-07-31,8.742266654968262
2018-08-01,9.02492904663086
2018-08-02,8.903786659240723
2018-08-03,9.09559154510498
2018-08-06,9.06530475616455
2018-08-07,9.090545654296875
2018-08-08,8.97950267791748
2018-08-09,8.66655445098877
2018-08-10,8.555510520935059
2018-08-13,8.383894920349121
2018-08-14,8.828075408935547
2018-08-15,8.641317367553711
2018-08-16,8.479798316955566
2018-08-17,8.368753433227539
2018-08-20,8.166851997375488
2018-08-21,7.914478302001953
2018-08-22,8.141613960266113
2018-08-23,8.045711517333984
2018-08-24,8.121426582336426
2018-08-27,8.378846168518066
2018-08-28,8.287991523742676
2018-08-29,8.308183670043945
2018-08-30,8.24256706237793
2018-08-31,8.10123348236084
2018-09-03,8.10123348236084
2018-09-04,7.94981050491333
2018-09-05,8.00533390045166
2018-09-06,7.959906101226807
2018-09-10,8.126472473144531
2018-09-11,8.040664672851562
2018-09-12,8.081046104431152
2018-09-13,7.894287109375
2018-09-14,8.000285148620605
2018-09-17,8.313230514526367
2018-09-18,8.293039321899414
2018-09-19,8.545413970947266
2018-09-20,8.358657836914062
2018-09-21,8.368753433227539
2018-09-24,8.479798316955566
2018-09-25,8.30313777923584
2018-09-26,8.383894920349121
2018-09-27,8.661507606506348
2018-09-28,8.479798316955566
2018-10-01,8.333419799804688
2018-10-02,8.72712516784668
2018-10-03,9.469107627868652
2018-10-04,9.398442268371582
2018-10-05,9.514533996582031
2018-10-08,9.928426742553711
2018-10-09,10.261565208435059
2018-10-10,9.817384719848633
2018-10-11,9.489296913146973
2018-10-15,9.47920036315918
2018-10-16,9.716435432434082
2018-10-17,9.943573951721191
2018-10-18,9.73157787322998
2018-10-19,10.014237403869629
2018-10-22,11.003547668457031
2018-10-23,11.165068626403809
2018-10-24,11.144877433776855
2018-10-25,11.018688201904297
2018-10-26,11.165068626403809
2018-10-29,11.20544719696045
2018-10-30,11.992856979370117
2018-10-31,12.103901863098145
2018-11-01,11.70514965057373
2018-11-05,11.558772087097168
2018-11-06,11.40734577178955
2018-11-07,11.154973983764648
2018-11-08,10.85212230682373
2018-11-09,11.104496955871582
2018-11-12,11.281160354614258
2018-11-13,10.942976951599121
2018-11-14,11.43258285522461
2018-11-16,11.684957504272461
2018-11-19,11.639532089233398
2018-11-21,11.735435485839844
2018-11-22,11.841431617736816
2018-11-23,11.71524429321289
2018-11-26,11.392206192016602
2018-11-27,11.599151611328125
2018-11-28,11.745529174804688
2018-11-29,11.790956497192383
2018-11-30,11.609247207641602
2018-12-03,11.614294052124023
2018-12-04,11.76067066192627
2018-12-05,11.997903823852539
2018-12-06,11.811147689819336
2018-12-07,12.053426742553711
2018-12-10,11.952478408813477
2018-12-11,12.174566268920898
2018-12-12,12.331039428710938
2018-12-13,12.462274551391602
2018-12-14,12.341135025024414
2018-12-17,12.219993591308594
2018-12-18,12.35123062133789
2018-12-19,12.285612106323242
2018-12-20,12.260374069213867
2018-12-21,12.164472579956055
2018-12-26,12.068570137023926
2018-12-27,12.245231628417969
2018-12-28,12.6288423538208
2019-01-02,13.012453079223633
2019-01-03,13.052830696105957
2019-01-04,13.002354621887207
2019-01-07,12.73483943939209
2019-01-08,12.548080444335938
2019-01-09,12.568272590637207
2019-01-10,12.87617015838623
2019-01-11,12.931689262390137
2019-01-14,12.916550636291504
2019-01-15,12.87112045288086
2019-01-16,12.770173072814941
2019-01-17,13.350635528564453
2019-01-18,13.486915588378906
2019-01-21,13.446537971496582
2019-01-22,13.274922370910645
2019-01-23,13.608055114746094
2019-01-24,14.032044410705566
2019-01-28,14.032044410705566
2019-01-29,13.860428810119629
2019-01-30,13.915953636169434
2019-01-31,13.976529121398926
2019-02-01,14.06233024597168
2019-02-04,14.132997512817383
2019-02-05,14.294517517089844
2019-02-06,14.05728530883789
2019-02-07,13.688817977905273
2019-02-08,13.638341903686523
2019-02-11,14.006810188293457
2019-02-12,13.804909706115723
2019-02-13,13.628247261047363
2019-02-14,13.618154525756836
2019-02-15,13.285017967224121
2019-02-18,13.365777015686035
2019-02-19,13.168923377990723
2019-02-20,13.123497009277344
2019-02-21,13.13863754272461
2019-02-22,13.214353561401367
2019-02-25,13.11340045928955
2019-02-26,13.073022842407227
2019-02-27,13.461682319641113
2019-02-28,13.461682319641113
2019-03-01,13.365777015686035
2019-03-06,13.249685287475586
2019-03-07,13.057879447937012
2019-03-08,13.729198455810547
2019-03-11,13.830144882202148
2019-03-12,13.663579940795898
2019-03-13,13.754430770874023
2019-03-14,13.804909706115723
2019-03-15,13.840241432189941
2019-03-18,13.729198455810547
2019-03-19,13.804909706115723
2019-03-20,14.006810188293457
2019-03-21,13.830144882202148
2019-03-22,13.037689208984375
2019-03-25,13.173971176147461
2019-03-26,13.471774101257324
2019-03-27,12.997307777404785
2019-03-28,13.274922370910645
2019-03-29,13.527297973632812
2019-04-01,13.719099044799805
2019-04-02,13.658531188964844
2019-04-03,13.527297973632812
2019-04-04,13.527297973632812
2019-04-05,13.744338989257812
2019-04-08,13.572723388671875
2019-04-09,13.31025218963623
2019-04-10,13.31025218963623
2019-04-11,13.118449211120605
2019-04-12,12.502655982971191
2019-04-15,12.926643371582031
2019-04-16,12.896357536315918
2019-04-17,12.699505805969238
2019-04-18,12.87112045288086
2019-04-22,12.850931167602539
2019-04-23,13.118449211120605
2019-04-24,12.921595573425293
2019-04-25,13.239590644836426
2019-04-26,13.436441421508789
2019-04-29,13.410982131958008
2019-04-30,13.306307792663574
2019-05-02,13.17700481414795
2019-05-03,12.715189933776855
2019-05-06,12.955333709716797
2019-05-07,13.164688110351562
2019-05-08,13.189315795898438
2019-05-09,13.361725807189941
2019-05-10,13.484874725341797
2019-05-13,12.918389320373535
2019-05-14,13.152373313903809
2019-05-15,12.789078712463379
2019-05-16,12.438104629516602
2019-05-17,12.29648208618164
2019-05-20,12.838339805603027
2019-05-21,12.979961395263672
2019-05-22,12.789078712463379
2019-05-23,12.745978355407715
2019-05-24,12.499678611755371
2019-05-27,12.776766777038574
2019-05-28,12.918389320373535
2019-05-29,12.930702209472656
2019-05-30,13.269365310668945
2019-05-31,13.546446800231934
2019-06-03,13.361725807189941
2019-06-04,13.546446800231934
2019-06-05,13.792747497558594
2019-06-06,14.100624084472656
2019-06-07,14.519329071044922
2019-06-10,14.303820610046387
2019-06-11,14.531643867492676
2019-06-12,14.543959617614746
2019-06-13,14.925724983215332
2019-06-14,15.393692016601562
2019-06-17,15.50452995300293
2019-06-18,15.393692016601562
2019-06-19,15.516845703125
2019-06-21,15.886292457580566
2019-06-24,15.935550689697266
2019-06-25,15.479899406433105
2019-06-26,15.584578514099121
2019-06-27,15.65230941772461
2019-06-28,15.82471752166748
2019-07-01,15.98481273651123
2019-07-02,16.255739212036133
2019-07-03,16.545143127441406
2019-07-04,17.259408950805664
2019-07-05,17.764324188232422
2019-07-08,18.1645565032959
2019-07-10,18.40470314025879
2019-07-11,18.041410446166992
2019-07-12,17.90594482421875
2019-07-15,17.8566837310791
2019-07-16,18.21381950378418
2019-07-17,18.133771896362305
2019-07-18,19.205169677734375
2019-07-19,18.65715980529785
2019-07-22,18.65715980529785
2019-07-23,18.79878044128418
2019-07-24,19.09433937072754
2019-07-25,19.100492477416992
2019-07-26,19.72239875793457
2019-07-29,19.81475830078125
2019-07-30,20.19036865234375
2019-07-31,20.227312088012695
2019-08-01,21.089359283447266
2019-08-02,20.836902618408203
2019-08-05,20.085689544677734
2019-08-06,20.8800048828125
2019-08-07,21.815940856933594
2019-08-08,21.803627014160156
2019-08-09,21.951406478881836
2019-08-12,21.865203857421875
2019-08-13,21.859041213989258
2019-08-14,21.23098373413086
2019-08-15,21.120149612426758
2019-08-16,22.13612937927246
2019-08-19,22.166915893554688
2019-08-20,21.74820899963379
2019-08-21,22.776508331298828
2019-08-22,22.8442440032959
2019-08-23,22.253124237060547
2019-08-26,21.514225006103516
2019-08-27,21.76052474975586
2019-08-28,22.166915893554688
2019-08-29,22.97970199584961
2019-08-30,24.051109313964844
2019-09-02,25.276443481445312
2019-09-03,23.952587127685547
2019-09-04,23.398412704467773
2019-09-05,23.767864227294922
2019-09-06,23.2198486328125
2019-09-09,21.766681671142578
2019-09-10,21.914461135864258
2019-09-11,22.474796295166016
2019-09-12,23.226001739501953
2019-09-13,23.090538024902344
2019-09-16,22.696460723876953
2019-09-17,23.398412704467773
2019-09-18,23.496936798095703
2019-09-19,24.075733184814453
2019-09-20,23.521562576293945
2019-09-23,23.0535945892334
2019-09-24,23.109010696411133
2019-09-25,21.717424392700195
2019-09-26,22.00066566467285
2019-09-27,22.228492736816406
2019-09-30,22.290067672729492
2019-10-01,22.474796295166016
2019-10-02,21.859041213989258
2019-10-03,22.560998916625977
2019-10-04,23.17673683166504
2019-10-07,23.04743766784668
2019-10-08,23.324522018432617
2019-10-09,23.27526092529297
2019-10-10,23.21368980407715
2019-10-11,23.398412704467773
2019-10-14,23.527719497680664
2019-10-15,24.2789306640625
2019-10-16,25.147138595581055
2019-10-17,25.615110397338867
2019-10-18,25.676679611206055
2019-10-21,25.676679611206055
2019-10-22,26.046125411987305
2019-10-23,24.906991958618164
2019-10-24,24.457502365112305
2019-10-25,24.32203483581543
2019-10-28,24.62990951538086
2019-10-29,24.32203483581543
2019-10-30,25.171768188476562
2019-10-31,25.368806838989258
2019-11-01,25.996868133544922
2019-11-04,26.692663192749023
2019-11-05,25.682844161987305
2019-11-06,25.621259689331055
2019-11-07,25.787513732910156
2019-11-08,25.608945846557617
2019-11-11,25.855247497558594
2019-11-12,25.104032516479492
2019-11-13,25.307231903076172
2019-11-14,27.11137580871582
2019-11-18,26.692663192749023
2019-11-19,26.477153778076172
2019-11-21,27.043638229370117
2019-11-22,26.969749450683594
2019-11-25,26.341691970825195
2019-11-26,26.60030746459961
2019-11-27,26.120019912719727
2019-11-28,26.63108253479004
2019-11-29,26.686504364013672
2019-12-02,26.661874771118164
2019-12-03,28.108884811401367
2019-12-04,28.047311782836914
2019-12-05,28.11504364013672
2019-12-06,28.6938419342041
2019-12-09,28.367502212524414
2019-12-10,28.10272216796875
2019-12-11,28.552223205566406
2019-12-12,28.94013786315918
2019-12-13,30.233211517333984
2019-12-16,30.54108428955078
2019-12-17,30.571874618530273
2019-12-18,30.7689151763916
2019-12-19,30.670394897460938
2019-12-20,30.1716365814209
2019-12-23,30.559558868408203
2019-12-26,31.058317184448242
2019-12-27,31.384668350219727
2019-12-30,31.957305908203125
2020-01-02,32.52994918823242
2020-01-03,32.7885627746582
2020-01-06,32.942501068115234
2020-01-07,33.39814758300781
2020-01-08,33.742977142333984
2020-01-09,34.23556900024414
2020-01-10,34.481868743896484
2020-01-13,34.57423782348633
2020-01-14,35.36239242553711
2020-01-15,35.63948440551758
2020-01-16,35.65179443359375
2020-01-17,36.18134307861328
2020-01-20,36.61236572265625
2020-01-21,36.76013946533203
2020-01-22,36.3291130065918
2020-01-23,37.04338455200195
2020-01-24,36.821712493896484
2020-01-27,35.799564361572266
2020-01-28,36.008934020996094
2020-01-29,35.774940490722656
2020-01-30,35.05451965332031
2020-01-31,34.23556900024414
2020-02-03,33.69987106323242
2020-02-04,33.527462005615234
2020-02-05,32.70236587524414
2020-02-06,31.957305908203125
2020-02-07,31.772584915161133
2020-02-10,30.424095153808594
2020-02-11,31.741796493530273
2020-02-12,32.234397888183594
2020-02-13,31.83415412902832
2020-02-14,31.64943504333496
2020-02-17,31.6617488861084
2020-02-18,31.310771942138672
2020-02-19,32.148189544677734
2020-02-20,31.821840286254883
2020-02-21,31.692533493041992
2020-02-26,29.869918823242188
2020-02-27,28.62611198425293
2020-02-28,28.63227653503418
2020-03-02,29.617475509643555
2020-03-03,29.62977409362793
2020-03-04,30.91053581237793
2020-03-05,27.862585067749023
2020-03-06,27.154470443725586
2020-03-09,23.89101219177246
2020-03-10,27.413087844848633
2020-03-11,24.753063201904297
2020-03-12,19.968698501586914
2020-03-13,23.152116775512695
2020-03-16,19.143596649169922
2020-03-17,18.607892990112305
2020-03-18,16.089488983154297
2020-03-19,17.456449508666992
2020-03-20,18.47243309020996
2020-03-23,17.043888092041016
2020-03-24,21.36644744873047
2020-03-25,21.61890411376953
2020-03-26,23.238319396972656
2020-03-27,20.812274932861328
2020-03-30,20.153423309326172
2020-03-31,18.287702560424805
2020-04-01,15.9417085647583
2020-04-02,15.239757537841797
2020-04-03,15.578415870666504
2020-04-06,17.15473175048828
2020-04-07,17.979833602905273
2020-04-08,18.81725311279297
2020-04-09,18.595582962036133
2020-04-13,18.226133346557617
2020-04-14,17.893630981445312
2020-04-15,17.795108795166016
2020-04-16,18.133771896362305
2020-04-17,18.300024032592773
2020-04-20,20.362777709960938
2020-04-22,21.88983154296875
2020-04-23,20.196523666381836
2020-04-24,17.67195701599121
2020-04-27,18.65715980529785
2020-04-28,20.565977096557617
2020-04-29,20.25790023803711
2020-04-30,18.76698112487793
2020-05-04,18.183034896850586
2020-05-05,18.01530647277832
2020-05-06,17.39409065246582
2020-05-07,15.909379959106445
2020-05-08,16.3380184173584
2020-05-11,15.623616218566895
2020-05-12,15.468317031860352
2020-05-13,15.530433654785156
2020-05-14,15.903166770935059
2020-05-15,16.1143798828125
2020-05-18,17.387874603271484
2020-05-19,16.953025817871094
2020-05-20,17.319543838500977
2020-05-21,19.381980895996094
2020-05-22,19.208044052124023
2020-05-25,20.593355178833008
2020-05-26,20.146081924438477
2020-05-27,21.400938034057617
2020-05-28,20.599571228027344
2020-05-29,20.25790023803711
2020-06-01,20.916391372680664
2020-06-02,22.898073196411133
2020-06-03,24.7679386138916
2020-06-04,24.538089752197266
2020-06-05,23.997629165649414
2020-06-08,24.941884994506836
2020-06-09,23.960355758666992
2020-06-10,23.885812759399414
2020-06-12,22.985048294067383
2020-06-15,23.295654296875
2020-06-16,23.8609619140625
2020-06-17,24.227481842041016
2020-06-18,24.221269607543945
2020-06-19,24.12808609008789
2020-06-22,23.705656051635742
2020-06-23,24.49460792541504
2020-06-24,24.022480010986328
2020-06-25,24.30823516845703
2020-06-26,23.28322982788086
2020-06-29,24.798999786376953
2020-06-30,24.786579132080078
2020-07-01,26.320985794067383
2020-07-02,26.2340145111084
2020-07-03,26.662654876708984
2020-07-06,26.320985794067383
2020-07-07,25.656282424926758
2020-07-08,26.140832901000977
2020-07-09,26.159469604492188
2020-07-10,26.333404541015625
2020-07-13,25.140670776367188
2020-07-14,25.41400718688965
2020-07-15,24.823850631713867
2020-07-16,25.140670776367188
2020-07-17,24.755512237548828
2020-07-20,25.05370330810547
2020-07-21,24.811426162719727
2020-07-22,25.34567642211914
2020-07-23,24.531879425048828
2020-07-24,24.500822067260742
2020-07-27,24.544301986694336
2020-07-28,24.333087921142578
2020-07-29,24.91082191467285
2020-07-30,25.351886749267578
2020-07-31,25.57552146911621
2020-08-03,25.351886749267578
2020-08-04,24.1964168548584
2020-08-05,24.786579132080078
2020-08-06,25.314611434936523
2020-08-07,25.05370330810547
2020-08-10,24.575363159179688
2020-08-11,24.41384506225586
2020-08-12,23.295654296875
2020-08-13,22.512920379638672
2020-08-14,23.941722869873047
2020-08-17,22.93535041809082
2020-08-18,24.23369598388672
2020-08-19,24.30823516845703
2020-08-20,24.91082191467285
2020-08-21,25.134456634521484
2020-08-24,24.712034225463867
2020-08-25,24.500822067260742
2020-08-26,24.364147186279297
2020-08-27,24.12187385559082
2020-08-28,24.972946166992188
2020-08-31,24.12808609008789
2020-09-01,24.755512237548828
2020-09-02,25.34567642211914
2020-09-03,24.69960594177246
2020-09-04,24.662336349487305
2020-09-08,24.65612030029297
2020-09-09,25.43264389038086
2020-09-10,24.823850631713867
2020-09-11,24.382783889770508
2020-09-14,25.463703155517578
2020-09-15,25.500974655151367
2020-09-16,24.90460968017578
2020-09-17,24.444904327392578
2020-09-18,23.488231658935547
2020-09-21,23.252166748046875
2020-09-22,23.233537673950195
2020-09-23,22.606101989746094
2020-09-24,22.93535041809082
2020-09-25,22.724138259887695
2020-09-28,21.730186462402344
2020-09-29,21.51897430419922
2020-09-30,21.891704559326172
2020-10-01,23.103076934814453
2020-10-02,22.10291862487793
2020-10-05,21.96625328063965
2020-10-06,22.33898162841797
2020-10-07,22.38246726989746
2020-10-08,22.748979568481445
2020-10-09,23.426111221313477
2020-10-13,23.27701759338379
2020-10-14,23.190048217773438
2020-10-15,23.60626220703125
2020-10-16,23.134138107299805
2020-10-19,23.171411514282227
2020-10-20,24.47596549987793
2020-10-21,25.407791137695312
2020-10-22,25.02884864807129
2020-10-23,24.507030487060547
2020-10-26,24.04732894897461
2020-10-27,24.376571655273438
2020-10-28,23.127927780151367
2020-10-29,22.606101989746094
2020-10-30,21.80473518371582
2020-11-03,21.612159729003906
2020-11-04,22.891862869262695
2020-11-05,23.562776565551758
2020-11-06,23.72429656982422
2020-11-09,24.221269607543945
2020-11-10,24.33930015563965
2020-11-11,24.12808609008789
2020-11-12,23.388839721679688
2020-11-13,24.63127326965332
2020-11-16,25.047487258911133
2020-11-17,25.23385238647461
2020-11-18,24.500822067260742
2020-11-19,24.575363159179688
2020-11-23,24.12808609008789
2020-11-24,24.103239059448242
2020-11-25,24.780363082885742
2020-11-26,25.05991554260254
2020-11-27,26.563261032104492
2020-11-30,25.438858032226562
2020-12-01,26.134618759155273
2020-12-02,26.02280044555664
2020-12-03,27.022960662841797
2020-12-04,26.724777221679688
2020-12-07,26.407958984375
2020-12-08,26.43280601501465
2020-12-09,26.650230407714844
2020-12-10,26.898714065551758
2020-12-11,27.36463165283203
2020-12-14,28.11629867553711
2020-12-15,28.01690673828125
2020-12-16,28.315093994140625
2020-12-17,27.8802433013916
2020-12-18,27.321147918701172
2020-12-21,26.80552864074707
2020-12-22,26.774471282958984
2020-12-23,26.395526885986328
2020-12-28,26.588109970092773
2020-12-29,26.88007354736328
2020-12-30,26.650230407714844
2021-01-04,25.904767990112305
2021-01-05,25.283552169799805
2021-01-06,24.258544921875
2021-01-07,23.8050537109375
2021-01-08,25.122034072875977
2021-01-11,23.9727840423584
2021-01-12,24.84870147705078
2021-01-13,24.376571655273438
2021-01-14,25.351886749267578
2021-01-15,24.469757080078125
2021-01-18,24.376571655273438
2021-01-19,24.60021209716797
2021-01-20,24.227481842041016
2021-01-21,22.860803604125977
2021-01-22,22.450796127319336
2021-01-26,21.991100311279297
2021-01-27,22.867015838623047
2021-01-28,23.568992614746094
2021-01-29,22.786251068115234
2021-02-01,23.562776565551758
2021-02-02,24.03490447998047
2021-02-03,24.33930015563965
2021-02-04,24.010055541992188
2021-02-05,23.730506896972656
2021-02-08,23.680810928344727
2021-02-09,22.885650634765625
2021-02-10,21.991100311279297
2021-02-11,22.183673858642578
2021-02-12,22.177461624145508
2021-02-17,21.80473518371582
2021-02-18,21.649425506591797
2021-02-19,21.705339431762695
2021-02-22,20.78593635559082
2021-02-23,20.50017738342285
2021-02-24,20.531238555908203
2021-02-25,19.891380310058594
2021-02-26,19.568347930908203
2021-03-01,19.226680755615234
2021-03-02,19.232894897460938
2021-03-03,19.121070861816406
2021-03-04,19.338497161865234
2021-03-05,20.450481414794922
2021-03-08,18.66758155822754
2021-03-09,17.934547424316406
2021-03-10,18.50606918334961
2021-03-11,19.090011596679688
2021-03-12,19.667741775512695
2021-03-15,19.810626983642578
2021-03-16,18.860164642333984
2021-03-17,19.823047637939453
2021-03-18,19.13970947265625
2021-03-19,19.98456573486328
2021-03-22,20.096384048461914
2021-03-23,19.82926368713379
2021-03-24,19.121070861816406
2021-03-25,19.791988372802734
2021-03-26,19.381980895996094
2021-03-29,18.791828155517578
2021-03-30,20.009414672851562
2021-03-31,19.910017013549805
2021-04-01,19.63047218322754
2021-04-05,20.69275665283203
2021-04-06,20.84805679321289
2021-04-07,20.487751007080078
2021-04-08,20.288959503173828
2021-04-09,20.8045711517334
2021-04-12,20.50017738342285
2021-04-13,20.481542587280273
2021-04-14,20.382144927978516
2021-04-15,20.891542434692383
2021-04-16,21.17109489440918
2021-04-19,21.10896873474121
2021-04-20,20.742450714111328
2021-04-22,20.62441635131836
2021-04-23,21.264272689819336
2021-04-26,20.81699562072754
2021-04-27,20.611995697021484
2021-04-28,20.525026321411133
2021-04-29,20.375932693481445
2021-04-30,20.334369659423828
2021-05-03,20.378421783447266
2021-05-04,20.233671188354492
2021-05-05,20.346954345703125
2021-05-06,20.277725219726562
2021-05-07,20.630165100097656
2021-05-10,20.346954345703125
2021-05-11,20.08892250061035
2021-05-12,19.195240020751953
2021-05-13,19.45956802368164
2021-05-14,20.365835189819336
2021-05-17,20.894487380981445
2021-05-18,19.893817901611328
2021-05-19,19.44698143005371
2021-05-20,19.44698143005371
2021-05-21,18.647701263427734
2021-05-24,18.565889358520508
2021-05-25,19.019018173217773
2021-05-26,19.13859748840332
2021-05-27,19.390338897705078
2021-05-28,19.667253494262695
2021-05-31,19.598026275634766
2021-06-01,20.57981300354004
2021-06-02,21.13364601135254
2021-06-04,21.278400421142578
2021-06-07,21.467199325561523
2021-06-08,21.60565757751465
2021-06-09,21.39167594909668
2021-06-10,21.114761352539062
2021-06-11,21.045534133911133
2021-06-14,21.473493576049805
2021-06-15,21.240638732910156
2021-06-16,21.303571701049805
2021-06-17,21.385385513305664
2021-06-18,21.2721004486084
2021-06-21,21.35391616821289
2021-06-22,21.18399429321289
2021-06-23,20.139265060424805
2021-06-24,20.441356658935547
2021-06-25,19.8686466217041
2021-06-28,19.667253494262695
2021-06-29,19.73648452758789
2021-06-30,19.57914161682129
2021-07-01,19.195240020751953
2021-07-02,19.270767211914062
2021-07-05,19.201534271240234
2021-07-06,18.742101669311523
2021-07-07,19.13859748840332
2021-07-08,18.748401641845703
2021-07-12,19.32740020751953
2021-07-13,19.176361083984375
2021-07-14,19.46586036682129
2021-07-15,19.21411895751953
2021-07-16,19.069368362426758
2021-07-19,18.704345703125
2021-07-20,18.351909637451172
2021-07-21,18.1945743560791
2021-07-22,18.213451385498047
2021-07-23,17.7540225982666
2021-07-26,17.29459571838379
2021-07-27,17.370119094848633
2021-07-28,17.873600006103516
2021-07-29,17.772903442382812
2021-07-30,17.30718231201172
2021-08-02,17.558923721313477
2021-08-03,17.370119094848633
2021-08-04,17.187606811523438
2021-08-05,16.703006744384766
2021-08-06,16.954748153686523
2021-08-09,17.149845123291016
2021-08-10,16.85405158996582
2021-08-11,16.791118621826172
2021-08-12,16.43238639831543
2021-08-13,16.287635803222656
2021-08-16,15.947787284851074
2021-08-17,15.595346450805664
2021-08-18,15.714921951293945
2021-08-19,15.853376388549805
2021-08-20,16.243579864501953
2021-08-23,15.840791702270508
2021-08-24,17.521163940429688
2021-08-25,17.7540225982666
2021-08-26,16.99880027770996
2021-08-27,17.596683502197266
2021-08-30,17.156137466430664
2021-08-31,16.86663818359375
2021-09-01,16.76593780517578
2021-09-02,16.256166458129883
2021-09-03,16.41979217529297
2021-09-06,16.728179931640625
2021-09-08,15.57646369934082
2021-09-09,15.708627700805664
2021-09-10,15.960370063781738
2021-09-13,16.690420150756836
2021-09-14,16.44497299194336
2021-09-15,16.287635803222656
2021-09-16,16.13029670715332
2021-09-17,16.061063766479492
2021-09-20,15.954072952270508
2021-09-21,16.26245880126953
2021-09-22,16.658952713012695
2021-09-23,15.796734809875488
2021-09-24,15.727511405944824
2021-09-27,15.444300651550293
2021-09-28,14.607261657714844
2021-09-29,14.575798034667969
2021-09-30,14.374403953552246
2021-10-01,15.085567474365234
2021-10-04,14.456217765808105
2021-10-05,14.424753189086914
2021-10-06,14.512861251831055
2021-10-07,14.36181640625
2021-10-08,15.066689491271973
2021-10-11,14.77718734741211
2021-10-13,15.551286697387695
2021-10-14,15.11074447631836
2021-10-15,15.280667304992676
2021-10-18,14.827534675598145
2021-10-19,13.826865196228027
2021-10-20,13.732465744018555
2021-10-21,12.952065467834473
2021-10-22,12.448585510253906
2021-10-25,12.6940336227417
2021-10-26,11.724830627441406
2021-10-27,12.310128211975098
2021-10-28,11.932516098022461
2021-10-29,11.485675811767578
2021-11-01,11.794058799743652
2021-11-03,12.360474586486816
2021-11-04,12.020625114440918
2021-11-05,12.511520385742188
2021-11-08,12.01433277130127
2021-11-09,12.719205856323242
2021-11-10,13.140873908996582
2021-11-11,13.650649070739746
2021-11-12,13.03388500213623
2021-11-16,12.159082412719727
2021-11-17,11.888461112976074
2021-11-18,12.033212661743164
2021-11-19,12.354183197021484
2021-11-22,11.76888656616211
2021-11-23,11.485675811767578
2021-11-24,11.403861045837402
2021-11-25,12.039507865905762
2021-11-26,11.69965648651123
2021-11-29,11.536026954650879
2021-11-30,11.4164457321167
2021-12-01,11.1332368850708
2021-12-02,11.844405174255371
2021-12-03,12.467466354370117
2021-12-06,12.87024974822998
2021-12-07,12.310128211975098
2021-12-08,13.103111267089844
2021-12-09,12.454875946044922
2021-12-10,13.57512378692627
2021-12-13,13.008708000183105
2021-12-14,12.656270027160645
2021-12-15,13.071640968322754
2021-12-16,12.807315826416016
2021-12-17,13.153459548950195
2021-12-20,12.94577407836914
2021-12-21,12.801023483276367
2021-12-22,12.656270027160645
2021-12-23,12.60592269897461
2021-12-27,12.700325012207031
2021-12-28,12.775847434997559
2021-12-29,12.561868667602539
2021-12-30,12.87024974822998
2022-01-03,12.209430694580078
2022-01-04,11.806644439697266
2022-01-05,11.322044372558594
2022-01-06,11.435327529907227
2022-01-07,11.347217559814453
2022-01-10,11.0765962600708
2022-01-11,11.233933448791504
2022-01-12,11.55490493774414
2022-01-13,11.523435592651367
2022-01-14,11.712240219116211
2022-01-17,11.643014907836914
2022-01-18,11.17729377746582
2022-01-19,11.894754409790039
2022-01-20,12.511520385742188
2022-01-21,12.908012390136719
2022-01-24,12.454875946044922
2022-01-25,12.996121406555176
2022-01-26,13.361144065856934
2022-01-27,13.587711334228516
2022-01-28,13.50589656829834
2022-01-31,13.455549240112305
2022-02-01,13.235278129577637
2022-02-02,12.94577407836914
2022-02-03,12.87024974822998
2022-02-04,12.045798301696777
2022-02-07,12.039507865905762
2022-02-08,11.850699424743652
2022-02-09,11.831819534301758
2022-02-10,11.617840766906738
2022-02-11,11.56749153137207
2022-02-14,11.56749153137207
2022-02-15,12.278658866882324
2022-02-16,12.429704666137695
2022-02-17,11.894754409790039
2022-02-18,11.901049613952637
2022-02-21,11.397565841674805
2022-02-22,11.592665672302246
2022-02-23,11.347217559814453
2022-02-24,11.252815246582031
2022-02-25,11.057714462280273
2022-03-02,11.139533996582031
2022-03-03,11.0765962600708
2022-03-04,10.717864036560059
2022-03-07,10.075925827026367
2022-03-08,10.264735221862793
2022-03-09,10.894083976745605
2022-03-10,10.749333381652832
2022-03-11,10.057044982910156
2022-03-14,10.157742500305176
2022-03-15,10.195505142211914
2022-03-16,10.47871208190918
2022-03-17,10.472419738769531
2022-03-18,11.221348762512207
2022-03-21,11.328335762023926
2022-03-22,11.75629711151123
2022-03-23,11.879115104675293
2022-03-24,12.408224105834961
2022-03-25,12.88570785522461
2022-03-28,12.517914772033691
2022-03-29,12.537271499633789
2022-03-30,12.182382583618164
2022-03-31,12.098498344421387
2022-04-01,12.7114896774292
2022-04-04,12.582439422607422
2022-04-05,11.943638801574707
2022-04-06,11.562939643859863
2022-04-07,11.395174980163574
2022-04-08,11.001570701599121
2022-04-11,11.001570701599121
2022-04-12,10.891874313354492
2022-04-13,10.930591583251953
2022-04-14,10.788636207580566
2022-04-18,10.685395240783691
2022-04-19,10.853158950805664
2022-04-20,10.840254783630371
2022-04-22,10.556344032287598
2022-04-25,10.788636207580566
2022-04-26,10.446651458740234
2022-04-27,10.369222640991211
2022-04-28,10.511178016662598
2022-04-29,10.104667663574219
2022-05-02,10.175647735595703
2022-05-03,10.336959838867188
2022-05-04,10.717657089233398
2022-05-05,10.265979766845703
2022-05-06,10.05949878692627
2022-05-09,10.207908630371094
2022-05-10,10.543438911437988
2022-05-11,10.40793514251709
2022-05-12,10.588606834411621
2022-05-13,10.62732219696045
2022-05-16,11.182241439819336
2022-05-17,11.220954895019531
2022-05-18,10.884841918945312
2022-05-19,11.079678535461426
2022-05-20,11.209568977355957
2022-05-23,11.488834381103516
2022-05-24,11.319975852966309
2022-05-25,11.170600891113281
2022-05-26,11.378426551818848
2022-05-27,11.151117324829102
2022-05-30,10.891335487365723
2022-05-31,10.566610336303711
2022-06-01,10.573104858398438
2022-06-02,10.741961479187012
2022-06-03,10.527642250061035
2022-06-06,10.183432579040527
2022-06-07,10.034059524536133
2022-06-08,9.858704566955566
2022-06-09,9.975608825683594
2022-06-10,9.793761253356934
2022-06-13,9.618409156799316
2022-06-14,9.702836990356445
2022-06-15,10.04055118560791
2022-06-17,10.086012840270996
2022-06-20,9.96911334991455
2022-06-21,9.832727432250977
2022-06-22,9.943135261535645
2022-06-23,9.644384384155273
2022-06-24,9.663869857788086
2022-06-27,9.637890815734863
2022-06-28,9.488517761230469
2022-06-29,9.4755277633667
2022-06-30,9.384603500366211
2022-07-01,9.436561584472656
2022-07-04,9.533977508544922
2022-07-05,10.261366844177246
2022-07-06,10.508159637451172
2022-07-07,10.67052173614502
2022-07-08,10.66402816772461
2022-07-11,10.57960033416748
2022-07-12,10.99524974822998
2022-07-13,11.099160194396973
2022-07-14,10.8328857421875
2022-07-15,10.378268241882324
2022-07-18,9.767780303955078
2022-07-19,9.800253868103027
2022-07-20,10.137970924377441
2022-07-21,10.540634155273438
2022-07-22,10.63155460357666
2022-07-25,10.625059127807617
2022-07-26,10.514655113220215
2022-07-27,10.715983390808105
2022-07-28,11.196579933166504
2022-07-29,10.962776184082031
2022-08-01,10.884841918945312
2022-08-02,10.57960033416748
2022-08-03,11.112152099609375
2022-08-04,11.917474746704102
2022-08-05,11.81356143951416
2022-08-08,12.014892578125
2022-08-09,11.404406547546387
2022-08-10,12.326630592346191
2022-08-11,11.82654857635498
2022-08-12,12.26817798614502
2022-08-15,12.989070892333984
2022-08-16,12.969588279724121
2022-08-17,13.374412536621094
2022-08-18,13.1003999710083
2022-08-19,12.748098373413086
2022-08-22,12.232694625854492
2022-08-23,12.200072288513184
2022-08-24,12.14135456085205
2022-08-25,12.050018310546875
2022-08-26,11.756434440612793
2022-08-29,11.88691520690918
2022-08-30,11.79557991027832
2022-08-31,11.78253173828125
2022-09-01,12.089163780212402
2022-09-02,13.106924057006836
2022-09-05,12.996013641357422
2022-09-06,12.545851707458496
2022-09-08,12.695906639099121
2022-09-09,12.943822860717773
2022-09-12,12.826388359069824
2022-09-13,12.617616653442383
2022-09-14,12.532804489135742
2022-09-15,12.565423011779785
2022-09-16,12.578472137451172
2022-09-19,12.787240982055664
2022-09-20,12.819864273071289
2022-09-21,13.087352752685547
2022-09-22,13.674518585205078
2022-09-23,13.60927963256836
2022-09-26,13.152592658996582
2022-09-27,13.1003999710083
2022-09-28,13.465749740600586
2022-09-29,13.296124458312988
2022-09-30,13.857195854187012
2022-10-03,15.005438804626465
2022-10-04,14.52265739440918
2022-10-05,14.476984977722168
2022-10-06,14.750995635986328
2022-10-07,14.437841415405273
2022-10-10,14.4117431640625
2022-10-11,14.118160247802734
2022-10-13,14.503084182739258
2022-10-14,14.444366455078125
2022-10-17,14.444366455078125
2022-10-18,14.268218040466309
2022-10-19,14.06596565246582
2022-10-20,13.628852844238281
2022-10-21,13.66147232055664
2022-10-24,13.43312931060791
2022-10-25,13.172164916992188
2022-10-26,12.506708145141602
2022-10-27,13.23088264465332
2022-10-28,13.459222793579102
2022-10-31,13.589706420898438
2022-11-01,13.641900062561035
2022-11-03,13.393982887268066
2022-11-04,13.511418342590332
2022-11-07,12.924248695373535
2022-11-08,12.813339233398438
2022-11-09,12.650236129760742
2022-11-10,11.299747467041016
2022-11-11,10.927874565124512
2022-11-14,10.89525318145752
2022-11-16,10.510330200195312
2022-11-17,10.034072875976562
2022-11-18,9.905755996704102
2022-11-21,10.418462753295898
2022-11-22,10.208121299743652
2022-11-23,10.096378326416016
2022-11-24,10.517060279846191
2022-11-25,10.070085525512695
2022-11-28,9.866317749023438
2022-11-29,10.142389297485352
2022-11-30,9.892610549926758
2022-12-01,9.774292945861816
2022-12-02,10.175256729125977
2022-12-05,9.432488441467285
2022-12-06,9.655977249145508
2022-12-07,9.859742164611816
2022-12-08,9.465353965759277
2022-12-09,9.26158618927002
2022-12-12,9.143267631530762
2022-12-13,8.722587585449219
2022-12-14,8.900062561035156
2022-12-15,8.854050636291504
2022-12-16,8.492526054382324
2022-12-19,8.873770713806152
2022-12-20,9.02495288848877
2022-12-21,9.005232810974121
2022-12-22,8.919781684875488
2022-12-23,9.182706832885742
2022-12-26,8.985513687133789
2022-12-27,8.617414474487305
2022-12-28,8.985513687133789
2022-12-29,8.8277587890625
2023-01-02,8.466232299804688
2023-01-03,8.275611877441406
2023-01-04,8.643709182739258
2023-01-05,8.63713550567627
2023-01-06,8.88691520690918
2023-01-09,8.755454063415527
2023-01-10,8.992086410522461
2023-01-11,9.031525611877441
2023-01-12,9.057818412780762
2023-01-13,8.676573753356934
2023-01-16,8.479381561279297
2023-01-17,8.61084270477295
2023-01-18,8.93950080871582
2023-01-19,8.972366333007812
2023-01-20,9.038101196289062
2023-01-23,9.281304359436035
2023-01-24,9.3667573928833
2023-01-25,9.406196594238281
2023-01-26,9.708560943603516
2023-01-27,9.544233322143555
2023-01-30,9.531085968017578
2023-01-31,9.629685401916504
2023-02-01,9.136696815490723
2023-02-02,9.20242691040039
2023-02-03,8.860624313354492
2023-02-06,8.479381561279297
2023-02-07,8.446515083312988
2023-02-08,8.814610481262207
2023-02-09,8.61084270477295
2023-02-10,8.71601390838623
2023-02-13,8.906635284423828
2023-02-14,8.53853702545166
2023-02-15,8.656856536865234
2023-02-16,8.558257102966309
2023-02-17,8.518817901611328
2023-02-22,8.34134292602539
2023-02-23,8.380783081054688
2023-02-24,8.275611877441406
2023-02-27,8.499099731445312
2023-02-28,8.354490280151367
2023-03-01,8.10470962524414
2023-03-02,7.894368648529053
2023-03-03,7.828635215759277
2023-03-06,8.038976669311523
2023-03-07,8.177014350891113
2023-03-08,8.860624313354492
2023-03-09,9.031525611877441
2023-03-10,8.972366333007812
2023-03-13,9.136696815490723
2023-03-14,9.17613410949707
2023-03-15,9.511367797851562
2023-03-16,9.800585746765137
2023-03-17,8.748879432678223
2023-03-20,8.16386604309082
2023-03-21,8.19016170501709
2023-03-22,8.564831733703613
2023-03-23,7.999540328979492
2023-03-24,8.134214401245117
2023-03-27,8.2726411819458
2023-03-28,8.2264986038208
2023-03-29,8.035337448120117
2023-03-30,8.246274948120117
2023-03-31,8.028746604919434
2023-04-03,7.943053245544434
2023-04-04,8.10125732421875
2023-04-05,8.259456634521484
2023-04-06,8.4044771194458
2023-04-10,8.536311149597168
2023-04-11,9.37346363067627
2023-04-12,9.683276176452637
2023-04-13,9.920578002929688
2023-04-14,9.874435424804688
2023-04-17,9.920578002929688
2023-04-18,9.703049659729004
2023-04-19,9.12956714630127
2023-04-20,9.043875694274902
2023-04-24,9.103201866149902
2023-04-25,8.872490882873535
2023-04-26,9.030692100524902
2023-04-27,9.327320098876953
2023-04-28,9.57780647277832
2023-05-02,9.248220443725586
2023-05-03,9.380053520202637
2023-05-04,9.782151222229004
2023-05-05,10.316082954406738
2023-05-08,10.085371971130371
2023-05-09,10.210614204406738
2023-05-10,10.566568374633789
2023-05-11,10.619302749633789
2023-05-12,9.933761596679688
2023-05-15,10.421551704406738
2023-05-16,10.355633735656738
2023-05-17,10.592935562133789
2023-05-18,10.843421936035156
2023-05-19,10.999407768249512
2023-05-22,10.959745407104492
2023-05-23,10.966354370117188
2023-05-24,10.847372055053711
2023-05-25,11.323307037353516
2023-05-26,11.32991886138916
2023-05-29,11.607545852661133
2023-05-30,11.389411926269531
2023-05-31,11.653820037841797
2023-06-01,12.037211418151855
2023-06-02,12.242130279541016
2023-06-05,12.281790733337402
2023-06-06,12.466876029968262
2023-06-07,12.526369094848633
2023-06-09,12.46026611328125
2023-06-12,12.724674224853516
2023-06-13,12.149587631225586
2023-06-14,12.427216529846191
2023-06-15,12.46026611328125
2023-06-16,12.242130279541016
2023-06-19,12.27518081665039
2023-06-20,12.44704532623291
2023-06-21,12.744504928588867
2023-06-22,11.898397445678711
2023-06-23,12.090092658996582
2023-06-26,11.997551918029785
2023-06-27,11.620767593383789
2023-06-28,11.581107139587402
2023-06-29,11.957890510559082
2023-06-30,12.176026344299316
2023-07-03,12.083483695983887
2023-07-04,11.951278686523438
2023-07-05,12.222297668457031
2023-07-06,12.466876029968262
2023-07-07,13.14772891998291
2023-07-10,13.194001197814941
2023-07-11,13.002305030822754
2023-07-12,13.048576354980469
2023-07-13,13.398919105529785
2023-07-14,12.784165382385254
2023-07-17,13.048576354980469
2023-07-18,13.187389373779297
2023-07-19,13.04196548461914
2023-07-20,12.975862503051758
2023-07-21,13.121288299560547
2023-07-24,13.306374549865723
2023-07-25,14.13265323638916
2023-07-26,14.390450477600098
2023-07-27,14.192142486572266
2023-07-28,14.007058143615723
2023-07-31,14.364008903503418
2023-08-01,14.568924903869629
2023-08-02,14.74740219116211
2023-08-03,15.038253784179688
2023-08-04,15.335714340209961
2023-08-07,15.137406349182129
2023-08-08,15.196897506713867
2023-08-09,15.01841926574707
2023-08-10,15.038253784179688
2023-08-11,15.500970840454102
2023-08-14,15.296052932739258
2023-08-15,15.606732368469238
2023-08-16,15.666223526000977
2023-08-17,15.500970840454102
2023-08-18,15.4359769821167
2023-08-21,15.376275062561035
2023-08-22,16.450889587402344
2023-08-23,16.470792770385742
2023-08-24,16.298324584960938
2023-08-25,15.787549018859863
2023-08-28,15.81408405303955
2023-08-29,15.807448387145996
2023-08-30,15.40280818939209
2023-08-31,14.620064735412598
2023-09-01,14.646600723266602
2023-09-04,14.341462135314941
2023-09-05,14.003157615661621
2023-09-06,13.797521591186523
2023-09-08,13.850589752197266
2023-09-11,14.659867286682129
2023-09-12,15.170642852783203
2023-09-13,14.892035484313965
2023-09-14,14.706298828125
2023-09-15,14.129192352294922
2023-09-18,14.374629020690918
2023-09-19,14.062858581542969
2023-09-20,14.195528984069824
2023-09-21,13.691387176513672
2023-09-22,13.353082656860352
2023-09-25,13.240314483642578
2023-09-26,12.756074905395508
2023-09-27,12.504003524780273
2023-09-28,12.61677074432373
2023-09-29,12.484102249145508
2023-10-02,12.052932739257812
2023-10-03,11.635025024414062
2023-10-04,11.754426956176758
2023-10-05,11.40285587310791
2023-10-06,11.14415168762207
2023-10-09,11.250285148620605
2023-10-10,11.363054275512695
2023-10-11,11.35642147064209
2023-10-13,10.845646858215332
2023-10-16,10.991583824157715
2023-10-17,10.626744270324707
2023-10-18,10.082803726196289
2023-10-19,10.109338760375977
2023-10-20,10.04300308227539
2023-10-23,10.374674797058105
2023-10-24,10.215473175048828
2023-10-25,9.916969299316406
2023-10-26,10.16240406036377
2023-10-27,9.704699516296387
2023-10-30,9.439362525939941
2023-10-31,9.532230377197266
2023-11-01,9.55876350402832
2023-11-03,10.348140716552734
2023-11-06,10.215473175048828
2023-11-07,10.746147155761719
2023-11-08,10.686445236206055
2023-11-09,10.719614028930664
2023-11-10,10.87218189239502
2023-11-13,11.00484848022461
2023-11-14,11.608490943908691
2023-11-16,11.946795463562012
2023-11-17,12.001707077026367
2023-11-20,11.948513984680176
2023-11-21,11.3434419631958
2023-11-22,11.622705459594727
2023-11-23,11.662602424621582
2023-11-24,11.642653465270996
2023-11-27,12.048253059387207
2023-11-28,12.4339017868042
2023-11-29,12.261025428771973
2023-11-30,12.234426498413086
2023-12-01,12.453850746154785
2023-12-04,11.981760025024414
2023-12-05,11.9950590133667
2023-12-06,11.735743522644043
2023-12-07,12.374058723449707
2023-12-08,12.46049976348877
2023-12-11,12.06820011138916
2023-12-12,12.300918579101562
2023-12-13,12.267674446105957
2023-12-14,12.500393867492676
2023-12-15,12.413955688476562
2023-12-18,12.593482971191406
2023-12-19,12.500393867492676
2023-12-20,12.4472017288208
2023-12-21,12.234426498413086
2023-12-22,12.367410659790039
2023-12-26,12.580184936523438
2023-12-27,12.640026092529297
2023-12-28,12.4339017868042
2024-01-02,11.616057395935059
2024-01-03,11.522970199584961
2024-01-04,10.99103832244873
2024-01-05,11.0043363571167
2024-01-08,11.310195922851562
2024-01-09,11.283600807189941
2024-01-10,11.356739044189453
2024-01-11,11.077478408813477
2024-01-12,11.203810691833496
2024-01-15,11.064179420471191
2024-01-16,10.858053207397461
2024-01-17,10.864703178405762
2024-01-18,10.5654935836792
2024-01-19,10.83810806274414
2024-01-22,10.67187786102295
2024-01-23,10.665228843688965
2024-01-24,10.47905445098877
2024-01-25,10.67852783203125
2024-01-26,10.578790664672852
2024-01-29,10.459107398986816
2024-01-30,10.23303508758545
2024-01-31,10.266281127929688
2024-02-01,10.186491012573242
2024-02-02,10.312823295593262
2024-02-05,10.106701850891113
2024-02-06,10.28622817993164
2024-02-07,10.412562370300293
2024-02-08,10.040210723876953
2024-02-09,10.246332168579102
2024-02-14,9.980366706848145
2024-02-15,9.893929481506348
2024-02-16,10.213088989257812
2024-02-19,9.987017631530762
2024-02-20,10.399264335632324
2024-02-21,10.419211387634277
2024-02-22,10.818160057067871
2024-02-23,11.257003784179688
2024-02-26,11.137317657470703
2024-02-27,11.4498291015625
2024-02-28,11.010986328125
2024-02-29,11.22375774383545
2024-03-01,11.596110343933105
2024-03-04,11.409934997558594
2024-03-05,11.503022193908691
2024-03-06,10.878002166748047
2024-03-07,10.578790664672852
2024-03-08,10.738370895385742
2024-03-11,10.997685432434082
2024-03-12,11.217108726501465
2024-03-13,11.143969535827637
2024-03-14,11.323494911193848
2024-03-15,11.270301818847656
2024-03-18,11.0043363571167
2024-03-19,11.077478408813477
2024-03-20,11.536267280578613
2024-03-21,11.303546905517578
2024-03-22,10.949365615844727
2024-03-25,10.822359085083008
2024-03-26,10.722088813781738
2024-03-27,10.842412948608398
2024-03-28,10.895888328552246
2024-04-01,11.009527206420898
2024-04-02,10.84909725189209
2024-04-03,10.294275283813477
2024-04-04,10.113791465759277
2024-04-05,10.087053298950195
2024-04-08,10.300959587097168
2024-04-09,10.354436874389648
2024-04-10,10.026891708374023
2024-04-11,10.214059829711914
2024-04-12,9.625815391540527
2024-04-15,9.238109588623047
2024-04-16,9.512178421020508
2024-04-17,9.091048240661621
2024-04-18,8.95067310333252
2024-04-19,9.077679634094238
2024-04-22,9.07099437713623
2024-04-23,9.017518043518066
2024-04-24,9.07099437713623
2024-04-25,8.890510559082031
2024-04-26,9.3250093460083
2024-04-29,9.5188627243042
2024-04-30,9.204686164855957
2024-05-02,9.231425285339355
2024-05-03,9.786246299743652
2024-05-06,9.84640884399414
2024-05-07,9.946677207946777
2024-05-08,9.766193389892578
2024-05-09,9.351747512817383
2024-05-10,9.332775115966797
2024-05-13,9.245490074157715
2024-05-14,9.185064315795898
2024-05-15,9.272347450256348
2024-05-16,9.36634635925293
2024-05-17,9.164918899536133
2024-05-20,9.446915626525879
2024-05-21,9.648343086242676
2024-05-22,8.997063636779785
2024-05-23,8.869495391845703
2024-05-24,8.735209465026855
2024-05-27,8.748636245727539
2024-05-28,8.66135311126709
2024-05-29,8.567354202270508
2024-05-31,8.681496620178223
2024-06-03,8.84935188293457
2024-06-04,8.822493553161621
2024-06-05,8.829207420349121
2024-06-06,9.111205101013184
2024-06-07,9.050777435302734
2024-06-10,8.923208236694336
2024-06-11,8.903064727783203
2024-06-12,8.60763931274414
2024-06-13,8.694923400878906
2024-06-14,8.92992115020752
2024-06-17,8.715066909790039
2024-06-18,8.63449478149414
2024-06-19,8.721780776977539
2024-06-20,8.64792251586914
2024-06-21,8.66135311126709
2024-06-24,8.923208236694336
2024-06-25,8.983635902404785
2024-06-26,8.755351066589355
2024-06-27,8.84935188293457
2024-06-28,8.68820858001709
2024-07-01,8.728494644165039
2024-07-02,8.741922378540039
2024-07-03,8.728494644165039
2024-07-04,9.178348541259766
2024-07-05,9.158204078674316
2024-07-08,9.057491302490234
2024-07-09,9.272347450256348
2024-07-10,9.56777286529541
2024-07-11,9.80277156829834
2024-07-12,9.60805892944336
2024-07-15,9.977341651916504
2024-07-16,10.00419807434082
2024-07-17,9.856485366821289
2024-07-18,9.601344108581543
2024-07-19,9.55434513092041
2024-07-22,9.903485298156738
2024-07-23,9.581202507019043
2024-07-24,9.191777229309082
2024-07-25,9.04406452178955
2024-07-26,9.057491302490234
2024-07-29,9.017205238342285
2024-07-30,8.782207489013672
2024-07-31,8.85606575012207
2024-08-01,8.762065887451172
2024-08-02,9.332775115966797
2024-08-05,8.936635971069336
2024-08-06,8.735209465026855
2024-08-07,9.225347518920898
2024-08-08,9.191777229309082
2024-08-09,9.58838939666748
2024-08-12,9.561341285705566
2024-08-13,9.365246772766113
2024-08-14,9.446389198303223
2024-08-15,9.66277027130127
2024-08-16,9.453150749206543
2024-08-19,9.940008163452148
2024-08-20,10.034675598144531
2024-08-21,9.825055122375488
2024-08-22,9.365246772766113
2024-08-23,10.01439094543457
2024-08-26,10.027912139892578
2024-08-27,10.075246810913086
2024-08-28,10.034675598144531
2024-08-29,9.54781723022461
2024-08-30,9.527531623840332
2024-09-02,9.270580291748047
2024-09-03,9.284103393554688
2024-09-04,9.520770072937012
2024-09-05,9.527531623840332
2024-09-06,9.304389953613281
2024-09-09,9.27734088897705
2024-09-10,9.23000717163086
2024-09-11,9.263816833496094
2024-09-12,9.324674606323242
2024-09-13,9.967056274414062
2024-09-16,9.946770668029785
2024-09-17,10.054961204528809
2024-09-18,10.048199653625488
2024-09-19,9.770959854125977
2024-09-20,9.101531028747559
2024-09-23,8.932485580444336
2024-09-24,9.013627052307129
2024-09-25,9.081244468688965
2024-09-26,9.128579139709473
2024-09-27,9.108294486999512
2024-09-30,9.14886474609375
2024-10-01,9.372007369995117
2024-10-02,9.743913650512695
2024-10-03,9.392292976379395
2024-10-04,9.412579536437988
2024-10-07,9.392292976379395
2024-10-08,9.656007766723633
2024-10-09,9.439626693725586
2024-10-10,9.534292221069336
2024-10-11,9.54781723022461
2024-10-14,9.615437507629395
2024-10-15,9.689817428588867
2024-10-16,9.689817428588867
2024-10-17,9.507246017456055
2024-10-18,9.419341087341309
2024-10-21,9.4666748046875
2024-10-22,9.06772232055664
2024-10-23,9.128579139709473
2024-10-24,9.209720611572266
2024-10-25,9.074483871459961
2024-10-28,9.135340690612793
2024-10-29,9.175911903381348
2024-10-30,9.34496021270752
2024-10-31,9.446389198303223
2024-11-01,10.061722755432129
2024-11-04,10.447152137756348
2024-11-05,10.474199295043945
2024-11-06,10.532824516296387
2024-11-07,10.25413990020752
2024-11-08,10.168392181396484
2024-11-11,10.218411445617676
2024-11-12,10.125516891479492
2024-11-13,10.218411445617676
2024-11-14,10.2755765914917
2024-11-18,10.06120491027832
2024-11-19,10.146953582763672
2024-11-21,9.911145210266113
2024-11-22,10.068349838256836
2024-11-25,10.032621383666992
2024-11-26,10.297015190124512
2024-11-27,9.925435066223145
2024-11-28,9.182278633117676
2024-11-29,9.046510696411133
2024-12-02,8.746389389038086
2024-12-03,8.524869918823242
2024-12-04,8.517724990844727
2024-12-05,8.782116889953613
2024-12-06,8.646347045898438
2024-12-09,8.532014846801758
2024-12-10,8.732096672058105
2024-12-11,8.939323425292969
2024-12-12,8.310497283935547
2024-12-13,8.103271484375
2024-12-16,8.038959503173828
2024-12-17,8.181876182556152
2024-12-18,8.017523765563965
2024-12-19,8.21760368347168
2024-12-20,8.324789047241211
2024-12-23,7.9960856437683105
2024-12-26,7.853169918060303
2024-12-27,7.796004295349121
2024-12-30,7.738838195800781
2025-01-02,7.710254669189453
2025-01-03,7.567341327667236
2025-01-06,7.817442417144775
2025-01-07,7.881754398345947
2025-01-08,7.581632137298584
2025-01-09,7.753130912780762
2025-01-10,7.63879919052124
2025-01-13,7.574485778808594
2025-01-14,7.767422676086426
2025-01-15,8.117563247680664
2025-01-16,8.010376930236816
2025-01-17,8.060397148132324
2025-01-20,8.167584419250488
2025-01-21,8.053252220153809
2025-01-22,8.274768829345703
2025-01-23,8.074688911437988
2025-01-24,8.160436630249023
2025-01-27,8.63205623626709
2025-01-28,8.57489013671875
2025-01-29,8.57489013671875
2025-01-30,9.08223819732666
2025-01-31,9.075092315673828
2025-02-03,9.08223819732666
2025-02-04,9.167986869812012
2025-02-05,8.975051879882812
2025-02-06,9.146550178527832
2025-02-07,9.032217979431152
2025-02-10,9.146550178527832
2025-02-11,9.339485168457031
2025-02-12,9.210860252380371
2025-02-13,9.318046569824219
2025-02-14,9.53956413269043
2025-02-17,9.746790885925293
2025-02-18,9.68962574005127
2025-02-19,9.489545822143555
2025-02-20,9.696772575378418
2025-02-21,9.839686393737793
2025-02-24,9.432379722595215
2025-02-25,9.382359504699707
2025-02-26,9.010781288146973
2025-02-27,9.11796760559082
2025-02-28,8.753534317016602
2025-03-05,8.732096672058105
2025-03-06,9.039363861083984
2025-03-07,9.303754806518555
2025-03-10,9.460963249206543
2025-03-11,9.418088912963867
2025-03-12,9.582440376281738
2025-03-13,9.496691703796387
2025-03-14,11.175941467285156
2025-03-17,11.23310661315918
2025-03-18,10.875819206237793
2025-03-19,11.004443168640137
2025-03-20,11.061609268188477
2025-03-21,11.067302703857422
2025-03-24,10.93752384185791
2025-03-25,11.016833305358887
2025-03-26,11.17545223236084
2025-03-27,11.204292297363281
2025-03-28,11.103352546691895
2025-03-31,10.966363906860352
2025-04-01,11.124981880187988
2025-04-02,10.951943397521973
2025-04-03,11.254762649536133
2025-04-04,10.887052536010742
2025-04-07,10.67796516418457
2025-04-08,10.721224784851074
2025-04-09,11.052882194519043
2025-04-10,10.959152221679688
2025-04-11,11.17545223236084
2025-04-14,10.454455375671387
2025-04-15,10.403984069824219
2025-04-16,10.512134552001953
2025-04-17,10.555394172668457
2025-04-22,10.670755386352539
2025-04-23,10.432825088500977
2025-04-24,10.771695137023926
2025-04-25,10.173266410827637
2025-04-28,10.158846855163574
2025-04-29,9.740668296813965
2025-04-30,9.574838638305664
2025-05-02,9.380170822143555
2025-05-05,9.221550941467285
2025-05-06,9.445058822631836
2025-05-07,9.409010887145996
2025-05-08,9.913708686828613
2025-05-09,9.920918464660645
2025-05-12,9.661358833312988
2025-05-13,9.805558204650879
2025-05-14,9.603678703308105
2025-05-15,9.877656936645508
2025-05-16,10.310256004333496
2025-05-19,9.747878074645996
2025-05-20,9.834397315979004
2025-05-21,9.560420036315918
2025-05-22,9.582049369812012
2025-05-23,9.569302558898926
2025-05-26,9.547504425048828
2025-05-27,9.794548034667969
2025-05-28,9.816346168518066
2025-05-29,9.562036514282227
2025-05-30,9.685559272766113
2025-06-02,9.605632781982422
2025-06-03,9.968931198120117
2025-06-04,10.106985092163086
2025-06-05,9.997995376586914
2025-06-06,9.859941482543945
2025-06-09,9.845409393310547
2025-06-10,9.939868927001953
2025-06-11,9.845409393310547
2025-06-12,9.801813125610352
2025-06-13,9.656494140625
2025-06-16,9.700090408325195
2025-06-17,9.612897872924805
2025-06-18,9.736419677734375
2025-06-20,9.474843978881836
2025-06-23,9.554770469665527
2025-06-24,9.707355499267578
2025-06-25,9.576568603515625
2025-06-26,9.671026229858398
2025-06-27,9.78001594543457
2025-06-30,10.114251136779785
2025-07-01,10.077920913696289
2025-07-02,10.056124687194824
2025-07-03,10.041592597961426
2025-07-04,10.186911582946777
2025-07-07,9.918068885803223
2025-07-08,9.925336837768555
2025-07-09,9.845409393310547
2025-07-10,9.634696960449219
2025-07-11,9.634696960449219
2025-07-14,9.641962051391602
2025-07-15,9.845409393310547
2025-07-16,9.845409393310547
2025-07-17,9.801813125610352
2025-07-18,9.511174201965332
2025-07-21,9.460311889648438
2025-07-22,9.489376068115234
2025-07-23,9.641962051391602
2025-07-24,9.518440246582031
2025-07-25,9.707355499267578
2025-07-28,9.50390911102295
2025-07-29,9.6492280960083
2025-07-30,9.852675437927246
2025-07-31,9.976197242736816
2025-08-01,10.266837120056152
2025-08-04,10.332231521606445
2025-08-05,10.106985092163086
2025-08-06,10.375826835632324
2025-08-07,10.680997848510742
2025-08-08,10.622869491577148
2025-08-11,10.506613731384277
2025-08-12,10.67373275756836
2025-08-13,10.528411865234375
2025-08-14,10.710062026977539
2025-08-15,10.639331817626953
2025-08-18,10.587395668029785
2025-08-19,9.979009628295898
2025-08-20,9.949332237243652
2025-08-21,9.927074432373047
2025-08-22,10.223847389221191
2025-08-25,10.394492149353027
2025-08-26,10.56513786315918
2025-08-27,10.683847427368164
2025-08-28,11.151265144348145
2025-08-29,10.965782165527344
2025-09-01,10.824813842773438
2025-09-02,10.780299186706543
2025-09-03,10.78771686553955
2025-09-04,10.973201751708984
2025-09-05,11.299653053283691
2025-09-08,11.344168663024902
2025-09-09,11.870941162109375
2025-09-10,12.175135612487793
2025-09-11,12.360618591308594
2025-09-12,12.449650764465332
2025-09-15,12.471908569335938
2025-09-16,12.442230224609375
2025-09-17,13.013519287109375
2025-09-18,12.820616722106934
2025-09-19,12.701909065246582
2025-09-22,12.538681030273438
2025-09-23,12.672229766845703
2025-09-24,12.538681030273438
2025-09-25,11.885780334472656
2025-09-26,12.175135612487793
2025-09-29,12.004490852355957
2025-09-30,12.197392463684082
2025-10-01,12.14545726776123
2025-10-02,12.019329071044922
2025-10-03,12.32352066040039
2025-10-06,12.078683853149414
2025-10-07,11.796748161315918
2025-10-08,11.781908988952637
2025-10-09,11.640942573547363
2025-10-10,11.396103858947754
2025-10-13,11.626103401184082
2025-10-14,11.433199882507324
2025-10-15,11.46287727355957
2025-10-16,11.71513557434082
2025-10-17,11.752232551574707
2025-10-20,12.301262855529785
2025-10-21,12.479327201843262
2025-10-22,12.46448802947998
2025-10-23,12.360618591308594
2025-10-24,12.486746788024902
2025-10-27,12.612874984741211
2025-10-28,12.939326286315918
2025-10-29,13.42158317565918
2025-10-30,13.659002304077148
2025-10-31,13.762872695922852
2025-11-03,13.889001846313477
2025-11-04,13.903841018676758
2025-11-05,13.874163627624512
2025-11-06,13.733196258544922
2025-11-07,14.02254867553711
2025-11-10,14.17093563079834
2025-11-11,14.208033561706543
2025-11-12,14.4677095413208
2025-11-13,14.697709083557129
2025-11-14,14.764483451843262
2025-11-17,15.320934295654297
2025-11-18,15.179966926574707
2025-11-19,15.139847755432129
2025-11-21,14.8198823928833
2025-11-24,15.007179260253906
2025-11-25,15.038394927978516
2025-11-26,14.99937629699707
2025-11-27,15.249104499816895
2025-11-28,15.818800926208496
2025-12-01,15.86562442779541
2025-12-02,16.052921295166016
2025-12-03,16.052921295166016
2025-12-04,16.372888565063477
2025-12-05,15.12424087524414
2025-12-08,15.18667221069336
2025-12-09,15.288125038146973
2025-12-10,15.381084442138672
2025-12-11,14.9940767288208
2025-12-12,15.192543029785156
2025-12-15,15.202465057373047
2025-12-16,14.100981712341309
2025-12-17,13.723896980285645
2025-12-18,13.842975616455078
2025-12-19,13.54527759552002
2025-12-22,13.22773265838623
2025-12-23,13.525431632995605
2025-12-26,13.416275978088379
2025-12-29,13.436121940612793
2025-12-30,13.624663352966309
