date,close
2010-12-01,5.664859771728516
2010-12-02,5.765120983123779
2010-12-03,5.852853775024414
2010-12-06,6.015781402587891
2010-12-07,5.965647220611572
2010-12-08,5.890451908111572
2010-12-09,5.890451908111572
2010-12-10,6.065912246704102
2010-12-13,6.266438007354736
2010-12-14,6.228838920593262
2010-12-15,6.266438007354736
2010-12-16,6.42936372756958
2010-12-17,6.266438007354736
2010-12-20,6.179147243499756
2010-12-21,6.242199420928955
2010-12-22,6.335516929626465
2010-12-23,6.368305206298828
2010-12-27,6.4818010330200195
2010-12-28,6.4818010330200195
2010-12-29,6.532242298126221
2010-12-30,6.721399307250977
2011-01-03,6.80210542678833
2011-01-04,6.557460784912109
2011-01-05,6.305251121520996
2011-01-06,6.305251121520996
2011-01-07,6.557460784912109
2011-01-10,6.428835391998291
2011-01-11,6.358213901519775
2011-01-12,6.348127365112305
2011-01-13,6.431356430053711
2011-01-14,6.570073127746582
2011-01-17,6.55998420715332
2011-01-18,6.595294952392578
2011-01-19,6.612948417663574
2011-01-20,6.532242298126221
2011-01-21,6.469189167022705
2011-01-24,6.431356430053711
2011-01-26,6.509541988372803
2011-01-27,6.582681655883789
2011-01-28,6.254810810089111
2011-01-31,6.305251121520996
2011-02-01,6.403614521026611
2011-02-02,6.305251121520996
2011-02-03,6.128705024719238
2011-02-04,6.242199420928955
2011-02-07,6.305251121520996
2011-02-08,6.002599239349365
2011-02-09,6.053041458129883
2011-02-10,5.8891072273254395
2011-02-11,5.939546585083008
2011-02-14,5.989988327026367
2011-02-15,6.179147243499756
2011-02-16,6.355695724487305
2011-02-17,6.229588031768799
2011-02-18,6.254810810089111
2011-02-21,6.179147243499756
2011-02-22,6.058087348937988
2011-02-23,5.9521589279174805
2011-02-24,5.9521589279174805
2011-02-25,5.674725532531738
2011-02-28,5.561232089996338
2011-03-01,5.498181343078613
2011-03-02,5.425039291381836
2011-03-03,5.61167573928833
2011-03-04,5.644463062286377
2011-03-09,5.644463062286377
2011-03-10,5.876496315002441
2011-03-11,5.775611400604248
2011-03-14,5.901716709136963
2011-03-15,5.826053142547607
2011-03-16,5.926937580108643
2011-03-17,5.977381229400635
2011-03-18,5.750389575958252
2011-03-21,6.002599239349365
2011-03-22,6.111051559448242
2011-03-23,6.012687683105469
2011-03-24,6.078262805938721
2011-03-25,6.305251121520996
2011-03-28,6.0278215408325195
2011-03-29,6.0227766036987305
2011-03-30,6.042953968048096
2011-03-31,6.116095066070557
2011-04-01,6.128705024719238
2011-04-04,6.002599239349365
2011-04-05,6.002599239349365
2011-04-06,5.964768886566162
2011-04-07,5.876496315002441
2011-04-08,5.8638834953308105
2011-04-11,5.876496315002441
2011-04-12,5.725170135498047
2011-04-13,5.578887462615967
2011-04-14,5.573843002319336
2011-04-15,5.619241237640381
2011-04-18,5.619241237640381
2011-04-19,5.490612983703613
2011-04-20,5.737779140472412
2011-04-25,5.763000965118408
2011-04-26,5.851274013519287
2011-04-27,5.737779140472412
2011-04-28,5.848751068115234
2011-04-29,5.9143266677856445
2011-05-02,6.179147243499756
2011-05-03,5.982424736022949
2011-05-04,6.0227766036987305
2011-05-05,5.926937580108643
2011-05-06,5.977381229400635
2011-05-09,5.896670341491699
2011-05-10,5.896670341491699
2011-05-11,6.229588031768799
2011-05-12,6.504497528076172
2011-05-13,6.504497528076172
2011-05-16,6.504497528076172
2011-05-17,6.305251121520996
2011-05-18,6.418747425079346
2011-05-19,6.229588031768799
2011-05-20,6.330472469329834
2011-05-23,6.305251121520996
2011-05-24,6.30272912979126
2011-05-25,6.343081951141357
2011-05-26,6.343081951141357
2011-05-27,6.469189167022705
2011-05-30,6.307775020599365
2011-05-31,6.557460784912109
2011-06-01,6.507018566131592
2011-06-02,6.496931076049805
2011-06-03,6.305251121520996
2011-06-06,6.179147243499756
2011-06-07,6.244721412658691
2011-06-08,6.320384979248047
2011-06-09,6.14131498336792
2011-06-10,5.901716709136963
2011-06-13,5.8058762550354
2011-06-14,5.876496315002441
2011-06-15,5.989988327026367
2011-06-16,5.8638834953308105
2011-06-17,6.20436954498291
2011-06-20,6.20436954498291
2011-06-21,6.053041458129883
2011-06-22,5.987468719482422
2011-06-24,6.179147243499756
2011-06-27,5.942068099975586
2011-06-28,5.977381229400635
2011-06-29,5.730213165283203
2011-06-30,5.732735633850098
2011-07-01,5.800831317901611
2011-07-04,5.876496315002441
2011-07-05,5.848751068115234
2011-07-06,5.926937580108643
2011-07-07,5.947113513946533
2011-07-08,5.939546585083008
2011-07-11,5.7150797843933105
2011-07-12,5.649505615234375
2011-07-13,6.0278215408325195
2011-07-14,5.800831317901611
2011-07-15,5.800831317901611
2011-07-18,5.558709621429443
2011-07-19,5.61167573928833
2011-07-20,5.636894702911377
2011-07-21,5.548622131347656
2011-07-22,5.498181343078613
2011-07-25,5.6242852210998535
2011-07-26,5.485568046569824
2011-07-27,5.298933982849121
2011-07-28,5.3468546867370605
2011-07-29,5.316588878631592
2011-08-01,5.435126781463623
2011-08-02,5.394772052764893
2011-08-03,5.3468546867370605
2011-08-04,5.0164570808410645
2011-08-05,4.993759632110596
2011-08-08,4.615443706512451
2011-08-09,4.791991710662842
2011-08-10,4.789469242095947
2011-08-11,4.824777603149414
2011-08-12,4.842433929443359
2011-08-15,4.842433929443359
2011-08-16,4.930706024169922
2011-08-17,5.018980503082275
2011-08-18,4.993759632110596
2011-08-19,5.044200420379639
2011-08-22,5.1044111251831055
2011-08-23,5.150122165679932
2011-08-24,5.180597305297852
2011-08-25,5.028226852416992
2011-08-26,5.165359973907471
2011-08-29,5.393914699554443
2011-08-30,5.6275506019592285
2011-08-31,5.8408684730529785
2011-09-01,5.878961086273193
2011-09-02,5.777381896972656
2011-09-05,5.713892936706543
2011-09-06,5.790078639984131
2011-09-08,5.815472602844238
2011-09-09,5.409152507781982
2011-09-12,5.510731220245361
2011-09-13,5.515810489654541
2011-09-14,5.416770935058594
2011-09-15,5.307572364807129
2011-09-16,5.45994234085083
2011-09-19,5.561522006988525
2011-09-20,5.503113746643066
2011-09-21,5.388835906982422
2011-09-22,5.282177448272705
2011-09-23,5.307572364807129
2011-09-26,5.396454811096191
2011-09-27,5.53866720199585
2011-09-28,5.480257511138916
2011-09-29,5.58691930770874
2011-09-30,5.698657512664795
2011-10-03,5.58691930770874
2011-10-04,5.685958385467529
2011-10-05,5.564062118530273
2011-10-06,5.584378719329834
2011-10-07,5.409152507781982
2011-10-10,5.498035907745361
2011-10-11,5.42185115814209
2011-10-13,5.434547424316406
2011-10-14,5.3837571144104
2011-10-17,5.358361721038818
2011-10-18,5.444706916809082
2011-10-19,5.480257511138916
2011-10-20,5.454864501953125
2011-10-21,5.49041748046875
2011-10-24,5.365978717803955
2011-10-25,5.3837571144104
2011-10-26,5.409152507781982
2011-10-27,5.457404136657715
2011-10-28,5.4853386878967285
2011-10-31,5.498035907745361
2011-11-01,5.475179672241211
2011-11-03,5.49549674987793
2011-11-04,5.510731220245361
2011-11-07,5.609772682189941
2011-11-08,5.584378719329834
2011-11-09,5.584378719329834
2011-11-10,5.609772682189941
2011-11-11,5.637707710266113
2011-11-14,5.713892936706543
2011-11-16,5.703736305236816
2011-11-17,5.561522006988525
2011-11-18,5.42185115814209
2011-11-21,5.3761396408081055
2011-11-22,5.371058940887451
2011-11-23,5.269476890563965
2011-11-24,5.307572364807129
2011-11-25,5.282177448272705
2011-11-28,5.307572364807129
2011-11-29,5.218690395355225
2011-11-30,5.231385231018066
2011-12-01,5.447244167327881
2011-12-02,5.398993968963623
2011-12-05,5.523430347442627
2011-12-06,5.58691930770874
2011-12-07,5.434547424316406
2011-12-08,5.434547424316406
2011-12-09,5.4853386878967285
2011-12-12,5.525969505310059
2011-12-13,5.42185115814209
2011-12-14,5.3837571144104
2011-12-15,5.42185115814209
2011-12-16,5.4853386878967285
2011-12-19,5.523430347442627
2011-12-20,5.4582319259643555
2011-12-21,5.4760613441467285
2011-12-22,5.463324546813965
2011-12-23,5.463324546813965
2011-12-26,5.463324546813965
2011-12-27,5.463324546813965
2011-12-28,5.420026779174805
2011-12-29,5.450591087341309
2012-01-02,5.430214881896973
2012-01-03,5.539735794067383
2012-01-04,5.504077911376953
2012-01-05,5.4760613441467285
2012-01-06,5.501532554626465
2012-01-09,5.544830322265625
2012-01-10,5.549923419952393
2012-01-11,5.557566165924072
2012-01-12,5.539735794067383
2012-01-13,5.570298194885254
2012-01-16,5.570298194885254
2012-01-17,5.603413105010986
2012-01-18,5.577940464019775
2012-01-19,5.600864410400391
2012-01-20,5.577940464019775
2012-01-23,5.5524702072143555
2012-01-24,5.577940464019775
2012-01-26,5.603413105010986
2012-01-27,5.641616344451904
2012-01-30,5.7307610511779785
2012-01-31,5.819905757904053
2012-02-01,5.804625511169434
2012-02-02,5.807172775268555
2012-02-03,5.781700611114502
2012-02-06,5.779153347015381
2012-02-07,5.728214263916016
2012-02-08,5.679821014404297
2012-02-09,5.4760613441467285
2012-02-10,5.5142669677734375
2012-02-13,5.539735794067383
2012-02-14,5.605957508087158
2012-02-15,5.743496417999268
2012-02-16,5.819905757904053
2012-02-17,5.855564117431641
2012-02-23,5.998198509216309
2012-02-24,6.0746073722839355
2012-02-27,6.023667335510254
2012-02-28,6.110264778137207
2012-02-29,6.237614154815674
2012-03-01,6.2401628494262695
2012-03-02,6.1688456535339355
2012-03-05,6.163750648498535
2012-03-06,6.163750648498535
2012-03-07,6.163750648498535
2012-03-08,6.21469259262085
2012-03-09,6.303836822509766
2012-03-12,6.204505443572998
2012-03-13,6.21469259262085
2012-03-14,6.21469259262085
2012-03-15,6.342043399810791
2012-03-16,6.418454647064209
2012-03-19,6.418454647064209
2012-03-20,6.316573143005371
2012-03-21,6.367512226104736
2012-03-22,6.342043399810791
2012-03-23,6.507597923278809
2012-03-26,6.44392204284668
2012-03-27,6.431187152862549
2012-03-28,6.410811901092529
2012-03-29,6.21469259262085
2012-03-30,6.13828182220459
2012-04-02,6.061870574951172
2012-04-03,6.21469259262085
2012-04-04,6.2401628494262695
2012-04-05,6.232520580291748
2012-04-09,6.186675071716309
2012-04-10,6.186675071716309
2012-04-11,6.186675071716309
2012-04-12,6.186675071716309
2012-04-13,6.163750648498535
2012-04-16,6.13828182220459
2012-04-17,6.13828182220459
2012-04-18,6.176487445831299
2012-04-19,6.2401628494262695
2012-04-20,6.176487445831299
2012-04-23,6.112812519073486
2012-04-24,6.112812519073486
2012-04-25,6.089889049530029
2012-04-26,6.1408305168151855
2012-04-27,6.21469259262085
2012-04-30,6.25544548034668
2012-05-02,6.13828182220459
2012-05-03,6.125547885894775
2012-05-04,6.334403991699219
2012-05-07,6.201955318450928
2012-05-08,6.265633583068848
2012-05-09,6.375152111053467
2012-05-10,6.4668474197387695
2012-05-11,6.469393730163574
2012-05-14,6.367512226104736
2012-05-15,6.367512226104736
2012-05-16,6.367512226104736
2012-05-17,6.125547885894775
2012-05-18,6.125547885894775
2012-05-21,6.125547885894775
2012-05-22,6.265633583068848
2012-05-23,6.263087272644043
2012-05-24,6.2401628494262695
2012-05-25,6.329307556152344
2012-05-28,6.441375255584717
2012-05-29,6.252897262573242
2012-05-30,6.1408305168151855
2012-05-31,6.148469924926758
2012-06-01,6.049138069152832
2012-06-04,5.985464096069336
2012-06-05,6.010931015014648
2012-06-06,6.036402225494385
2012-06-08,6.125547885894775
2012-06-11,6.189222812652588
2012-06-12,6.291100978851318
2012-06-13,6.34968376159668
2012-06-14,6.2401628494262695
2012-06-15,6.364966869354248
2012-06-18,6.364966869354248
2012-06-19,6.265633583068848
2012-06-20,6.242711067199707
2012-06-21,6.291100978851318
2012-06-22,6.308930397033691
2012-06-25,6.227428436279297
2012-06-26,6.2401628494262695
2012-06-27,6.385341167449951
2012-06-28,6.370059490203857
2012-06-29,6.494861602783203
2012-07-02,6.622213840484619
2012-07-03,6.810690879821777
2012-07-04,6.764846324920654
2012-07-05,6.724092960357666
2012-07-06,6.578913688659668
2012-07-10,6.652778148651123
2012-07-11,6.652778148651123
2012-07-12,6.652778148651123
2012-07-13,6.698625087738037
2012-07-16,6.698625087738037
2012-07-17,6.545803546905518
2012-07-18,6.125547885894775
2012-07-19,5.832641124725342
2012-07-20,5.952352523803711
2012-07-23,5.85811185836792
2012-07-24,5.631429672241211
2012-07-25,5.583034992218018
2012-07-26,5.577940464019775
2012-07-27,5.577940464019775
2012-07-30,5.5142669677734375
2012-07-31,5.453139781951904
2012-08-01,5.453139781951904
2012-08-02,5.572847366333008
2012-08-03,5.595769882202148
2012-08-06,5.628554344177246
2012-08-07,5.628554344177246
2012-08-08,5.628554344177246
2012-08-09,5.8411946296691895
2012-08-10,5.687478542327881
2012-08-13,5.687478542327881
2012-08-14,5.687478542327881
2012-08-15,5.687478542327881
2012-08-16,5.687478542327881
2012-08-17,5.687478542327881
2012-08-20,5.687478542327881
2012-08-21,5.78995418548584
2012-08-22,5.687478542327881
2012-08-23,5.597811222076416
2012-08-24,5.636239528656006
2012-08-27,5.623430252075195
2012-08-28,5.725905895233154
2012-08-29,5.738715648651123
2012-08-30,5.5849995613098145
2012-08-31,5.649048805236816
2012-09-03,5.707973003387451
2012-09-04,5.597811222076416
2012-09-05,5.743839263916016
2012-09-06,5.597811222076416
2012-09-10,5.854003429412842
2012-09-11,5.8232598304748535
2012-09-12,5.8411946296691895
2012-09-13,5.643925189971924
2012-09-14,5.78995418548584
2012-09-17,5.892430782318115
2012-09-18,5.877059459686279
2012-09-19,5.8411946296691895
2012-09-20,5.861688613891602
2012-09-21,5.738715648651123
2012-09-24,5.892430782318115
2012-09-25,5.9180521965026855
2012-09-26,6.020528793334961
2012-09-27,6.020528793334961
2012-09-28,6.212672710418701
2012-10-01,6.212672710418701
2012-10-02,6.238292217254639
2012-10-03,6.2895307540893555
2012-10-04,6.343332290649414
2012-10-05,6.404817581176758
2012-10-08,6.3330841064453125
2012-10-09,6.530352592468262
2012-10-10,6.161434650421143
2012-10-11,6.17424201965332
2012-10-15,6.276721477508545
2012-10-16,6.251100540161133
2012-10-17,6.17424201965332
2012-10-18,6.135815620422363
2012-10-19,6.084576606750488
2012-10-22,6.148625373840332
2012-10-23,6.000033378601074
2012-10-24,6.007718086242676
2012-10-25,6.020528793334961
2012-10-26,5.854003429412842
2012-10-29,5.969290733337402
2012-10-30,5.9180521965026855
2012-10-31,6.120445251464844
2012-11-01,6.046147346496582
2012-11-05,5.9308600425720215
2012-11-06,5.892430782318115
2012-11-07,5.910367488861084
2012-11-08,5.715659141540527
2012-11-09,5.969290733337402
2012-11-12,5.892430782318115
2012-11-13,5.8411946296691895
2012-11-14,5.78995418548584
2012-11-16,5.94623327255249
2012-11-19,6.123006820678711
2012-11-21,6.14606237411499
2012-11-22,6.148625373840332
2012-11-23,6.161434650421143
2012-11-26,6.110196113586426
2012-11-27,5.9180521965026855
2012-11-28,6.033339023590088
2012-11-29,5.956479549407959
2012-11-30,5.892430782318115
2012-12-03,5.912928104400635
2012-12-04,5.905242443084717
2012-12-05,5.9180521965026855
2012-12-06,5.994909286499023
2012-12-07,5.866812229156494
2012-12-10,5.915489196777344
2012-12-11,5.892430782318115
2012-12-12,5.705411434173584
2012-12-13,5.943669319152832
2012-12-14,6.020528793334961
2012-12-17,5.9923481941223145
2012-12-18,5.89260196685791
2012-12-19,5.763944625854492
2012-12-20,5.699613571166992
2012-12-21,5.776810169219971
2012-12-26,5.841137886047363
2012-12-27,5.841137886047363
2012-12-28,5.931201457977295
2013-01-02,5.8025407791137695
2013-01-03,5.751076698303223
2013-01-04,5.686748027801514
2013-01-07,5.686748027801514
2013-01-08,5.648149490356445
2013-01-09,5.738213062286377
2013-01-10,5.730492115020752
2013-01-11,5.825700759887695
2013-01-14,5.854006290435791
2013-01-15,5.763944625854492
2013-01-16,5.784529209136963
2013-01-17,5.794822692871094
2013-01-18,5.789674758911133
2013-01-21,5.789674758911133
2013-01-22,5.789674758911133
2013-01-23,5.776810169219971
2013-01-24,5.776810169219971
2013-01-28,5.6944684982299805
2013-01-29,5.661016464233398
2013-01-30,5.763944625854492
2013-01-31,5.725345134735107
2013-02-01,5.738213062286377
2013-02-04,5.686748027801514
2013-02-05,5.6635894775390625
2013-02-06,5.712480545043945
2013-02-07,5.707334041595459
2013-02-08,5.661016464233398
2013-02-13,5.511771202087402
2013-02-14,5.661016464233398
2013-02-15,5.661016464233398
2013-02-18,5.661016464233398
2013-02-19,5.661016464233398
2013-02-20,5.66616153717041
2013-02-21,5.661016464233398
2013-02-22,5.588965892791748
2013-02-25,5.661016464233398
2013-02-26,5.632710933685303
2013-02-27,5.558088302612305
2013-02-28,5.661016464233398
2013-03-01,5.56580924987793
2013-03-04,5.532357215881348
2013-03-05,5.408844470977783
2013-03-06,5.468027114868164
2013-03-07,5.375392913818359
2013-03-08,5.311060905456543
2013-03-11,5.339366436004639
2013-03-12,5.27503776550293
2013-03-13,5.403696537017822
2013-03-14,5.352232933044434
2013-03-15,5.282757759094238
2013-03-18,5.3007683753967285
2013-03-19,5.120646953582764
2013-03-20,5.146378040313721
2013-03-21,5.13608455657959
2013-03-22,5.087195873260498
2013-03-25,5.056315898895264
2013-03-26,4.94052267074585
2013-03-27,4.889059543609619
2013-03-28,4.889059543609619
2013-04-01,4.917364120483398
2013-04-02,4.914791107177734
2013-04-03,4.8375959396362305
2013-04-04,4.760400772094727
2013-04-05,4.760400772094727
2013-04-08,4.7346673011779785
2013-04-09,4.798997402191162
2013-04-10,4.814436912536621
2013-04-11,4.696070194244385
2013-04-12,4.8375959396362305
2013-04-15,4.889059543609619
2013-04-16,5.056315898895264
2013-04-17,5.069182395935059
2013-04-18,5.056315898895264
2013-04-19,5.056315898895264
2013-04-22,5.074329376220703
2013-04-23,5.146378040313721
2013-04-24,5.058890342712402
2013-04-25,5.056315898895264
2013-04-26,5.056315898895264
2013-04-29,4.9276580810546875
2013-04-30,4.914791107177734
2013-05-02,4.932804107666016
2013-05-03,5.056315898895264
2013-05-06,5.120646953582764
2013-05-07,5.1077799797058105
2013-05-08,5.236440658569336
2013-05-09,5.190121173858643
2013-05-10,5.1952691078186035
2013-05-13,5.226147651672363
2013-05-14,5.262172698974609
2013-05-15,5.190121173858643
2013-05-16,5.197841167449951
2013-05-17,5.1952691078186035
2013-05-20,5.197841167449951
2013-05-21,5.221000671386719
2013-05-22,5.223572254180908
2013-05-23,5.1952691078186035
2013-05-24,5.200415134429932
2013-05-27,5.221000671386719
2013-05-28,5.197841167449951
2013-05-29,5.197841167449951
2013-05-31,5.151524066925049
2013-06-03,5.172110080718994
2013-06-04,5.1180739402771
2013-06-05,5.123219013214111
2013-06-06,5.159243583679199
2013-06-07,5.177255630493164
2013-06-10,5.146378040313721
2013-06-11,5.084621429443359
2013-06-12,5.053743839263916
2013-06-13,4.963682651519775
2013-06-14,4.979119300842285
2013-06-17,4.9276580810546875
2013-06-18,4.860753536224365
2013-06-19,4.721801280975342
2013-06-20,4.798997402191162
2013-06-21,4.798997402191162
2013-06-24,4.696070194244385
2013-06-25,4.690924644470215
2013-06-26,4.631740570068359
2013-06-27,4.750107765197754
2013-06-28,4.683204174041748
2013-07-01,4.74753475189209
2013-07-02,4.683204174041748
2013-07-03,4.6703386306762695
2013-07-04,4.760400772094727
2013-07-05,4.657471179962158
2013-07-08,4.7089362144470215
2013-07-10,4.719227313995361
2013-07-11,4.773266315460205
2013-07-12,4.7346673011779785
2013-07-15,4.858180999755859
2013-07-16,4.889059543609619
2013-07-17,4.889059543609619
2013-07-18,4.876193523406982
2013-07-19,4.863327503204346
2013-07-22,4.889059543609619
2013-07-23,4.914791107177734
2013-07-24,4.889059543609619
2013-07-25,4.914791107177734
2013-07-26,4.914791107177734
2013-07-29,4.979119300842285
2013-07-30,5.028011322021484
2013-07-31,4.9919867515563965
2013-08-01,5.0177178382873535
2013-08-02,4.901926040649414
2013-08-05,4.894204616546631
2013-08-06,4.82987642288208
2013-08-07,4.778411865234375
2013-08-08,4.963703632354736
2013-08-09,4.9245171546936035
2013-08-12,4.898392200469971
2013-08-13,4.867042064666748
2013-08-14,4.88532829284668
2013-08-15,4.963703632354736
2013-08-16,5.031627655029297
2013-08-19,5.042077541351318
2013-08-20,5.018566131591797
2013-08-21,4.963703632354736
2013-08-22,4.963703632354736
2013-08-23,4.963703632354736
2013-08-26,4.987216949462891
2013-08-27,4.9375786781311035
2013-08-28,4.8330793380737305
2013-08-29,4.7938923835754395
2013-08-30,4.8200178146362305
2013-09-02,4.76254415512085
2013-09-03,4.859203815460205
2013-09-04,4.809567451477051
2013-09-05,4.780828952789307
2013-09-06,4.780828952789307
2013-09-09,4.812178611755371
2013-09-10,4.8200178146362305
2013-09-11,4.8200178146362305
2013-09-12,4.660655975341797
2013-09-13,4.6920061111450195
2013-09-16,4.689394950866699
2013-09-17,4.754705429077148
2013-09-18,4.757318019866943
2013-09-19,4.814793109893799
2013-09-20,4.720743656158447
2013-09-23,4.715517520904541
2013-09-24,4.7494797706604
2013-09-25,4.728580951690674
2013-09-26,4.7338056564331055
2013-09-27,4.7520928382873535
2013-09-30,4.7938923835754395
2013-10-01,4.710292339324951
2013-10-02,4.8069539070129395
2013-10-03,4.754705429077148
2013-10-04,4.697229385375977
2013-10-07,4.694618225097656
2013-10-08,4.637143135070801
2013-10-09,4.650205612182617
2013-10-10,4.624081611633301
2013-10-11,4.506520748138428
2013-10-14,4.493457317352295
2013-10-15,4.493457317352295
2013-10-16,4.571830749511719
2013-10-17,4.511746406555176
2013-10-18,4.40201997756958
2013-10-21,4.428145885467529
2013-10-22,4.38895845413208
2013-10-23,4.441207408905029
2013-10-24,4.741643905639648
2013-10-25,4.874878883361816
2013-10-28,4.65281867980957
2013-10-29,4.702455997467041
2013-10-30,4.611018657684326
2013-10-31,4.532643795013428
2013-11-01,4.493457317352295
2013-11-04,4.543095588684082
2013-11-05,4.493457317352295
2013-11-06,4.453211307525635
2013-11-07,4.468994617462158
2013-11-08,4.445321083068848
2013-11-11,4.497927665710449
2013-11-12,4.629446983337402
2013-11-13,4.5873613357543945
2013-11-14,4.997697353363037
2013-11-18,5.073977947235107
2013-11-19,5.0503058433532715
2013-11-21,5.16867208480835
2013-11-22,5.2607340812683105
2013-11-25,5.339644908905029
2013-11-26,5.300189971923828
2013-11-27,5.208127498626709
2013-11-28,5.16867208480835
2013-11-29,5.142367839813232
2013-12-02,5.142367839813232
2013-12-03,5.221278667449951
2013-12-04,5.223909854888916
2013-12-05,5.24232292175293
2013-12-06,5.247582912445068
2013-12-09,5.084499359130859
2013-12-10,5.176637649536133
2013-12-11,5.107790946960449
2013-12-12,5.007172584533691
2013-12-13,5.031002521514893
2013-12-16,4.9912848472595215
2013-12-17,4.962159156799316
2013-12-18,4.999229431152344
2013-12-19,4.96480655670166
2013-12-20,4.951566219329834
2013-12-23,4.872128009796143
2013-12-26,4.872128009796143
2013-12-27,4.845648765563965
2013-12-30,4.872128009796143
2014-01-02,4.872128009796143
2014-01-03,4.872128009796143
2014-01-06,4.925086498260498
2014-01-07,4.925086498260498
2014-01-08,4.9806928634643555
2014-01-09,4.91449499130249
2014-01-10,4.925086498260498
2014-01-13,4.9886369705200195
2014-01-14,5.110440254211426
2014-01-15,5.062777996063232
2014-01-16,5.031002521514893
2014-01-17,5.031002521514893
2014-01-20,4.972749710083008
2014-01-21,5.017763137817383
2014-01-22,5.004523754119873
2014-01-23,4.978045463562012
2014-01-24,4.978045463562012
2014-01-27,4.901256084442139
2014-01-28,4.848298072814941
2014-01-29,4.880073547363281
2014-01-30,4.882721424102783
2014-01-31,4.885369777679443
2014-02-03,4.705310344696045
2014-02-04,4.774156093597412
2014-02-05,4.726495742797852
2014-02-06,4.7662129402160645
2014-02-07,4.7926926612854
2014-02-10,4.805932521820068
2014-02-11,4.790044784545898
2014-02-12,4.752974987030029
2014-02-13,4.940974235534668
2014-02-14,4.972749710083008
2014-02-17,5.001875400543213
2014-02-18,4.888015270233154
2014-02-19,4.8986077308654785
2014-02-20,4.83241081237793
2014-02-21,4.95950984954834
2014-02-24,5.044243812561035
2014-02-25,5.216353893280029
2014-02-26,5.242834568023682
2014-02-27,5.2454833984375
2014-02-28,5.295792102813721
2014-03-05,5.269313812255859
2014-03-06,5.256073474884033
2014-03-07,5.181931972503662
2014-03-10,5.068073749542236
2014-03-11,5.110440254211426
2014-03-12,5.0601301193237305
2014-03-13,5.031002521514893
2014-03-14,5.128976345062256
2014-03-17,5.118382930755615
2014-03-18,5.073369979858398
2014-03-19,5.057481288909912
2014-03-20,5.031002521514893
2014-03-21,5.031002521514893
2014-03-24,4.935677528381348
2014-03-25,4.978045463562012
2014-03-26,4.95950984954834
2014-03-27,5.028355121612549
2014-03-28,5.083961486816406
2014-03-31,5.105142116546631
2014-04-01,5.097201824188232
2014-04-02,5.057481288909912
2014-04-03,4.993933200836182
2014-04-04,5.028355121612549
2014-04-07,4.95950984954834
2014-04-08,4.9118475914001465
2014-04-09,4.925086498260498
2014-04-10,4.938325881958008
2014-04-11,4.527902126312256
2014-04-14,4.461704730987549
2014-04-15,4.472295761108398
2014-04-16,4.588804244995117
2014-04-17,4.512015342712402
2014-04-22,4.488183498382568
2014-04-23,4.382267951965332
2014-04-24,4.077759265899658
2014-04-25,4.098943710327148
2014-04-28,4.1068878173828125
2014-04-29,4.128933429718018
2014-04-30,4.131695747375488
2014-05-02,4.131695747375488
2014-05-05,4.217313289642334
2014-05-06,4.231121063232422
2014-05-07,4.300166130065918
2014-05-08,4.294642448425293
2014-05-09,4.322261333465576
2014-05-12,4.3360700607299805
2014-05-13,4.457590103149414
2014-05-14,4.446544170379639
2014-05-15,4.471399307250977
2014-05-16,4.551492214202881
2014-05-19,4.581872940063477
2014-05-20,4.515588760375977
2014-05-21,4.465876579284668
2014-05-22,4.615014553070068
2014-05-23,4.686822891235352
2014-05-26,4.673014163970947
2014-05-27,4.659204006195068
2014-05-28,4.667490005493164
2014-05-29,4.681299209594727
2014-05-30,4.728250026702881
2014-06-02,4.67025089263916
2014-06-03,4.689584732055664
2014-06-04,4.664726734161377
2014-06-05,4.653680324554443
2014-06-06,4.695107936859131
2014-06-09,4.626062870025635
2014-06-10,4.612252712249756
2014-06-11,4.609492301940918
2014-06-13,4.612252712249756
2014-06-16,4.639871597290039
2014-06-17,4.656443119049072
2014-06-18,4.711679458618164
2014-06-20,4.722725868225098
2014-06-23,4.714441299438477
2014-06-24,4.695107936859131
2014-06-25,4.681299209594727
2014-06-26,4.695107936859131
2014-06-27,4.681299209594727
2014-06-30,4.639871597290039
2014-07-01,4.557016372680664
2014-07-02,4.512827396392822
2014-07-03,4.501779079437256
2014-07-04,4.501779079437256
2014-07-07,4.474160194396973
2014-07-08,4.48797082901001
2014-07-10,4.48797082901001
2014-07-11,4.446544170379639
2014-07-14,4.4189252853393555
2014-07-15,4.55425500869751
2014-07-16,4.584634304046631
2014-07-17,4.601205825805664
2014-07-18,4.557016372680664
2014-07-21,4.559777736663818
2014-07-22,4.570825576782227
2014-07-23,4.609492301940918
2014-07-24,4.570825576782227
2014-07-25,4.637109756469727
2014-07-28,4.584634304046631
2014-07-29,4.5459699630737305
2014-07-30,4.526635646820068
2014-07-31,4.120648384094238
2014-08-01,4.139981269836426
2014-08-04,4.14274263381958
2014-08-05,4.084743976593018
2014-08-06,3.9576988220214844
2014-08-07,3.996365547180176
2014-08-08,3.949413776397705
2014-08-11,3.949413776397705
2014-08-12,4.054363250732422
2014-08-13,4.112362861633301
2014-08-14,4.128933429718018
2014-08-15,4.197978496551514
2014-08-18,4.220073223114014
2014-08-19,4.206264019012451
2014-08-20,4.211788177490234
2014-08-21,4.280833721160889
2014-08-22,4.308452129364014
2014-08-25,4.236644268035889
2014-08-26,4.217313289642334
2014-08-27,4.239405632019043
2014-08-28,4.3360700607299805
2014-08-29,4.416162967681885
2014-09-01,4.4189252853393555
2014-09-02,4.38854455947876
2014-09-03,4.371973991394043
2014-09-04,4.253214359283447
2014-09-05,4.267024040222168
2014-09-08,4.211788177490234
2014-09-09,4.267024040222168
2014-09-10,4.250452518463135
2014-09-11,4.195217132568359
2014-09-12,4.081982612609863
2014-09-15,4.101315021514893
2014-09-16,3.9770314693450928
2014-09-17,3.9383673667907715
2014-09-18,3.9356043338775635
2014-09-19,4.084743976593018
2014-09-22,4.046079158782959
2014-09-23,3.993603467941284
2014-09-24,4.073695659637451
2014-09-25,4.023983478546143
2014-09-26,3.8997018337249756
2014-09-29,3.825131893157959
2014-09-30,3.9079859256744385
2014-10-01,3.8665597438812256
2014-10-02,3.8444643020629883
2014-10-03,3.8113226890563965
2014-10-06,4.004650115966797
2014-10-07,3.9521753787994385
2014-10-08,3.869321346282959
2014-10-09,3.8969388008117676
2014-10-10,3.9770314693450928
2014-10-13,3.9521753787994385
2014-10-14,4.046079158782959
2014-10-15,4.037792205810547
2014-10-16,3.996365547180176
2014-10-17,4.159312725067139
2014-10-20,3.9217965602874756
2014-10-21,3.7008495330810547
2014-10-22,3.7947511672973633
2014-10-23,3.728468418121338
2014-10-24,3.728468418121338
2014-10-27,3.728468418121338
2014-10-28,3.8665597438812256
2014-10-29,3.838942289352417
2014-10-30,4.14274263381958
2014-10-31,4.537683486938477
2014-11-03,4.446544170379639
2014-11-04,4.537683486938477
2014-11-05,4.4189252853393555
2014-11-06,4.405116558074951
2014-11-07,4.373414516448975
2014-11-10,4.430959224700928
2014-11-11,4.442470073699951
2014-11-12,4.4597320556640625
2014-11-13,4.315870761871338
2014-11-14,4.359028339385986
2014-11-17,4.350397109985352
2014-11-18,4.402187824249268
2014-11-19,4.476995468139648
2014-11-21,4.491382122039795
2014-11-24,4.402187824249268
2014-11-25,4.373414516448975
2014-11-26,4.5028910636901855
2014-11-27,4.546050071716309
2014-11-28,4.589209079742432
2014-12-01,4.571944236755371
2014-12-02,4.629488945007324
2014-12-03,4.557559013366699
2014-12-04,4.557559013366699
2014-12-05,4.557559013366699
2014-12-08,4.56906795501709
2014-12-09,4.603594779968262
2014-12-10,4.603594779968262
2014-12-11,4.574822902679443
2014-12-12,4.514400005340576
2014-12-15,4.488504886627197
2014-12-16,4.488504886627197
2014-12-17,4.5028910636901855
2014-12-18,4.5316643714904785
2014-12-19,4.488504886627197
2014-12-22,4.4597320556640625
2014-12-23,4.402187824249268
2014-12-26,4.44822359085083
2014-12-29,4.546050071716309
2014-12-30,4.6841583251953125
2015-01-02,4.603594779968262
2015-01-05,4.410819053649902
2015-01-06,4.3475189208984375
2015-01-07,4.315870761871338
2015-01-08,4.258325099945068
2015-01-09,4.243937969207764
2015-01-12,4.200779914855957
2015-01-13,4.174884796142578
2015-01-14,4.177762508392334
2015-01-15,4.203658103942871
2015-01-16,4.1000752449035645
2015-01-19,4.258325099945068
2015-01-20,4.025268077850342
2015-01-21,3.8842833042144775
2015-01-22,3.964845657348633
2015-01-23,3.9792308807373047
2015-01-26,3.9447059631347656
2015-01-27,4.125971794128418
2015-01-28,3.9562153816223145
2015-01-29,4.042532444000244
2015-01-30,3.9849867820739746
2015-02-02,4.125971794128418
2015-02-03,4.172007083892822
2015-02-04,4.12309455871582
2015-02-05,4.238183498382568
2015-02-06,4.05403995513916
2015-02-09,4.1432342529296875
2015-02-10,4.0597944259643555
2015-02-11,4.056917190551758
2015-02-12,4.114462375640869
2015-02-13,4.128849029541016
2015-02-18,4.1432342529296875
2015-02-19,4.1432342529296875
2015-02-20,3.9590911865234375
2015-02-23,4.0799360275268555
2015-02-24,4.071302890777588
2015-02-25,4.071302890777588
2015-02-26,4.056917190551758
2015-02-27,3.973478317260742
2015-03-02,3.9619688987731934
2015-03-03,4.025268077850342
2015-03-04,4.056917190551758
2015-03-05,3.9706006050109863
2015-03-06,3.9706006050109863
2015-03-09,3.8900368213653564
2015-03-10,4.013758659362793
2015-03-11,3.9562153816223145
2015-03-12,4.065547943115234
2015-03-13,4.114462375640869
2015-03-16,4.016634464263916
2015-03-17,4.1432342529296875
2015-03-18,4.26408052444458
2015-03-19,4.220920085906982
2015-03-20,4.312993049621582
2015-03-23,4.3475189208984375
2015-03-24,4.22955322265625
2015-03-25,4.289974212646484
2015-03-26,4.197902679443359
2015-03-27,4.192148685455322
2015-03-30,4.359028339385986
2015-03-31,4.603594779968262
2015-04-01,4.4856276512146
2015-04-02,4.476995468139648
2015-04-06,4.488504886627197
2015-04-07,4.56906795501709
2015-04-08,4.632368087768555
2015-04-09,4.747457027435303
2015-04-10,4.776228904724121
2015-04-13,4.744580268859863
2015-04-14,4.718685626983643
2015-04-15,4.718685626983643
2015-04-16,4.805002689361572
2015-04-17,4.848160266876221
2015-04-20,4.853915214538574
2015-04-22,4.796370506286621
2015-04-23,4.891319274902344
2015-04-24,4.819388389587402
2015-04-27,4.862546920776367
2015-04-28,4.891319274902344
2015-04-29,4.833774566650391
2015-04-30,4.710052967071533
2015-05-04,4.92009162902832
2015-05-05,5.035180568695068
2015-05-06,4.940231800079346
2015-05-07,5.0207953453063965
2015-05-08,5.150271415710449
2015-05-11,5.092727184295654
2015-05-12,5.135885238647461
2015-05-13,5.0812177658081055
2015-05-14,5.066831588745117
2015-05-15,5.179043769836426
2015-05-18,5.135885238647461
2015-05-19,5.179043769836426
2015-05-20,5.13300895690918
2015-05-21,5.150271415710449
2015-05-22,5.109991073608398
2015-05-25,5.115744113922119
2015-05-26,5.086971759796143
2015-05-27,5.0639543533325195
2015-05-28,4.971882343292236
2015-05-29,4.97763729095459
2015-06-01,5.07834005355835
2015-06-02,5.107113361358643
2015-06-03,5.150271415710449
2015-06-05,5.049568176269531
2015-06-08,5.135885238647461
2015-06-09,5.207817554473877
2015-06-10,5.2538533210754395
2015-06-11,5.2365899085998535
2015-06-12,5.179043769836426
2015-06-15,5.306393623352051
2015-06-16,5.4159836769104
2015-06-17,5.4592413902282715
2015-06-18,5.413099765777588
2015-06-19,5.139127254486084
2015-06-22,5.15931510925293
2015-06-23,5.1247076988220215
2015-06-24,5.0901007652282715
2015-06-25,4.96320915222168
2015-06-26,5.219877243041992
2015-06-29,5.263136386871338
2015-06-30,5.280438423156738
2015-07-01,5.317931652069092
2015-07-02,5.364072322845459
2015-07-03,5.358304023742676
2015-07-06,5.283323287963867
2015-07-07,5.3006272315979
2015-07-08,5.2515997886657715
2015-07-10,5.2515997886657715
2015-07-13,5.2169928550720215
2015-07-14,5.191038608551025
2015-07-15,5.248715400695801
2015-07-16,5.283323287963867
2015-07-17,5.266019821166992
2015-07-20,5.335232257843018
2015-07-21,5.286208629608154
2015-07-22,5.257368564605713
2015-07-23,5.231412887573242
2015-07-24,5.191038608551025
2015-07-27,5.133359432220459
2015-07-28,5.078566551208496
2015-07-29,5.075682163238525
2015-07-30,5.095869064331055
2015-07-31,5.179502964019775
2015-08-03,5.222760200500488
2015-08-04,5.176619052886963
2015-08-05,5.1650848388671875
2015-08-06,5.0699143409729
2015-08-07,5.098753929138184
2015-08-10,5.041074275970459
2015-08-11,5.026655673980713
2015-08-12,5.046841621398926
2015-08-13,5.061262607574463
2015-08-14,5.046841621398926
2015-08-17,5.0727996826171875
2015-08-18,5.110288143157959
2015-08-19,5.142736434936523
2015-08-20,5.079068183898926
2015-08-21,5.076173782348633
2015-08-24,4.992245197296143
2015-08-25,5.061702728271484
2015-08-26,4.948835849761963
2015-08-27,4.876482963562012
2015-08-28,4.804131984710693
2015-08-31,4.804131984710693
2015-09-01,4.717309951782227
2015-09-02,4.804131984710693
2015-09-03,4.786768436431885
2015-09-04,4.569714069366455
2015-09-08,4.717309951782227
2015-09-09,4.7549333572387695
2015-09-10,4.992245197296143
2015-09-11,4.812814712524414
2015-09-14,4.876482963562012
2015-09-15,4.893848419189453
2015-09-16,4.977774620056152
2015-09-17,4.919895172119141
2015-09-18,4.862013816833496
2015-09-21,4.746250152587891
2015-09-22,4.702840805053711
2015-09-23,4.688370704650879
2015-09-24,4.708629608154297
2015-09-25,4.644958972930908
2015-09-28,4.587078094482422
2015-09-29,4.6218061447143555
2015-09-30,4.702840805053711
2015-10-01,4.717309951782227
2015-10-02,4.833072185516357
2015-10-05,4.740462779998779
2015-10-06,4.659430980682373
2015-10-07,4.717309951782227
2015-10-08,4.833072185516357
2015-10-09,4.702840805053711
2015-10-13,4.685475826263428
2015-10-14,4.656536102294922
2015-10-15,4.650746822357178
2015-10-16,4.601547718048096
2015-10-19,4.682582378387451
2015-10-20,4.778085708618164
2015-10-21,4.630489349365234
2015-10-22,4.795450210571289
2015-10-23,4.639171123504639
2015-10-26,4.746250152587891
2015-10-27,4.673900604248047
2015-10-28,4.679688930511475
2015-10-29,4.616019248962402
2015-10-30,4.743355751037598
2015-11-03,4.775190830230713
2015-11-04,4.917000770568848
2015-11-05,4.7607221603393555
2015-11-06,4.737569332122803
2015-11-09,4.766509532928467
2015-11-10,4.66521692276001
2015-11-11,4.688370704650879
2015-11-12,4.702840805053711
2015-11-13,4.630489349365234
2015-11-16,4.633383274078369
2015-11-17,4.673900604248047
2015-11-18,4.610230922698975
2015-11-19,4.717309951782227
2015-11-23,4.697052955627441
2015-11-24,4.630489349365234
2015-11-25,4.630489349365234
2015-11-26,4.717309951782227
2015-11-27,4.772297382354736
2015-11-30,4.691262722015381
2015-12-01,4.601547718048096
2015-12-02,4.607336521148682
2015-12-03,4.630489349365234
2015-12-04,4.630489349365234
2015-12-07,4.630489349365234
2015-12-08,4.578396320343018
2015-12-09,4.616019248962402
2015-12-10,4.5176215171813965
2015-12-11,4.471316337585449
2015-12-14,4.341084003448486
2015-12-15,4.398964881896973
2015-12-16,4.471316337585449
2015-12-17,4.433692455291748
2015-12-18,4.413434982299805
2015-12-21,4.283202171325684
2015-12-22,4.370023250579834
2015-12-23,4.341084003448486
2015-12-28,4.326613426208496
2015-12-29,4.442375183105469
2015-12-30,4.630489349365234
2016-01-04,4.413434982299805
2016-01-05,4.4655280113220215
2016-01-06,4.442375183105469
2016-01-07,4.4481635093688965
2016-01-08,4.4655280113220215
2016-01-11,4.439481735229492
2016-01-12,4.3468708992004395
2016-01-13,4.355555057525635
2016-01-14,4.355555057525635
2016-01-15,4.341084003448486
2016-01-18,4.202168941497803
2016-01-19,4.341084003448486
2016-01-20,4.283202171325684
2016-01-21,4.207956790924072
2016-01-22,4.152970314025879
2016-01-26,4.071936130523682
2016-01-27,4.12402868270874
2016-01-28,4.071936130523682
2016-01-29,4.225320816040039
2016-02-01,4.323718547821045
2016-02-02,4.312142848968506
2016-02-03,4.2542619705200195
2016-02-04,4.158757209777832
2016-02-05,4.239790439605713
2016-02-10,4.173228740692139
2016-02-11,4.150075435638428
2016-02-12,4.196380615234375
2016-02-15,4.338188171386719
2016-02-16,4.401858329772949
2016-02-17,4.370023250579834
2016-02-18,4.37581205368042
2016-02-19,4.413434982299805
2016-02-22,4.453949451446533
2016-02-23,4.474209308624268
2016-02-24,4.471316337585449
2016-02-25,4.604442596435547
2016-02-26,4.601547718048096
2016-02-29,4.717309951782227
2016-03-01,4.66521692276001
2016-03-02,4.934364318847656
2016-03-03,5.064596652984619
2016-03-04,5.2093000411987305
2016-03-07,5.223770618438721
2016-03-08,5.339532852172852
2016-03-09,5.437930583953857
2016-03-10,5.6289381980896
2016-03-11,5.686818599700928
2016-03-14,5.759171009063721
2016-03-15,5.715760231018066
2016-03-16,5.637620449066162
2016-03-17,5.588421821594238
2016-03-18,5.6289381980896
2016-03-21,5.791005611419678
2016-03-22,5.973330020904541
2016-03-23,6.077517509460449
2016-03-24,5.953072547912598
2016-03-28,5.999378204345703
2016-03-29,5.990694046020508
2016-03-30,6.280097961425781
2016-03-31,6.236691474914551
2016-04-01,6.0861992835998535
2016-04-04,6.201959609985352
2016-04-05,6.4363789558410645
2016-04-06,6.337981700897217
2016-04-07,6.4537434577941895
2016-04-08,6.5405659675598145
2016-04-11,6.37654447555542
2016-04-12,6.405662536621094
2016-04-13,6.2775468826293945
2016-04-14,6.1727294921875
2016-04-15,6.385279178619385
2016-04-18,6.504658222198486
2016-04-19,6.749237060546875
2016-04-20,6.73759126663208
2016-04-22,6.813295364379883
2016-04-25,6.653152942657471
2016-04-26,6.4930100440979
2016-04-27,6.551242828369141
2016-04-28,6.842411518096924
2016-04-29,7.2733378410339355
2016-05-02,7.474240779876709
2016-05-03,7.24422025680542
2016-05-04,7.086990833282471
2016-05-05,7.022934436798096
2016-05-06,7.034582614898682
2016-05-09,6.9879937171936035
2016-05-10,7.282071113586426
2016-05-11,7.279160022735596
2016-05-12,7.305366039276123
2016-05-13,7.279160022735596
2016-05-16,7.404361248016357
2016-05-17,7.4218316078186035
2016-05-18,7.599444389343262
2016-05-19,7.541210174560547
2016-05-20,7.6751484870910645
2016-05-23,7.774143218994141
2016-05-24,7.7159104347229
2016-05-25,7.803260803222656
2016-05-27,7.7159104347229
2016-05-30,7.526654243469238
2016-05-31,7.5557684898376465
2016-06-01,7.573238372802734
2016-06-02,7.657677173614502
2016-06-03,7.835289478302002
2016-06-06,7.887698650360107
2016-06-07,7.9342851638793945
2016-06-08,7.963400840759277
2016-06-09,7.931371688842773
2016-06-10,7.846933841705322
2016-06-13,7.83237361907959
2016-06-14,7.724645137786865
2016-06-15,7.701351642608643
2016-06-16,7.686791896820068
2016-06-17,7.77705717086792
2016-06-20,7.6431169509887695
2016-06-21,7.646029472351074
2016-06-22,7.657677173614502
2016-06-23,7.739201068878174
2016-06-24,7.683879852294922
2016-06-27,7.736292362213135
2016-06-28,7.83237361907959
2016-06-29,7.86440372467041
2016-06-30,8.00707721710205
2016-07-01,7.745026588439941
2016-07-04,7.657677173614502
2016-07-05,7.622738361358643
2016-07-06,7.634382724761963
2016-07-07,7.581974506378174
2016-07-08,7.835289478302002
2016-07-11,8.11480712890625
2016-07-12,8.472944259643555
2016-07-13,8.775754928588867
2016-07-14,8.947545051574707
2016-07-15,8.941719055175781
2016-07-18,8.906780242919922
2016-07-19,9.128067016601562
2016-07-20,8.813607215881348
2016-07-21,8.793224334716797
2016-07-22,8.836901664733887
2016-07-25,8.807783126831055
2016-07-26,8.851458549499512
2016-07-27,8.924249649047852
2016-07-28,9.02324390411377
2016-07-29,9.090218544006348
2016-08-01,9.098950386047363
2016-08-02,9.142624855041504
2016-08-03,9.583172798156738
2016-08-04,9.849859237670898
2016-08-05,9.964155197143555
2016-08-08,10.116547584533691
2016-08-09,10.374444007873535
2016-08-10,10.368584632873535
2016-08-11,10.292387008666992
2016-08-12,10.49753189086914
2016-08-15,10.482878684997559
2016-08-16,10.66750717163086
2016-08-17,10.764217376708984
2016-08-18,11.151060104370117
2016-08-19,10.966429710388184
2016-08-22,10.931264877319336
2016-08-23,10.84334659576416
2016-08-24,10.825763702392578
2016-08-25,10.916614532470703
2016-08-26,10.992810249328613
2016-08-29,11.010390281677246
2016-08-30,11.203812599182129
2016-08-31,11.203812599182129
2016-09-01,10.963500022888184
2016-09-02,11.136411666870117
2016-09-05,11.426542282104492
2016-09-06,11.716675758361816
2016-09-08,11.605313301086426
2016-09-09,11.687366485595703
2016-09-12,11.678576469421387
2016-09-13,11.663924217224121
2016-09-14,11.628754615783691
2016-09-15,11.04848861694336
2016-09-16,11.095380783081055
2016-09-19,11.04848861694336
2016-09-20,10.931264877319336
2016-09-21,11.282941818237305
2016-09-22,11.576003074645996
2016-09-23,11.282941818237305
2016-09-26,11.23018741607666
2016-09-27,11.37965202331543
2016-09-28,11.576003074645996
2016-09-29,11.323968887329102
2016-09-30,11.238981246948242
2016-10-03,11.517391204833984
2016-10-04,11.517391204833984
2016-10-05,11.212603569030762
2016-10-06,11.52032470703125
2016-10-07,11.31224536895752
2016-10-10,11.485154151916504
2016-10-11,11.488085746765137
2016-10-13,11.722538948059082
2016-10-14,11.646340370178223
2016-10-17,11.810453414916992
2016-10-18,11.869067192077637
2016-10-19,11.663924217224121
2016-10-20,11.408957481384277
2016-10-21,11.555489540100098
2016-10-24,11.696158409118652
2016-10-25,11.426542282104492
2016-10-26,11.367928504943848
2016-10-27,11.576003074645996
2016-10-28,12.01559829711914
2016-10-31,12.381927490234375
2016-11-01,12.12403392791748
2016-11-03,12.059557914733887
2016-11-04,11.578934669494629
2016-11-07,11.605313301086426
2016-11-08,11.63754653930664
2016-11-09,11.576003074645996
2016-11-10,11.423609733581543
2016-11-11,11.429474830627441
2016-11-14,11.488085746765137
2016-11-16,11.573076248168945
2016-11-17,11.927681922912598
2016-11-18,11.590658187866211
2016-11-21,11.619966506958008
2016-11-22,11.438265800476074
2016-11-23,11.309317588806152
2016-11-24,11.326900482177734
2016-11-25,11.353277206420898
2016-11-28,11.326900482177734
2016-11-29,11.133477210998535
2016-11-30,11.447056770324707
2016-12-01,10.828691482543945
2016-12-02,10.931264877319336
2016-12-05,10.755427360534668
2016-12-06,10.901958465576172
2016-12-07,10.799386024475098
2016-12-08,11.31224536895752
2016-12-09,11.722538948059082
2016-12-12,11.464640617370605
2016-12-13,11.777008056640625
2016-12-14,11.457955360412598
2016-12-15,11.501323699951172
2016-12-16,11.318564414978027
2016-12-19,10.878706932067871
2016-12-20,10.782682418823242
2016-12-21,10.785780906677246
2016-12-22,10.807461738586426
2016-12-23,10.748607635498047
2016-12-26,10.77648639678955
2016-12-27,10.733120918273926
2016-12-28,10.968538284301758
2016-12-29,11.04288101196289
2017-01-02,10.748607635498047
2017-01-03,10.692853927612305
2017-01-04,10.931365966796875
2017-01-05,11.151297569274902
2017-01-06,11.151297569274902
2017-01-09,11.107928276062012
2017-01-10,11.092440605163574
2017-01-11,11.138903617858887
2017-01-12,11.073856353759766
2017-01-13,11.089344024658203
2017-01-16,11.312370300292969
2017-01-17,11.724347114562988
2017-01-18,11.711958885192871
2017-01-19,11.70885944366455
2017-01-20,11.65619945526123
2017-01-23,11.60664176940918
2017-01-24,11.987642288208008
2017-01-26,11.99693489074707
2017-01-27,11.88232421875
2017-01-30,11.461050987243652
2017-01-31,11.764617919921875
2017-02-01,11.684080123901367
2017-02-02,11.495125770568848
2017-02-03,11.476540565490723
2017-02-06,11.758420944213867
2017-02-07,11.832765579223633
2017-02-08,12.281914710998535
2017-02-09,12.54830551147461
2017-02-10,12.619550704956055
2017-02-13,12.932406425476074
2017-02-14,12.932406425476074
2017-02-15,12.814696311950684
2017-02-16,12.78681755065918
2017-02-17,12.780624389648438
2017-02-20,13.025331497192383
2017-02-21,13.20189380645752
2017-02-22,13.257649421691895
2017-02-23,13.533339500427246
2017-02-24,13.418724060058594
2017-03-01,13.489967346191406
2017-03-02,13.319602966308594
2017-03-03,13.009841918945312
2017-03-06,13.009841918945312
2017-03-07,13.10276985168457
2017-03-08,12.913819313049316
2017-03-09,12.817795753479004
2017-03-10,12.576184272766113
2017-03-13,12.978869438171387
2017-03-14,12.920014381408691
2017-03-15,13.324846267700195
2017-03-16,13.434450149536133
2017-03-17,13.265344619750977
2017-03-20,13.19958209991455
2017-03-21,12.930266380310059
2017-03-22,13.127556800842285
2017-03-23,13.152608871459961
2017-03-24,12.761160850524902
2017-03-27,12.98037338256836
2017-03-28,13.027345657348633
2017-03-29,13.152608871459961
2017-03-30,13.19958209991455
2017-03-31,13.246554374694824
2017-04-03,13.064927101135254
2017-04-04,13.152608871459961
2017-04-05,13.497085571289062
2017-04-06,13.302927017211914
2017-04-07,13.669319152832031
2017-04-10,13.638004302978516
2017-04-11,13.628609657287598
2017-04-12,13.475164413452148
2017-04-13,13.38434886932373
2017-04-17,14.007530212402344
2017-04-18,14.023186683654785
2017-04-19,13.935502052307129
2017-04-20,14.12339973449707
2017-04-24,14.098344802856445
2017-04-25,14.715267181396484
2017-04-26,14.424030303955078
2017-04-27,14.802947998046875
2017-04-28,16.44702911376953
2017-05-02,16.77583885192871
2017-05-03,16.872920989990234
2017-05-04,17.020103454589844
2017-05-05,17.959577560424805
2017-05-08,17.69339370727539
2017-05-09,18.066049575805664
2017-05-10,18.210100173950195
2017-05-11,18.288387298583984
2017-05-12,18.35101890563965
2017-05-15,18.278995513916016
2017-05-16,18.25394630432129
2017-05-17,18.11615562438965
2017-05-18,17.55560302734375
2017-05-19,17.9126033782959
2017-05-22,17.03575897216797
2017-05-23,18.131813049316406
2017-05-24,17.98149871826172
2017-05-25,17.968975067138672
2017-05-26,18.232025146484375
2017-05-29,18.232025146484375
2017-05-30,17.931392669677734
2017-05-31,17.777942657470703
2017-06-01,17.90007209777832
2017-06-02,18.134946823120117
2017-06-05,17.947050094604492
2017-06-06,18.22262954711914
2017-06-07,18.22576141357422
2017-06-08,18.163129806518555
2017-06-09,17.975236892700195
2017-06-12,17.709047317504883
2017-06-13,17.68086051940918
2017-06-14,17.67460060119629
2017-06-15,17.67460060119629
2017-06-16,17.9126033782959
2017-06-19,18.006547927856445
2017-06-20,17.959577560424805
2017-06-21,17.436609268188477
2017-06-22,17.03575897216797
2017-06-23,16.988784790039062
2017-06-26,17.07333755493164
2017-06-27,17.048288345336914
2017-06-28,16.753915786743164
2017-06-29,16.65997314453125
2017-06-30,16.785236358642578
2017-07-03,16.440765380859375
2017-07-04,16.127607345581055
2017-07-05,16.522184371948242
2017-07-06,16.59734344482422
2017-07-07,16.8541316986084
2017-07-10,17.129711151123047
2017-07-11,17.286285400390625
2017-07-12,17.80612564086914
2017-07-13,18.163129806518555
2017-07-14,18.15686798095703
2017-07-17,18.294654846191406
2017-07-18,18.219499588012695
2017-07-19,18.138071060180664
2017-07-20,18.319705963134766
2017-07-21,18.69549560546875
2017-07-24,18.664180755615234
2017-07-25,18.789440155029297
2017-07-26,18.758127212524414
2017-07-27,18.520124435424805
2017-07-28,18.476285934448242
2017-07-31,18.808231353759766
2017-08-01,18.382341384887695
2017-08-02,18.494060516357422
2017-08-03,18.437326431274414
2017-08-04,18.15367889404297
2017-08-07,18.494060516357422
2017-08-08,18.481454849243164
2017-08-09,18.36798667907715
2017-08-10,18.279743194580078
2017-08-11,18.386898040771484
2017-08-14,18.891172409057617
2017-08-15,18.405807495117188
2017-08-16,18.75249481201172
2017-08-17,18.494060516357422
2017-08-18,18.475147247314453
2017-08-21,17.806991577148438
2017-08-22,17.712440490722656
2017-08-23,18.380596160888672
2017-08-24,18.59490966796875
2017-08-25,18.500362396240234
2017-08-28,18.468841552734375
2017-08-29,18.78400993347168
2017-08-30,19.162214279174805
2017-08-31,19.981653213500977
2017-09-01,19.408044815063477
2017-09-04,19.382835388183594
2017-09-05,19.445863723754883
2017-09-06,19.162214279174805
2017-09-07,19.162214279174805
2017-09-08,19.50889778137207
2017-09-11,19.263065338134766
2017-09-12,19.25676155090332
2017-09-13,18.897472381591797
2017-09-14,18.840742111206055
2017-09-15,18.172590255737305
2017-09-18,18.096948623657227
2017-09-19,17.806991577148438
2017-09-20,18.3427791595459
2017-09-21,18.75879669189453
2017-09-22,18.79661750793457
2017-09-25,18.172590255737305
2017-09-26,18.519269943237305
2017-09-27,18.525571823120117
2017-09-28,18.424720764160156
2017-09-29,18.576000213623047
2017-10-02,18.336475372314453
2017-10-03,18.31125831604004
2017-10-04,18.279743194580078
2017-10-05,18.607521057128906
2017-10-06,18.75249481201172
2017-10-09,18.739891052246094
2017-10-10,18.645339965820312
2017-10-11,18.739891052246094
2017-10-12,18.739891052246094
2017-10-13,19.50889778137207
2017-10-16,19.250459671020508
2017-10-17,19.162214279174805
2017-10-18,19.41434669494629
2017-10-19,19.351314544677734
2017-10-20,19.72951316833496
2017-10-23,19.77994728088379
2017-10-24,19.376527786254883
2017-10-25,19.34501075744629
2017-10-26,19.06136131286621
2017-10-27,18.210407257080078
2017-10-30,17.964576721191406
2017-10-31,18.204103469848633
2017-11-01,18.286046981811523
2017-11-02,18.286046981811523
2017-11-03,18.027610778808594
2017-11-06,17.939361572265625
2017-11-07,17.53594398498535
2017-11-08,17.806991577148438
2017-11-09,17.454002380371094
2017-11-10,17.119924545288086
2017-11-13,17.277507781982422
2017-11-14,17.189260482788086
2017-11-15,17.189260482788086
2017-11-16,17.315326690673828
2017-11-17,17.189260482788086
2017-11-20,17.189260482788086
2017-11-21,17.43509292602539
2017-11-22,16.96864128112793
2017-11-23,16.9875545501709
2017-11-24,16.558927536010742
2017-11-27,16.73542022705078
2017-11-28,17.126230239868164
2017-11-29,16.79845428466797
2017-11-30,16.533714294433594
2017-12-01,16.792146682739258
2017-12-04,16.68499183654785
2017-12-05,16.363521575927734
2017-12-06,15.979016304016113
2017-12-07,16.09248161315918
2017-12-08,16.79845428466797
2017-12-11,16.893001556396484
2017-12-12,17.08210563659668
2017-12-13,17.08210563659668
2017-12-14,17.384666442871094
2017-12-15,17.44139862060547
2017-12-18,17.416183471679688
2017-12-19,17.479217529296875
2017-12-20,17.680925369262695
2017-12-21,17.94566535949707
2017-12-22,17.870023727416992
2017-12-25,17.870023727416992
2017-12-26,17.775474548339844
2017-12-27,18.15367889404297
2017-12-28,18.66424560546875
2017-12-29,18.66424560546875
2018-01-02,18.720975875854492
2018-01-03,18.354598999023438
2018-01-04,17.98737907409668
2018-01-05,18.246965408325195
2018-01-08,17.772113800048828
2018-01-09,17.259273529052734
2018-01-10,17.822765350341797
2018-01-11,17.461877822875977
2018-01-12,17.3542423248291
2018-01-15,17.6391544342041
2018-01-16,17.537851333618164
2018-01-17,17.6391544342041
2018-01-18,17.594833374023438
2018-01-19,17.582172393798828
2018-01-22,17.398561477661133
2018-01-23,16.936372756958008
2018-01-24,17.886077880859375
2018-01-25,17.886077880859375
2018-01-26,18.107675552368164
2018-01-29,18.1140079498291
2018-01-30,18.550867080688477
2018-01-31,18.994064331054688
2018-02-01,18.76613426208496
2018-02-02,18.690162658691406
2018-02-05,17.810102462768555
2018-02-06,17.715131759643555
2018-02-07,17.791107177734375
2018-02-08,17.879741668701172
2018-02-09,17.949390411376953
2018-02-14,18.690162658691406
2018-02-15,18.50021743774414
2018-02-16,18.341930389404297
2018-02-19,18.0190372467041
2018-02-20,17.974716186523438
2018-02-21,17.962053298950195
2018-02-22,18.025367736816406
2018-02-23,18.170989990234375
2018-02-26,17.772113800048828
2018-02-27,17.290929794311523
2018-02-28,17.17696189880371
2018-03-01,17.290929794311523
2018-03-02,18.044363021850586
2018-03-05,18.297616958618164
2018-03-06,18.076019287109375
2018-03-07,18.638168334960938
2018-03-08,18.761255264282227
2018-03-09,18.618728637695312
2018-03-12,18.53451156616211
2018-03-13,18.113418579101562
2018-03-14,17.59515380859375
2018-03-15,17.67289161682129
2018-03-16,17.802457809448242
2018-03-19,17.795984268188477
2018-03-20,17.452634811401367
2018-03-21,17.621063232421875
2018-03-22,18.022722244262695
2018-03-23,17.757112503051758
2018-03-26,17.847806930541992
2018-03-27,17.556285858154297
2018-03-28,17.23236656188965
2018-03-29,17.58219337463379
2018-04-02,17.26475715637207
2018-04-03,17.089845657348633
2018-04-04,16.908447265625
2018-04-05,16.914926528930664
2018-04-06,16.86958122253418
2018-04-09,16.76593017578125
2018-04-10,17.012107849121094
2018-04-11,17.49797821044922
2018-04-12,17.685850143432617
2018-04-13,17.413761138916016
2018-04-16,16.979711532592773
2018-04-17,17.044492721557617
2018-04-18,17.26475715637207
2018-04-19,17.679372787475586
2018-04-20,17.685850143432617
2018-04-23,17.29715347290039
2018-04-24,17.13519287109375
2018-04-25,17.26475715637207
2018-04-26,17.61458969116211
2018-04-27,17.206453323364258
2018-04-30,16.914926528930664
2018-05-02,16.701143264770508
2018-05-03,16.571575164794922
2018-05-04,17.225887298583984
2018-05-07,17.018585205078125
2018-05-08,17.167585372924805
2018-05-09,17.491498947143555
2018-05-10,17.59515380859375
2018-05-11,17.19997787475586
2018-05-14,16.39018440246582
2018-05-15,16.325403213500977
2018-05-16,16.506792068481445
2018-05-17,16.00148582458496
2018-05-18,15.995006561279297
2018-05-21,15.975567817687988
2018-05-22,16.519750595092773
2018-05-23,16.03387451171875
2018-05-24,16.325403213500977
2018-05-25,16.247655868530273
2018-05-28,15.45730209350586
2018-05-29,15.334216117858887
2018-05-30,15.923742294311523
2018-06-01,16.49383544921875
2018-06-04,16.55213737487793
2018-06-05,16.260622024536133
2018-06-06,15.709956169128418
2018-06-07,15.547999382019043
2018-06-08,15.5739107131958
2018-06-11,15.820091247558594
2018-06-12,16.053316116333008
2018-06-13,16.10513687133789
2018-06-14,15.923742294311523
2018-06-15,15.502655029296875
2018-06-18,15.37956714630127
2018-06-19,16.189353942871094
2018-06-20,15.807133674621582
2018-06-21,15.386041641235352
2018-06-22,15.716435432434082
2018-06-25,15.90431022644043
2018-06-26,16.901973724365234
2018-06-27,16.603967666625977
2018-06-28,16.973234176635742
2018-06-29,17.13519287109375
2018-07-02,16.655794143676758
2018-07-03,17.167585372924805
2018-07-04,17.32306671142578
2018-07-05,17.212934494018555
2018-07-06,17.56924057006836
2018-07-10,17.74415397644043
2018-07-11,17.9125919342041
2018-07-12,17.88020133972168
2018-07-13,17.94498062133789
2018-07-16,18.145814895629883
2018-07-17,18.469730377197266
2018-07-18,18.515073776245117
2018-07-19,18.372554779052734
2018-07-20,18.13933563232422
2018-07-23,17.938505172729492
2018-07-24,18.12637710571289
2018-07-25,18.009769439697266
2018-07-26,18.068071365356445
2018-07-27,17.750633239746094
2018-07-30,17.562763214111328
2018-07-31,17.7376766204834
2018-08-01,17.60892105102539
2018-08-02,18.00022315979004
2018-08-03,18.345882415771484
2018-08-06,18.358924865722656
2018-08-07,17.73935317993164
2018-08-08,17.9415283203125
2018-08-09,17.771963119506836
2018-08-10,17.2241268157959
2018-08-13,17.282827377319336
2018-08-14,18.104572296142578
2018-08-15,17.628480911254883
2018-08-16,18.0328311920166
2018-08-17,17.504568099975586
2018-08-20,17.641529083251953
2018-08-21,17.034992218017578
2018-08-22,17.256736755371094
2018-08-23,16.78716468811035
2018-08-24,16.87847328186035
2018-08-27,17.15890884399414
2018-08-28,16.643686294555664
2018-08-29,16.637165069580078
2018-08-30,16.663253784179688
2018-08-31,16.76108169555664
2018-09-03,16.487165451049805
2018-09-04,16.23933219909668
2018-09-05,16.395858764648438
2018-09-06,16.624122619628906
2018-09-10,15.808894157409668
2018-09-11,15.50236701965332
2018-09-12,15.08497428894043
2018-09-13,14.902362823486328
2018-09-14,14.765403747558594
2018-09-17,14.908883094787598
2018-09-18,15.215409278869629
2018-09-19,14.745834350585938
2018-09-20,15.16323184967041
2018-09-21,15.176277160644531
2018-09-24,14.615400314331055
2018-09-25,14.445833206176758
2018-09-26,14.308874130249023
2018-09-27,14.439314842224121
2018-09-28,13.8914794921875
2018-10-01,13.728431701660156
2018-10-02,14.23713493347168
2018-10-03,14.62192440032959
2018-10-04,14.269743919372559
2018-10-05,14.139307022094727
2018-10-08,14.680617332458496
2018-10-09,14.706707000732422
2018-10-10,14.158873558044434
2018-10-11,14.08713436126709
2018-10-15,13.558867454528809
2018-10-16,14.145828247070312
2018-10-17,14.08713436126709
2018-10-18,14.074089050292969
2018-10-19,14.126262664794922
2018-10-22,14.178439140319824
2018-10-23,14.478442192077637
2018-10-24,14.106698989868164
2018-10-25,14.576269149780273
2018-10-26,14.204524993896484
2018-10-29,13.695825576782227
2018-10-30,13.826261520385742
2018-10-31,13.597996711730957
2018-11-01,13.87191390991211
2018-11-05,14.484966278076172
2018-11-06,14.348006248474121
2018-11-07,13.930608749389648
2018-11-08,13.754521369934082
2018-11-09,13.461039543151855
2018-11-12,13.42842960357666
2018-11-13,13.356689453125
2018-11-14,13.532781600952148
2018-11-16,13.565386772155762
2018-11-19,13.434951782226562
2018-11-21,13.226252555847168
2018-11-22,13.193639755249023
2018-11-23,13.030596733093262
2018-11-26,13.017553329467773
2018-11-27,13.85234546661377
2018-11-28,14.22409439086914
2018-11-29,14.178439140319824
2018-11-30,14.08713436126709
2018-12-03,14.061041831970215
2018-12-04,14.054527282714844
2018-12-05,13.956696510314941
2018-12-06,14.295828819274902
2018-12-07,13.826261520385742
2018-12-10,13.415388107299805
2018-12-11,13.219732284545898
2018-12-12,13.043641090393066
2018-12-13,13.06320571899414
2018-12-14,12.789290428161621
2018-12-17,12.697983741760254
2018-12-18,12.893638610839844
2018-12-19,12.737117767333984
2018-12-20,12.802334785461426
2018-12-21,12.867552757263184
2018-12-26,12.73059368133545
2018-12-27,12.691461563110352
2018-12-28,12.900163650512695
2019-01-02,13.141468048095703
2019-01-03,13.4216890335083
2019-01-04,13.684218406677246
2019-01-07,13.881111145019531
2019-01-08,14.045191764831543
2019-01-09,13.835169792175293
2019-01-10,14.097699165344238
2019-01-11,14.012375831604004
2019-01-14,14.570245742797852
2019-01-15,14.248647689819336
2019-01-16,13.91392993927002
2019-01-17,14.071447372436523
2019-01-18,14.629313468933105
2019-01-21,14.432419776916504
2019-01-22,14.222399711608887
2019-01-23,14.57680892944336
2019-01-24,14.438983917236328
2019-01-28,14.12395191192627
2019-01-29,14.688380241394043
2019-01-30,14.780266761779785
2019-01-31,14.622751235961914
2019-02-01,14.563685417175293
2019-02-04,14.622751235961914
2019-02-05,14.740889549255371
2019-02-06,13.986123085021973
2019-02-07,13.78266429901123
2019-02-08,14.110824584960938
2019-02-11,14.012375831604004
2019-02-12,13.907363891601562
2019-02-13,13.80235481262207
2019-02-14,14.058317184448242
2019-02-15,13.940179824829102
2019-02-18,13.717032432556152
2019-02-19,13.78266429901123
2019-02-20,13.566082000732422
2019-02-21,13.375748634338379
2019-02-22,13.362622261047363
2019-02-25,13.369184494018555
2019-02-26,13.257611274719238
2019-02-27,13.5332670211792
2019-02-28,13.126348495483398
2019-03-01,13.126348495483398
2019-03-06,13.126348495483398
2019-03-07,13.158586502075195
2019-03-08,13.491630554199219
2019-03-11,13.845060348510742
2019-03-12,13.85865592956543
2019-03-13,14.01498031616211
2019-03-14,13.933420181274414
2019-03-15,14.130529403686523
2019-03-18,14.076153755187988
2019-03-19,14.028575897216797
2019-03-20,13.845060348510742
2019-03-21,13.675142288208008
2019-03-22,13.457645416259766
2019-03-25,13.382880210876465
2019-03-26,13.845060348510742
2019-03-27,13.42365837097168
2019-03-28,13.66154956817627
2019-03-29,13.865449905395508
2019-04-01,13.967403411865234
2019-04-02,14.273261070251465
2019-04-03,14.538334846496582
2019-04-04,15.360746383666992
2019-04-05,15.387932777404785
2019-04-08,15.462695121765137
2019-04-09,15.632616996765137
2019-04-10,15.319967269897461
2019-04-11,15.156844139099121
2019-04-12,14.884969711303711
2019-04-15,14.912154197692871
2019-04-16,14.803411483764648
2019-04-17,14.592703819274902
2019-04-18,14.721848487854004
2019-04-22,14.776222229003906
2019-04-23,15.156844139099121
2019-04-24,15.034501075744629
2019-04-25,15.326764106750488
2019-04-26,14.28685188293457
2019-04-29,14.28685188293457
2019-04-30,14.103339195251465
2019-05-02,13.702327728271484
2019-05-03,14.028575897216797
2019-05-06,13.851861000061035
2019-05-07,13.72271728515625
2019-05-08,14.062556266784668
2019-05-09,13.763497352600098
2019-05-10,13.566393852233887
2019-05-13,13.321708679199219
2019-05-14,13.416864395141602
2019-05-15,13.498425483703613
2019-05-16,13.321708679199219
2019-05-17,12.981870651245117
2019-05-20,12.927492141723633
2019-05-21,13.29452133178711
2019-05-22,13.192567825317383
2019-05-23,13.328506469726562
2019-05-24,13.212959289550781
2019-05-27,13.321708679199219
2019-05-28,13.613969802856445
2019-05-29,13.607173919677734
2019-05-30,13.688736915588379
2019-05-31,13.457645416259766
2019-06-03,13.525609970092773
2019-06-04,13.525609970092773
2019-06-05,13.382880210876465
2019-06-06,13.783889770507812
2019-06-07,14.062556266784668
2019-06-10,14.273261070251465
2019-06-11,14.504351615905762
2019-06-12,14.38200855255127
2019-06-13,14.463570594787598
2019-06-14,14.205290794372559
2019-06-17,13.99459457397461
2019-06-18,14.062556266784668
2019-06-19,14.137321472167969
2019-06-21,14.273261070251465
2019-06-24,14.361617088317871
2019-06-25,14.25966739654541
2019-06-26,14.341226577758789
2019-06-27,14.54513168334961
2019-06-28,14.511144638061523
2019-07-01,14.61309814453125
2019-07-02,14.721848487854004
2019-07-03,14.708252906799316
2019-07-04,14.952935218811035
2019-07-05,15.44230842590332
2019-07-08,15.816126823425293
2019-07-10,16.16956329345703
2019-07-11,16.087997436523438
2019-07-12,16.142377853393555
2019-07-15,16.074405670166016
2019-07-16,15.986051559448242
2019-07-17,16.18995475769043
2019-07-18,16.087997436523438
2019-07-19,15.979251861572266
2019-07-22,15.734567642211914
2019-07-23,15.775348663330078
2019-07-24,16.04042625427246
2019-07-25,16.142377853393555
2019-07-26,16.060815811157227
2019-07-29,16.00643539428711
2019-07-30,16.054018020629883
2019-07-31,15.992506980895996
2019-08-01,16.2735595703125
2019-08-02,16.08847999572754
2019-08-05,15.821134567260742
2019-08-06,15.903395652770996
2019-08-07,15.793715476989746
2019-08-08,16.040494918823242
2019-08-09,16.08847999572754
2019-08-12,16.10904312133789
2019-08-13,16.4517879486084
2019-08-14,16.11589813232422
2019-08-15,15.56750202178955
2019-08-16,16.136463165283203
2019-08-19,15.903395652770996
2019-08-20,16.25299835205078
2019-08-21,16.595741271972656
2019-08-22,16.808244705200195
2019-08-23,16.472352981567383
2019-08-26,16.06106185913086
2019-08-27,15.999363899230957
2019-08-28,15.978799819946289
2019-08-29,16.506624221801758
2019-08-30,16.4517879486084
2019-09-02,16.4517879486084
2019-09-03,16.4517879486084
2019-09-04,16.410661697387695
2019-09-05,16.294124603271484
2019-09-06,16.3146915435791
2019-09-09,16.081621170043945
2019-09-10,16.081621170043945
2019-09-11,16.32154655456543
2019-09-12,16.602596282958984
2019-09-13,16.664291381835938
2019-09-16,16.55461311340332
2019-09-17,16.869935989379883
2019-09-18,16.94533920288086
2019-09-19,16.82195281982422
2019-09-20,17.23324966430664
2019-09-23,17.486879348754883
2019-09-24,17.50058937072754
2019-09-25,17.342926025390625
2019-09-26,17.480024337768555
2019-09-27,17.61712074279785
2019-09-30,18.110673904418945
2019-10-01,17.891315460205078
2019-10-02,17.041309356689453
2019-10-03,17.137279510498047
2019-10-04,17.137279510498047
2019-10-07,16.588884353637695
2019-10-08,16.486061096191406
2019-10-09,16.595741271972656
2019-10-10,16.595741271972656
2019-10-11,16.86308479309082
2019-10-14,16.972763061523438
2019-10-15,16.86308479309082
2019-10-16,17.137279510498047
2019-10-17,17.137279510498047
2019-10-18,16.95905303955078
2019-10-21,16.99332618713379
2019-10-22,16.86308479309082
2019-10-23,16.917922973632812
2019-10-24,16.801389694213867
2019-10-25,17.07558250427246
2019-10-28,17.418331146240234
2019-10-29,17.445749282836914
2019-10-30,17.507448196411133
2019-10-31,17.445749282836914
2019-11-01,17.50058937072754
2019-11-04,17.486879348754883
2019-11-05,17.61712074279785
2019-11-06,17.71994972229004
2019-11-07,18.028419494628906
2019-11-08,17.726802825927734
2019-11-11,17.877607345581055
2019-11-12,17.644540786743164
2019-11-13,17.843334197998047
2019-11-14,18.508258819580078
2019-11-18,18.453420639038086
2019-11-19,18.24091911315918
2019-11-21,19.02238655090332
2019-11-22,19.04294204711914
2019-11-25,19.51593017578125
2019-11-26,19.570772171020508
2019-11-27,19.330848693847656
2019-11-28,19.180042266845703
2019-11-29,19.5364990234375
2019-12-02,19.51593017578125
2019-12-03,19.543352127075195
2019-12-04,19.52964210510254
2019-12-05,19.4062557220459
2019-12-06,19.796985626220703
2019-12-09,19.91351890563965
2019-12-10,19.4953670501709
2019-12-11,19.5364990234375
2019-12-12,19.4953670501709
2019-12-13,19.728435516357422
2019-12-16,19.844968795776367
2019-12-17,19.74900245666504
2019-12-18,20.4619140625
2019-12-19,20.838932037353516
2019-12-20,20.44820213317871
2019-12-23,20.564733505249023
2019-12-26,20.633285522460938
2019-12-27,20.838932037353516
2019-12-30,20.92804527282715
2020-01-02,21.263935089111328
2020-01-03,20.715248107910156
2020-01-06,21.327560424804688
2020-01-07,21.54771614074707
2020-01-08,21.416994094848633
2020-01-09,21.816030502319336
2020-01-10,21.430755615234375
2020-01-13,21.327560424804688
2020-01-14,21.644033432006836
2020-01-15,21.485797882080078
2020-01-16,21.49267578125
2020-01-17,21.595870971679688
2020-01-20,22.17378044128418
2020-01-21,22.118741989135742
2020-01-22,22.614091873168945
2020-01-23,22.187541961669922
2020-01-24,22.263219833374023
2020-01-27,22.118741989135742
2020-01-28,22.35953712463379
2020-01-29,21.43763542175293
2020-01-30,21.781625747680664
2020-01-31,21.327560424804688
2020-02-03,21.816030502319336
2020-02-04,22.46961784362793
2020-02-05,23.04752540588379
2020-02-06,22.084346771240234
2020-02-07,21.465152740478516
2020-02-10,21.279401779174805
2020-02-11,21.444515228271484
2020-02-12,21.871068954467773
2020-02-13,21.107406616210938
2020-02-14,21.320680618286133
2020-02-17,21.382598876953125
2020-02-18,21.293161392211914
2020-02-19,22.0086612701416
2020-02-20,21.637155532836914
2020-02-21,21.49955177307129
2020-02-26,20.7083740234375
2020-02-27,20.056421279907227
2020-02-28,20.891813278198242
2020-03-02,21.69210433959961
2020-03-03,21.495540618896484
2020-03-04,21.769323348999023
2020-03-05,21.053274154663086
2020-03-06,20.75140953063965
2020-03-09,18.961288452148438
2020-03-10,19.143810272216797
2020-03-11,18.392658233642578
2020-03-12,16.005821228027344
2020-03-13,16.567432403564453
2020-03-16,14.040196418762207
2020-03-17,14.819427490234375
2020-03-18,12.73445987701416
2020-03-19,13.689194679260254
2020-03-20,13.506670951843262
2020-03-23,13.169707298278809
2020-03-24,13.647071838378906
2020-03-25,14.096358299255371
2020-03-26,14.672006607055664
2020-03-27,13.829594612121582
2020-03-30,14.496501922607422
2020-03-31,14.208677291870117
2020-04-01,14.040196418762207
2020-04-02,14.180599212646484
2020-04-03,13.485610008239746
2020-04-06,14.040196418762207
2020-04-07,15.015992164611816
2020-04-08,15.191492080688477
2020-04-09,15.128313064575195
2020-04-13,14.980890274047852
2020-04-14,15.725022315979004
2020-04-15,15.781180381774902
2020-04-16,15.949662208557129
2020-04-17,16.65167808532715
2020-04-20,17.255401611328125
2020-04-22,17.023738861083984
2020-04-23,16.988637924194336
2020-04-24,16.223445892333984
2020-04-27,16.427032470703125
2020-04-28,16.434049606323242
2020-04-29,16.349809646606445
2020-04-30,16.005821228027344
2020-05-04,15.240633010864258
2020-05-05,15.10725212097168
2020-05-06,15.163411140441895
2020-05-07,14.728167533874512
2020-05-08,14.503523826599121
2020-05-11,13.941913604736328
2020-05-12,14.040196418762207
2020-05-13,13.766412734985352
2020-05-14,14.6228666305542
2020-05-15,14.145498275756836
2020-05-18,14.531604766845703
2020-05-19,14.012116432189941
2020-05-20,14.650946617126465
2020-05-21,15.500378608703613
2020-05-22,15.605680465698242
2020-05-25,16.146224975585938
2020-05-26,16.216428756713867
2020-05-27,16.391931533813477
2020-05-28,16.04794692993164
2020-05-29,16.391931533813477
2020-06-01,16.841218948364258
2020-06-02,17.978473663330078
2020-06-03,18.146955490112305
2020-06-04,17.690649032592773
2020-06-05,18.104835510253906
2020-06-08,18.294376373291016
2020-06-09,17.964431762695312
2020-06-10,17.8170108795166
2020-06-12,17.48706817626953
2020-06-15,17.395803451538086
2020-06-16,17.550249099731445
2020-06-17,18.385635375976562
2020-06-18,18.25225830078125
2020-06-19,17.627466201782227
2020-06-22,17.40984535217285
2020-06-23,17.655550003051758
2020-06-24,17.241365432739258
2020-06-25,17.50812530517578
2020-06-26,17.10095977783203
2020-06-29,17.276460647583008
2020-06-30,17.262420654296875
2020-07-01,17.49408721923828
2020-07-02,17.304546356201172
2020-07-03,17.40282440185547
2020-07-06,17.536209106445312
2020-07-07,18.069732666015625
2020-07-08,18.44179916381836
2020-07-09,18.041650772094727
2020-07-10,17.859130859375
2020-07-13,17.99251365661621
2020-07-14,17.99251365661621
2020-07-15,18.512001037597656
2020-07-16,18.11887550354004
2020-07-17,18.182058334350586
2020-07-20,17.90827178955078
2020-07-21,17.725746154785156
2020-07-22,17.51514434814453
2020-07-23,17.051816940307617
2020-07-24,17.15009880065918
2020-07-27,17.058837890625
2020-07-28,17.227323532104492
2020-07-29,17.473024368286133
2020-07-30,17.99251365661621
2020-07-31,17.978473663330078
2020-08-03,18.561140060424805
2020-08-04,18.32245635986328
2020-08-05,18.392658233642578
2020-08-06,18.182058334350586
2020-08-07,18.280336380004883
2020-08-10,18.238216400146484
2020-08-11,18.22417449951172
2020-08-12,17.662569046020508
2020-08-13,17.564287185668945
2020-08-14,17.381763458251953
2020-08-17,17.10095977783203
2020-08-18,17.543228149414062
2020-08-19,17.374744415283203
2020-08-20,17.325607299804688
2020-08-21,17.536209106445312
2020-08-24,17.550249099731445
2020-08-25,17.86614990234375
2020-08-26,17.63448715209961
2020-08-27,17.73978614807129
2020-08-28,18.132917404174805
2020-08-31,18.32245635986328
2020-09-01,18.596240997314453
2020-09-02,19.82476043701172
2020-09-03,19.44567108154297
2020-09-04,20.000259399414062
2020-09-08,19.97920036315918
2020-09-09,20.154701232910156
2020-09-10,20.091522216796875
2020-09-11,19.494813919067383
2020-09-14,20.35828399658203
2020-09-15,20.47762680053711
2020-09-16,20.849695205688477
2020-09-17,20.72332763671875
2020-09-18,20.582929611206055
2020-09-21,20.519746780395508
2020-09-22,20.32318687438965
2020-09-23,19.579051971435547
2020-09-24,19.55097198486328
2020-09-25,19.178909301757812
2020-09-28,18.434778213500977
2020-09-29,18.6875057220459
2020-09-30,18.589218139648438
2020-10-01,18.680482864379883
2020-10-02,18.476900100708008
2020-10-05,19.101686477661133
2020-10-06,19.557992935180664
2020-10-07,19.27016830444336
2020-10-08,19.726478576660156
2020-10-09,19.459714889526367
2020-10-13,19.69839859008789
2020-10-14,19.937082290649414
2020-10-15,19.71243667602539
2020-10-16,19.494813919067383
2020-10-19,19.522891998291016
2020-10-20,19.726478576660156
2020-10-21,19.726478576660156
2020-10-22,19.8317813873291
2020-10-23,19.628196716308594
2020-10-26,19.4737491607666
2020-10-27,19.63521385192871
2020-10-28,18.427759170532227
2020-10-29,19.256134033203125
2020-10-30,19.199970245361328
2020-11-03,18.94022560119629
2020-11-04,19.08062744140625
2020-11-05,20.365306854248047
2020-11-06,19.923038482666016
2020-11-09,19.754554748535156
2020-11-10,19.29825210571289
2020-11-11,18.919164657592773
2020-11-12,18.603261947631836
2020-11-13,19.249109268188477
2020-11-16,19.340370178222656
2020-11-17,19.277189254760742
2020-11-18,18.975324630737305
2020-11-19,19.185930252075195
2020-11-23,19.13679313659668
2020-11-24,18.95426368713379
2020-11-25,18.982341766357422
2020-11-26,18.88406753540039
2020-11-27,18.912147521972656
2020-11-30,18.645383834838867
2020-12-01,18.125896453857422
2020-12-02,18.413719177246094
2020-12-03,19.1157283782959
2020-12-04,19.214006423950195
2020-12-07,19.02446937561035
2020-12-08,18.855985641479492
2020-12-09,18.736642837524414
2020-12-10,18.933204650878906
2020-12-11,19.01744842529297
2020-12-14,19.27016830444336
2020-12-15,18.933204650878906
2020-12-16,19.389511108398438
2020-12-17,19.185930252075195
2020-12-18,18.778764724731445
2020-12-21,18.722606658935547
2020-12-22,18.764724731445312
2020-12-23,18.645383834838867
2020-12-28,19.045528411865234
2020-12-29,19.17188835144043
2020-12-30,18.968307495117188
2021-01-04,18.95426368713379
2021-01-05,18.645383834838867
2021-01-06,18.25225830078125
2021-01-07,18.32644271850586
2021-01-08,19.403217315673828
2021-01-11,18.985261917114258
2021-01-12,19.665328979492188
2021-01-13,19.608654022216797
2021-01-14,19.722000122070312
2021-01-15,19.85660171508789
2021-01-18,19.771589279174805
2021-01-19,19.502395629882812
2021-01-20,19.282793045043945
2021-01-21,19.077356338500977
2021-01-22,18.893171310424805
2021-01-26,18.928586959838867
2021-01-27,18.751487731933594
2021-01-28,19.04901695251465
2021-01-29,18.602720260620117
2021-02-01,19.32529640197754
2021-02-02,20.331228256225586
2021-02-03,20.07620620727539
2021-02-04,19.7999267578125
2021-02-05,19.948692321777344
2021-02-08,19.8070125579834
2021-02-09,19.62990951538086
2021-02-10,19.48114585876465
2021-02-11,19.89910316467285
2021-02-12,20.05495262145996
2021-02-17,19.98410987854004
2021-02-18,19.551986694335938
2021-02-19,19.62990951538086
2021-02-22,18.9215030670166
2021-02-23,19.183612823486328
2021-02-24,19.105688095092773
2021-02-25,18.992341995239258
2021-02-26,19.006511688232422
2021-03-01,18.36186408996582
2021-03-02,18.15642738342285
2021-03-03,18.202919006347656
2021-03-04,18.412395477294922
2021-03-05,18.18124771118164
2021-03-08,17.653940200805664
2021-03-09,17.581707000732422
2021-03-10,17.733396530151367
2021-03-11,17.950098037719727
2021-03-12,17.755067825317383
2021-03-15,18.31126594543457
2021-03-16,18.159578323364258
2021-03-17,18.239030838012695
2021-03-18,18.0223331451416
2021-03-19,18.289600372314453
2021-03-22,18.217365264892578
2021-03-23,18.383501052856445
2021-03-24,17.9428768157959
2021-03-25,18.137907028198242
2021-03-26,18.17402458190918
2021-03-29,18.015108108520508
2021-03-30,18.49907684326172
2021-03-31,18.491853713989258
2021-04-01,18.556861877441406
2021-04-05,18.715778350830078
2021-04-06,19.445335388183594
2021-04-07,19.510351181030273
2021-04-08,19.300870895385742
2021-04-09,19.062498092651367
2021-04-12,19.488679885864258
2021-04-13,19.654815673828125
2021-04-14,19.633146286010742
2021-04-15,19.582582473754883
2021-04-16,19.647594451904297
2021-04-19,19.575361251831055
2021-04-20,19.373104095458984
2021-04-22,19.08416748046875
2021-04-23,18.96859359741211
2021-04-26,18.694110870361328
2021-04-27,18.3546085357666
2021-04-28,18.39794921875
2021-04-29,18.441287994384766
2021-04-30,18.455734252929688
2021-05-03,18.12346076965332
2021-05-04,18.585756301879883
2021-05-05,18.816905975341797
2021-05-06,18.592979431152344
2021-05-07,18.53519058227539
2021-05-10,18.766340255737305
2021-05-11,18.816905975341797
2021-05-12,18.34016227722168
2021-05-13,18.737445831298828
2021-05-14,18.9397029876709
2021-05-17,19.08416748046875
2021-05-18,19.069725036621094
2021-05-19,19.5175724029541
2021-05-20,19.965423583984375
2021-05-21,19.66204071044922
2021-05-24,19.582582473754883
2021-05-25,19.365877151489258
2021-05-26,19.28643035888672
2021-05-27,18.838573455810547
2021-05-28,19.091394424438477
2021-05-31,19.12028694152832
2021-06-01,19.373104095458984
2021-06-02,19.250307083129883
2021-06-04,19.394775390625
2021-06-07,19.719829559326172
2021-06-08,19.755943298339844
2021-06-09,19.712604522705078
2021-06-10,19.842622756958008
2021-06-11,19.53201675415039
2021-06-14,19.28643035888672
2021-06-15,19.228639602661133
2021-06-16,19.069725036621094
2021-06-17,19.076946258544922
2021-06-18,19.04805564880371
2021-06-21,19.05527687072754
2021-06-22,19.12750816345215
2021-06-23,19.206966400146484
2021-06-24,19.228639602661133
2021-06-25,18.824127197265625
2021-06-28,19.178071975708008
2021-06-29,18.99749183654785
2021-06-30,18.72300148010254
2021-07-01,18.39794921875
2021-07-02,18.556861877441406
2021-07-05,18.607423782348633
2021-07-06,17.950098037719727
2021-07-07,18.1884708404541
2021-07-08,17.856191635131836
2021-07-12,17.971769332885742
2021-07-13,18.05122947692871
2021-07-14,18.18124771118164
2021-07-15,18.05122947692871
2021-07-16,18.07289695739746
2021-07-19,17.993438720703125
2021-07-20,18.094568252563477
2021-07-21,17.57448387145996
2021-07-22,17.675609588623047
2021-07-23,17.690059661865234
2021-07-26,17.430015563964844
2021-07-27,17.27110481262207
2021-07-28,17.57448387145996
2021-07-29,17.379451751708984
2021-07-30,16.873817443847656
2021-08-02,17.26387596130371
2021-08-03,17.148303985595703
2021-08-04,16.84600830078125
2021-08-05,16.795156478881836
2021-08-06,16.63534164428711
2021-08-09,16.8677978515625
2021-08-10,16.99855613708496
2021-08-11,16.49005126953125
2021-08-12,17.151107788085938
2021-08-13,17.020353317260742
2021-08-16,16.831480026245117
2021-08-17,16.671659469604492
2021-08-18,16.5118465423584
2021-08-19,17.172901153564453
2021-08-20,17.57970428466797
2021-08-23,17.565176010131836
2021-08-24,17.652347564697266
2021-08-25,17.57970428466797
2021-08-26,17.448944091796875
2021-08-27,17.361772537231445
2021-08-30,17.26007080078125
2021-08-31,17.187429428100586
2021-09-01,17.36903953552246
2021-09-02,16.976762771606445
2021-09-03,17.29639434814453
2021-09-06,17.543386459350586
2021-09-08,17.107519149780273
2021-09-09,17.5942325592041
2021-09-10,17.151107788085938
2021-09-13,17.528854370117188
2021-09-14,17.645082473754883
2021-09-15,17.601497650146484
2021-09-16,17.695934295654297
2021-09-17,17.448944091796875
2021-09-20,17.12931251525879
2021-09-21,17.24554443359375
2021-09-22,17.034879684448242
2021-09-23,16.99855613708496
2021-09-24,16.853269577026367
2021-09-27,16.38109016418457
2021-09-28,16.199478149414062
2021-09-29,16.23579978942871
2021-09-30,16.068723678588867
2021-10-01,15.727298736572266
2021-10-04,15.356812477111816
2021-10-05,15.356812477111816
2021-10-06,15.356812477111816
2021-10-07,15.356812477111816
2021-10-08,15.451251029968262
2021-10-11,15.451251029968262
2021-10-13,15.625595092773438
2021-10-14,15.545686721801758
2021-10-15,15.523894309997559
2021-10-18,15.669180870056152
2021-10-19,14.913689613342285
2021-10-20,14.797463417053223
2021-10-21,14.543209075927734
2021-10-22,14.16546630859375
2021-10-25,14.5940580368042
2021-10-26,14.332544326782227
2021-10-27,13.81677532196045
2021-10-28,13.32280158996582
2021-10-29,13.678751945495605
2021-11-01,13.882155418395996
2021-11-03,14.586796760559082
2021-11-04,14.521417617797852
2021-11-05,15.029918670654297
2021-11-08,14.870107650756836
2021-11-09,15.160677909851074
2021-11-10,15.313228607177734
2021-11-11,15.545686721801758
2021-11-12,15.029918670654297
2021-11-16,14.528680801391602
2021-11-17,13.903946876525879
2021-11-18,13.94753360748291
2021-11-19,14.012913703918457
2021-11-22,13.591581344604492
2021-11-23,13.533468246459961
2021-11-24,13.50440788269043
2021-11-25,13.765924453735352
2021-11-26,13.090343475341797
2021-11-29,12.988641738891602
2021-11-30,12.690801620483398
2021-12-01,12.298528671264648
2021-12-02,13.024964332580566
2021-12-03,13.48261547088623
2021-12-06,13.409972190856934
2021-12-07,13.656959533691406
2021-12-08,13.983854293823242
2021-12-09,13.838570594787598
2021-12-10,13.838570594787598
2021-12-13,13.838570594787598
2021-12-14,13.34459400177002
2021-12-15,13.962060928344727
2021-12-16,13.649696350097656
2021-12-17,13.424500465393066
2021-12-20,13.061284065246582
2021-12-21,12.918728828430176
2021-12-22,12.73615837097168
2021-12-23,12.6996431350708
2021-12-27,12.845701217651367
2021-12-28,12.969846725463867
2021-12-29,12.889516830444336
2021-12-30,13.13781452178955
2022-01-03,12.356409072875977
2022-01-04,11.932843208312988
2022-01-05,11.604215621948242
2022-01-06,11.991267204284668
2022-01-07,12.108114242553711
2022-01-10,12.560888290405273
2022-01-11,13.042878150939941
2022-01-12,13.152419090270996
2022-01-13,12.779974937438965
2022-01-14,13.093997955322266
2022-01-17,12.991756439208984
2022-01-18,13.02826976776123
2022-01-19,13.240052223205566
2022-01-20,13.502955436706543
2022-01-21,13.970338821411133
2022-01-24,13.451835632324219
2022-01-25,13.904610633850098
2022-01-26,13.977638244628906
2022-01-27,14.298967361450195
2022-01-28,14.452323913574219
2022-01-31,14.766345977783203
2022-02-01,14.350085258483887
2022-02-02,14.277056694030762
2022-02-03,14.17481517791748
2022-02-04,14.160211563110352
2022-02-07,13.963033676147461
2022-02-08,13.831583023071289
2022-02-09,13.882699966430664
2022-02-10,13.597890853881836
2022-02-11,13.320382118225098
2022-02-14,13.283869743347168
2022-02-15,13.87540340423584
2022-02-16,13.729341506958008
2022-02-17,13.473745346069336
2022-02-18,13.247356414794922
2022-02-21,12.947937965393066
2022-02-22,14.014154434204102
2022-02-23,13.685528755187988
2022-02-24,13.356898307800293
2022-02-25,13.115906715393066
2022-03-02,13.042878150939941
2022-03-03,13.072088241577148
2022-03-04,13.03557300567627
2022-03-07,12.487859725952148
2022-03-08,12.297986030578613
2022-03-09,12.714248657226562
2022-03-10,12.612008094787598
2022-03-11,12.17383861541748
2022-03-14,12.137323379516602
2022-03-15,11.940145492553711
2022-03-16,12.612008094787598
2022-03-17,12.312592506408691
2022-03-18,12.049690246582031
2022-03-21,11.969359397888184
2022-03-22,12.356409072875977
2022-03-23,11.837928771972656
2022-03-24,11.990378379821777
2022-03-25,12.33339786529541
2022-03-28,12.417245864868164
2022-03-29,12.729775428771973
2022-03-30,12.379134178161621
2022-03-31,12.203812599182129
2022-04-01,12.66117000579834
2022-04-04,12.729775428771973
2022-04-05,12.424869537353516
2022-04-06,12.23430347442627
2022-04-07,12.241927146911621
2022-04-08,12.051360130310059
2022-04-11,11.624494552612305
2022-04-12,11.449173927307129
2022-04-13,11.487287521362305
2022-04-14,11.8074369430542
2022-04-18,12.104719161987305
2022-04-19,12.081850051879883
2022-04-20,12.081850051879883
2022-04-22,11.898908615112305
2022-04-25,11.914155006408691
2022-04-26,11.769323348999023
2022-04-27,11.82268238067627
2022-04-28,11.59400463104248
2022-04-29,10.991817474365234
2022-05-02,11.014684677124023
2022-05-03,11.05279541015625
2022-05-04,11.212874412536621
2022-05-05,10.801252365112305
2022-05-06,10.618307113647461
2022-05-09,10.618307113647461
2022-05-10,10.824118614196777
2022-05-11,10.435365676879883
2022-05-12,10.877477645874023
2022-05-13,11.11378002166748
2022-05-16,11.083288192749023
2022-05-17,11.22049617767334
2022-05-18,11.235740661621094
2022-05-19,11.174759864807129
2022-05-20,11.418683052062988
2022-05-23,11.243361473083496
2022-05-24,11.41106128692627
2022-05-25,11.372947692871094
2022-05-26,11.746455192565918
2022-05-27,11.738834381103516
2022-05-30,11.586381912231445
2022-05-31,11.571134567260742
2022-06-01,11.723587989807129
2022-06-02,12.119965553283691
2022-06-03,11.876039505004883
2022-06-06,11.632118225097656
2022-06-07,11.472042083740234
2022-06-08,11.51015567779541
2022-06-09,11.502532958984375
2022-06-10,11.555891036987305
2022-06-13,11.235740661621094
2022-06-14,10.915590286254883
2022-06-15,11.350080490112305
2022-06-17,10.839364051818848
2022-06-20,10.755516052246094
2022-06-21,10.946081161499023
2022-06-22,10.824118614196777
2022-06-23,10.793628692626953
2022-06-24,10.976573944091797
2022-06-27,10.801252365112305
2022-06-28,10.717402458190918
2022-06-29,10.702157020568848
2022-06-30,12.424869537353516
2022-07-01,12.09709644317627
2022-07-04,11.799813270568848
2022-07-05,11.746455192565918
2022-07-06,11.90653133392334
2022-07-07,12.264795303344727
2022-07-08,12.135210037231445
2022-07-11,12.043737411499023
2022-07-12,12.173322677612305
2022-07-13,12.081850051879883
2022-07-14,12.211437225341797
2022-07-15,12.462981224060059
2022-07-18,11.929399490356445
2022-07-19,11.632118225097656
2022-07-20,11.540644645690918
2022-07-21,11.540644645690918
2022-07-22,11.639738082885742
2022-07-25,11.433927536010742
2022-07-26,11.540644645690918
2022-07-27,11.837928771972656
2022-07-28,12.150455474853516
2022-07-29,12.325775146484375
2022-08-01,12.081850051879883
2022-08-02,12.158077239990234
2022-08-03,12.272417068481445
2022-08-04,12.60781192779541
2022-08-05,11.769323348999023
2022-08-08,11.914155006408691
2022-08-09,12.0132474899292
2022-08-10,12.539209365844727
2022-08-11,12.241927146911621
2022-08-12,12.33339786529541
2022-08-15,12.745019912719727
2022-08-16,12.722150802612305
2022-08-17,12.424869537353516
2022-08-18,12.38675594329834
2022-08-19,12.43249225616455
2022-08-22,12.219058990478516
2022-08-23,12.287662506103516
2022-08-24,12.577322006225586
2022-08-25,12.767888069152832
2022-08-26,12.493474006652832
2022-08-29,12.554454803466797
2022-08-30,12.249549865722656
2022-08-31,12.0132474899292
2022-09-01,12.33339786529541
2022-09-02,12.691658973693848
2022-09-05,13.057548522949219
2022-09-06,12.722150802612305
2022-09-08,12.912715911865234
2022-09-09,12.966075897216797
2022-09-12,12.950830459594727
2022-09-13,12.447738647460938
2022-09-14,12.341019630432129
2022-09-15,12.584944725036621
2022-09-16,12.958452224731445
2022-09-19,12.935585021972656
2022-09-20,13.133772850036621
2022-09-21,13.08803653717041
2022-09-22,13.431056022644043
2022-09-23,13.926525115966797
2022-09-26,13.659734725952148
2022-09-27,13.377697944641113
2022-09-28,13.240490913391113
2022-09-29,13.240490913391113
2022-09-30,13.476792335510254
2022-10-03,14.14758014678955
2022-10-04,14.246675491333008
2022-10-05,14.490595817565918
2022-10-06,15.169011116027832
2022-10-07,14.909843444824219
2022-10-10,15.108031272888184
2022-10-11,14.757390975952148
2022-10-13,14.582071304321289
2022-10-14,14.078978538513184
2022-10-17,13.674978256225586
2022-10-18,14.01037311553955
2022-10-19,13.957015037536621
2022-10-20,13.918905258178711
2022-10-21,13.988264083862305
2022-10-24,14.088346481323242
2022-10-25,14.072948455810547
2022-10-26,13.487859725952148
2022-10-27,13.903581619262695
2022-10-28,14.119138717651367
2022-10-31,14.319302558898926
2022-11-01,14.149933815002441
2022-11-03,14.273111343383789
2022-11-04,14.604147911071777
2022-11-07,13.988264083862305
2022-11-08,14.011361122131348
2022-11-09,13.965169906616211
2022-11-10,13.711118698120117
2022-11-11,13.387778282165527
2022-11-14,13.449368476867676
2022-11-16,13.187616348266602
2022-11-17,13.318490028381348
2022-11-18,13.164518356323242
2022-11-21,13.503255844116211
2022-11-22,13.233806610107422
2022-11-23,13.018248558044434
2022-11-24,13.395476341247559
2022-11-25,13.210714340209961
2022-11-28,13.457067489624023
2022-11-29,13.641830444335938
2022-11-30,13.649528503417969
2022-12-01,13.441668510437012
2022-12-02,13.503255844116211
2022-12-05,13.2492036819458
2022-12-06,12.825782775878906
2022-12-07,12.902769088745117
2022-12-08,12.279187202453613
2022-12-09,12.086723327636719
2022-12-12,11.932751655578613
2022-12-13,11.5170316696167
2022-12-14,11.917354583740234
2022-12-15,12.117517471313477
2022-12-16,11.994339942932129
2022-12-19,12.163708686828613
2022-12-20,11.79067325592041
2022-12-21,11.853432655334473
2022-12-22,12.088775634765625
2022-12-23,12.37903118133545
2022-12-26,12.151532173156738
2022-12-27,12.31627368927002
2022-12-28,12.590839385986328
2022-12-29,12.120153427124023
2023-01-02,11.853432655334473
2023-01-03,11.4141263961792
2023-01-04,11.649469375610352
2023-01-05,11.861278533935547
2023-01-06,12.22998046875
2023-01-09,11.853432655334473
2023-01-10,12.135843276977539
2023-01-11,12.52023696899414
2023-01-12,12.402565956115723
2023-01-13,11.908345222473145
2023-01-16,11.673003196716309
2023-01-17,12.05739688873291
2023-01-18,12.080931663513184
2023-01-19,12.159378051757812
2023-01-20,11.767141342163086
2023-01-23,11.429815292358398
2023-01-24,11.680848121643066
2023-01-25,12.143688201904297
2023-01-26,11.853432655334473
2023-01-27,11.665156364440918
2023-01-30,11.759295463562012
2023-01-31,12.143688201904297
2023-02-01,12.237826347351074
2023-02-02,12.473167419433594
2023-02-03,11.853432655334473
2023-02-06,11.641624450683594
2023-02-07,11.767141342163086
2023-02-08,11.939725875854492
2023-02-09,11.65731430053711
2023-02-10,11.374900817871094
2023-02-13,11.649469375610352
2023-02-14,11.531797409057617
2023-02-15,11.79067325592041
2023-02-16,12.033862113952637
2023-02-17,12.073084831237793
2023-02-22,11.900501251220703
2023-02-23,11.641624450683594
2023-02-24,11.492573738098145
2023-02-27,11.398436546325684
2023-02-28,11.131714820861816
2023-03-01,11.178784370422363
2023-03-02,10.959129333496094
2023-03-03,10.91206169128418
2023-03-06,11.08464527130127
2023-03-07,11.08464527130127
2023-03-08,11.50826358795166
2023-03-09,11.594554901123047
2023-03-10,11.374900817871094
2023-03-13,11.445505142211914
2023-03-14,11.304300308227539
2023-03-15,11.429815292358398
2023-03-16,11.641624450683594
2023-03-17,11.382746696472168
2023-03-20,10.959129333496094
2023-03-21,11.32783317565918
2023-03-22,11.241541862487793
2023-03-23,11.163093566894531
2023-03-24,11.453348159790039
2023-03-27,11.319988250732422
2023-03-28,11.610244750976562
2023-03-29,11.398436546325684
2023-03-30,11.625933647155762
2023-03-31,11.390592575073242
2023-04-03,11.100336074829102
2023-04-04,11.092489242553711
2023-04-05,11.123868942260742
2023-04-06,11.068957328796387
2023-04-10,10.927749633789062
2023-04-11,11.398436546325684
2023-04-12,11.55533218383789
2023-04-13,11.398436546325684
2023-04-14,11.429815292358398
2023-04-17,11.406280517578125
2023-04-18,11.319988250732422
2023-04-19,10.974818229675293
2023-04-20,11.170938491821289
2023-04-24,11.21800708770752
2023-04-25,11.131714820861816
2023-04-26,11.131714820861816
2023-04-27,11.210162162780762
2023-04-28,11.390592575073242
2023-05-02,11.359211921691895
2023-05-03,11.35136890411377
2023-05-04,11.461194038391113
2023-05-05,12.402565956115723
2023-05-08,12.441789627075195
2023-05-09,12.73204517364502
2023-05-10,12.826183319091797
2023-05-11,12.9124755859375
2023-05-12,13.045835494995117
2023-05-15,13.006613731384277
2023-05-16,12.71635627746582
2023-05-17,12.708511352539062
2023-05-18,13.02230167388916
2023-05-19,13.171351432800293
2023-05-22,13.210577964782715
2023-05-23,12.834026336669922
2023-05-24,12.849717140197754
2023-05-25,13.092905044555664
2023-05-26,12.928165435791016
2023-05-29,12.6300630569458
2023-05-30,12.504547119140625
2023-05-31,12.22998046875
2023-06-01,12.433944702148438
2023-06-02,12.31627368927002
2023-06-05,12.088775634765625
2023-06-06,12.198599815368652
2023-06-07,12.496702194213867
2023-06-09,12.465324401855469
2023-06-12,12.802647590637207
2023-06-13,12.396682739257812
2023-06-14,13.113301277160645
2023-06-15,13.170960426330566
2023-06-16,12.890900611877441
2023-06-19,12.833243370056152
2023-06-20,12.94856071472168
2023-06-21,12.94856071472168
2023-06-22,12.932085990905762
2023-06-23,13.286279678344727
2023-06-26,12.989747047424316
2023-06-27,12.849717140197754
2023-06-28,12.841480255126953
2023-06-29,13.088591575622559
2023-06-30,13.220380783081055
2023-07-03,13.426305770874023
2023-07-04,13.343936920166016
2023-07-05,13.549863815307617
2023-07-06,13.294514656066895
2023-07-07,13.352173805236816
2023-07-10,13.278040885925293
2023-07-11,13.055643081665039
2023-07-12,12.80853271484375
2023-07-13,12.783822059631348
2023-07-14,12.610844612121582
2023-07-17,12.709691047668457
2023-07-18,12.635555267333984
2023-07-19,12.512001037597656
2023-07-20,12.487290382385254
2023-07-21,12.750873565673828
2023-07-24,12.907376289367676
2023-07-25,13.014455795288086
2023-07-26,13.195672035217285
2023-07-27,13.03093147277832
2023-07-28,13.236855506896973
2023-07-31,13.269804954528809
2023-08-01,13.02269458770752
2023-08-02,13.006221771240234
2023-08-03,13.179197311401367
2023-08-04,13.129775047302246
2023-08-07,12.923849105834961
2023-08-08,12.684977531433105
2023-08-09,12.627318382263184
2023-08-10,12.72616195678711
2023-08-11,12.561421394348145
2023-08-14,12.330784797668457
2023-08-15,12.215468406677246
2023-08-16,12.256653785705566
2023-08-17,12.437867164611816
2023-08-18,12.503763198852539
2023-08-21,12.610844612121582
2023-08-22,12.750873565673828
2023-08-23,12.734399795532227
2023-08-24,12.54494857788086
2023-08-25,12.363734245300293
2023-08-28,12.355496406555176
2023-08-29,12.437867164611816
2023-08-30,12.322549819946289
2023-08-31,12.157809257507324
2023-09-01,12.133098602294922
2023-09-04,12.157809257507324
2023-09-05,11.923850059509277
2023-09-06,11.91551685333252
2023-09-08,11.873852729797363
2023-09-11,12.040504455566406
2023-09-12,12.23215389251709
2023-09-13,12.207155227661133
2023-09-14,12.090500831604004
2023-09-15,12.19049072265625
2023-09-18,12.198823928833008
2023-09-19,12.173826217651367
2023-09-20,12.3988037109375
2023-09-21,12.440465927124023
2023-09-22,12.3988037109375
2023-09-25,12.632115364074707
2023-09-26,12.457130432128906
2023-09-27,12.432134628295898
2023-09-28,12.60711669921875
2023-09-29,12.623781204223633
2023-10-02,13.048741340637207
2023-10-03,13.332046508789062
2023-10-04,13.207058906555176
2023-10-05,13.082070350646973
2023-10-06,12.948751449584961
2023-10-09,12.973749160766602
2023-10-10,13.290384292602539
2023-10-11,13.290384292602539
2023-10-13,12.873757362365723
2023-10-16,12.990413665771484
2023-10-17,12.8320951461792
2023-10-18,12.523792266845703
2023-10-19,12.598784446716309
2023-10-20,12.648778915405273
2023-10-23,12.965415954589844
2023-10-24,13.04040813446045
2023-10-25,12.873757362365723
2023-10-26,12.907087326049805
2023-10-27,12.598784446716309
2023-10-30,12.348808288574219
2023-10-31,12.490461349487305
2023-11-01,12.798765182495117
2023-11-03,13.282051086425781
2023-11-06,13.290384292602539
2023-11-07,13.623686790466309
2023-11-08,13.8236665725708
2023-11-09,13.682013511657715
2023-11-10,14.090306282043457
2023-11-13,13.748673439025879
2023-11-14,14.181964874267578
2023-11-16,14.323617935180664
2023-11-17,14.173632621765137
2023-11-20,14.21529483795166
2023-11-21,14.173632621765137
2023-11-22,14.140301704406738
2023-11-23,14.198631286621094
2023-11-24,14.040310859680176
2023-11-27,14.056979179382324
2023-11-28,14.198631286621094
2023-11-29,14.090306282043457
2023-11-30,14.306954383850098
2023-12-01,14.548595428466797
2023-12-04,14.473605155944824
2023-12-05,14.681916236877441
2023-12-06,14.565260887145996
2023-12-07,14.498600959777832
2023-12-08,14.573594093322754
2023-12-11,14.540264129638672
2023-12-12,14.690248489379883
2023-12-13,15.206867218017578
2023-12-14,15.331851959228516
2023-12-15,15.481841087341309
2023-12-18,15.309036254882812
2023-12-19,15.562637329101562
2023-12-20,15.402022361755371
2023-12-21,15.444291114807129
2023-12-22,15.680983543395996
2023-12-26,15.655623435974121
2023-12-27,15.630264282226562
2023-12-28,15.249863624572754
2024-01-02,15.089249610900879
2024-01-03,14.920181274414062
2024-01-04,14.734208106994629
2024-01-05,14.827195167541504
2024-01-08,14.911727905273438
2024-01-09,14.79338264465332
2024-01-10,14.708847045898438
2024-01-11,14.818741798400879
2024-01-12,14.827195167541504
2024-01-15,14.776472091674805
2024-01-16,14.463700294494629
2024-01-17,14.243912696838379
2024-01-18,13.914231300354004
2024-01-19,13.795884132385254
2024-01-22,13.770524978637695
2024-01-23,14.024126052856445
2024-01-24,14.184741020202637
2024-01-25,14.091753005981445
2024-01-26,13.939590454101562
2024-01-29,13.871964454650879
2024-01-30,13.685991287231445
2024-01-31,13.753618240356445
2024-02-01,13.88041877746582
2024-02-02,13.753618240356445
2024-02-05,13.795884132385254
2024-02-06,13.990310668945312
2024-02-07,13.94804573059082
2024-02-08,13.62681770324707
2024-02-09,13.60991096496582
2024-02-14,13.45775032043457
2024-02-15,13.440842628479004
2024-02-16,13.42393684387207
2024-02-19,13.314043045043945
2024-02-20,13.42393684387207
2024-02-21,13.33940315246582
2024-02-22,13.347855567932129
2024-02-23,13.28868293762207
2024-02-26,13.33940315246582
2024-02-27,13.728256225585938
2024-02-28,13.449295043945312
2024-02-29,13.449295043945312
2024-03-01,13.57609748840332
2024-03-04,13.432390213012695
2024-03-05,13.229508399963379
2024-03-06,13.263321876525879
2024-03-07,13.229508399963379
2024-03-08,12.967455863952637
2024-03-11,12.992815971374512
2024-03-12,12.806840896606445
2024-03-13,12.561694145202637
2024-03-14,12.671586036682129
2024-03-15,12.620867729187012
2024-03-18,12.722307205200195
2024-03-19,12.739212989807129
2024-03-20,12.959139823913574
2024-03-21,12.976213455200195
2024-03-22,12.788398742675781
2024-03-25,12.79693603515625
2024-03-26,12.788398742675781
2024-03-27,12.924991607666016
2024-03-28,12.805474281311035
2024-04-01,12.70302963256836
2024-04-02,12.685955047607422
2024-04-03,12.643270492553711
2024-04-04,12.685955047607422
2024-04-05,12.54936408996582
2024-04-08,12.592049598693848
2024-04-09,12.72864055633545
2024-04-10,12.54936408996582
2024-04-11,12.634735107421875
2024-04-12,12.566437721252441
2024-04-15,12.224958419799805
2024-04-16,11.985922813415527
2024-04-17,11.849331855773926
2024-04-18,11.840794563293457
2024-04-19,11.985922813415527
2024-04-22,11.960312843322754
2024-04-23,12.566437721252441
2024-04-24,12.404234886169434
2024-04-25,12.515215873718262
2024-04-26,12.472530364990234
2024-04-29,12.481067657470703
2024-04-30,12.361549377441406
2024-05-02,12.42984676361084
2024-05-03,12.660345077514648
2024-05-06,12.711566925048828
2024-05-07,12.737177848815918
2024-05-08,12.745715141296387
2024-05-09,12.592049598693848
2024-05-10,12.335939407348633
2024-05-13,12.353013038635254
2024-05-14,12.515215873718262
2024-05-15,12.250570297241211
2024-05-16,12.52375316619873
2024-05-17,12.42984676361084
2024-05-20,12.668882369995117
2024-05-21,12.711566925048828
2024-05-22,12.344476699829102
2024-05-23,12.190810203552246
2024-05-24,12.139588356018066
2024-05-27,12.216422080993652
2024-05-28,12.37862491607666
2024-05-29,12.071292877197266
2024-05-31,11.994460105895996
2024-06-03,12.412772178649902
2024-06-04,12.37862491607666
2024-06-05,12.30179214477539
2024-06-06,12.37862491607666
2024-06-07,12.310328483581543
2024-06-10,12.284717559814453
2024-06-11,12.361549377441406
2024-06-12,12.199348449707031
2024-06-13,12.165199279785156
2024-06-14,12.122514724731445
2024-06-17,11.934701919555664
2024-06-18,11.968849182128906
2024-06-19,12.071292877197266
2024-06-20,12.088366508483887
2024-06-21,12.131052017211914
2024-06-24,12.259106636047363
2024-06-25,12.318866729736328
2024-06-26,12.293254852294922
2024-06-27,12.737177848815918
2024-06-28,12.831084251403809
2024-07-01,13.121341705322266
2024-07-02,12.865232467651367
2024-07-03,12.831084251403809
2024-07-04,12.839621543884277
2024-07-05,12.865232467651367
2024-07-08,12.848158836364746
2024-07-09,13.206711769104004
2024-07-10,13.172563552856445
2024-07-11,13.33476734161377
2024-07-12,13.300618171691895
2024-07-15,13.317692756652832
2024-07-16,13.403061866760254
2024-07-17,13.317692756652832
2024-07-18,13.138415336608887
2024-07-19,13.326228141784668
2024-07-22,13.33476734161377
2024-07-23,13.206711769104004
2024-07-24,13.172563552856445
2024-07-25,12.959139823913574
2024-07-26,13.078656196594238
2024-07-29,13.070120811462402
2024-07-30,12.950602531433105
2024-07-31,12.94206428527832
2024-08-01,13.112804412841797
2024-08-02,13.129878997802734
2024-08-05,13.010360717773438
2024-08-06,12.924991607666016
2024-08-07,13.070120811462402
2024-08-08,13.283544540405273
2024-08-09,13.53111743927002
2024-08-12,13.317692756652832
2024-08-13,13.53111743927002
2024-08-14,13.55672836303711
2024-08-15,13.632946014404297
2024-08-16,13.720169067382812
2024-08-19,13.8335599899292
2024-08-20,13.816115379333496
2024-08-21,13.999282836914062
2024-08-22,13.912059783935547
2024-08-23,13.955672264099121
2024-08-26,13.973116874694824
2024-08-27,13.999282836914062
2024-08-28,14.051616668701172
2024-08-29,13.903336524963379
2024-08-30,13.912059783935547
2024-09-02,13.755059242248535
2024-09-03,14.069061279296875
2024-09-04,14.57495403289795
2024-09-05,14.653453826904297
2024-09-06,14.592397689819336
2024-09-09,14.505175590515137
2024-09-10,14.365618705749512
2024-09-11,14.470287322998047
2024-09-12,14.479009628295898
2024-09-13,14.54006576538086
2024-09-16,14.470287322998047
2024-09-17,14.444119453430176
2024-09-18,14.487732887268066
2024-09-19,14.426675796508789
2024-09-20,14.348175048828125
2024-09-23,14.042896270751953
2024-09-24,14.034172058105469
2024-09-25,13.842281341552734
2024-09-26,13.615501403808594
2024-09-27,13.598057746887207
2024-09-30,13.458499908447266
2024-10-01,13.205554962158203
2024-10-02,13.266610145568848
2024-10-03,13.214276313781738
2024-10-04,13.214276313781738
2024-10-07,13.13577651977539
2024-10-08,13.214276313781738
2024-10-09,13.03982925415039
2024-10-10,12.874107360839844
2024-10-11,12.917717933654785
2024-10-14,12.908997535705566
2024-10-15,13.13577651977539
2024-10-16,13.30150032043457
2024-10-17,13.0049409866333
2024-10-18,13.013663291931152
2024-10-21,13.048552513122559
2024-10-22,13.188108444213867
2024-10-23,13.17066478729248
2024-10-24,13.205554962158203
2024-10-25,13.10960865020752
2024-10-28,13.214276313781738
2024-10-29,12.900273323059082
2024-10-30,12.99621868133545
2024-10-31,12.926441192626953
2024-11-01,12.420547485351562
2024-11-04,12.690938949584961
2024-11-05,12.673493385314941
2024-11-06,12.577549934387207
2024-11-07,12.586272239685059
2024-11-08,11.862320899963379
2024-11-11,12.176322937011719
2024-11-12,12.115267753601074
2024-11-13,12.141434669494629
2024-11-14,12.010600090026855
2024-11-18,11.80998706817627
2024-11-19,12.080378532409668
2024-11-21,11.748931884765625
2024-11-22,11.844876289367676
2024-11-25,12.123990058898926
2024-11-26,12.246102333068848
2024-11-27,11.853597640991211
2024-11-28,11.583206176757812
2024-11-29,11.495984077453613
2024-12-02,11.548317909240723
2024-12-03,11.792543411254883
2024-12-04,11.539595603942871
2024-12-05,11.504707336425781
2024-12-06,11.41748332977295
2024-12-09,11.44365119934082
2024-12-10,11.626818656921387
2024-12-11,11.975709915161133
2024-12-12,11.609374046325684
2024-12-13,11.452373504638672
2024-12-16,11.349441528320312
2024-12-17,11.22530746459961
2024-12-18,10.764235496520996
2024-12-19,11.00363826751709
2024-12-20,11.22530746459961
2024-12-23,10.968171119689941
2024-12-26,10.78196907043457
2024-12-27,10.852903366088867
2024-12-30,10.702168464660645
2025-01-02,10.66670036315918
2025-01-03,10.595767974853516
2025-01-06,10.888370513916016
2025-01-07,10.852903366088867
2025-01-08,10.737635612487793
2025-01-09,10.702168464660645
2025-01-10,10.498233795166016
2025-01-13,10.241097450256348
2025-01-14,10.312031745910645
2025-01-15,10.427299499511719
2025-01-16,10.063762664794922
2025-01-17,10.232230186462402
2025-01-20,10.436166763305664
2025-01-21,10.285431861877441
2025-01-22,10.409565925598145
2025-01-23,10.143563270568848
2025-01-24,10.26769733428955
2025-01-27,10.61350154876709
2025-01-28,10.32089900970459
2025-01-29,10.19676399230957
2025-01-30,10.578034400939941
2025-01-31,10.498233795166016
2025-02-03,10.533700942993164
2025-02-04,10.507100105285645
2025-02-05,10.232230186462402
2025-02-06,10.17902946472168
2025-02-07,10.36523151397705
2025-02-10,10.542567253112793
2025-02-11,11.07457160949707
2025-02-12,10.622367858886719
2025-02-13,10.436166763305664
2025-02-14,11.039104461669922
2025-02-17,11.030238151550293
2025-02-18,10.755369186401367
2025-02-19,10.551432609558105
2025-02-20,10.533700942993164
2025-02-21,10.409565925598145
2025-02-24,10.356366157531738
2025-02-25,10.134696960449219
2025-02-26,9.9130277633667
2025-02-27,9.859827041625977
2025-02-28,9.833227157592773
2025-03-05,10.09922981262207
2025-03-06,10.285431861877441
2025-03-07,10.217199325561523
2025-03-10,10.17101001739502
2025-03-11,9.893871307373047
2025-03-12,9.903108596801758
2025-03-13,10.392721176147461
2025-03-14,10.66986083984375
2025-03-17,10.789955139160156
2025-03-18,10.74376392364502
2025-03-19,10.993188858032227
2025-03-20,10.95623779296875
2025-03-21,10.91004753112793
2025-03-24,10.660622596740723
2025-03-25,10.863858222961426
2025-03-26,10.91004753112793
2025-03-27,11.057855606079102
2025-03-28,10.854619979858398
2025-03-31,10.808429718017578
2025-04-01,10.808429718017578
2025-04-02,10.95623779296875
2025-04-03,11.039379119873047
2025-04-04,10.808429718017578
2025-04-07,10.62367057800293
2025-04-08,10.614432334899902
2025-04-09,11.03014087677002
2025-04-10,11.020903587341309
2025-04-11,11.104045867919922
2025-04-14,11.205663681030273
2025-04-15,11.205663681030273
2025-04-16,11.418135643005371
2025-04-17,11.353470802307129
2025-04-22,11.436612129211426
2025-04-23,11.630610466003418
2025-04-24,12.000128746032715
2025-04-25,11.990890502929688
2025-04-28,11.935463905334473
2025-04-29,11.935463905334473
2025-04-30,12.000128746032715
2025-05-02,11.963176727294922
2025-05-05,11.89851188659668
2025-05-06,11.861559867858887
2025-05-07,11.85232162475586
2025-05-08,12.175650596618652
2025-05-09,11.510516166687012
2025-05-12,11.686037063598633
2025-05-13,11.90774917602539
2025-05-14,11.704513549804688
2025-05-15,11.686037063598633
2025-05-16,11.593658447265625
2025-05-19,11.889272689819336
2025-05-20,11.778417587280273
2025-05-21,11.519754409790039
2025-05-22,11.519754409790039
2025-05-23,11.630610466003418
2025-05-26,11.69527530670166
2025-05-27,11.787654876708984
2025-05-28,11.880035400390625
2025-05-29,11.916987419128418
2025-05-30,11.870797157287598
2025-06-02,11.843083381652832
2025-06-03,12.046319007873535
2025-06-04,12.06479549407959
2025-06-05,12.009366989135742
2025-06-06,12.074031829833984
2025-06-09,11.981653213500977
2025-06-10,11.833846092224121
2025-06-11,11.796894073486328
2025-06-12,11.935463905334473
2025-06-13,12.027843475341797
2025-06-16,12.231078147888184
2025-06-17,12.249554634094238
2025-06-18,12.443552017211914
2025-06-20,12.06479549407959
2025-06-23,12.249554634094238
2025-06-24,12.166412353515625
2025-06-25,11.89851188659668
2025-06-26,11.861559867858887
2025-06-27,11.759941101074219
2025-06-30,12.027843475341797
2025-07-01,12.009366989135742
2025-07-02,12.055557250976562
2025-07-03,11.880035400390625
2025-07-04,12.027843475341797
2025-07-07,12.009366989135742
2025-07-08,11.935463905334473
2025-07-09,11.870797157287598
2025-07-10,11.732227325439453
2025-07-11,11.658323287963867
2025-07-14,11.880035400390625
2025-07-15,11.796894073486328
2025-07-16,11.843083381652832
2025-07-17,11.806130409240723
2025-07-18,11.667562484741211
2025-07-21,13.404301643371582
2025-07-22,13.293445587158203
2025-07-23,13.404301643371582
2025-07-24,13.071733474731445
2025-07-25,13.376585960388184
2025-07-28,13.321159362792969
2025-07-29,13.330397605895996
2025-07-30,13.432015419006348
2025-07-31,13.25649356842041
2025-08-01,13.154874801635742
2025-08-04,13.21030330657959
2025-08-05,13.154874801635742
2025-08-06,13.46896743774414
2025-08-07,13.441252708435059
2025-08-08,13.25649356842041
2025-08-11,13.191826820373535
2025-08-12,13.284207344055176
2025-08-13,13.189885139465332
2025-08-14,13.16156005859375
2025-08-15,13.293742179870605
2025-08-18,13.378716468811035
2025-08-19,13.18044376373291
2025-08-20,13.171001434326172
2025-08-21,13.123793601989746
2025-08-22,13.416482925415039
2025-08-25,13.397599220275879
2025-08-26,13.359832763671875
2025-08-27,13.539223670959473
2025-08-28,13.78470516204834
2025-08-29,14.058510780334473
2025-09-01,14.51170539855957
2025-09-02,14.379523277282715
2025-09-03,14.540030479431152
2025-09-04,14.568355560302734
2025-09-05,14.88936996459961
2025-09-08,14.832719802856445
2025-09-09,14.908251762390137
2025-09-10,14.842161178588867
2025-09-11,14.728862762451172
2025-09-12,14.917694091796875
2025-09-15,14.70053768157959
2025-09-16,14.738303184509277
2025-09-17,14.709979057312012
2025-09-18,14.662771224975586
2025-09-19,15.078201293945312
2025-09-22,15.049875259399414
2025-09-23,15.182058334350586
2025-09-24,15.352006912231445
2025-09-25,15.153732299804688
2025-09-26,15.191499710083008
2025-09-29,15.238706588745117
2025-09-30,15.238706588745117
2025-10-01,15.068758964538574
2025-10-02,15.106525421142578
2025-10-03,15.106525421142578
2025-10-06,15.03099250793457
2025-10-07,14.87048625946045
2025-10-08,14.738303184509277
2025-10-09,14.615562438964844
2025-10-10,14.568355560302734
2025-10-13,14.587238311767578
2025-10-14,14.492823600769043
2025-10-15,14.615562438964844
2025-10-16,14.502264022827148
2025-10-17,14.709979057312012
2025-10-20,14.077393531799316
2025-10-21,14.020744323730469
2025-10-22,13.643080711364746
2025-10-23,13.407041549682617
2025-10-24,13.643080711364746
2025-10-27,13.822470664978027
2025-10-28,13.841353416442871
2025-10-29,13.68084716796875
2025-10-30,13.661964416503906
2025-10-31,13.737496376037598
2025-11-03,13.718612670898438
2025-11-04,13.737496376037598
2025-11-05,13.982977867126465
2025-11-06,14.256783485412598
2025-11-07,14.823277473449707
2025-11-10,14.88936996459961
2025-11-11,14.936576843261719
2025-11-12,15.238706588745117
2025-11-13,14.9649019241333
2025-11-14,15.01210880279541
2025-11-17,14.898810386657715
2025-11-18,14.766629219055176
2025-11-19,14.757186889648438
2025-11-21,14.473939895629883
2025-11-24,14.379523277282715
2025-11-25,14.190691947937012
2025-11-26,14.653329849243164
2025-11-27,14.766629219055176
2025-11-28,15.153732299804688
2025-12-01,15.021551132202148
2025-12-02,15.200942039489746
2025-12-03,15.199999809265137
2025-12-04,15.390000343322754
2025-12-05,14.489999771118164
2025-12-08,14.5
2025-12-09,14.40999984741211
2025-12-10,14.819999694824219
2025-12-11,14.8100004196167
2025-12-12,15.079999923706055
2025-12-15,15.199999809265137
2025-12-16,14.770000457763672
2025-12-17,14.5600004196167
2025-12-18,14.699999809265137
2025-12-19,14.529999732971191
2025-12-22,14.640000343322754
2025-12-23,15.0
2025-12-26,14.890000343322754
2025-12-29,14.770000457763672
2025-12-30,15.0
