date,close
2010-12-01,9.057279586791992
2010-12-02,9.345627784729004
2010-12-03,9.31605339050293
2010-12-06,9.423264503479004
2010-12-07,9.60810661315918
2010-12-08,9.415874481201172
2010-12-09,9.597012519836426
2010-12-10,9.94451904296875
2010-12-13,10.277238845825195
2010-12-14,10.08869457244873
2010-12-15,9.985179901123047
2010-12-16,9.77446460723877
2010-12-17,10.02585220336914
2010-12-20,9.75967788696289
2010-12-21,10.221783638000488
2010-12-22,10.16633129119873
2010-12-23,10.092394828796387
2010-12-27,9.907549858093262
2010-12-28,9.711618423461914
2010-12-29,9.848403930664062
2010-12-30,9.907549858093262
2011-01-03,10.147845268249512
2011-01-04,10.425110816955566
2011-01-05,10.561893463134766
2011-01-06,10.539712905883789
2011-01-07,10.569289207458496
2011-01-10,10.44359302520752
2011-01-11,10.487957954406738
2011-01-12,10.865033149719238
2011-01-13,10.665404319763184
2011-01-14,10.683892250061035
2011-01-17,10.499046325683594
2011-01-18,10.491654396057129
2011-01-19,10.199601173400879
2011-01-20,10.02585220336914
2011-01-21,9.94451904296875
2011-01-24,9.889068603515625
2011-01-26,9.648773193359375
2011-01-27,9.556351661682129
2011-01-28,9.242116928100586
2011-01-31,9.423264503479004
2011-02-01,9.785557746887207
2011-02-02,9.78185749053955
2011-02-03,10.051726341247559
2011-02-04,9.874281883239746
2011-02-07,9.94451904296875
2011-02-08,10.08869457244873
2011-02-09,9.652467727661133
2011-02-10,9.892763137817383
2011-02-11,10.073909759521484
2011-02-14,10.110879898071289
2011-02-15,10.01845645904541
2011-02-16,10.162633895874023
2011-02-17,10.351173400878906
2011-02-18,10.513833999633789
2011-02-21,10.147845268249512
2011-02-22,9.889068603515625
2011-02-23,9.75967788696289
2011-02-24,9.75967788696289
2011-02-25,9.482414245605469
2011-02-28,9.552652359008789
2011-03-01,9.353025436401367
2011-03-02,9.415874481201172
2011-03-03,9.87058162689209
2011-03-04,9.722711563110352
2011-03-09,9.722711563110352
2011-03-10,9.3862943649292
2011-03-11,9.201454162597656
2011-03-14,9.552652359008789
2011-03-15,9.67878532409668
2011-03-16,9.4116849899292
2011-03-17,9.311518669128418
2011-03-18,9.274422645568848
2011-03-21,8.90344524383545
2011-03-22,8.88489818572998
2011-03-23,8.90344524383545
2011-03-24,8.92941665649414
2011-03-25,8.862637519836426
2011-03-28,8.781022071838379
2011-03-29,8.870055198669434
2011-03-30,8.870055198669434
2011-03-31,8.873764991760254
2011-04-01,8.873764991760254
2011-04-04,8.899736404418945
2011-04-05,8.899736404418945
2011-04-06,8.881186485290527
2011-04-07,8.914575576782227
2011-04-08,8.959088325500488
2011-04-11,8.977640151977539
2011-04-12,8.706828117370605
2011-04-13,8.569564819335938
2011-04-14,8.484237670898438
2011-04-15,8.625210762023926
2011-04-18,8.625210762023926
2011-04-19,8.317302703857422
2011-04-20,8.499077796936035
2011-04-25,8.428594589233398
2011-04-26,8.52876091003418
2011-04-27,8.417466163635254
2011-04-28,8.269071578979492
2011-04-29,8.506497383117676
2011-05-02,8.317302703857422
2011-05-03,8.12810230255127
2011-05-04,7.901806354522705
2011-05-05,7.682929992675781
2011-05-06,7.768253803253174
2011-05-09,7.738577842712402
2011-05-10,7.738577842712402
2011-05-11,7.712608337402344
2011-05-12,7.78309440612793
2011-05-13,7.597604751586914
2011-05-16,7.597604751586914
2011-05-17,7.697770595550537
2011-05-18,7.675511360168457
2011-05-19,7.567928314208984
2011-05-20,7.582839012145996
2011-05-23,7.571654796600342
2011-05-24,7.7170515060424805
2011-05-25,7.940732479095459
2011-05-26,7.925819396972656
2011-05-27,7.970555305480957
2011-05-30,7.922091960906982
2011-05-31,8.112222671508789
2011-06-01,7.866170406341553
2011-06-02,7.873629093170166
2011-06-03,7.806521892547607
2011-06-06,7.642489433288574
2011-06-07,7.661129474639893
2011-06-08,7.567925453186035
2011-06-09,7.6797709465026855
2011-06-10,7.586568832397461
2011-06-13,7.504551887512207
2011-06-14,7.500825881958008
2011-06-15,7.467270374298096
2011-06-16,7.377796173095703
2011-06-17,7.265956401824951
2011-06-20,7.265956401824951
2011-06-21,7.288322925567627
2011-06-22,7.195122241973877
2011-06-24,7.101922512054443
2011-06-27,7.15784215927124
2011-06-28,7.232406139373779
2011-06-29,7.45608377456665
2011-06-30,7.45608377456665
2011-07-01,7.567925453186035
2011-07-04,7.705864906311035
2011-07-05,7.59775447845459
2011-07-06,7.512006759643555
2011-07-07,7.623849391937256
2011-07-08,7.530649662017822
2011-07-11,7.381526947021484
2011-07-12,7.154116630554199
2011-07-13,7.187667369842529
2011-07-14,7.0683722496032715
2011-07-15,6.896881103515625
2011-07-18,6.896881103515625
2011-07-19,6.814863681793213
2011-07-20,6.703021049499512
2011-07-21,6.96771240234375
2011-07-22,6.840959072113037
2011-07-25,6.7514872550964355
2011-07-26,6.68438196182251
2011-07-27,6.676926136016846
2011-07-28,6.710476875305176
2011-07-29,6.561357021331787
2011-08-01,6.617276668548584
2011-08-02,6.430874347686768
2011-08-03,6.304121494293213
2011-08-04,5.871667861938477
2011-08-05,5.871667861938477
2011-08-08,5.387022972106934
2011-08-09,5.480225563049316
2011-08-10,5.435487270355225
2011-08-11,5.9760541915893555
2011-08-12,6.393593788146973
2011-08-15,6.393593788146973
2011-08-16,6.171699523925781
2011-08-17,6.277005195617676
2011-08-18,6.0663933753967285
2011-08-19,6.013739585876465
2011-08-22,6.017500400543213
2011-08-23,6.348464012145996
2011-08-24,6.2205915451049805
2011-08-25,6.055110454559326
2011-08-26,6.186742782592773
2011-08-29,6.295810699462891
2011-08-30,6.337179660797119
2011-08-31,6.457529544830322
2011-09-01,6.491379261016846
2011-09-02,6.310852527618408
2011-09-05,6.160416126251221
2011-09-06,6.261962890625
2011-09-08,6.510184288024902
2011-09-09,6.408636093139648
2011-09-12,6.502661228179932
2011-09-13,6.487615585327148
2011-09-14,6.6831865310668945
2011-09-15,6.668142795562744
2011-09-16,6.923887252807617
2011-09-19,7.074322700500488
2011-09-20,6.78849458694458
2011-09-21,6.799777030944824
2011-09-22,6.596685886383057
2011-09-23,6.498898506164551
2011-09-26,6.724557399749756
2011-09-27,6.638055801391602
2011-09-28,6.495140552520752
2011-09-29,6.43496561050415
2011-09-30,6.303330898284912
2011-10-03,6.055110454559326
2011-10-04,5.904670715332031
2011-10-05,5.942281246185303
2011-10-06,6.107763767242432
2011-10-07,5.942281246185303
2011-10-10,6.363509654998779
2011-10-11,6.431203365325928
2011-10-13,6.517706394195557
2011-10-14,6.544031143188477
2011-10-17,6.333418846130371
2011-10-18,6.333418846130371
2011-10-19,6.363509654998779
2011-10-20,6.201788425445557
2011-10-21,6.468813896179199
2011-10-24,6.796016216278076
2011-10-25,6.796016216278076
2011-10-26,6.796016216278076
2011-10-27,6.796016216278076
2011-10-28,7.48426628112793
2011-10-31,7.48426628112793
2011-11-01,7.04799747467041
2011-11-03,7.205960273742676
2011-11-04,7.337588787078857
2011-11-07,7.34887170791626
2011-11-08,7.3150248527526855
2011-11-09,7.1081719398498535
2011-11-10,7.1081719398498535
2011-11-11,7.288700580596924
2011-11-14,7.089367389678955
2011-11-16,7.115692615509033
2011-11-17,6.826103210449219
2011-11-18,6.75088357925415
2011-11-21,6.75088357925415
2011-11-22,6.587434768676758
2011-11-23,6.46199369430542
2011-11-24,6.374568462371826
2011-11-25,6.344159126281738
2011-11-28,6.454395294189453
2011-11-29,6.214919090270996
2011-11-30,6.507607460021973
2011-12-01,6.701469898223877
2011-12-02,6.621643543243408
2011-12-05,6.899131774902344
2011-12-06,7.0207672119140625
2011-12-07,6.937141418457031
2011-12-08,6.690064907073975
2011-12-09,6.762284755706787
2011-12-12,6.762284755706787
2011-12-13,6.766087532043457
2011-12-14,6.678660869598389
2011-12-15,6.6710591316223145
2011-12-16,6.693865776062012
2011-12-19,6.446789741516113
2011-12-20,6.682462215423584
2011-12-21,6.693865776062012
2011-12-22,6.880123138427734
2011-12-23,6.933339595794678
2011-12-26,6.937141418457031
2011-12-27,7.0473737716674805
2011-12-28,6.78509521484375
2011-12-29,6.807903289794922
2012-01-02,6.7280755043029785
2012-01-03,7.191817760467529
2012-01-04,7.264040946960449
2012-01-05,7.366677761077881
2012-01-06,7.4769086837768555
2012-01-09,7.560534954071045
2012-01-10,7.735390663146973
2012-01-11,7.830417156219482
2012-01-12,7.872232913970947
2012-01-13,7.670767307281494
2012-01-16,7.670767307281494
2012-01-17,7.670767307281494
2012-01-18,8.100298881530762
2012-01-19,7.906444072723389
2012-01-20,8.092697143554688
2012-01-23,7.936850547790527
2012-01-24,7.891236782073975
2012-01-26,8.050884246826172
2012-01-27,8.039484024047852
2012-01-30,8.119309425354004
2012-01-31,7.9824652671813965
2012-02-01,8.362580299377441
2012-02-02,8.419599533081055
2012-02-03,8.681879997253418
2012-02-06,8.670475006103516
2012-02-07,8.681879997253418
2012-02-08,8.575445175170898
2012-02-09,8.678078651428223
2012-02-10,8.332172393798828
2012-02-13,8.332172393798828
2012-02-14,8.305560111999512
2012-02-15,8.214337348937988
2012-02-16,8.31696891784668
2012-02-17,8.541236877441406
2012-02-23,8.507026672363281
2012-02-24,8.624862670898438
2012-02-27,8.491823196411133
2012-02-28,8.579679489135742
2012-02-29,8.728658676147461
2012-03-01,8.912019729614258
2012-03-02,9.053361892700195
2012-03-05,8.976958274841309
2012-03-06,8.499460220336914
2012-03-07,8.476539611816406
2012-03-08,8.606419563293457
2012-03-09,8.801239013671875
2012-03-12,8.912019729614258
2012-03-13,9.343677520751953
2012-03-14,9.343677520751953
2012-03-15,9.332221984863281
2012-03-16,9.244355201721191
2012-03-19,9.244355201721191
2012-03-20,9.198514938354492
2012-03-21,9.026618003845215
2012-03-22,9.026618003845215
2012-03-23,9.087738037109375
2012-03-26,9.248178482055664
2012-03-27,9.026618003845215
2012-03-28,8.736298561096191
2012-03-29,8.847079277038574
2012-03-30,8.591137886047363
2012-04-02,8.866180419921875
2012-04-03,8.72102165222168
2012-04-04,8.579679489135742
2012-04-05,8.640802383422852
2012-04-09,8.480360984802246
2012-04-10,8.480360984802246
2012-04-11,8.384861946105957
2012-04-12,8.384861946105957
2012-04-13,8.537660598754883
2012-04-16,8.514739036560059
2012-04-17,8.640802383422852
2012-04-18,8.965497016906738
2012-04-19,8.892919540405273
2012-04-20,8.843260765075684
2012-04-23,8.62170124053955
2012-04-24,8.801239013671875
2012-04-25,8.877639770507812
2012-04-26,8.938755989074707
2012-04-27,8.808878898620605
2012-04-30,8.881460189819336
2012-05-02,8.881460189819336
2012-05-03,8.644618034362793
2012-05-04,8.121286392211914
2012-05-07,8.262621879577637
2012-05-08,7.941745758056641
2012-05-09,7.9723029136657715
2012-05-10,8.201501846313477
2012-05-11,8.178582191467285
2012-05-14,7.887174129486084
2012-05-15,7.6762871742248535
2012-05-16,7.6762871742248535
2012-05-17,7.4769062995910645
2012-05-18,7.457730293273926
2012-05-21,7.457730293273926
2012-05-22,7.879508972167969
2012-05-23,7.802821636199951
2012-05-24,7.6724534034729
2012-05-25,7.718466758728027
2012-05-28,7.887174129486084
2012-05-29,7.856502056121826
2012-05-30,7.657116889953613
2012-05-31,7.649448394775391
2012-06-01,7.5574259757995605
2012-06-04,7.7836456298828125
2012-06-05,7.695461273193359
2012-06-06,8.036712646484375
2012-06-08,8.013708114624023
2012-06-11,7.971530914306641
2012-06-12,8.247598648071289
2012-06-13,8.339625358581543
2012-06-14,8.435480117797852
2012-06-15,8.581182479858398
2012-06-18,8.581182479858398
2012-06-19,8.619528770446777
2012-06-20,8.435480117797852
2012-06-21,8.059718132019043
2012-06-22,7.910179138183594
2012-06-25,7.6724534034729
2012-06-26,7.7874836921691895
2012-06-27,7.871837139129639
2012-06-28,7.8181562423706055
2012-06-29,8.489161491394043
2012-07-02,8.477657318115234
2012-07-03,8.554346084594727
2012-07-04,8.462320327758789
2012-07-05,8.661704063415527
2012-07-06,8.454654693603516
2012-07-10,8.251434326171875
2012-07-11,8.251434326171875
2012-07-12,8.151744842529297
2012-07-13,8.297450065612793
2012-07-16,8.140240669250488
2012-07-17,8.331954956054688
2012-07-18,8.596522331237793
2012-07-19,8.772899627685547
2012-07-20,8.450818061828613
2012-07-23,8.285940170288086
2012-07-24,8.220762252807617
2012-07-25,8.032877922058105
2012-07-26,8.320450782775879
2012-07-27,8.320450782775879
2012-07-30,8.964616775512695
2012-07-31,8.941607475280762
2012-08-01,8.941607475280762
2012-08-02,8.807409286499023
2012-08-03,9.056639671325684
2012-08-06,9.4208984375
2012-08-07,9.4208984375
2012-08-08,9.4208984375
2012-08-09,9.244519233703613
2012-08-10,9.244519233703613
2012-08-13,9.509089469909668
2012-08-14,9.597742080688477
2012-08-15,9.724943161010742
2012-08-16,9.90224838256836
2012-08-17,9.898391723632812
2012-08-20,9.724943161010742
2012-08-21,9.462833404541016
2012-08-22,9.532212257385254
2012-08-23,9.173747062683105
2012-08-24,9.14291000366211
2012-08-27,8.969454765319824
2012-08-28,8.98101806640625
2012-08-29,8.819128036499023
2012-08-30,8.769021987915039
2012-08-31,8.530040740966797
2012-09-03,8.533893585205078
2012-09-04,8.549311637878418
2012-09-05,8.799859046936035
2012-09-06,9.312507629394531
2012-09-10,9.181456565856934
2012-09-11,9.38188648223877
2012-09-12,9.559198379516602
2012-09-13,10.02173900604248
2012-09-14,10.102684020996094
2012-09-17,10.087263107299805
2012-09-18,9.87140941619873
2012-09-19,9.813592910766602
2012-09-20,9.906105041503906
2012-09-21,9.929231643676758
2012-09-24,10.067991256713867
2012-09-25,9.655560493469238
2012-09-26,9.817451477050781
2012-09-27,9.578468322753906
2012-09-28,9.416584014892578
2012-10-01,9.528358459472656
2012-10-02,9.416584014892578
2012-10-03,9.312507629394531
2012-10-04,9.200727462768555
2012-10-05,9.21229076385498
2012-10-08,9.270106315612793
2012-10-09,9.362617492675781
2012-10-10,9.258543014526367
2012-10-11,9.405016899108887
2012-10-15,9.281671524047852
2012-10-16,9.516798973083496
2012-10-17,9.474396705627441
2012-10-18,9.177599906921387
2012-10-19,8.761311531066895
2012-10-22,8.911636352539062
2012-10-23,8.745893478393555
2012-10-24,8.834548950195312
2012-10-25,8.822988510131836
2012-10-26,8.57629680633545
2012-10-29,8.7805814743042
2012-10-30,8.853821754455566
2012-10-31,8.772875785827637
2012-11-01,8.957892417907715
2012-11-05,8.822988510131836
2012-11-06,9.208434104919434
2012-11-07,8.946327209472656
2012-11-08,8.923198699951172
2012-11-09,8.853821754455566
2012-11-12,8.907781600952148
2012-11-13,8.869089126586914
2012-11-14,8.660130500793457
2012-11-16,8.524697303771973
2012-11-19,8.733651161193848
2012-11-21,8.958086967468262
2012-11-22,9.000656127929688
2012-11-23,9.279267311096191
2012-11-26,9.070308685302734
2012-11-27,8.884564399719238
2012-11-28,9.039350509643555
2012-11-29,9.132218360900879
2012-11-30,8.687217712402344
2012-12-03,8.640783309936523
2012-12-04,8.714305877685547
2012-12-05,8.811042785644531
2012-12-06,8.783956527709961
2012-12-07,8.985172271728516
2012-12-10,9.159306526184082
2012-12-11,9.128352165222168
2012-12-12,9.0122652053833
2012-12-13,8.861350059509277
2012-12-14,8.783956527709961
2012-12-17,8.679478645324707
2012-12-18,8.931001663208008
2012-12-19,8.814911842346191
2012-12-20,8.772348403930664
2012-12-21,8.660130500793457
2012-12-26,8.706565856933594
2012-12-27,8.648521423339844
2012-12-28,8.861350059509277
2013-01-02,9.209613800048828
2013-01-03,9.333439826965332
2013-01-04,9.151568412780762
2013-01-07,9.364391326904297
2013-01-08,9.174785614013672
2013-01-09,8.985172271728516
2013-01-10,8.973570823669434
2013-01-11,8.869089126586914
2013-01-14,8.900047302246094
2013-01-15,8.803305625915527
2013-01-16,8.764612197875977
2013-01-17,8.876825332641602
2013-01-18,8.756868362426758
2013-01-21,8.760741233825684
2013-01-22,8.760741233825684
2013-01-23,8.803305625915527
2013-01-24,8.63691234588623
2013-01-28,8.315739631652832
2013-01-29,8.48987102508545
2013-01-30,8.47826099395752
2013-01-31,8.625303268432617
2013-02-01,8.602087020874023
2013-02-04,8.509217262268066
2013-02-05,8.575000762939453
2013-02-06,8.609827041625977
2013-02-07,8.466649055480957
2013-02-08,8.497608184814453
2013-02-13,8.6446533203125
2013-02-14,8.660130500793457
2013-02-15,8.493739128112793
2013-02-18,8.203518867492676
2013-02-19,8.040994644165039
2013-02-20,7.700475692749023
2013-02-21,7.79721212387085
2013-02-22,7.882343769073486
2013-02-25,7.979085445404053
2013-02-26,8.28091049194336
2013-02-27,8.137738227844238
2013-02-28,8.106779098510742
2013-03-01,7.843649387359619
2013-03-04,7.804952621459961
2013-03-05,7.591912746429443
2013-03-06,7.855307579040527
2013-03-07,7.789457321166992
2013-03-08,7.870800018310547
2013-03-11,7.901788234710693
2013-03-12,7.723608016967773
2013-03-13,7.650014400482178
2013-03-14,7.533809661865234
2013-03-15,7.398241996765137
2013-03-18,7.4098615646362305
2013-03-19,7.278164386749268
2013-03-20,7.216192245483398
2013-03-21,7.165837287902832
2013-03-22,7.25492525100708
2013-03-25,7.1852030754089355
2013-03-26,7.510570526123047
2013-03-27,7.502825736999512
2013-03-28,7.502825736999512
2013-04-01,7.475708961486816
2013-04-02,7.25492525100708
2013-04-03,7.320772647857666
2013-04-04,7.204570293426514
2013-04-05,7.444724082946777
2013-04-08,7.23555850982666
2013-04-09,7.31689977645874
2013-04-10,7.25492525100708
2013-04-11,7.262672424316406
2013-04-12,7.12710428237915
2013-04-15,6.914065837860107
2013-04-16,7.130975723266602
2013-04-17,7.2471771240234375
2013-04-18,7.487332344055176
2013-04-19,7.467964172363281
2013-04-22,7.495077133178711
2013-04-23,7.6306471824646
2013-04-24,7.5725483894348145
2013-04-25,7.557053089141846
2013-04-26,7.557053089141846
2013-04-29,7.537685871124268
2013-04-30,7.8126983642578125
2013-05-02,7.502825736999512
2013-05-03,7.506701469421387
2013-05-06,7.564802646636963
2013-05-07,7.467964172363281
2013-05-08,7.243304252624512
2013-05-09,7.14259672164917
2013-05-10,6.956672668457031
2013-05-13,6.80173397064209
2013-05-14,6.778494358062744
2013-05-15,6.642924785614014
2013-05-16,6.6932783126831055
2013-05-17,6.759127616882324
2013-05-20,6.8444390296936035
2013-05-21,6.949141979217529
2013-05-22,6.9762864112854
2013-05-23,6.743615627288818
2013-05-24,6.61176872253418
2013-05-27,6.646669387817383
2013-05-28,6.677692413330078
2013-05-29,6.572988986968994
2013-05-31,6.375217914581299
2013-06-03,6.553600311279297
2013-06-04,6.580742359161377
2013-06-05,6.363584041595459
2013-06-06,6.359706878662109
2013-06-07,6.282148838043213
2013-06-10,6.134790897369385
2013-06-11,5.960284233093262
2013-06-12,5.971919536590576
2013-06-13,6.313174247741699
2013-06-14,6.301539897918701
2013-06-17,6.332558631896973
2013-06-18,6.363584041595459
2013-06-19,6.204592704772949
2013-06-20,6.305417060852051
2013-06-21,6.010698318481445
2013-06-24,5.816803455352783
2013-06-25,5.925384044647217
2013-06-26,5.855583667755127
2013-06-27,6.212347507476807
2013-06-28,6.200713157653809
2013-07-01,6.437264442443848
2013-07-02,6.340317249298096
2013-07-03,6.49931001663208
2013-07-04,6.5458455085754395
2013-07-05,6.371341228485107
2013-07-08,6.239492893218994
2013-07-10,6.274393558502197
2013-07-11,6.41787576675415
2013-07-12,6.235613822937012
2013-07-15,6.336440563201904
2013-07-16,6.429509162902832
2013-07-17,6.669936180114746
2013-07-18,6.7707624435424805
2013-07-19,6.708712577819824
2013-07-22,6.794027328491211
2013-07-23,7.049967288970947
2013-07-24,7.0654802322387695
2013-07-25,7.193448543548584
2013-07-26,7.193448543548584
2013-07-29,7.12752628326416
2013-07-30,6.9452667236328125
2013-07-31,7.06935453414917
2013-08-01,7.398974418640137
2013-08-02,7.317539691925049
2013-08-05,7.267127990722656
2013-08-06,7.1740593910217285
2013-08-07,7.418364524841309
2013-08-08,7.503678321838379
2013-08-09,7.5424580574035645
2013-08-12,7.592867374420166
2013-08-13,7.5265727043151855
2013-08-14,7.51487398147583
2013-08-15,7.436879634857178
2013-08-16,7.858052730560303
2013-08-19,8.290932655334473
2013-08-20,8.173935890197754
2013-08-21,8.1661376953125
2013-08-22,8.404024124145508
2013-08-23,8.25973129272461
2013-08-26,8.25973129272461
2013-08-27,8.201234817504883
2013-08-28,8.24023151397705
2013-08-29,8.294828414916992
2013-08-30,8.25583267211914
2013-09-02,8.51711654663086
2013-09-03,8.345526695251465
2013-09-04,8.470319747924805
2013-09-05,8.220734596252441
2013-09-06,8.185635566711426
2013-09-09,8.47421932220459
2013-09-10,8.599011421203613
2013-09-11,8.51711654663086
2013-09-12,8.470319747924805
2013-09-13,8.49761962890625
2013-09-16,8.372825622558594
2013-09-17,8.228532791137695
2013-09-18,8.24803352355957
2013-09-19,8.150538444519043
2013-09-20,8.072543144226074
2013-09-23,8.189534187316895
2013-09-24,8.170037269592285
2013-09-25,8.228532791137695
2013-09-26,8.345526695251465
2013-09-27,8.376724243164062
2013-09-30,8.251930236816406
2013-10-01,8.119338989257812
2013-10-02,8.279231071472168
2013-10-03,8.173935890197754
2013-10-04,8.404024124145508
2013-10-07,8.489818572998047
2013-10-08,8.485918998718262
2013-10-09,8.560011863708496
2013-10-10,8.501517295837402
2013-10-11,8.778401374816895
2013-10-14,8.856396675109863
2013-10-15,8.87199592590332
2013-10-16,8.93829345703125
2013-10-17,8.53271484375
2013-10-18,8.392325401306152
2013-10-21,8.57951545715332
2013-10-22,8.719903945922852
2013-10-23,8.58731460571289
2013-10-24,8.501517295837402
2013-10-25,8.38452434539795
2013-10-28,8.478117942810059
2013-10-29,8.345526695251465
2013-10-30,8.489818572998047
2013-10-31,8.93829345703125
2013-11-01,9.10598087310791
2013-11-04,8.961690902709961
2013-11-05,8.860301971435547
2013-11-06,8.914895057678223
2013-11-07,8.852499008178711
2013-11-08,8.883696556091309
2013-11-11,8.953893661499023
2013-11-12,8.906766891479492
2013-11-13,8.902840614318848
2013-11-14,9.052069664001465
2013-11-18,9.26413631439209
2013-11-19,9.10705280303955
2013-11-21,9.08741569519043
2013-11-22,8.977456092834473
2013-11-25,8.74575424194336
2013-11-26,8.730045318603516
2013-11-27,8.92247486114502
2013-11-28,8.906766891479492
2013-11-29,8.91462230682373
2013-12-02,8.867494583129883
2013-12-03,8.757534980773926
2013-12-04,8.757534980773926
2013-12-05,9.001018524169922
2013-12-06,8.94996452331543
2013-12-09,8.94996452331543
2013-12-10,9.067777633666992
2013-12-11,8.910694122314453
2013-12-12,8.749683380126953
2013-12-13,8.698629379272461
2013-12-16,8.828221321105957
2013-12-17,8.894986152648926
2013-12-18,9.079560279846191
2013-12-19,9.346607208251953
2013-12-20,9.27198600769043
2013-12-23,9.287698745727539
2013-12-26,9.193449974060059
2013-12-27,9.150247573852539
2013-12-30,9.189519882202148
2014-01-02,9.012798309326172
2014-01-03,8.926399230957031
2014-01-06,8.910694122314453
2014-01-07,8.855713844299316
2014-01-08,8.836075782775879
2014-01-09,8.757534980773926
2014-01-10,8.875348091125488
2014-01-13,8.69077205657959
2014-01-14,8.553318977355957
2014-01-15,8.647574424743652
2014-01-16,8.671136856079102
2014-01-17,8.572957992553711
2014-01-20,8.455144882202148
2014-01-21,8.294132232666016
2014-01-22,8.427654266357422
2014-01-23,8.31376838684082
2014-01-24,8.36875057220459
2014-01-27,8.180243492126465
2014-01-28,8.180243492126465
2014-01-29,8.34518051147461
2014-01-30,8.301987648010254
2014-01-31,8.411943435668945
2014-02-03,8.042794227600098
2014-02-04,8.046720504760742
2014-02-05,7.952468395233154
2014-02-06,8.160608291625977
2014-02-07,8.329472541809082
2014-02-10,7.995663642883301
2014-02-11,8.070284843444824
2014-02-12,7.822874546051025
2014-02-13,7.850365161895752
2014-02-14,7.8778557777404785
2014-02-17,7.724691867828369
2014-02-18,7.324125289916992
2014-02-19,7.49299430847168
2014-02-20,7.524411678314209
2014-02-21,7.277000904083252
2014-02-24,7.4812116622924805
2014-02-25,7.351617336273193
2014-02-26,7.225949287414551
2014-02-27,7.186676025390625
2014-02-28,7.033518314361572
2014-03-05,6.943192481994629
2014-03-06,6.9274139404296875
2014-03-07,6.773559093475342
2014-03-10,6.580254077911377
2014-03-11,6.588144779205322
2014-03-12,6.730162620544434
2014-03-13,6.576307773590088
2014-03-14,6.718329906463623
2014-03-17,6.670987129211426
2014-03-18,6.785394668579102
2014-03-19,6.781449794769287
2014-03-20,6.6788787841796875
2014-03-21,6.836679458618164
2014-03-24,6.8130106925964355
2014-03-25,6.844567775726318
2014-03-26,6.730162620544434
2014-03-27,6.74594259262085
2014-03-28,6.769615173339844
2014-03-31,6.868236064910889
2014-04-01,6.74594259262085
2014-04-02,6.9116339683532715
2014-04-03,6.899798393249512
2014-04-04,6.694657325744629
2014-04-07,6.663099765777588
2014-04-08,6.682823181152344
2014-04-09,6.588144779205322
2014-04-10,6.517136573791504
2014-04-11,6.489520072937012
2014-04-14,6.525023937225342
2014-04-15,6.3119940757751465
2014-04-16,6.406672477722168
2014-04-17,6.674934387207031
2014-04-22,6.4855732917785645
2014-04-23,6.505300998687744
2014-04-24,6.497409343719482
2014-04-25,6.469793319702148
2014-04-28,6.493463516235352
2014-04-29,6.461905002593994
2014-04-30,6.379058837890625
2014-05-02,6.686769485473633
2014-05-05,6.667043685913086
2014-05-06,6.726219654083252
2014-05-07,6.9826436042785645
2014-05-08,6.899798393249512
2014-05-09,6.876128673553467
2014-05-12,6.9826436042785645
2014-05-13,6.943193435668945
2014-05-14,6.7656683921813965
2014-05-15,6.876128673553467
2014-05-16,6.856402397155762
2014-05-19,6.741998195648193
2014-05-20,6.564474105834961
2014-05-21,6.461905002593994
2014-05-22,6.628714084625244
2014-05-23,6.517507076263428
2014-05-26,6.592970848083496
2014-05-27,6.692258834838867
2014-05-28,6.652544021606445
2014-05-29,6.684317111968994
2014-05-30,6.477789878845215
2014-06-02,6.553252696990967
2014-06-03,6.751835346221924
2014-06-04,6.692258834838867
2014-06-05,6.600911617279053
2014-06-06,6.668430805206299
2014-06-09,6.8153815269470215
2014-06-10,6.823325157165527
2014-06-11,6.696231365203857
2014-06-13,6.529423236846924
2014-06-16,6.505592346191406
2014-06-17,6.553252696990967
2014-06-18,6.728005409240723
2014-06-20,6.648571491241455
2014-06-23,6.632687568664551
2014-06-24,6.7081475257873535
2014-06-25,6.537364959716797
2014-06-26,6.398355960845947
2014-06-27,6.195801258087158
2014-06-30,6.207717418670654
2014-07-01,6.211689472198486
2014-07-02,6.386441230773926
2014-07-03,6.581052780151367
2014-07-04,6.604882717132568
2014-07-07,6.7081475257873535
2014-07-08,6.692258834838867
2014-07-10,6.636656284332275
2014-07-11,6.628714084625244
2014-07-14,6.783609390258789
2014-07-15,6.914675235748291
2014-07-16,6.791553497314453
2014-07-17,6.640628337860107
2014-07-18,6.513533592224121
2014-07-21,6.481762886047363
2014-07-22,6.422187805175781
2014-07-23,6.489706039428711
2014-07-24,6.664458751678467
2014-07-25,6.660487174987793
2014-07-28,6.688287734985352
2014-07-29,6.628714084625244
2014-07-30,6.410272598266602
2014-07-31,6.410272598266602
2014-08-01,6.2950944900512695
2014-08-04,6.390412330627441
2014-08-05,6.3189239501953125
2014-08-06,6.422187805175781
2014-08-07,6.32686710357666
2014-08-08,6.398355960845947
2014-08-11,6.314950466156006
2014-08-12,6.302984237670898
2014-08-13,6.103522777557373
2014-08-14,6.035707473754883
2014-08-15,6.051662445068359
2014-08-18,5.983848571777344
2014-08-19,6.147403240203857
2014-08-20,6.199265480041504
2014-08-21,6.259102821350098
2014-08-22,6.295005798339844
2014-08-25,6.430640697479248
2014-08-26,6.510426044464111
2014-08-27,6.510426044464111
2014-08-28,6.259102821350098
2014-08-29,6.350855350494385
2014-09-01,6.179317951202393
2014-09-02,6.366812229156494
2014-09-03,6.490478515625
2014-09-04,6.650048732757568
2014-09-05,6.4984564781188965
2014-09-08,6.310962677001953
2014-09-09,6.155383586883545
2014-09-10,6.023738384246826
2014-09-11,5.9279961585998535
2014-09-12,5.94794225692749
2014-09-15,5.999803066253662
2014-09-16,5.987833499908447
2014-09-17,6.043684959411621
2014-09-18,6.071609020233154
2014-09-19,6.063632011413574
2014-09-22,5.908050537109375
2014-09-23,5.939965724945068
2014-09-24,5.963900089263916
2014-09-25,5.9718780517578125
2014-09-26,5.848211765289307
2014-09-29,5.704599380493164
2014-09-30,5.644761085510254
2014-10-01,5.612846851348877
2014-10-02,5.776407241821289
2014-10-03,5.764438629150391
2014-10-06,5.852200984954834
2014-10-07,5.772415637969971
2014-10-08,5.736513137817383
2014-10-09,5.584923267364502
2014-10-10,5.32562255859375
2014-10-13,5.4333319664001465
2014-10-14,5.568965435028076
2014-10-15,5.5210957527160645
2014-10-16,5.409398555755615
2014-10-17,5.4452996253967285
2014-10-20,5.3495588302612305
2014-10-21,5.329611301422119
2014-10-22,5.357536792755127
2014-10-23,5.545031547546387
2014-10-24,5.5889105796813965
2014-10-27,5.3734941482543945
2014-10-28,5.357536792755127
2014-10-29,5.273765563964844
2014-10-30,5.146107196807861
2014-10-31,5.34556770324707
2014-11-03,5.321632385253906
2014-11-04,5.5210957527160645
2014-11-05,5.485193252563477
2014-11-06,5.413386821746826
2014-11-07,5.537052154541016
2014-11-10,5.4452996253967285
2014-11-11,5.317646026611328
2014-11-12,5.305676460266113
2014-11-13,5.185999393463135
2014-11-14,5.249826431274414
2014-11-17,5.030419826507568
2014-11-18,4.942377090454102
2014-11-19,4.974392890930176
2014-11-21,5.126467227935791
2014-11-24,5.282540321350098
2014-11-25,5.258528709411621
2014-11-26,5.010410785675049
2014-11-27,5.042426109313965
2014-11-28,5.162483215332031
2014-12-01,4.802310466766357
2014-12-02,4.766292095184326
2014-12-03,4.834324836730957
2014-12-04,4.762292385101318
2014-12-05,4.782299995422363
2014-12-08,4.602212905883789
2014-12-09,4.4061198234558105
2014-12-10,4.354095935821533
2014-12-11,4.222031116485596
2014-12-12,3.9539027214050293
2014-12-15,3.8338449001312256
2014-12-16,4.077961444854736
2014-12-17,4.2260332107543945
2014-12-18,4.314075946807861
2014-12-19,4.570199012756348
2014-12-22,4.3741044998168945
2014-12-23,4.566196441650391
2014-12-26,4.40211820602417
2014-12-29,4.526177406311035
2014-12-30,4.462147235870361
2015-01-02,4.330084323883057
2015-01-05,4.125985145568848
2015-01-06,4.530179977416992
2015-01-07,4.862339973449707
2015-01-08,4.698259353637695
2015-01-09,4.446138858795166
2015-01-12,4.330084323883057
2015-01-13,4.230034828186035
2015-01-14,4.081962585449219
2015-01-15,4.129987716674805
2015-01-16,4.302069664001465
2015-01-19,4.1620025634765625
2015-01-20,4.182010173797607
2015-01-21,4.170005798339844
2015-01-22,3.981917142868042
2015-01-23,3.841848611831665
2015-01-26,3.837846279144287
2015-01-27,3.7898244857788086
2015-01-28,3.725792169570923
2015-01-29,3.889871597290039
2015-01-30,3.945897340774536
2015-02-02,4.101973533630371
2015-02-03,4.262050628662109
2015-02-04,4.133988857269287
2015-02-05,4.178009986877441
2015-02-06,4.206024169921875
2015-02-09,4.3700995445251465
2015-02-10,4.089968204498291
2015-02-11,4.286059856414795
2015-02-12,4.166004657745361
2015-02-13,4.366100311279297
2015-02-18,4.422127723693848
2015-02-19,4.366100311279297
2015-02-20,4.422127723693848
2015-02-23,4.310073375701904
2015-02-24,4.326080322265625
2015-02-25,4.394112586975098
2015-02-26,4.4541425704956055
2015-02-27,4.462147235870361
2015-03-02,4.262050628662109
2015-03-03,4.410121917724609
2015-03-04,4.594210624694824
2015-03-05,4.706263065338135
2015-03-06,4.750284194946289
2015-03-09,4.802310466766357
2015-03-10,4.6622419357299805
2015-03-11,4.746283531188965
2015-03-12,4.686254978179932
2015-03-13,4.694258689880371
2015-03-16,4.610217571258545
2015-03-17,4.7954301834106445
2015-03-18,4.9484333992004395
2015-03-19,4.863880157470703
2015-03-20,4.892065525054932
2015-03-23,4.875959396362305
2015-03-24,4.747114658355713
2015-03-25,4.8397216796875
2015-03-26,4.630349159240723
2015-03-27,4.247842311859131
2015-03-30,4.445135593414307
2015-03-31,4.328370094299316
2015-04-01,4.441108703613281
2015-04-02,4.340450286865234
2015-04-06,4.340450286865234
2015-04-07,4.308238506317139
2015-04-08,4.227709770202637
2015-04-09,4.211606025695801
2015-04-10,4.17536735534668
2015-04-13,4.183420181274414
2015-04-14,4.276026725769043
2015-04-15,4.380713939666748
2015-04-16,4.139130115509033
2015-04-17,3.9861271381378174
2015-04-20,4.006260395050049
2015-04-22,4.1149702072143555
2015-04-23,4.255895614624023
2015-04-24,4.20355224609375
2015-04-27,3.95391583442688
2015-04-28,4.014310836791992
2015-04-29,3.9337844848632812
2015-04-30,3.9458632469177246
2015-05-04,4.159262657165527
2015-05-05,4.187446594238281
2015-05-06,4.082760810852051
2015-05-07,3.9458632469177246
2015-05-08,4.086787223815918
2015-05-11,4.131076812744141
2015-05-12,3.9700210094451904
2015-05-13,3.744542360305786
2015-05-14,3.6398580074310303
2015-05-15,3.6881744861602783
2015-05-18,3.547250747680664
2015-05-19,3.4385383129119873
2015-05-20,3.3821680545806885
2015-05-21,3.4425642490386963
2015-05-22,3.293238878250122
2015-05-25,3.3134164810180664
2015-05-26,3.1842706203460693
2015-05-27,3.212522029876709
2015-05-28,3.192342519760132
2015-05-29,3.1479477882385254
2015-06-01,3.3134164810180664
2015-06-02,3.3497395515441895
2015-06-03,3.337632894515991
2015-06-05,3.1842706203460693
2015-06-08,3.127769708633423
2015-06-09,3.0874106884002686
2015-06-10,3.0268735885620117
2015-06-11,3.1035542488098145
2015-06-12,3.018801212310791
2015-06-15,2.9865152835845947
2015-06-16,2.946157217025757
2015-06-17,2.833153247833252
2015-06-18,2.893691062927246
2015-06-19,2.8412251472473145
2015-06-22,2.8170104026794434
2015-06-23,2.780687093734741
2015-06-24,2.695935010910034
2015-06-25,2.6636481285095215
2015-06-26,2.7161145210266113
2015-06-29,2.6878631114959717
2015-06-30,2.5546813011169434
2015-07-01,2.4214982986450195
2015-07-02,2.3407816886901855
2015-07-03,2.247957706451416
2015-07-06,2.264101266860962
2015-07-07,2.215670585632324
2015-07-08,2.147062301635742
2015-07-10,2.0179154872894287
2015-07-13,2.102668046951294
2015-07-14,1.888769268989563
2015-07-15,1.8322666883468628
2015-07-16,1.8806966543197632
2015-07-17,1.7757654190063477
2015-07-20,1.6183682680130005
2015-07-21,1.5739738941192627
2015-07-22,1.4407912492752075
2015-07-23,1.4932576417922974
2015-07-24,1.4690425395965576
2015-07-27,1.3802543878555298
2015-07-28,1.4407912492752075
2015-07-29,1.428683876991272
2015-07-30,1.347967267036438
2015-07-31,1.428683876991272
2015-08-03,1.4448274374008179
2015-08-04,1.5981892347335815
2015-08-05,1.6708341836929321
2015-08-06,1.5739738941192627
2015-08-07,1.5094006061553955
2015-08-10,1.5094006061553955
2015-08-11,1.4327197074890137
2015-08-12,1.428683876991272
2015-08-13,1.3802543878555298
2015-08-14,1.3600753545761108
2015-08-17,1.3318239450454712
2015-08-18,1.2833940982818604
2015-08-19,1.2511074542999268
2015-08-20,1.2511074542999268
2015-08-21,1.1986411809921265
2015-08-24,1.053351640701294
2015-08-25,1.0045478343963623
2015-08-26,1.0899548530578613
2015-08-27,1.2607682943344116
2015-08-28,1.2648357152938843
2015-08-31,1.2241653203964233
2015-09-01,1.2607682943344116
2015-09-02,1.4234482049942017
2015-09-03,1.4397159814834595
2015-09-04,1.4397159814834595
2015-09-08,1.5047883987426758
2015-09-09,1.4925869703292847
2015-09-10,1.5739269256591797
2015-09-11,1.5698596239089966
2015-09-14,1.4722522497177124
2015-09-15,1.4803862571716309
2015-09-16,1.516988754272461
2015-09-17,1.508854627609253
2015-09-18,1.5047883987426758
2015-09-21,1.4722522497177124
2015-09-22,1.427514672279358
2015-09-23,1.3705774545669556
2015-09-24,1.382778286933899
2015-09-25,1.3502424955368042
2015-09-28,1.2933040857315063
2015-09-29,1.2567012310028076
2015-09-30,1.1875625848770142
2015-10-01,1.1428252458572388
2015-10-02,1.2241653203964233
2015-10-05,1.2770360708236694
2015-10-06,1.3055055141448975
2015-10-07,1.374644160270691
2015-10-08,1.4153143167495728
2015-10-09,1.3624428510665894
2015-10-13,1.2445005178451538
2015-10-14,1.2282319068908691
2015-10-15,1.2282319068908691
2015-10-16,1.2363663911819458
2015-10-19,1.1997634172439575
2015-10-20,1.195696473121643
2015-10-21,1.1875625848770142
2015-10-22,1.1794284582138062
2015-10-23,1.1468921899795532
2015-10-26,1.130624532699585
2015-10-27,1.0818203687667847
2015-10-28,1.0533514022827148
2015-10-29,1.0208158493041992
2015-10-30,1.057418704032898
2015-11-03,1.1428252458572388
2015-11-04,1.1021555662155151
2015-11-05,1.1021555662155151
2015-11-06,1.0614855289459229
2015-11-09,1.0696197748184204
2015-11-10,1.0370832681655884
2015-11-11,1.057418704032898
2015-11-12,0.9964134693145752
2015-11-13,0.9923465847969055
2015-11-16,0.9313412308692932
2015-11-17,0.8500019907951355
2015-11-18,0.8378006219863892
2015-11-19,0.8337337374687195
2015-11-23,0.7645949721336365
2015-11-24,0.7849298119544983
2015-11-25,0.8052651286125183
2015-11-26,0.8133988380432129
2015-11-27,0.8052651286125183
2015-11-30,0.8052651286125183
2015-12-01,0.7808632254600525
2015-12-02,0.7564606070518494
2015-12-03,0.772728681564331
2015-12-04,0.7035899758338928
2015-12-07,0.6751212477684021
2015-12-08,0.6344510912895203
2015-12-09,0.6425849795341492
2015-12-10,0.6303841471672058
2015-12-11,0.5897142291069031
2015-12-14,0.5734460949897766
2015-12-15,0.5815800428390503
2015-12-16,0.5897142291069031
2015-12-17,0.5937812924385071
2015-12-18,0.6263167858123779
2015-12-21,0.6181831955909729
2015-12-22,0.6385180354118347
2015-12-23,0.6751212477684021
2015-12-28,0.6751212477684021
2015-12-29,0.6710538268089294
2015-12-30,0.6751212477684021
2016-01-04,0.6507193446159363
2016-01-05,0.597848117351532
2016-01-06,0.5205752849578857
2016-01-07,0.4880392253398895
2016-01-08,0.5083742141723633
2016-01-11,0.4961729347705841
2016-01-12,0.4799054265022278
2016-01-13,0.443302184343338
2016-01-14,0.45550355315208435
2016-01-15,0.44736912846565247
2016-01-18,0.44736912846565247
2016-01-19,0.4270341694355011
2016-01-20,0.4189003109931946
2016-01-21,0.4026322364807129
2016-01-22,0.4026322364807129
2016-01-26,0.39449843764305115
2016-01-27,0.4026322364807129
2016-01-28,0.4026322364807129
2016-01-29,0.4189003109931946
2016-02-01,0.4677041471004486
2016-02-02,0.47177109122276306
2016-02-03,0.4799054265022278
2016-02-04,0.528709352016449
2016-02-05,0.5693792700767517
2016-02-10,0.605981707572937
2016-02-11,0.5124409794807434
2016-02-12,0.524642288684845
2016-02-15,0.528709352016449
2016-02-16,0.5693792700767517
2016-02-17,0.5856474041938782
2016-02-18,0.557177722454071
2016-02-19,0.5653122663497925
2016-02-22,0.5775129199028015
2016-02-23,0.549044132232666
2016-02-24,0.524642288684845
2016-02-25,0.4677041471004486
2016-02-26,0.4677041471004486
2016-02-29,0.4921060800552368
2016-03-01,0.5083742141723633
2016-03-02,0.5083742141723633
2016-03-03,0.5856474041938782
2016-03-04,0.6751212477684021
2016-03-07,0.7035899758338928
2016-03-08,0.711723804473877
2016-03-09,0.760528028011322
2016-03-10,0.8744039535522461
2016-03-11,0.8378006219863892
2016-03-14,0.8174654245376587
2016-03-15,0.6629199385643005
2016-03-16,0.7157911658287048
2016-03-17,0.7971307635307312
2016-03-18,0.8622027039527893
2016-03-21,0.8418675661087036
2016-03-22,0.8744039535522461
2016-03-23,0.8011975884437561
2016-03-24,0.8459349870681763
2016-03-28,0.8947387933731079
2016-03-29,0.9110071063041687
2016-03-30,0.9923465847969055
2016-03-31,0.9923465847969055
2016-04-01,1.0208158493041992
2016-04-04,0.9801456928253174
2016-04-05,0.9720113277435303
2016-04-06,0.9476093053817749
2016-04-07,0.902872622013092
2016-04-08,1.0004808902740479
2016-04-11,1.0167484283447266
2016-04-12,1.0696197748184204
2016-04-13,1.2119640111923218
2016-04-14,1.0696197748184204
2016-04-15,1.1590937376022339
2016-04-18,1.122490406036377
2016-04-19,1.1794284582138062
2016-04-20,1.1997634172439575
2016-04-22,1.191629409790039
2016-04-25,1.110289454460144
2016-04-26,1.130624532699585
2016-04-27,1.191629409790039
2016-04-28,1.1672271490097046
2016-04-29,1.1834954023361206
2016-05-02,1.1468921899795532
2016-05-03,1.0696197748184204
2016-05-04,1.114356279373169
2016-05-05,1.0818203687667847
2016-05-06,1.1062226295471191
2016-05-09,1.057418704032898
2016-05-10,1.0899548530578613
2016-05-11,1.110289454460144
2016-05-12,1.0899548530578613
2016-05-13,1.0167484283447266
2016-05-16,0.939475953578949
2016-05-17,0.890671968460083
2016-05-18,0.8825377225875854
2016-05-19,0.8418675661087036
2016-05-20,0.8622027039527893
2016-05-23,0.8337337374687195
2016-05-24,0.8133988380432129
2016-05-25,0.8337337374687195
2016-05-27,0.8052651286125183
2016-05-30,0.7889968752861023
2016-05-31,0.7849298119544983
2016-06-01,0.7930638790130615
2016-06-02,0.8174654245376587
2016-06-03,0.8744039535522461
2016-06-06,0.902872622013092
2016-06-07,0.8825377225875854
2016-06-08,0.9435428380966187
2016-06-09,0.886604368686676
2016-06-10,0.8337337374687195
2016-06-13,0.8052651286125183
2016-06-14,0.7808632254600525
2016-06-15,0.8256000876426697
2016-06-16,0.8133988380432129
2016-06-17,0.8174654245376587
2016-06-20,0.8133988380432129
2016-06-21,0.8011975884437561
2016-06-22,0.8215325474739075
2016-06-23,0.890671968460083
2016-06-24,0.8337337374687195
2016-06-27,0.8133988380432129
2016-06-28,0.8133988380432129
2016-06-29,0.8256000876426697
2016-06-30,0.8133988380432129
2016-07-01,0.8418675661087036
2016-07-04,0.8581356406211853
2016-07-05,0.8215325474739075
2016-07-06,0.8418675661087036
2016-07-07,0.8215325474739075
2016-07-08,0.8296669721603394
2016-07-11,0.8581356406211853
2016-07-12,0.9191407561302185
2016-07-13,0.939475953578949
2016-07-14,0.951676607131958
2016-07-15,0.9882796406745911
2016-07-18,1.0533514022827148
2016-07-19,1.0208158493041992
2016-07-20,0.9964134693145752
2016-07-21,1.0167484283447266
2016-07-22,1.057418704032898
2016-07-25,1.0655525922775269
2016-07-26,1.0818203687667847
2016-07-27,1.130624532699585
2016-07-28,1.110289454460144
2016-07-29,1.1062226295471191
2016-08-01,1.1428252458572388
2016-08-02,1.0818203687667847
2016-08-03,1.1631604433059692
2016-08-04,1.195696473121643
2016-08-05,1.2445005178451538
2016-08-08,1.1875625848770142
2016-08-09,1.2119640111923218
2016-08-10,1.2485673427581787
2016-08-11,1.2973712682724
2016-08-12,1.3014386892318726
2016-08-15,1.4641178846359253
2016-08-16,1.4803862571716309
2016-08-17,1.594261884689331
2016-08-18,1.594261884689331
2016-08-19,1.626798152923584
2016-08-22,1.5413912534713745
2016-08-23,1.5739269256591797
2016-08-24,1.4681847095489502
2016-08-25,1.4722522497177124
2016-08-26,1.4925869703292847
2016-08-29,1.5047883987426758
2016-08-30,1.508854627609253
2016-08-31,1.508854627609253
2016-09-01,1.4681847095489502
2016-09-02,1.5861279964447021
2016-09-05,1.594261884689331
2016-09-06,1.626798152923584
2016-09-08,1.695936918258667
2016-09-09,1.6064631938934326
2016-09-12,1.6878026723861694
2016-09-13,1.5454579591751099
2016-09-14,1.5332566499710083
2016-09-15,1.561726450920105
2016-09-16,1.516988754272461
2016-09-19,1.508854627609253
2016-09-20,1.4234482049942017
2016-09-21,1.5007209777832031
2016-09-22,1.4681847095489502
2016-09-23,1.4763193130493164
2016-09-26,1.4397159814834595
2016-09-27,1.3868448734283447
2016-09-28,1.4397159814834595
2016-09-29,1.3990460634231567
2016-09-30,1.3949791193008423
2016-10-03,1.4356493949890137
2016-10-04,1.4153143167495728
2016-10-05,1.4681847095489502
2016-10-06,1.5251232385635376
2016-10-07,1.5698596239089966
2016-10-10,1.5739269256591797
2016-10-11,1.5454579591751099
2016-10-13,1.5129220485687256
2016-10-14,1.5454579591751099
2016-10-17,1.561726450920105
2016-10-18,1.6349314451217651
2016-10-19,1.6471319198608398
2016-10-20,1.6878026723861694
2016-10-21,1.801679015159607
2016-10-24,1.8748847246170044
2016-10-25,1.8626834154129028
2016-10-26,1.8504832983016968
2016-10-27,1.883018136024475
2016-10-28,1.939956784248352
2016-10-31,1.9318227767944336
2016-11-01,1.8504832983016968
2016-11-03,1.838281512260437
2016-11-04,1.7894775867462158
2016-11-07,1.9521585702896118
2016-11-08,1.9521585702896118
2016-11-09,2.0253632068634033
2016-11-10,2.082301139831543
2016-11-11,1.9765597581863403
2016-11-14,2.122971534729004
2016-11-16,1.9928271770477295
2016-11-17,2.013162136077881
2016-11-18,2.04976487159729
2016-11-21,2.114837408065796
2016-11-22,2.192110776901245
2016-11-23,2.3669915199279785
2016-11-24,2.3791921138763428
2016-11-25,2.4361298084259033
2016-11-28,2.554072856903076
2016-11-29,2.460531711578369
2016-11-30,2.3751256465911865
2016-12-01,2.196176767349243
2016-12-02,2.244981050491333
2016-12-05,2.2734498977661133
2016-12-06,2.285651206970215
2016-12-07,2.346656084060669
2016-12-08,2.371058225631714
2016-12-09,2.2531144618988037
2016-12-12,2.053832530975342
2016-12-13,1.9724924564361572
2016-12-14,1.834214448928833
2016-12-15,1.9968945980072021
2016-12-16,1.858616590499878
2016-12-19,1.8138796091079712
2016-12-20,1.8667497634887695
2016-12-21,1.9114876985549927
2016-12-22,1.834214448928833
2016-12-23,1.8464152812957764
2016-12-26,1.878951907157898
2016-12-27,1.956225037574768
2016-12-28,1.939956784248352
2016-12-29,1.9521585702896118
2017-01-02,1.9277549982070923
2017-01-03,1.9928271770477295
2017-01-04,2.013162136077881
2017-01-05,2.1107702255249023
2017-01-06,2.1107702255249023
2017-01-09,2.1270391941070557
2017-01-10,2.151440143585205
2017-01-11,2.2571818828582764
2017-01-12,2.2693824768066406
2017-01-13,2.2897181510925293
2017-01-16,2.3547897338867188
2017-01-17,2.3629238605499268
2017-01-18,2.338521718978882
2017-01-19,2.2327795028686523
2017-01-20,2.240914821624756
2017-01-23,2.3425896167755127
2017-01-24,2.3100526332855225
2017-01-26,2.277517795562744
2017-01-27,2.338521718978882
2017-01-30,2.2165122032165527
2017-01-31,2.285651206970215
2017-02-01,2.3425896167755127
2017-02-02,2.350722551345825
2017-02-03,2.338521718978882
2017-02-06,2.285651206970215
2017-02-07,2.26124906539917
2017-02-08,2.2327795028686523
2017-02-09,2.2246463298797607
2017-02-10,2.297851800918579
2017-02-13,2.3222544193267822
2017-02-14,2.297851800918579
2017-02-15,2.371058225631714
2017-02-16,2.423928737640381
2017-02-17,2.3873250484466553
2017-02-20,2.432063341140747
2017-02-21,2.4808669090270996
2017-02-22,2.395460844039917
2017-02-23,2.3222544193267822
2017-02-24,2.3832590579986572
2017-03-01,2.4442636966705322
2017-03-02,2.4035942554473877
2017-03-03,2.4768004417419434
2017-03-06,2.5500059127807617
2017-03-07,2.6435465812683105
2017-03-08,2.4442636966705322
2017-03-09,2.4442636966705322
2017-03-10,2.3832590579986572
2017-03-13,2.432063341140747
2017-03-14,2.432063341140747
2017-03-15,2.5052685737609863
2017-03-16,2.4279959201812744
2017-03-17,2.338521718978882
2017-03-20,2.338521718978882
2017-03-21,2.122971534729004
2017-03-22,2.200244665145874
2017-03-23,2.1311051845550537
2017-03-24,2.0456981658935547
2017-03-27,2.061966896057129
2017-03-28,2.04976487159729
2017-03-29,2.082301139831543
2017-03-30,2.0253632068634033
2017-03-31,2.013162136077881
2017-04-03,1.9602913856506348
2017-04-04,1.9846934080123901
2017-04-05,1.9074205160140991
2017-04-06,1.834214448928833
2017-04-07,1.838281512260437
2017-04-10,1.817946195602417
2017-04-11,1.761008620262146
2017-04-12,1.6878026723861694
2017-04-13,1.683735966682434
2017-04-17,1.744740605354309
2017-04-18,1.667467474937439
2017-04-19,1.6715352535247803
2017-04-20,1.7244060039520264
2017-04-24,1.756941795349121
2017-04-25,1.7935445308685303
2017-04-26,1.8098125457763672
2017-04-27,1.7854108810424805
2017-04-28,1.870818018913269
2017-05-02,1.9114876985549927
2017-05-03,1.834214448928833
2017-05-04,1.716271996498108
2017-05-05,1.7244060039520264
2017-05-08,1.7081378698349
2017-05-09,1.7732096910476685
2017-05-10,1.842348337173462
2017-05-11,1.8870859146118164
2017-05-12,1.801679015159607
2017-05-15,1.878951907157898
2017-05-16,1.9724924564361572
2017-05-17,1.9277549982070923
2017-05-18,1.5983285903930664
2017-05-19,1.7976113557815552
2017-05-22,1.732539176940918
2017-05-23,1.842348337173462
2017-05-24,1.8138796091079712
2017-05-25,1.8098125457763672
2017-05-26,1.8057457208633423
2017-05-29,1.8057457208633423
2017-05-30,1.8464152812957764
2017-05-31,1.8138796091079712
2017-06-01,1.756941795349121
2017-06-02,1.7732096910476685
2017-06-05,1.7488079071044922
2017-06-06,1.7894775867462158
2017-06-07,1.7650758028030396
2017-06-08,1.817946195602417
2017-06-09,1.8220142126083374
2017-06-12,1.7894775867462158
2017-06-13,1.7935445308685303
2017-06-14,1.7691428661346436
2017-06-15,1.7691428661346436
2017-06-16,1.8098125457763672
2017-06-19,1.8098125457763672
2017-06-20,1.756941795349121
2017-06-21,1.8138796091079712
2017-06-22,1.838281512260437
2017-06-23,1.895219087600708
2017-06-26,1.935889720916748
2017-06-27,1.895219087600708
2017-06-28,2.0172297954559326
2017-06-29,2.005028486251831
2017-06-30,2.021296262741089
2017-07-03,2.082301139831543
2017-07-04,2.057899236679077
2017-07-05,2.0863685607910156
2017-07-06,2.143306255340576
2017-07-07,2.1311051845550537
2017-07-10,2.1555070877075195
2017-07-11,2.1473734378814697
2017-07-12,2.2246463298797607
2017-07-13,2.2124452590942383
2017-07-14,2.2124452590942383
2017-07-17,2.2124452590942383
2017-07-18,2.1799097061157227
2017-07-19,2.2693824768066406
2017-07-20,2.167707920074463
2017-07-21,2.139239549636841
2017-07-24,2.228712558746338
2017-07-25,2.236847400665283
2017-07-26,2.122971534729004
2017-07-27,2.09856915473938
2017-07-28,2.1107702255249023
2017-07-31,2.139239549636841
2017-08-01,2.106703281402588
2017-08-02,2.1880431175231934
2017-08-03,2.159574031829834
2017-08-04,2.196176767349243
2017-08-07,2.277517795562744
2017-08-08,2.285651206970215
2017-08-09,2.2043113708496094
2017-08-10,2.220578908920288
2017-08-11,2.2043113708496094
2017-08-14,2.2043113708496094
2017-08-15,2.143306255340576
2017-08-16,2.196176767349243
2017-08-17,2.183976173400879
2017-08-18,2.192110776901245
2017-08-21,2.122971534729004
2017-08-22,2.192110776901245
2017-08-23,2.3547897338867188
2017-08-24,2.297851800918579
2017-08-25,2.285651206970215
2017-08-28,2.2734498977661133
2017-08-29,2.2815842628479004
2017-08-30,2.3303885459899902
2017-08-31,2.3019192218780518
2017-09-01,2.4279959201812744
2017-09-04,2.5500059127807617
2017-09-05,2.501201629638672
2017-09-06,2.5378048419952393
2017-09-07,2.5378048419952393
2017-09-08,2.4279959201812744
2017-09-11,2.4971354007720947
2017-09-12,2.4361298084259033
2017-09-13,2.399526834487915
2017-09-14,2.338521718978882
2017-09-15,2.3751256465911865
2017-09-18,2.423928737640381
2017-09-19,2.3629238605499268
2017-09-20,2.3181874752044678
2017-09-21,2.285651206970215
2017-09-22,2.244981050491333
2017-09-25,2.1311051845550537
2017-09-26,2.1555070877075195
2017-09-27,2.122971534729004
2017-09-28,2.082301139831543
2017-09-29,2.151440143585205
2017-10-02,2.167707920074463
2017-10-03,2.285651206970215
2017-10-04,2.3181874752044678
2017-10-05,2.2165122032165527
2017-10-06,2.1717755794525146
2017-10-09,2.183976173400879
2017-10-10,2.3019192218780518
2017-10-11,2.2653160095214844
2017-10-12,2.2653160095214844
2017-10-13,2.305986166000366
2017-10-16,2.2693824768066406
2017-10-17,2.236847400665283
2017-10-18,2.277517795562744
2017-10-19,2.3019192218780518
2017-10-20,2.277517795562744
2017-10-23,2.26124906539917
2017-10-24,2.314120054244995
2017-10-25,2.3344550132751465
2017-10-26,2.240914821624756
2017-10-27,2.236847400665283
2017-10-30,2.122971534729004
2017-10-31,2.0782341957092285
2017-11-01,2.013162136077881
2017-11-02,2.013162136077881
2017-11-03,2.0945022106170654
2017-11-06,2.1270391941070557
2017-11-07,2.0009617805480957
2017-11-08,2.09043550491333
2017-11-09,2.0009617805480957
2017-11-10,1.939956784248352
2017-11-13,1.9643584489822388
2017-11-14,1.858616590499878
2017-11-15,1.858616590499878
2017-11-16,1.9114876985549927
2017-11-17,1.956225037574768
2017-11-20,1.956225037574768
2017-11-21,1.968424916267395
2017-11-22,2.025599956512451
2017-11-23,2.0541865825653076
2017-11-24,2.0296831130981445
2017-11-27,2.0909416675567627
2017-11-28,2.0664377212524414
2017-11-29,2.0950257778167725
2017-11-30,2.0705227851867676
2017-12-01,2.0705227851867676
2017-12-04,2.1726179122924805
2017-12-05,2.1562838554382324
2017-12-06,2.1481151580810547
2017-12-07,2.12361216545105
2017-12-08,2.184870481491089
2017-12-11,2.217541456222534
2017-12-12,2.233877420425415
2017-12-13,2.193037986755371
2017-12-14,2.2583799362182617
2017-12-15,2.340057611465454
2017-12-18,2.2624635696411133
2017-12-19,2.2747161388397217
2017-12-20,2.3318898677825928
2017-12-21,2.340057611465454
2017-12-22,2.3359737396240234
2017-12-25,2.3359737396240234
2017-12-26,2.389063596725464
2017-12-27,2.368645429611206
2017-12-28,2.364560604095459
2017-12-29,2.364560604095459
2018-01-02,2.4707412719726562
2018-01-03,2.462574005126953
2018-01-04,2.5524191856384277
2018-01-05,2.560586452484131
2018-01-08,2.5932583808898926
2018-01-09,2.5891733169555664
2018-01-10,2.5973410606384277
2018-01-11,2.728025436401367
2018-01-12,2.7974512577056885
2018-01-15,2.78519868850708
2018-01-16,2.7239415645599365
2018-01-17,2.826038122177124
2018-01-18,2.78519868850708
2018-01-19,2.683103084564209
2018-01-22,2.703522205352783
2018-01-23,2.61776065826416
2018-01-24,2.7443606853485107
2018-01-25,2.7443606853485107
2018-01-26,2.8056185245513916
2018-01-29,2.7484445571899414
2018-01-30,2.7892839908599854
2018-01-31,2.8097023963928223
2018-02-01,2.842374086380005
2018-02-02,2.838289976119995
2018-02-05,2.6912708282470703
2018-02-06,2.75661301612854
2018-02-07,2.7239415645599365
2018-02-08,2.6749348640441895
2018-02-09,2.703522205352783
2018-02-14,2.801534414291382
2018-02-15,2.875044345855713
2018-02-16,3.0383999347686768
2018-02-19,3.173166513442993
2018-02-20,3.115993022918701
2018-02-21,3.201754331588745
2018-02-22,3.1935863494873047
2018-02-23,3.230342388153076
2018-02-26,3.34468936920166
2018-02-27,3.267097234725952
2018-02-28,3.2180898189544678
2018-03-01,3.258928060531616
2018-03-02,3.18133544921875
2018-03-05,3.2262582778930664
2018-03-06,3.1241605281829834
2018-03-07,3.1895029544830322
2018-03-08,3.107825517654419
2018-03-09,3.091489553451538
2018-03-12,3.128244161605835
2018-03-13,3.1119091510772705
2018-03-14,3.1200761795043945
2018-03-15,3.034315586090088
2018-03-16,3.017979621887207
2018-03-19,2.9281344413757324
2018-03-20,3.030231475830078
2018-03-21,3.058819532394409
2018-03-22,2.9526381492614746
2018-03-23,2.899547576904297
2018-03-26,2.875044345855713
2018-03-27,2.8097023963928223
2018-03-28,2.813786268234253
2018-03-29,2.9158833026885986
2018-04-02,2.924050807952881
2018-04-03,2.924050807952881
2018-04-04,2.8791279792785645
2018-04-05,3.066986083984375
2018-04-06,3.0424838066101074
2018-04-09,2.960805654525757
2018-04-10,3.030231475830078
2018-04-11,3.030231475830078
2018-04-12,3.1445798873901367
2018-04-13,3.1649997234344482
2018-04-16,3.107825517654419
2018-04-17,3.1976702213287354
2018-04-18,3.336522102355957
2018-04-19,3.3079352378845215
2018-04-20,3.29976749420166
2018-04-23,3.2630116939544678
2018-04-24,3.250761032104492
2018-04-25,3.2262582778930664
2018-04-26,3.291599750518799
2018-04-27,3.250761032104492
2018-04-30,3.1935863494873047
2018-05-02,3.1568312644958496
2018-05-03,3.136413335800171
2018-05-04,3.1854183673858643
2018-05-07,3.079237699508667
2018-05-08,3.046567678451538
2018-05-09,3.2425925731658936
2018-05-10,3.3161025047302246
2018-05-11,3.267097234725952
2018-05-14,3.283430576324463
2018-05-15,3.2466766834259033
2018-05-16,3.332439661026001
2018-05-17,3.3038501739501953
2018-05-18,3.2875161170959473
2018-05-21,3.205838441848755
2018-05-22,3.185314178466797
2018-05-23,3.1524770259857178
2018-05-24,3.095008611679077
2018-05-25,2.951340436935425
2018-05-28,2.729682207107544
2018-05-29,2.7953596115112305
2018-05-30,2.7953596115112305
2018-06-01,2.906188726425171
2018-06-04,2.951340436935425
2018-06-05,2.9185030460357666
2018-06-06,2.893873929977417
2018-06-07,2.7337875366210938
2018-06-08,2.664006233215332
2018-06-11,2.614748954772949
2018-06-12,2.6557974815368652
2018-06-13,2.6393775939941406
2018-06-14,2.6024341583251953
2018-06-15,2.5285484790802
2018-06-18,2.524444341659546
2018-06-19,2.5819098949432373
2018-06-20,2.713263988494873
2018-06-21,2.5654921531677246
2018-06-22,2.622957944869995
2018-06-25,2.5531771183013916
2018-06-26,2.491604804992676
2018-06-27,2.471081256866455
2018-06-28,2.512129068374634
2018-06-29,2.5367579460144043
2018-07-02,2.5531771183013916
2018-07-03,2.6557974815368652
2018-07-04,2.696845293045044
2018-07-05,2.807673931121826
2018-07-06,2.877455234527588
2018-07-10,2.844616413116455
2018-07-11,2.7830452919006348
2018-07-12,2.943131446838379
2018-07-13,2.934922695159912
2018-07-16,2.95544695854187
2018-07-17,3.12784743309021
2018-07-18,3.144265651702881
2018-07-19,3.095008611679077
2018-07-20,3.2017335891723633
2018-07-23,3.222257614135742
2018-07-24,3.2427821159362793
2018-07-25,3.1812098026275635
2018-07-26,3.086799383163452
2018-07-27,3.230466365814209
2018-07-30,3.2756195068359375
2018-07-31,3.1565804481506348
2018-08-01,3.1114282608032227
2018-08-02,3.1688945293426514
2018-08-03,3.1935243606567383
2018-08-06,3.185314178466797
2018-08-07,3.1401615142822266
2018-08-08,3.222257614135742
2018-08-09,3.197629690170288
2018-08-10,3.0826942920684814
2018-08-13,3.1319520473480225
2018-08-14,3.2017335891723633
2018-08-15,3.0826942920684814
2018-08-16,3.025228261947632
2018-08-17,3.041646718978882
2018-08-20,3.164790153503418
2018-08-21,3.1771047115325928
2018-08-22,3.2309539318084717
2018-08-23,3.1812477111816406
2018-08-24,3.2723770141601562
2018-08-27,3.4380664825439453
2018-08-28,3.3883588314056396
2018-08-29,3.3883588314056396
2018-08-30,3.26823353767395
2018-08-31,3.2558069229125977
2018-09-03,3.2268121242523193
2018-09-04,3.1688199043273926
2018-09-05,3.139824867248535
2018-09-06,3.2185277938842773
2018-09-10,3.2102432250976562
2018-09-11,3.048694372177124
2018-09-12,3.1149704456329346
2018-09-13,3.065263509750366
2018-09-14,3.0362682342529297
2018-09-17,3.110827922821045
2018-09-18,3.26823353767395
2018-09-19,3.247523307800293
2018-09-20,3.23923921585083
2018-09-21,3.2848026752471924
2018-09-24,3.2102432250976562
2018-09-25,3.3469367027282715
2018-09-26,3.33450984954834
2018-09-27,3.3137991428375244
2018-09-28,3.305514097213745
2018-10-01,3.2309539318084717
2018-10-02,3.3013722896575928
2018-10-03,3.3013722896575928
2018-10-04,3.259948968887329
2018-10-05,3.193673849105835
2018-10-08,3.214384078979492
2018-10-09,3.247523307800293
2018-10-10,3.1191132068634033
2018-10-11,3.0818326473236084
2018-10-15,3.1315393447875977
2018-10-16,3.2061007022857666
2018-10-17,3.23923921585083
2018-10-18,3.110827922821045
2018-10-19,3.0528368949890137
2018-10-22,3.193673849105835
2018-10-23,3.1978156566619873
2018-10-24,3.0942599773406982
2018-10-25,3.0901176929473877
2018-10-26,3.1563925743103027
2018-10-29,3.1191132068634033
2018-10-30,3.172961950302124
2018-10-31,3.288945198059082
2018-11-01,3.3717896938323975
2018-11-05,3.4504928588867188
2018-11-06,3.467061758041382
2018-11-07,3.4504928588867188
2018-11-08,3.3220841884613037
2018-11-09,3.297229766845703
2018-11-12,3.193673849105835
2018-11-13,3.1439671516418457
2018-11-14,3.0942599773406982
2018-11-16,3.2723770141601562
2018-11-19,3.1812477111816406
2018-11-21,3.102544069290161
2018-11-22,3.0815813541412354
2018-11-23,2.9390313625335693
2018-11-26,2.8761420249938965
2018-11-27,2.9264538288116455
2018-11-28,2.9516096115112305
2018-11-29,2.9809584617614746
2018-11-30,3.069002866744995
2018-12-03,3.1863977909088135
2018-12-04,3.098351240158081
2018-12-05,3.1318929195404053
2018-12-06,3.0899665355682373
2018-12-07,3.085773229598999
2018-12-10,3.0019214153289795
2018-12-11,2.9641871452331543
2018-12-12,2.9767653942108154
2018-12-13,3.0019214153289795
2018-12-14,2.9516096115112305
2018-12-17,2.9893429279327393
2018-12-18,2.9935357570648193
2018-12-19,2.9558024406433105
2018-12-20,2.8635647296905518
2018-12-21,2.8509867191314697
2018-12-26,2.8677568435668945
2018-12-27,2.825831174850464
2018-12-28,2.909684181213379
2019-01-02,3.0019214153289795
2019-01-03,3.014498233795166
2019-01-04,3.0899665355682373
2019-01-07,3.1109299659729004
2019-01-08,3.0899665355682373
2019-01-09,3.165433406829834
2019-01-10,3.152855396270752
2019-01-11,3.077388048171997
2019-01-14,3.077388048171997
2019-01-15,3.0186924934387207
2019-01-16,3.0019214153289795
2019-01-17,3.0438475608825684
2019-01-18,3.085773229598999
2019-01-21,3.1025443077087402
2019-01-22,3.014498233795166
2019-01-23,3.1109299659729004
2019-01-24,3.161240816116333
2019-01-28,3.0564253330230713
2019-01-29,3.085773229598999
2019-01-30,3.20736026763916
2019-01-31,3.123507261276245
2019-02-01,3.148662805557251
2019-02-04,3.14447021484375
2019-02-05,3.140277624130249
2019-02-06,2.9851508140563965
2019-02-07,3.0061135292053223
2019-02-08,3.0061135292053223
2019-02-11,3.0061135292053223
2019-02-12,3.0564253330230713
2019-02-13,3.0731964111328125
2019-02-14,3.1025443077087402
2019-02-15,3.069002866744995
2019-02-18,3.0648105144500732
2019-02-19,3.0312697887420654
2019-02-20,3.077388048171997
2019-02-21,2.9725732803344727
2019-02-22,3.0480401515960693
2019-02-25,3.0480401515960693
2019-02-26,3.0648105144500732
2019-02-27,3.085773229598999
2019-02-28,3.0103070735931396
2019-03-01,2.9767653942108154
2019-03-06,2.9893429279327393
2019-03-07,2.9556539058685303
2019-03-08,2.9767653942108154
2019-03-11,2.9894323348999023
2019-03-12,2.980988025665283
2019-03-13,3.044323444366455
2019-03-14,3.0189895629882812
2019-03-15,3.073880195617676
2019-03-18,3.1456596851348877
2019-03-19,3.217439651489258
2019-03-20,3.1372156143188477
2019-03-21,3.090769052505493
2019-03-22,2.9767653942108154
2019-03-25,2.980988025665283
2019-03-26,3.0189895629882812
2019-03-27,2.892317533493042
2019-03-28,2.9767653942108154
2019-03-29,3.0021002292633057
2019-04-01,3.187883138656616
2019-04-02,3.1625492572784424
2019-04-03,3.158327102661133
2019-04-04,3.230107307434082
2019-04-05,3.1709938049316406
2019-04-08,3.192105531692505
2019-04-09,3.1245479583740234
2019-04-10,3.073880195617676
2019-04-11,3.0189895629882812
2019-04-12,3.0063223838806152
2019-04-15,2.9978768825531006
2019-04-16,3.0358779430389404
2019-04-17,3.023211717605591
2019-04-18,3.0316572189331055
2019-04-22,2.9978768825531006
2019-04-23,2.9514312744140625
2019-04-24,2.9303202629089355
2019-04-25,2.9725430011749268
2019-04-26,2.9049859046936035
2019-04-29,2.921874523162842
2019-04-30,2.871206760406494
2019-05-02,2.833205223083496
2019-05-03,2.8880956172943115
2019-05-06,2.8500945568084717
2019-05-07,2.837427854537964
2019-05-08,2.8880956172943115
2019-05-09,2.8500945568084717
2019-05-10,2.8500945568084717
2019-05-13,2.7572021484375
2019-05-14,2.8036484718322754
2019-05-15,2.748757839202881
2019-05-16,2.6938672065734863
2019-05-17,2.7065341472625732
2019-05-20,2.757521390914917
2019-05-21,2.859494209289551
2019-05-22,2.850996255874634
2019-05-23,2.7702674865722656
2019-05-24,2.7702674865722656
2019-05-27,2.7617697715759277
2019-05-28,2.800010919570923
2019-05-29,2.800010919570923
2019-05-30,2.7830138206481934
2019-05-31,2.75327205657959
2019-06-03,2.75327205657959
2019-06-04,2.740525484085083
2019-06-05,2.6980366706848145
2019-06-06,2.6980366706848145
2019-06-07,2.7745156288146973
2019-06-10,2.842498779296875
2019-06-11,2.935973644256592
2019-06-12,2.8892362117767334
2019-06-13,2.9402220249176025
2019-06-14,2.872241258621216
2019-06-17,2.842498779296875
2019-06-18,2.9699647426605225
2019-06-19,3.020951747894287
2019-06-21,3.046444892883301
2019-06-24,3.0549416542053223
2019-06-25,2.9699647426605225
2019-06-26,3.037947416305542
2019-06-27,3.01670241355896
2019-06-28,3.0761871337890625
2019-07-01,3.037947416305542
2019-07-02,2.9529693126678467
2019-07-03,2.9954581260681152
2019-07-04,3.0676891803741455
2019-07-05,3.0719382762908936
2019-07-08,3.0889334678649902
2019-07-10,3.0719382762908936
2019-07-11,2.9954581260681152
2019-07-12,2.9572181701660156
2019-07-15,3.012454032897949
2019-07-16,2.999706983566284
2019-07-17,2.9742138385772705
2019-07-18,2.935973644256592
2019-07-19,2.931725025177002
2019-07-22,2.876490354537964
2019-07-23,2.893484354019165
2019-07-24,2.842498779296875
2019-07-25,2.8170053958892822
2019-07-26,2.8467466831207275
2019-07-29,2.850996255874634
2019-07-30,2.897733688354492
2019-07-31,2.825502395629883
2019-08-01,2.7915117740631104
2019-08-02,2.7872633934020996
2019-08-05,2.7065341472625732
2019-08-06,2.723529815673828
2019-08-07,2.676792621612549
2019-08-08,2.800010919570923
2019-08-09,2.75327205657959
2019-08-12,2.6895387172698975
2019-08-13,2.7915117740631104
2019-08-14,2.655548095703125
2019-08-15,2.591815233230591
2019-08-16,2.6682939529418945
2019-08-19,2.608428955078125
2019-08-20,2.6340854167938232
2019-08-21,2.6811225414276123
2019-08-22,2.685398817062378
2019-08-23,2.5870485305786133
2019-08-26,2.518631935119629
2019-08-27,2.4715933799743652
2019-08-28,2.4844212532043457
2019-08-29,2.5956006050109863
2019-08-30,2.6725704669952393
2019-09-02,2.6340854167938232
2019-09-03,2.6212568283081055
2019-09-04,2.6041531562805176
2019-09-05,2.629809617996216
2019-09-06,2.6169815063476562
2019-09-09,2.7281601428985596
2019-09-10,2.7965779304504395
2019-09-11,2.7452645301818848
2019-09-12,2.800853729248047
2019-09-13,2.7794735431671143
2019-09-16,2.7538163661956787
2019-09-17,2.78374981880188
2019-09-18,2.766645908355713
2019-09-19,2.7580933570861816
2019-09-20,2.732436180114746
2019-09-23,2.736713171005249
2019-09-24,2.676847219467163
2019-09-25,2.6896748542785645
2019-09-26,2.6811225414276123
2019-09-27,2.66829514503479
2019-09-30,2.6725704669952393
2019-10-01,2.664018392562866
2019-10-02,2.5613911151885986
2019-10-03,2.5870485305786133
2019-10-04,2.6255345344543457
2019-10-07,2.5571162700653076
2019-10-08,2.501526117324829
2019-10-09,2.492974042892456
2019-10-10,2.6169815063476562
2019-10-11,2.698228120803833
2019-10-14,2.6939518451690674
2019-10-15,2.723883628845215
2019-10-16,2.6896748542785645
2019-10-17,2.6939518451690674
2019-10-18,2.629809617996216
2019-10-21,2.6511900424957275
2019-10-22,2.6511900424957275
2019-10-23,2.6426374912261963
2019-10-24,2.5784966945648193
2019-10-25,2.6511900424957275
2019-10-28,2.646914005279541
2019-10-29,2.6340854167938232
2019-10-30,2.736713171005249
2019-10-31,2.6896748542785645
2019-11-01,2.800853729248047
2019-11-04,2.916308879852295
2019-11-05,2.9376890659332275
2019-11-06,2.9376890659332275
2019-11-07,3.040316581726074
2019-11-08,3.014660120010376
2019-11-11,3.04459285736084
2019-11-12,3.0488808155059814
2019-11-13,3.0488808155059814
2019-11-14,3.0788981914520264
2019-11-18,3.0488808155059814
2019-11-19,3.0531692504882812
2019-11-21,3.271864891052246
2019-11-22,3.3276100158691406
2019-11-25,3.3490519523620605
2019-11-26,3.430527687072754
2019-11-27,3.4262382984161377
2019-11-28,3.3876450061798096
2019-11-29,3.3447635173797607
2019-12-02,3.451967477798462
2019-12-03,3.366203546524048
2019-12-04,3.396221876144409
2019-12-05,3.391934633255005
2019-12-06,3.473407745361328
2019-12-09,3.3876450061798096
2019-12-10,3.456256151199341
2019-12-11,3.430527687072754
2019-12-12,3.473407745361328
2019-12-13,3.6749508380889893
2019-12-16,3.6363589763641357
2019-12-17,3.6149179935455322
2019-12-18,3.5977649688720703
2019-12-19,3.7306978702545166
2019-12-20,3.8293251991271973
2019-12-23,3.867919445037842
2019-12-26,3.9193766117095947
2019-12-27,3.90222430229187
2019-12-30,3.9794113636016846
2020-01-02,4.150938034057617
2020-01-03,4.1595139503479
2020-01-06,4.1380720138549805
2020-01-07,4.168089866638184
2020-01-08,4.142360687255859
2020-01-09,4.14664888381958
2020-01-10,4.236701965332031
2020-01-13,4.459685802459717
2020-01-14,4.352480411529541
2020-01-15,4.361056804656982
2020-01-16,4.378210544586182
2020-01-17,4.468262195587158
2020-01-20,4.652651786804199
2020-01-21,4.506854057312012
2020-01-22,4.592617511749268
2020-01-23,4.5540242195129395
2020-01-24,4.451108455657959
2020-01-27,4.116632461547852
2020-01-28,4.228124141693115
2020-01-29,4.14664888381958
2020-01-30,4.245277404785156
2020-01-31,4.08661413192749
2020-02-03,4.240988254547119
2020-02-04,4.3224639892578125
2020-02-05,4.391073703765869
2020-02-06,4.236701965332031
2020-02-07,4.060885906219482
2020-02-10,4.0394463539123535
2020-02-11,4.215260028839111
2020-02-12,4.292447090148926
2020-02-13,4.292447090148926
2020-02-14,4.14664888381958
2020-02-17,4.185242652893066
2020-02-18,4.133784294128418
2020-02-19,4.348193168640137
2020-02-20,4.026580810546875
2020-02-21,3.8936469554901123
2020-02-26,3.430527687072754
2020-02-27,3.37477970123291
2020-02-28,3.409085988998413
2020-03-02,3.5337564945220947
2020-03-03,3.5122621059417725
2020-03-04,3.7186119556427
2020-03-05,3.5036633014678955
2020-03-06,3.2672202587127686
2020-03-09,2.6868584156036377
2020-03-10,2.9190030097961426
2020-03-11,2.566486358642578
2020-03-12,2.020517349243164
2020-03-13,2.4375178813934326
2020-03-16,2.166682481765747
2020-03-17,2.166682481765747
2020-03-18,1.85715651512146
2020-03-19,1.8227641582489014
2020-03-20,1.784073829650879
2020-03-23,1.6508060693740845
2020-03-24,1.7926723957061768
2020-03-25,1.960331678390503
2020-03-26,2.0678064823150635
2020-03-27,1.9775276184082031
2020-03-30,1.9345378875732422
2020-03-31,1.9990226030349731
2020-04-01,1.917341947555542
2020-04-02,1.960331678390503
2020-04-03,1.7969708442687988
2020-04-06,1.86575448513031
2020-04-07,1.9775276184082031
2020-04-08,2.1021976470947266
2020-04-09,2.0291149616241455
2020-04-13,2.132291078567505
2020-04-14,2.196774959564209
2020-04-15,2.1580841541290283
2020-04-16,2.192476511001587
2020-04-17,2.3214457035064697
2020-04-20,2.2354657649993896
2020-04-22,2.2225687503814697
2020-04-23,2.287053346633911
2020-04-24,2.0850021839141846
2020-04-27,2.162384033203125
2020-04-28,2.2655584812164307
2020-04-29,2.3644349575042725
2020-04-30,2.2139713764190674
2020-05-04,2.192476511001587
2020-05-05,2.209672689437866
2020-05-06,2.2354657649993896
2020-05-07,2.3816306591033936
2020-05-08,2.5063016414642334
2020-05-11,2.4246206283569336
2020-05-12,2.338642120361328
2020-05-13,2.2225687503814697
2020-05-14,2.2569611072540283
2020-05-15,2.127990961074829
2020-05-18,2.330043315887451
2020-05-19,2.3343424797058105
2020-05-20,2.330043315887451
2020-05-21,2.355836868286133
2020-05-22,2.287053346633911
2020-05-25,2.416023015975952
2020-05-26,2.338642120361328
2020-05-27,2.6137752532958984
2020-05-28,2.665363311767578
2020-05-29,2.6524667739868164
2020-06-01,2.6696627140045166
2020-06-02,2.7857348918914795
2020-06-03,2.9877867698669434
2020-06-04,3.026477098464966
2020-06-05,3.0393736362457275
2020-06-08,3.1081573963165283
2020-06-09,3.022177219390869
2020-06-10,2.910405158996582
2020-06-12,2.798630952835083
2020-06-15,2.7599408626556396
2020-06-16,2.961992025375366
2020-06-17,2.944796562194824
2020-06-18,3.017878770828247
2020-06-19,3.0350756645202637
2020-06-22,3.0049822330474854
2020-06-23,3.0780651569366455
2020-06-24,3.090960741043091
2020-06-25,3.0737664699554443
2020-06-26,2.996384620666504
2020-06-29,3.0565707683563232
2020-06-30,3.142549753189087
2020-07-01,3.0393736362457275
2020-07-02,3.1081573963165283
2020-07-03,3.1253535747528076
2020-07-06,3.164044141769409
2020-07-07,3.1210548877716064
2020-07-08,3.1683435440063477
2020-07-09,3.151146650314331
2020-07-10,3.146848201751709
2020-07-13,3.1855390071868896
2020-07-14,3.2801170349121094
2020-07-15,3.293013095855713
2020-07-16,3.2457242012023926
2020-07-17,3.2672202587127686
2020-07-20,3.301612138748169
2020-07-21,3.2543230056762695
2020-07-22,3.426281690597534
2020-07-23,3.2973122596740723
2020-07-24,3.3918893337249756
2020-07-27,3.5466525554656982
2020-07-28,3.5122621059417725
2020-07-29,3.5337564945220947
2020-07-30,3.4907665252685547
2020-07-31,3.456374406814575
2020-08-03,3.469271183013916
2020-08-04,3.4735703468322754
2020-08-05,3.6670243740081787
2020-08-06,3.5767464637756348
2020-08-07,3.482168197631836
2020-08-10,3.628333330154419
2020-08-11,3.572446823120117
2020-08-12,3.5767464637756348
2020-08-13,3.5509519577026367
2020-08-14,3.572446823120117
2020-08-17,3.5939416885375977
2020-08-18,3.8475801944732666
2020-08-19,3.937859058380127
2020-08-20,3.989448070526123
2020-08-21,3.886272668838501
2020-08-24,3.8776743412017822
2020-08-25,3.8518800735473633
2020-08-26,3.8217873573303223
2020-08-27,3.7787973880767822
2020-08-28,3.8432822227478027
2020-08-31,3.7787973880767822
2020-09-01,3.929262161254883
2020-09-02,3.8690757751464844
2020-09-03,3.7916946411132812
2020-09-04,3.8991692066192627
2020-09-08,3.8389837741851807
2020-09-09,4.02813720703125
2020-09-10,3.8733742237091064
2020-09-11,3.890570878982544
2020-09-14,3.929262161254883
2020-09-15,4.135612964630127
2020-09-16,4.058230400085449
2020-09-17,4.135612964630127
2020-09-18,4.058230400085449
2020-09-21,3.9980452060699463
2020-09-22,4.006643295288086
2020-09-23,3.9937469959259033
2020-09-24,3.989448070526123
2020-09-25,3.9679527282714844
2020-09-28,3.9464571475982666
2020-09-29,3.894869565963745
2020-09-30,4.041034698486328
2020-10-01,4.023839950561523
2020-10-02,3.9765515327453613
2020-10-05,4.23878812789917
2020-10-06,4.1786017417907715
2020-10-07,4.311870574951172
2020-10-08,4.268880844116211
2020-10-09,4.221591472625732
2020-10-13,4.2430877685546875
2020-10-14,4.2473859786987305
2020-10-15,4.350561141967773
2020-10-16,4.380654811859131
2020-10-19,4.363456726074219
2020-10-20,4.402148723602295
2020-10-21,4.436540603637695
2020-10-22,4.458034992218018
2020-10-23,4.466632843017578
2020-10-26,4.415045738220215
2020-10-27,4.518220901489258
2020-10-28,4.2430877685546875
2020-10-29,4.329066276550293
2020-10-30,4.2129926681518555
2020-11-03,4.470932483673096
2020-11-04,4.303271770477295
2020-11-05,4.337664604187012
2020-11-06,4.350561141967773
2020-11-09,4.294286251068115
2020-11-10,4.112471103668213
2020-11-11,4.155758857727051
2020-11-12,4.069181442260742
2020-11-13,4.108141899108887
2020-11-16,4.1644182205200195
2020-11-17,4.212035655975342
2020-11-18,4.155758857727051
2020-11-19,4.177403450012207
2020-11-23,4.328916072845459
2020-11-24,4.458784580230713
2020-11-25,4.441467761993408
2020-11-26,4.523717880249023
2020-11-27,4.476098537445068
2020-11-30,4.441467761993408
2020-12-01,4.683887958526611
2020-12-02,4.64925479888916
2020-12-03,4.45445442199707
2020-12-04,4.56267786026001
2020-12-07,4.640597820281982
2020-12-08,4.56267786026001
2020-12-09,4.4717698097229
2020-12-10,4.54536247253418
2020-12-11,4.5410332679748535
2020-12-14,4.528046607971191
2020-12-15,4.688216209411621
2020-12-16,4.718518257141113
2020-12-17,4.80076789855957
2020-12-18,4.92630672454834
2020-12-21,4.826741695404053
2020-12-22,4.756915092468262
2020-12-23,4.8311052322387695
2020-12-28,4.839834213256836
2020-12-29,4.93148136138916
2020-12-30,4.914025783538818
2021-01-04,5.149688243865967
2021-01-05,5.263155937194824
2021-01-06,5.463906288146973
2021-01-07,5.717026710510254
2021-01-08,5.621015548706055
2021-01-11,5.5250043869018555
2021-01-12,5.428992748260498
2021-01-13,5.289340972900391
2021-01-14,5.437721252441406
2021-01-15,5.149688243865967
2021-01-18,5.188965320587158
2021-01-19,5.058041572570801
2021-01-20,4.979485511779785
2021-01-21,4.988215446472168
2021-01-22,5.058041572570801
2021-01-26,4.7656426429748535
2021-01-27,4.691453456878662
2021-01-28,4.79182767868042
2021-01-29,4.6172637939453125
2021-02-01,4.656540870666504
2021-02-02,4.59107780456543
2021-02-03,4.722002983093262
2021-02-04,4.634718894958496
2021-02-05,4.809286594390869
2021-02-08,4.761279582977295
2021-02-09,4.8311052322387695
2021-02-10,4.700180530548096
2021-02-11,4.787464141845703
2021-02-12,4.778736591339111
2021-02-17,4.879111289978027
2021-02-18,4.8311052322387695
2021-02-19,4.922752857208252
2021-02-22,4.887840747833252
2021-02-23,5.106045722961426
2021-02-24,5.32861852645874
2021-02-25,5.071133136749268
2021-02-26,5.053678512573242
2021-03-01,5.19769287109375
2021-03-02,5.258790969848633
2021-03-03,5.250064373016357
2021-03-04,5.293704509735107
2021-03-05,5.446451187133789
2021-03-08,5.298069000244141
2021-03-09,5.350438117980957
2021-03-10,5.311161518096924
2021-03-11,5.420265197753906
2021-03-12,5.358771800994873
2021-03-15,5.5388617515563965
2021-03-16,5.63988733291626
2021-03-17,5.723344326019287
2021-03-18,5.631102561950684
2021-03-19,5.5871782302856445
2021-03-22,5.437834739685059
2021-03-23,5.240174770355225
2021-03-24,5.270923614501953
2021-03-25,5.358771800994873
2021-03-26,5.5959625244140625
2021-03-29,5.69259786605835
2021-03-30,5.749699115753174
2021-03-31,5.890255928039551
2021-04-01,5.683812618255615
2021-04-05,5.767268180847168
2021-04-06,5.872686386108398
2021-04-07,5.986889362335205
2021-04-08,6.02202844619751
2021-04-09,6.096701622009277
2021-04-12,6.131839752197266
2021-04-13,6.28118371963501
2021-04-14,6.412954807281494
2021-04-15,6.4437031745910645
2021-04-16,6.505196571350098
2021-04-19,6.48323392868042
2021-04-20,6.421741008758545
2021-04-22,6.62379264831543
2021-04-23,6.6369709968566895
2021-04-26,6.768743515014648
2021-04-27,6.724818706512451
2021-04-28,6.781920433044434
2021-04-29,6.6984639167785645
2021-04-30,6.52716064453125
2021-05-03,6.408564567565918
2021-05-04,6.43491792678833
2021-05-05,6.786312580108643
2021-05-06,7.137707710266113
2021-05-07,7.115746021270752
2021-05-10,7.106960296630859
2021-05-11,7.295835018157959
2021-05-12,7.076213836669922
2021-05-13,6.935657501220703
2021-05-14,6.755565643310547
2021-05-17,6.95596170425415
2021-05-18,6.987133979797363
2021-05-19,6.947054862976074
2021-05-20,6.742206573486328
2021-05-21,6.697673320770264
2021-05-24,6.564076900482178
2021-05-25,6.4527459144592285
2021-05-26,6.5150909423828125
2021-05-27,6.630875587463379
2021-05-28,6.537357807159424
2021-05-31,6.599703311920166
2021-06-01,6.835724353790283
2021-06-02,6.675408840179443
2021-06-04,6.461653232574463
2021-06-07,6.328054904937744
2021-06-08,6.279068470001221
2021-06-09,6.434933185577393
2021-06-10,6.430479526519775
2021-06-11,6.586342811584473
2021-06-14,6.434933185577393
2021-06-15,6.434933185577393
2021-06-16,6.212270259857178
2021-06-17,5.9851555824279785
2021-06-18,6.083127975463867
2021-06-21,6.190003871917725
2021-06-22,6.172191143035889
2021-06-23,6.1365647315979
2021-06-24,6.323601245880127
2021-06-25,6.354774475097656
2021-06-28,6.296881675720215
2021-06-29,6.261255264282227
2021-06-30,6.1588311195373535
2021-07-01,6.069766998291016
2021-07-02,6.230083465576172
2021-07-05,6.167738914489746
2021-07-06,6.127658367156982
2021-07-07,6.230083465576172
2021-07-08,6.016329288482666
2021-07-12,6.305788993835449
2021-07-13,6.350321292877197
2021-07-14,6.247898578643799
2021-07-15,6.256802558898926
2021-07-16,6.12320613861084
2021-07-19,6.109846591949463
2021-07-20,6.172191143035889
2021-07-21,6.292428493499756
2021-07-22,6.305788993835449
2021-07-23,6.363678932189941
2021-07-26,6.523997783660889
2021-07-27,6.359226703643799
2021-07-28,6.354774475097656
2021-07-29,6.497279167175293
2021-07-30,6.34586763381958
2021-08-02,6.328054904937744
2021-08-03,6.479466438293457
2021-08-04,6.519543170928955
2021-08-05,6.319148540496826
2021-08-06,6.390398979187012
2021-08-09,6.36813497543335
2021-08-10,6.4705586433410645
2021-08-11,6.4883713722229
2021-08-12,6.408212661743164
2021-08-13,6.359226703643799
2021-08-16,6.230083465576172
2021-08-17,6.011962890625
2021-08-18,5.993786334991455
2021-08-19,5.839283466339111
2021-08-20,5.812017440795898
2021-08-23,5.79384183883667
2021-08-24,6.011962890625
2021-08-25,6.04831600189209
2021-08-26,5.816563129425049
2021-08-27,5.916533946990967
2021-08-30,5.921078681945801
2021-08-31,5.875637054443359
2021-09-01,5.784752368927002
2021-09-02,5.64388370513916
2021-09-03,5.652970790863037
2021-09-06,5.693869113922119
2021-09-08,5.57572078704834
2021-09-09,5.671149253845215
2021-09-10,5.68023681640625
2021-09-13,5.743854522705078
2021-09-14,5.7029571533203125
2021-09-15,5.698412895202637
2021-09-16,5.525732517242432
2021-09-17,5.216730117797852
2021-09-20,5.112213134765625
2021-09-21,5.080403804779053
2021-09-22,5.380320072174072
2021-09-23,5.602985382080078
2021-09-24,5.580265522003174
2021-09-27,5.59389591217041
2021-09-28,5.492274284362793
2021-09-29,5.556942462921143
2021-09-30,5.737093925476074
2021-10-01,5.852574348449707
2021-10-04,5.792524337768555
2021-10-05,5.7832865715026855
2021-10-06,5.649327754974365
2021-10-07,5.718616962432861
2021-10-08,5.778666973114014
2021-10-11,5.7832865715026855
2021-10-13,5.861813068389893
2021-10-14,5.9172444343566895
2021-10-15,5.926482200622559
2021-10-18,5.921863079071045
2021-10-19,5.820240020751953
2021-10-20,5.755570411682129
2021-10-21,5.552324295043945
2021-10-22,5.667805194854736
2021-10-25,5.958817481994629
2021-10-26,6.023486614227295
2021-10-27,5.931102752685547
2021-10-28,5.8802900314331055
2021-10-29,5.778666973114014
2021-11-01,5.769428253173828
2021-11-03,5.50151252746582
2021-11-04,5.441463470458984
2021-11-05,5.298266887664795
2021-11-08,5.426450729370117
2021-11-09,5.463836669921875
2021-11-10,5.410426616668701
2021-11-11,5.6614532470703125
2021-11-12,5.6881585121154785
2021-11-16,5.6614532470703125
2021-11-17,5.6561126708984375
2021-11-18,5.46917724609375
2021-11-19,5.522587776184082
2021-11-22,5.640089988708496
2021-11-23,5.709522247314453
2021-11-24,5.76827335357666
2021-11-25,5.827024459838867
2021-11-26,5.6881585121154785
2021-11-29,5.7415690422058105
2021-11-30,5.6881585121154785
2021-12-01,5.76827335357666
2021-12-02,6.0833916664123535
2021-12-03,6.0833916664123535
2021-12-06,6.254303932189941
2021-12-07,6.350440979003906
2021-12-08,6.3985114097595215
2021-12-09,6.371804714202881
2021-12-10,6.510671615600586
2021-12-13,6.473284721374512
2021-12-14,6.4305572509765625
2021-12-15,6.4305572509765625
2021-12-16,6.553399562835693
2021-12-17,6.339761257171631
2021-12-20,5.992593765258789
2021-12-21,6.078051567077637
2021-12-22,6.0620269775390625
2021-12-23,6.003276824951172
2021-12-27,6.035323619842529
2021-12-28,6.0086188316345215
2021-12-29,6.013958930969238
2021-12-30,6.078051567077637
2022-01-03,6.02998161315918
2022-01-04,6.152825355529785
2022-01-05,6.02998161315918
2022-01-06,6.013958930969238
2022-01-07,6.1047563552856445
2022-01-10,6.1047563552856445
2022-01-11,6.254303932189941
2022-01-12,6.414533615112305
2022-01-13,6.270327091217041
2022-01-14,6.270327091217041
2022-01-17,6.168848991394043
2022-01-18,6.313055515289307
2022-01-19,6.467944145202637
2022-01-20,6.355783939361572
2022-01-21,6.126120090484619
2022-01-24,6.158166408538818
2022-01-25,6.126120090484619
2022-01-26,6.200892925262451
2022-01-27,6.248961925506592
2022-01-28,6.243622303009033
2022-01-31,6.179530143737793
2022-02-01,6.350440979003906
2022-02-02,6.345099449157715
2022-02-03,6.313055515289307
2022-02-04,6.302372455596924
2022-02-07,6.3985114097595215
2022-02-08,6.361123561859131
2022-02-09,6.40385103225708
2022-02-10,6.409192085266113
2022-02-11,6.222257614135742
2022-02-14,6.136803150177002
2022-02-15,6.0833916664123535
2022-02-16,6.040664196014404
2022-02-17,5.714863300323486
2022-02-18,5.624066352844238
2022-02-21,5.575996398925781
2022-02-22,5.613385200500488
2022-02-23,5.40508508682251
2022-02-24,5.3623576164245605
2022-02-25,5.559974193572998
2022-03-02,5.917820930480957
2022-03-03,6.115437984466553
2022-03-04,6.318395137786865
2022-03-07,6.184871673583984
2022-03-08,6.087894916534424
2022-03-09,6.249520778656006
2022-03-10,6.448859691619873
2022-03-11,6.438085556030273
2022-03-14,6.2064208984375
2022-03-15,6.023244380950928
2022-03-16,6.06634521484375
2022-03-17,6.400371074676514
2022-03-18,6.545835494995117
2022-03-21,6.588934898376465
2022-03-22,6.491960048675537
2022-03-23,6.481184005737305
2022-03-24,6.707459449768066
2022-03-25,6.610485553741455
2022-03-28,6.621259689331055
2022-03-29,6.508122444152832
2022-03-30,6.599710464477539
2022-03-31,6.605094909667969
2022-04-01,6.5943217277526855
2022-04-04,6.540447235107422
2022-04-05,6.486571311950684
2022-04-06,6.454246520996094
2022-04-07,6.281846046447754
2022-04-08,6.32494592666626
2022-04-11,6.271070957183838
2022-04-12,6.298007965087891
2022-04-13,6.346497535705566
2022-04-14,6.362659454345703
2022-04-18,6.37882137298584
2022-04-19,6.578159332275391
2022-04-20,6.330334186553955
2022-04-22,6.163320541381836
2022-04-25,6.050182819366455
2022-04-26,5.834682941436768
2022-04-27,6.130995273590088
2022-04-28,6.32494592666626
2022-04-29,6.12022066116333
2022-05-02,5.963983058929443
2022-05-03,6.087894916534424
2022-05-04,6.087894916534424
2022-05-05,6.308783531188965
2022-05-06,6.271070957183838
2022-05-09,6.141769886016846
2022-05-10,5.807744979858398
2022-05-11,6.03402042388916
2022-05-12,6.087894916534424
2022-05-13,6.222583293914795
2022-05-16,6.330334186553955
2022-05-17,6.440810203552246
2022-05-18,6.125950813293457
2022-05-19,6.286142826080322
2022-05-20,6.440810203552246
2022-05-23,6.601003170013428
2022-05-24,6.689384937286377
2022-05-25,6.667288780212402
2022-05-26,6.689384937286377
2022-05-27,6.76119327545166
2022-05-30,6.717002868652344
2022-05-31,6.733574867248535
2022-06-01,6.77224063873291
2022-06-02,7.070529937744141
2022-06-03,7.015291690826416
2022-06-06,7.065004348754883
2022-06-07,7.059482574462891
2022-06-08,6.838528633117676
2022-06-09,6.52366828918457
2022-06-10,6.512620449066162
2022-06-13,6.153570175170898
2022-06-14,5.982330799102783
2022-06-15,5.971283912658691
2022-06-17,5.463087558746338
2022-06-20,5.440992832183838
2022-06-21,5.523850440979004
2022-06-22,5.33604097366333
2022-06-23,5.192420482635498
2022-06-24,5.380230903625488
2022-06-27,5.463087558746338
2022-06-28,5.4741363525390625
2022-06-29,5.435469627380371
2022-06-30,5.275277137756348
2022-07-01,5.220039367675781
2022-07-04,5.208991527557373
2022-07-05,5.131658554077148
2022-07-06,5.231086730957031
2022-07-07,5.4686126708984375
2022-07-08,5.446516990661621
2022-07-11,5.3415632247924805
2022-07-12,5.352612018585205
2022-07-13,5.34708833694458
2022-07-14,5.164801120758057
2022-07-15,5.41889762878418
2022-07-18,5.385754585266113
2022-07-19,5.485184192657471
2022-07-20,5.496231555938721
2022-07-21,5.479660511016846
2022-07-22,5.490708351135254
2022-07-25,5.529374122619629
2022-07-26,5.529374122619629
2022-07-27,5.53489875793457
2022-07-28,5.573565483093262
2022-07-29,5.650899887084961
2022-08-01,5.4741363525390625
2022-08-02,5.623280048370361
2022-08-03,5.380230903625488
2022-08-04,5.595660209655762
2022-08-05,5.678518772125244
2022-08-08,5.75032901763916
2022-08-09,5.805567741394043
2022-08-10,5.871854782104492
2022-08-11,5.921568870544434
2022-08-12,6.020998001098633
2022-08-15,5.954712867736816
2022-08-16,5.823273658752441
2022-08-17,5.891850471496582
2022-08-18,5.788985729217529
2022-08-19,5.663261413574219
2022-08-22,5.560398101806641
2022-08-23,5.851848125457764
2022-08-24,5.811844348907471
2022-08-25,5.897565841674805
2022-08-26,5.748982906341553
2022-08-29,5.760412693023682
2022-08-30,5.697549819946289
2022-08-31,5.697549819946289
2022-09-01,5.6689772605896
2022-09-02,5.828988075256348
2022-09-05,5.937567710876465
2022-09-06,5.83470344543457
2022-09-08,5.777555465698242
2022-09-09,5.977570533752441
2022-09-12,5.983285903930664
2022-09-13,5.806129455566406
2022-09-14,5.663261413574219
2022-09-15,5.663261413574219
2022-09-16,5.634687900543213
2022-09-19,5.966141223907471
2022-09-20,5.966141223907471
2022-09-21,5.954712867736816
2022-09-22,6.086150169372559
2022-09-23,5.98900032043457
2022-09-26,5.874706745147705
2022-09-27,5.83470344543457
2022-09-28,5.817558765411377
2022-09-29,5.823273658752441
2022-09-30,6.051861763000488
2022-10-03,6.154726505279541
2022-10-04,6.280450344085693
2022-10-05,6.286164283752441
2022-10-06,6.309022903442383
2022-10-07,6.30330753326416
2022-10-10,6.400458812713623
2022-10-11,6.417602062225342
2022-10-13,6.4518914222717285
2022-10-14,6.2918782234191895
2022-10-17,6.406173229217529
2022-10-18,6.514751434326172
2022-10-19,6.411886692047119
2022-10-20,6.5947585105896
2022-10-21,6.680478572845459
2022-10-24,6.606186866760254
2022-10-25,6.560469627380371
2022-10-26,6.53761100769043
2022-10-27,6.5661845207214355
2022-10-28,6.360454559326172
2022-10-31,6.429031848907471
2022-11-01,6.463320732116699
2022-11-03,6.400458812713623
2022-11-04,6.7147674560546875
2022-11-07,6.589041709899902
2022-11-08,6.800487995147705
2022-11-09,6.983357906341553
2022-11-10,6.966212749481201
2022-11-11,7.531968593597412
2022-11-14,7.583399772644043
2022-11-16,7.429103851318359
2022-11-17,7.4176740646362305
2022-11-18,7.280519962310791
2022-11-21,7.41195821762085
2022-11-22,7.643767833709717
2022-11-23,7.691318988800049
2022-11-24,7.744814395904541
2022-11-25,7.738869667053223
2022-11-28,7.744814395904541
2022-11-29,8.024175643920898
2022-11-30,8.137105941772461
2022-12-01,7.994455814361572
2022-12-02,8.059835433959961
2022-12-05,7.92907190322876
2022-12-06,8.125218391418457
2022-12-07,8.143050193786621
2022-12-08,8.065781593322754
2022-12-09,8.2084321975708
2022-12-12,8.11332893371582
2022-12-13,7.994455814361572
2022-12-14,8.083612442016602
2022-12-15,7.8280253410339355
2022-12-16,7.851802349090576
2022-12-19,7.780477046966553
2022-12-20,7.982566833496094
2022-12-21,7.946902751922607
2022-12-22,7.816140174865723
2022-12-23,7.530834197998047
2022-12-26,7.4773406982421875
2022-12-27,7.822081565856934
2022-12-28,7.750757694244385
2022-12-29,7.709149360656738
2023-01-02,7.756701469421387
2023-01-03,7.679429531097412
2023-01-04,7.744814395904541
2023-01-05,7.875577926635742
2023-01-06,7.935014724731445
2023-01-09,8.119275093078613
2023-01-10,8.279757499694824
2023-01-11,8.345141410827637
2023-01-12,8.398634910583496
2023-01-13,8.380802154541016
2023-01-16,8.214376449584961
2023-01-17,8.428354263305664
2023-01-18,8.672050476074219
2023-01-19,8.755266189575195
2023-01-20,8.654219627380371
2023-01-23,8.458074569702148
2023-01-24,8.464016914367676
2023-01-25,8.493734359741211
2023-01-26,8.683938980102539
2023-01-27,8.487792015075684
2023-01-30,8.529397964477539
2023-01-31,8.612610816955566
2023-02-01,8.446186065673828
2023-02-02,8.042004585266113
2023-02-03,8.10738754272461
2023-02-06,8.071723937988281
2023-02-07,8.178711891174316
2023-02-08,8.148994445800781
2023-02-09,7.51300573348999
2023-02-10,7.41195821762085
2023-02-13,7.48922872543335
2023-02-14,7.51300573348999
2023-02-15,7.465453147888184
2023-02-16,7.554610729217529
2023-02-17,7.51300573348999
2023-02-22,7.382239818572998
2023-02-23,7.429790496826172
2023-02-24,7.346575736999512
2023-02-27,7.382239818572998
2023-02-28,7.4773406982421875
2023-03-01,7.697263240814209
2023-03-02,7.726983070373535
2023-03-03,7.685375690460205
2023-03-06,7.51300573348999
2023-03-07,7.4238457679748535
2023-03-08,7.554610729217529
2023-03-09,7.221756458282471
2023-03-10,7.114767074584961
2023-03-13,7.055329322814941
2023-03-14,7.168262004852295
2023-03-15,6.874577522277832
2023-03-16,6.928518772125244
2023-03-17,6.826630115509033
2023-03-20,6.814642429351807
2023-03-21,6.856597423553467
2023-03-22,6.8805718421936035
2023-03-23,6.808650970458984
2023-03-24,6.92252779006958
2023-03-27,6.940507888793945
2023-03-28,6.982461929321289
2023-03-29,6.994449615478516
2023-03-30,7.174254894256592
2023-03-31,7.090343952178955
2023-04-03,7.144287586212158
2023-04-04,6.994449615478516
2023-04-05,6.778682708740234
2023-04-06,6.7607011795043945
2023-04-10,6.952495574951172
2023-04-11,7.294126033782959
2023-04-12,7.174254894256592
2023-04-13,7.258166313171387
2023-04-14,7.294126033782959
2023-04-17,7.258166313171387
2023-04-18,7.246176242828369
2023-04-19,7.126307964324951
2023-04-20,7.126307964324951
2023-04-24,6.916534900665283
2023-04-25,6.688780307769775
2023-04-26,6.7127532958984375
2023-04-27,6.784676551818848
2023-04-28,6.988455295562744
2023-05-02,6.754707336425781
2023-05-03,6.82063627243042
2023-05-04,6.5928826332092285
2023-05-05,6.89255952835083
2023-05-08,6.92252779006958
2023-05-09,6.958487510681152
2023-05-10,6.784676551818848
2023-05-11,6.700766563415527
2023-05-12,6.724740505218506
2023-05-15,6.784676551818848
2023-05-16,6.66154146194458
2023-05-17,6.870870113372803
2023-05-18,6.932437419891357
2023-05-19,6.883183002471924
2023-05-22,7.104824542999268
2023-05-23,7.129451274871826
2023-05-24,6.950906753540039
2023-05-25,6.963220596313477
2023-05-26,7.178703784942627
2023-05-29,7.154077529907227
2023-05-30,6.981690406799316
2023-05-31,6.901653289794922
2023-06-01,6.981690406799316
2023-06-02,7.203331470489502
2023-06-05,7.1848626136779785
2023-06-06,7.178703784942627
2023-06-07,7.215644359588623
2023-06-09,7.258742809295654
2023-06-12,7.240272045135498
2023-06-13,7.203331470489502
2023-06-14,7.461912631988525
2023-06-15,7.44959831237793
2023-06-16,7.492696762084961
2023-06-19,7.566575527191162
2023-06-20,7.517321586608887
2023-06-21,7.455757141113281
2023-06-22,7.363406658172607
2023-06-23,7.344934940338135
2023-06-26,7.418816089630127
2023-06-27,7.412658214569092
2023-06-28,7.28336763381958
2023-06-29,7.351092338562012
2023-06-30,7.277210712432861
2023-07-03,7.5481061935424805
2023-07-04,7.523479461669922
2023-07-05,7.529636859893799
2023-07-06,7.44959831237793
2023-07-07,7.615828990936279
2023-07-10,7.652770042419434
2023-07-11,7.677396774291992
2023-07-12,7.788218021392822
2023-07-13,7.923665523529053
2023-07-14,7.874410629272461
2023-07-17,7.899036407470703
2023-07-18,7.9482903480529785
2023-07-19,7.88672399520874
2023-07-20,7.935976505279541
2023-07-21,7.88672399520874
2023-07-24,8.114523887634277
2023-07-25,8.330004692077637
2023-07-26,8.366945266723633
2023-07-27,8.256126403808594
2023-07-28,8.268438339233398
2023-07-31,8.465452194213867
2023-08-01,8.465452194213867
2023-08-02,8.336162567138672
2023-08-03,8.311535835266113
2023-08-04,8.280753135681152
2023-08-07,8.157617568969727
2023-08-08,7.88672399520874
2023-08-09,7.578890323638916
2023-08-10,7.554262161254883
2023-08-11,7.505009174346924
2023-08-14,7.511166095733643
2023-08-15,7.461912631988525
2023-08-16,7.4434428215026855
2023-08-17,7.431128025054932
2023-08-18,7.38803243637085
2023-08-21,7.312514305114746
2023-08-22,7.400619029998779
2023-08-23,7.394326210021973
2023-08-24,7.2181196212768555
2023-08-25,7.205533027648926
2023-08-28,7.306223392486572
2023-08-29,7.501306533813477
2023-08-30,7.501306533813477
2023-08-31,7.438376426696777
2023-09-01,7.532772541046143
2023-09-04,7.601995944976807
2023-09-05,7.45725679397583
2023-09-06,7.3439812660217285
2023-09-08,7.274757385253906
2023-09-11,7.425790786743164
2023-09-12,7.476134777069092
2023-09-13,7.438376426696777
2023-09-14,7.476134777069092
2023-09-15,7.520186901092529
2023-09-18,7.268464088439941
2023-09-19,7.2244133949279785
2023-09-20,7.32510232925415
2023-09-21,7.111137866973877
2023-09-22,7.060793876647949
2023-09-25,7.092259883880615
2023-09-26,7.035622596740723
2023-09-27,7.098552227020264
2023-09-28,7.0796732902526855
2023-09-29,7.016742706298828
2023-10-02,6.953813076019287
2023-10-03,6.7964863777160645
2023-10-04,6.708383083343506
2023-10-05,6.626574516296387
2023-10-06,6.613988399505615
2023-10-09,6.582522869110107
2023-10-10,6.60769510269165
2023-10-11,6.620281219482422
2023-10-13,6.538470268249512
2023-10-16,6.613988399505615
2023-10-17,6.5573506355285645
2023-10-18,6.355973243713379
2023-10-19,6.38743782043457
2023-10-20,6.3119215965271
2023-10-23,6.425196170806885
2023-10-24,6.355973243713379
2023-10-25,6.337094306945801
2023-10-26,6.444076061248779
2023-10-27,6.444076061248779
2023-10-30,6.475541114807129
2023-10-31,6.500712871551514
2023-11-01,6.613988399505615
2023-11-03,6.821658611297607
2023-11-06,6.84683084487915
2023-11-07,6.953813076019287
2023-11-08,6.922347545623779
2023-11-09,6.941226482391357
2023-11-10,7.2244133949279785
2023-11-13,7.211826324462891
2023-11-14,7.432084083557129
2023-11-16,7.532772541046143
2023-11-17,7.671219348907471
2023-11-20,7.316953182220459
2023-11-21,7.3578290939331055
2023-11-22,7.364643573760986
2023-11-23,7.3578290939331055
2023-11-24,7.1125688552856445
2023-11-27,7.133007526397705
2023-11-28,7.133007526397705
2023-11-29,7.092130184173584
2023-11-30,7.003564834594727
2023-12-01,7.085317611694336
2023-12-04,7.044439792633057
2023-12-05,7.085317611694336
2023-12-06,7.003564834594727
2023-12-07,6.983125686645508
2023-12-08,7.0103759765625
2023-12-11,7.044439792633057
2023-12-12,6.99675178527832
2023-12-13,7.139820575714111
2023-12-14,7.262450695037842
2023-12-15,7.133007526397705
2023-12-18,7.316953182220459
2023-12-19,7.235198974609375
2023-12-20,7.146632671356201
2023-12-21,7.303328037261963
2023-12-22,7.364643573760986
2023-12-26,7.364643573760986
2023-12-27,7.344203948974609
2023-12-28,7.398705959320068
2024-01-02,7.3373894691467285
2024-01-03,7.289700984954834
2024-01-04,7.221573352813721
2024-01-05,7.255638599395752
2024-01-08,7.282888889312744
2024-01-09,6.949061393737793
2024-01-10,6.812804698944092
2024-01-11,6.785553932189941
2024-01-12,6.778741359710693
2024-01-15,6.812804698944092
2024-01-16,6.649298667907715
2024-01-17,6.574357032775879
2024-01-18,6.608420372009277
2024-01-19,6.649298667907715
2024-01-22,6.615234375
2024-01-23,6.71742582321167
2024-01-24,6.840056419372559
2024-01-25,6.826430320739746
2024-01-26,6.867308139801025
2024-01-29,6.799180030822754
2024-01-30,6.785553932189941
2024-01-31,6.751490116119385
2024-02-01,6.710612773895264
2024-02-02,6.812804698944092
2024-02-05,6.799180030822754
2024-02-06,6.955873966217041
2024-02-07,6.962686538696289
2024-02-08,6.8332438468933105
2024-02-09,6.731051445007324
2024-02-14,6.669735908508301
2024-02-15,6.669735908508301
2024-02-16,6.80599308013916
2024-02-19,6.799180030822754
2024-02-20,6.846869945526123
2024-02-21,6.88093376159668
2024-02-22,6.908185005187988
2024-02-23,6.8332438468933105
2024-02-26,6.7923665046691895
2024-02-27,6.935435771942139
2024-02-28,6.88093376159668
2024-02-29,6.887745380401611
2024-03-01,7.0580668449401855
2024-03-04,6.982762336730957
2024-03-05,6.886919975280762
2024-03-06,6.743157386779785
2024-03-07,6.70892858505249
2024-03-08,6.70892858505249
2024-03-11,6.736311912536621
2024-03-12,6.784231185913086
2024-03-13,6.873228073120117
2024-03-14,6.70892858505249
2024-03-15,6.654160976409912
2024-03-18,6.750003337860107
2024-03-19,6.880075454711914
2024-03-20,6.975916385650635
2024-03-21,7.003298759460449
2024-03-22,6.893765926361084
2024-03-25,6.893765926361084
2024-03-26,6.886919975280762
2024-03-27,6.989607810974121
2024-03-28,7.044373512268066
2024-04-01,7.085450172424316
2024-04-02,7.188136577606201
2024-04-03,7.222365856170654
2024-04-04,7.352437973022461
2024-04-05,7.26344108581543
2024-04-08,7.414050579071045
2024-04-09,7.372974395751953
2024-04-10,7.331899166107178
2024-04-11,7.359283447265625
2024-04-12,7.194983005523682
2024-04-15,7.45512580871582
2024-04-16,7.249749660491943
2024-04-17,7.26344108581543
2024-04-18,7.297670841217041
2024-04-19,7.516737461090088
2024-04-22,7.6194257736206055
2024-04-23,7.393511772155762
2024-04-24,7.201828479766846
2024-04-25,7.126524448394775
2024-04-26,7.283979415893555
2024-04-29,7.297670841217041
2024-04-30,7.2429046630859375
2024-05-02,7.420896530151367
2024-05-03,7.817955017089844
2024-05-06,7.811107635498047
2024-05-07,7.742650508880615
2024-05-08,7.763187885284424
2024-05-09,7.715268135070801
2024-05-10,7.598888397216797
2024-05-13,7.687883377075195
2024-05-14,7.674192428588867
2024-05-15,7.8384928703308105
2024-05-16,7.956835746765137
2024-05-17,7.86633825302124
2024-05-20,7.761919021606445
2024-05-21,7.664458274841309
2024-05-22,7.511308670043945
2024-05-23,7.455617427825928
2024-05-24,7.622690677642822
2024-05-27,7.573960781097412
2024-05-28,7.483463764190674
2024-05-29,7.455617427825928
2024-05-31,7.455617427825928
2024-06-03,7.267661094665527
2024-06-04,7.211970806121826
2024-06-05,7.093627452850342
2024-06-06,7.086666107177734
2024-06-07,6.961361408233643
2024-06-10,6.94047737121582
2024-06-11,7.044897556304932
2024-06-12,7.051858425140381
2024-06-13,7.030974864959717
2024-06-14,6.954400062561035
2024-06-17,6.89174747467041
2024-06-18,6.9474382400512695
2024-06-19,7.051858425140381
2024-06-20,7.128434181213379
2024-06-21,7.198047161102295
2024-06-24,7.239816665649414
2024-06-25,7.239816665649414
2024-06-26,7.3233513832092285
2024-06-27,7.399927616119385
2024-06-28,7.413849830627441
2024-07-01,7.441695213317871
2024-07-02,7.532192230224609
2024-07-03,7.46258020401001
2024-07-04,7.434733867645264
2024-07-05,7.372082233428955
2024-07-08,7.3303141593933105
2024-07-09,7.344235897064209
2024-07-10,7.3233513832092285
2024-07-11,7.420811176300049
2024-07-12,7.469540596008301
2024-07-15,7.67838191986084
2024-07-16,7.761919021606445
2024-07-17,7.775841236114502
2024-07-18,7.650537014007568
2024-07-19,7.699265956878662
2024-07-22,7.747994899749756
2024-07-23,7.358160018920898
2024-07-24,7.288545608520508
2024-07-25,7.420811176300049
2024-07-26,7.392965793609619
2024-07-29,7.358160018920898
2024-07-30,7.316390514373779
2024-07-31,7.399927616119385
2024-08-01,7.379042148590088
2024-08-02,7.093627452850342
2024-08-05,6.975283145904541
2024-08-06,6.975283145904541
2024-08-07,6.933516025543213
2024-08-08,7.0100908279418945
2024-08-09,7.086666107177734
2024-08-12,7.128766059875488
2024-08-13,7.100699424743652
2024-08-14,7.079649448394775
2024-08-15,7.128766059875488
2024-08-16,7.058600425720215
2024-08-19,7.226995944976807
2024-08-20,7.212964057922363
2024-08-21,7.479590892791748
2024-08-22,7.374343395233154
2024-08-23,7.402408599853516
2024-08-26,7.451524257659912
2024-08-27,7.346277236938477
2024-08-28,7.248045921325684
2024-08-29,7.381359100341797
2024-08-30,7.360309600830078
2024-09-02,7.318210601806641
2024-09-03,7.135781288146973
2024-09-04,7.395392894744873
2024-09-05,7.416443347930908
2024-09-06,7.353294372558594
2024-09-09,7.51467227935791
2024-09-10,7.465557098388672
2024-09-11,7.528706073760986
2024-09-12,7.472574234008789
2024-09-13,7.556771278381348
2024-09-16,7.437491416931152
2024-09-17,7.521690368652344
2024-09-18,7.465557098388672
2024-09-19,7.486607074737549
2024-09-20,7.318210601806641
2024-09-23,7.269095420837402
2024-09-24,7.521690368652344
2024-09-25,7.416443347930908
2024-09-26,7.697102069854736
2024-09-27,7.626936912536621
2024-09-30,7.662019729614258
2024-10-01,7.626936912536621
2024-10-02,7.7883172035217285
2024-10-03,7.542739391326904
2024-10-04,7.619920253753662
2024-10-07,7.655003547668457
2024-10-08,7.535722732543945
2024-10-09,7.577820777893066
2024-10-10,7.63395357131958
2024-10-11,7.346277236938477
2024-10-14,7.395392894744873
2024-10-15,7.332243919372559
2024-10-16,7.241029262542725
2024-10-17,7.226995944976807
2024-10-18,7.241029262542725
2024-10-21,7.248045921325684
2024-10-22,7.163847923278809
2024-10-23,7.065617084503174
2024-10-24,7.072634220123291
2024-10-25,7.072634220123291
2024-10-28,7.15683126449585
2024-10-29,7.1848978996276855
2024-10-30,7.219979286193848
2024-10-31,7.2059478759765625
2024-11-01,7.135781288146973
2024-11-04,7.198930740356445
2024-11-05,7.28312873840332
2024-11-06,7.949697017669678
2024-11-07,8.139142036437988
2024-11-08,8.06196117401123
2024-11-11,8.054944038391113
2024-11-12,7.647987365722656
2024-11-13,7.732183933258057
2024-11-14,7.760251045227051
2024-11-18,7.746218204498291
2024-11-19,7.760416507720947
2024-11-21,7.696517467498779
2024-11-22,7.803019046783447
2024-11-25,7.937920093536377
2024-11-26,7.909520626068115
2024-11-27,7.966319561004639
2024-11-28,8.030220985412598
2024-11-29,8.136722564697266
2024-12-02,8.179325103759766
2024-12-03,8.292926788330078
2024-12-04,8.200623512268066
2024-12-05,8.314226150512695
2024-12-06,8.214823722839355
2024-12-09,8.456228256225586
2024-12-10,8.449129104614258
2024-12-11,8.378127098083496
2024-12-12,8.250323295593262
2024-12-13,8.023120880126953
2024-12-16,8.079922676086426
2024-12-17,8.193524360656738
2024-12-18,7.874019622802734
2024-12-19,7.810118675231934
2024-12-20,7.852719306945801
2024-12-23,7.540314197540283
2024-12-26,7.504814624786377
2024-12-27,7.327311038970947
2024-12-30,7.277610778808594
2025-01-02,7.178208827972412
2025-01-03,6.922605037689209
2025-01-06,7.149808406829834
2025-01-07,7.093007564544678
2025-01-08,6.951005458831787
2025-01-09,6.801903247833252
2025-01-10,6.681201457977295
2025-01-13,6.73090124130249
2025-01-14,6.73090124130249
2025-01-15,6.965205192565918
2025-01-16,6.780603408813477
2025-01-17,6.880003929138184
2025-01-20,6.972305774688721
2025-01-21,7.085906982421875
2025-01-22,6.936805248260498
2025-01-23,6.943904876708984
2025-01-24,6.965205192565918
2025-01-27,7.057506561279297
2025-01-28,7.050407409667969
2025-01-29,6.958105564117432
2025-01-30,7.121407985687256
2025-01-31,6.83030366897583
2025-02-03,6.979405403137207
2025-02-04,6.816103935241699
2025-02-05,6.723801612854004
2025-02-06,6.787703037261963
2025-02-07,6.638600826263428
2025-02-10,6.958105564117432
2025-02-11,6.993606090545654
2025-02-12,6.801903247833252
2025-02-13,6.794802665710449
2025-02-14,6.908404350280762
2025-02-17,6.837403774261475
2025-02-18,6.83030366897583
2025-02-19,6.787703037261963
2025-02-20,6.453997611999512
2025-02-21,6.354596138000488
2025-02-24,6.340395927429199
2025-02-25,6.340395927429199
2025-02-26,6.4752984046936035
2025-02-27,6.539198875427246
2025-02-28,6.510797500610352
2025-03-05,6.524998664855957
2025-03-06,6.560772895812988
2025-03-07,6.582188606262207
2025-03-10,6.567911624908447
2025-03-11,6.53935432434082
2025-03-12,6.467963695526123
2025-03-13,6.510798454284668
2025-03-14,6.682135581970215
2025-03-17,6.739247798919678
2025-03-18,6.746387481689453
2025-03-19,6.810637950897217
2025-03-20,6.7749433517456055
2025-03-21,6.732109069824219
2025-03-24,6.796360015869141
2025-03-25,6.846332550048828
2025-03-26,6.89630651473999
2025-03-27,6.889167308807373
2025-03-28,6.667857646942139
2025-03-31,6.389435291290283
2025-04-01,6.5964674949646
2025-04-02,6.475104808807373
2025-04-03,6.289488792419434
2025-04-04,5.961092948913574
2025-04-07,5.7183661460876465
2025-04-08,5.582724571228027
2025-04-09,5.896841526031494
2025-04-10,5.746921539306641
2025-04-11,5.825451850891113
2025-04-14,6.011066436767578
2025-04-15,5.903980731964111
2025-04-16,5.953954219818115
2025-04-17,5.925397872924805
2025-04-22,5.932536602020264
2025-04-23,5.996788024902344
2025-04-24,6.153846740722656
2025-04-25,6.132430076599121
2025-04-28,6.182403564453125
2025-04-29,6.153846740722656
2025-04-30,6.0039262771606445
2025-05-02,5.939676284790039
2025-05-05,5.889702796936035
2025-05-06,5.896841526031494
2025-05-07,5.832590579986572
2025-05-08,5.961092948913574
2025-05-09,5.946677207946777
2025-05-12,6.069214820861816
2025-05-13,6.220584392547607
2025-05-14,6.198960781097412
2025-05-15,6.249416828155518
2025-05-16,6.2638325691223145
2025-05-19,6.220584392547607
2025-05-20,6.198960781097412
2025-05-21,6.126879692077637
2025-05-22,6.119671821594238
2025-05-23,6.134087562561035
2025-05-26,6.191752910614014
2025-05-27,6.371954441070557
2025-05-28,6.2710418701171875
2025-05-29,6.299873352050781
2025-05-30,6.025966167449951
2025-06-02,6.33591365814209
2025-06-03,6.436827659606934
2025-06-04,6.41520357131958
2025-06-05,6.617029666900635
2025-06-06,6.645862102508545
2025-06-09,6.991849899291992
2025-06-10,6.98464298248291
2025-06-11,6.710735321044922
2025-06-12,6.667487144470215
2025-06-13,6.624238967895508
2025-06-16,6.674694538116455
2025-06-17,6.624238967895508
2025-06-18,6.609821319580078
2025-06-20,6.4224114418029785
2025-06-23,6.451243877410889
2025-06-24,6.436827659606934
2025-06-25,6.314290523529053
2025-06-26,6.429619789123535
2025-06-27,6.35753870010376
2025-06-30,6.436827659606934
2025-07-01,6.436827659606934
2025-07-02,6.645862102508545
2025-07-03,6.7467756271362305
2025-07-04,6.753984451293945
2025-07-07,6.797232627868652
2025-07-08,6.797232627868652
2025-07-09,6.782816410064697
2025-07-10,6.818856716156006
2025-07-11,6.71794319152832
2025-07-14,6.71794319152832
2025-07-15,6.6386542320251465
2025-07-16,6.660278797149658
2025-07-17,6.5377421379089355
2025-07-18,6.487283706665039
2025-07-21,6.710735321044922
2025-07-22,6.775608062744141
2025-07-23,6.941394329071045
2025-07-24,6.941394329071045
2025-07-25,6.876521110534668
2025-07-28,6.7467756271362305
2025-07-29,6.710735321044922
2025-07-30,6.8332719802856445
2025-07-31,6.753984451293945
2025-08-01,6.480076313018799
2025-08-04,6.523324966430664
2025-08-05,6.494492053985596
2025-08-06,6.41520357131958
2025-08-07,6.508908748626709
2025-08-08,6.580990314483643
2025-08-11,6.573781490325928
2025-08-12,6.653772830963135
2025-08-13,6.661044120788574
2025-08-14,6.595598220825195
2025-08-15,6.610141277313232
2025-08-18,6.675588130950928
2025-08-19,6.566510200500488
2025-08-20,6.5374226570129395
2025-08-21,6.479247570037842
2025-08-22,6.697403907775879
2025-08-25,6.799210548400879
2025-08-26,6.821025371551514
2025-08-27,6.864657402038574
2025-08-28,6.87192964553833
2025-08-29,6.879201412200928
2025-09-01,6.908288955688477
2025-09-02,6.915560722351074
2025-09-03,6.821025371551514
2025-09-04,6.930103778839111
2025-09-05,7.090085983276367
2025-09-08,7.148260593414307
2025-09-09,7.046454429626465
2025-09-10,6.937376022338867
2025-09-11,6.981008052825928
2025-09-12,6.726491451263428
2025-09-15,6.901016712188721
2025-09-16,6.915560722351074
2025-09-17,6.959191799163818
2025-09-18,6.966464042663574
2025-09-19,6.922832489013672
2025-09-22,6.944648742675781
2025-09-23,7.039182186126709
2025-09-24,6.981008052825928
2025-09-25,6.922832489013672
2025-09-26,6.922832489013672
2025-09-29,6.995551586151123
2025-09-30,6.922832489013672
2025-10-01,7.090085983276367
2025-10-02,7.162804126739502
2025-10-03,7.2791547775268555
2025-10-06,7.308242321014404
2025-10-07,7.162804126739502
2025-10-08,7.3300580978393555
2025-10-09,7.344602108001709
2025-10-10,7.300970554351807
2025-10-13,7.453680515289307
2025-10-14,7.446408271789551
2025-10-15,7.562758922576904
2025-10-16,7.4318647384643555
2025-10-17,7.5263991355896
2025-10-20,7.628204822540283
2025-10-21,7.650020599365234
2025-10-22,7.577301979064941
2025-10-23,7.613661289215088
2025-10-24,7.635476589202881
2025-10-27,7.60638952255249
2025-10-28,7.730011940002441
2025-10-29,8.042702674865723
2025-10-30,7.889993190765381
2025-10-31,8.064517974853516
2025-11-03,7.948167324066162
2025-11-04,7.904536247253418
2025-11-05,8.115421295166016
2025-11-06,8.064517974853516
2025-11-07,8.07179069519043
2025-11-10,8.108149528503418
2025-11-11,8.093354225158691
2025-11-12,8.13034439086914
2025-11-13,8.01937484741211
2025-11-14,8.004578590393066
2025-11-17,7.945394992828369
2025-11-18,7.9158034324646
2025-11-19,7.834425926208496
2025-11-21,7.871415615081787
2025-11-24,7.967587947845459
2025-11-25,8.004578590393066
2025-11-26,8.18952751159668
2025-11-27,8.15253734588623
2025-11-28,8.137742042541504
2025-12-01,8.182129859924316
2025-12-02,8.182129859924316
2025-12-03,8.426261901855469
2025-12-04,8.470649719238281
2025-12-05,8.226516723632812
2025-12-08,8.18952751159668
2025-12-09,8.248711585998535
2025-12-10,8.433658599853516
2025-12-11,8.52983283996582
2025-12-12,8.52983283996582
2025-12-15,8.685189247131348
2025-12-16,8.818352699279785
2025-12-17,8.773964881896973
2025-12-18,8.870138168334961
2025-12-19,8.837861061096191
2025-12-22,8.926633834838867
2025-12-23,8.95622444152832
2025-12-26,8.985815048217773
2025-12-29,8.818132400512695
2025-12-30,8.877315521240234
