date,close
2010-12-01,18.673200607299805
2010-12-02,18.157665252685547
2010-12-03,18.01036262512207
2010-12-06,17.37430763244629
2010-12-07,17.26719093322754
2010-12-08,16.771732330322266
2010-12-09,16.604351043701172
2010-12-10,17.139972686767578
2010-12-13,17.50152015686035
2010-12-14,17.07302474975586
2010-12-15,16.570871353149414
2010-12-16,16.40349006652832
2010-12-17,16.50391960144043
2010-12-20,15.466154098510742
2010-12-21,15.533100128173828
2010-12-22,15.064436912536621
2010-12-23,15.064436912536621
2010-12-27,14.689501762390137
2010-12-28,14.555593490600586
2010-12-29,14.997478485107422
2010-12-30,15.08452033996582
2011-01-03,14.863577842712402
2011-01-04,14.327945709228516
2011-01-05,14.495322227478027
2011-01-06,14.093615531921387
2011-01-07,14.327945709228516
2011-01-10,14.622544288635254
2011-01-11,14.830098152160645
2011-01-12,15.05773639678955
2011-01-13,14.622544288635254
2011-01-14,14.562284469604492
2011-01-17,14.863577842712402
2011-01-18,14.964000701904297
2011-01-19,14.629233360290527
2011-01-20,14.327945709228516
2011-01-21,14.127089500427246
2011-01-24,14.026662826538086
2011-01-26,13.778932571411133
2011-01-27,13.517818450927734
2011-01-28,13.290176391601562
2011-01-31,13.28348159790039
2011-02-01,13.136185646057129
2011-02-02,12.647428512573242
2011-02-03,12.285881996154785
2011-02-04,12.08502197265625
2011-02-07,12.339442253112793
2011-02-08,12.700987815856934
2011-02-09,12.372920989990234
2011-02-10,12.319357872009277
2011-02-11,12.721075057983398
2011-02-14,13.042447090148926
2011-02-15,12.988889694213867
2011-02-16,12.988889694213867
2011-02-17,12.533611297607422
2011-02-18,12.687602043151855
2011-02-21,12.520215034484863
2011-02-22,12.26579761505127
2011-02-23,12.06493854522705
2011-02-24,12.06493854522705
2011-02-25,12.687602043151855
2011-02-28,12.721075057983398
2011-03-01,12.319357872009277
2011-03-02,12.285881996154785
2011-03-03,12.660821914672852
2011-03-04,12.453262329101562
2011-03-09,12.453262329101562
2011-03-10,11.984591484069824
2011-03-11,12.051546096801758
2011-03-14,12.319357872009277
2011-03-15,12.319357872009277
2011-03-16,12.426486015319824
2011-03-17,12.486738204956055
2011-03-18,13.25670337677002
2011-03-21,13.611551284790039
2011-03-22,13.678508758544922
2011-03-23,13.725372314453125
2011-03-24,13.86596965789795
2011-03-25,13.953009605407715
2011-03-28,14.435070991516113
2011-03-29,14.260993003845215
2011-03-30,14.260993003845215
2011-03-31,14.42837142944336
2011-04-01,14.42837142944336
2011-04-04,14.662714004516602
2011-04-05,14.662714004516602
2011-04-06,14.100303649902344
2011-04-07,14.36142349243164
2011-04-08,13.932923316955566
2011-04-11,14.053442001342773
2011-04-12,13.859277725219727
2011-04-13,13.551292419433594
2011-04-14,13.65841293334961
2011-04-15,13.524511337280273
2011-04-18,13.524511337280273
2011-04-19,14.227519989013672
2011-04-20,14.167256355285645
2011-04-25,14.13378620147705
2011-04-26,13.75885009765625
2011-04-27,13.457561492919922
2011-04-28,13.591465950012207
2011-04-29,14.127089500427246
2011-05-02,13.722647666931152
2011-05-03,13.534103393554688
2011-05-04,13.33210563659668
2011-05-05,13.224371910095215
2011-05-06,13.641841888427734
2011-05-09,12.120099067687988
2011-05-10,12.120099067687988
2011-05-11,11.372693061828613
2011-05-12,10.955222129821777
2011-05-13,10.706088066101074
2011-05-16,10.706088066101074
2011-05-17,10.605085372924805
2011-05-18,10.706088066101074
2011-05-19,10.773421287536621
2011-05-20,10.948490142822266
2011-05-23,10.773421287536621
2011-05-24,10.854220390319824
2011-05-25,10.78015422821045
2011-05-26,10.672418594360352
2011-05-27,10.254951477050781
2011-05-30,10.254951477050781
2011-05-31,9.999079704284668
2011-06-01,10.032748222351074
2011-06-02,10.537751197814941
2011-06-03,10.571419715881348
2011-06-06,10.308816909790039
2011-06-07,10.564687728881836
2011-06-08,10.706088066101074
2011-06-09,10.504085540771484
2011-06-10,10.490618705749512
2011-06-13,10.403085708618164
2011-06-14,10.329021453857422
2011-06-15,10.268416404724121
2011-06-16,10.02601432800293
2011-06-17,9.864413261413574
2011-06-20,9.864413261413574
2011-06-21,9.770146369934082
2011-06-22,9.837478637695312
2011-06-24,9.743212699890137
2011-06-27,9.830742835998535
2011-06-28,10.100083351135254
2011-06-29,10.120280265808105
2011-06-30,9.89808177947998
2011-07-01,9.972148895263672
2011-07-04,10.174151420593262
2011-07-05,10.032748222351074
2011-07-06,9.716279983520508
2011-07-07,9.352675437927246
2011-07-08,9.076605796813965
2011-07-11,8.692804336547852
2011-07-12,8.686067581176758
2011-07-13,8.793804168701172
2011-07-14,8.91500473022461
2011-07-15,8.85440444946289
2011-07-18,8.787070274353027
2011-07-19,8.955404281616211
2011-07-20,8.773605346679688
2011-07-21,8.484066009521484
2011-07-22,8.733203887939453
2011-07-25,8.463869094848633
2011-07-26,8.093533515930176
2011-07-27,7.60872745513916
2011-07-28,7.97906494140625
2011-07-29,7.911730766296387
2011-08-01,8.019465446472168
2011-08-02,7.373061656951904
2011-08-03,7.474059581756592
2011-08-04,7.352860927581787
2011-08-05,7.575062274932861
2011-08-08,6.975788116455078
2011-08-09,7.137390613555908
2011-08-10,7.406728744506836
2011-08-11,7.844394207000732
2011-08-12,7.588526725769043
2011-08-15,7.588526725769043
2011-08-16,7.676060676574707
2011-08-17,7.972329139709473
2011-08-18,7.844394207000732
2011-08-19,7.97906494140625
2011-08-22,8.073328971862793
2011-08-23,8.71973705291748
2011-08-24,8.369600296020508
2011-08-25,8.080066680908203
2011-08-26,8.214733123779297
2011-08-29,8.416735649108887
2011-08-30,8.71973705291748
2011-08-31,8.982340812683105
2011-09-01,9.278609275817871
2011-09-02,9.090071678161621
2011-09-05,8.888073921203613
2011-09-06,9.292076110839844
2011-09-08,9.271876335144043
2011-09-09,8.645671844482422
2011-09-12,8.484066009521484
2011-09-13,8.383069038391113
2011-09-14,8.356134414672852
2011-09-15,8.12720012664795
2011-09-16,8.059865951538086
2011-09-19,7.615461826324463
2011-09-20,7.440392017364502
2011-09-21,7.3191938400268555
2011-09-22,7.016191482543945
2011-09-23,7.029656887054443
2011-09-26,7.204728126525879
2011-09-27,7.00945520401001
2011-09-28,6.841121196746826
2011-09-29,6.558316230773926
2011-09-30,5.952314853668213
2011-10-03,5.716646194458008
2011-10-04,5.521376609802246
2011-10-05,5.507913112640381
2011-10-06,5.7233805656433105
2011-10-07,5.521376609802246
2011-10-10,5.487710475921631
2011-10-11,5.649312496185303
2011-10-13,5.790714263916016
2011-10-14,6.0735182762146
2011-10-17,6.100449085235596
2011-10-18,6.100449085235596
2011-10-19,6.558316230773926
2011-10-20,6.255316734313965
2011-10-21,6.134117603302002
2011-10-24,6.457319736480713
2011-10-25,6.457319736480713
2011-10-26,6.457319736480713
2011-10-27,6.457319736480713
2011-10-28,6.544854164123535
2011-10-31,6.672785758972168
2011-11-01,5.797448635101318
2011-11-03,5.911913871765137
2011-11-04,5.656046390533447
2011-11-07,5.171241760253906
2011-11-08,5.454043865203857
2011-11-09,5.319376468658447
2011-11-10,5.319376468658447
2011-11-11,5.615645408630371
2011-11-14,5.588710784912109
2011-11-16,5.656046390533447
2011-11-17,5.460776329040527
2011-11-18,5.447310447692871
2011-11-21,5.447310447692871
2011-11-22,5.252042770385742
2011-11-23,5.036574363708496
2011-11-24,5.238576889038086
2011-11-25,5.413644790649414
2011-11-28,5.7368483543396
2011-11-29,5.353044033050537
2011-11-30,5.487710475921631
2011-12-01,5.7099127769470215
2011-12-02,5.649312496185303
2011-12-05,5.898447513580322
2011-12-06,5.959049701690674
2011-12-07,5.992714881896973
2011-12-08,5.992714881896973
2011-12-09,5.925381183624268
2011-12-12,5.925381183624268
2011-12-13,5.622378349304199
2011-12-14,5.83784818649292
2011-12-15,5.891715049743652
2011-12-16,6.01964807510376
2011-12-19,5.7233805656433105
2011-12-20,5.94558048248291
2011-12-21,5.7233805656433105
2011-12-22,5.831114292144775
2011-12-23,5.817646503448486
2011-12-26,5.918647766113281
2011-12-27,5.992714881896973
2011-12-28,5.7435808181762695
2011-12-29,5.7233805656433105
2012-01-02,6.060049533843994
2012-01-03,6.262049198150635
2012-01-04,6.423652172088623
2012-01-05,6.329383373260498
2012-01-06,6.901724338531494
2012-01-09,6.995991230010986
2012-01-10,7.191256999969482
2012-01-11,7.070056915283203
2012-01-12,6.908457279205322
2012-01-13,6.659319877624512
2012-01-16,6.659319877624512
2012-01-17,6.659319877624512
2012-01-18,7.137390613555908
2012-01-19,7.615461826324463
2012-01-20,7.743396282196045
2012-01-23,7.7837982177734375
2012-01-24,7.642396450042725
2012-01-26,7.359594821929932
2012-01-27,7.070056915283203
2012-01-30,7.177789688110352
2012-01-31,7.150860786437988
2012-02-01,7.292260646820068
2012-02-02,7.554862976074219
2012-02-03,7.676060676574707
2012-02-06,7.541393756866455
2012-02-07,7.777064323425293
2012-02-08,7.878064155578613
2012-02-09,8.093533515930176
2012-02-10,8.039663314819336
2012-02-13,8.039663314819336
2012-02-14,8.248400688171387
2012-02-15,8.71973705291748
2012-02-16,8.760136604309082
2012-02-17,8.43019962310791
2012-02-23,8.073328971862793
2012-02-24,7.6491289138793945
2012-02-27,7.406728744506836
2012-02-28,7.588526725769043
2012-02-29,7.527926445007324
2012-03-01,7.810731887817383
2012-03-02,8.147398948669434
2012-03-05,7.904996871948242
2012-03-06,7.655861854553223
2012-03-07,7.878064155578613
2012-03-08,8.02619457244873
2012-03-09,7.7097272872924805
2012-03-12,7.898262023925781
2012-03-13,8.410001754760742
2012-03-14,8.410001754760742
2012-03-15,8.376333236694336
2012-03-16,8.167598724365234
2012-03-19,8.167598724365234
2012-03-20,8.511001586914062
2012-03-21,8.733203887939453
2012-03-22,8.733203887939453
2012-03-23,8.71973705291748
2012-03-26,8.807271957397461
2012-03-27,8.699535369873047
2012-03-28,8.585070610046387
2012-03-29,8.6120023727417
2012-03-30,8.65240478515625
2012-04-02,8.672602653503418
2012-04-03,8.457137107849121
2012-04-04,8.484066009521484
2012-04-05,8.605268478393555
2012-04-09,8.517733573913574
2012-04-10,8.268598556518555
2012-04-11,8.268598556518555
2012-04-12,8.181065559387207
2012-04-13,8.383069038391113
2012-04-16,8.470601081848145
2012-04-17,8.416735649108887
2012-04-18,8.416735649108887
2012-04-19,8.383069038391113
2012-04-20,8.329203605651855
2012-04-23,8.154134750366211
2012-04-24,8.167598724365234
2012-04-25,8.181065559387207
2012-04-26,8.255131721496582
2012-04-27,8.20799732208252
2012-04-30,8.234935760498047
2012-05-02,8.234935760498047
2012-05-03,8.275333404541016
2012-05-04,8.073328971862793
2012-05-07,8.537939071655273
2012-05-08,8.33593463897705
2012-05-09,8.106999397277832
2012-05-10,8.181065559387207
2012-05-11,8.16086483001709
2012-05-14,7.965595245361328
2012-05-15,7.797262668609619
2012-05-16,7.797262668609619
2012-05-17,7.844394207000732
2012-05-18,7.729929447174072
2012-05-21,7.729929447174072
2012-05-22,7.11046028137207
2012-05-23,7.11046028137207
2012-05-24,6.921922206878662
2012-05-25,7.2383928298950195
2012-05-28,7.379791259765625
2012-05-29,7.191256999969482
2012-05-30,7.076793193817139
2012-05-31,7.4269256591796875
2012-06-01,7.002724647521973
2012-06-04,7.204728126525879
2012-06-05,7.070056915283203
2012-06-06,7.278791904449463
2012-06-08,7.500995635986328
2012-06-11,7.474059581756592
2012-06-12,7.777064323425293
2012-06-13,8.086798667907715
2012-06-14,8.053133010864258
2012-06-15,8.100263595581055
2012-06-18,8.100263595581055
2012-06-19,8.080066680908203
2012-06-20,8.147398948669434
2012-06-21,8.059865951538086
2012-06-22,8.012731552124023
2012-06-25,8.080066680908203
2012-06-26,7.911730766296387
2012-06-27,7.777064323425293
2012-06-28,7.7097272872924805
2012-06-29,7.9925312995910645
2012-07-02,7.931928634643555
2012-07-03,8.282064437866211
2012-07-04,8.282064437866211
2012-07-05,8.241668701171875
2012-07-06,8.187800407409668
2012-07-10,7.97906494140625
2012-07-11,8.086798667907715
2012-07-12,8.147398948669434
2012-07-13,8.059865951538086
2012-07-16,8.059865951538086
2012-07-17,8.416735649108887
2012-07-18,8.686067581176758
2012-07-19,8.955404281616211
2012-07-20,8.70627212524414
2012-07-23,8.457137107849121
2012-07-24,8.282064437866211
2012-07-25,8.22819995880127
2012-07-26,8.71973705291748
2012-07-27,8.975604057312012
2012-07-30,8.935205459594727
2012-07-31,8.686067581176758
2012-08-01,8.955404281616211
2012-08-02,8.787070274353027
2012-08-03,9.35941219329834
2012-08-06,9.561410903930664
2012-08-07,9.561410903930664
2012-08-08,9.561410903930664
2012-08-09,9.366140365600586
2012-08-10,9.366140365600586
2012-08-13,9.271876335144043
2012-08-14,9.177607536315918
2012-08-15,9.090071678161621
2012-08-16,9.446945190429688
2012-08-17,9.40654468536377
2012-08-20,9.39307689666748
2012-08-21,9.184342384338379
2012-08-22,9.292076110839844
2012-08-23,9.22474193572998
2012-08-24,9.197808265686035
2012-08-27,9.22474193572998
2012-08-28,9.22474193572998
2012-08-29,9.056405067443848
2012-08-30,9.110271453857422
2012-08-31,8.85440444946289
2012-09-03,9.00253963470459
2012-09-04,8.753405570983887
2012-09-05,8.65240478515625
2012-09-06,9.157402992248535
2012-09-10,9.056405067443848
2012-09-11,9.386343955993652
2012-09-12,9.379608154296875
2012-09-13,9.37287712097168
2012-09-14,9.35941219329834
2012-09-17,9.197808265686035
2012-09-18,9.440210342407227
2012-09-19,9.6422119140625
2012-09-20,9.965412139892578
2012-09-21,9.999079704284668
2012-09-24,10.113547325134277
2012-09-25,10.005813598632812
2012-09-26,10.133748054504395
2012-09-27,10.100083351135254
2012-09-28,10.02601432800293
2012-10-01,10.100083351135254
2012-10-02,10.322284698486328
2012-10-03,10.36268424987793
2012-10-04,10.443485260009766
2012-10-05,10.497350692749023
2012-10-08,10.726284980773926
2012-10-09,10.854220390319824
2012-10-10,10.867688179016113
2012-10-11,10.935025215148926
2012-10-15,11.231290817260742
2012-10-16,11.318825721740723
2012-10-17,11.413094520568848
2012-10-18,11.493892669677734
2012-10-19,11.345758438110352
2012-10-22,11.413094520568848
2012-10-23,11.345758438110352
2012-10-24,11.042753219604492
2012-10-25,10.793623924255371
2012-10-26,10.510819435119629
2012-10-29,10.712820053100586
2012-10-30,10.840752601623535
2012-10-31,10.874424934387207
2012-11-01,10.955222129821777
2012-11-05,10.975420951843262
2012-11-06,11.089888572692871
2012-11-07,10.827289581298828
2012-11-08,10.537751197814941
2012-11-09,10.31554889678955
2012-11-12,10.268416404724121
2012-11-13,10.302082061767578
2012-11-14,9.864413261413574
2012-11-16,10.01254653930664
2012-11-19,10.349218368530273
2012-11-21,10.382885932922363
2012-11-22,10.342483520507812
2012-11-23,10.470419883728027
2012-11-26,10.416552543640137
2012-11-27,10.167418479919434
2012-11-28,10.537751197814941
2012-11-29,10.658952713012695
2012-11-30,10.369418144226074
2012-12-03,10.302082061767578
2012-12-04,10.180882453918457
2012-12-05,10.302082061767578
2012-12-06,10.591621398925781
2012-12-07,10.517552375793457
2012-12-10,10.46368408203125
2012-12-11,10.531020164489746
2012-12-12,10.517552375793457
2012-12-13,11.123557090759277
2012-12-14,10.908087730407715
2012-12-17,10.840752601623535
2012-12-18,11.049488067626953
2012-12-19,11.0090913772583
2012-12-20,11.103357315063477
2012-12-21,10.941756248474121
2012-12-26,10.948490142822266
2012-12-27,11.157220840454102
2012-12-28,11.190892219543457
2013-01-02,11.204358100891113
2013-01-03,11.211090087890625
2013-01-04,11.062956809997559
2013-01-07,11.062956809997559
2013-01-08,10.96868896484375
2013-01-09,11.015826225280762
2013-01-10,11.0090913772583
2013-01-11,10.88788890838623
2013-01-14,10.921552658081055
2013-01-15,11.03602123260498
2013-01-16,11.0090913772583
2013-01-17,10.941756248474121
2013-01-18,10.88788890838623
2013-01-21,10.908087730407715
2013-01-22,10.908087730407715
2013-01-23,11.312092781066895
2013-01-24,11.096623420715332
2013-01-28,11.130291938781738
2013-01-29,11.076424598693848
2013-01-30,11.02928638458252
2013-01-31,11.581428527832031
2013-02-01,11.65549373626709
2013-02-04,11.783430099487305
2013-02-05,12.173965454101562
2013-02-06,12.180700302124023
2013-02-07,12.019095420837402
2013-02-08,11.95849609375
2013-02-13,12.059499740600586
2013-02-14,12.046027183532715
2013-02-15,11.945029258728027
2013-02-18,11.588163375854492
2013-02-19,11.446761131286621
2013-02-20,11.332293510437012
2013-02-21,11.157220840454102
2013-02-22,11.244756698608398
2013-02-25,11.392892837524414
2013-02-26,11.574694633483887
2013-02-27,11.682430267333984
2013-02-28,11.776694297790527
2013-03-01,11.783430099487305
2013-03-04,11.810364723205566
2013-03-05,11.648759841918945
2013-03-06,11.850762367248535
2013-03-07,12.187433242797852
2013-03-08,12.160494804382324
2013-03-11,12.1268310546875
2013-03-12,11.978696823120117
2013-03-13,11.776694297790527
2013-03-14,11.60836124420166
2013-03-15,11.466958999633789
2013-03-18,11.318825721740723
2013-03-19,11.25149154663086
2013-03-20,11.35922622680664
2013-03-21,11.163957595825195
2013-03-22,11.190892219543457
2013-03-25,10.847489356994629
2013-03-26,11.177421569824219
2013-03-27,11.110090255737305
2013-03-28,10.699352264404297
2013-04-01,10.58488655090332
2013-04-02,10.389616966247559
2013-04-03,10.369418144226074
2013-04-04,10.302082061767578
2013-04-05,10.470419883728027
2013-04-08,10.665685653686523
2013-04-09,10.665685653686523
2013-04-10,11.015826225280762
2013-04-11,10.773421287536621
2013-04-12,10.759954452514648
2013-04-15,10.335750579833984
2013-04-16,10.544485092163086
2013-04-17,10.174151420593262
2013-04-18,10.403085708618164
2013-04-19,10.874424934387207
2013-04-22,10.638752937316895
2013-04-23,10.820551872253418
2013-04-24,10.685888290405273
2013-04-25,10.699352264404297
2013-04-26,10.699352264404297
2013-04-29,10.679152488708496
2013-04-30,10.827289581298828
2013-05-02,10.494927406311035
2013-05-03,10.753390312194824
2013-05-06,11.25671100616455
2013-05-07,11.37233829498291
2013-05-08,11.528779029846191
2013-05-09,11.569585800170898
2013-05-10,11.453959465026855
2013-05-13,11.494771957397461
2013-05-14,11.467560768127441
2013-05-15,11.542380332946777
2013-05-16,11.671613693237305
2013-05-17,11.712423324584961
2013-05-20,11.834853172302246
2013-05-21,11.91646957397461
2013-05-22,12.032096862792969
2013-05-23,11.875658988952637
2013-05-24,11.800844192504883
2013-05-27,11.957279205322266
2013-05-28,12.079708099365234
2013-05-29,11.902867317199707
2013-05-31,11.658008575439453
2013-06-03,11.596794128417969
2013-06-04,11.501568794250488
2013-06-05,11.426753044128418
2013-06-06,11.37233829498291
2013-06-07,11.297521591186523
2013-06-10,11.215902328491211
2013-06-11,10.950634002685547
2013-06-12,10.90982723236084
2013-06-13,10.862215042114258
2013-06-14,10.726184844970703
2013-06-17,10.746588706970215
2013-06-18,10.556142807006836
2013-06-19,10.399703979492188
2013-06-20,10.100431442260742
2013-06-21,9.801158905029297
2013-06-24,9.726343154907227
2013-06-25,9.84196949005127
2013-06-26,9.86917781829834
2013-06-27,9.89638614654541
2013-06-28,9.862375259399414
2013-07-01,10.059624671936035
2013-07-02,9.801158905029297
2013-07-03,9.930388450622559
2013-07-04,10.066422462463379
2013-07-05,10.338485717773438
2013-07-08,9.99841022491455
2013-07-10,10.338485717773438
2013-07-11,10.494927406311035
2013-07-12,10.19565486907959
2013-07-15,10.481324195861816
2013-07-16,10.508532524108887
2013-07-17,10.814605712890625
2013-07-18,11.154684066772461
2013-07-19,11.270310401916504
2013-07-22,11.16828727722168
2013-07-23,11.147883415222168
2013-07-24,11.025452613830566
2013-07-25,11.195497512817383
2013-07-26,11.195497512817383
2013-07-29,11.290718078613281
2013-07-30,11.25671100616455
2013-07-31,11.229500770568848
2013-08-01,11.290718078613281
2013-08-02,11.277117729187012
2013-08-05,11.494771957397461
2013-08-06,11.447158813476562
2013-08-07,11.474363327026367
2013-08-08,11.562785148620605
2013-08-09,11.848454475402832
2013-08-12,11.800844192504883
2013-08-13,11.821249961853027
2013-08-14,11.807645797729492
2013-08-15,11.726024627685547
2013-08-16,11.569585800170898
2013-08-19,11.311124801635742
2013-08-20,11.263510704040527
2013-08-21,11.032254219055176
2013-08-22,10.977843284606934
2013-08-23,11.345131874084473
2013-08-26,11.059464454650879
2013-08-27,10.814605712890625
2013-08-28,10.882621765136719
2013-08-29,11.07986831665039
2013-08-30,11.073066711425781
2013-09-02,11.304325103759766
2013-09-03,11.093470573425293
2013-09-04,11.324726104736328
2013-09-05,11.481164932250977
2013-09-06,11.562785148620605
2013-09-09,11.821249961853027
2013-09-10,11.794041633605957
2013-09-11,11.800844192504883
2013-09-12,11.780437469482422
2013-09-13,11.875658988952637
2013-09-16,11.9708833694458
2013-09-17,12.025296211242676
2013-09-18,12.562623023986816
2013-09-19,12.610237121582031
2013-09-20,12.50821304321289
2013-09-23,12.474206924438477
2013-09-24,12.474206924438477
2013-09-25,12.378983497619629
2013-09-26,12.215744972229004
2013-09-27,12.140922546386719
2013-09-30,12.161327362060547
2013-10-01,12.351771354675293
2013-10-02,12.358575820922852
2013-10-03,12.331368446350098
2013-10-04,12.310966491699219
2013-10-07,12.515015602111816
2013-10-08,12.50821304321289
2013-10-09,12.671452522277832
2013-10-10,12.99112606048584
2013-10-11,13.195181846618652
2013-10-14,13.521656036376953
2013-10-15,13.453639030456543
2013-10-16,13.385625839233398
2013-10-17,13.480844497680664
2013-10-18,13.446843147277832
2013-10-21,13.378825187683105
2013-10-22,13.5556640625
2013-10-23,13.433236122131348
2013-10-24,13.385625839233398
2013-10-25,13.263191223144531
2013-10-28,13.344817161560059
2013-10-29,13.372020721435547
2013-10-30,13.263191223144531
2013-10-31,13.3380126953125
2013-11-01,13.351615905761719
2013-11-04,13.542061805725098
2013-11-05,13.433236122131348
2013-11-06,13.263191223144531
2013-11-07,12.8414945602417
2013-11-08,12.657851219177246
2013-11-11,12.610237121582031
2013-11-12,12.453797340393066
2013-11-13,12.583033561706543
2013-11-14,12.997933387756348
2013-11-18,13.079550743103027
2013-11-19,12.95711612701416
2013-11-21,12.861899375915527
2013-11-22,12.753071784973145
2013-11-25,12.610237121582031
2013-11-26,12.54902458190918
2013-11-27,12.732669830322266
2013-11-28,12.787077903747559
2013-11-29,12.95711612701416
2013-12-02,12.807485580444336
2013-12-03,12.800683975219727
2013-12-04,12.515015602111816
2013-12-05,12.583033561706543
2013-12-06,12.562623023986816
2013-12-09,12.651044845581055
2013-12-10,12.555822372436523
2013-12-11,12.426591873168945
2013-12-12,12.256555557250977
2013-12-13,12.106915473937988
2013-12-16,12.140922546386719
2013-12-17,12.004892349243164
2013-12-18,12.195340156555176
2013-12-19,12.270159721374512
2013-12-20,12.195340156555176
2013-12-23,12.038901329040527
2013-12-26,11.991288185119629
2013-12-27,12.038901329040527
2013-12-30,12.004892349243164
2014-01-02,11.88245964050293
2014-01-03,12.11371898651123
2014-01-06,11.780437469482422
2014-01-07,11.814445495605469
2014-01-08,11.678414344787598
2014-01-09,11.358735084533691
2014-01-10,11.385944366455078
2014-01-13,11.392745018005371
2014-01-14,11.338329315185547
2014-01-15,11.37913990020752
2014-01-16,11.22270393371582
2014-01-17,10.848611831665039
2014-01-20,10.62415885925293
2014-01-21,10.760193824768066
2014-01-22,11.086668968200684
2014-01-23,11.005049705505371
2014-01-24,10.760193824768066
2014-01-27,10.57654857635498
2014-01-28,10.678572654724121
2014-01-29,10.433716773986816
2014-01-30,10.372498512268066
2014-01-31,10.372498512268066
2014-02-03,10.202458381652832
2014-02-04,10.284075736999512
2014-02-05,10.25687026977539
2014-02-06,10.372498512268066
2014-02-07,10.57654857635498
2014-02-10,10.44051456451416
2014-02-11,10.678572654724121
2014-02-12,10.5425386428833
2014-02-13,10.590150833129883
2014-02-14,10.515335083007812
2014-02-17,10.318085670471191
2014-02-18,10.202458381652832
2014-02-19,10.209258079528809
2014-02-20,10.277277946472168
2014-02-21,10.284075736999512
2014-02-24,10.168448448181152
2014-02-25,10.086830139160156
2014-02-26,10.168448448181152
2014-02-27,10.284075736999512
2014-02-28,9.882781982421875
2014-03-05,9.794360160827637
2014-03-06,9.875977516174316
2014-03-07,10.168448448181152
2014-03-10,10.086830139160156
2014-03-11,10.277277946472168
2014-03-12,10.324886322021484
2014-03-13,10.549341201782227
2014-03-14,10.406505584716797
2014-03-17,10.406505584716797
2014-03-18,10.807802200317383
2014-03-19,10.869017601013184
2014-03-20,10.869017601013184
2014-03-21,10.950634002685547
2014-03-24,11.032254219055176
2014-03-25,11.16828727722168
2014-03-26,10.943836212158203
2014-03-27,11.358735084533691
2014-03-28,11.283918380737305
2014-03-31,11.161486625671387
2014-04-01,10.937037467956543
2014-04-02,11.12067985534668
2014-04-03,10.950634002685547
2014-04-04,11.01865291595459
2014-04-07,11.16828727722168
2014-04-08,11.324726104736328
2014-04-09,11.270310401916504
2014-04-10,11.086668968200684
2014-04-11,11.059464454650879
2014-04-14,11.127484321594238
2014-04-15,10.869017601013184
2014-04-16,10.937037467956543
2014-04-17,10.998250007629395
2014-04-22,11.113880157470703
2014-04-23,11.086668968200684
2014-04-24,10.950634002685547
2014-04-25,10.882621765136719
2014-04-28,11.052661895751953
2014-04-29,11.304325103759766
2014-04-30,11.188695907592773
2014-05-02,11.753230094909668
2014-05-05,11.841653823852539
2014-05-06,11.94367504119873
2014-05-07,12.059303283691406
2014-05-08,11.957279205322266
2014-05-09,12.100114822387695
2014-05-12,12.059303283691406
2014-05-13,12.161327362060547
2014-05-14,12.161327362060547
2014-05-15,12.032096862792969
2014-05-16,12.2837553024292
2014-05-19,12.242948532104492
2014-05-20,12.045701026916504
2014-05-21,12.086511611938477
2014-05-22,12.168127059936523
2014-05-23,12.304163932800293
2014-05-26,12.276952743530273
2014-05-27,12.242948532104492
2014-05-28,12.378983497619629
2014-05-29,12.41298770904541
2014-05-30,12.317770004272461
2014-06-02,12.317770004272461
2014-06-03,12.50821304321289
2014-06-04,12.331368446350098
2014-06-05,12.41298770904541
2014-06-06,12.467400550842285
2014-06-09,12.528619766235352
2014-06-10,12.868698120117188
2014-06-11,12.746269226074219
2014-06-13,12.821089744567871
2014-06-16,12.85509204864502
2014-06-17,12.712260246276855
2014-06-18,12.71906566619873
2014-06-20,12.678254127502441
2014-06-23,12.787077903747559
2014-06-24,12.889106750488281
2014-06-25,12.943516731262207
2014-06-26,12.95711612701416
2014-06-27,12.970722198486328
2014-06-30,13.093152046203613
2014-07-01,13.059144020080566
2014-07-02,13.079550743103027
2014-07-03,13.004730224609375
2014-07-04,13.072744369506836
2014-07-07,13.079550743103027
2014-07-08,12.861899375915527
2014-07-10,13.045543670654297
2014-07-11,13.140763282775879
2014-07-14,13.15436840057373
2014-07-15,12.99112606048584
2014-07-16,12.943516731262207
2014-07-17,12.712260246276855
2014-07-18,12.85509204864502
2014-07-21,12.997933387756348
2014-07-22,13.086353302001953
2014-07-23,12.963921546936035
2014-07-24,12.902706146240234
2014-07-25,12.889106750488281
2014-07-28,13.038741111755371
2014-07-29,12.834692001342773
2014-07-30,12.678254127502441
2014-07-31,12.304163932800293
2014-08-01,12.358575820922852
2014-08-04,12.630640029907227
2014-08-05,12.515015602111816
2014-08-06,12.528619766235352
2014-08-07,12.521817207336426
2014-08-08,12.44699764251709
2014-08-11,12.378983497619629
2014-08-12,12.54902458190918
2014-08-13,12.54222297668457
2014-08-14,12.50821304321289
2014-08-15,12.603438377380371
2014-08-18,12.685056686401367
2014-08-19,12.61703872680664
2014-08-20,12.671452522277832
2014-08-21,12.725860595703125
2014-08-22,12.596633911132812
2014-08-25,12.725860595703125
2014-08-26,12.90950870513916
2014-08-27,13.031937599182129
2014-08-28,12.99112606048584
2014-08-29,13.249584197998047
2014-09-01,13.106754302978516
2014-09-02,13.059144020080566
2014-09-03,13.031937599182129
2014-09-04,12.929914474487305
2014-09-05,12.821089744567871
2014-09-08,12.671452522277832
2014-09-09,12.725860595703125
2014-09-10,12.562623023986816
2014-09-11,12.651044845581055
2014-09-12,12.378983497619629
2014-09-15,12.297361373901367
2014-09-16,12.433398246765137
2014-09-17,12.310966491699219
2014-09-18,11.902867317199707
2014-09-19,11.9708833694458
2014-09-22,11.807645797729492
2014-09-23,11.726024627685547
2014-09-24,11.93687629699707
2014-09-25,11.909672737121582
2014-09-26,12.188536643981934
2014-09-29,11.896064758300781
2014-09-30,11.957279205322266
2014-10-01,11.569585800170898
2014-10-02,11.426753044128418
2014-10-03,11.807645797729492
2014-10-06,12.20213794708252
2014-10-07,12.297361373901367
2014-10-08,12.378983497619629
2014-10-09,12.515015602111816
2014-10-10,12.154524803161621
2014-10-13,12.474206924438477
2014-10-14,12.426591873168945
2014-10-15,12.290560722351074
2014-10-16,12.072906494140625
2014-10-17,12.208940505981445
2014-10-20,12.018495559692383
2014-10-21,11.494771957397461
2014-10-22,11.385944366455078
2014-10-23,10.80100154876709
2014-10-24,11.100274085998535
2014-10-27,11.147883415222168
2014-10-28,11.440353393554688
2014-10-29,11.270310401916504
2014-10-30,11.25671100616455
2014-10-31,11.77363395690918
2014-11-03,11.834853172302246
2014-11-04,11.746427536010742
2014-11-05,11.440353393554688
2014-11-06,11.392745018005371
2014-11-07,11.426753044128418
2014-11-10,11.453959465026855
2014-11-11,11.358735084533691
2014-11-12,11.583189010620117
2014-11-13,11.188695907592773
2014-11-14,11.005049705505371
2014-11-17,11.01865291595459
2014-11-18,11.161486625671387
2014-11-19,11.406347274780273
2014-11-21,12.072906494140625
2014-11-24,11.834853172302246
2014-11-25,11.69881820678711
2014-11-26,11.678414344787598
2014-11-27,11.787237167358398
2014-11-28,11.896064758300781
2014-12-01,11.20229721069336
2014-12-02,11.161486625671387
2014-12-03,11.440353393554688
2014-12-04,11.521979331970215
2014-12-05,11.385944366455078
2014-12-08,11.188695907592773
2014-12-09,11.263510704040527
2014-12-10,11.263510704040527
2014-12-11,11.161486625671387
2014-12-12,10.930230140686035
2014-12-15,10.869017601013184
2014-12-16,10.773794174194336
2014-12-17,10.991449356079102
2014-12-18,10.930230140686035
2014-12-19,11.01865291595459
2014-12-22,11.22270393371582
2014-12-23,11.311124801635742
2014-12-26,11.39954662322998
2014-12-29,11.440353393554688
2014-12-30,11.487967491149902
2015-01-02,11.011852264404297
2015-01-05,11.032254219055176
2015-01-06,10.780595779418945
2015-01-07,11.426753044128418
2015-01-08,11.39954662322998
2015-01-09,11.209099769592285
2015-01-12,11.059464454650879
2015-01-13,11.059464454650879
2015-01-14,11.086668968200684
2015-01-15,11.596794128417969
2015-01-16,11.76683235168457
2015-01-19,11.576384544372559
2015-01-20,11.76683235168457
2015-01-21,12.208940505981445
2015-01-22,12.691855430603027
2015-01-23,12.344971656799316
2015-01-26,12.358575820922852
2015-01-27,12.351771354675293
2015-01-28,12.474206924438477
2015-01-29,12.467400550842285
2015-01-30,12.378983497619629
2015-02-02,12.256555557250977
2015-02-03,12.276952743530273
2015-02-04,11.998091697692871
2015-02-05,12.052502632141113
2015-02-06,11.9708833694458
2015-02-09,11.868858337402344
2015-02-10,11.93687629699707
2015-02-11,11.923274993896484
2015-02-12,12.093314170837402
2015-02-13,12.515015602111816
2015-02-18,12.555822372436523
2015-02-19,12.630640029907227
2015-02-20,12.406190872192383
2015-02-23,12.494609832763672
2015-02-24,12.630640029907227
2015-02-25,12.705460548400879
2015-02-26,12.8414945602417
2015-02-27,12.977524757385254
2015-03-02,12.929914474487305
2015-03-03,13.052343368530273
2015-03-04,13.106754302978516
2015-03-05,13.093152046203613
2015-03-06,12.977524757385254
2015-03-09,12.753071784973145
2015-03-10,12.882299423217773
2015-03-11,12.99112606048584
2015-03-12,12.895906448364258
2015-03-13,12.8414945602417
2015-03-16,12.929914474487305
2015-03-17,12.997933387756348
2015-03-18,13.249584197998047
2015-03-19,13.195181846618652
2015-03-20,13.344817161560059
2015-03-23,13.378825187683105
2015-03-24,13.351615905761719
2015-03-25,13.249584197998047
2015-03-26,12.99112606048584
2015-03-27,13.229187965393066
2015-03-30,13.331209182739258
2015-03-31,13.392424583435059
2015-04-01,13.80732536315918
2015-04-02,14.140604972839355
2015-04-06,14.473884582519531
2015-04-07,14.596317291259766
2015-04-08,14.650732040405273
2015-04-09,14.657526016235352
2015-04-10,14.541905403137207
2015-04-13,14.473884582519531
2015-04-14,14.324252128601074
2015-04-15,14.256233215332031
2015-04-16,13.990973472595215
2015-04-17,13.841334342956543
2015-04-20,13.630480766296387
2015-04-22,13.6644868850708
2015-04-23,13.671285629272461
2015-04-24,13.603273391723633
2015-04-27,13.712100982666016
2015-04-28,13.5556640625
2015-04-29,13.467241287231445
2015-04-30,13.569271087646484
2015-05-04,13.603273391723633
2015-05-05,13.90935230255127
2015-05-06,14.188218116760254
2015-05-07,14.507894515991211
2015-05-08,14.820771217346191
2015-05-11,14.589516639709473
2015-05-12,14.650732040405273
2015-05-13,14.909188270568848
2015-05-14,14.773160934448242
2015-05-15,14.657526016235352
2015-05-18,14.63032054901123
2015-05-19,14.50108814239502
2015-05-20,14.752751350402832
2015-05-21,14.950003623962402
2015-05-22,14.963607788085938
2015-05-25,14.759556770324707
2015-05-26,14.786763191223145
2015-05-27,14.86838436126709
2015-05-28,14.963607788085938
2015-05-29,14.773160934448242
2015-06-01,14.650732040405273
2015-06-02,14.507894515991211
2015-06-03,14.684735298156738
2015-06-05,14.487483978271484
2015-06-08,14.541905403137207
2015-06-09,14.752751350402832
2015-06-10,14.9227933883667
2015-06-11,14.956805229187012
2015-06-12,14.786763191223145
2015-06-15,14.854780197143555
2015-06-16,14.936396598815918
2015-06-17,15.147250175476074
2015-06-18,15.562149047851562
2015-06-19,15.623357772827148
2015-06-22,15.718585014343262
2015-06-23,15.847810745239258
2015-06-24,15.602957725524902
2015-06-25,15.555347442626953
2015-06-26,15.507731437683105
2015-06-29,15.473725318908691
2015-06-30,15.432914733886719
2015-07-01,15.283278465270996
2015-07-02,15.04522705078125
2015-07-03,14.77995777130127
2015-07-06,14.555512428283691
2015-07-07,14.77995777130127
2015-07-08,14.439884185791016
2015-07-10,14.351455688476562
2015-07-13,14.113398551940918
2015-07-14,14.41266918182373
2015-07-15,14.691539764404297
2015-07-16,14.698343276977539
2015-07-17,14.521498680114746
2015-07-20,14.494291305541992
2015-07-21,14.392267227172852
2015-07-22,14.51469612121582
2015-07-23,13.752914428710938
2015-07-24,13.671285629272461
2015-07-27,13.589674949645996
2015-07-28,13.610078811645508
2015-07-29,13.51485824584961
2015-07-30,13.868539810180664
2015-07-31,13.78011703491211
2015-08-03,13.827728271484375
2015-08-04,13.28359603881836
2015-08-05,13.208783149719238
2015-08-06,12.630640029907227
2015-08-07,12.494609832763672
2015-08-10,12.610237121582031
2015-08-11,12.61703872680664
2015-08-12,12.358575820922852
2015-08-13,12.215744972229004
2015-08-14,12.154524803161621
2015-08-17,12.242948532104492
2015-08-18,12.004892349243164
2015-08-19,11.780437469482422
2015-08-20,11.848454475402832
2015-08-21,11.460761070251465
2015-08-24,11.311124801635742
2015-08-25,11.07986831665039
2015-08-26,11.61719799041748
2015-08-27,11.77363395690918
2015-08-28,11.583189010620117
2015-08-31,11.20229721069336
2015-09-01,11.16828727722168
2015-09-02,11.011852264404297
2015-09-03,10.780595779418945
2015-09-04,10.31128215789795
2015-09-08,10.447315216064453
2015-09-09,10.216059684753418
2015-09-10,10.032417297363281
2015-09-11,9.692334175109863
2015-09-14,9.89638614654541
2015-09-15,9.726343154907227
2015-09-16,10.134441375732422
2015-09-17,10.583351135253906
2015-09-18,10.168448448181152
2015-09-21,10.066422462463379
2015-09-22,10.338485717773438
2015-09-23,9.99841022491455
2015-09-24,9.787555694580078
2015-09-25,10.18885612487793
2015-09-28,10.066422462463379
2015-09-29,10.005208969116211
2015-09-30,10.392904281616211
2015-10-01,10.250068664550781
2015-10-02,10.766992568969727
2015-10-05,10.875818252563477
2015-10-06,11.243107795715332
2015-10-07,11.732829093933105
2015-10-08,11.732829093933105
2015-10-09,12.032096862792969
2015-10-13,11.270310401916504
2015-10-14,11.16828727722168
2015-10-15,11.188695907592773
2015-10-16,11.01865291595459
2015-10-19,11.351935386657715
2015-10-20,11.188695907592773
2015-10-21,11.161486625671387
2015-10-22,11.107074737548828
2015-10-23,11.494771957397461
2015-10-26,11.562785148620605
2015-10-27,11.583189010620117
2015-10-28,12.344971656799316
2015-10-29,11.868858337402344
2015-10-30,11.902867317199707
2015-11-03,14.41947078704834
2015-11-04,14.623523712158203
2015-11-05,14.555512428283691
2015-11-06,14.643922805786133
2015-11-09,14.555512428283691
2015-11-10,14.446684837341309
2015-11-11,14.494291305541992
2015-11-12,14.643922805786133
2015-11-13,14.41266918182373
2015-11-16,14.310648918151855
2015-11-17,14.677936553955078
2015-11-18,14.671136856079102
2015-11-19,14.9227933883667
2015-11-23,15.35810375213623
2015-11-24,15.568952560424805
2015-11-25,15.466925621032715
2015-11-26,15.541744232177734
2015-11-27,15.500932693481445
2015-11-30,15.235668182373047
2015-12-01,15.412511825561523
2015-12-02,15.643767356872559
2015-12-03,15.847810745239258
2015-12-04,15.439722061157227
2015-12-07,15.970246315002441
2015-12-08,15.98384952545166
2015-12-09,16.01785659790039
2015-12-10,15.677775382995605
2015-12-11,15.555347442626953
2015-12-14,15.385306358337402
2015-12-15,15.086033821105957
2015-12-16,14.793561935424805
2015-12-17,15.235668182373047
2015-12-18,14.793561935424805
2015-12-21,14.725546836853027
2015-12-22,14.480690956115723
2015-12-23,14.643922805786133
2015-12-28,14.71194076538086
2015-12-29,14.800366401672363
2015-12-30,14.766352653503418
2016-01-04,14.344653129577637
2016-01-05,14.51469612121582
2016-01-06,14.596317291259766
2016-01-07,14.358258247375488
2016-01-08,14.351455688476562
2016-01-11,14.269831657409668
2016-01-12,14.725546836853027
2016-01-13,14.759556770324707
2016-01-14,14.41947078704834
2016-01-15,14.263035774230957
2016-01-18,14.113398551940918
2016-01-19,14.215424537658691
2016-01-20,13.977364540100098
2016-01-21,14.283438682556152
2016-01-22,14.555512428283691
2016-01-26,14.623523712158203
2016-01-27,15.133639335632324
2016-01-28,15.099635124206543
2016-01-29,15.201662063598633
2016-02-01,16.051862716674805
2016-02-02,15.997451782226562
2016-02-03,15.87502384185791
2016-02-04,16.22190284729004
2016-02-05,16.473569869995117
2016-02-10,16.262714385986328
2016-02-11,16.01785659790039
2016-02-12,15.922633171081543
2016-02-15,16.024654388427734
2016-02-16,16.085872650146484
2016-02-17,16.289926528930664
2016-02-18,16.49397087097168
2016-02-19,16.58919334411621
2016-02-22,16.561992645263672
2016-02-23,16.58238983154297
2016-02-24,16.548385620117188
2016-02-25,16.800046920776367
2016-02-26,16.847658157348633
2016-02-29,17.14012336730957
2016-03-01,17.52782440185547
2016-03-02,18.031150817871094
2016-03-03,17.779481887817383
2016-03-04,17.752273559570312
2016-03-07,17.58224105834961
2016-03-08,17.677459716796875
2016-03-09,17.881505966186523
2016-03-10,18.2283878326416
2016-03-11,18.45964813232422
2016-03-14,18.26919937133789
2016-03-15,18.133161544799805
2016-03-16,18.085559844970703
2016-03-17,18.357620239257812
2016-03-18,18.765722274780273
2016-03-21,19.18742561340332
2016-03-22,19.343860626220703
2016-03-23,19.35746192932129
2016-03-24,19.092193603515625
2016-03-28,19.24863052368164
2016-03-29,19.384668350219727
2016-03-30,19.391469955444336
2016-03-31,19.201025009155273
2016-04-01,19.25543975830078
2016-04-04,19.010583877563477
2016-04-05,18.86774444580078
2016-04-06,18.87454605102539
2016-04-07,18.860939025878906
2016-04-08,19.078590393066406
2016-04-11,19.167024612426758
2016-04-12,19.459484100341797
2016-04-13,19.25543975830078
2016-04-14,19.860776901245117
2016-04-15,19.710262298583984
2016-04-18,19.478700637817383
2016-04-19,19.539995193481445
2016-04-20,19.812427520751953
2016-04-22,19.7238826751709
2016-04-25,19.757938385009766
2016-04-26,19.587675094604492
2016-04-27,19.996315002441406
2016-04-28,20.507118225097656
2016-04-29,20.663768768310547
2016-05-02,21.051979064941406
2016-05-03,20.865787506103516
2016-05-04,21.016639709472656
2016-05-05,20.913782119750977
2016-05-06,20.673782348632812
2016-05-09,20.680646896362305
2016-05-10,21.23605728149414
2016-05-11,21.578907012939453
2016-05-12,21.620052337646484
2016-05-13,21.61319923400879
2016-05-16,21.421201705932617
2016-05-17,21.0440673828125
2016-05-18,20.639503479003906
2016-05-19,20.495500564575195
2016-05-20,20.324081420898438
2016-05-23,20.070371627807617
2016-05-24,19.94694709777832
2016-05-25,19.624670028686523
2016-05-27,19.50124740600586
2016-05-30,19.604103088378906
2016-05-31,19.542387008666992
2016-06-01,19.405248641967773
2016-06-02,19.73438262939453
2016-06-03,20.070371627807617
2016-06-06,19.981231689453125
2016-06-07,19.885238647460938
2016-06-08,19.960662841796875
2016-06-09,19.89895248413086
2016-06-10,19.604103088378906
2016-06-13,19.405248641967773
2016-06-14,19.041824340820312
2016-06-15,19.165252685546875
2016-06-16,19.13096809387207
2016-06-17,19.13096809387207
2016-06-20,19.480676651000977
2016-06-21,19.68638038635254
2016-06-22,19.494384765625
2016-06-23,19.782384872436523
2016-06-24,19.418964385986328
2016-06-27,19.43953514099121
2016-06-28,17.79386329650879
2016-06-29,15.256772994995117
2016-06-30,16.004194259643555
2016-07-01,16.29218101501465
2016-07-04,16.731029510498047
2016-07-05,16.539030075073242
2016-07-06,16.25103759765625
2016-07-07,16.737882614135742
2016-07-08,16.943592071533203
2016-07-11,16.971019744873047
2016-07-12,16.95730972290039
2016-07-13,17.121877670288086
2016-07-14,17.334440231323242
2016-07-15,17.34815216064453
2016-07-18,17.38243865966797
2016-07-19,17.588150024414062
2016-07-20,17.601858139038086
2016-07-21,17.553863525390625
2016-07-22,17.588150024414062
2016-07-25,17.828144073486328
2016-07-26,18.170991897583008
2016-07-27,18.554981231689453
2016-07-28,18.885400772094727
2016-07-29,18.99612045288086
2016-08-01,18.601661682128906
2016-08-02,18.518619537353516
2016-08-03,18.878475189208984
2016-08-04,18.746980667114258
2016-08-05,18.913074493408203
2016-08-08,18.954599380493164
2016-08-09,19.030719757080078
2016-08-10,19.009958267211914
2016-08-11,19.272926330566406
2016-08-12,19.182964324951172
2016-08-15,19.335208892822266
2016-08-16,19.272926330566406
2016-08-17,19.23833656311035
2016-08-18,18.933835983276367
2016-08-19,19.023799896240234
2016-08-22,18.753910064697266
2016-08-23,18.2418155670166
2016-08-24,18.27640724182129
2016-08-25,18.02727508544922
2016-08-26,18.020357131958008
2016-08-29,18.269495010375977
2016-08-30,18.37329864501953
2016-08-31,18.061880111694336
2016-09-01,18.29716682434082
2016-09-02,18.878475189208984
2016-09-05,18.99612045288086
2016-09-06,19.515138626098633
2016-09-08,19.335208892822266
2016-09-09,18.71930503845215
2016-09-12,18.89923667907715
2016-09-13,18.484018325805664
2016-09-14,18.484018325805664
2016-09-15,18.989198684692383
2016-09-16,18.518619537353516
2016-09-19,18.587820053100586
2016-09-20,18.567060470581055
2016-09-21,19.127601623535156
2016-09-22,19.487457275390625
2016-09-23,19.515138626098633
2016-09-26,19.279842376708984
2016-09-27,19.279842376708984
2016-09-28,19.314449310302734
2016-09-29,19.266010284423828
2016-09-30,19.286771774291992
2016-10-03,19.826547622680664
2016-10-04,19.84731101989746
2016-10-05,20.124116897583008
2016-10-06,19.951112747192383
2016-10-07,19.79194450378418
2016-10-10,19.826547622680664
2016-10-11,19.778108596801758
2016-10-13,19.093008041381836
2016-10-14,19.335208892822266
2016-10-17,19.34905242919922
2016-10-18,19.66046142578125
2016-10-19,19.653545379638672
2016-10-20,19.56358528137207
2016-10-21,19.653545379638672
2016-10-24,19.56358528137207
2016-10-25,18.573976516723633
2016-10-26,18.179529190063477
2016-10-27,18.580900192260742
2016-10-28,18.629343032836914
2016-10-31,18.518619537353516
2016-11-01,17.992677688598633
2016-11-03,17.743553161621094
2016-11-04,17.45290184020996
2016-11-07,17.840435028076172
2016-11-08,17.895793914794922
2016-11-09,17.91655921936035
2016-11-10,17.24529266357422
2016-11-11,16.802398681640625
2016-11-14,17.023841857910156
2016-11-16,17.542863845825195
2016-11-17,17.35601043701172
2016-11-18,17.501340866088867
2016-11-21,17.508256912231445
2016-11-22,18.04112434387207
2016-11-23,17.85427474975586
2016-11-24,17.75739288330078
2016-11-25,17.861194610595703
2016-11-28,17.840435028076172
2016-11-29,17.625904083251953
2016-11-30,17.971920013427734
2016-12-01,17.217605590820312
2016-12-02,17.162254333496094
2016-12-05,17.314495086669922
2016-12-06,17.75739288330078
2016-12-07,17.840435028076172
2016-12-08,17.9027156829834
2016-12-09,17.91655921936035
2016-12-12,17.397541046142578
2016-12-13,17.35601043701172
2016-12-14,17.196853637695312
2016-12-15,17.376779556274414
2016-12-16,17.432138442993164
2016-12-19,17.25913429260254
2016-12-20,17.009998321533203
2016-12-21,17.009998321533203
2016-12-22,16.753950119018555
2016-12-23,17.293729782104492
2016-12-26,17.612070083618164
2016-12-27,18.01344108581543
2016-12-28,18.05495834350586
2016-12-29,18.0826416015625
2017-01-02,18.110328674316406
2017-01-03,18.615497589111328
2017-01-04,18.726224899291992
2017-01-05,18.712377548217773
2017-01-06,18.567060470581055
2017-01-09,18.52553939819336
2017-01-10,18.400976181030273
2017-01-11,18.227968215942383
2017-01-12,18.449424743652344
2017-01-13,18.05495834350586
2017-01-16,18.04804039001465
2017-01-17,18.01344108581543
2017-01-18,18.131084442138672
2017-01-19,18.16568374633789
2017-01-20,18.7331485748291
2017-01-23,18.926918029785156
2017-01-24,19.272926330566406
2017-01-26,19.695068359375
2017-01-27,19.681228637695312
2017-01-30,19.342134475708008
2017-01-31,19.342134475708008
2017-02-01,19.342134475708008
2017-02-02,19.50821876525879
2017-02-03,19.653545379638672
2017-02-06,19.535903930664062
2017-02-07,19.321367263793945
2017-02-08,19.625858306884766
2017-02-09,19.70890235900879
2017-02-10,19.7850284576416
2017-02-13,19.930356979370117
2017-02-14,19.695068359375
2017-02-15,20.096439361572266
2017-02-16,19.63998794555664
2017-02-17,19.25141716003418
2017-02-20,19.272615432739258
2017-02-21,19.336198806762695
2017-02-22,19.15251350402832
2017-02-23,19.103052139282227
2017-02-24,19.138376235961914
2017-03-01,19.03947639465332
2017-03-02,19.088930130004883
2017-03-03,19.258481979370117
2017-03-06,19.223155975341797
2017-03-07,19.131315231323242
2017-03-08,19.173709869384766
2017-03-09,19.371517181396484
2017-03-10,19.50575065612793
2017-03-13,19.696496963500977
2017-03-14,19.972028732299805
2017-03-15,20.085060119628906
2017-03-16,20.381778717041016
2017-03-17,20.593719482421875
2017-03-20,20.71381950378418
2017-03-21,20.55839729309082
2017-03-22,20.134510040283203
2017-03-23,20.162771224975586
2017-03-24,20.26167869567871
2017-03-27,20.417104721069336
2017-03-28,20.388837814331055
2017-03-29,20.487749099731445
2017-03-30,20.671430587768555
2017-03-31,20.487749099731445
2017-04-03,20.565458297729492
2017-04-04,20.508941650390625
2017-04-05,20.516006469726562
2017-04-06,20.607852935791016
2017-04-07,20.551334381103516
2017-04-10,20.65730094909668
2017-04-11,21.24367904663086
2017-04-12,20.71381950378418
2017-04-13,20.770339965820312
2017-04-17,21.03173065185547
2017-04-18,20.98934555053711
2017-04-19,20.918699264526367
2017-04-20,20.68543243408203
2017-04-24,21.47802734375
2017-04-25,21.230342864990234
2017-04-26,21.40726089477539
2017-04-27,21.265731811523438
2017-04-28,21.272802352905273
2017-05-02,21.4992618560791
2017-05-03,21.492183685302734
2017-05-04,21.088804244995117
2017-05-05,21.159578323364258
2017-05-08,21.37187957763672
2017-05-09,21.626644134521484
2017-05-10,22.150325775146484
2017-05-11,22.2706241607666
2017-05-12,22.107866287231445
2017-05-15,22.18570899963379
2017-05-16,22.235252380371094
2017-05-17,21.83187484741211
2017-05-18,20.47313117980957
2017-05-19,20.883583068847656
2017-05-22,20.65004539489746
2017-05-23,21.159578323364258
2017-05-24,21.230342864990234
2017-05-25,21.37187957763672
2017-05-26,21.230342864990234
2017-05-29,21.230342864990234
2017-05-30,21.4709529876709
2017-05-31,20.876506805419922
2017-06-01,21.018037796020508
2017-06-02,20.911884307861328
2017-06-05,20.883583068847656
2017-06-06,20.841121673583984
2017-06-07,21.088804244995117
2017-06-08,20.933122634887695
2017-06-09,20.395282745361328
2017-06-12,20.324514389038086
2017-06-13,20.310361862182617
2017-06-14,20.395282745361328
2017-06-15,20.395282745361328
2017-06-16,20.593435287475586
2017-06-19,20.805740356445312
2017-06-20,20.79157829284668
2017-06-21,20.522668838500977
2017-06-22,20.572200775146484
2017-06-23,20.487289428710938
2017-06-26,19.80083465576172
2017-06-27,19.6734561920166
2017-06-28,19.6380672454834
2017-06-29,19.708833694458008
2017-06-30,19.6734561920166
2017-07-03,19.857446670532227
2017-07-04,19.92113494873047
2017-07-05,20.048521041870117
2017-07-06,19.567302703857422
2017-07-07,19.857446670532227
2017-07-10,19.78668212890625
2017-07-11,20.260822296142578
2017-07-12,20.522668838500977
2017-07-13,20.742042541503906
2017-07-14,20.543893814086914
2017-07-17,20.381134033203125
2017-07-18,20.50851821899414
2017-07-19,19.956527709960938
2017-07-20,19.836219787597656
2017-07-21,19.86452293395996
2017-07-24,20.06267738342285
2017-07-25,19.77960777282715
2017-07-26,19.510684967041016
2017-07-27,19.390382766723633
2017-07-28,19.319610595703125
2017-07-31,19.80791664123535
2017-08-01,19.956527709960938
2017-08-02,20.756200790405273
2017-08-03,20.487289428710938
2017-08-04,21.102962493896484
2017-08-07,21.194965362548828
2017-08-08,21.053428649902344
2017-08-09,20.975574493408203
2017-08-10,20.713741302490234
2017-08-11,20.89773941040039
2017-08-14,20.63589096069336
2017-08-15,20.642974853515625
2017-08-16,20.734970092773438
2017-08-17,20.239593505859375
2017-08-18,20.40943145751953
2017-08-21,20.4589786529541
2017-08-22,20.430667877197266
2017-08-23,20.55805015563965
2017-08-24,20.770353317260742
2017-08-25,20.85527229309082
2017-08-28,21.003889083862305
2017-08-29,20.975574493408203
2017-08-30,20.890657424926758
2017-08-31,20.883583068847656
2017-09-01,20.954349517822266
2017-09-04,20.805740356445312
2017-09-05,21.12419319152832
2017-09-06,21.690332412719727
2017-09-07,21.690332412719727
2017-09-08,22.022945404052734
2017-09-11,22.28478240966797
2017-09-12,22.22817039489746
2017-09-13,22.461702346801758
2017-09-14,22.68108558654785
2017-09-15,23.21183967590332
2017-09-18,23.317991256713867
2017-09-19,23.72844696044922
2017-09-20,23.82752799987793
2017-09-21,23.777984619140625
2017-09-22,23.38876724243164
2017-09-25,23.282615661621094
2017-09-26,23.112770080566406
2017-09-27,22.85800552368164
2017-09-28,22.54662322998047
2017-09-29,22.7872371673584
2017-10-02,23.19768524169922
2017-10-03,23.94075584411621
2017-10-04,23.96198081970215
2017-10-05,24.23797607421875
2017-10-06,23.99736213684082
2017-10-09,23.96198081970215
2017-10-10,24.521053314208984
2017-10-11,24.669666290283203
2017-10-12,24.669666290283203
2017-10-13,24.66258430480957
2017-10-16,24.648426055908203
2017-10-17,24.620121002197266
2017-10-18,24.70504379272461
2017-10-19,24.30874252319336
2017-10-20,24.13182258605957
2017-10-23,23.919527053833008
2017-10-24,23.96198081970215
2017-10-25,23.777984619140625
2017-10-26,23.777984619140625
2017-10-27,24.061058044433594
2017-10-30,23.905366897583008
2017-10-31,24.202590942382812
2017-11-01,24.584732055664062
2017-11-02,24.584732055664062
2017-11-03,24.29458999633789
2017-11-06,23.87706756591797
2017-11-07,23.07030487060547
2017-11-08,23.530290603637695
2017-11-09,23.21183967590332
2017-11-10,22.865074157714844
2017-11-13,22.64569854736328
2017-11-14,22.957075119018555
2017-11-15,22.957075119018555
2017-11-16,23.62936782836914
2017-11-17,24.025672912597656
2017-11-20,24.025672912597656
2017-11-21,24.181354522705078
2017-11-22,24.00444221496582
2017-11-23,23.615219116210938
2017-11-24,23.70722007751465
2017-11-27,23.70722007751465
2017-11-28,23.87706756591797
2017-11-29,23.367530822753906
2017-11-30,23.247230529785156
2017-12-01,23.395841598510742
2017-12-04,23.82752799987793
2017-12-05,24.598886489868164
2017-12-06,24.669666290283203
2017-12-07,24.3724365234375
2017-12-08,24.138896942138672
2017-12-11,23.905366897583008
2017-12-12,24.379514694213867
2017-12-13,24.068130493164062
2017-12-14,24.66258430480957
2017-12-15,24.620121002197266
2017-12-18,25.04473114013672
2017-12-19,24.825347900390625
2017-12-20,25.06595230102539
2017-12-21,25.33487319946289
2017-12-22,25.476415634155273
2017-12-25,25.476415634155273
2017-12-26,25.688709259033203
2017-12-27,25.971784591674805
2017-12-28,25.476415634155273
2017-12-29,25.476415634155273
2018-01-02,26.10126304626465
2018-01-03,25.69468879699707
2018-01-04,25.883460998535156
2018-01-05,26.123058319091797
2018-01-08,25.854419708251953
2018-01-09,25.992353439331055
2018-01-10,25.89072036743164
2018-01-11,25.99962043762207
2018-01-12,26.50058937072754
2018-01-15,26.37716293334961
2018-01-16,26.398962020874023
2018-01-17,26.406204223632812
2018-01-18,26.15209197998047
2018-01-19,26.326343536376953
2018-01-22,26.25373649597168
2018-01-23,25.970584869384766
2018-01-24,26.486083984375
2018-01-25,26.486083984375
2018-01-26,26.137575149536133
2018-01-29,26.10126304626465
2018-01-30,25.992353439331055
2018-01-31,26.384429931640625
2018-02-01,27.00882339477539
2018-02-02,26.725666046142578
2018-02-05,26.123058319091797
2018-02-06,25.992353439331055
2018-02-07,26.10126304626465
2018-02-08,25.672903060913086
2018-02-09,26.028667449951172
2018-02-14,26.827312469482422
2018-02-15,26.863615036010742
2018-02-16,26.740188598632812
2018-02-19,26.979780197143555
2018-02-20,26.856361389160156
2018-02-21,26.914440155029297
2018-02-22,26.863615036010742
2018-02-23,26.834562301635742
2018-02-26,25.60755729675293
2018-02-27,25.33892822265625
2018-02-28,25.06302261352539
2018-03-01,25.404266357421875
2018-03-02,25.709205627441406
2018-03-05,26.340866088867188
2018-03-06,25.847150802612305
2018-03-07,26.50058937072754
2018-03-08,26.965259552001953
2018-03-09,26.863615036010742
2018-03-12,27.081430435180664
2018-03-13,27.190349578857422
2018-03-14,27.350069046020508
2018-03-15,26.834562301635742
2018-03-16,27.299236297607422
2018-03-19,26.827312469482422
2018-03-20,26.24648666381836
2018-03-21,26.188396453857422
2018-03-22,26.064971923828125
2018-03-23,25.665645599365234
2018-03-26,25.95606231689453
2018-03-27,25.6366024017334
2018-03-28,25.9415340423584
2018-03-29,26.25373649597168
2018-04-02,25.730985641479492
2018-04-03,25.665645599365234
2018-04-04,26.181142807006836
2018-04-05,26.638547897338867
2018-04-06,26.433977127075195
2018-04-09,26.433977127075195
2018-04-10,25.572317123413086
2018-04-11,25.84249496459961
2018-04-12,26.39015769958496
2018-04-13,26.368247985839844
2018-04-16,26.26602554321289
2018-04-17,26.558101654052734
2018-04-18,26.433977127075195
2018-04-19,26.21491241455078
2018-04-20,24.535402297973633
2018-04-23,23.16258430480957
2018-04-24,23.367050170898438
2018-04-25,23.943925857543945
2018-04-26,22.98733139038086
2018-04-27,23.104169845581055
2018-04-30,23.001935958862305
2018-05-02,22.636825561523438
2018-05-03,22.36664581298828
2018-05-04,22.27171516418457
2018-05-07,22.16948699951172
2018-05-08,22.016136169433594
2018-05-09,21.862791061401367
2018-05-10,22.074560165405273
2018-05-11,21.7021484375
2018-05-14,21.103368759155273
2018-05-15,20.818584442138672
2018-05-16,20.993824005126953
2018-05-17,20.044544219970703
2018-05-18,20.081052780151367
2018-05-21,20.081052780151367
2018-05-22,20.62871551513672
2018-05-23,20.446163177490234
2018-05-24,20.373146057128906
2018-05-25,20.446163177490234
2018-05-28,19.708646774291992
2018-05-29,20.278217315673828
2018-05-30,20.592212677001953
2018-06-01,20.971927642822266
2018-06-04,21.103368759155273
2018-06-05,20.278217315673828
2018-06-06,19.7159423828125
2018-06-07,18.876197814941406
2018-06-08,19.175582885742188
2018-06-11,19.19748306274414
2018-06-12,19.59181022644043
2018-06-13,19.847383499145508
2018-06-14,19.50418472290039
2018-06-15,19.32162094116211
2018-06-18,19.299726486206055
2018-06-19,19.77436065673828
2018-06-20,20.803977966308594
2018-06-21,20.475372314453125
2018-06-22,20.300128936767578
2018-06-25,20.300128936767578
2018-06-26,20.65792465209961
2018-06-27,20.15407943725586
2018-06-28,20.489978790283203
2018-06-29,20.161378860473633
2018-07-02,20.577608108520508
2018-07-03,20.446163177490234
2018-07-04,20.59572982788086
2018-07-05,20.48539924621582
2018-07-06,20.992942810058594
2018-07-10,20.59572982788086
2018-07-11,20.551599502563477
2018-07-12,20.007282257080078
2018-07-13,19.867525100708008
2018-07-16,20.330930709838867
2018-07-17,20.81639862060547
2018-07-18,20.463329315185547
2018-07-19,21.220962524414062
2018-07-20,21.36806869506836
2018-07-23,20.853179931640625
2018-07-24,20.853179931640625
2018-07-25,20.728139877319336
2018-07-26,20.59572982788086
2018-07-27,20.713424682617188
2018-07-30,20.367708206176758
2018-07-31,20.41183853149414
2018-08-01,20.338287353515625
2018-08-02,20.992942810058594
2018-08-03,21.11797523498535
2018-08-06,21.095918655395508
2018-08-07,21.220962524414062
2018-08-08,20.9340877532959
2018-08-09,20.470687866210938
2018-08-10,20.044057846069336
2018-08-13,20.9340877532959
2018-08-14,20.88995933532715
2018-08-15,21.01500701904297
2018-08-16,20.83111572265625
2018-08-17,20.9046688079834
2018-08-20,20.81639862060547
2018-08-21,20.463329315185547
2018-08-22,20.897308349609375
2018-08-23,20.897308349609375
2018-08-24,21.228315353393555
2018-08-27,21.272451400756836
2018-08-28,20.94144630432129
2018-08-29,20.948802947998047
2018-08-30,20.34564208984375
2018-08-31,20.154394149780273
2018-09-03,20.632505416870117
2018-09-04,20.448627471923828
2018-09-05,20.301509857177734
2018-09-06,20.463329315185547
2018-09-10,20.198532104492188
2018-09-11,19.91901206970215
2018-09-12,19.720413208007812
2018-09-13,19.639503479003906
2018-09-14,20.41183853149414
2018-09-17,20.654571533203125
2018-09-18,20.647226333618164
2018-09-19,20.330930709838867
2018-09-20,20.81639862060547
2018-09-21,21.30187225341797
2018-09-24,20.81639862060547
2018-09-25,20.875246047973633
2018-09-26,20.742849349975586
2018-09-27,21.323936462402344
2018-09-28,20.97822380065918
2018-10-01,20.779621124267578
2018-10-02,21.235668182373047
2018-10-03,22.404111862182617
2018-10-04,22.300424575805664
2018-10-05,22.29301643371582
2018-10-08,22.396705627441406
2018-10-09,22.885522842407227
2018-10-10,22.663333892822266
2018-10-11,22.900339126586914
2018-10-15,22.567049026489258
2018-10-16,22.122669219970703
2018-10-17,22.218955993652344
2018-10-18,22.06342315673828
2018-10-19,22.29301643371582
2018-10-22,22.426342010498047
2018-10-23,22.515201568603516
2018-10-24,22.115266799926758
2018-10-25,22.330047607421875
2018-10-26,21.922704696655273
2018-10-29,21.330202102661133
2018-10-30,22.07823371887207
2018-10-31,22.056013107299805
2018-11-01,22.36708641052246
2018-11-05,22.648517608642578
2018-11-06,22.211545944213867
2018-11-07,22.181928634643555
2018-11-08,21.930110931396484
2018-11-09,22.218955993652344
2018-11-12,21.922704696655273
2018-11-13,21.81160545349121
2018-11-14,21.893077850341797
2018-11-16,22.24117660522461
2018-11-19,22.033798217773438
2018-11-21,22.344860076904297
2018-11-22,22.633708953857422
2018-11-23,23.144746780395508
2018-11-26,23.041051864624023
2018-11-27,23.3669376373291
2018-11-28,23.589126586914062
2018-11-29,23.774280548095703
2018-11-30,23.774280548095703
2018-12-03,23.84093475341797
2018-12-04,23.30027961730957
2018-12-05,23.43359375
2018-12-06,23.58172607421875
2018-12-07,23.3669376373291
2018-12-10,23.722429275512695
2018-12-11,23.61134147644043
2018-12-12,23.47802734375
2018-12-13,23.352115631103516
2018-12-14,22.93736457824707
2018-12-17,22.648517608642578
2018-12-18,22.774429321289062
2018-12-19,22.211545944213867
2018-12-20,22.626300811767578
2018-12-21,22.537429809570312
2018-12-26,22.400772094726562
2018-12-27,22.438234329223633
2018-12-28,22.625534057617188
2019-01-02,23.337261199951172
2019-01-03,23.674392700195312
2019-01-04,23.56201934814453
2019-01-07,23.187421798706055
2019-01-08,23.14995765686035
2019-01-09,22.925203323364258
2019-01-10,23.14995765686035
2019-01-11,24.708269119262695
2019-01-14,24.73075294494629
2019-01-15,24.73075294494629
2019-01-16,24.543447494506836
2019-01-17,24.798173904418945
2019-01-18,24.738239288330078
2019-01-21,24.498498916625977
2019-01-22,24.34865951538086
2019-01-23,24.408599853515625
2019-01-24,24.326189041137695
2019-01-28,24.7457332611084
2019-01-29,24.326189041137695
2019-01-30,23.974071502685547
2019-01-31,23.861690521240234
2019-02-01,23.47211265563965
2019-02-04,23.974071502685547
2019-02-05,24.161365509033203
2019-02-06,23.569507598876953
2019-02-07,23.636938095092773
2019-02-08,23.674392700195312
2019-02-11,23.052562713623047
2019-02-12,22.528133392333984
2019-02-13,22.588064193725586
2019-02-14,22.5580997467041
2019-02-15,22.42324447631836
2019-02-18,22.378292083740234
2019-02-19,22.528133392333984
2019-02-20,22.078615188598633
2019-02-21,21.651582717895508
2019-02-22,20.812488555908203
2019-02-25,20.310529708862305
2019-02-26,20.07828140258789
2019-02-27,20.580236434936523
2019-02-28,20.15320587158203
2019-03-01,20.070791244506836
2019-03-06,19.943431854248047
2019-03-07,19.703685760498047
2019-03-08,19.621278762817383
2019-03-11,19.801090240478516
2019-03-12,20.303037643432617
2019-03-13,20.977306365966797
2019-03-14,20.790010452270508
2019-03-15,21.08219337463379
2019-03-18,21.052227020263672
2019-03-19,20.303037643432617
2019-03-20,20.228116989135742
2019-03-21,19.99587059020996
2019-03-22,19.591312408447266
2019-03-25,19.31411361694336
2019-03-26,19.17176055908203
2019-03-27,19.15677833557129
2019-03-28,19.40401268005371
2019-03-29,19.40401268005371
2019-04-01,19.696189880371094
2019-04-02,19.568832397460938
2019-04-03,19.508899688720703
2019-04-04,19.606294631958008
2019-04-05,19.853525161743164
2019-04-08,19.478925704956055
2019-04-09,19.254175186157227
2019-04-10,18.94700813293457
2019-04-11,18.909543991088867
2019-04-12,19.039806365966797
2019-04-15,18.918724060058594
2019-04-16,18.933862686157227
2019-04-17,18.994401931762695
2019-04-18,18.820348739624023
2019-04-22,19.03223419189453
2019-04-23,18.918724060058594
2019-04-24,18.918724060058594
2019-04-25,19.524124145507812
2019-04-26,20.2051944732666
2019-04-29,21.40842628479004
2019-04-30,21.2495059967041
2019-05-02,21.1889705657959
2019-05-03,21.2495059967041
2019-05-06,21.461402893066406
2019-05-07,21.76410675048828
2019-05-08,22.14247703552246
2019-05-09,21.817075729370117
2019-05-10,22.39976692199707
2019-05-13,22.059234619140625
2019-05-14,22.021390914916992
2019-05-15,21.741397857666016
2019-05-16,21.476533889770508
2019-05-17,21.544639587402344
2019-05-20,22.059234619140625
2019-05-21,22.70246696472168
2019-05-22,22.45274543762207
2019-05-23,22.77056884765625
2019-05-24,22.346797943115234
2019-05-27,22.694900512695312
2019-05-28,23.247325897216797
2019-05-29,23.111114501953125
2019-05-30,23.05813980102539
2019-05-31,22.86895179748535
2019-06-03,22.778148651123047
2019-06-04,22.09706687927246
2019-06-05,21.960853576660156
2019-06-06,21.92301368713379
2019-06-07,21.226808547973633
2019-06-10,21.960853576660156
2019-06-11,22.006258010864258
2019-06-12,21.945720672607422
2019-06-13,22.271121978759766
2019-06-14,21.945720672607422
2019-06-17,21.88517951965332
2019-06-18,21.786806106567383
2019-06-19,21.945720672607422
2019-06-21,22.475444793701172
2019-06-24,22.86895179748535
2019-06-25,22.01382827758789
2019-06-26,22.127342224121094
2019-06-27,22.21058464050293
2019-06-28,22.694900512695312
2019-07-01,22.036529541015625
2019-07-02,22.172746658325195
2019-07-03,22.24374771118164
2019-07-04,22.541452407836914
2019-07-05,22.518552780151367
2019-07-08,22.213212966918945
2019-07-10,22.610151290893555
2019-07-11,22.472749710083008
2019-07-12,22.213212966918945
2019-07-15,22.36588478088379
2019-07-16,21.831544876098633
2019-07-17,22.060546875
2019-07-18,22.48038101196289
2019-07-19,22.03001594543457
2019-07-22,22.04528045654297
2019-07-23,21.831544876098633
2019-07-24,22.251380920410156
2019-07-25,22.77046012878418
2019-07-26,23.251352310180664
2019-07-29,24.42690086364746
2019-07-30,23.816234588623047
2019-07-31,23.037626266479492
2019-08-01,23.82386589050293
2019-08-02,23.968894958496094
2019-08-05,23.44219207763672
2019-08-06,24.060501098632812
2019-08-07,24.342937469482422
2019-08-08,23.930728912353516
2019-08-09,24.388731002807617
2019-08-12,23.678831100463867
2019-08-13,23.778064727783203
2019-08-14,23.46509552001953
2019-08-15,22.961284637451172
2019-08-16,24.327669143676758
2019-08-19,24.205530166625977
2019-08-20,24.007062911987305
2019-08-21,24.67117691040039
2019-08-22,24.121566772460938
2019-08-23,23.862031936645508
2019-08-26,23.510892868041992
2019-08-27,23.487993240356445
2019-08-28,23.663562774658203
2019-08-29,24.701704025268555
2019-08-30,24.556663513183594
2019-09-02,24.884906768798828
2019-09-03,25.022306442260742
2019-09-04,25.41162109375
2019-09-05,25.541379928588867
2019-09-06,25.220781326293945
2019-09-09,24.839107513427734
2019-09-10,24.869640350341797
2019-09-11,25.0681095123291
2019-09-12,25.02994155883789
2019-09-13,24.884906768798828
2019-09-16,24.884906768798828
2019-09-17,25.007036209106445
2019-09-18,25.037574768066406
2019-09-19,25.34290885925293
2019-09-20,25.923049926757812
2019-09-23,25.55664825439453
2019-09-24,25.335277557373047
2019-09-25,25.449783325195312
2019-09-26,25.64824867248535
2019-09-27,25.64824867248535
2019-09-30,25.594812393188477
2019-10-01,25.35817527770996
2019-10-02,24.884906768798828
2019-10-03,25.233224868774414
2019-10-04,25.525564193725586
2019-10-07,25.433244705200195
2019-10-08,25.51786231994629
2019-10-09,25.656343460083008
2019-10-10,25.694805145263672
2019-10-11,26.156391143798828
2019-10-14,26.241016387939453
2019-10-15,26.379487991333008
2019-10-16,26.84876251220703
2019-10-17,26.833383560180664
2019-10-18,26.81800079345703
2019-10-21,26.479501724243164
2019-10-22,26.564123153686523
2019-10-23,26.387182235717773
2019-10-24,26.52564811706543
2019-10-25,26.533355712890625
2019-10-28,26.417957305908203
2019-10-29,26.341032028198242
2019-10-30,26.387182235717773
2019-10-31,26.402570724487305
2019-11-01,27.23341941833496
2019-11-04,27.34881591796875
2019-11-05,27.418052673339844
2019-11-06,27.38727569580078
2019-11-07,27.22572898864746
2019-11-08,27.03339958190918
2019-11-11,27.24880599975586
2019-11-12,26.77183723449707
2019-11-13,26.741065979003906
2019-11-14,26.594900131225586
2019-11-18,26.040998458862305
2019-11-19,25.93329429626465
2019-11-21,26.29486656188965
2019-11-22,26.579511642456055
2019-11-25,26.63335418701172
2019-11-26,26.441038131713867
2019-11-27,25.88713836669922
2019-11-28,25.833280563354492
2019-11-29,25.61787986755371
2019-12-02,25.840974807739258
2019-12-03,25.31015968322754
2019-12-04,24.81010627746582
2019-12-05,24.710098266601562
2019-12-06,24.84087562561035
2019-12-09,24.656246185302734
2019-12-10,24.956274032592773
2019-12-11,24.856266021728516
2019-12-12,25.187070846557617
2019-12-13,25.479400634765625
2019-12-16,25.771738052368164
2019-12-17,25.864051818847656
2019-12-18,26.856460571289062
2019-12-19,27.294965744018555
2019-12-20,27.23341941833496
2019-12-23,27.502676010131836
2019-12-26,27.782861709594727
2019-12-27,27.5423583984375
2019-12-30,27.689762115478516
2020-01-02,27.930282592773438
2020-01-03,28.5044002532959
2020-01-06,27.852693557739258
2020-01-07,27.581146240234375
2020-01-08,27.22425651550293
2020-01-09,27.806135177612305
2020-01-10,27.953548431396484
2020-01-13,28.8535213470459
2020-01-14,29.334556579589844
2020-01-15,28.954383850097656
2020-01-16,29.094026565551758
2020-01-17,29.031967163085938
2020-01-20,29.28799819946289
2020-01-21,28.32595443725586
2020-01-22,27.61994171142578
2020-01-23,27.526840209960938
2020-01-24,27.177711486816406
2020-01-27,26.47945785522461
2020-01-28,26.231182098388672
2020-01-29,26.960479736328125
2020-01-30,27.50356674194336
2020-01-31,27.596660614013672
2020-02-03,28.32595443725586
2020-02-04,29.28023910522461
2020-02-05,29.706954956054688
2020-02-06,29.52075958251953
2020-02-07,29.970735549926758
2020-02-10,29.52075958251953
2020-02-11,29.986257553100586
2020-02-12,30.257795333862305
2020-02-13,29.86988067626953
2020-02-14,28.96214485168457
2020-02-17,29.078521728515625
2020-02-18,28.232852935791016
2020-02-19,28.4345760345459
2020-02-20,28.100967407226562
2020-02-21,28.085447311401367
2020-02-26,27.11564826965332
2020-02-27,26.425148010253906
2020-02-28,26.611339569091797
2020-03-02,31.033641815185547
2020-03-03,31.848276138305664
2020-03-04,32.41463851928711
2020-03-05,31.576732635498047
2020-03-06,30.738819122314453
2020-03-09,27.5423583984375
2020-03-10,28.86904525756836
2020-03-11,26.999267578125
2020-03-12,24.10538101196289
2020-03-13,25.913089752197266
2020-03-16,21.97181510925293
2020-03-17,24.1984806060791
2020-03-18,22.68559455871582
2020-03-19,24.25279426574707
2020-03-20,22.693349838256836
2020-03-23,20.792539596557617
2020-03-24,22.47610855102539
2020-03-25,25.38551902770996
2020-03-26,24.788122177124023
2020-03-27,24.307098388671875
2020-03-30,24.041580200195312
2020-03-31,22.38920783996582
2020-04-01,21.308517456054688
2020-04-02,23.11750602722168
2020-04-03,22.49101448059082
2020-04-06,23.305458068847656
2020-04-07,23.532556533813477
2020-04-08,25.153602600097656
2020-04-09,24.636747360229492
2020-04-13,24.401813507080078
2020-04-14,25.059629440307617
2020-04-15,24.39398193359375
2020-04-16,24.417476654052734
2020-04-17,24.55843734741211
2020-04-20,24.566268920898438
2020-04-22,26.39091682434082
2020-04-23,24.159048080444336
2020-04-24,23.50123405456543
2020-04-27,22.968719482421875
2020-04-28,22.90606689453125
2020-04-29,23.3915958404541
2020-04-30,22.772932052612305
2020-05-04,22.467525482177734
2020-05-05,21.91151237487793
2020-05-06,21.809709548950195
2020-05-07,21.989822387695312
2020-05-08,22.00548553466797
2020-05-11,22.013317108154297
2020-05-12,21.85669708251953
2020-05-13,22.13861656188965
2020-05-14,22.39704132080078
2020-05-15,22.232593536376953
2020-05-18,22.992212295532227
2020-05-19,22.13861656188965
2020-05-20,21.723567962646484
2020-05-21,22.357885360717773
2020-05-22,22.240419387817383
2020-05-25,22.318729400634766
2020-05-26,23.884960174560547
2020-05-27,24.276512145996094
2020-05-28,24.4722957611084
2020-05-29,25.231918334960938
2020-06-01,25.780086517333984
2020-06-02,26.704158782958984
2020-06-03,26.76681900024414
2020-06-04,27.111385345458984
2020-06-05,27.017423629760742
2020-06-08,27.095720291137695
2020-06-09,27.408967971801758
2020-06-10,26.907779693603516
2020-06-12,26.148155212402344
2020-06-15,25.827077865600586
2020-06-16,25.19276237487793
2020-06-17,26.414417266845703
2020-06-18,26.884288787841797
2020-06-19,26.915607452392578
2020-06-22,27.307157516479492
2020-06-23,27.463788986206055
2020-06-24,26.939102172851562
2020-06-25,27.549936294555664
2020-06-26,26.430078506469727
2020-06-29,26.5489559173584
2020-06-30,26.304088592529297
2020-07-01,26.18560218811035
2020-07-02,25.4351863861084
2020-07-03,25.593164443969727
2020-07-06,25.76694679260254
2020-07-07,25.56157112121582
2020-07-08,25.703754425048828
2020-07-09,25.537874221801758
2020-07-10,25.52207374572754
2020-07-13,25.35619354248047
2020-07-14,25.04022789001465
2020-07-15,25.09552001953125
2020-07-16,25.632659912109375
2020-07-17,26.620052337646484
2020-07-20,27.054506301879883
2020-07-21,26.659547805786133
2020-07-22,26.533161163330078
2020-07-23,26.65165138244629
2020-07-24,27.054506301879883
2020-07-27,28.634321212768555
2020-07-28,28.579036712646484
2020-07-29,28.59483528137207
2020-07-30,28.642229080200195
2020-07-31,28.531635284423828
2020-08-03,28.507944107055664
2020-08-04,28.67382049560547
2020-08-05,27.860214233398438
2020-08-06,27.694334030151367
2020-08-07,27.204587936401367
2020-08-10,26.864925384521484
2020-08-11,26.541057586669922
2020-08-12,26.738534927368164
2020-08-13,26.138208389282227
2020-08-14,26.462074279785156
2020-08-17,25.64056396484375
2020-08-18,25.972326278686523
2020-08-19,25.07972526550293
2020-08-20,25.150815963745117
2020-08-21,25.8143367767334
2020-08-24,25.506275177001953
2020-08-25,26.280384063720703
2020-08-26,25.672155380249023
2020-08-27,25.648460388183594
2020-08-28,26.572654724121094
2020-08-31,25.000728607177734
2020-09-01,25.403587341308594
2020-09-02,26.272489547729492
2020-09-03,25.76694679260254
2020-09-04,25.490480422973633
2020-09-08,24.953338623046875
2020-09-09,24.977033615112305
2020-09-10,25.11132049560547
2020-09-11,24.210819244384766
2020-09-14,24.676862716674805
2020-09-15,24.99283218383789
2020-09-16,24.376699447631836
2020-09-17,24.72426414489746
2020-09-18,23.871156692504883
2020-09-21,23.98174285888672
2020-09-22,24.424091339111328
2020-09-23,23.48409652709961
2020-09-24,24.305606842041016
2020-09-25,24.202922821044922
2020-09-28,23.17603874206543
2020-09-29,23.104944229125977
2020-09-30,23.555194854736328
2020-10-01,23.934349060058594
2020-10-02,23.934349060058594
2020-10-05,24.558385848999023
2020-10-06,24.874345779418945
2020-10-07,24.68476676940918
2020-10-08,24.64527702331543
2020-10-09,24.40829849243164
2020-10-13,24.139728546142578
2020-10-14,24.439895629882812
2020-10-15,24.147628784179688
2020-10-16,24.04494285583496
2020-10-19,24.068639755249023
2020-10-20,24.289813995361328
2020-10-21,24.305606842041016
2020-10-22,24.732162475585938
2020-10-23,24.58997917175293
2020-10-26,24.781278610229492
2020-10-27,24.318819046020508
2020-10-28,22.96333885192871
2020-10-29,22.979290008544922
2020-10-30,22.24574089050293
2020-11-03,21.870990753173828
2020-11-04,22.516834259033203
2020-11-05,23.704862594604492
2020-11-06,25.132102966308594
2020-11-09,25.355358123779297
2020-11-10,24.77330207824707
2020-11-11,23.84041404724121
2020-11-12,23.059024810791016
2020-11-13,23.649059295654297
2020-11-16,23.561344146728516
2020-11-17,25.331439971923828
2020-11-18,24.81316566467285
2020-11-19,24.845062255859375
2020-11-23,24.23908042907715
2020-11-24,25.044397354125977
2020-11-25,25.211837768554688
2020-11-26,25.387248992919922
2020-11-27,25.291574478149414
2020-11-30,25.602529525756836
2020-12-01,25.036418914794922
2020-12-02,25.148052215576172
2020-12-03,24.781278610229492
2020-12-04,25.076290130615234
2020-12-07,25.060340881347656
2020-12-08,26.025127410888672
2020-12-09,25.698204040527344
2020-12-10,25.634431838989258
2020-12-11,25.913494110107422
2020-12-14,25.51482391357422
2020-12-15,26.94205665588379
2020-12-16,27.579931259155273
2020-12-17,27.66763687133789
2020-12-18,27.021793365478516
2020-12-21,26.551368713378906
2020-12-22,26.631099700927734
2020-12-23,26.830429077148438
2020-12-28,27.827106475830078
2020-12-29,27.899362564086914
2020-12-30,27.537553787231445
2021-01-04,26.637054443359375
2021-01-05,27.521474838256836
2021-01-06,26.934539794921875
2021-01-07,26.878263473510742
2021-01-08,28.389816284179688
2021-01-11,27.41694450378418
2021-01-12,28.036046981811523
2021-01-13,28.132522583007812
2021-01-14,27.899362564086914
2021-01-15,27.979764938354492
2021-01-18,27.875240325927734
2021-01-19,28.47021484375
2021-01-20,28.132522583007812
2021-01-21,27.923486709594727
2021-01-22,27.859163284301758
2021-01-26,27.529516220092773
2021-01-27,26.78981590270996
2021-01-28,27.497352600097656
2021-01-29,25.961681365966797
2021-02-01,26.58077621459961
2021-02-02,26.733539581298828
2021-02-03,26.54861831665039
2021-02-04,26.701372146606445
2021-02-05,26.53253173828125
2021-02-08,26.54861831665039
2021-02-09,26.37976837158203
2021-02-10,26.339569091796875
2021-02-11,27.199871063232422
2021-02-12,27.19183349609375
2021-02-17,27.280269622802734
2021-02-18,27.32851219177246
2021-02-19,27.67423439025879
2021-02-22,27.063180923461914
2021-02-23,27.143587112426758
2021-02-24,27.167707443237305
2021-02-25,26.84609603881836
2021-02-26,26.355648040771484
2021-03-01,25.286312103271484
2021-03-02,25.752639770507812
2021-03-03,25.10942268371582
2021-03-04,25.278268814086914
2021-03-05,25.49535369873047
2021-03-08,24.538572311401367
2021-03-09,24.988821029663086
2021-03-10,25.053146362304688
2021-03-11,25.559673309326172
2021-03-12,25.302387237548828
2021-03-15,25.59987449645996
2021-03-16,25.350629806518555
2021-03-17,25.993846893310547
2021-03-18,25.422990798950195
2021-03-19,26.42801284790039
2021-03-22,26.572731018066406
2021-03-23,26.2672061920166
2021-03-24,25.487316131591797
2021-03-25,26.074243545532227
2021-03-26,26.00992202758789
2021-03-29,26.136272430419922
2021-03-30,26.37166976928711
2021-03-31,25.998291015625
2021-04-01,25.811603546142578
2021-04-05,26.88302230834961
2021-04-06,26.48529624938965
2021-04-07,26.607051849365234
2021-04-08,27.475553512573242
2021-04-09,27.1346492767334
2021-04-12,27.751529693603516
2021-04-13,28.490161895751953
2021-04-14,27.865169525146484
2021-04-15,28.352170944213867
2021-04-16,28.733671188354492
2021-04-19,28.571340560913086
2021-04-20,28.246652603149414
2021-04-22,28.506393432617188
2021-04-23,28.9609432220459
2021-04-26,28.42522621154785
2021-04-27,28.124906539916992
2021-04-28,28.149255752563477
2021-04-29,28.482040405273438
2021-04-30,28.13301658630371
2021-05-03,27.873281478881836
2021-05-04,27.678476333618164
2021-05-05,28.23042106628418
2021-05-06,27.41874122619629
2021-05-07,28.18171501159668
2021-05-10,27.57295799255371
2021-05-11,27.508020401000977
2021-05-12,26.92361068725586
2021-05-13,27.434974670410156
2021-05-14,27.378156661987305
2021-05-17,28.09243392944336
2021-05-18,27.840810775756836
2021-05-19,28.473928451538086
2021-05-20,28.725549697875977
2021-05-21,29.06645965576172
2021-05-24,28.9609432220459
2021-05-25,28.9122371673584
2021-05-26,28.530746459960938
2021-05-27,29.228792190551758
2021-05-28,29.38301658630371
2021-05-31,29.54536247253418
2021-06-01,29.886272430419922
2021-06-02,29.407367706298828
2021-06-04,29.098926544189453
2021-06-07,30.016124725341797
2021-06-08,29.06645965576172
2021-06-09,28.652498245239258
2021-06-10,29.480422973632812
2021-06-11,28.595680236816406
2021-06-14,28.741792678833008
2021-06-15,28.77425765991211
2021-06-16,29.21256446838379
2021-06-17,29.277498245239258
2021-06-18,29.46418571472168
2021-06-21,29.64275550842285
2021-06-22,29.74015998840332
2021-06-23,29.5534725189209
2021-06-24,29.67522621154785
2021-06-25,28.652498245239258
2021-06-28,28.644390106201172
2021-06-29,28.246652603149414
2021-06-30,27.978796005249023
2021-07-01,27.654129028320312
2021-07-02,27.954448699951172
2021-07-05,27.905752182006836
2021-07-06,27.49991226196289
2021-07-07,27.873281478881836
2021-07-08,27.556716918945312
2021-07-12,27.816463470458984
2021-07-13,29.5859375
2021-07-14,28.717435836791992
2021-07-15,28.40899085998535
2021-07-16,28.51451301574707
2021-07-19,28.32782745361328
2021-07-20,28.00315284729004
2021-07-21,28.011268615722656
2021-07-22,28.652498245239258
2021-07-23,29.696443557739258
2021-07-26,29.680072784423828
2021-07-27,28.984127044677734
2021-07-28,29.639135360717773
2021-07-29,29.868385314941406
2021-07-30,29.18882179260254
2021-08-02,30.294137954711914
2021-08-03,30.105833053588867
2021-08-04,30.195894241333008
2021-08-05,29.843826293945312
2021-08-06,29.786510467529297
2021-08-09,30.023948669433594
2021-08-10,29.7783203125
2021-08-11,29.999380111694336
2021-08-12,29.622758865356445
2021-08-13,29.942073822021484
2021-08-16,29.057815551757812
2021-08-17,28.27998924255371
2021-08-18,27.854230880737305
2021-08-19,28.722124099731445
2021-08-20,29.03325653076172
2021-08-23,28.910432815551758
2021-08-24,28.48468017578125
2021-08-25,28.681182861328125
2021-08-26,28.27998924255371
2021-08-27,28.239049911499023
2021-08-30,28.14080047607422
2021-08-31,29.123315811157227
2021-09-01,28.681182861328125
2021-09-02,27.903358459472656
2021-09-03,28.230863571166992
2021-09-06,28.468307495117188
2021-09-08,27.510356903076172
2021-09-09,28.492860794067383
2021-09-10,28.239049911499023
2021-09-13,28.501047134399414
2021-09-14,28.492860794067383
2021-09-15,28.04254722595215
2021-09-16,27.45303726196289
2021-09-17,27.40391731262207
2021-09-20,27.133724212646484
2021-09-21,26.830785751342773
2021-09-22,26.912660598754883
2021-09-23,26.888093948364258
2021-09-24,26.76527976989746
2021-09-27,26.470531463623047
2021-09-28,26.40022087097168
2021-09-29,26.59033203125
2021-09-30,26.565532684326172
2021-10-01,26.573801040649414
2021-10-04,25.086000442504883
2021-10-05,24.9868106842041
2021-10-06,24.63965606689453
2021-10-07,24.16025733947754
2021-10-08,24.275970458984375
2021-10-11,24.342098236083984
2021-10-13,24.474346160888672
2021-10-14,24.176786422729492
2021-10-15,24.780174255371094
2021-10-18,25.193445205688477
2021-10-19,24.16025733947754
2021-10-20,24.226383209228516
2021-10-21,23.59819221496582
2021-10-22,23.110525131225586
2021-10-25,23.763507843017578
2021-10-26,23.160120010375977
2021-10-27,23.573402404785156
2021-10-28,23.176654815673828
2021-10-29,23.19318389892578
2021-11-01,23.84616470336914
2021-11-03,24.565265655517578
2021-11-04,24.061071395874023
2021-11-05,24.201583862304688
2021-11-08,23.87922477722168
2021-11-09,24.39995574951172
2021-11-10,24.08586883544922
2021-11-11,24.300771713256836
2021-11-12,24.317302703857422
2021-11-16,24.011474609375
2021-11-17,23.771778106689453
2021-11-18,23.986677169799805
2021-11-19,23.912288665771484
2021-11-22,23.73044776916504
2021-11-23,23.556867599487305
2021-11-24,23.548599243164062
2021-11-25,23.83789825439453
2021-11-26,23.011341094970703
2021-11-29,22.606332778930664
2021-11-30,22.416217803955078
2021-12-01,22.15172004699707
2021-12-02,22.7799015045166
2021-12-03,23.375028610229492
2021-12-06,23.441152572631836
2021-12-07,23.73044776916504
2021-12-08,23.945343017578125
2021-12-09,24.044538497924805
2021-12-10,24.408218383789062
2021-12-13,24.234647750854492
2021-12-14,24.003211975097656
2021-12-15,24.30903434753418
2021-12-16,24.226383209228516
2021-12-17,24.350366592407227
2021-12-20,23.870960235595703
2021-12-21,23.72218132019043
2021-12-22,23.490745544433594
2021-12-23,23.45768165588379
2021-12-27,23.705646514892578
2021-12-28,24.011474609375
2021-12-29,23.35628318786621
2021-12-30,23.6152400970459
2022-01-03,22.930259704589844
2022-01-04,22.804956436157227
2022-01-05,22.39563751220703
2022-01-06,22.629531860351562
2022-01-07,22.79660415649414
2022-01-10,22.353864669799805
2022-01-11,22.312101364135742
2022-01-12,22.353864669799805
2022-01-13,22.629531860351562
2022-01-14,23.389698028564453
2022-01-17,23.23933982849121
2022-01-18,23.414762496948242
2022-01-19,23.74054527282715
2022-01-20,24.241750717163086
2022-01-21,24.609304428100586
2022-01-24,24.275161743164062
2022-01-25,24.609304428100586
2022-01-26,24.993560791015625
2022-01-27,25.03533172607422
2022-01-28,25.085451126098633
2022-01-31,25.987627029418945
2022-02-01,26.01268196105957
2022-02-02,25.828908920288086
2022-02-03,26.05445671081543
2022-02-04,25.80385398864746
2022-02-07,25.95421028137207
2022-02-08,25.937503814697266
2022-02-09,26.04610252380371
2022-02-10,25.920801162719727
2022-02-11,25.74537467956543
2022-02-14,26.8647403717041
2022-02-15,26.589075088500977
2022-02-16,26.4971866607666
2022-02-17,26.83968162536621
2022-02-18,27.240644454956055
2022-02-21,26.65590476989746
2022-02-22,27.357589721679688
2022-02-23,27.182172775268555
2022-02-24,27.223939895629883
2022-02-25,27.98410415649414
2022-03-02,27.858802795410156
2022-03-03,27.833740234375
2022-03-04,27.0401611328125
2022-03-07,26.7310848236084
2022-03-08,27.056867599487305
2022-03-09,27.84209442138672
2022-03-10,27.257349014282227
2022-03-11,26.83968162536621
2022-03-14,26.898155212402344
2022-03-15,27.683374404907227
2022-03-16,28.13446807861328
2022-03-17,28.81108856201172
2022-03-18,28.919689178466797
2022-03-21,29.6547908782959
2022-03-22,30.24788475036621
2022-03-23,30.38990592956543
2022-03-24,31.033119201660156
2022-03-25,32.202598571777344
2022-03-28,32.04389190673828
2022-03-29,31.846569061279297
2022-03-30,32.19180679321289
2022-03-31,32.59599685668945
2022-04-01,33.025447845458984
2022-04-04,32.84019470214844
2022-04-05,32.88228225708008
2022-04-06,32.68019485473633
2022-04-07,32.52021408081055
2022-04-08,32.77281951904297
2022-04-11,33.092803955078125
2022-04-12,33.084388732910156
2022-04-13,33.1685905456543
2022-04-14,32.621253967285156
2022-04-18,32.55389404296875
2022-04-19,31.897085189819336
2022-04-20,31.829723358154297
2022-04-22,31.829723358154297
2022-04-25,31.619216918945312
2022-04-26,30.96241569519043
2022-04-27,31.181339263916016
2022-04-28,32.12445068359375
2022-04-29,31.509742736816406
2022-05-02,31.198179244995117
2022-05-03,30.751880645751953
2022-05-04,31.64447021484375
2022-05-05,30.044565200805664
2022-05-06,30.086666107177734
2022-05-09,29.85931396484375
2022-05-10,29.808792114257812
2022-05-11,30.364543914794922
2022-05-12,31.02134895324707
2022-05-13,31.38344383239746
2022-05-16,31.206602096557617
2022-05-17,31.535009384155273
2022-05-18,30.37296485900879
2022-05-19,31.088703155517578
2022-05-20,32.63809585571289
2022-05-23,32.88228225708008
2022-05-24,33.38752365112305
2022-05-25,34.01907730102539
2022-05-26,33.74961471557617
2022-05-27,32.93282699584961
2022-05-30,32.50337219238281
2022-05-31,32.66335678100586
2022-06-01,35.164268493652344
2022-06-02,35.13058853149414
2022-06-03,35.40846633911133
2022-06-06,35.231632232666016
2022-06-07,34.465354919433594
2022-06-08,33.62331008911133
2022-06-09,32.57073211669922
2022-06-10,32.7559928894043
2022-06-13,31.922346115112305
2022-06-14,31.290813446044922
2022-06-15,32.45284652709961
2022-06-17,32.14970779418945
2022-06-20,31.661314010620117
2022-06-21,31.57710838317871
2022-06-22,32.15812683105469
2022-06-23,32.64651107788086
2022-06-24,31.956031799316406
2022-06-27,32.66335678100586
2022-06-28,32.51451873779297
2022-06-29,31.742177963256836
2022-06-30,32.28535842895508
2022-07-01,31.886459350585938
2022-07-04,31.623361587524414
2022-07-05,31.877973556518555
2022-07-06,34.033721923828125
2022-07-07,33.974308013916016
2022-07-08,33.88944625854492
2022-07-11,33.19349670410156
2022-07-12,33.414161682128906
2022-07-13,33.50752258300781
2022-07-14,33.252906799316406
2022-07-15,33.83003234863281
2022-07-18,33.60087585449219
2022-07-19,34.37321090698242
2022-07-20,33.27836227416992
2022-07-21,33.660301208496094
2022-07-22,33.88944625854492
2022-07-25,33.626346588134766
2022-07-26,33.312313079833984
2022-07-27,33.821556091308594
2022-07-28,34.36473083496094
2022-07-29,36.14704513549805
2022-08-01,35.85847854614258
2022-08-02,36.180999755859375
2022-08-03,36.528968811035156
2022-08-04,36.15553283691406
2022-08-05,36.282840728759766
2022-08-08,36.46107482910156
2022-08-09,35.70571517944336
2022-08-10,36.49502182006836
2022-08-11,35.31529235839844
2022-08-12,36.07914352416992
2022-08-15,35.45956802368164
2022-08-16,35.595375061035156
2022-08-17,35.51898956298828
2022-08-18,34.85698699951172
2022-08-19,35.45109558105469
2022-08-22,36.019737243652344
2022-08-23,36.06217575073242
2022-08-24,37.3607177734375
2022-08-25,37.25886535644531
2022-08-26,36.71569061279297
2022-08-29,36.953330993652344
2022-08-30,37.173988342285156
2022-08-31,36.5544319152832
2022-09-01,37.10611343383789
2022-09-02,37.140045166015625
2022-09-05,37.04670333862305
2022-09-06,36.43560791015625
2022-09-08,36.86845016479492
2022-09-09,37.02122497558594
2022-09-12,37.173988342285156
2022-09-13,37.06365966796875
2022-09-14,36.70719909667969
2022-09-15,36.29132843017578
2022-09-16,35.722679138183594
2022-09-19,37.267356872558594
2022-09-20,37.53047180175781
2022-09-21,38.15851974487305
2022-09-22,38.23490524291992
2022-09-23,38.990264892578125
2022-09-26,38.41312789916992
2022-09-27,38.03120040893555
2022-09-28,37.61533737182617
2022-09-29,37.30300521850586
2022-09-30,37.81576156616211
2022-10-03,39.0121955871582
2022-10-04,38.81563949584961
2022-10-05,39.56768798828125
2022-10-06,39.65314865112305
2022-10-07,39.25148010253906
2022-10-10,40.22572326660156
2022-10-11,39.815513610839844
2022-10-13,39.371131896972656
2022-10-14,39.097660064697266
2022-10-17,40.31971740722656
2022-10-18,41.02049255371094
2022-10-19,41.65289306640625
2022-10-20,41.413597106933594
2022-10-21,41.618709564208984
2022-10-24,41.04612731933594
2022-10-25,39.448036193847656
2022-10-26,39.52495193481445
2022-10-27,41.02049255371094
2022-10-28,41.72980880737305
2022-10-31,43.421897888183594
2022-11-01,41.798179626464844
2022-11-03,41.148681640625
2022-11-04,41.105953216552734
2022-11-07,40.952125549316406
2022-11-08,41.67853927612305
2022-11-09,41.50761795043945
2022-11-10,40.345359802246094
2022-11-11,39.98644256591797
2022-11-14,40.661563873291016
2022-11-16,38.567806243896484
2022-11-17,38.84982681274414
2022-11-18,38.200340270996094
2022-11-21,38.918190002441406
2022-11-22,37.89268112182617
2022-11-23,37.226104736328125
2022-11-24,38.54216766357422
2022-11-25,38.16614532470703
2022-11-28,37.74739456176758
2022-11-29,37.9525146484375
2022-11-30,37.9781379699707
2022-12-01,37.92686080932617
2022-12-02,38.67890548706055
2022-12-05,36.96116638183594
2022-12-06,36.072383880615234
2022-12-07,36.57659912109375
2022-12-08,36.345855712890625
2022-12-09,36.28603744506836
2022-12-12,35.43144989013672
2022-12-13,35.12379837036133
2022-12-14,35.62800598144531
2022-12-15,35.978397369384766
2022-12-16,36.32876968383789
2022-12-19,37.046630859375
2022-12-20,37.52519989013672
2022-12-21,37.77303695678711
2022-12-22,38.18323516845703
2022-12-23,38.57440948486328
2022-12-26,37.946266174316406
2022-12-27,38.126953125
2022-12-28,38.6002197265625
2022-12-29,38.89277267456055
2023-01-02,37.62789535522461
2023-01-03,36.001625061035156
2023-01-04,36.122093200683594
2023-01-05,36.58674240112305
2023-01-06,37.111629486083984
2023-01-09,36.97395324707031
2023-01-10,37.214881896972656
2023-01-11,38.74649429321289
2023-01-12,38.815338134765625
2023-01-13,38.16138458251953
2023-01-16,37.077213287353516
2023-01-17,37.249298095703125
2023-01-18,38.27323913574219
2023-01-19,38.55720138549805
2023-01-20,38.20439910888672
2023-01-23,37.834407806396484
2023-01-24,37.8946418762207
2023-01-25,38.10976791381836
2023-01-26,37.92905807495117
2023-01-27,38.436729431152344
2023-01-30,38.62602615356445
2023-01-31,39.92532730102539
2023-02-01,39.546722412109375
2023-02-02,38.720680236816406
2023-02-03,38.62602615356445
2023-02-06,38.815338134765625
2023-02-07,38.29905700683594
2023-02-08,38.815338134765625
2023-02-09,38.617431640625
2023-02-10,39.15092086791992
2023-02-13,39.06486511230469
2023-02-14,38.789520263671875
2023-02-15,39.27997970581055
2023-02-16,39.86509704589844
2023-02-17,37.91184616088867
2023-02-22,37.67953109741211
2023-02-23,37.946266174316406
2023-02-24,37.3869743347168
2023-02-27,36.65557861328125
2023-02-28,35.838134765625
2023-03-01,35.51116180419922
2023-03-02,35.94999694824219
2023-03-03,36.027442932128906
2023-03-06,36.483489990234375
2023-03-07,35.95861053466797
2023-03-08,36.414649963378906
2023-03-09,35.450931549072266
2023-03-10,34.80559539794922
2023-03-13,34.8141975402832
2023-03-14,34.99488830566406
2023-03-15,35.40791702270508
2023-03-16,35.76930236816406
2023-03-17,35.270240783691406
2023-03-20,35.1153564453125
2023-03-21,34.702335357666016
2023-03-22,34.43558883666992
2023-03-23,33.96233367919922
2023-03-24,34.134429931640625
2023-03-27,34.08280563354492
2023-03-28,34.865821838378906
2023-03-29,34.977684020996094
2023-03-30,34.31427001953125
2023-03-31,32.684383392333984
2023-04-03,31.565998077392578
2023-04-04,32.84043502807617
2023-04-05,32.94446563720703
2023-04-06,32.805755615234375
2023-04-10,31.687366485595703
2023-04-11,32.86643600463867
2023-04-12,32.797080993652344
2023-04-13,32.64104080200195
2023-04-14,32.42429733276367
2023-04-17,32.78841781616211
2023-04-18,32.55433654785156
2023-04-19,31.704715728759766
2023-04-20,32.14686965942383
2023-04-24,31.730716705322266
2023-04-25,31.045825958251953
2023-04-26,31.236555099487305
2023-04-27,31.210552215576172
2023-04-28,32.294254302978516
2023-05-02,32.04282760620117
2023-05-03,31.713382720947266
2023-05-04,31.834754943847656
2023-05-05,32.45029830932617
2023-05-08,32.701725006103516
2023-05-09,33.395286560058594
2023-05-10,33.438636779785156
2023-05-11,32.701725006103516
2023-05-12,32.99648666381836
2023-05-15,32.99648666381836
2023-05-16,32.77107620239258
2023-05-17,32.94446563720703
2023-05-18,33.421295166015625
2023-05-19,34.18421936035156
2023-05-22,34.50498962402344
2023-05-23,34.11486053466797
2023-05-24,34.045509338378906
2023-05-25,35.01649856567383
2023-05-26,35.7187385559082
2023-05-29,35.91814041137695
2023-05-30,35.588687896728516
2023-05-31,35.38928985595703
2023-06-01,36.056846618652344
2023-06-02,36.40364074707031
2023-06-05,36.92380905151367
2023-06-06,38.38029479980469
2023-06-07,38.102874755859375
2023-06-09,39.74142837524414
2023-06-12,39.940834045410156
2023-06-13,39.333961486816406
2023-06-14,39.74142837524414
2023-06-15,39.437992095947266
2023-06-16,39.177913665771484
2023-06-19,39.299278259277344
2023-06-20,38.579708099365234
2023-06-21,38.37162399291992
2023-06-22,37.556697845458984
2023-06-23,37.920814514160156
2023-06-26,37.58270263671875
2023-06-27,37.21857833862305
2023-06-28,37.95549011230469
2023-06-29,38.822452545166016
2023-06-30,39.8888053894043
2023-07-03,40.33963394165039
2023-07-04,40.25654602050781
2023-07-05,40.49216842651367
2023-07-06,40.04710388183594
2023-07-07,39.916202545166016
2023-07-10,39.30533218383789
2023-07-11,39.07843780517578
2023-07-12,39.340240478515625
2023-07-13,39.427513122558594
2023-07-14,38.964988708496094
2023-07-17,39.287879943847656
2023-07-18,38.70318603515625
2023-07-19,38.41520690917969
2023-07-20,38.2144889831543
2023-07-21,38.95626449584961
2023-07-24,38.57228469848633
2023-07-25,38.659549713134766
2023-07-26,39.13951873779297
2023-07-27,38.46755599975586
2023-07-28,38.39774703979492
2023-07-31,37.75197219848633
2023-08-01,37.90032958984375
2023-08-02,38.41520690917969
2023-08-03,38.720638275146484
2023-08-04,38.91263198852539
2023-08-07,38.851531982421875
2023-08-08,37.99632263183594
2023-08-09,37.75197219848633
2023-08-10,38.58100509643555
2023-08-11,38.005043029785156
2023-08-14,37.59488296508789
2023-08-15,37.219642639160156
2023-08-16,36.442955017089844
2023-08-17,36.41678237915039
2023-08-18,36.1287956237793
2023-08-21,35.910621643066406
2023-08-22,35.94552230834961
2023-08-23,35.6837272644043
2023-08-24,35.02049255371094
2023-08-25,34.985591888427734
2023-08-28,35.01176452636719
2023-08-29,35.25612258911133
2023-08-30,34.636512756347656
2023-08-31,34.0256462097168
2023-09-01,34.732505798339844
2023-09-04,34.907039642333984
2023-09-05,34.38343048095703
2023-09-06,33.64166259765625
2023-09-08,33.55438995361328
2023-09-11,34.40962219238281
2023-09-12,35.25612258911133
2023-09-13,34.976863861083984
2023-09-14,34.04309844970703
2023-09-15,32.80389404296875
2023-09-18,33.5456657409668
2023-09-19,33.013336181640625
2023-09-20,32.97842788696289
2023-09-21,32.50718688964844
2023-09-22,32.376285552978516
2023-09-25,32.7253532409668
2023-09-26,32.31519317626953
2023-09-27,31.91376304626465
2023-09-28,32.05872344970703
2023-09-29,32.68352508544922
2023-10-02,31.777118682861328
2023-10-03,30.905912399291992
2023-10-04,31.372312545776367
2023-10-05,31.26671600341797
2023-10-06,30.958715438842773
2023-10-09,31.12591552734375
2023-10-10,31.82992172241211
2023-10-11,31.601131439208984
2023-10-13,29.955501556396484
2023-10-16,30.448307037353516
2023-10-17,29.876306533813477
2023-10-18,29.823501586914062
2023-10-19,29.76190185546875
2023-10-20,29.691499710083008
2023-10-23,29.788297653198242
2023-10-24,29.946706771850586
2023-10-25,29.207490921020508
2023-10-26,30.087507247924805
2023-10-27,27.60588264465332
2023-10-30,26.303466796875
2023-10-31,26.655473709106445
2023-11-01,27.042673110961914
2023-11-03,27.667484283447266
2023-11-06,27.7642822265625
2023-11-07,28.529890060424805
2023-11-08,28.776290893554688
2023-11-09,28.494691848754883
2023-11-10,28.644287109375
2023-11-13,28.045886993408203
2023-11-14,29.392295837402344
2023-11-16,30.1050968170166
2023-11-17,29.876306533813477
2023-11-20,30.53631019592285
2023-11-21,30.043502807617188
2023-11-22,30.219507217407227
2023-11-23,30.518707275390625
2023-11-24,30.184307098388672
2023-11-27,29.40110206604004
2023-11-28,29.524293899536133
2023-11-29,29.216299057006836
2023-11-30,29.726701736450195
2023-12-01,30.096303939819336
2023-12-04,29.920299530029297
2023-12-05,30.377910614013672
2023-12-06,32.20833206176758
2023-12-07,31.433923721313477
2023-12-08,31.293121337890625
2023-12-11,30.976322174072266
2023-12-12,31.1787166595459
2023-12-13,32.155521392822266
2023-12-14,31.9619197845459
2023-12-15,30.79151725769043
2023-12-18,31.372312545776367
2023-12-19,32.005924224853516
2023-12-20,31.134716033935547
2023-12-21,31.372312545776367
2023-12-22,31.873916625976562
2023-12-26,31.65391731262207
2023-12-27,31.995271682739258
2023-12-28,31.729015350341797
2024-01-02,31.205373764038086
2024-01-03,30.930234909057617
2024-01-04,30.672855377197266
2024-01-05,31.267505645751953
2024-01-08,32.15502166748047
2024-01-09,31.391754150390625
2024-01-10,31.0988712310791
2024-01-11,30.62847900390625
2024-01-12,31.19649314880371
2024-01-15,30.60186004638672
2024-01-16,30.051593780517578
2024-01-17,29.6788272857666
2024-01-18,29.394821166992188
2024-01-19,29.119691848754883
2024-01-22,28.746931076049805
2024-01-23,28.826801300048828
2024-01-24,28.587175369262695
2024-01-25,28.036909103393555
2024-01-26,27.584270477294922
2024-01-29,28.356420516967773
2024-01-30,27.708526611328125
2024-01-31,28.161163330078125
2024-02-01,28.374170303344727
2024-02-02,27.84562110900879
2024-02-05,27.863420486450195
2024-02-06,28.2462100982666
2024-02-07,28.993986129760742
2024-02-08,28.566686630249023
2024-02-09,28.353036880493164
2024-02-14,27.462833404541016
2024-02-15,28.397546768188477
2024-02-16,29.572616577148438
2024-02-19,28.9583740234375
2024-02-20,29.127511978149414
2024-02-21,29.43018341064453
2024-02-22,30.02661895751953
2024-02-23,29.934003829956055
2024-02-26,29.68403434753418
2024-02-27,30.380382537841797
2024-02-28,30.38930892944336
2024-02-29,29.35371971130371
2024-03-01,30.532150268554688
2024-03-04,30.050065994262695
2024-03-05,29.1751651763916
2024-03-06,29.800090789794922
2024-03-07,29.326934814453125
2024-03-08,29.460845947265625
2024-03-11,29.246580123901367
2024-03-12,29.9786434173584
2024-03-13,30.38930892944336
2024-03-14,29.264440536499023
2024-03-15,30.442873001098633
2024-03-18,29.73760414123535
2024-03-19,29.728666305541992
2024-03-20,31.06779670715332
2024-03-21,31.06779670715332
2024-03-22,30.53624153137207
2024-03-25,30.527286529541016
2024-03-26,29.837966918945312
2024-03-27,29.900630950927734
2024-03-28,29.47987174987793
2024-04-01,28.924833297729492
2024-04-02,28.647308349609375
2024-04-03,28.262365341186523
2024-04-04,28.31607437133789
2024-04-05,27.957983016967773
2024-04-08,27.886367797851562
2024-04-09,28.065410614013672
2024-04-10,27.537227630615234
2024-04-11,26.964284896850586
2024-04-12,26.901615142822266
2024-04-15,26.30181121826172
2024-04-16,26.33761978149414
2024-04-17,25.334962844848633
2024-04-18,25.424488067626953
2024-04-19,25.379728317260742
2024-04-22,25.961627960205078
2024-04-23,26.042198181152344
2024-04-24,25.850202560424805
2024-04-25,24.386138916015625
2024-04-26,25.64362144470215
2024-04-29,27.017866134643555
2024-04-30,26.514877319335938
2024-05-02,26.757387161254883
2024-05-03,27.179542541503906
2024-05-06,26.97295570373535
2024-05-07,27.07175636291504
2024-05-08,27.350200653076172
2024-05-09,27.296310424804688
2024-05-10,26.97295570373535
2024-05-13,27.269359588623047
2024-05-14,27.323251724243164
2024-05-15,27.269359588623047
2024-05-16,27.197507858276367
2024-05-17,27.242416381835938
2024-05-20,27.727445602416992
2024-05-21,27.080739974975586
2024-05-22,27.0268497467041
2024-05-23,27.0268497467041
2024-05-24,26.76225471496582
2024-05-27,26.987524032592773
2024-05-28,26.942468643188477
2024-05-29,25.32051658630371
2024-05-31,24.464481353759766
2024-06-03,25.78006935119629
2024-06-04,25.599849700927734
2024-06-05,25.879186630249023
2024-06-06,26.185556411743164
2024-06-07,25.870174407958984
2024-06-10,25.951276779174805
2024-06-11,26.149513244628906
2024-06-12,25.861169815063477
2024-06-13,25.78006935119629
2024-06-14,25.897207260131836
2024-06-17,25.861169815063477
2024-06-18,25.969297409057617
2024-06-19,26.500938415527344
2024-06-20,25.942262649536133
2024-06-21,26.176546096801758
2024-06-24,26.435728073120117
2024-06-25,26.57134437561035
2024-06-26,26.282032012939453
2024-06-27,26.508056640625
2024-06-28,25.947519302368164
2024-07-01,26.164499282836914
2024-07-02,25.947519302368164
2024-07-03,26.11025619506836
2024-07-04,26.065048217773438
2024-07-05,26.173540115356445
2024-07-08,25.974641799926758
2024-07-09,26.282032012939453
2024-07-10,26.40860366821289
2024-07-11,26.028884887695312
2024-07-12,26.643672943115234
2024-07-15,26.128332138061523
2024-07-16,26.218748092651367
2024-07-17,26.01984405517578
2024-07-18,25.46834945678711
2024-07-19,25.649166107177734
2024-07-22,26.200664520263672
2024-07-23,25.938474655151367
2024-07-24,25.314655303955078
2024-07-25,25.311634063720703
2024-07-26,26.77227210998535
2024-07-29,26.717838287353516
2024-07-30,26.790414810180664
2024-07-31,26.128141403198242
2024-08-01,25.547515869140625
2024-08-02,25.629165649414062
2024-08-05,26.354948043823242
2024-08-06,26.672475814819336
2024-08-07,26.944644927978516
2024-08-08,26.899280548095703
2024-08-09,26.681549072265625
2024-08-12,27.289390563964844
2024-08-13,28.26012420654297
2024-08-14,28.713735580444336
2024-08-15,28.405277252197266
2024-08-16,28.114967346191406
2024-08-19,29.27621841430664
2024-08-20,28.849821090698242
2024-08-21,28.904254913330078
2024-08-22,27.98795509338379
2024-08-23,28.15125846862793
2024-08-26,27.897233963012695
2024-08-27,27.171451568603516
2024-08-28,27.41640281677246
2024-08-29,26.427520751953125
2024-08-30,25.89225959777832
2024-09-02,25.538442611694336
2024-09-03,25.447721481323242
2024-09-04,25.65637969970703
2024-09-05,25.946697235107422
2024-09-06,25.692670822143555
2024-09-09,25.61102294921875
2024-09-10,25.6835994720459
2024-09-11,26.536392211914062
2024-09-12,25.7380313873291
2024-09-13,26.38216209411621
2024-09-16,26.3640193939209
2024-09-17,26.563610076904297
2024-09-18,26.27329444885254
2024-09-19,25.65637969970703
2024-09-20,24.776371002197266
2024-09-23,24.58585548400879
2024-09-24,24.497539520263672
2024-09-25,23.80309295654297
2024-09-26,23.994979858398438
2024-09-27,24.397031784057617
2024-09-30,23.96756935119629
2024-10-01,24.31479263305664
2024-10-02,24.415302276611328
2024-10-03,24.19600486755371
2024-10-04,24.488401412963867
2024-10-07,24.990964889526367
2024-10-08,25.17371368408203
2024-10-09,24.56150245666504
2024-10-10,24.378755569458008
2024-10-11,24.323928833007812
2024-10-14,24.789939880371094
2024-10-15,24.7990779876709
2024-10-16,24.45185661315918
2024-10-17,23.702585220336914
2024-10-18,23.455869674682617
2024-10-21,23.903608322143555
2024-10-22,25.68541145324707
2024-10-23,24.963552474975586
2024-10-24,25.347322463989258
2024-10-25,23.94015884399414
2024-10-28,21.856815338134766
2024-10-29,22.01215171813965
2024-10-30,22.021289825439453
2024-10-31,20.193798065185547
2024-11-01,20.76032066345215
2024-11-04,20.34913444519043
2024-11-05,20.376544952392578
2024-11-06,20.184659957885742
2024-11-07,19.6638240814209
2024-11-08,19.142988204956055
2024-11-11,19.1612606048584
2024-11-12,18.923686981201172
2024-11-13,18.88714027404785
2024-11-14,18.823177337646484
2024-11-18,18.923686981201172
2024-11-19,18.731800079345703
2024-11-21,18.320613861083984
2024-11-22,18.439403533935547
2024-11-25,18.52164077758789
2024-11-26,18.57646369934082
2024-11-27,18.265790939331055
2024-11-28,17.95511817932129
2024-11-29,17.836332321166992
2024-12-02,17.98253059387207
2024-12-03,18.183555603027344
2024-12-04,17.927703857421875
2024-12-05,18.09217643737793
2024-12-06,17.352046966552734
2024-12-09,17.315494537353516
2024-12-10,17.361181259155273
2024-12-11,17.525657653808594
2024-12-12,17.059646606445312
2024-12-13,16.831209182739258
2024-12-16,16.43829917907715
2024-12-17,16.237274169921875
2024-12-18,15.35094165802002
2024-12-19,15.762125968933105
2024-12-20,16.493122100830078
2024-12-23,17.041370391845703
2024-12-26,16.602773666381836
2024-12-27,16.4748477935791
2024-12-30,16.7978515625
2025-01-02,16.55642318725586
2025-01-03,16.63999366760254
2025-01-06,16.742137908935547
2025-01-07,16.72356605529785
2025-01-08,16.742137908935547
2025-01-09,16.649280548095703
2025-01-10,16.547134399414062
2025-01-13,16.69570541381836
2025-01-14,16.779277801513672
2025-01-15,17.08570671081543
2025-01-16,16.7978515625
2025-01-17,16.983562469482422
2025-01-20,17.067136764526367
2025-01-21,17.122852325439453
2025-01-22,17.020706176757812
2025-01-23,17.029993057250977
2025-01-24,17.08570671081543
2025-01-27,17.457136154174805
2025-01-28,16.87213897705078
2025-01-29,16.80713653564453
2025-01-30,17.08570671081543
2025-01-31,16.97427749633789
2025-02-03,17.41070556640625
2025-02-04,17.624277114868164
2025-02-05,17.6149959564209
2025-02-06,17.642850875854492
2025-02-07,17.224994659423828
2025-02-10,17.419994354248047
2025-02-11,17.809993743896484
2025-02-12,18.00499153137207
2025-02-13,17.967851638793945
2025-02-14,18.31142234802246
2025-02-17,18.682849884033203
2025-02-18,19.035703659057617
2025-02-19,18.55284881591797
2025-02-20,18.580707550048828
2025-02-21,18.125707626342773
2025-02-24,17.82856559753418
2025-02-25,17.82856559753418
2025-02-26,17.87499237060547
2025-02-27,17.884279251098633
2025-02-28,17.68927764892578
2025-03-05,18.199995040893555
2025-03-06,18.26499366760254
2025-03-07,18.144277572631836
2025-03-10,17.67070770263672
2025-03-11,17.82856559753418
2025-03-12,18.329994201660156
2025-03-13,18.692136764526367
2025-03-14,18.887134552001953
2025-03-17,19.06356430053711
2025-03-18,18.76641845703125
2025-03-19,18.645708084106445
2025-03-20,18.209280014038086
2025-03-21,18.92427635192871
2025-03-24,18.62713623046875
2025-03-25,18.76641845703125
2025-03-26,18.478565216064453
2025-03-27,18.320707321166992
2025-03-28,18.621822357177734
2025-03-31,18.254289627075195
2025-04-01,18.423919677734375
2025-04-02,19.008207321166992
2025-04-03,19.36631965637207
2025-04-04,19.15899085998535
2025-04-07,18.91396713256836
2025-04-08,18.254289627075195
2025-04-09,18.621822357177734
2025-04-10,18.226015090942383
2025-04-11,18.254289627075195
2025-04-14,18.58412742614746
2025-04-15,18.64067268371582
2025-04-16,18.716062545776367
2025-04-17,18.819726943969727
2025-04-22,19.375741958618164
2025-04-23,19.809247970581055
2025-04-24,22.24064064025879
2025-04-25,22.645872116088867
2025-04-28,21.750591278076172
2025-04-29,21.97676658630371
2025-04-30,22.730688095092773
2025-05-02,21.646928787231445
2025-05-05,21.467872619628906
2025-05-06,21.93907356262207
2025-05-07,21.486719131469727
2025-05-08,21.486719131469727
2025-05-09,21.7128963470459
2025-05-12,21.8071346282959
2025-05-13,22.071008682250977
2025-05-14,22.99456024169922
2025-05-15,23.26785659790039
2025-05-16,23.484607696533203
2025-05-19,23.607118606567383
2025-05-20,23.32440185546875
2025-05-21,22.353729248046875
2025-05-22,22.806079864501953
2025-05-23,23.04168128967285
2025-05-26,23.729633331298828
2025-05-27,24.181983947753906
2025-05-28,23.786176681518555
2025-05-29,23.936960220336914
2025-05-30,23.936960220336914
2025-06-02,23.870990753173828
2025-06-03,24.20083236694336
2025-06-04,24.79454231262207
2025-06-05,24.87936019897461
2025-06-06,24.492977142333984
2025-06-09,24.436431884765625
2025-06-10,25.05841827392578
2025-06-11,25.30344009399414
2025-06-12,25.944271087646484
2025-06-13,26.198720932006836
2025-06-16,26.773584365844727
2025-06-17,26.198720932006836
2025-06-18,26.095056533813477
2025-06-20,25.887727737426758
2025-06-23,26.17987060546875
2025-06-24,26.387203216552734
2025-06-25,25.7840633392334
2025-06-26,25.80291175842285
2025-06-27,25.573863983154297
2025-06-30,25.897706985473633
2025-07-01,26.392990112304688
2025-07-02,26.145347595214844
2025-07-03,26.192970275878906
2025-07-04,26.383466720581055
2025-07-07,26.478710174560547
2025-07-08,26.2596435546875
2025-07-09,25.84055519104004
2025-07-10,25.80245590209961
2025-07-11,25.726259231567383
2025-07-14,25.611961364746094
2025-07-15,25.907230377197266
2025-07-16,26.64063262939453
2025-07-17,25.459566116333008
2025-07-18,25.1643009185791
2025-07-21,24.783313751220703
2025-07-22,24.688064575195312
2025-07-23,25.22144889831543
2025-07-24,24.916658401489258
2025-07-25,25.011905670166016
2025-07-28,24.640443801879883
2025-07-29,24.573768615722656
2025-07-30,24.8023624420166
2025-07-31,24.48804473876953
2025-08-01,24.649965286254883
2025-08-04,24.049907684326172
2025-08-05,23.868938446044922
2025-08-06,23.964187622070312
2025-08-07,23.068862915039062
2025-08-08,22.087818145751953
2025-08-11,22.00209617614746
2025-08-12,21.72587776184082
2025-08-13,21.840173721313477
2025-08-14,21.90684700012207
2025-08-15,21.735403060913086
2025-08-18,21.954469680786133
2025-08-19,22.05924415588379
2025-08-20,22.14496612548828
2025-08-21,22.135440826416016
2025-08-22,22.621200561523438
2025-08-25,22.449756622314453
2025-08-26,22.373559951782227
2025-08-27,22.811695098876953
2025-08-28,23.145061492919922
2025-08-29,23.24030876159668
2025-09-01,22.85931968688965
2025-09-02,22.525955200195312
2025-09-03,22.049720764160156
2025-09-04,22.14496612548828
2025-09-05,22.335460662841797
2025-09-08,22.26878547668457
2025-09-09,22.50690460205078
2025-09-10,22.38308334350586
2025-09-11,22.71645164489746
2025-09-12,21.821125030517578
2025-09-15,21.897321701049805
2025-09-16,21.925899505615234
2025-09-17,22.45928192138672
2025-09-18,22.925992965698242
2025-09-19,22.868844985961914
2025-09-22,22.154489517211914
2025-09-23,22.354509353637695
2025-09-24,22.26878547668457
2025-09-25,21.954469680786133
2025-09-26,22.040191650390625
2025-09-29,22.165122985839844
2025-09-30,21.923988342285156
2025-10-01,22.23263931274414
2025-10-02,22.126543045043945
2025-10-03,21.86611557006836
2025-10-06,21.673208236694336
2025-10-07,21.306682586669922
2025-10-08,20.236042022705078
2025-10-09,20.129945755004883
2025-10-10,20.303560256958008
2025-10-13,20.66044044494629
2025-10-14,20.621858596801758
2025-10-15,20.727956771850586
2025-10-16,20.73760414123535
2025-10-17,21.16200065612793
2025-10-20,21.567108154296875
2025-10-21,22.09760284423828
2025-10-22,22.203704833984375
2025-10-23,22.126543045043945
2025-10-24,22.83065414428711
2025-10-27,22.60881233215332
2025-10-28,22.502710342407227
2025-10-29,23.592639923095703
2025-10-30,24.759733200073242
2025-10-31,24.9237060546875
2025-11-03,24.788673400878906
2025-11-04,24.40285301208496
2025-11-05,24.161720275878906
2025-11-06,23.824132919311523
2025-11-07,23.968812942504883
2025-11-10,24.152074813842773
2025-11-11,24.85618782043457
2025-11-12,24.827253341674805
2025-11-13,24.933353424072266
2025-11-14,24.70186424255371
2025-11-17,24.672924041748047
2025-11-18,24.788673400878906
2025-11-19,24.52824592590332
2025-11-21,24.287111282348633
2025-11-24,24.412500381469727
2025-11-25,24.49930763244629
2025-11-26,25.106969833374023
2025-11-27,25.502429962158203
2025-11-28,25.84966278076172
2025-12-01,25.425268173217773
2025-12-02,25.45420265197754
2025-12-03,25.84002113342285
2025-12-04,26.59235954284668
2025-12-05,24.451082229614258
2025-12-08,23.853065490722656
2025-12-09,23.39008903503418
2025-12-10,22.840301513671875
2025-12-11,22.96569061279297
2025-12-12,22.821008682250977
2025-12-15,22.734201431274414
2025-12-16,21.981861114501953
2025-12-17,21.499589920043945
2025-12-18,21.58639907836914
2025-12-19,22.059022903442383
2025-12-22,21.972213745117188
2025-12-23,22.358030319213867
2025-12-26,22.53165054321289
2025-12-29,22.658143997192383
2025-12-30,23.009735107421875
