date,close
2010-12-01,2.099025011062622
2010-12-02,2.0974392890930176
2010-12-03,2.059420108795166
2010-12-06,2.041994333267212
2010-12-07,2.0451619625091553
2010-12-08,2.0182323455810547
2010-12-09,1.9833788871765137
2010-12-10,1.9849637746810913
2010-12-13,1.9992223978042603
2010-12-14,2.0134785175323486
2010-12-15,2.010309934616089
2010-12-16,1.98971688747406
2010-12-17,2.0118954181671143
2010-12-20,1.9643712043762207
2010-12-21,2.010309934616089
2010-12-22,2.059420108795166
2010-12-23,2.059420108795166
2010-12-27,2.0198168754577637
2010-12-28,2.027737855911255
2010-12-29,2.078430414199829
2010-12-30,2.09110426902771
2011-01-03,2.09268856048584
2011-01-04,2.131605863571167
2011-01-05,2.158689260482788
2011-01-06,2.1124892234802246
2011-01-07,2.0503573417663574
2011-01-10,2.074254035949707
2011-01-11,2.094964027404785
2011-01-12,2.1443517208099365
2011-01-13,2.102931022644043
2011-01-14,2.094964027404785
2011-01-17,2.0710670948028564
2011-01-18,2.0439836978912354
2011-01-19,2.004155397415161
2011-01-20,1.967514157295227
2011-01-21,1.967514157295227
2011-01-24,1.9850391149520874
2011-01-26,1.9483970403671265
2011-01-27,1.9531747102737427
2011-01-28,1.922906756401062
2011-01-31,1.8782987594604492
2011-02-01,1.8798922300338745
2011-02-02,1.851216197013855
2011-02-03,1.9691075086593628
2011-02-04,1.7922693490982056
2011-02-07,1.8066080808639526
2011-02-08,1.8782987594604492
2011-02-09,1.8782987594604492
2011-02-10,1.8177601099014282
2011-02-11,1.8798922300338745
2011-02-14,1.8990095853805542
2011-02-15,1.9244996309280396
2011-02-16,1.9627352952957153
2011-02-17,1.9818518161773682
2011-02-18,1.9754799604415894
2011-02-21,1.9563604593276978
2011-02-22,1.9069749116897583
2011-02-23,1.9276868104934692
2011-02-24,1.9276868104934692
2011-02-25,1.897416114807129
2011-02-28,1.934058427810669
2011-03-01,1.8836573362350464
2011-03-02,1.8980120420455933
2011-03-03,1.9251269102096558
2011-03-04,1.9219361543655396
2011-03-09,1.9219361543655396
2011-03-10,1.8195370435714722
2011-03-11,1.8611438274383545
2011-03-14,1.8723466396331787
2011-03-15,1.89635169506073
2011-03-16,1.8563443422317505
2011-03-17,1.859545111656189
2011-03-18,1.8931498527526855
2011-03-21,1.9027525186538696
2011-03-22,1.897951602935791
2011-03-23,1.9379576444625854
2011-03-24,1.9363574981689453
2011-03-25,1.944360375404358
2011-03-28,1.9411590099334717
2011-03-29,1.9347589015960693
2011-03-30,1.9528006315231323
2011-03-31,1.9996404647827148
2011-04-01,1.9996404647827148
2011-04-04,2.0642499923706055
2011-04-05,2.0642499923706055
2011-04-06,2.056173086166382
2011-04-07,2.0448670387268066
2011-04-08,2.0093324184417725
2011-04-11,2.001258134841919
2011-04-12,1.98833429813385
2011-04-13,1.9947954416275024
2011-04-14,1.9560303688049316
2011-04-15,1.9673376083374023
2011-04-18,1.9495705366134644
2011-04-19,1.977028727531433
2011-04-20,2.017408847808838
2011-04-25,2.001258134841919
2011-04-26,2.023869514465332
2011-04-27,1.9867191314697266
2011-04-28,1.9382630586624146
2011-04-29,1.96249258518219
2011-05-02,1.9333717823028564
2011-05-03,1.881598949432373
2011-05-04,1.8832167387008667
2011-05-05,1.896160364151001
2011-05-06,1.9430794715881348
2011-05-09,1.9948512315750122
2011-05-10,1.9414609670639038
2011-05-11,1.9366081953048706
2011-05-12,1.9398436546325684
2011-05-13,1.8880712985992432
2011-05-16,1.8557140827178955
2011-05-17,1.8638029098510742
2011-05-18,1.8411530256271362
2011-05-19,1.824973702430725
2011-05-20,1.8120306730270386
2011-05-23,1.8039405345916748
2011-05-24,1.849242091178894
2011-05-25,1.8362984657287598
2011-05-26,1.8929263353347778
2011-05-27,1.8832167387008667
2011-05-30,1.871893048286438
2011-05-31,1.910722255706787
2011-06-01,1.8854526281356812
2011-06-02,1.9032702445983887
2011-06-03,1.9032702445983887
2011-06-06,1.8643944263458252
2011-06-07,1.8870733976364136
2011-06-08,1.8870733976364136
2011-06-09,1.8692545890808105
2011-06-10,1.8498175144195557
2011-06-13,1.848197340965271
2011-06-14,1.8741141557693481
2011-06-15,1.8854526281356812
2011-06-16,1.8708747625350952
2011-06-17,1.8611561059951782
2011-06-20,1.8741141557693481
2011-06-21,1.8611561059951782
2011-06-22,1.8676356077194214
2011-06-24,1.8627737760543823
2011-06-27,1.8676356077194214
2011-06-28,1.9194687604904175
2011-06-29,1.9308065176010132
2011-06-30,1.9421461820602417
2011-07-01,1.9470040798187256
2011-07-04,1.9551036357879639
2011-07-05,1.9518647193908691
2011-07-06,1.927567481994629
2011-07-07,1.8822133541107178
2011-07-08,1.848197340965271
2011-07-11,1.780165433883667
2011-07-12,1.7429100275039673
2011-07-13,1.7461490631103516
2011-07-14,1.7040334939956665
2011-07-15,1.7007941007614136
2011-07-18,1.6845966577529907
2011-07-19,1.7234718799591064
2011-07-20,1.7234718799591064
2011-07-21,1.7558690309524536
2011-07-22,1.7574888467788696
2011-07-25,1.7202321290969849
2011-07-26,1.6975551843643188
2011-07-27,1.6603001356124878
2011-07-28,1.6603001356124878
2011-07-29,1.6619195938110352
2011-08-01,1.6716392040252686
2011-08-02,1.5841690301895142
2011-08-03,1.5582516193389893
2011-08-04,1.5015591382980347
2011-08-05,1.5096572637557983
2011-08-08,1.3444381952285767
2011-08-09,1.4335271120071411
2011-08-10,1.4201269149780273
2011-08-11,1.4691531658172607
2011-08-12,1.4920318126678467
2011-08-15,1.5361559391021729
2011-08-16,1.518178939819336
2011-08-17,1.567205548286438
2011-08-18,1.488762378692627
2011-08-19,1.4544453620910645
2011-08-22,1.418492078781128
2011-08-23,1.4331998825073242
2011-08-24,1.4397369623184204
2011-08-25,1.4462741613388062
2011-08-26,1.4675190448760986
2011-08-29,1.518178939819336
2011-08-30,1.527984380722046
2011-08-31,1.5655708312988281
2011-09-01,1.6546024084091187
2011-09-02,1.6136873960494995
2011-09-05,1.5547701120376587
2011-09-06,1.5940489768981934
2011-09-08,1.6104148626327515
2011-09-09,1.5596798658370972
2011-09-12,1.5318574905395508
2011-09-13,1.513854742050171
2011-09-14,1.5384045839309692
2011-09-15,1.5629526376724243
2011-09-16,1.5744094848632812
2011-09-19,1.576045274734497
2011-09-20,1.566225528717041
2011-09-21,1.5613155364990234
2011-09-22,1.4909418821334839
2011-09-23,1.4827592372894287
2011-09-26,1.5040349960327148
2011-09-27,1.5645889043807983
2011-09-28,1.5547701120376587
2011-09-29,1.5645889043807983
2011-09-30,1.5596798658370972
2011-10-03,1.5302209854125977
2011-10-04,1.5007624626159668
2011-10-05,1.5285847187042236
2011-10-06,1.5613155364990234
2011-10-07,1.5351308584213257
2011-10-10,1.6005949974060059
2011-10-11,1.6333264112472534
2011-10-13,1.6546024084091187
2011-10-14,1.6693322658538818
2011-10-17,1.6644222736358643
2011-10-18,1.6644222736358643
2011-10-19,1.703700304031372
2011-10-20,1.690608024597168
2011-10-21,1.706973671913147
2011-10-24,1.7429779767990112
2011-10-25,1.7429779767990112
2011-10-26,1.7429779767990112
2011-10-27,1.7429779767990112
2011-10-28,1.7806206941604614
2011-10-31,1.7675281763076782
2011-11-01,1.7249761819839478
2011-11-03,1.7397059202194214
2011-11-04,1.746250867843628
2011-11-07,1.7544347047805786
2011-11-08,1.7511614561080933
2011-11-09,1.7135200500488281
2011-11-10,1.7135200500488281
2011-11-11,1.7151564359664917
2011-11-14,1.7233402729034424
2011-11-16,1.731522798538208
2011-11-17,1.66605806350708
2011-11-18,1.6480563879013062
2011-11-21,1.6480563879013062
2011-11-22,1.6120511293411255
2011-11-23,1.582592248916626
2011-11-24,1.6005949974060059
2011-11-25,1.5924108028411865
2011-11-28,1.6333264112472534
2011-11-29,1.6153242588043213
2011-11-30,1.7266122102737427
2011-12-01,1.7731536626815796
2011-12-02,1.7879031896591187
2011-12-05,1.8255952596664429
2011-12-06,1.8370661735534668
2011-12-07,1.8354270458221436
2011-12-08,1.8255952596664429
2011-12-09,1.841982126235962
2011-12-12,1.841982126235962
2011-12-13,1.8272335529327393
2011-12-14,1.815761923789978
2011-12-15,1.817400574684143
2011-12-16,1.80265212059021
2011-12-19,1.778070330619812
2011-12-20,1.8272335529327393
2011-12-21,1.8255952596664429
2011-12-22,1.8583699464797974
2011-12-23,1.8763967752456665
2011-12-26,1.8841649293899536
2011-12-27,1.8858380317687988
2011-12-28,1.850698471069336
2011-12-29,1.8875123262405396
2012-01-02,1.8640855550765991
2012-01-03,1.919304609298706
2012-01-04,1.9226521253585815
2012-01-05,1.9142839908599854
2012-01-06,1.9243243932724
2012-01-09,1.9377115964889526
2012-01-10,1.9678312540054321
2012-01-11,1.9661579132080078
2012-01-12,1.9628112316131592
2012-01-13,1.9494249820709229
2012-01-16,1.9494249820709229
2012-01-17,1.9494249820709229
2012-01-18,2.007990837097168
2012-01-19,2.016357421875
2012-01-20,2.014683961868286
2012-01-23,1.9895849227905273
2012-01-24,1.9577926397323608
2012-01-26,1.9745253324508667
2012-01-27,1.9510972499847412
2012-01-30,1.931018352508545
2012-01-31,1.9142839908599854
2012-02-01,1.9510972499847412
2012-02-02,1.9577926397323608
2012-02-03,1.9628112316131592
2012-02-06,1.9661579132080078
2012-02-07,1.9862371683120728
2012-02-08,2.0247244834899902
2012-02-09,2.016357421875
2012-02-10,1.987910509109497
2012-02-13,1.987910509109497
2012-02-14,2.0197036266326904
2012-02-15,1.9962785243988037
2012-02-16,1.9962785243988037
2012-02-17,2.007990837097168
2012-02-23,1.97954523563385
2012-02-24,1.9711778163909912
2012-02-27,1.956118106842041
2012-02-28,1.9979509115219116
2012-02-29,2.007990837097168
2012-03-01,2.0668976306915283
2012-03-02,2.095698595046997
2012-03-05,2.073674440383911
2012-03-06,2.0143778324127197
2012-03-07,2.0465683937072754
2012-03-08,2.095698595046997
2012-03-09,2.116028308868408
2012-03-12,2.0889220237731934
2012-03-13,2.1092522144317627
2012-03-14,2.1177237033843994
2012-03-15,2.121112585067749
2012-03-16,2.131277084350586
2012-03-19,2.131277084350586
2012-03-20,2.0940051078796387
2012-03-21,2.073674440383911
2012-03-22,2.073674440383911
2012-03-23,1.9974372386932373
2012-03-26,2.026237726211548
2012-03-27,2.031320571899414
2012-03-28,1.978800892829895
2012-03-29,1.9483046531677246
2012-03-30,1.905951738357544
2012-04-02,1.9228935241699219
2012-04-03,1.90425705909729
2012-04-04,1.839878797531128
2012-04-05,1.8127714395523071
2012-04-09,1.792441487312317
2012-04-10,1.7534754276275635
2012-04-11,1.741615891456604
2012-04-12,1.8127714395523071
2012-04-13,1.7466979026794434
2012-04-16,1.7433096170425415
2012-04-17,1.7433096170425415
2012-04-18,1.7280617952346802
2012-04-19,1.7433096170425415
2012-04-20,1.7788876295089722
2012-04-23,1.7517808675765991
2012-04-24,1.7348382472991943
2012-04-25,1.636576533317566
2012-04-26,1.645047664642334
2012-04-27,1.6536234617233276
2012-04-30,1.6909517049789429
2012-05-02,1.6909517049789429
2012-05-03,1.649890422821045
2012-05-04,1.6274935007095337
2012-05-07,1.634959101676941
2012-05-08,1.6424249410629272
2012-05-09,1.614428997039795
2012-05-10,1.6125624179840088
2012-05-11,1.6405576467514038
2012-05-14,1.5808335542678833
2012-05-15,1.5826998949050903
2012-05-16,1.5826998949050903
2012-05-17,1.4968464374542236
2012-05-18,1.5248414278030396
2012-05-21,1.5248414278030396
2012-05-22,1.5901659727096558
2012-05-23,1.5826998949050903
2012-05-24,1.560304045677185
2012-05-25,1.5826998949050903
2012-05-28,1.5864330530166626
2012-05-29,1.5715020895004272
2012-05-30,1.5491056442260742
2012-05-31,1.6442909240722656
2012-06-01,1.5797908306121826
2012-06-04,1.5629647970199585
2012-06-05,1.5386601686477661
2012-06-06,1.6153126955032349
2012-06-08,1.6059650182724
2012-06-11,1.6134430170059204
2012-06-12,1.6470961570739746
2012-06-13,1.6564435958862305
2012-06-14,1.6583136320114136
2012-06-15,1.680747389793396
2012-06-18,1.680747389793396
2012-06-19,1.7087910175323486
2012-06-20,1.680747389793396
2012-06-21,1.6078342199325562
2012-06-22,1.5797908306121826
2012-06-25,1.5124857425689697
2012-06-26,1.5180952548980713
2012-06-27,1.5330514907836914
2012-06-28,1.5143554210662842
2012-06-29,1.589138150215149
2012-07-02,1.5910087823867798
2012-07-03,1.630269169807434
2012-07-04,1.641486406326294
2012-07-05,1.6583136320114136
2012-07-06,1.6433563232421875
2012-07-10,1.5554863214492798
2012-07-11,1.5648337602615356
2012-07-12,1.581660509109497
2012-07-13,1.6265300512313843
2012-07-16,1.6265300512313843
2012-07-17,1.596617341041565
2012-07-18,1.6433563232421875
2012-07-19,1.677007794380188
2012-07-20,1.6601839065551758
2012-07-23,1.6134430170059204
2012-07-24,1.677007794380188
2012-07-25,1.6826175451278687
2012-07-26,1.7349660396575928
2012-07-27,1.8134883642196655
2012-07-30,1.850878357887268
2012-07-31,1.7966612577438354
2012-08-01,1.7891827821731567
2012-08-02,1.7536616325378418
2012-08-03,1.8209667205810547
2012-08-06,1.8527488708496094
2012-08-07,1.8527488708496094
2012-08-08,1.8527488708496094
2012-08-09,1.884533166885376
2012-08-10,1.884533166885376
2012-08-13,1.89201021194458
2012-08-14,1.8677064180374146
2012-08-15,1.8826621770858765
2012-08-16,1.9107062816619873
2012-08-17,1.9144450426101685
2012-08-20,1.9069658517837524
2012-08-21,1.8882702589035034
2012-08-22,1.8864011764526367
2012-08-23,1.873313546180725
2012-08-24,1.8714443445205688
2012-08-27,1.8452708721160889
2012-08-28,1.8415311574935913
2012-08-29,1.7985328435897827
2012-08-30,1.7910525798797607
2012-08-31,1.7480517625808716
2012-09-03,1.763968825340271
2012-09-04,1.7321356534957886
2012-09-05,1.743370771408081
2012-09-06,1.7958035469055176
2012-09-10,1.7958035469055176
2012-09-11,1.7958035469055176
2012-09-12,1.7958035469055176
2012-09-13,1.9062856435775757
2012-09-14,1.9062856435775757
2012-09-17,1.8950496912002563
2012-09-18,1.857599139213562
2012-09-19,1.8519808053970337
2012-09-20,1.8388725519180298
2012-09-21,1.8557261228561401
2012-09-24,1.8501081466674805
2012-09-25,1.7377527952194214
2012-09-26,1.760224461555481
2012-09-27,1.7302629947662354
2012-09-28,1.690938949584961
2012-10-01,1.7134102582931519
2012-10-02,1.7096648216247559
2012-10-03,1.6815751791000366
2012-10-04,1.6871942281723022
2012-10-05,1.702174425125122
2012-10-08,1.7059199810028076
2012-10-09,1.6647229194641113
2012-10-10,1.6253989934921265
2012-10-11,1.6516145467758179
2012-10-15,1.6628504991531372
2012-10-16,1.6684677600860596
2012-10-17,1.660978078842163
2012-10-18,1.6665951013565063
2012-10-19,1.6572327613830566
2012-10-22,1.6385070085525513
2012-10-23,1.5860744714736938
2012-10-24,1.659105658531189
2012-10-25,1.6815751791000366
2012-10-26,1.659105658531189
2012-10-29,1.6628504991531372
2012-10-30,1.6797035932540894
2012-10-31,1.6665951013565063
2012-11-01,1.7414979934692383
2012-11-05,1.7340079545974731
2012-11-06,1.7508612871170044
2012-11-07,1.7077916860580444
2012-11-08,1.6722137928009033
2012-11-09,1.6665951013565063
2012-11-12,1.6722137928009033
2012-11-13,1.7059199810028076
2012-11-14,1.674086570739746
2012-11-16,1.6778312921524048
2012-11-19,1.739626169204712
2012-11-21,1.760224461555481
2012-11-22,1.7789499759674072
2012-11-23,1.799547791481018
2012-11-26,1.7527334690093994
2012-11-27,1.7340079545974731
2012-11-28,1.747115969657898
2012-11-29,1.782696008682251
2012-11-30,1.799547791481018
2012-12-03,1.8436229228973389
2012-12-04,1.819240689277649
2012-12-05,1.8304944038391113
2012-12-06,1.8061134815216064
2012-12-07,1.819240689277649
2012-12-10,1.819240689277649
2012-12-11,1.8304944038391113
2012-12-12,1.819240689277649
2012-12-13,1.8173658847808838
2012-12-14,1.8098645210266113
2012-12-17,1.7986116409301758
2012-12-18,1.8098645210266113
2012-12-19,1.8698803186416626
2012-12-20,1.8642529249191284
2012-12-21,1.8530000448226929
2012-12-26,1.8773291110992432
2012-12-27,1.848593831062317
2012-12-28,1.8562564849853516
2013-01-02,1.9213889837265015
2013-01-03,1.982689380645752
2013-01-04,1.9731121063232422
2013-01-07,1.948207974433899
2013-01-08,1.9616175889968872
2013-01-09,1.982689380645752
2013-01-10,1.9654481410980225
2013-01-11,1.9711952209472656
2013-01-14,1.986519694328308
2013-01-15,1.9711952209472656
2013-01-16,1.982689380645752
2013-01-17,2.0152549743652344
2013-01-18,2.021002769470215
2013-01-21,2.0171706676483154
2013-01-22,2.0171706676483154
2013-01-23,2.019087076187134
2013-01-24,2.009507894515991
2013-01-28,1.9539551734924316
2013-01-29,1.952039122581482
2013-01-30,1.9233039617538452
2013-01-31,1.9309675693511963
2013-02-01,1.925220012664795
2013-02-04,1.8773291110992432
2013-02-05,1.9194729328155518
2013-02-06,1.8849914073944092
2013-02-07,1.8734982013702393
2013-02-08,1.9060642719268799
2013-02-13,1.8964849710464478
2013-02-14,1.886906385421753
2013-02-15,1.9750268459320068
2013-02-18,1.9960991144180298
2013-02-19,1.9654481410980225
2013-02-20,1.93288254737854
2013-02-21,1.9156417846679688
2013-02-22,1.9769428968429565
2013-02-25,1.9807732105255127
2013-02-26,1.9424614906311035
2013-02-27,1.9501224756240845
2013-02-28,1.9788570404052734
2013-03-01,1.9874916076660156
2013-03-04,1.9798177480697632
2013-03-05,1.9644699096679688
2013-03-06,2.027750015258789
2013-03-07,2.043287515640259
2013-03-08,2.1034979820251465
2013-03-11,2.089901924133301
2013-03-12,2.0588252544403076
2013-03-13,2.0568838119506836
2013-03-14,2.0199806690216064
2013-03-15,2.014152765274048
2013-03-18,2.0452301502227783
2013-03-19,2.027750015258789
2013-03-20,2.043287515640259
2013-03-21,2.0199806690216064
2013-03-22,1.9966739416122437
2013-03-25,1.9811350107192993
2013-03-26,1.9966739416122437
2013-03-27,2.0044422149658203
2013-03-28,2.0044422149658203
2013-04-01,2.012212038040161
2013-04-02,1.9772498607635498
2013-04-03,1.9772498607635498
2013-04-04,1.9267514944076538
2013-04-05,1.930635929107666
2013-04-08,1.9286928176879883
2013-04-09,1.9753068685531616
2013-04-10,2.0044422149658203
2013-04-11,2.01609468460083
2013-04-12,1.9811350107192993
2013-04-15,1.9403456449508667
2013-04-16,1.9811350107192993
2013-04-17,1.930635929107666
2013-04-18,1.8665391206741333
2013-04-19,1.9131537675857544
2013-04-22,1.9015003442764282
2013-04-23,1.9131537675857544
2013-04-24,1.920924425125122
2013-04-25,1.930635929107666
2013-04-26,1.930635929107666
2013-04-29,1.8684821128845215
2013-04-30,1.9345203638076782
2013-05-02,1.9143201112747192
2013-05-03,1.9420937299728394
2013-05-06,1.9378212690353394
2013-05-07,1.9698702096939087
2013-05-08,2.0083675384521484
2013-05-09,2.001908540725708
2013-05-10,1.9782304763793945
2013-05-13,1.943790078163147
2013-05-14,1.9480935335159302
2013-05-15,1.9825363159179688
2013-05-16,1.967468500137329
2013-05-17,1.9911459684371948
2013-05-20,2.0062143802642822
2013-05-21,2.0406551361083984
2013-05-22,2.0772500038146973
2013-05-23,2.0492665767669678
2013-05-24,2.0449609756469727
2013-05-27,2.0385026931762695
2013-05-28,2.0578768253326416
2013-05-29,2.001908540725708
2013-05-31,2.0234341621398926
2013-06-03,2.005108118057251
2013-06-04,2.0007967948913574
2013-06-05,1.9382718801498413
2013-06-06,1.964143991470337
2013-06-07,1.9361157417297363
2013-06-10,1.942584753036499
2013-06-11,1.8843719959259033
2013-06-12,1.8843719959259033
2013-06-13,1.8973069190979004
2013-06-14,1.8455623388290405
2013-06-17,1.85202956199646
2013-06-18,1.8412505388259888
2013-06-19,1.8067538738250732
2013-06-20,1.8045974969863892
2013-06-21,1.7959742546081543
2013-06-24,1.7226686477661133
2013-06-25,1.72913658618927
2013-06-26,1.72913658618927
2013-06-27,1.7593215703964233
2013-06-28,1.7701011896133423
2013-07-01,1.780881404876709
2013-07-02,1.6946402788162231
2013-07-03,1.6730800867080688
2013-07-04,1.692483901977539
2013-07-05,1.6709243059158325
2013-07-08,1.6687684059143066
2013-07-10,1.6860160827636719
2013-07-11,1.7140438556671143
2013-07-12,1.7032638788223267
2013-07-15,1.7312923669815063
2013-07-16,1.7485413551330566
2013-07-17,1.7744134664535522
2013-07-18,1.7744134664535522
2013-07-19,1.767944574356079
2013-07-22,1.8024417161941528
2013-07-23,1.832625150680542
2013-07-24,1.8110655546188354
2013-07-25,1.8110655546188354
2013-07-26,1.8110655546188354
2013-07-29,1.8110655546188354
2013-07-30,1.815377950668335
2013-07-31,1.8045974969863892
2013-08-01,1.8628109693527222
2013-08-02,1.8649667501449585
2013-08-05,1.8412505388259888
2013-08-06,1.787349820137024
2013-08-07,1.7853928804397583
2013-08-08,1.8288849592208862
2013-08-09,1.8375846147537231
2013-08-12,1.8789026737213135
2013-08-13,1.8963003158569336
2013-08-14,1.86585533618927
2013-08-15,1.8593311309814453
2013-08-16,1.82671058177948
2013-08-19,1.804964303970337
2013-08-20,1.78974187374115
2013-08-21,1.783217430114746
2013-08-22,1.783217430114746
2013-08-23,1.8441081047058105
2013-08-26,1.7919161319732666
2013-08-27,1.761471152305603
2013-08-28,1.765820026397705
2013-08-29,1.7788691520690918
2013-08-30,1.820186972618103
2013-09-02,1.836525797843933
2013-09-03,1.7994906902313232
2013-09-04,1.8038479089736938
2013-09-05,1.8278125524520874
2013-09-06,1.8626688718795776
2013-09-09,1.8997046947479248
2013-09-10,1.9062397480010986
2013-09-11,1.9040621519088745
2013-09-12,1.8997046947479248
2013-09-13,1.9062397480010986
2013-09-16,1.9084182977676392
2013-09-17,1.9454543590545654
2013-09-18,1.9999173879623413
2013-09-19,1.9933823347091675
2013-09-20,1.9323828220367432
2013-09-23,1.9694180488586426
2013-09-24,1.9628829956054688
2013-09-25,1.9628829956054688
2013-09-26,1.9563469886779785
2013-09-27,2.004274606704712
2013-09-30,1.9607033729553223
2013-10-01,1.9803109169006348
2013-10-02,1.9650617837905884
2013-10-03,1.95852530002594
2013-10-04,1.9607033729553223
2013-10-07,1.9672396183013916
2013-10-08,1.9607033729553223
2013-10-09,1.9781326055526733
2013-10-10,1.9977391958236694
2013-10-11,1.9803109169006348
2013-10-14,1.9868463277816772
2013-10-15,1.9999173879623413
2013-10-16,2.010810613632202
2013-10-17,2.0217039585113525
2013-10-18,2.054382085800171
2013-10-21,2.0260605812072754
2013-10-22,2.036954402923584
2013-10-23,2.004274606704712
2013-10-24,1.9999173879623413
2013-10-25,1.991204023361206
2013-10-28,2.0217039585113525
2013-10-29,2.097952127456665
2013-10-30,2.0935943126678467
2013-10-31,2.1023101806640625
2013-11-01,2.0805253982543945
2013-11-04,2.08488130569458
2013-11-05,2.069631338119507
2013-11-06,2.0478453636169434
2013-11-07,2.0173451900482178
2013-11-08,1.9694180488586426
2013-11-11,1.9781326055526733
2013-11-12,1.9781326055526733
2013-11-13,2.010810613632202
2013-11-14,2.0565600395202637
2013-11-18,2.0870614051818848
2013-11-19,2.032597780227661
2013-11-21,2.008631944656372
2013-11-22,1.9803109169006348
2013-11-25,1.947633147239685
2013-11-26,1.9628829956054688
2013-11-27,2.0173451900482178
2013-11-28,2.004274606704712
2013-11-29,2.0217039585113525
2013-12-02,1.9856988191604614
2013-12-03,1.9420576095581055
2013-12-04,1.9267826080322266
2013-12-05,1.9136894941329956
2013-12-06,1.9420576095581055
2013-12-09,1.9660611152648926
2013-12-10,1.9529668092727661
2013-12-11,1.918054223060608
2013-12-12,1.9267826080322266
2013-12-13,1.9202369451522827
2013-12-16,1.93332839012146
2013-12-17,1.93332839012146
2013-12-18,1.9507850408554077
2013-12-19,1.9835175275802612
2013-12-20,1.9442393779754639
2013-12-23,1.980285406112671
2013-12-26,1.9758355617523193
2013-12-27,1.980285406112671
2013-12-30,1.980285406112671
2014-01-02,1.9535841941833496
2014-01-03,1.960259199142456
2014-01-06,1.9736095666885376
2014-01-07,1.966935157775879
2014-01-08,1.9780592918395996
2014-01-09,1.9291083812713623
2014-01-10,1.920209527015686
2014-01-13,1.9179843664169312
2014-01-14,1.9313334226608276
2014-01-15,1.9179843664169312
2014-01-16,1.9024083614349365
2014-01-17,1.8846079111099243
2014-01-20,1.8757078647613525
2014-01-21,1.8890581130981445
2014-01-22,1.8823832273483276
2014-01-23,1.837882399559021
2014-01-24,1.8245314359664917
2014-01-27,1.8623579740524292
2014-01-28,1.8645832538604736
2014-01-29,1.8423320055007935
2014-01-30,1.8445576429367065
2014-01-31,1.8734830617904663
2014-02-03,1.8289824724197388
2014-02-04,1.9357846975326538
2014-02-05,1.924659013748169
2014-02-06,1.9535841941833496
2014-02-07,1.958034873008728
2014-02-10,1.949134349822998
2014-02-11,1.9535841941833496
2014-02-12,1.9313334226608276
2014-02-13,1.9046331644058228
2014-02-14,1.9224343299865723
2014-02-17,1.913534164428711
2014-02-18,1.8846079111099243
2014-02-19,1.8876386880874634
2014-02-20,1.8831708431243896
2014-02-21,1.8965754508972168
2014-02-24,1.9077446460723877
2014-02-25,1.8809380531311035
2014-02-26,1.8541311025619507
2014-02-27,1.8988088369369507
2014-02-28,1.8921079635620117
2014-03-05,1.8574206829071045
2014-03-06,1.897701382637024
2014-03-07,1.8574206829071045
2014-03-10,1.8462316989898682
2014-03-11,1.8663710355758667
2014-03-12,1.8529447317123413
2014-03-13,1.8328043222427368
2014-03-14,1.7925223112106323
2014-03-17,1.8126634359359741
2014-03-18,1.8417547941207886
2014-03-19,1.8484692573547363
2014-03-20,1.9088908433914185
2014-03-21,1.899939775466919
2014-03-24,1.9715508222579956
2014-03-25,1.982740044593811
2014-03-26,1.980502724647522
2014-03-27,2.0431618690490723
2014-03-28,2.0297353267669678
2014-03-31,2.0700180530548096
2014-04-01,2.0968711376190186
2014-04-02,2.1662449836730957
2014-04-03,2.1595308780670166
2014-04-04,2.132676601409912
2014-04-07,2.1662449836730957
2014-04-08,2.123724937438965
2014-04-09,2.090158462524414
2014-04-10,2.1125354766845703
2014-04-11,2.1528172492980957
2014-04-14,2.1304380893707275
2014-04-15,2.078967809677124
2014-04-16,2.108060836791992
2014-04-17,2.157294273376465
2014-04-22,2.1707208156585693
2014-04-23,2.1617681980133057
2014-04-24,2.2087643146514893
2014-04-25,2.2087643146514893
2014-04-28,2.195336103439331
2014-04-29,2.2020490169525146
2014-04-30,2.1886236667633057
2014-05-02,2.1841464042663574
2014-05-05,2.2819406986236572
2014-05-06,2.274556875228882
2014-05-07,2.2819406986236572
2014-05-08,2.247479200363159
2014-05-09,2.242555618286133
2014-05-12,2.2770180702209473
2014-05-13,2.262247323989868
2014-05-14,2.2720956802368164
2014-05-15,2.254863739013672
2014-05-16,2.2770180702209473
2014-05-19,2.254863739013672
2014-05-20,2.213015079498291
2014-05-21,2.1588592529296875
2014-05-22,2.176090955734253
2014-05-23,2.161320924758911
2014-05-26,2.156398057937622
2014-05-27,2.141627311706543
2014-05-28,2.188399314880371
2014-05-29,2.1539368629455566
2014-05-30,2.1047041416168213
2014-06-02,2.125664472579956
2014-06-03,2.1133339405059814
2014-06-04,2.1059374809265137
2014-06-05,2.088675022125244
2014-06-06,2.152789354324341
2014-06-09,2.219369888305664
2014-06-10,2.2341673374176025
2014-06-11,2.281019926071167
2014-06-13,2.2760887145996094
2014-06-16,2.2662246227264404
2014-06-17,2.2341673374176025
2014-06-18,2.263758659362793
2014-06-20,2.2390992641448975
2014-06-23,2.2267701625823975
2014-06-24,2.2292349338531494
2014-06-25,2.165119171142578
2014-06-26,2.1552553176879883
2014-06-27,2.1453921794891357
2014-06-30,2.14292573928833
2014-07-01,2.1478586196899414
2014-07-02,2.115800142288208
2014-07-03,2.1330623626708984
2014-07-04,2.1231987476348877
2014-07-07,2.14292573928833
2014-07-08,2.1305959224700928
2014-07-10,2.204575300216675
2014-07-11,2.2021100521087646
2014-07-14,2.253894329071045
2014-07-15,2.273622989654541
2014-07-16,2.219369888305664
2014-07-17,2.2267701625823975
2014-07-18,2.3229408264160156
2014-07-21,2.3328053951263428
2014-07-22,2.350067377090454
2014-07-23,2.3426687717437744
2014-07-24,2.369795799255371
2014-07-25,2.364863872528076
2014-07-28,2.354998826980591
2014-07-29,2.3574652671813965
2014-07-30,2.3574652671813965
2014-07-31,2.340203285217285
2014-08-01,2.3155434131622314
2014-08-04,2.3426687717437744
2014-08-05,2.3722617626190186
2014-08-06,2.3722617626190186
2014-08-07,2.3426687717437744
2014-08-08,2.327873468399048
2014-08-11,2.3722617626190186
2014-08-12,2.3722617626190186
2014-08-13,2.318010091781616
2014-08-14,2.36079740524292
2014-08-15,2.413038492202759
2014-08-18,2.4478652477264404
2014-08-19,2.505082607269287
2014-08-20,2.5200092792510986
2014-08-21,2.5299601554870605
2014-08-22,2.502594470977783
2014-08-25,2.5647871494293213
2014-08-26,2.587174654006958
2014-08-27,2.6618058681488037
2014-08-28,2.6443920135498047
2014-08-29,2.7239980697631836
2014-09-01,2.7401888370513916
2014-09-02,2.7900102138519287
2014-09-03,2.7750649452209473
2014-09-04,2.712785482406616
2014-09-05,2.7152788639068604
2014-09-08,2.6505112648010254
2014-09-09,2.6231091022491455
2014-09-10,2.5957069396972656
2014-09-11,2.5932161808013916
2014-09-12,2.5035364627838135
2014-09-15,2.5508675575256348
2014-09-16,2.630581855773926
2014-09-17,2.6355631351470947
2014-09-18,2.6380553245544434
2014-09-19,2.5483767986297607
2014-09-22,2.523466110229492
2014-09-23,2.491081714630127
2014-09-24,2.5060276985168457
2014-09-25,2.4337868690490723
2014-09-26,2.523466110229492
2014-09-29,2.356562852859497
2014-09-30,2.309232234954834
2014-10-01,2.239481210708618
2014-10-02,2.2967774868011475
2014-10-03,2.3465983867645264
2014-10-06,2.5010459423065186
2014-10-07,2.508518695831299
2014-10-08,2.478625535964966
2014-10-09,2.4935719966888428
2014-10-10,2.396421194076538
2014-10-13,2.5533595085144043
2014-10-14,2.58823299407959
2014-10-15,2.491081714630127
2014-10-16,2.4014015197753906
2014-10-17,2.478625535964966
2014-10-20,2.428804636001587
2014-10-21,2.279340982437134
2014-10-22,2.2668843269348145
2014-10-23,2.1672403812408447
2014-10-24,2.2320094108581543
2014-10-27,2.197134494781494
2014-10-28,2.281830072402954
2014-10-29,2.212080717086792
2014-10-30,2.3814737796783447
2014-10-31,2.4636788368225098
2014-11-03,2.4512240886688232
2014-11-04,2.496062994003296
2014-11-05,2.481117010116577
2014-11-06,2.3889477252960205
2014-11-07,2.428804636001587
2014-11-10,2.428804636001587
2014-11-11,2.416349172592163
2014-11-12,2.4412600994110107
2014-11-13,2.354072332382202
2014-11-14,2.3789823055267334
2014-11-17,2.354072332382202
2014-11-18,2.4213316440582275
2014-11-19,2.5159924030303955
2014-11-21,2.6629669666290283
2014-11-24,2.610651731491089
2014-11-25,2.660473585128784
2014-11-26,2.620617389678955
2014-11-27,2.6006886959075928
2014-11-28,2.615635395050049
2014-12-01,2.4796769618988037
2014-12-02,2.477181911468506
2014-12-03,2.499634027481079
2014-12-04,2.4447526931762695
2014-12-05,2.4971394538879395
2014-12-08,2.4023427963256836
2014-12-09,2.4247944355010986
2014-12-10,2.3798911571502686
2014-12-11,2.409827709197998
2014-12-12,2.2826011180877686
2014-12-15,2.2352030277252197
2014-12-16,2.232708215713501
2014-12-17,2.3599350452423096
2014-12-18,2.344966173171997
2014-12-19,2.392364978790283
2014-12-22,2.408792018890381
2014-12-23,2.4112942218780518
2014-12-26,2.373735189437866
2014-12-29,2.3812460899353027
2014-12-30,2.3511998653411865
2015-01-02,2.2961137294769287
2015-01-05,2.3036253452301025
2015-01-06,2.3211522102355957
2015-01-07,2.408792018890381
2015-01-08,2.433830499649048
2015-01-09,2.34869647026062
2015-01-12,2.3086330890655518
2015-01-13,2.3161442279815674
2015-01-14,2.3286640644073486
2015-01-15,2.323655366897583
2015-01-16,2.3662240505218506
2015-01-19,2.258553981781006
2015-01-20,2.3036253452301025
2015-01-21,2.3962719440460205
2015-01-22,2.421309471130371
2015-01-23,2.403782367706299
2015-01-26,2.4012792110443115
2015-01-27,2.4012792110443115
2015-01-28,2.3511998653411865
2015-01-29,2.3361756801605225
2015-01-30,2.2886009216308594
2015-02-02,2.3111367225646973
2015-02-03,2.38625431060791
2015-02-04,2.4738922119140625
2015-02-05,2.4738922119140625
2015-02-06,2.5039403438568115
2015-02-09,2.486412763595581
2015-02-10,2.4538609981536865
2015-02-11,2.407466411590576
2015-02-12,2.438199281692505
2015-02-13,2.522716760635376
2015-02-18,2.561133861541748
2015-02-19,2.5560123920440674
2015-02-20,2.561133861541748
2015-02-23,2.5790622234344482
2015-02-24,2.6021130084991455
2015-02-25,2.612356424331665
2015-02-26,2.627723217010498
2015-02-27,2.584184169769287
2015-03-02,2.5623817443847656
2015-03-03,2.5675132274627686
2015-03-04,2.546992778778076
2015-03-05,2.5367321968078613
2015-03-06,2.482870101928711
2015-03-09,2.4187440872192383
2015-03-10,2.359750986099243
2015-03-11,2.4392640590667725
2015-03-12,2.4495251178741455
2015-03-13,2.431570529937744
2015-03-16,2.4392640590667725
2015-03-17,2.4982588291168213
2015-03-18,2.595726728439331
2015-03-19,2.5982913970947266
2015-03-20,2.5880327224731445
2015-03-23,2.5854666233062744
2015-03-24,2.5803372859954834
2015-03-25,2.5982913970947266
2015-03-26,2.523908853530884
2015-03-27,2.475174903869629
2015-03-30,2.552122116088867
2015-03-31,2.559817314147949
2015-04-01,2.649590492248535
2015-04-02,2.6957590579986572
2015-04-06,2.7444939613342285
2015-04-07,2.7393641471862793
2015-04-08,2.7342336177825928
2015-04-09,2.6829347610473633
2015-04-10,2.7008895874023438
2015-04-13,2.6983249187469482
2015-04-14,2.685499906539917
2015-04-15,2.7265396118164062
2015-04-16,2.713714122772217
2015-04-17,2.6829347610473633
2015-04-20,2.6547200679779053
2015-04-22,2.6752398014068604
2015-04-23,2.706019401550293
2015-04-24,2.7957923412323
2015-04-27,2.7727081775665283
2015-04-28,2.7547526359558105
2015-04-29,2.7419281005859375
2015-04-30,2.721409320831299
2015-05-04,2.747058391571045
2015-05-05,2.714226722717285
2015-05-06,2.6860129833221436
2015-05-07,2.7029402256011963
2015-05-08,2.7396199703216553
2015-05-11,2.7480854988098145
2015-05-12,2.722691297531128
2015-05-13,2.671905517578125
2015-05-14,2.694476366043091
2015-05-15,2.722691297531128
2015-05-18,2.6888344287872314
2015-05-19,2.646512746810913
2015-05-20,2.621119976043701
2015-05-21,2.6154770851135254
2015-05-22,2.5392980575561523
2015-05-25,2.5675132274627686
2015-05-26,2.525190591812134
2015-05-27,2.5872623920440674
2015-05-28,2.573155403137207
2015-05-29,2.4885127544403076
2015-06-01,2.489924192428589
2015-06-02,2.5662333965301514
2015-06-03,2.5097081661224365
2015-06-05,2.4305734634399414
2015-06-08,2.4390528202056885
2015-06-09,2.44470477104187
2015-06-10,2.4616620540618896
2015-06-11,2.4249210357666016
2015-06-12,2.419268846511841
2015-06-15,2.44470477104187
2015-06-16,2.526667833328247
2015-06-17,2.48710036277771
2015-06-18,2.5634074211120605
2015-06-19,2.5210134983062744
2015-06-22,2.5351450443267822
2015-06-23,2.5351450443267822
2015-06-24,2.5294928550720215
2015-06-25,2.48710036277771
2015-06-26,2.5407967567443848
2015-06-29,2.5097081661224365
2015-06-30,2.51818585395813
2015-07-01,2.5125348567962646
2015-07-02,2.554929256439209
2015-07-03,2.5125348567962646
2015-07-06,2.489924192428589
2015-07-07,2.4757936000823975
2015-07-08,2.4757936000823975
2015-07-10,2.537971258163452
2015-07-13,2.5407967567443848
2015-07-14,2.5407967567443848
2015-07-15,2.5238394737243652
2015-07-16,2.5238394737243652
2015-07-17,2.48710036277771
2015-07-20,2.4927520751953125
2015-07-21,2.489924192428589
2015-07-22,2.453183650970459
2015-07-23,2.326003074645996
2015-07-24,2.2609996795654297
2015-07-27,2.2609996795654297
2015-07-28,2.2836086750030518
2015-07-29,2.3316550254821777
2015-07-30,2.3005666732788086
2015-07-31,2.3740484714508057
2015-08-03,2.3825275897979736
2015-08-04,2.3175222873687744
2015-08-05,2.3090457916259766
2015-08-06,2.2609996795654297
2015-08-07,2.190343141555786
2015-08-10,2.2186050415039062
2015-08-11,2.190343141555786
2015-08-12,2.1818630695343018
2015-08-13,2.166571617126465
2015-08-14,2.1608543395996094
2015-08-17,2.1465632915496826
2015-08-18,2.1294140815734863
2015-08-19,2.0979740619659424
2015-08-20,2.092256784439087
2015-08-21,2.0751070976257324
2015-08-24,2.0322329998016357
2015-08-25,2.0350914001464844
2015-08-26,2.1551380157470703
2015-08-27,2.220879077911377
2015-08-28,2.1494224071502686
2015-08-31,2.0808231830596924
2015-09-01,2.065070390701294
2015-09-02,2.0793914794921875
2015-09-03,2.1424038410186768
2015-09-04,2.090847969055176
2015-09-08,2.1023056507110596
2015-09-09,2.125218152999878
2015-09-10,2.062206983566284
2015-09-11,2.119490146636963
2015-09-14,2.2226004600524902
2015-09-15,2.208279609680176
2015-09-16,2.254105806350708
2015-09-17,2.2598345279693604
2015-09-18,2.162452459335327
2015-09-21,2.1080322265625
2015-09-22,2.133810520172119
2015-09-23,2.062206983566284
2015-09-24,2.0478856563568115
2015-09-25,2.0049221515655518
2015-09-28,2.0106518268585205
2015-09-29,2.0106518268585205
2015-09-30,2.0450215339660645
2015-10-01,2.06793475151062
2015-10-02,2.125218152999878
2015-10-05,2.1739094257354736
2015-10-06,2.2054150104522705
2015-10-07,2.2741541862487793
2015-10-08,2.2827467918395996
2015-10-09,2.2999331951141357
2015-10-13,2.2111423015594482
2015-10-14,2.1595876216888428
2015-10-15,2.1509950160980225
2015-10-16,2.1137616634368896
2015-10-19,2.153860092163086
2015-10-20,2.125218152999878
2015-10-21,2.122354507446289
2015-10-22,2.153860092163086
2015-10-23,2.139538526535034
2015-10-26,2.1080322265625
2015-10-27,2.090847969055176
2015-10-28,2.0765271186828613
2015-10-29,2.0450215339660645
2015-10-30,2.062206983566284
2015-11-03,2.1509950160980225
2015-11-04,2.165315628051758
2015-11-05,2.1996874809265137
2015-11-06,2.1481316089630127
2015-11-09,2.1051688194274902
2015-11-10,2.1051688194274902
2015-11-11,2.1509950160980225
2015-11-12,2.162452459335327
2015-11-13,2.119490146636963
2015-11-16,2.133810520172119
2015-11-17,2.165315628051758
2015-11-18,2.1853647232055664
2015-11-19,2.2197365760803223
2015-11-23,2.214007616043091
2015-11-24,2.2226004600524902
2015-11-25,2.1166253089904785
2015-11-26,2.156724214553833
2015-11-27,2.1051688194274902
2015-11-30,2.0765271186828613
2015-12-01,2.132493734359741
2015-12-02,2.095181941986084
2015-12-03,2.181286096572876
2015-12-04,2.158324956893921
2015-12-07,2.1353650093078613
2015-12-08,2.12101411819458
2015-12-09,2.227207899093628
2015-12-10,2.2216384410858154
2015-12-11,2.207061767578125
2015-12-14,2.1400043964385986
2015-12-15,2.1516661643981934
2015-12-16,2.1370887756347656
2015-12-17,2.189568042755127
2015-12-18,2.084609031677246
2015-12-21,2.0467076301574707
2015-12-22,2.0554542541503906
2015-12-23,2.0408759117126465
2015-12-28,2.0350449085235596
2015-12-29,2.0350449085235596
2015-12-30,2.005890130996704
2016-01-04,1.9242546558380127
2016-01-05,1.956325888633728
2016-01-06,1.973818063735962
2016-01-07,1.9446630477905273
2016-01-08,1.9446630477905273
2016-01-11,1.921338677406311
2016-01-12,1.8980149030685425
2016-01-13,1.903845191001892
2016-01-14,1.9125921726226807
2016-01-15,1.880521535873413
2016-01-18,1.8717738389968872
2016-01-19,1.8513662815093994
2016-01-20,1.8309563398361206
2016-01-21,1.8367880582809448
2016-01-22,1.865943193435669
2016-01-26,1.895099401473999
2016-01-27,1.8980149030685425
2016-01-28,1.9388314485549927
2016-01-29,2.005890130996704
2016-02-01,2.0175516605377197
2016-02-02,1.8513662815093994
2016-02-03,1.94757878780365
2016-02-04,1.979649543762207
2016-02-05,1.9767332077026367
2016-02-10,1.979649543762207
2016-02-11,1.9359161853790283
2016-02-12,1.9388314485549927
2016-02-15,1.9417474269866943
2016-02-16,1.970902442932129
2016-02-17,1.979649543762207
2016-02-18,1.9446630477905273
2016-02-19,1.9482004642486572
2016-02-22,2.0141401290893555
2016-02-23,2.011141061782837
2016-02-24,1.996155858039856
2016-02-25,2.011141061782837
2016-02-26,1.9931590557098389
2016-02-29,2.04411244392395
2016-03-01,2.1327245235443115
2016-03-02,2.1657674312591553
2016-03-03,2.3429923057556152
2016-03-04,2.4361116886138916
2016-03-07,2.4060726165771484
2016-03-08,2.4901809692382812
2016-03-09,2.4301044940948486
2016-03-10,2.5202202796936035
2016-03-11,2.5652778148651123
2016-03-14,2.547255039215088
2016-03-15,2.4000658988952637
2016-03-16,2.339989185333252
2016-03-17,2.5802969932556152
2016-03-18,2.5772924423217773
2016-03-21,2.6103343963623047
2016-03-22,2.5172159671783447
2016-03-23,2.442119836807251
2016-03-24,2.442119836807251
2016-03-28,2.5382418632507324
2016-03-29,2.5652778148651123
2016-03-30,2.544250249862671
2016-03-31,2.4541356563568115
2016-04-01,2.4541356563568115
2016-04-04,2.3730309009552
2016-04-05,2.3610167503356934
2016-04-06,2.29793643951416
2016-04-07,2.33097767829895
2016-04-08,2.469154119491577
2016-04-11,2.475161075592041
2016-04-12,2.589308261871338
2016-04-13,2.6013238430023193
2016-04-14,2.547255039215088
2016-04-15,2.589308261871338
2016-04-18,2.568281412124634
2016-04-19,2.5652778148651123
2016-04-20,2.514212131500244
2016-04-22,2.4901809692382812
2016-04-25,2.4631454944610596
2016-04-26,2.5532617568969727
2016-04-27,2.616342067718506
2016-04-28,2.6103343963623047
2016-04-29,2.6013238430023193
2016-05-02,2.544250249862671
2016-05-03,2.40547251701355
2016-05-04,2.4451239109039307
2016-05-05,2.418689727783203
2016-05-06,2.428602695465088
2016-05-09,2.4616458415985107
2016-05-10,2.5772924423217773
2016-05-11,2.5607705116271973
2016-05-12,2.5905096530914307
2016-05-13,2.5310330390930176
2016-05-16,2.5178165435791016
2016-05-17,2.4385149478912354
2016-05-18,2.4385149478912354
2016-05-19,2.4517321586608887
2016-05-20,2.4219937324523926
2016-05-23,2.428602695465088
2016-05-24,2.40547251701355
2016-05-25,2.402169704437256
2016-05-27,2.402169704437256
2016-05-30,2.39886474609375
2016-05-31,2.3592138290405273
2016-06-01,2.4105377197265625
2016-06-02,2.4171581268310547
2016-06-03,2.4337148666381836
2016-06-06,2.4006028175354004
2016-06-07,2.443647861480713
2016-06-08,2.4866931438446045
2016-06-09,2.503249406814575
2016-06-10,2.370802879333496
2016-06-13,2.3939805030822754
2016-06-14,2.3476245403289795
2016-06-15,2.3443124294281006
2016-06-16,2.3972935676574707
2016-06-17,2.364180564880371
2016-06-20,2.403913736343384
2016-06-21,2.3807361125946045
2016-06-22,2.360869884490967
2016-06-23,2.4469592571258545
2016-06-24,2.387359619140625
2016-06-27,2.314513683319092
2016-06-28,2.3807361125946045
2016-06-29,2.4370272159576416
2016-06-30,2.5131824016571045
2016-07-01,2.5363612174987793
2016-07-04,2.533050298690796
2016-07-05,2.503249406814575
2016-07-06,2.4900054931640625
2016-07-07,2.5098717212677
2016-07-08,2.5827183723449707
2016-07-11,2.5860283374786377
2016-07-12,2.546294689178467
2016-07-13,2.6058971881866455
2016-07-14,2.7217884063720703
2016-07-15,2.7085423469543457
2016-07-18,2.7681446075439453
2016-07-19,2.7846994400024414
2016-07-20,2.774766683578491
2016-07-21,2.7482762336730957
2016-07-22,2.754899740219116
2016-07-25,2.74165415763855
2016-07-26,2.7151663303375244
2016-07-27,2.7582099437713623
2016-07-28,2.7250986099243164
2016-07-29,2.7681446075439453
2016-08-01,2.735031843185425
2016-08-02,2.7515881061553955
2016-08-03,2.8608572483062744
2016-08-04,2.8674800395965576
2016-08-05,2.8575446605682373
2016-08-08,2.8376784324645996
2016-08-09,2.834367275238037
2016-08-10,2.7979438304901123
2016-08-11,2.877412796020508
2016-08-12,2.8807246685028076
2016-08-15,2.9305124282836914
2016-08-16,2.9004390239715576
2016-08-17,2.947221040725708
2016-08-18,2.9605865478515625
2016-08-19,2.933854341506958
2016-08-22,2.8536581993103027
2016-08-23,2.8570005893707275
2016-08-24,2.8469746112823486
2016-08-25,2.8402907848358154
2016-08-26,2.867023468017578
2016-08-29,2.9104630947113037
2016-08-30,2.9171464443206787
2016-08-31,2.8737056255340576
2016-09-01,2.898813009262085
2016-09-02,2.9389805793762207
2016-09-05,2.928938150405884
2016-09-06,2.9523699283599854
2016-09-08,2.9122025966644287
2016-09-09,2.7783069610595703
2016-09-12,2.801738739013672
2016-09-13,2.788348913192749
2016-09-14,2.758223295211792
2016-09-15,2.8218235969543457
2016-09-16,2.788348913192749
2016-09-19,2.7950446605682373
2016-09-20,2.811781167984009
2016-09-21,2.828516721725464
2016-09-22,2.8720321655273438
2016-09-23,2.8486032485961914
2016-09-26,2.8151278495788574
2016-09-27,2.8552956581115723
2016-09-28,2.8854217529296875
2016-09-29,2.801738739013672
2016-09-30,2.7916955947875977
2016-10-03,2.8419079780578613
2016-10-04,2.801738739013672
2016-10-05,2.8385589122772217
2016-10-06,2.8854217529296875
2016-10-07,2.918896436691284
2016-10-10,2.962411642074585
2016-10-11,2.9322845935821533
2016-10-13,2.9322845935821533
2016-10-14,2.9791483879089355
2016-10-17,3.0059280395507812
2016-10-18,3.046095371246338
2016-10-19,3.0260114669799805
2016-10-20,3.0394017696380615
2016-10-21,3.015970230102539
2016-10-24,2.9992318153381348
2016-10-25,2.95906400680542
2016-10-26,2.965759038925171
2016-10-27,3.0293586254119873
2016-10-28,3.0360538959503174
2016-10-31,3.1599066257476807
2016-11-01,3.089611530303955
2016-11-03,3.0293586254119873
2016-11-04,3.089611530303955
2016-11-07,3.1632540225982666
2016-11-08,3.17999005317688
2016-11-09,3.1130428314208984
2016-11-10,2.9523699283599854
2016-11-11,2.8720321655273438
2016-11-14,2.868685722351074
2016-11-16,2.962411642074585
2016-11-17,2.892117738723755
2016-11-18,2.9389805793762207
2016-11-21,2.969106435775757
2016-11-22,2.969106435775757
2016-11-23,2.9155478477478027
2016-11-24,2.892117738723755
2016-11-25,2.8787264823913574
2016-11-28,2.9055068492889404
2016-11-29,2.8486032485961914
2016-11-30,2.882075786590576
2016-12-01,2.739563465118408
2016-12-02,2.7496252059936523
2016-12-05,2.7362101078033447
2016-12-06,2.7965683937072754
2016-12-07,2.8032753467559814
2016-12-08,2.799921989440918
2016-12-09,2.8166887760162354
2016-12-12,2.7060322761535645
2016-12-13,2.71944522857666
2016-12-14,2.702679395675659
2016-12-15,2.702679395675659
2016-12-16,2.6892662048339844
2016-12-19,2.642320394515991
2016-12-20,2.6691465377807617
2016-12-21,2.6691465377807617
2016-12-22,2.6892662048339844
2016-12-23,2.743440628051758
2016-12-26,2.7781691551208496
2016-12-27,2.767749786376953
2016-12-28,2.8059496879577637
2016-12-29,2.875403642654419
2017-01-02,2.85109281539917
2017-01-03,2.9761123657226562
2017-01-04,2.993476152420044
2017-01-05,3.0212576389312744
2017-01-06,3.0108392238616943
2017-01-09,3.042092800140381
2017-01-10,3.0212576389312744
2017-01-11,3.042092800140381
2017-01-12,3.1254384517669678
2017-01-13,3.094184398651123
2017-01-16,3.094184398651123
2017-01-17,3.1566922664642334
2017-01-18,3.139329195022583
2017-01-19,3.1358566284179688
2017-01-20,3.1705846786499023
2017-01-23,3.2504568099975586
2017-01-24,3.212256669998169
2017-01-26,3.2261476516723633
2017-01-27,3.222672939300537
2017-01-30,3.184474468231201
2017-01-31,3.222672939300537
2017-02-01,3.236565351486206
2017-02-02,3.2330925464630127
2017-02-03,3.2956016063690186
2017-02-06,3.246983289718628
2017-02-07,3.292128324508667
2017-02-08,3.319911003112793
2017-02-09,3.3442182540893555
2017-02-10,3.375474691390991
2017-02-13,3.3685286045074463
2017-02-14,3.35463809967041
2017-02-15,3.4831271171569824
2017-02-16,3.4727084636688232
2017-02-17,3.5282723903656006
2017-02-20,3.576889753341675
2017-02-21,3.6601881980895996
2017-02-22,3.6779565811157227
2017-02-23,3.6317591667175293
2017-02-24,3.5677943229675293
2017-03-01,3.5553386211395264
2017-03-02,3.512631893157959
2017-03-03,3.5553386211395264
2017-03-06,3.5838112831115723
2017-03-07,3.530426502227783
2017-03-08,3.4628078937530518
2017-03-09,3.430778741836548
2017-03-10,3.4450130462646484
2017-03-13,3.494837760925293
2017-03-14,3.455690622329712
2017-03-15,3.5446629524230957
2017-03-16,3.5446629524230957
2017-03-17,3.477044105529785
2017-03-20,3.4699273109436035
2017-03-21,3.3489224910736084
2017-03-22,3.4343371391296387
2017-03-23,3.405864715576172
2017-03-24,3.437896251678467
2017-03-27,3.4699273109436035
2017-03-28,3.4450130462646484
2017-03-29,3.477044105529785
2017-03-30,3.4343371391296387
2017-03-31,3.3809518814086914
2017-04-03,3.409423589706421
2017-04-04,3.455690622329712
2017-04-05,3.4165408611297607
2017-04-06,3.370276927947998
2017-04-07,3.3880720138549805
2017-04-10,3.4023053646087646
2017-04-11,3.4165408611297607
2017-04-12,3.3987479209899902
2017-04-13,3.313335418701172
2017-04-17,3.4023053646087646
2017-04-18,3.430778741836548
2017-04-19,3.373835563659668
2017-04-20,3.3453636169433594
2017-04-24,3.427218437194824
2017-04-25,3.4343371391296387
2017-04-26,3.4236602783203125
2017-04-27,3.4663662910461426
2017-04-28,3.5197510719299316
2017-05-02,3.587369918823242
2017-05-03,3.55177903175354
2017-05-04,3.4699273109436035
2017-05-05,3.566016674041748
2017-05-08,3.5588974952697754
2017-05-09,3.569575071334839
2017-05-10,3.5944862365722656
2017-05-11,3.6549882888793945
2017-05-12,3.6656649112701416
2017-05-15,3.6656649112701416
2017-05-16,3.6549882888793945
2017-05-17,3.5838112831115723
2017-05-18,3.238598346710205
2017-05-19,3.25995135307312
2017-05-22,3.1674180030822754
2017-05-23,3.2065672874450684
2017-05-24,3.2065672874450684
2017-05-25,3.1318295001983643
2017-05-26,3.1923327445983887
2017-05-29,3.1923327445983887
2017-05-30,3.213684558868408
2017-05-31,3.185213804244995
2017-06-01,3.1192638874053955
2017-06-02,3.137087345123291
2017-06-05,3.1228277683258057
2017-06-06,3.16560697555542
2017-06-07,3.2190797328948975
2017-06-08,3.1941256523132324
2017-06-09,3.1406538486480713
2017-06-12,3.1406538486480713
2017-06-13,3.1620423793792725
2017-06-14,3.1941256523132324
2017-06-15,3.1941256523132324
2017-06-16,3.2119505405426025
2017-06-19,3.2155165672302246
2017-06-20,3.1335232257843018
2017-06-21,3.11569881439209
2017-06-22,3.1228277683258057
2017-06-23,3.090745449066162
2017-06-26,3.1727356910705566
2017-06-27,3.112133741378784
2017-06-28,3.1406538486480713
2017-06-29,3.183431625366211
2017-06-30,3.2155165672302246
2017-07-03,3.2155165672302246
2017-07-04,3.2119505405426025
2017-07-05,3.244035482406616
2017-07-06,3.201256036758423
2017-07-07,3.1976921558380127
2017-07-10,3.2262113094329834
2017-07-11,3.272552490234375
2017-07-12,3.2796826362609863
2017-07-13,3.2903780937194824
2017-07-14,3.283247232437134
2017-07-17,3.272552490234375
2017-07-18,3.301072120666504
2017-07-19,3.272552490234375
2017-07-20,3.2868118286132812
2017-07-21,3.2796826362609863
2017-07-24,3.2796826362609863
2017-07-25,3.3082025051116943
2017-07-26,3.268988609313965
2017-07-27,3.2939419746398926
2017-07-28,3.2939419746398926
2017-07-31,3.2975070476531982
2017-08-01,3.404453754425049
2017-08-02,3.4436678886413574
2017-08-03,3.4365384578704834
2017-08-04,3.4258437156677246
2017-08-07,3.5007050037384033
2017-08-08,3.504270315170288
2017-08-09,3.490011692047119
2017-08-10,3.4650559425354004
2017-08-11,3.482881546020508
2017-08-14,3.5327882766723633
2017-08-15,3.550398111343384
2017-08-16,3.5539913177490234
2017-08-17,3.5252418518066406
2017-08-18,3.5719571113586426
2017-08-21,3.5683648586273193
2017-08-22,3.604299783706665
2017-08-23,3.6797637939453125
2017-08-24,3.7085134983062744
2017-08-25,3.7013251781463623
2017-08-28,3.6941378116607666
2017-08-29,3.722886562347412
2017-08-30,3.72648024559021
2017-08-31,3.665390729904175
2017-09-01,3.7355663776397705
2017-09-04,3.7211713790893555
2017-09-05,3.742764711380005
2017-09-06,3.847130298614502
2017-09-07,3.847130298614502
2017-09-08,3.8579275608062744
2017-09-11,3.9083092212677
2017-09-12,3.9263038635253906
2017-09-13,3.937100887298584
2017-09-14,3.9514963626861572
2017-09-15,4.037867069244385
2017-09-18,4.063060283660889
2017-09-19,4.048665523529053
2017-09-20,4.0090765953063965
2017-09-21,4.012674808502197
2017-09-22,4.005477428436279
2017-09-25,3.962291717529297
2017-09-26,3.958693742752075
2017-09-27,3.9011125564575195
2017-09-28,3.893913745880127
2017-09-29,3.969489812850952
2017-10-02,3.9442973136901855
2017-10-03,4.099046230316162
2017-10-04,4.070256233215332
2017-10-05,4.095448017120361
2017-10-06,4.077452659606934
2017-10-09,4.016274929046631
2017-10-10,4.099046230316162
2017-10-11,4.088250637054443
2017-10-12,4.088250637054443
2017-10-13,4.084652423858643
2017-10-16,4.066658020019531
2017-10-17,4.019873142242432
2017-10-18,4.037867069244385
2017-10-19,4.012674808502197
2017-10-20,4.012674808502197
2017-10-23,3.919104814529419
2017-10-24,4.005477428436279
2017-10-25,4.066658020019531
2017-10-26,4.023472309112549
2017-10-27,4.012674808502197
2017-10-30,3.9011125564575195
2017-10-31,3.7715559005737305
2017-11-01,3.742764711380005
2017-11-02,3.742764711380005
2017-11-03,3.7787530422210693
2017-11-06,3.7895495891571045
2017-11-07,3.706775665283203
2017-11-08,3.8291337490081787
2017-11-09,3.7679550647735596
2017-11-10,3.7679550647735596
2017-11-13,3.7679550647735596
2017-11-14,3.713974952697754
2017-11-15,3.713974952697754
2017-11-16,3.7715559005737305
2017-11-17,3.814739227294922
2017-11-20,3.814739227294922
2017-11-21,3.8723225593566895
2017-11-22,3.861525058746338
2017-11-23,3.8579275608062744
2017-11-24,3.82193922996521
2017-11-27,3.8831186294555664
2017-11-28,3.868722677230835
2017-11-29,3.775153160095215
2017-11-30,3.7355663776397705
2017-12-01,3.769803762435913
2017-12-04,3.784221649169922
2017-12-05,3.766199827194214
2017-12-06,3.820260524749756
2017-12-07,3.777013063430786
2017-12-08,3.791428327560425
2017-12-11,3.8094489574432373
2017-12-12,3.849095106124878
2017-12-13,3.7950327396392822
2017-12-14,3.784221649169922
2017-12-15,3.802241802215576
2017-12-18,3.784221649169922
2017-12-19,3.7481818199157715
2017-12-20,3.805845260620117
2017-12-21,3.946401357650757
2017-12-22,3.950005292892456
2017-12-25,3.950005292892456
2017-12-26,3.9675981998443604
2017-12-27,3.956615924835205
2017-12-28,3.9602766036987305
2017-12-29,3.9602766036987305
2018-01-02,4.037139415740967
2018-01-03,4.084721565246582
2018-01-04,4.161584377288818
2018-01-05,4.1689043045043945
2018-01-08,4.1652445793151855
2018-01-09,4.099360466003418
2018-01-10,4.099360466003418
2018-01-11,4.1652445793151855
2018-01-12,4.176225662231445
2018-01-15,4.227467060089111
2018-01-16,4.282370090484619
2018-01-17,4.348252773284912
2018-01-18,4.370212554931641
2018-01-19,4.384854316711426
2018-01-22,4.49465799331665
2018-01-23,4.436094284057617
2018-01-24,4.725245475769043
2018-01-25,4.725245475769043
2018-01-26,4.922894477844238
2018-01-29,4.7947893142700195
2018-01-30,4.824070930480957
2018-01-31,4.849693298339844
2018-02-01,4.835048198699951
2018-02-02,4.758188724517822
2018-02-05,4.611782073974609
2018-02-06,4.791130065917969
2018-02-07,4.692306041717529
2018-02-08,4.6483845710754395
2018-02-09,4.641061782836914
2018-02-14,4.791130065917969
2018-02-15,4.791130065917969
2018-02-16,4.904592990875244
2018-02-19,4.893615245819092
2018-02-20,5.091261863708496
2018-02-21,5.179105281829834
2018-02-22,5.263289451599121
2018-02-23,5.232290744781494
2018-02-26,5.2399678230285645
2018-02-27,5.170870304107666
2018-02-28,5.036511421203613
2018-03-01,5.122982025146484
2018-03-02,5.165259838104248
2018-03-05,5.303615093231201
2018-03-06,5.28055477142334
2018-03-07,5.265181064605713
2018-03-08,5.230592727661133
2018-03-09,5.276712894439697
2018-03-12,5.326672554016113
2018-03-13,5.2920823097229
2018-03-14,5.238279342651367
2018-03-15,5.2152204513549805
2018-03-16,5.165259838104248
2018-03-19,5.111454963684082
2018-03-20,5.111454963684082
2018-03-21,5.119138240814209
2018-03-22,5.099924087524414
2018-03-23,5.115297317504883
2018-03-26,5.199847221374512
2018-03-27,5.146043300628662
2018-03-28,5.2075347900390625
2018-03-29,5.299769878387451
2018-04-02,5.269024848937988
2018-04-03,5.242120742797852
2018-04-04,5.245965003967285
2018-04-05,5.230592727661133
2018-04-06,5.188318729400635
2018-04-09,5.084549903869629
2018-04-10,5.107612609863281
2018-04-11,5.103765964508057
2018-04-12,5.184476375579834
2018-04-13,5.073020935058594
2018-04-16,4.9807844161987305
2018-04-17,5.073020935058594
2018-04-18,5.172946453094482
2018-04-19,5.0922369956970215
2018-04-20,5.049962997436523
2018-04-23,5.069178104400635
2018-04-24,5.0576491355896
2018-04-25,5.088395118713379
2018-04-26,5.253653049468994
2018-04-27,5.261336326599121
2018-04-30,5.230592727661133
2018-05-02,4.919295310974121
2018-05-03,4.784781455993652
2018-05-04,4.707917213439941
2018-05-07,4.715602874755859
2018-05-08,4.727134704589844
2018-05-09,4.738664627075195
2018-05-10,4.896235942840576
2018-05-11,4.819369792938232
2018-05-14,4.750194072723389
2018-05-15,4.684858322143555
2018-05-16,4.73097562789917
2018-05-17,4.523444652557373
2018-05-18,4.458111763000488
2018-05-21,4.43120813369751
2018-05-22,4.62336540222168
2018-05-23,4.515758037567139
2018-05-24,4.588779926300049
2018-05-25,4.523444652557373
2018-05-28,4.335127353668213
2018-05-29,4.304381370544434
2018-05-30,4.315912246704102
2018-06-01,4.38192081451416
2018-06-04,4.521632194519043
2018-06-05,4.297246932983398
2018-06-06,4.237973213195801
2018-06-07,3.979715585708618
2018-06-08,3.9881820678710938
2018-06-11,3.8950400352478027
2018-06-12,3.89080548286438
2018-06-13,3.8611700534820557
2018-06-14,3.734158515930176
2018-06-15,3.7722625732421875
2018-06-18,3.6452486515045166
2018-06-19,3.8061306476593018
2018-06-20,3.88657283782959
2018-06-21,3.7722625732421875
2018-06-22,3.8018991947174072
2018-06-25,3.784963369369507
2018-06-26,3.8484694957733154
2018-06-27,3.734158515930176
2018-06-28,3.827298879623413
2018-06-29,3.88657283782959
2018-07-02,3.928908586502075
2018-07-03,4.060155868530273
2018-07-04,4.098259449005127
2018-07-05,4.10672664642334
2018-07-06,4.115193843841553
2018-07-10,4.123661041259766
2018-07-11,4.136362552642822
2018-07-12,4.195634841918945
2018-07-13,4.288776874542236
2018-07-16,4.314179420471191
2018-07-17,4.3988542556762695
2018-07-18,4.394622325897217
2018-07-19,4.458127021789551
2018-07-20,4.602073669433594
2018-07-23,4.487765312194824
2018-07-24,4.496230125427246
2018-07-25,4.640178203582764
2018-07-26,4.559737205505371
2018-07-27,4.5470356941223145
2018-07-30,4.593606948852539
2018-07-31,4.411557197570801
2018-08-01,4.508932590484619
2018-08-02,4.534334659576416
2018-08-03,4.669813632965088
2018-08-06,4.602073669433594
2018-08-07,4.593606948852539
2018-08-08,4.496230125427246
2018-08-09,4.407322883605957
2018-08-10,4.237973213195801
2018-08-13,4.216803073883057
2018-08-14,4.3184123039245605
2018-08-15,4.309947490692139
2018-08-16,4.267608642578125
2018-08-17,4.2125701904296875
2018-08-20,4.203402519226074
2018-08-21,4.108262538909912
2018-08-22,4.1990766525268555
2018-08-23,4.086641311645508
2018-08-24,4.103940963745117
2018-08-27,4.220700740814209
2018-08-28,4.151508808135986
2018-08-29,4.268270015716553
2018-08-30,4.077993392944336
2018-08-31,4.147185325622559
2018-09-03,4.101706027984619
2018-09-04,4.054063320159912
2018-09-05,4.054063320159912
2018-09-06,4.201324939727783
2018-09-10,4.196993827819824
2018-09-11,4.02374267578125
2018-09-12,4.0497307777404785
2018-09-13,4.075717926025391
2018-09-14,4.1710052490234375
2018-09-17,4.23597526550293
2018-09-18,4.292281150817871
2018-09-19,4.287951469421387
2018-09-20,4.227311611175537
2018-09-21,4.274956226348877
2018-09-24,4.153681755065918
2018-09-25,4.188331127166748
2018-09-26,4.227311611175537
2018-09-27,4.352919101715088
2018-09-28,4.374575138092041
2018-10-01,4.326932430267334
2018-10-02,4.504512310028076
2018-10-03,4.6517767906188965
2018-10-04,4.61712646484375
2018-10-05,4.560819149017334
2018-10-08,4.838019847869873
2018-10-09,4.799039840698242
2018-10-10,4.682095527648926
2018-10-11,4.656106948852539
2018-10-15,4.686426639556885
2018-10-16,4.881333827972412
2018-10-17,4.838019847869873
2018-10-18,4.690759658813477
2018-10-19,4.682095527648926
2018-10-22,4.755727767944336
2018-10-23,4.747066020965576
2018-10-24,4.634451866149902
2018-10-25,4.686426639556885
2018-10-26,4.781713962554932
2018-10-29,4.716744899749756
2018-10-30,4.898658752441406
2018-10-31,4.868340015411377
2018-11-01,4.937640190124512
2018-11-05,4.980953693389893
2018-11-06,5.002610206604004
2018-11-07,5.024264812469482
2018-11-08,4.894326686859131
2018-11-09,5.002610206604004
2018-11-12,4.954967021942139
2018-11-13,4.920314788818359
2018-11-14,5.002610206604004
2018-11-16,5.193183898925781
2018-11-19,5.2278361320495605
2018-11-21,5.132546424865723
2018-11-22,5.128214359283447
2018-11-23,5.136878490447998
2018-11-26,5.041587829589844
2018-11-27,5.236499786376953
2018-11-28,5.357772350311279
2018-11-29,5.409747123718262
2018-11-30,5.344775676727295
2018-12-03,5.3057332038879395
2018-12-04,5.227645397186279
2018-12-05,5.227645397186279
2018-12-06,5.362131118774414
2018-12-07,5.258014678955078
2018-12-10,5.0974955558776855
2018-12-11,5.114848613739014
2018-12-12,5.166908264160156
2018-12-13,5.2493367195129395
2018-12-14,5.284043312072754
2018-12-17,5.140880107879639
2018-12-18,5.166100025177002
2018-12-19,5.161757946014404
2018-12-20,5.157421112060547
2018-12-21,5.100982666015625
2018-12-26,5.035861968994141
2018-12-27,5.122689247131348
2018-12-28,5.244243621826172
2019-01-02,5.491696834564209
2019-01-03,5.539449691772461
2019-01-04,5.522084712982178
2019-01-07,5.517743110656738
2019-01-08,5.591543197631836
2019-01-09,5.665345668792725
2019-01-10,5.626274585723877
2019-01-11,5.556817054748535
2019-01-14,5.639298915863037
2019-01-15,5.604568958282471
2019-01-16,5.608910083770752
2019-01-17,5.617593765258789
2019-01-18,5.613250732421875
2019-01-21,5.591543197631836
2019-01-22,5.565497875213623
2019-01-23,5.639298915863037
2019-01-24,5.730466365814209
2019-01-28,5.856362819671631
2019-01-29,5.7608537673950195
2019-01-30,5.825973033905029
2019-01-31,5.860701560974121
2019-02-01,5.878068447113037
2019-02-04,5.990941524505615
2019-02-05,5.80426549911499
2019-02-06,5.556817054748535
2019-02-07,5.565497875213623
2019-02-08,5.743488788604736
2019-02-11,5.704420566558838
2019-02-12,5.799924850463867
2019-02-13,5.674026966094971
2019-02-14,5.817288875579834
2019-02-15,5.743488788604736
2019-02-18,5.626274585723877
2019-02-19,5.743488788604736
2019-02-20,5.730466365814209
2019-02-21,5.8867506980896
2019-02-22,5.934731960296631
2019-02-25,5.893327236175537
2019-02-26,5.897930145263672
2019-02-27,5.815118312835693
2019-02-28,5.690902233123779
2019-03-01,5.6494340896606445
2019-03-06,5.566488265991211
2019-03-07,5.663255214691162
2019-03-08,5.764631271362305
2019-03-11,5.925912857055664
2019-03-12,5.944344520568848
2019-03-13,5.981209754943848
2019-03-14,5.8844404220581055
2019-03-15,5.898266792297363
2019-03-18,5.939737319946289
2019-03-19,5.847579002380371
2019-03-20,5.746199131011963
2019-03-21,5.658645153045654
2019-03-22,5.4973673820495605
2019-03-25,5.511191368103027
2019-03-26,5.543447971343994
2019-03-27,5.266966819763184
2019-03-28,5.552664756774902
2019-03-29,5.520408630371094
2019-04-01,5.520408630371094
2019-04-02,5.469718933105469
2019-04-03,5.414422988891602
2019-04-04,5.437463760375977
2019-04-05,5.5618791580200195
2019-04-08,5.557271957397461
2019-04-09,5.474328994750977
2019-04-10,5.446677207946777
2019-04-11,5.37755823135376
2019-04-12,5.322264194488525
2019-04-15,5.313048362731934
2019-04-16,5.359127044677734
2019-04-17,5.285399913787842
2019-04-18,5.340692520141602
2019-04-22,5.322264194488525
2019-04-23,5.460502624511719
2019-04-24,5.460502624511719
2019-04-25,5.548054218292236
2019-04-26,5.5388383865356445
2019-04-29,5.437463760375977
2019-04-30,5.488149642944336
2019-05-02,5.5065836906433105
2019-05-03,5.423637866973877
2019-05-06,5.2715744972229
2019-05-07,5.2715744972229
2019-05-08,5.317654132843018
2019-05-09,5.294613838195801
2019-05-10,5.276183605194092
2019-05-13,5.184021472930908
2019-05-14,5.1932373046875
2019-05-15,5.184021472930908
2019-05-16,5.105684757232666
2019-05-17,5.105684757232666
2019-05-20,5.2715744972229
2019-05-21,5.432855129241943
2019-05-22,5.400599479675293
2019-05-23,5.382166862487793
2019-05-24,5.322264194488525
2019-05-27,5.33608865737915
2019-05-28,5.469718933105469
2019-05-29,5.603351593017578
2019-05-30,5.681686878204346
2019-05-31,5.70933723449707
2019-06-03,5.732415676116943
2019-06-04,5.746261119842529
2019-06-05,5.607795238494873
2019-06-06,5.672410488128662
2019-06-07,5.7231831550598145
2019-06-10,5.635489463806152
2019-06-11,5.649333953857422
2019-06-12,5.621644973754883
2019-06-13,5.547793388366699
2019-06-14,5.52933406829834
2019-06-17,5.524719715118408
2019-06-18,5.63087272644043
2019-06-19,5.713952541351318
2019-06-21,5.815492153167725
2019-06-24,5.838570594787598
2019-06-25,5.80626106262207
2019-06-26,5.990880489349365
2019-06-27,5.97241735458374
2019-06-28,5.9493408203125
2019-07-01,5.963186740875244
2019-07-02,5.898571968078613
2019-07-03,5.986263275146484
2019-07-04,6.069344997406006
2019-07-05,6.124727249145508
2019-07-08,6.129343509674072
2019-07-10,6.157036781311035
2019-07-11,6.0924201011657715
2019-07-12,6.000109672546387
2019-07-15,5.9770355224609375
2019-07-16,5.9493408203125
2019-07-17,5.967803001403809
2019-07-18,6.097035884857178
2019-07-19,6.023187637329102
2019-07-22,6.115498065948486
2019-07-23,6.147804260253906
2019-07-24,6.138576030731201
2019-07-25,5.953954219818115
2019-07-26,6.004725456237793
2019-07-29,5.995494365692139
2019-07-30,5.898571968078613
2019-07-31,5.755489826202393
2019-08-01,5.792413234710693
2019-08-02,5.750876426696777
2019-08-05,5.658567428588867
2019-08-06,5.843182563781738
2019-08-07,5.995494365692139
2019-08-08,6.055496692657471
2019-08-09,6.027803421020508
2019-08-12,5.815492153167725
2019-08-13,5.963186740875244
2019-08-14,5.884723663330078
2019-08-15,5.907804012298584
2019-08-16,5.931746006011963
2019-08-19,5.82742977142334
2019-08-20,5.737341403961182
2019-08-21,5.808465480804443
2019-08-22,5.713633060455322
2019-08-23,5.633027076721191
2019-08-26,5.609317779541016
2019-08-27,5.699406147003174
2019-08-28,5.784756183624268
2019-08-29,5.813207149505615
2019-08-30,5.82742977142334
2019-09-02,5.765689849853516
2019-09-03,5.6754536628723145
2019-09-04,5.765689849853516
2019-09-05,5.974660396575928
2019-09-06,6.15038537979126
2019-09-09,6.226372718811035
2019-09-10,6.1646342277526855
2019-09-11,6.14563512802124
2019-09-12,6.226372718811035
2019-09-13,6.250120639801025
2019-09-16,6.231123924255371
2019-09-17,6.25961971282959
2019-09-18,6.269120216369629
2019-09-19,6.212127685546875
2019-09-20,6.288115978240967
2019-09-23,6.221628189086914
2019-09-24,6.202627658843994
2019-09-25,6.240623474121094
2019-09-26,6.373605251312256
2019-09-27,6.3593549728393555
2019-09-30,6.25961971282959
2019-10-01,6.15038537979126
2019-10-02,6.00790548324585
2019-10-03,5.936666011810303
2019-10-04,5.9414143562316895
2019-10-07,5.7846879959106445
2019-10-08,5.765689849853516
2019-10-09,5.855926036834717
2019-10-10,5.903419494628906
2019-10-11,6.031654357910156
2019-10-14,6.131389141082764
2019-10-15,6.14088773727417
2019-10-16,6.254871845245361
2019-10-17,6.2453742027282715
2019-10-18,6.2073774337768555
2019-10-21,6.297613143920898
2019-10-22,6.440094470977783
2019-10-23,6.487588405609131
2019-10-24,6.4828410148620605
2019-10-25,6.5493268966674805
2019-10-28,6.606321811676025
2019-10-29,6.544581890106201
2019-10-30,6.62531852722168
2019-10-31,6.5113348960876465
2019-11-01,6.5350823402404785
2019-11-04,6.601572513580322
2019-11-05,6.682307720184326
2019-11-06,6.630067348480225
2019-11-07,6.62056827545166
2019-11-08,6.5350823402404785
2019-11-11,6.596823215484619
2019-11-12,6.520834922790527
2019-11-13,6.411599636077881
2019-11-14,6.4733405113220215
2019-11-18,6.4590935707092285
2019-11-19,6.373605251312256
2019-11-21,6.416348934173584
2019-11-22,6.5113348960876465
2019-11-25,6.354607582092285
2019-11-26,6.202627658843994
2019-11-27,6.278616905212402
2019-11-28,6.292863368988037
2019-11-29,6.30236291885376
2019-12-02,6.3546857833862305
2019-12-03,6.340417861938477
2019-12-04,6.492626190185547
2019-12-05,6.464087009429932
2019-12-06,6.402252197265625
2019-12-09,6.506895542144775
2019-12-10,6.49738073348999
2019-12-11,6.478355407714844
2019-12-12,6.468843460083008
2019-12-13,6.519260406494141
2019-12-16,6.457395553588867
2019-12-17,6.58112096786499
2019-12-18,6.647740364074707
2019-12-19,6.652500152587891
2019-12-20,6.590637683868408
2019-12-23,6.638223648071289
2019-12-26,6.752427577972412
2019-12-27,6.723878383636475
2019-12-30,6.704844951629639
2020-01-02,6.8285675048828125
2020-01-03,6.728636741638184
2020-01-06,6.714361190795898
2020-01-07,6.623948097229004
2020-01-08,6.524019718170166
2020-01-09,6.395537376403809
2020-01-10,6.352707862854004
2020-01-13,6.438364505767822
2020-01-14,6.509742259979248
2020-01-15,6.405055046081543
2020-01-16,6.419330596923828
2020-01-17,6.471675395965576
2020-01-20,6.381262302398682
2020-01-21,6.233745574951172
2020-01-22,6.324158191680908
2020-01-23,6.447882652282715
2020-01-24,6.352707862854004
2020-01-27,6.2147088050842285
2020-01-28,6.23850154876709
2020-01-29,6.171882152557373
2020-01-30,6.224226474761963
2020-01-31,6.1195387840271
2020-02-03,6.114780426025391
2020-02-04,6.129052639007568
2020-02-05,6.162367820739746
2020-02-06,6.100502967834473
2020-02-07,6.08622932434082
2020-02-10,6.2099504470825195
2020-02-11,6.319399356842041
2020-02-12,6.36222505569458
2020-02-13,6.267054080963135
2020-02-14,6.186158180236816
2020-02-17,6.186158180236816
2020-02-18,6.276573181152344
2020-02-19,6.3479509353637695
2020-02-20,6.305123329162598
2020-02-21,6.306796550750732
2020-02-26,5.942469120025635
2020-02-27,5.844002723693848
2020-02-28,5.912927627563477
2020-03-02,6.070737838745117
2020-03-03,5.981972694396973
2020-03-04,6.01649284362793
2020-03-05,5.8340253829956055
2020-03-06,5.7008748054504395
2020-03-09,5.340869426727295
2020-03-10,5.4542951583862305
2020-03-11,5.12881326675415
2020-03-12,4.571549892425537
2020-03-13,5.030181884765625
2020-03-16,4.487710952758789
2020-03-17,4.704699993133545
2020-03-18,4.472917079925537
2020-03-19,4.32003927230835
2020-03-20,4.098119735717773
2020-03-23,3.713458776473999
2020-03-24,3.9797613620758057
2020-03-25,4.246065616607666
2020-03-26,4.42853307723999
2020-03-27,4.191819190979004
2020-03-30,4.349627494812012
2020-03-31,4.32496976852417
2020-04-01,4.073462009429932
2020-04-02,4.12770938873291
2020-04-03,3.9994869232177734
2020-04-06,4.295380592346191
2020-04-07,4.423598766326904
2020-04-08,4.596203804016113
2020-04-09,4.556752681732178
2020-04-13,4.680042266845703
2020-04-14,4.734289169311523
2020-04-15,4.586344242095947
2020-04-16,4.448258399963379
2020-04-17,4.507437705993652
2020-04-20,4.423598766326904
2020-04-22,4.418670177459717
2020-04-23,4.359490394592285
2020-04-24,4.142501354217529
2020-04-27,4.2756524085998535
2020-04-28,4.576480388641357
2020-04-29,4.566617965698242
2020-04-30,4.438395977020264
2020-05-04,4.290450096130371
2020-05-05,4.394013404846191
2020-05-06,4.290450096130371
2020-05-07,4.0882568359375
2020-05-08,4.186886310577393
2020-05-11,4.152365684509277
2020-05-12,4.034008502960205
2020-05-13,4.053735733032227
2020-05-14,4.201681137084961
2020-05-15,4.014283180236816
2020-05-18,4.211545467376709
2020-05-19,4.063600063323975
2020-05-20,4.068531513214111
2020-05-21,4.28551721572876
2020-05-22,4.36935567855835
2020-05-25,4.556752681732178
2020-05-26,4.398942947387695
2020-05-27,4.492642879486084
2020-05-28,4.438395977020264
2020-05-29,4.36935567855835
2020-06-01,4.483035087585449
2020-06-02,4.715343952178955
2020-06-03,4.8487958908081055
2020-06-04,4.9031662940979
2020-06-05,4.962479114532471
2020-06-08,5.140415191650391
2020-06-09,5.1206440925598145
2020-06-10,4.957537651062012
2020-06-12,4.838912010192871
2020-06-15,4.725229263305664
2020-06-16,4.824082851409912
2020-06-17,4.908109188079834
2020-06-18,5.066275119781494
2020-06-19,5.145359992980957
2020-06-22,5.016849040985107
2020-06-23,4.9723639488220215
2020-06-24,4.829024314880371
2020-06-25,4.922936916351318
2020-06-26,4.774657249450684
2020-06-29,4.888338565826416
2020-06-30,4.740057468414307
2020-07-01,4.838912010192871
2020-07-02,4.917994976043701
2020-07-03,4.927881240844727
2020-07-06,5.1206440925598145
2020-07-07,4.9377665519714355
2020-07-08,5.026734828948975
2020-07-09,5.041562557220459
2020-07-10,5.056390285491943
2020-07-13,4.962479114532471
2020-07-14,5.021791934967041
2020-07-15,5.0761613845825195
2020-07-16,5.016849040985107
2020-07-17,5.0761613845825195
2020-07-20,5.150302410125732
2020-07-21,5.199728012084961
2020-07-22,5.199728012084961
2020-07-23,5.125588417053223
2020-07-24,5.165131092071533
2020-07-27,5.446864128112793
2020-07-28,5.37766695022583
2020-07-29,5.501232624053955
2020-07-30,5.392493724822998
2020-07-31,5.27386999130249
2020-08-03,5.288698673248291
2020-08-04,5.046505928039551
2020-08-05,5.041562557220459
2020-08-06,5.100875377655029
2020-08-07,5.046505928039551
2020-08-10,5.1206440925598145
2020-08-11,5.041562557220459
2020-08-12,4.997077941894531
2020-08-13,4.873510837554932
2020-08-14,4.908109188079834
2020-08-17,4.759829998016357
2020-08-18,4.853934288024902
2020-08-19,4.819263935089111
2020-08-20,4.789546966552734
2020-08-21,4.819263935089111
2020-08-24,4.868793964385986
2020-08-25,4.829168796539307
2020-08-26,4.759830474853516
2020-08-27,4.799450874328613
2020-08-28,4.844029903411865
2020-08-31,4.670673370361328
2020-09-01,4.824542045593262
2020-09-02,4.760019302368164
2020-09-03,4.859286308288574
2020-09-04,4.849360942840576
2020-09-08,4.784835338592529
2020-09-09,4.804688453674316
2020-09-10,4.695490837097168
2020-09-11,4.601184844970703
2020-09-14,4.655785083770752
2020-09-15,4.596220970153809
2020-09-16,4.596220970153809
2020-09-17,4.591257572174072
2020-09-18,4.462206840515137
2020-09-21,4.457241535186768
2020-09-22,4.457241535186768
2020-09-23,4.367898941040039
2020-09-24,4.482061386108398
2020-09-25,4.477095603942871
2020-09-28,4.452277660369873
2020-09-29,4.3778252601623535
2020-09-30,4.367898941040039
2020-10-01,4.417532444000244
2020-10-02,4.427461624145508
2020-10-05,4.447314739227295
2020-10-06,4.457241535186768
2020-10-07,4.417532444000244
2020-10-08,4.630967140197754
2020-10-09,4.6458587646484375
2020-10-13,4.625999927520752
2020-10-14,4.611112117767334
2020-10-15,4.591257572174072
2020-10-16,4.501914024353027
2020-10-19,4.576366424560547
2020-10-20,4.71534538269043
2020-10-21,4.735199451446533
2020-10-22,4.913886070251465
2020-10-23,4.884105682373047
2020-10-26,4.918848514556885
2020-10-27,4.779872417449951
2020-10-28,4.556512832641602
2020-10-29,4.5813307762146
2020-10-30,4.511839866638184
2020-11-03,4.556512832641602
2020-11-04,4.660746097564697
2020-11-05,4.854323863983154
2020-11-06,4.879140377044678
2020-11-09,5.176952838897705
2020-11-10,5.345714092254639
2020-11-11,5.261334419250488
2020-11-12,5.196807861328125
2020-11-13,5.286149978637695
2020-11-16,5.400311470031738
2020-11-17,5.415200710296631
2020-11-18,5.310966968536377
2020-11-19,5.320894718170166
2020-11-23,5.3159332275390625
2020-11-24,5.430092811584473
2020-11-25,5.3556413650512695
2020-11-26,5.3159332275390625
2020-11-27,5.39534854888916
2020-11-30,5.251407146453857
2020-12-01,5.490104675292969
2020-12-02,5.485132694244385
2020-12-03,5.564698219299316
2020-12-04,5.574644565582275
2020-12-07,5.599510192871094
2020-12-08,5.574644565582275
2020-12-09,5.604482173919678
2020-12-10,5.718862056732178
2020-12-11,5.724707126617432
2020-12-14,5.659482002258301
2020-12-15,5.769862174987793
2020-12-16,5.850137233734131
2020-12-17,5.855154037475586
2020-12-18,5.799966812133789
2020-12-21,5.709653377532959
2020-12-22,5.719686985015869
2020-12-23,5.855154037475586
2020-12-28,5.920377731323242
2020-12-29,5.955499649047852
2020-12-30,5.885258197784424
2021-01-04,5.794946193695068
2021-01-05,5.749791145324707
2021-01-06,5.865189552307129
2021-01-07,6.101001739501953
2021-01-08,6.085951328277588
2021-01-11,5.945467472076416
2021-01-12,5.9906229972839355
2021-01-13,5.930413246154785
2021-01-14,6.0608601570129395
2021-01-15,5.825051307678223
2021-01-18,5.835086822509766
2021-01-19,5.744776248931885
2021-01-20,5.654462814331055
2021-01-21,5.539064884185791
2021-01-22,5.458790302276611
2021-01-26,5.338545799255371
2021-01-27,5.30335807800293
2021-01-28,5.514488220214844
2021-01-29,5.333519458770752
2021-02-01,5.424006462097168
2021-02-02,5.434056758880615
2021-02-03,5.439085483551025
2021-02-04,5.439085483551025
2021-02-05,5.408924579620361
2021-02-08,5.328493595123291
2021-02-09,5.3737359046936035
2021-02-10,5.338545799255371
2021-02-11,5.3486008644104
2021-02-12,5.328493595123291
2021-02-17,5.298331260681152
2021-02-18,5.202820777893066
2021-02-19,5.152551651000977
2021-02-22,4.91628885269165
2021-02-23,5.288278102874756
2021-02-24,5.238010883331299
2021-02-25,5.08217716217041
2021-02-26,5.001746654510498
2021-03-01,4.845597743988037
2021-03-02,4.986635208129883
2021-03-03,5.03196907043457
2021-03-04,5.142784118652344
2021-03-05,5.2233734130859375
2021-03-08,5.016857147216797
2021-03-09,5.062190532684326
2021-03-10,5.2011518478393555
2021-03-11,5.1860151290893555
2021-03-12,5.145658493041992
2021-03-15,5.160793781280518
2021-03-16,5.085123538970947
2021-03-17,5.231419086456299
2021-03-18,5.281868934631348
2021-03-19,5.266734600067139
2021-03-22,5.30709171295166
2021-03-23,5.175928592681885
2021-03-24,5.06998872756958
2021-03-25,5.175928592681885
2021-03-26,5.23611307144165
2021-03-29,5.2158966064453125
2021-03-30,5.291710376739502
2021-03-31,5.2158966064453125
2021-04-01,5.104704856872559
2021-04-05,5.170409679412842
2021-04-06,5.119867324829102
2021-04-07,5.114812850952148
2021-04-08,5.099649906158447
2021-04-09,5.074381351470947
2021-04-12,5.160300254821777
2021-04-13,5.150190830230713
2021-04-14,5.185572147369385
2021-04-15,5.185572147369385
2021-04-16,5.2057881355285645
2021-04-19,5.155246257781982
2021-04-20,5.165353775024414
2021-04-22,5.165353775024414
2021-04-23,5.2158966064453125
2021-04-26,5.19062614440918
2021-04-27,5.079433917999268
2021-04-28,5.267499923706055
2021-04-29,5.145941257476807
2021-04-30,5.095291614532471
2021-05-03,5.161135196685791
2021-05-04,5.024383068084717
2021-05-05,5.171266078948975
2021-05-06,5.166200160980225
2021-05-07,5.237109184265137
2021-05-10,5.292823314666748
2021-05-11,5.292823314666748
2021-05-12,5.191524505615234
2021-05-13,5.282693386077881
2021-05-14,5.38905668258667
2021-05-17,5.394121170043945
2021-05-18,5.378926753997803
2021-05-19,5.4397053718566895
2021-05-20,5.459965229034424
2021-05-21,5.490354537963867
2021-05-24,5.500483512878418
2021-05-25,5.469231605529785
2021-05-26,5.519967079162598
2021-05-27,5.448938369750977
2021-05-28,5.530113220214844
2021-05-31,5.509819507598877
2021-06-01,5.7283806800842285
2021-06-02,5.91644811630249
2021-06-04,6.048603057861328
2021-06-07,6.124846935272217
2021-06-08,6.068934917449951
2021-06-09,6.089265823364258
2021-06-10,6.0587687492370605
2021-06-11,5.962193965911865
2021-06-14,5.992690563201904
2021-06-15,6.007938385009766
2021-06-16,6.0638508796691895
2021-06-17,6.007938385009766
2021-06-18,5.952026844024658
2021-06-21,5.967278480529785
2021-06-22,6.013022422790527
2021-06-23,5.9571099281311035
2021-06-24,5.977442741394043
2021-06-25,5.8351240158081055
2021-06-28,5.774128437042236
2021-06-29,5.7436299324035645
2021-06-30,5.667388916015625
2021-07-01,5.677553176879883
2021-07-02,5.708051681518555
2021-07-05,5.631808757781982
2021-07-06,5.611475467681885
2021-07-07,5.708051681518555
2021-07-08,5.677553176879883
2021-07-12,5.784294128417969
2021-07-13,5.76396369934082
2021-07-14,5.774128437042236
2021-07-15,5.7283806800842285
2021-07-16,5.647058010101318
2021-07-19,5.601311206817627
2021-07-20,5.667388916015625
2021-07-21,5.702968120574951
2021-07-22,5.6368913650512695
2021-07-23,5.631808757781982
2021-07-26,5.68263578414917
2021-07-27,5.7182159423828125
2021-07-28,5.870700836181641
2021-07-29,5.814791202545166
2021-07-30,5.677553176879883
2021-08-02,5.789376258850098
2021-08-03,5.860537052154541
2021-08-04,5.7283806800842285
2021-08-05,5.7436299324035645
2021-08-06,5.85037088394165
2021-08-09,5.875785827636719
2021-08-10,5.8300395011901855
2021-08-11,5.91644811630249
2021-08-12,5.814791202545166
2021-08-13,5.85037088394165
2021-08-16,5.79802131652832
2021-08-17,5.721530437469482
2021-08-18,5.736827373504639
2021-08-19,5.690934181213379
2021-08-20,5.701131820678711
2021-08-23,5.726629257202148
2021-08-24,5.849014759063721
2021-08-25,5.8592143058776855
2021-08-26,5.711329936981201
2021-08-27,5.813317775726318
2021-08-30,5.772522449493408
2021-08-31,5.894909381866455
2021-09-01,5.95620584487915
2021-09-02,5.756986618041992
2021-09-03,5.746770858764648
2021-09-06,5.854042053222656
2021-09-08,5.5781989097595215
2021-09-09,5.690579891204834
2021-09-10,5.6088480949401855
2021-09-13,5.6854705810546875
2021-09-14,5.649712562561035
2021-09-15,5.649712562561035
2021-09-16,5.680362701416016
2021-09-17,5.557765960693359
2021-09-20,5.460709571838379
2021-09-21,5.435168266296387
2021-09-22,5.542441368103027
2021-09-23,5.6854705810546875
2021-09-24,5.603739261627197
2021-09-27,5.746770858764648
2021-09-28,5.6343889236450195
2021-09-29,5.741662502288818
2021-09-30,5.690579891204834
2021-10-01,5.833609580993652
2021-10-04,5.700796604156494
2021-10-05,5.787637710571289
2021-10-06,5.808068752288818
2021-10-07,5.695688724517822
2021-10-08,5.782528877258301
2021-10-11,5.695688724517822
2021-10-13,5.70590353012085
2021-10-14,5.639496803283691
2021-10-15,5.746770858764648
2021-10-18,5.787637710571289
2021-10-19,5.573088645935059
2021-10-20,5.690579891204834
2021-10-21,5.537332057952881
2021-10-22,5.378977298736572
2021-10-25,5.450491428375244
2021-10-26,5.348327159881592
2021-10-27,5.373868465423584
2021-10-28,5.348327159881592
2021-10-29,5.235945701599121
2021-11-01,5.368760585784912
2021-11-03,5.414735317230225
2021-11-04,5.235945701599121
2021-11-05,5.195080757141113
2021-11-08,5.184865474700928
2021-11-09,5.128673076629639
2021-11-10,5.246163845062256
2021-11-11,5.230838775634766
2021-11-12,5.2257304191589355
2021-11-16,5.128673076629639
2021-11-17,5.123562812805176
2021-11-18,5.087806224822998
2021-11-19,5.082696914672852
2021-11-22,5.031617641448975
2021-11-23,5.07758903503418
2021-11-24,5.157873630523682
2021-11-25,5.204574108123779
2021-11-26,5.100795269012451
2021-11-29,5.095606803894043
2021-11-30,5.0177717208862305
2021-12-01,5.004004001617432
2021-12-02,5.1496500968933105
2021-12-03,5.1236419677734375
2021-12-06,5.186061382293701
2021-12-07,5.13924503326416
2021-12-08,5.154850959777832
2021-12-09,5.03521203994751
2021-12-10,5.045617580413818
2021-12-13,4.972792625427246
2021-12-14,5.011135578155518
2021-12-15,5.058065891265869
2021-12-16,5.063278675079346
2021-12-17,4.974632740020752
2021-12-20,4.927701950073242
2021-12-21,4.894850730895996
2021-12-22,4.9112772941589355
2021-12-23,4.922227382659912
2021-12-27,4.976979732513428
2021-12-28,4.9715046882629395
2021-12-29,4.944128513336182
2021-12-30,4.889376163482666
2022-01-03,4.938653469085693
2022-01-04,4.976979732513428
2022-01-05,4.922227382659912
2022-01-06,4.966028213500977
2022-01-07,5.026256084442139
2022-01-10,5.026256084442139
2022-01-11,5.1083855628967285
2022-01-12,5.0919599533081055
2022-01-13,5.234314918518066
2022-01-14,5.2945427894592285
2022-01-17,5.296395778656006
2022-01-18,5.335258483886719
2022-01-19,5.340810298919678
2022-01-20,5.335258483886719
2022-01-21,5.301948070526123
2022-01-24,5.274189472198486
2022-01-25,5.407433032989502
2022-01-26,5.462950706481934
2022-01-27,5.535123348236084
2022-01-28,5.590641975402832
2022-01-31,5.657263278961182
2022-02-01,5.668366432189941
2022-02-02,5.5739874839782715
2022-02-03,5.590641975402832
2022-02-04,5.701675891876221
2022-02-07,5.6239519119262695
2022-02-08,5.635056018829346
2022-02-09,5.540674686431885
2022-02-10,5.601744651794434
2022-02-11,5.840471267700195
2022-02-14,5.818263053894043
2022-02-15,5.890438079833984
2022-02-16,5.873781681060791
2022-02-17,5.812713146209717
2022-02-18,5.840471267700195
2022-02-21,5.668366432189941
2022-02-22,5.679469585418701
2022-02-23,5.596192836761475
2022-02-24,5.5073628425598145
2022-02-25,5.562882423400879
2022-03-02,5.524016857147217
2022-03-03,5.540674686431885
2022-03-04,5.479604721069336
2022-03-07,5.301948070526123
2022-03-08,5.290844440460205
2022-03-09,5.5739874839782715
2022-03-10,5.5073628425598145
2022-03-11,5.451847076416016
2022-03-14,5.496262073516846
2022-03-15,5.446294784545898
2022-03-16,5.546226501464844
2022-03-17,5.696125030517578
2022-03-18,5.779401779174805
2022-03-21,5.929299831390381
2022-03-22,6.018126487731934
2022-03-23,5.995922088623047
2022-03-24,6.0625433921813965
2022-03-25,6.058824062347412
2022-03-28,6.041992664337158
2022-03-29,6.0868730545043945
2022-03-30,6.081262111663818
2022-03-31,6.030770778656006
2022-04-01,6.053212642669678
2022-04-04,6.013942241668701
2022-04-05,5.856862545013428
2022-04-06,5.811982154846191
2022-04-07,5.761490821838379
2022-04-08,5.761490821838379
2022-04-11,5.711002349853516
2022-04-12,5.654900074005127
2022-04-13,5.660511493682861
2022-04-14,5.666121482849121
2022-04-18,5.699782371520996
2022-04-19,5.638071537017822
2022-04-20,5.643681049346924
2022-04-22,5.559530258178711
2022-04-25,5.542700290679932
2022-04-26,5.307080268859863
2022-04-27,5.273420810699463
2022-04-28,5.245368480682373
2022-04-29,5.166829586029053
2022-05-02,5.133168697357178
2022-05-03,5.121950149536133
2022-05-04,5.105118751525879
2022-05-05,4.976088523864746
2022-05-06,4.992918968200684
2022-05-09,4.925599575042725
2022-05-10,4.891939163208008
2022-05-11,4.998529434204102
2022-05-12,5.08267879486084
2022-05-13,5.127559185028076
2022-05-16,5.18366003036499
2022-05-17,5.22853946685791
2022-05-18,5.149999618530273
2022-05-19,5.189269542694092
2022-05-20,5.256589889526367
2022-05-23,5.323907852172852
2022-05-24,5.3744001388549805
2022-05-25,5.284639358520508
2022-05-26,5.307080268859863
2022-05-27,5.307080268859863
2022-05-30,5.295858860015869
2022-05-31,5.38001012802124
2022-06-01,5.337002754211426
2022-06-02,5.359498977661133
2022-06-03,5.280765533447266
2022-06-06,5.303260803222656
2022-06-07,5.247024059295654
2022-06-08,5.173914432525635
2022-06-09,5.100802898406982
2022-06-10,4.999576091766357
2022-06-13,4.92084264755249
2022-06-14,4.903970241546631
2022-06-15,4.943336486816406
2022-06-17,4.853356838226318
2022-06-20,5.005199432373047
2022-06-21,4.960207939147949
2022-06-22,4.982704162597656
2022-06-23,4.875851154327393
2022-06-24,4.853356838226318
2022-06-27,4.91521692276001
2022-06-28,4.853356838226318
2022-06-29,4.802742004394531
2022-06-30,4.69026517868042
2022-07-01,4.679017543792725
2022-07-04,4.639650821685791
2022-07-05,4.645275592803955
2022-07-06,4.639650821685791
2022-07-07,4.69026517868042
2022-07-08,4.718382835388184
2022-07-11,4.622778415679932
2022-07-12,4.611532211303711
2022-07-13,4.5665411949157715
2022-07-14,4.555293560028076
2022-07-15,4.695888996124268
2022-07-18,4.740880012512207
2022-07-19,4.830860137939453
2022-07-20,4.75775146484375
2022-07-21,4.813989162445068
2022-07-22,4.763375282287598
2022-07-25,4.802742004394531
2022-07-26,4.791494369506836
2022-07-27,4.813989162445068
2022-07-28,4.864603519439697
2022-07-29,4.853356838226318
2022-08-01,4.802742004394531
2022-08-02,4.847733020782471
2022-08-03,4.887099266052246
2022-08-04,4.999576091766357
2022-08-05,5.067061424255371
2022-08-08,5.134547710418701
2022-08-09,5.230152606964111
2022-08-10,5.258269786834717
2022-08-11,5.241399765014648
2022-08-12,5.308884143829346
2022-08-15,5.314509868621826
2022-08-16,5.337002754211426
2022-08-17,5.342628002166748
2022-08-18,5.342628002166748
2022-08-19,5.319821834564209
2022-08-22,5.2745466232299805
2022-08-23,5.2745466232299805
2022-08-24,5.257568359375
2022-08-25,5.308502674102783
2022-08-26,5.2915239334106445
2022-08-29,5.257568359375
2022-08-30,5.28586483001709
2022-08-31,5.1783366203308105
2022-09-01,5.197360992431641
2022-09-02,5.276796340942383
2022-09-05,5.339211463928223
2022-09-06,5.248426914215088
2022-09-08,5.259774208068848
2022-09-09,5.293818950653076
2022-09-12,5.390275955200195
2022-09-13,5.316514015197754
2022-09-14,5.310840606689453
2022-09-15,5.305165767669678
2022-09-16,5.265448093414307
2022-09-19,5.424319267272949
2022-09-20,5.577517032623291
2022-09-21,5.549147605895996
2022-09-22,5.668300628662109
2022-09-23,5.537798881530762
2022-09-26,5.424319267272949
2022-09-27,5.367580413818359
2022-09-28,5.384602069854736
2022-09-29,5.452690601348877
2022-09-30,5.520776748657227
2022-10-03,5.912281513214111
2022-10-04,5.855541229248047
2022-10-05,5.872564315795898
2022-10-06,5.8441948890686035
2022-10-07,5.804476261138916
2022-10-10,5.793128967285156
2022-10-11,5.719365119934082
2022-10-13,5.685322284698486
2022-10-14,5.662626266479492
2022-10-17,5.725041389465332
2022-10-18,5.83851957321167
2022-10-19,5.895259380340576
2022-10-20,6.014412879943848
2022-10-21,6.173284530639648
2022-10-24,5.934978008270264
2022-10-25,5.900934219360352
2022-10-26,5.747735977172852
2022-10-27,5.895259380340576
2022-10-28,5.900934219360352
2022-10-31,6.093847751617432
2022-11-01,6.105196475982666
2022-11-03,6.093847751617432
2022-11-04,6.110870838165283
2022-11-07,6.003065586090088
2022-11-08,6.020087718963623
2022-11-09,5.7704315185546875
2022-11-10,5.62858247756958
2022-11-11,5.517373561859131
2022-11-14,5.5860276222229
2022-11-16,5.486166000366211
2022-11-17,5.511131286621094
2022-11-18,5.561062335968018
2022-11-21,5.568305969238281
2022-11-22,5.524363040924072
2022-11-23,5.486695766448975
2022-11-24,5.668749809265137
2022-11-25,5.5431976318359375
2022-11-28,5.499253273010254
2022-11-29,5.518085479736328
2022-11-30,5.574584484100342
2022-12-01,5.494979381561279
2022-12-02,5.520157814025879
2022-12-05,5.400564670562744
2022-12-06,5.438331604003906
2022-12-07,5.419448375701904
2022-12-08,5.268383502960205
2022-12-09,5.259050369262695
2022-12-12,5.220426559448242
2022-12-13,5.046627521514893
2022-12-14,5.14318323135376
2022-12-15,5.14318323135376
2022-12-16,5.18180513381958
2022-12-19,5.34916877746582
2022-12-20,5.40066385269165
2022-12-21,5.407101631164551
2022-12-22,5.4328484535217285
2022-12-23,5.522966384887695
2022-12-26,5.452160835266113
2022-12-27,5.394226551055908
2022-12-28,5.503655910491943
2022-12-29,5.477908134460449
2023-01-02,5.381353378295898
2023-01-03,5.246176242828369
2023-01-04,5.291232585906982
2023-01-05,5.368479251861572
2023-01-06,5.458597183227539
2023-01-09,5.497220039367676
2023-01-10,5.6130852699279785
2023-01-11,5.658145427703857
2023-01-12,5.600211143493652
2023-01-13,5.555152416229248
2023-01-16,5.458597183227539
2023-01-17,5.542278289794922
2023-01-18,5.587337493896484
2023-01-19,5.59377384185791
2023-01-20,5.522966384887695
2023-01-23,5.407101631164551
2023-01-24,5.510092735290527
2023-01-25,5.522966384887695
2023-01-26,5.548716068267822
2023-01-27,5.4199748039245605
2023-01-30,5.471470832824707
2023-01-31,5.490781784057617
2023-02-01,5.3298563957214355
2023-02-02,5.35560417175293
2023-02-03,5.304108619689941
2023-02-06,5.310545444488525
2023-02-07,5.252612590789795
2023-02-08,5.696767330169678
2023-02-09,5.548716068267822
2023-02-10,5.490781784057617
2023-02-13,5.625958442687988
2023-02-14,5.587337493896484
2023-02-15,5.625958442687988
2023-02-16,5.638835906982422
2023-02-17,5.625958442687988
2023-02-22,5.510092735290527
2023-02-23,5.510092735290527
2023-02-24,5.35560417175293
2023-02-27,5.310545444488525
2023-02-28,5.297671794891357
2023-03-01,5.26121711730957
2023-03-02,5.145018577575684
2023-03-03,5.157929420471191
2023-03-06,5.267672538757324
2023-03-07,5.2483062744140625
2023-03-08,5.358049392700195
2023-03-09,5.299950122833252
2023-03-10,5.209572792053223
2023-03-13,5.132107734680176
2023-03-14,5.132107734680176
2023-03-15,5.151474475860596
2023-03-16,5.1902055740356445
2023-03-17,5.074008464813232
2023-03-20,5.106284141540527
2023-03-21,5.164384841918945
2023-03-22,5.099831581115723
2023-03-23,5.022364616394043
2023-03-24,5.118406772613525
2023-03-27,5.177089691162109
2023-03-28,5.157527923583984
2023-03-29,5.209691047668457
2023-03-30,5.320536136627197
2023-03-31,5.35965633392334
2023-04-03,5.274893760681152
2023-04-04,5.3140153884887695
2023-04-05,5.300975322723389
2023-04-06,5.294455528259277
2023-04-10,5.3140153884887695
2023-04-11,5.490062713623047
2023-04-12,5.6009063720703125
2023-04-13,5.607428550720215
2023-04-14,5.653068542480469
2023-04-17,5.626986980438232
2023-04-18,5.626986980438232
2023-04-19,5.568305492401123
2023-04-20,5.5617852210998535
2023-04-24,5.587867736816406
2023-04-25,5.6009063720703125
2023-04-26,5.529183387756348
2023-04-27,5.6009063720703125
2023-04-28,5.659588813781738
2023-05-02,5.463982582092285
2023-05-03,5.457462787628174
2023-05-04,5.529183387756348
2023-05-05,5.698709964752197
2023-05-08,5.737832069396973
2023-05-09,5.77043342590332
2023-05-10,5.816074371337891
2023-05-11,5.868238925933838
2023-05-12,5.842157363891602
2023-05-15,5.868238925933838
2023-05-16,5.855196952819824
2023-05-17,5.874759197235107
2023-05-18,5.8617167472839355
2023-05-19,5.822596549987793
2023-05-22,5.783473968505859
2023-05-23,5.8095550537109375
2023-05-24,5.803035736083984
2023-05-25,5.887799263000488
2023-05-26,5.855196952819824
2023-05-29,5.848677158355713
2023-05-30,5.789994716644287
2023-05-31,5.724792003631592
2023-06-01,5.812090873718262
2023-06-02,5.949384689331055
2023-06-05,5.942846298217773
2023-06-06,5.942846298217773
2023-06-07,5.9559221267700195
2023-06-09,6.034375190734863
2023-06-12,6.0605268478393555
2023-06-13,6.112828731536865
2023-06-14,6.184743881225586
2023-06-15,6.295886993408203
2023-06-16,6.308962821960449
2023-06-19,6.387416362762451
2023-06-20,6.413564682006836
2023-06-21,6.465869426727295
2023-06-22,6.387416362762451
2023-06-23,6.390326023101807
2023-06-26,6.390326023101807
2023-06-27,6.3241729736328125
2023-06-28,6.258021354675293
2023-06-29,6.35063362121582
2023-06-30,6.377096652984619
2023-07-03,6.476324558258057
2023-07-04,6.390326023101807
2023-07-05,6.4961700439453125
2023-07-06,6.357250213623047
2023-07-07,6.443248748779297
2023-07-10,6.430017471313477
2023-07-11,6.35063362121582
2023-07-12,6.35063362121582
2023-07-13,6.430017471313477
2023-07-14,6.370480060577393
2023-07-17,6.463094234466553
2023-07-18,6.449863910675049
2023-07-19,6.390326023101807
2023-07-20,6.430017471313477
2023-07-21,6.542477130889893
2023-07-24,6.4961700439453125
2023-07-25,6.54909086227417
2023-07-26,6.523488998413086
2023-07-27,6.437043190002441
2023-07-28,6.523488998413086
2023-07-31,6.530140399932861
2023-08-01,6.516839027404785
2023-08-02,6.550089359283447
2023-08-03,6.5434393882751465
2023-08-04,6.490240573883057
2023-08-07,6.490240573883057
2023-08-08,6.430393695831299
2023-08-09,6.323996067047119
2023-08-10,6.330645561218262
2023-08-11,6.383843421936035
2023-08-14,6.35724401473999
2023-08-15,6.3372955322265625
2023-08-16,6.290745735168457
2023-08-17,6.237546920776367
2023-08-18,6.273052215576172
2023-08-21,6.179324150085449
2023-08-22,6.279747009277344
2023-08-23,6.40025520324707
2023-08-24,6.31991720199585
2023-08-25,6.2529683113098145
2023-08-28,6.353391170501709
2023-08-29,6.413644790649414
2023-08-30,6.31991720199585
2023-08-31,6.186020851135254
2023-09-01,6.2529683113098145
2023-09-04,6.186020851135254
2023-09-05,6.105682373046875
2023-09-06,6.032039642333984
2023-09-08,6.032039642333984
2023-09-11,6.179324150085449
2023-09-12,6.206103801727295
2023-09-13,6.206103801727295
2023-09-14,6.2529683113098145
2023-09-15,6.246273517608643
2023-09-18,6.259662628173828
2023-09-19,6.232882976531982
2023-09-20,6.286442279815674
2023-09-21,6.159241199493408
2023-09-22,6.109402656555176
2023-09-25,6.143306255340576
2023-09-26,6.041594505310059
2023-09-27,6.014472484588623
2023-09-28,6.116183757781982
2023-09-29,6.1365251541137695
2023-10-02,6.034814834594727
2023-10-03,5.973787784576416
2023-10-04,6.0280327796936035
2023-10-05,6.048376560211182
2023-10-06,6.0958404541015625
2023-10-09,6.0280327796936035
2023-10-10,6.109402656555176
2023-10-11,6.2043328285217285
2023-10-13,6.06193733215332
2023-10-16,6.122962951660156
2023-10-17,5.9941301345825195
2023-10-18,5.933104515075684
2023-10-19,5.967007637023926
2023-10-20,5.96121072769165
2023-10-23,5.954390048980713
2023-10-24,5.988493919372559
2023-10-25,5.940747261047363
2023-10-26,6.070340156555176
2023-10-27,5.954390048980713
2023-10-30,5.893003940582275
2023-10-31,5.893003940582275
2023-11-01,5.96121072769165
2023-11-03,6.179470062255859
2023-11-06,6.220393657684326
2023-11-07,6.349984645843506
2023-11-08,6.35680627822876
2023-11-09,6.363627910614014
2023-11-10,6.438653945922852
2023-11-13,6.438653945922852
2023-11-14,6.609168529510498
2023-11-16,6.731940269470215
2023-11-17,6.711477756500244
2023-11-20,6.779682636260986
2023-11-21,6.779682636260986
2023-11-22,6.752400875091553
2023-11-23,6.793323993682861
2023-11-24,6.752400875091553
2023-11-27,6.800146102905273
2023-11-28,6.817878246307373
2023-11-29,6.8393635749816895
2023-11-30,6.9825968742370605
2023-12-01,6.999486446380615
2023-12-04,6.992308139801025
2023-12-05,7.056921005249023
2023-12-06,6.927698135375977
2023-12-07,6.985128879547119
2023-12-08,7.078456401824951
2023-12-11,7.013845443725586
2023-12-12,6.977950096130371
2023-12-13,7.186141490936279
2023-12-14,7.272286891937256
2023-12-15,7.2794671058654785
2023-12-18,7.2794671058654785
2023-12-19,7.322445869445801
2023-12-20,7.250091075897217
2023-12-21,7.3079752922058105
2023-12-22,7.416510105133057
2023-12-26,7.438216686248779
2023-12-27,7.496101379394531
2023-12-28,7.5033392906188965
2024-01-02,7.358626365661621
2024-01-03,7.34415340423584
2024-01-04,7.250091075897217
2024-01-05,7.40203857421875
2024-01-08,7.351390361785889
2024-01-09,7.365861892700195
2024-01-10,7.34415340423584
2024-01-11,7.3079752922058105
2024-01-12,7.34415340423584
2024-01-15,7.394802570343018
2024-01-16,7.2718000411987305
2024-01-17,7.293503761291504
2024-01-18,7.228384494781494
2024-01-19,7.264562129974365
2024-01-22,7.1705002784729
2024-01-23,7.2718000411987305
2024-01-24,7.20667839050293
2024-01-25,7.192206859588623
2024-01-26,7.242855072021484
2024-01-29,7.184972286224365
2024-01-30,7.156028747558594
2024-01-31,7.235620975494385
2024-02-01,7.228384494781494
2024-02-02,7.221149444580078
2024-02-05,7.34415340423584
2024-02-06,7.633580207824707
2024-02-07,7.575695037841797
2024-02-08,7.4743971824646
2024-02-09,7.5033392906188965
2024-02-14,7.496101379394531
2024-02-15,7.539515495300293
2024-02-16,7.568459510803223
2024-02-19,7.626341342926025
2024-02-20,7.85788106918335
2024-02-21,7.756585597991943
2024-02-22,7.77829122543335
2024-02-23,7.6818952560424805
2024-02-26,7.674452781677246
2024-02-27,7.815883159637451
2024-02-28,7.845658779144287
2024-02-29,7.667007923126221
2024-03-01,7.684561729431152
2024-03-04,7.662180423736572
2024-03-05,7.669643878936768
2024-03-06,7.766630172729492
2024-03-07,7.706943988800049
2024-03-08,7.781551361083984
2024-03-11,7.789013385772705
2024-03-12,7.8860015869140625
2024-03-13,7.982990741729736
2024-03-14,7.982990741729736
2024-03-15,7.953149318695068
2024-03-18,7.9456892013549805
2024-03-19,7.900923252105713
2024-03-20,8.005374908447266
2024-03-21,7.893464088439941
2024-03-22,7.773297309875488
2024-03-25,7.698192596435547
2024-03-26,7.803339958190918
2024-03-27,7.870932102203369
2024-03-28,7.885953426361084
2024-04-01,7.675661563873291
2024-04-02,7.645617961883545
2024-04-03,7.645617961883545
2024-04-04,7.5479841232299805
2024-04-05,7.5029191970825195
2024-04-08,7.585534572601318
2024-04-09,7.668150424957275
2024-04-10,7.517940998077393
2024-04-11,7.517940998077393
2024-04-12,7.435327053070068
2024-04-15,7.307648658752441
2024-04-16,7.202503681182861
2024-04-17,7.172463417053223
2024-04-18,7.164951324462891
2024-04-19,7.157441139221191
2024-04-22,7.149930000305176
2024-04-23,7.202503681182861
2024-04-24,7.1874823570251465
2024-04-25,7.149930000305176
2024-04-26,7.2776079177856445
2024-04-29,7.255075931549072
2024-04-30,7.179973125457764
2024-05-02,7.292629241943359
2024-05-03,7.375243663787842
2024-05-06,7.382753849029541
2024-05-07,7.495410919189453
2024-05-08,7.578026294708252
2024-05-09,7.457857131958008
2024-05-10,7.540472984313965
2024-05-13,7.600555896759033
2024-05-14,7.720726013183594
2024-05-15,7.713212966918945
2024-05-16,7.750765323638916
2024-05-17,7.705702304840088
2024-05-20,7.668150424957275
2024-05-21,7.660639762878418
2024-05-22,7.600555896759033
2024-05-23,7.532962322235107
2024-05-24,7.480389595031738
2024-05-27,7.487901210784912
2024-05-28,7.487901210784912
2024-05-29,7.4127960205078125
2024-05-31,7.307648658752441
2024-06-03,7.363006591796875
2024-06-04,7.400650501251221
2024-06-05,7.438292503356934
2024-06-06,7.48346471786499
2024-06-07,7.30277681350708
2024-06-10,7.242547988891602
2024-06-11,7.3479509353637695
2024-06-12,7.2801923751831055
2024-06-13,7.2049055099487305
2024-06-14,7.2049055099487305
2024-06-17,7.257606506347656
2024-06-18,7.310307025909424
2024-06-19,7.385591983795166
2024-06-20,7.378064155578613
2024-06-21,7.358757019042969
2024-06-24,7.5107951164245605
2024-06-25,7.526000499725342
2024-06-26,7.48798942565918
2024-06-27,7.480388641357422
2024-06-28,7.465183258056641
2024-07-01,7.41196870803833
2024-07-02,7.472785949707031
2024-07-03,7.579215049743652
2024-07-04,7.602020740509033
2024-07-05,7.5640106201171875
2024-07-08,7.533602714538574
2024-07-09,7.579215049743652
2024-07-10,7.685642719268799
2024-07-11,7.723652362823486
2024-07-12,7.761662006378174
2024-07-15,7.769265651702881
2024-07-16,7.792071342468262
2024-07-17,7.875692844390869
2024-07-18,7.7996721267700195
2024-07-19,7.875692844390869
2024-07-22,7.898500919342041
2024-07-23,7.80727481842041
2024-07-24,7.792071342468262
2024-07-25,7.723652362823486
2024-07-26,7.822478294372559
2024-07-29,7.852886199951172
2024-07-30,7.792071342468262
2024-07-31,7.731253623962402
2024-08-01,7.586816310882568
2024-08-02,7.480388641357422
2024-08-05,7.465183258056641
2024-08-06,7.624825954437256
2024-08-07,7.662836074829102
2024-08-08,7.662836074829102
2024-08-09,7.868091583251953
2024-08-12,7.906100273132324
2024-08-13,8.08854866027832
2024-08-14,8.255793571472168
2024-08-15,8.362222671508789
2024-08-16,8.316610336303711
2024-08-19,8.392630577087402
2024-08-20,8.415435791015625
2024-08-21,8.377427101135254
2024-08-22,8.331812858581543
2024-08-23,8.331812858581543
2024-08-26,8.324212074279785
2024-08-27,8.324212074279785
2024-08-28,8.476253509521484
2024-08-29,8.369823455810547
2024-08-30,8.331812858581543
2024-09-02,8.281173706054688
2024-09-03,8.410686492919922
2024-09-04,8.479252815246582
2024-09-05,8.555437088012695
2024-09-06,8.471634864807129
2024-09-09,8.563054084777832
2024-09-10,8.555437088012695
2024-09-11,8.555437088012695
2024-09-12,8.532581329345703
2024-09-13,8.532581329345703
2024-09-16,8.532581329345703
2024-09-17,8.494488716125488
2024-09-18,8.456398963928223
2024-09-19,8.486869812011719
2024-09-20,8.39382553100586
2024-09-23,8.340265274047852
2024-09-24,8.347916603088379
2024-09-25,8.416779518127441
2024-09-26,8.554510116577148
2024-09-27,8.531556129455566
2024-09-30,8.470341682434082
2024-10-01,8.332612991333008
2024-10-02,8.363219261169434
2024-10-03,8.110718727111816
2024-10-04,8.126018524169922
2024-10-07,8.156625747680664
2024-10-08,8.156625747680664
2024-10-09,8.011244773864746
2024-10-10,8.049504280090332
2024-10-11,8.011244773864746
2024-10-14,8.08011245727539
2024-10-15,8.118369102478027
2024-10-16,8.095412254333496
2024-10-17,8.095412254333496
2024-10-18,8.118369102478027
2024-10-21,8.126018524169922
2024-10-22,8.133671760559082
2024-10-23,8.164278030395508
2024-10-24,8.23314094543457
2024-10-25,8.148972511291504
2024-10-28,8.240793228149414
2024-10-29,8.187233924865723
2024-10-30,8.164278030395508
2024-10-31,8.118369102478027
2024-11-01,8.041851043701172
2024-11-04,8.164278030395508
2024-11-05,8.462690353393555
2024-11-06,8.447388648986816
2024-11-07,8.332612991333008
2024-11-08,8.179581642150879
2024-11-11,8.148972511291504
2024-11-12,8.095412254333496
2024-11-13,8.041851043701172
2024-11-14,7.972987174987793
2024-11-18,7.881167888641357
2024-11-19,7.95768404006958
2024-11-21,7.812303066253662
2024-11-22,7.858213901519775
2024-11-25,7.804651737213135
2024-11-26,7.988289833068848
2024-11-27,7.712831974029541
2024-11-28,7.483283042907715
2024-11-29,7.460329055786133
2024-12-02,7.363322734832764
2024-12-03,7.409343242645264
2024-12-04,7.457665920257568
2024-12-05,7.626791000366211
2024-12-06,7.4657182693481445
2024-12-09,7.489880561828613
2024-12-10,7.610684871673584
2024-12-11,7.699275970458984
2024-12-12,7.454647541046143
2024-12-13,7.43034029006958
2024-12-16,7.31689977645874
2024-12-17,7.325003623962402
2024-12-18,7.049505233764648
2024-12-19,7.114328384399414
2024-12-20,7.227766990661621
2024-12-23,7.130533695220947
2024-12-26,7.211562156677246
2024-12-27,7.154841899871826
2024-12-30,7.154841899871826
2025-01-02,7.033299922943115
2025-01-03,6.91175651550293
2025-01-06,7.138637065887451
2025-01-07,7.195356369018555
2025-01-08,7.057607650756836
2025-01-09,7.114328384399414
2025-01-10,7.017093658447266
2025-01-13,7.065710544586182
2025-01-14,7.049505233764648
2025-01-15,7.349310398101807
2025-01-16,7.292591094970703
2025-01-17,7.333105087280273
2025-01-20,7.389825344085693
2025-01-21,7.454647541046143
2025-01-22,7.446544647216797
2025-01-23,7.43034029006958
2025-01-24,7.414134979248047
2025-01-27,7.60050106048584
2025-01-28,7.60050106048584
2025-01-29,7.592398166656494
2025-01-30,7.770659923553467
2025-01-31,7.722044467926025
2025-02-03,7.641015529632568
2025-02-04,7.65722131729126
2025-02-05,7.7463531494140625
2025-02-06,7.7949700355529785
2025-02-07,7.713940143585205
2025-02-10,7.75445556640625
2025-02-11,7.859793186187744
2025-02-12,7.65722131729126
2025-02-13,7.722044467926025
2025-02-14,7.948925018310547
2025-02-17,8.013747215270996
2025-02-18,7.983243942260742
2025-02-19,7.905231952667236
2025-02-20,7.879228115081787
2025-02-21,7.870560646057129
2025-02-24,7.783880233764648
2025-02-25,7.827220916748047
2025-02-26,7.792548656463623
2025-02-27,7.8185529708862305
2025-02-28,7.619187355041504
2025-03-05,7.695056915283203
2025-03-06,7.729915618896484
2025-03-07,7.808346271514893
2025-03-10,7.808346271514893
2025-03-11,7.729915618896484
2025-03-12,7.703771591186523
2025-03-13,7.825777053833008
2025-03-14,8.06978702545166
2025-03-17,8.287654876708984
2025-03-18,8.34865665435791
2025-03-19,8.409660339355469
2025-03-20,8.339942932128906
2025-03-21,8.331229209899902
2025-03-24,8.34865665435791
2025-03-25,8.461947441101074
2025-03-26,8.400946617126465
2025-03-27,8.470662117004395
2025-03-28,8.383515357971191
2025-03-31,8.235365867614746
2025-04-01,8.226651191711426
2025-04-02,8.235365867614746
2025-04-03,8.383515357971191
2025-04-04,8.139505386352539
2025-04-07,8.191794395446777
2025-04-08,8.17436408996582
2025-04-09,8.366085052490234
2025-04-10,8.322513580322266
2025-04-11,8.409660339355469
2025-04-14,8.522951126098633
2025-04-15,8.63624095916748
2025-04-16,8.618813514709473
2025-04-17,8.671100616455078
2025-04-22,8.862822532653809
2025-04-23,9.01097297668457
2025-04-24,9.202695846557617
2025-04-25,9.211410522460938
2025-04-28,9.263699531555176
2025-04-29,9.263699531555176
2025-04-30,9.324702262878418
2025-05-02,9.176551818847656
2025-05-05,9.132977485656738
2025-05-06,9.10683536529541
2025-05-07,9.18526554107666
2025-05-08,9.237552642822266
2025-05-09,9.629714965820312
2025-05-12,9.411848068237305
2025-05-13,9.559995651245117
2025-05-14,9.586139678955078
2025-05-15,9.708147048950195
2025-05-16,9.777864456176758
2025-05-19,9.882440567016602
2025-05-20,9.899869918823242
2025-05-21,9.751718521118164
2025-05-22,9.629714965820312
2025-05-23,9.708147048950195
2025-05-26,9.751718521118164
2025-05-27,9.8388671875
2025-05-28,9.73429012298584
2025-05-29,9.66457462310791
2025-05-30,9.647144317626953
2025-06-02,9.606558799743652
2025-06-03,9.589092254638672
2025-06-04,9.562893867492676
2025-06-05,9.458096504211426
2025-06-06,9.44062614440918
2025-06-09,9.4144287109375
2025-06-10,9.344562530517578
2025-06-11,9.431894302368164
2025-06-12,9.449361801147461
2025-06-13,9.353297233581543
2025-06-16,9.475560188293457
2025-06-17,9.519227981567383
2025-06-18,9.501761436462402
2025-06-20,9.44062614440918
2025-06-23,9.36080551147461
2025-06-24,9.562773704528809
2025-06-25,9.43105697631836
2025-06-26,9.43105697631836
2025-06-27,9.40471363067627
2025-06-30,9.615463256835938
2025-07-01,9.659368515014648
2025-07-02,9.553994178771973
2025-07-03,9.755961418151855
2025-07-04,9.76474380493164
2025-07-07,9.615463256835938
2025-07-08,9.589118957519531
2025-07-09,9.395931243896484
2025-07-10,9.264213562011719
2025-07-11,9.202744483947754
2025-07-14,9.150056838989258
2025-07-15,9.158838272094727
2025-07-16,9.21152400970459
2025-07-17,9.36080551147461
2025-07-18,9.17640209197998
2025-07-21,9.272994041442871
2025-07-22,9.132493019104004
2025-07-23,9.255431175231934
2025-07-24,9.132493019104004
2025-07-25,9.167619705200195
2025-07-28,9.000774383544922
2025-07-29,9.027119636535645
2025-07-30,9.132493019104004
2025-07-31,9.088586807250977
2025-08-01,9.079803466796875
2025-08-04,9.150056838989258
2025-08-05,9.246649742126465
2025-08-06,9.40471363067627
2025-08-07,9.545212745666504
2025-08-08,9.580337524414062
2025-08-11,9.580337524414062
2025-08-12,9.791086196899414
2025-08-13,9.67693042755127
2025-08-14,9.67693042755127
2025-08-15,9.685711860656738
2025-08-18,9.747180938720703
2025-08-19,9.448802947998047
2025-08-20,9.475594520568848
2025-08-21,9.46666431427002
2025-08-22,9.797102928161621
2025-08-25,9.761381149291992
2025-08-26,9.716728210449219
2025-08-27,9.859621047973633
2025-08-28,9.984651565551758
2025-08-29,10.020374298095703
2025-09-01,10.09512996673584
2025-09-02,9.934036254882812
2025-09-03,9.817691802978516
2025-09-04,9.871391296386719
2025-09-05,9.978784561157227
2025-09-08,9.934036254882812
2025-09-09,9.898238182067871
2025-09-10,9.916138648986816
2025-09-11,9.925088882446289
2025-09-12,9.844541549682617
2025-09-15,9.978784561157227
2025-09-16,9.96983528137207
2025-09-17,10.15777587890625
2025-09-18,10.166727066040039
2025-09-19,10.22042465209961
2025-09-22,10.113029479980469
2025-09-23,10.247272491455078
2025-09-24,10.193574905395508
2025-09-25,10.104080200195312
2025-09-26,10.184624671936035
2025-09-29,10.25622272491455
2025-09-30,10.265172004699707
2025-10-01,10.113029479980469
2025-10-02,9.987735748291016
2025-10-03,10.04143238067627
2025-10-06,9.996685028076172
2025-10-07,9.79979419708252
2025-10-08,9.871391296386719
2025-10-09,9.826641082763672
2025-10-10,9.79979419708252
2025-10-13,9.844541549682617
2025-10-14,9.853490829467773
2025-10-15,9.853490829467773
2025-10-16,9.826641082763672
2025-10-17,9.844541549682617
2025-10-20,10.05038070678711
2025-10-21,9.951936721801758
2025-10-22,10.059329986572266
2025-10-23,10.059329986572266
2025-10-24,10.09512996673584
2025-10-27,10.130927085876465
2025-10-28,10.166727066040039
2025-10-29,10.372567176818848
2025-10-30,10.32781982421875
2025-10-31,10.426263809204102
2025-11-03,10.542609214782715
2025-11-04,10.506810188293457
2025-11-05,10.560507774353027
2025-11-06,10.596306800842285
2025-11-07,10.569457054138184
2025-11-10,10.587357521057129
2025-11-11,10.873744010925293
2025-11-12,10.623154640197754
2025-11-13,10.68580150604248
2025-11-14,10.703700065612793
2025-11-17,10.667902946472168
2025-11-18,10.596306800842285
2025-11-19,10.51576042175293
2025-11-21,10.542609214782715
2025-11-24,10.569457054138184
2025-11-25,10.569457054138184
2025-11-26,10.828996658325195
2025-11-27,10.766348838806152
2025-11-28,11.034834861755371
2025-12-01,10.975234985351562
2025-12-02,11.244235038757324
2025-12-03,11.262168884277344
2025-12-04,11.576003074645996
2025-12-05,11.082836151123047
2025-12-08,11.13663387298584
2025-12-09,11.082836151123047
2025-12-10,11.124577522277832
2025-12-11,11.210814476013184
2025-12-12,11.297051429748535
2025-12-15,11.498270988464355
2025-12-16,11.114995002746582
2025-12-17,11.047922134399414
2025-12-18,11.114995002746582
2025-12-19,11.210241317749023
2025-12-22,11.20046615600586
2025-12-23,11.327521324157715
2025-12-26,11.337296485900879
2025-12-29,11.327521324157715
2025-12-30,11.415483474731445
