date,close
2010-12-01,7.184146881103516
2010-12-02,7.209288120269775
2010-12-03,7.097956657409668
2010-12-06,7.033316135406494
2010-12-07,7.056661605834961
2010-12-08,6.990224361419678
2010-12-09,6.893261432647705
2010-12-10,6.893261432647705
2010-12-13,6.913010120391846
2010-12-14,6.9435343742370605
2010-12-15,6.904033660888672
2010-12-16,6.848376750946045
2010-12-17,6.913010120391846
2010-12-20,6.762180328369141
2010-12-21,6.918399333953857
2010-12-22,7.0800018310546875
2010-12-23,7.0620436668396
2010-12-27,6.939948081970215
2010-12-28,6.936355113983154
2010-12-29,7.090775489807129
2010-12-30,7.144646644592285
2011-01-03,7.165772438049316
2011-01-04,7.223559379577637
2011-01-05,7.331914901733398
2011-01-06,7.158548355102539
2011-01-07,6.983379364013672
2011-01-10,7.03935432434082
2011-01-11,7.082700252532959
2011-01-12,7.268706798553467
2011-01-13,7.234395980834961
2011-01-14,7.153131008148193
2011-01-17,7.052001476287842
2011-01-18,6.961705684661865
2011-01-19,6.885861873626709
2011-01-20,6.717906951904297
2011-01-21,6.71971321105957
2011-01-24,6.768477439880371
2011-01-26,6.672764301300049
2011-01-27,6.699851989746094
2011-01-28,6.5535688400268555
2011-01-31,6.427165985107422
2011-02-01,6.521464824676514
2011-02-02,6.4600372314453125
2011-02-03,6.393198490142822
2011-02-04,6.216165542602539
2011-02-07,6.279391765594482
2011-02-08,6.467267036437988
2011-02-09,6.315524578094482
2011-02-10,6.279391765594482
2011-02-11,6.523266315460205
2011-02-14,6.572040557861328
2011-02-15,6.6876630783081055
2011-02-16,6.83759880065918
2011-02-17,6.90263032913208
2011-02-18,6.871926307678223
2011-02-21,6.765344142913818
2011-02-22,6.617203235626221
2011-02-23,6.649721145629883
2011-02-24,6.588306427001953
2011-02-25,6.559403419494629
2011-02-28,6.684048652648926
2011-03-01,6.54164981842041
2011-03-02,6.565141201019287
2011-03-03,6.72597074508667
2011-03-04,6.817591667175293
2011-03-09,6.6112751960754395
2011-03-10,6.357483386993408
2011-03-11,6.5145087242126465
2011-03-14,6.545539379119873
2011-03-15,6.624060153961182
2011-03-16,6.467036724090576
2011-03-17,6.432348251342773
2011-03-18,6.569280624389648
2011-03-21,6.571107387542725
2011-03-22,6.786556720733643
2011-03-23,6.715345859527588
2011-03-24,6.733608245849609
2011-03-25,6.737255096435547
2011-03-28,6.724473476409912
2011-03-29,6.676999568939209
2011-03-30,6.866885185241699
2011-03-31,7.102417945861816
2011-04-01,7.09364652633667
2011-04-04,7.031553745269775
2011-04-05,7.035210609436035
2011-04-06,7.01146125793457
2011-04-07,7.0224223136901855
2011-04-08,6.876312732696533
2011-04-11,6.8251729011535645
2011-04-12,6.79047155380249
2011-04-13,6.794124126434326
2011-04-14,6.728375434875488
2011-04-15,6.75394868850708
2011-04-18,6.700981140136719
2011-04-19,6.805088043212891
2011-04-20,6.921967506408691
2011-04-25,6.8982319831848145
2011-04-26,6.971283435821533
2011-04-27,6.876312732696533
2011-04-28,6.690023899078369
2011-04-29,6.775860786437988
2011-05-02,6.677570343017578
2011-05-03,6.449200630187988
2011-05-04,6.458334445953369
2011-05-05,6.531410217285156
2011-05-06,6.686708450317383
2011-05-09,6.723244667053223
2011-05-10,6.829212188720703
2011-05-11,6.72872257232666
2011-05-12,6.6940107345581055
2011-05-13,6.525930404663086
2011-05-16,6.461991310119629
2011-05-17,6.483914375305176
2011-05-18,6.339583396911621
2011-05-19,6.328619480133057
2011-05-20,6.312174320220947
2011-05-23,6.284772872924805
2011-05-24,6.416315078735352
2011-05-25,6.348715782165527
2011-05-26,6.55333948135376
2011-05-27,6.522280693054199
2011-05-30,6.494874954223633
2011-05-31,6.547855377197266
2011-06-01,6.473291873931885
2011-06-02,6.535425186157227
2011-06-03,6.5518717765808105
2011-06-06,6.400187015533447
2011-06-07,6.497052192687988
2011-06-08,6.464156150817871
2011-06-09,6.414809226989746
2011-06-10,6.378255844116211
2011-06-13,6.359984397888184
2011-06-14,6.444048881530762
2011-06-15,6.506186008453369
2011-06-16,6.465982437133789
2011-06-17,6.394707202911377
2011-06-20,6.433078765869141
2011-06-21,6.383744716644287
2011-06-22,6.433078765869141
2011-06-24,6.396533966064453
2011-06-27,6.398360729217529
2011-06-28,6.588422775268555
2011-06-29,6.648738861083984
2011-06-30,6.661531448364258
2011-07-01,6.669210433959961
2011-07-04,6.727711200714111
2011-07-05,6.72039794921875
2011-07-06,6.61985445022583
2011-07-07,6.480907440185547
2011-07-08,6.343794345855713
2011-07-11,6.109787940979004
2011-07-12,5.950737476348877
2011-07-13,5.9891252517700195
2011-07-14,5.811794757843018
2011-07-15,5.793509006500244
2011-07-18,5.740490436553955
2011-07-19,5.877604007720947
2011-07-20,5.919652462005615
2011-07-21,6.00009298324585
2011-07-22,6.001923084259033
2011-07-25,5.86846399307251
2011-07-26,5.773399829864502
2011-07-27,5.660054683685303
2011-07-28,5.676503658294678
2011-07-29,5.7587785720825195
2011-08-01,5.742680072784424
2011-08-02,5.409822940826416
2011-08-03,5.294607639312744
2011-08-04,5.1300048828125
2011-08-05,5.1757307052612305
2011-08-08,4.672786712646484
2011-08-09,4.9928412437438965
2011-08-10,4.876577377319336
2011-08-11,5.0391316413879395
2011-08-12,5.133336067199707
2011-08-15,5.246017932891846
2011-08-16,5.173971652984619
2011-08-17,5.329141616821289
2011-08-18,5.113020420074463
2011-08-19,4.9227614402771
2011-08-22,4.8581085205078125
2011-08-23,4.895051002502441
2011-08-24,4.867343425750732
2011-08-25,4.911674499511719
2011-08-26,5.0335893630981445
2011-08-29,5.107480049133301
2011-08-30,5.209072113037109
2011-08-31,5.329141616821289
2011-09-01,5.691709041595459
2011-09-02,5.542026042938232
2011-09-05,5.32211971282959
2011-09-06,5.416365146636963
2011-09-08,5.482890605926514
2011-09-09,5.32211971282959
2011-09-12,5.227869987487793
2011-09-13,5.177981853485107
2011-09-14,5.22602653503418
2011-09-15,5.312878131866455
2011-09-16,5.414516448974609
2011-09-19,5.368321418762207
2011-09-20,5.353531360626221
2011-09-21,5.3369035720825195
2011-09-22,5.128087997436523
2011-09-23,5.068950653076172
2011-09-26,5.179828643798828
2011-09-27,5.394186973571777
2011-09-28,5.3775553703308105
2011-09-29,5.414516448974609
2011-09-30,5.368321418762207
2011-10-03,5.3002824783325195
2011-10-04,5.2355804443359375
2011-10-05,5.324319839477539
2011-10-06,5.426002502441406
2011-10-07,5.359446048736572
2011-10-10,5.570198059082031
2011-10-11,5.675575256347656
2011-10-13,5.740276336669922
2011-10-14,5.804982662200928
2011-10-17,5.786498069763184
2011-10-18,5.804982662200928
2011-10-19,5.915910243988037
2011-10-20,5.841958045959473
2011-10-21,5.954730033874512
2011-10-24,6.089691162109375
2011-10-25,6.089691162109375
2011-10-26,6.089691162109375
2011-10-27,6.089691162109375
2011-10-28,6.119269371032715
2011-10-31,6.0508646965026855
2011-11-01,5.94212007522583
2011-11-03,6.010543346405029
2011-11-04,6.032742500305176
2011-11-07,6.0290446281433105
2011-11-08,6.019798278808594
2011-11-09,5.86814546585083
2011-11-10,5.86814546585083
2011-11-11,5.888486385345459
2011-11-14,5.903285503387451
2011-11-16,5.94212007522583
2011-11-17,5.71834659576416
2011-11-18,5.631424427032471
2011-11-21,5.550048828125
2011-11-22,5.535253047943115
2011-11-23,5.466825008392334
2011-11-24,5.489019393920898
2011-11-25,5.457575798034668
2011-11-28,5.611082077026367
2011-11-29,5.5666937828063965
2011-11-30,5.899588584899902
2011-12-01,6.133069038391113
2011-12-02,6.155266284942627
2011-12-05,6.253322124481201
2011-12-06,6.281076908111572
2011-12-07,6.271824359893799
2011-12-08,6.258875846862793
2011-12-09,6.327325344085693
2011-12-12,6.327325344085693
2011-12-13,6.24407434463501
2011-12-14,6.1978230476379395
2011-12-15,6.105314254760742
2011-12-16,6.142318248748779
2011-12-19,6.105314254760742
2011-12-20,6.253322124481201
2011-12-21,6.253322124481201
2011-12-22,6.3643317222595215
2011-12-23,6.417982578277588
2011-12-26,6.382835388183594
2011-12-27,6.401120185852051
2011-12-28,6.255592346191406
2011-12-29,6.341412544250488
2012-01-02,6.351122856140137
2012-01-03,6.509755611419678
2012-01-04,6.517223358154297
2012-01-05,6.468696117401123
2012-01-06,6.517223358154297
2012-01-09,6.558282852172852
2012-01-10,6.644134044647217
2012-01-11,6.653461933135986
2012-01-12,6.668393135070801
2012-01-13,6.625468730926514
2012-01-16,6.670261859893799
2012-01-17,6.670261859893799
2012-01-18,6.856888294219971
2012-01-19,6.8960862159729
2012-01-20,6.924079895019531
2012-01-23,6.7934346199035645
2012-01-24,6.670261859893799
2012-01-26,6.774775981903076
2012-01-27,6.739312171936035
2012-01-30,6.625468730926514
2012-01-31,6.554548740386963
2012-02-01,6.665073871612549
2012-02-02,6.665073871612549
2012-02-03,6.691213607788086
2012-02-06,6.732283115386963
2012-02-07,6.795755386352539
2012-02-08,6.945116996765137
2012-02-09,6.898441314697266
2012-02-10,6.7770915031433105
2012-02-13,6.7770915031433105
2012-02-14,6.904043197631836
2012-02-15,6.795755386352539
2012-02-16,6.812563896179199
2012-02-17,6.844303607940674
2012-02-23,6.739747047424316
2012-02-24,6.721085548400879
2012-02-27,6.64826774597168
2012-02-28,6.829366683959961
2012-02-29,6.870438575744629
2012-03-01,7.027501106262207
2012-03-02,7.121952533721924
2012-03-05,7.018057346343994
2012-03-06,6.781915664672852
2012-03-07,6.92359733581543
2012-03-08,7.144621849060059
2012-03-09,7.257969379425049
2012-03-12,7.142735481262207
2012-03-13,7.225860118865967
2012-03-14,7.254196643829346
2012-03-15,7.267418384552002
2012-03-16,7.291973114013672
2012-03-19,7.291973114013672
2012-03-20,7.163513660430908
2012-03-21,7.121952533721924
2012-03-22,6.92359733581543
2012-03-23,6.857480049133301
2012-03-26,6.9783806800842285
2012-03-27,6.984050273895264
2012-03-28,6.800808906555176
2012-03-29,6.730910301208496
2012-03-30,6.598675727844238
2012-04-02,6.671432971954346
2012-04-03,6.567489147186279
2012-04-04,6.365263938903809
2012-04-05,6.236750602722168
2012-04-09,6.142251968383789
2012-04-10,6.017517566680908
2012-04-11,6.017517566680908
2012-04-12,6.229191303253174
2012-04-13,5.987280368804932
2012-04-16,5.9438066482543945
2012-04-17,5.953261852264404
2012-04-18,5.91735315322876
2012-04-19,5.960824489593506
2012-04-20,6.091224670410156
2012-04-23,6.0080671310424805
2012-04-24,5.9438066482543945
2012-04-25,5.594175338745117
2012-04-26,5.596069812774658
2012-04-27,5.613076686859131
2012-04-30,5.669774055480957
2012-05-02,5.528903961181641
2012-05-03,5.521339416503906
2012-05-04,5.445707321166992
2012-05-07,5.483520030975342
2012-05-08,5.492982864379883
2012-05-09,5.411670207977295
2012-05-10,5.413558483123779
2012-05-11,5.485414505004883
2012-05-14,5.3700690269470215
2012-05-15,5.385199546813965
2012-05-16,5.385199546813965
2012-05-17,5.114800453186035
2012-05-18,5.141277313232422
2012-05-21,5.141277313232422
2012-05-22,5.400323867797852
2012-05-23,5.392763137817383
2012-05-24,5.31712532043457
2012-05-25,5.381416320800781
2012-05-28,5.396535873413086
2012-05-29,5.345487594604492
2012-05-30,5.31712532043457
2012-05-31,5.5402512550354
2012-06-01,5.406877040863037
2012-06-04,5.325523853302002
2012-06-05,5.244174003601074
2012-06-06,5.46362829208374
2012-06-08,5.431464195251465
2012-06-11,5.486328601837158
2012-06-12,5.580926895141602
2012-06-13,5.590378284454346
2012-06-14,5.5941643714904785
2012-06-15,5.713351726531982
2012-06-18,5.713351726531982
2012-06-19,5.766324043273926
2012-06-20,5.684974193572998
2012-06-21,5.461735725402832
2012-06-22,5.3482255935668945
2012-06-25,5.145800590515137
2012-06-26,5.13823127746582
2012-06-27,5.204450607299805
2012-06-28,5.155259132385254
2012-06-29,5.3520097732543945
2012-07-02,5.371882438659668
2012-07-03,5.4797749519348145
2012-07-04,5.511955738067627
2012-07-05,5.574416637420654
2012-07-06,5.536561965942383
2012-07-10,5.28859806060791
2012-07-11,5.311315536499023
2012-07-12,5.366206169128418
2012-07-13,5.517633438110352
2012-07-16,5.517633438110352
2012-07-17,5.470311164855957
2012-07-18,5.600917339324951
2012-07-19,5.708808898925781
2012-07-20,5.687991142272949
2012-07-23,5.527095317840576
2012-07-24,5.71449089050293
2012-07-25,5.754240036010742
2012-07-26,5.913239479064941
2012-07-27,6.13280725479126
2012-07-30,6.301273345947266
2012-07-31,6.146058082580566
2012-08-01,6.10344934463501
2012-08-02,5.997894763946533
2012-08-03,6.179356098175049
2012-08-06,6.31879997253418
2012-08-07,6.31879997253418
2012-08-08,6.31879997253418
2012-08-09,6.458241939544678
2012-08-10,6.52891731262207
2012-08-13,6.484987735748291
2012-08-14,6.484987735748291
2012-08-15,6.484987735748291
2012-08-16,6.484987735748291
2012-08-17,6.484987735748291
2012-08-20,6.5613884925842285
2012-08-21,6.523189067840576
2012-08-22,6.54802131652832
2012-08-23,6.50408411026001
2012-08-24,6.496442794799805
2012-08-27,6.399027347564697
2012-08-28,6.399027347564697
2012-08-29,6.244303226470947
2012-08-30,6.208009243011475
2012-08-31,6.055195331573486
2012-09-03,6.1249494552612305
2012-09-04,6.000734806060791
2012-09-05,6.019846439361572
2012-09-06,6.191839218139648
2012-09-10,6.228145599365234
2012-09-11,6.295032978057861
2012-09-12,6.461299896240234
2012-09-13,6.593161582946777
2012-09-14,6.669600486755371
2012-09-17,6.593161582946777
2012-09-18,6.436452865600586
2012-09-19,6.440279960632324
2012-09-20,6.39249849319458
2012-09-21,6.428812026977539
2012-09-24,6.451740264892578
2012-09-25,6.063798904418945
2012-09-26,6.096290111541748
2012-09-27,6.019846439361572
2012-09-28,5.842116355895996
2012-10-01,5.936756610870361
2012-10-02,5.90807580947876
2012-10-03,5.831601619720459
2012-10-04,5.841159343719482
2012-10-05,5.887045383453369
2012-10-08,5.900432586669922
2012-10-09,5.755117893218994
2012-10-10,5.621281623840332
2012-10-11,5.669081211090088
2012-10-15,5.699670314788818
2012-10-16,5.7187910079956055
2012-10-17,5.716878890991211
2012-10-18,5.7015838623046875
2012-10-19,5.640400409698486
2012-10-22,5.61171817779541
2012-10-23,5.433900356292725
2012-10-24,5.655694484710693
2012-10-25,5.735994815826416
2012-10-26,5.657608509063721
2012-10-29,5.659518241882324
2012-10-30,5.7283501625061035
2012-10-31,5.674813270568848
2012-11-01,5.930197715759277
2012-11-05,5.924457550048828
2012-11-06,5.9799394607543945
2012-11-07,5.830723285675049
2012-11-08,5.700639724731445
2012-11-09,5.704467296600342
2012-11-12,5.700639724731445
2012-11-13,5.80585241317749
2012-11-14,5.72550630569458
2012-11-16,5.746549129486084
2012-11-19,5.924457550048828
2012-11-21,5.997150897979736
2012-11-22,6.067930221557617
2012-11-23,6.138706684112549
2012-11-26,6.025842666625977
2012-11-27,5.932107925415039
2012-11-28,5.95889139175415
2012-11-29,6.110013961791992
2012-11-30,6.144446849822998
2012-12-03,6.3127875328063965
2012-12-04,6.243920803070068
2012-12-05,6.276443004608154
2012-12-06,6.255396366119385
2012-12-07,6.266875743865967
2012-12-10,6.270704746246338
2012-12-11,6.310872554779053
2012-12-12,6.286007404327393
2012-12-13,6.289831638336182
2012-12-14,6.236269950866699
2012-12-17,6.255396366119385
2012-12-18,6.291745662689209
2012-12-19,6.513652324676514
2012-12-20,6.484953880310059
2012-12-21,6.521306037902832
2012-12-26,6.513970375061035
2012-12-27,6.405853271484375
2012-12-28,6.442533016204834
2013-01-02,6.659827709197998
2013-01-03,6.858768463134766
2013-01-04,6.818211555480957
2013-01-07,6.702314853668213
2013-01-08,6.7293596267700195
2013-01-09,6.837523937225342
2013-01-10,6.750604152679443
2013-01-11,6.767989635467529
2013-01-14,6.856838226318359
2013-01-15,6.766056060791016
2013-01-16,6.825934886932373
2013-01-17,6.941826343536377
2013-01-18,6.965003967285156
2013-01-21,6.914785861968994
2013-01-22,6.914785861968994
2013-01-23,6.895470142364502
2013-01-24,6.903195381164551
2013-01-28,6.721632480621338
2013-01-29,6.711975574493408
2013-01-30,6.584505558013916
2013-01-31,6.630851745605469
2013-02-01,6.598966598510742
2013-02-04,6.4443793296813965
2013-02-05,6.606695175170898
2013-02-06,6.469501495361328
2013-02-07,6.4289231300354
2013-02-08,6.544860363006592
2013-02-13,6.527472019195557
2013-02-14,6.496556282043457
2013-02-15,6.79800271987915
2013-02-18,6.869498252868652
2013-02-19,6.736170291900635
2013-02-20,6.6182966232299805
2013-02-21,6.569982528686523
2013-02-22,6.782543182373047
2013-02-25,6.796067714691162
2013-02-26,6.672396183013916
2013-02-27,6.697519302368164
2013-02-28,6.772881984710693
2013-03-01,6.804780960083008
2013-03-04,6.775783538818359
2013-03-05,6.769981384277344
2013-03-06,6.9600396156311035
2013-03-07,7.004992485046387
2013-03-08,7.2121663093566895
2013-03-11,7.17308235168457
2013-03-12,7.065578937530518
2013-03-13,7.055806636810303
2013-03-14,6.948307991027832
2013-03-15,6.9541754722595215
2013-03-18,7.085128307342529
2013-03-19,7.00108528137207
2013-03-20,7.061673164367676
2013-03-21,6.983493804931641
2013-03-22,6.897495746612549
2013-03-25,6.840814113616943
2013-03-26,6.913134574890137
2013-03-27,6.928768634796143
2013-03-28,6.928768634796143
2013-04-01,6.919966220855713
2013-04-02,6.796781539916992
2013-04-03,6.808510780334473
2013-04-04,6.614930152893066
2013-04-05,6.612978935241699
2013-04-08,6.609065055847168
2013-04-09,6.76549768447876
2013-04-10,6.867176532745361
2013-04-11,6.8925886154174805
2013-04-12,6.76549768447876
2013-04-15,6.618841171264648
2013-04-16,6.78504753112793
2013-04-17,6.618841171264648
2013-04-18,6.392019748687744
2013-04-19,6.532808303833008
2013-04-22,6.49956750869751
2013-04-23,6.540628433227539
2013-04-24,6.587558746337891
2013-04-25,6.583642959594727
2013-04-26,6.583642959594727
2013-04-29,6.413532733917236
2013-04-30,6.581690788269043
2013-05-02,6.502460956573486
2013-05-03,6.5924506187438965
2013-05-06,6.582667350769043
2013-05-07,6.7763352394104
2013-05-08,6.84675931930542
2013-05-09,6.84675931930542
2013-05-10,6.782207012176514
2013-05-13,6.653095245361328
2013-05-14,6.752858638763428
2013-05-15,6.8663225173950195
2013-05-16,6.801764488220215
2013-05-17,6.872186660766602
2013-05-20,6.320535182952881
2013-05-21,7.064486026763916
2013-05-22,7.157016277313232
2013-05-23,7.0967631340026855
2013-05-24,7.075244426727295
2013-05-27,7.045122146606445
2013-05-28,7.06878662109375
2013-05-29,6.896642684936523
2013-05-31,6.967654228210449
2013-06-03,6.914911270141602
2013-06-04,6.949351787567139
2013-06-05,6.708240032196045
2013-06-06,6.770666599273682
2013-06-07,6.727610111236572
2013-06-10,6.714701175689697
2013-06-11,6.4951066970825195
2013-06-12,6.480036735534668
2013-06-13,6.4628167152404785
2013-06-14,6.325033664703369
2013-06-17,6.3594770431518555
2013-06-18,6.320727348327637
2013-06-19,6.243224620819092
2013-06-20,6.314263343811035
2013-06-21,6.148499965667725
2013-06-24,5.941829204559326
2013-06-25,5.965507984161377
2013-06-26,5.995646953582764
2013-06-27,6.116207599639893
2013-06-28,6.189403533935547
2013-07-01,6.138784885406494
2013-07-02,5.8738484382629395
2013-07-03,5.807075500488281
2013-07-04,5.880305767059326
2013-07-05,5.772613525390625
2013-07-08,5.791996955871582
2013-07-10,5.813536643981934
2013-07-11,5.96000337600708
2013-07-12,5.897539138793945
2013-07-15,6.005241394042969
2013-07-16,6.039700508117676
2013-07-17,6.117244243621826
2013-07-18,6.125863552093506
2013-07-19,6.128015041351318
2013-07-22,6.229250431060791
2013-07-23,6.313252925872803
2013-07-24,6.237863063812256
2013-07-25,6.246485710144043
2013-07-26,6.246485710144043
2013-07-29,6.244326591491699
2013-07-30,6.293869495391846
2013-07-31,6.272329807281494
2013-08-01,6.480290412902832
2013-08-02,6.443657398223877
2013-08-05,6.342369556427002
2013-08-06,6.19582462310791
2013-08-07,6.184377193450928
2013-08-08,6.362817287445068
2013-08-09,6.393284320831299
2013-08-12,6.560842514038086
2013-08-13,6.606540203094482
2013-08-14,6.541250228881836
2013-08-15,6.486852645874023
2013-08-16,6.3541131019592285
2013-08-19,6.297535419464111
2013-08-20,6.230079174041748
2013-08-21,6.184377193450928
2013-08-22,6.188735485076904
2013-08-23,6.399806022644043
2013-08-26,6.291006088256836
2013-08-27,6.114742755889893
2013-08-28,6.136504173278809
2013-08-29,6.186553001403809
2013-08-30,6.312766075134277
2013-09-02,6.379170894622803
2013-09-03,6.316030979156494
2013-09-04,6.331271171569824
2013-09-05,6.398769378662109
2013-09-06,6.529399394989014
2013-09-09,6.712283134460449
2013-09-10,6.760180473327637
2013-09-11,6.727523326873779
2013-09-12,6.712283134460449
2013-09-13,6.810260772705078
2013-09-16,6.7688889503479
2013-09-17,6.87775182723999
2013-09-18,7.075879096984863
2013-09-19,7.032329559326172
2013-09-20,6.818965911865234
2013-09-23,6.8799285888671875
2013-09-24,6.853796482086182
2013-09-25,6.8603315353393555
2013-09-26,6.858153343200684
2013-09-27,7.010558128356934
2013-09-30,6.845085620880127
2013-10-01,6.915887832641602
2013-10-02,6.887570381164551
2013-10-03,6.904991626739502
2013-10-04,6.915887832641602
2013-10-07,6.885394096374512
2013-10-08,6.861429691314697
2013-10-09,6.935489654541016
2013-10-10,7.057469367980957
2013-10-11,6.989940643310547
2013-10-14,7.040040493011475
2013-10-15,7.068356990814209
2013-10-16,7.148951053619385
2013-10-17,7.209941864013672
2013-10-18,7.388562202453613
2013-10-21,7.321035385131836
2013-10-22,7.360241889953613
2013-10-23,7.260045051574707
2013-10-24,7.225189208984375
2013-10-25,7.188161849975586
2013-10-28,7.273118495941162
2013-10-29,7.538856029510498
2013-10-30,7.512717247009277
2013-10-31,7.532323837280273
2013-11-01,7.463679313659668
2013-11-04,7.520333766937256
2013-11-05,7.396121501922607
2013-11-06,7.306781768798828
2013-11-07,7.197819232940674
2013-11-08,7.008230209350586
2013-11-11,7.0387372970581055
2013-11-12,7.0278449058532715
2013-11-13,7.169495582580566
2013-11-14,7.322030544281006
2013-11-18,7.422275543212891
2013-11-19,7.223968029022217
2013-11-21,7.14987850189209
2013-11-22,7.043098449707031
2013-11-25,6.938497543334961
2013-11-26,6.9733662605285645
2013-11-27,7.158594131469727
2013-11-28,7.09321928024292
2013-11-29,7.178211688995361
2013-12-02,7.024504661560059
2013-12-03,6.867531776428223
2013-12-04,6.83919095993042
2013-12-05,6.78032922744751
2013-12-06,6.852268218994141
2013-12-09,6.917677879333496
2013-12-10,6.874075889587402
2013-12-11,6.6909403800964355
2013-12-12,6.747625827789307
2013-12-13,6.773782253265381
2013-12-16,6.795591831207275
2013-12-17,6.8043060302734375
2013-12-18,6.845732688903809
2013-12-19,6.998342990875244
2013-12-20,6.832648754119873
2013-12-23,6.905849933624268
2013-12-26,6.954131603240967
2013-12-27,6.934383869171143
2013-12-30,7.037517070770264
2014-01-02,6.920062065124512
2014-01-03,6.906889915466309
2014-01-06,6.91786527633667
2014-01-07,6.865180969238281
2014-01-08,6.9727559089660645
2014-01-09,6.755406856536865
2014-01-10,6.788337230682373
2014-01-13,6.757603645324707
2014-01-14,6.85858678817749
2014-01-15,6.860789775848389
2014-01-16,6.718086242675781
2014-01-17,6.586358070373535
2014-01-20,6.533663272857666
2014-01-21,6.625872611999512
2014-01-22,6.641242980957031
2014-01-23,6.509514331817627
2014-01-24,6.423891067504883
2014-01-27,6.5534234046936035
2014-01-28,6.599526405334473
2014-01-29,6.4743876457214355
2014-01-30,6.480973243713379
2014-01-31,6.643435001373291
2014-02-03,6.567654609680176
2014-02-04,6.88615608215332
2014-02-05,6.853204727172852
2014-02-06,6.995980739593506
2014-02-07,6.991589546203613
2014-02-10,6.980608940124512
2014-02-11,6.993784427642822
2014-02-12,6.919106960296631
2014-02-13,6.888350486755371
2014-02-14,6.941068649291992
2014-02-17,6.853204727172852
2014-02-18,6.811473369598389
2014-02-19,6.948568344116211
2014-02-20,6.939627170562744
2014-02-21,6.948568344116211
2014-02-24,6.986549377441406
2014-02-25,6.939627170562744
2014-02-26,6.912817001342773
2014-02-27,7.022301197052002
2014-02-28,6.973140239715576
2014-03-05,6.869199275970459
2014-03-06,7.059197425842285
2014-03-07,6.918380260467529
2014-03-10,6.828968048095703
2014-03-11,6.902735710144043
2014-03-12,6.817788600921631
2014-03-13,6.726135730743408
2014-03-14,6.547313213348389
2014-03-17,6.6836700439453125
2014-03-18,6.808843612670898
2014-03-19,6.8401408195495605
2014-03-20,6.983198165893555
2014-03-21,7.0100250244140625
2014-03-24,7.213436126708984
2014-03-25,7.253676414489746
2014-03-26,7.316267490386963
2014-03-27,7.474977016448975
2014-03-28,7.430273056030273
2014-03-31,7.573332786560059
2014-04-01,7.637058734893799
2014-04-02,7.883066177368164
2014-04-03,7.791370868682861
2014-04-04,7.679555416107178
2014-04-07,7.853994846343994
2014-04-08,7.739940166473389
2014-04-09,7.637058734893799
2014-04-10,7.719810485839844
2014-04-11,7.903191089630127
2014-04-14,7.802552700042725
2014-04-15,7.61470365524292
2014-04-16,7.75335693359375
2014-04-17,7.950155258178711
2014-04-22,8.006064414978027
2014-04-23,7.9904093742370605
2014-04-24,8.162602424621582
2014-04-25,8.240880012512207
2014-04-28,8.22522258758545
2014-04-29,8.229693412780762
2014-04-30,8.222990989685059
2014-05-02,8.378470420837402
2014-05-05,8.467961311340332
2014-05-06,8.389660835266113
2014-05-07,8.447830200195312
2014-05-08,8.318060874938965
2014-05-09,8.244244575500488
2014-05-12,8.40308666229248
2014-05-13,8.35162353515625
2014-05-14,8.387422561645508
2014-05-15,8.324774742126465
2014-05-16,8.407561302185059
2014-05-19,8.353865623474121
2014-05-20,8.20620346069336
2014-05-21,8.031706809997559
2014-05-22,8.13014030456543
2014-05-23,8.007092475891113
2014-05-26,7.982481956481934
2014-05-27,7.9869561195373535
2014-05-28,8.13237476348877
2014-05-29,8.009331703186035
2014-05-30,7.785608291625977
2014-06-02,7.838199138641357
2014-06-03,7.885207653045654
2014-06-04,7.795676231384277
2014-06-05,7.692721843719482
2014-06-06,8.03606128692627
2014-06-09,8.33889389038086
2014-06-10,8.316731452941895
2014-06-11,8.489068031311035
2014-06-13,8.442292213439941
2014-06-16,8.385669708251953
2014-06-17,8.274881362915039
2014-06-18,8.388134002685547
2014-06-20,8.265026092529297
2014-06-23,8.203479766845703
2014-06-24,8.218255043029785
2014-06-25,7.957273960113525
2014-06-26,7.930193901062012
2014-06-27,7.905570030212402
2014-06-30,7.866179466247559
2014-07-01,7.901888847351074
2014-07-02,7.773813247680664
2014-07-03,7.830465316772461
2014-07-04,7.82553768157959
2014-07-07,7.832925319671631
2014-07-08,7.815686225891113
2014-07-10,8.177773475646973
2014-07-11,8.165454864501953
2014-07-14,8.357582092285156
2014-07-15,8.458573341369629
2014-07-16,8.239349365234375
2014-07-17,8.251667976379395
2014-07-18,8.65562915802002
2014-07-21,8.729523658752441
2014-07-22,8.71228313446045
2014-07-23,8.714744567871094
2014-07-24,8.842830657958984
2014-07-25,8.805887222290039
2014-07-28,8.746774673461914
2014-07-29,8.786176681518555
2014-07-30,8.828049659729004
2014-07-31,8.640846252441406
2014-08-01,8.632226943969727
2014-08-04,8.74064826965332
2014-08-05,8.858938217163086
2014-08-06,8.82197093963623
2014-08-07,8.74311637878418
2014-08-08,8.624825477600098
2014-08-11,8.782541275024414
2014-08-12,8.757901191711426
2014-08-13,8.60758113861084
2014-08-14,8.763191223144531
2014-08-15,8.892538070678711
2014-08-18,9.02187728881836
2014-08-19,9.33032512664795
2014-08-20,9.37509536743164
2014-08-21,9.429819107055664
2014-08-22,9.322855949401855
2014-08-25,9.55418872833252
2014-08-26,9.618860244750977
2014-08-27,9.909889221191406
2014-08-28,9.815370559692383
2014-08-29,10.074063301086426
2014-09-01,10.077794075012207
2014-09-02,10.261929512023926
2014-09-03,10.227089881896973
2014-09-04,10.018068313598633
2014-09-05,10.09272289276123
2014-09-08,9.831446647644043
2014-09-09,9.679654121398926
2014-09-10,9.57514762878418
2014-09-11,9.56021785736084
2014-09-12,9.216822624206543
2014-09-15,9.450724601745605
2014-09-16,9.694584846496582
2014-09-17,9.736893653869629
2014-09-18,9.622424125671387
2014-09-19,9.393500328063965
2014-09-22,9.266592025756836
2014-09-23,9.22179889678955
2014-09-24,9.293966293334961
2014-09-25,9.002825736999512
2014-09-26,9.381049156188965
2014-09-29,8.724137306213379
2014-09-30,8.423043251037598
2014-10-01,8.205212593078613
2014-10-02,8.479057312011719
2014-10-03,8.67821216583252
2014-10-06,9.143742561340332
2014-10-07,9.158675193786621
2014-10-08,9.039175987243652
2014-10-09,9.153696060180664
2014-10-10,8.775304794311523
2014-10-13,9.459897994995117
2014-10-14,9.547028541564941
2014-10-15,9.118840217590332
2014-10-16,8.877361297607422
2014-10-17,9.136269569396973
2014-10-20,8.912221908569336
2014-10-21,8.464119911193848
2014-10-22,8.409355163574219
2014-10-23,8.028467178344727
2014-10-24,8.252519607543945
2014-10-27,8.070786476135254
2014-10-28,8.439228057861328
2014-10-29,8.19526195526123
2014-10-30,8.857453346252441
2014-10-31,9.143742561340332
2014-11-03,9.115093231201172
2014-11-04,9.289429664611816
2014-11-05,9.187325477600098
2014-11-06,8.853596687316895
2014-11-07,9.003023147583008
2014-11-10,8.978118896484375
2014-11-11,8.973138809204102
2014-11-12,9.040383338928223
2014-11-13,8.749007225036621
2014-11-14,8.791339874267578
2014-11-17,8.726590156555176
2014-11-18,8.980610847473145
2014-11-19,9.341727256774902
2014-11-21,9.956875801086426
2014-11-24,9.750162124633789
2014-11-25,9.874686241149902
2014-11-26,9.792505264282227
2014-11-27,9.64806079864502
2014-11-28,9.638091087341309
2014-12-01,9.19088363647461
2014-12-02,9.11365032196045
2014-12-03,9.19088363647461
2014-12-04,9.053852081298828
2014-12-05,9.225763320922852
2014-12-08,8.881945610046387
2014-12-09,8.916831016540527
2014-12-10,8.782288551330566
2014-12-11,8.881945610046387
2014-12-12,8.408580780029297
2014-12-15,8.2291898727417
2014-12-16,8.189330101013184
2014-12-17,8.602906227111816
2014-12-18,8.538128852844238
2014-12-19,8.67016887664795
2014-12-22,8.729972839355469
2014-12-23,8.769830703735352
2014-12-26,8.645262718200684
2014-12-29,8.67016887664795
2014-12-30,8.620345115661621
2015-01-02,8.432164192199707
2015-01-05,8.47453784942627
2015-01-06,8.611623764038086
2015-01-07,8.923188209533691
2015-01-08,9.062764167785645
2015-01-09,8.66645622253418
2015-01-12,8.457084655761719
2015-01-13,8.447114944458008
2015-01-14,8.504440307617188
2015-01-15,8.429673194885254
2015-01-16,8.559279441833496
2015-01-19,8.25020980834961
2015-01-20,8.27762508392334
2015-01-21,8.521885871887207
2015-01-22,8.564270973205566
2015-01-23,8.482012748718262
2015-01-26,8.581714630126953
2015-01-27,8.549310684204102
2015-01-28,8.374837875366211
2015-01-29,8.3175048828125
2015-01-30,8.20035457611084
2015-02-02,8.308832168579102
2015-02-03,8.540741920471191
2015-02-04,8.854942321777344
2015-02-05,8.78012752532959
2015-02-06,8.760184288024902
2015-02-09,8.815045356750488
2015-02-10,8.702828407287598
2015-02-11,8.555715560913086
2015-02-12,8.78058910369873
2015-02-13,9.071913719177246
2015-02-18,9.12557601928711
2015-02-19,9.123026847839355
2015-02-20,9.171573638916016
2015-02-23,9.261019706726074
2015-02-24,9.35812759399414
2015-02-25,9.381119728088379
2015-02-26,9.427119255065918
2015-02-27,9.327459335327148
2015-03-02,9.285273551940918
2015-03-03,9.356860160827637
2015-03-04,9.275053977966309
2015-03-05,9.193246841430664
2015-03-06,8.947813987731934
2015-03-09,8.715178489685059
2015-03-10,8.372600555419922
2015-03-11,8.656371116638184
2015-03-12,8.692166328430176
2015-03-13,8.64870548248291
2015-03-16,8.64870548248291
2015-03-17,8.896682739257812
2015-03-18,9.165121078491211
2015-03-19,9.10887336730957
2015-03-20,9.185575485229492
2015-03-23,9.126774787902832
2015-03-24,9.070526123046875
2015-03-25,9.062858581542969
2015-03-26,8.807211875915527
2015-03-27,8.653814315795898
2015-03-30,8.94526481628418
2015-03-31,9.027070045471191
2015-04-01,9.335261344909668
2015-04-02,9.424777030944824
2015-04-06,9.539873123168945
2015-04-07,9.54498291015625
2015-04-08,9.591025352478027
2015-04-09,9.399199485778809
2015-04-10,9.468255043029785
2015-04-13,9.394086837768555
2015-04-14,9.394086837768555
2015-04-15,9.529638290405273
2015-04-16,9.458027839660645
2015-04-17,9.337821960449219
2015-04-20,9.18179988861084
2015-04-22,9.437564849853516
2015-04-23,9.693320274353027
2015-04-24,10.007905006408691
2015-04-27,9.82120418548584
2015-04-28,9.920945167541504
2015-04-29,9.785405158996582
2015-04-30,9.854456901550293
2015-05-04,9.965754508972168
2015-05-05,9.868528366088867
2015-05-06,9.620344161987305
2015-05-07,9.658719062805176
2015-05-08,9.786652565002441
2015-05-11,9.740596771240234
2015-05-12,9.69709587097168
2015-05-13,9.630581855773926
2015-05-14,9.725247383117676
2015-05-15,9.906908988952637
2015-05-18,9.64337158203125
2015-05-19,9.507763862609863
2015-05-20,9.338895797729492
2015-05-21,9.226314544677734
2015-05-22,9.031868934631348
2015-05-25,9.0651273727417
2015-05-26,8.932079315185547
2015-05-27,9.113736152648926
2015-05-28,9.006272315979004
2015-05-29,8.783679962158203
2015-06-01,8.723523139953613
2015-06-02,8.918062210083008
2015-06-03,8.692805290222168
2015-06-05,8.485472679138184
2015-06-08,8.449630737304688
2015-06-09,8.395881652832031
2015-06-10,8.641616821289062
2015-06-11,8.587857246398926
2015-06-12,8.498270034790039
2015-06-15,8.541787147521973
2015-06-16,8.84383773803711
2015-06-17,8.687695503234863
2015-06-18,8.902711868286133
2015-06-19,8.802874565124512
2015-06-22,8.82847785949707
2015-06-23,8.915504455566406
2015-06-24,8.946219444274902
2015-06-25,8.792643547058105
2015-06-26,8.869433403015137
2015-06-29,8.756804466247559
2015-06-30,8.759360313415527
2015-07-01,8.80929946899414
2015-07-02,8.927102088928223
2015-07-03,8.837471008300781
2015-07-06,8.68637466430664
2015-07-07,8.719673156738281
2015-07-08,8.619794845581055
2015-07-10,8.881006240844727
2015-07-13,8.962950706481934
2015-07-14,8.969097137451172
2015-07-15,8.814165115356445
2015-07-16,8.839513778686523
2015-07-17,8.786001205444336
2015-07-20,8.73246955871582
2015-07-21,8.659231185913086
2015-07-22,8.52402114868164
2015-07-23,8.169082641601562
2015-07-24,8.13247299194336
2015-07-27,8.115570068359375
2015-07-28,8.264860153198242
2015-07-29,8.346549987792969
2015-07-30,8.242323875427246
2015-07-31,8.473318099975586
2015-08-03,8.432453155517578
2015-08-04,8.229532241821289
2015-08-05,8.21544075012207
2015-08-06,8.184440612792969
2015-08-07,7.944875717163086
2015-08-10,8.049159049987793
2015-08-11,8.032249450683594
2015-08-12,7.8011393547058105
2015-08-13,7.620199203491211
2015-08-14,7.611638069152832
2015-08-17,7.531729221343994
2015-08-18,7.657302379608154
2015-08-19,7.500335216522217
2015-08-20,7.517456531524658
2015-08-21,7.534579753875732
2015-08-24,7.380465030670166
2015-08-25,7.366194248199463
2015-08-26,7.8114213943481445
2015-08-27,8.08825969696045
2015-08-28,7.857085704803467
2015-08-31,7.577384948730469
2015-09-01,7.40177059173584
2015-09-02,7.575958728790283
2015-09-03,7.864382743835449
2015-09-04,7.544549942016602
2015-09-08,7.62736177444458
2015-09-09,7.713033676147461
2015-09-10,7.558828353881836
2015-09-11,7.57310676574707
2015-09-14,7.878660678863525
2015-09-15,8.072837829589844
2015-09-16,8.207053184509277
2015-09-17,8.278443336486816
2015-09-18,7.952910423278809
2015-09-21,7.775857448577881
2015-09-22,7.850102424621582
2015-09-23,7.53883695602417
2015-09-24,7.624507427215576
2015-09-25,7.438889980316162
2015-09-28,7.4331841468811035
2015-09-29,7.40177059173584
2015-09-30,7.570250034332275
2015-10-01,7.680254936218262
2015-10-02,7.991694927215576
2015-10-05,8.160268783569336
2015-10-06,8.234552383422852
2015-10-07,8.468852043151855
2015-10-08,8.50028133392334
2015-10-09,8.443140983581543
2015-10-13,7.991694927215576
2015-10-14,7.917405605316162
2015-10-15,7.785974979400635
2015-10-16,7.66882848739624
2015-10-19,7.851688385009766
2015-10-20,7.691685199737549
2015-10-21,7.63453483581543
2015-10-22,7.794541835784912
2015-10-23,7.7431135177612305
2015-10-26,7.628823757171631
2015-10-27,7.585970878601074
2015-10-28,7.637393474578857
2015-10-29,7.428812503814697
2015-10-30,7.563107967376709
2015-11-03,8.050545692443848
2015-11-04,8.070556640625
2015-11-05,8.167757034301758
2015-11-06,8.044825553894043
2015-11-09,7.838985919952393
2015-11-10,7.887592792510986
2015-11-11,8.102005004882812
2015-11-12,8.12487506866455
2015-11-13,7.8990254402160645
2015-11-16,8.122014045715332
2015-11-17,8.179195404052734
2015-11-18,8.159184455871582
2015-11-19,8.382168769836426
2015-11-23,8.379311561584473
2015-11-24,8.390748977661133
2015-11-25,7.9790754318237305
2015-11-26,8.096290588378906
2015-11-27,7.881875038146973
2015-11-30,7.944765567779541
2015-12-01,8.006261825561523
2015-12-02,7.751689910888672
2015-12-03,8.243681907653809
2015-12-04,8.060611724853516
2015-12-07,8.000543594360352
2015-12-08,7.909012317657471
2015-12-09,8.338072776794434
2015-12-10,8.297449111938477
2015-12-11,8.297449111938477
2015-12-14,8.101530075073242
2015-12-15,8.153389930725098
2015-12-16,8.098650932312012
2015-12-17,8.236943244934082
2015-12-18,7.758687496185303
2015-12-21,7.6146392822265625
2015-12-22,7.663611888885498
2015-12-23,7.63480281829834
2015-12-28,7.605994701385498
2015-12-29,7.61175537109375
2015-12-30,7.585826873779297
2016-01-04,7.244228839874268
2016-01-05,7.3047637939453125
2016-01-06,7.275933742523193
2016-01-07,7.137568473815918
2016-01-08,7.140449047088623
2016-01-11,7.056850433349609
2016-01-12,7.088562488555908
2016-01-13,6.9790143966674805
2016-01-14,7.0799102783203125
2016-01-15,6.895416259765625
2016-01-18,6.814704895019531
2016-01-19,6.745519638061523
2016-01-20,6.650390625
2016-01-21,6.664802551269531
2016-01-22,6.728220462799072
2016-01-26,6.800292491912842
2016-01-27,6.826237201690674
2016-01-28,6.872361183166504
2016-01-29,7.192336559295654
2016-02-01,7.346652030944824
2016-02-02,6.818803787231445
2016-02-03,6.983214378356934
2016-02-04,7.084169387817383
2016-02-05,7.153398036956787
2016-02-10,7.188013076782227
2016-02-11,6.97456169128418
2016-02-12,7.0293684005737305
2016-02-15,7.006293296813965
2016-02-16,7.176473617553711
2016-02-17,7.254354000091553
2016-02-18,7.107243537902832
2016-02-19,7.191518783569336
2016-02-22,7.481905460357666
2016-02-23,7.375236988067627
2016-02-24,7.31300687789917
2016-02-25,7.318934440612793
2016-02-26,7.318934440612793
2016-02-29,7.526350498199463
2016-03-01,7.8806538581848145
2016-03-02,8.064477920532227
2016-03-03,8.862027168273926
2016-03-04,9.294902801513672
2016-03-07,9.253396034240723
2016-03-08,9.460939407348633
2016-03-09,9.14665699005127
2016-03-10,9.505411148071289
2016-03-11,9.58546257019043
2016-03-14,9.540989875793457
2016-03-15,9.117011070251465
2016-03-16,8.847207069396973
2016-03-17,9.813759803771973
2016-03-18,9.840442657470703
2016-03-21,9.843404769897461
2016-03-22,9.591391563415527
2016-03-23,9.286009788513184
2016-03-24,9.1881685256958
2016-03-28,9.416461944580078
2016-03-29,9.472796440124512
2016-03-30,9.526166915893555
2016-03-31,9.253396034240723
2016-04-01,9.31717300415039
2016-04-04,8.990875244140625
2016-04-05,9.008679389953613
2016-04-06,8.750609397888184
2016-04-07,8.845529556274414
2016-04-08,9.403194427490234
2016-04-11,9.450657844543457
2016-04-12,9.877801895141602
2016-04-13,9.999421119689941
2016-04-14,9.708721160888672
2016-04-15,9.771018981933594
2016-04-18,9.699822425842285
2016-04-19,9.753222465515137
2016-04-20,9.572279930114746
2016-04-22,9.397260665893555
2016-04-25,9.314202308654785
2016-04-26,9.637534141540527
2016-04-27,9.966792106628418
2016-04-28,9.898568153381348
2016-04-29,9.750255584716797
2016-05-02,9.481680870056152
2016-05-03,8.935633659362793
2016-05-04,9.155232429504395
2016-05-05,9.018723487854004
2016-05-06,9.021696090698242
2016-05-09,9.07807445526123
2016-05-10,9.647870063781738
2016-05-11,9.588513374328613
2016-05-12,9.683480262756348
2016-05-13,9.318456649780273
2016-05-16,9.17601490020752
2016-05-17,8.980143547058105
2016-05-18,9.119625091552734
2016-05-19,9.04246711730957
2016-05-20,8.926728248596191
2016-05-23,8.956406593322754
2016-05-24,8.947501182556152
2016-05-25,8.9059476852417
2016-05-27,8.816923141479492
2016-05-30,8.813958168029785
2016-05-31,8.621055603027344
2016-06-01,8.750218391418457
2016-06-02,8.88086223602295
2016-06-03,8.871954917907715
2016-06-06,8.785843849182129
2016-06-07,8.928369522094727
2016-06-08,9.064953804016113
2016-06-09,9.044168472290039
2016-06-10,8.580975532531738
2016-06-13,8.619572639465332
2016-06-14,8.494871139526367
2016-06-15,8.453298568725586
2016-06-16,8.607697486877441
2016-06-17,8.58691120147705
2016-06-20,8.729432106018066
2016-06-21,8.726460456848145
2016-06-22,8.575034141540527
2016-06-23,8.907590866088867
2016-06-24,8.595821380615234
2016-06-27,8.307807922363281
2016-06-28,8.598791122436523
2016-06-29,8.791790962219238
2016-06-30,8.996662139892578
2016-07-01,9.182326316833496
2016-07-04,9.176382064819336
2016-07-05,9.111031532287598
2016-07-06,9.146676063537598
2016-07-07,9.23877239227295
2016-07-08,9.488303184509277
2016-07-11,9.580392837524414
2016-07-12,9.500192642211914
2016-07-13,9.696258544921875
2016-07-14,9.972527503967285
2016-07-15,9.939852714538574
2016-07-18,10.109172821044922
2016-07-19,10.049763679504395
2016-07-20,10.20721435546875
2016-07-21,10.070562362670898
2016-07-22,10.132941246032715
2016-07-25,10.055704116821289
2016-07-26,9.927962303161621
2016-07-27,9.966578483581543
2016-07-28,9.856672286987305
2016-07-29,10.037880897521973
2016-08-01,9.935345649719238
2016-08-02,10.054226875305176
2016-08-03,10.473274230957031
2016-08-04,10.53271484375
2016-08-05,10.47030258178711
2016-08-08,10.401946067810059
2016-08-09,10.422755241394043
2016-08-10,10.336565971374512
2016-08-11,10.601075172424316
2016-08-12,10.681312561035156
2016-08-15,10.91543197631836
2016-08-16,10.870342254638672
2016-08-17,11.014605522155762
2016-08-18,10.99356746673584
2016-08-19,10.921435356140137
2016-08-22,10.711071014404297
2016-08-23,10.693032264709473
2016-08-24,10.641940116882324
2016-08-25,10.60888385772705
2016-08-26,10.738113403320312
2016-08-29,10.92745590209961
2016-08-30,10.999581336975098
2016-08-31,10.774171829223633
2016-09-01,10.880913734436035
2016-09-02,11.040260314941406
2016-09-05,11.043269157409668
2016-09-06,11.148502349853516
2016-09-08,11.016213417053223
2016-09-09,10.59829330444336
2016-09-12,10.73659896850586
2016-09-13,10.523131370544434
2016-09-14,10.532143592834473
2016-09-15,10.760650634765625
2016-09-16,10.517111778259277
2016-09-19,10.592284202575684
2016-09-20,10.616334915161133
2016-09-21,10.71855640411377
2016-09-22,10.889932632446289
2016-09-23,10.862878799438477
2016-09-26,10.778682708740234
2016-09-27,10.901962280273438
2016-09-28,10.980133056640625
2016-09-29,10.700518608093262
2016-09-30,10.67947006225586
2016-10-03,10.933638572692871
2016-10-04,11.029888153076172
2016-10-05,11.24645709991455
2016-10-06,11.339699745178223
2016-10-07,11.444979667663574
2016-10-10,11.460017204284668
2016-10-11,11.420914649963379
2016-10-13,11.550251960754395
2016-10-14,11.769835472106934
2016-10-17,12.028501510620117
2016-10-18,12.19573974609375
2016-10-19,11.997225761413574
2016-10-20,12.033616065979004
2016-10-21,12.013761520385742
2016-10-24,11.9111909866333
2016-10-25,11.848335266113281
2016-10-26,11.921123504638672
2016-10-27,12.17589282989502
2016-10-28,12.278459548950195
2016-10-31,12.705268859863281
2016-11-01,12.329596519470215
2016-11-03,12.064802169799805
2016-11-04,12.164097785949707
2016-11-07,12.60101318359375
2016-11-08,12.630804061889648
2016-11-09,12.226990699768066
2016-11-10,11.617953300476074
2016-11-11,11.469010353088379
2016-11-14,11.399502754211426
2016-11-16,11.962187767028809
2016-11-17,11.604719161987305
2016-11-18,11.713937759399414
2016-11-21,11.809931755065918
2016-11-22,11.849651336669922
2016-11-23,11.740424156188965
2016-11-24,11.617953300476074
2016-11-25,11.538519859313965
2016-11-28,11.783451080322266
2016-11-29,11.498795509338379
2016-11-30,11.723876953125
2016-12-01,11.192400932312012
2016-12-02,11.238757133483887
2016-12-05,11.199028015136719
2016-12-06,11.348037719726562
2016-12-07,11.258620262145996
2016-12-08,11.192400932312012
2016-12-09,11.22551441192627
2016-12-12,10.761918067932129
2016-12-13,10.811598777770996
2016-12-14,10.788415908813477
2016-12-15,10.745369911193848
2016-12-16,10.553309440612793
2016-12-19,10.268525123596191
2016-12-20,10.530128479003906
2016-12-21,10.52682113647461
2016-12-22,10.612908363342285
2016-12-23,10.912493705749512
2016-12-26,10.999871253967285
2016-12-27,10.993155479431152
2016-12-28,11.251935005187988
2016-12-29,11.376283645629883
2017-01-02,11.273730278015137
2017-01-03,11.751181602478027
2017-01-04,11.801608085632324
2017-01-05,11.96299934387207
2017-01-06,12.003349304199219
2017-01-09,12.060503005981445
2017-01-10,12.020166397094727
2017-01-11,12.04369831085205
2017-01-12,12.349666595458984
2017-01-13,12.09749698638916
2017-01-16,12.107579231262207
2017-01-17,12.43372631072998
2017-01-18,12.336212158203125
2017-01-19,12.268967628479004
2017-01-20,12.30595588684082
2017-01-23,12.719513893127441
2017-01-24,12.689263343811035
2017-01-26,12.860726356506348
2017-01-27,12.79348373413086
2017-01-30,12.521140098571777
2017-01-31,12.521140098571777
2017-02-01,12.654003143310547
2017-02-02,12.617006301879883
2017-02-03,12.87936782836914
2017-02-06,12.785183906555176
2017-02-07,13.034093856811523
2017-02-08,13.37045955657959
2017-02-09,13.431002616882324
2017-02-10,13.474725723266602
2017-02-13,13.41081714630127
2017-02-14,13.454557418823242
2017-02-15,14.019637107849121
2017-02-16,13.747185707092285
2017-02-17,13.740455627441406
2017-02-20,13.804368019104004
2017-02-21,14.0050687789917
2017-02-22,14.046209335327148
2017-02-23,13.833651542663574
2017-02-24,13.723937034606934
2017-03-01,13.701642990112305
2017-03-02,13.561030387878418
2017-03-03,13.807963371276855
2017-03-06,13.753090858459473
2017-03-07,13.523301124572754
2017-03-08,13.368964195251465
2017-03-09,13.410120010375977
2017-03-10,13.416975021362305
2017-03-13,13.660484313964844
2017-03-14,13.52673053741455
2017-03-15,13.657059669494629
2017-03-16,13.482137680053711
2017-03-17,13.094587326049805
2017-03-20,13.23863410949707
2017-03-21,12.953971862792969
2017-03-22,13.060288429260254
2017-03-23,12.98827075958252
2017-03-24,13.128890037536621
2017-03-27,13.224912643432617
2017-03-28,13.180334091186523
2017-03-29,13.375824928283691
2017-03-30,13.218061447143555
2017-03-31,12.99856185913086
2017-04-03,13.216422080993652
2017-04-04,13.285045623779297
2017-04-05,13.0414457321167
2017-04-06,12.938518524169922
2017-04-07,13.03801441192627
2017-04-10,13.013997077941895
2017-04-11,12.989978790283203
2017-04-12,12.972833633422852
2017-04-13,12.736075401306152
2017-04-17,13.305642127990723
2017-04-18,13.257606506347656
2017-04-19,13.140942573547363
2017-04-20,12.948810577392578
2017-04-24,13.199277877807617
2017-04-25,13.285045623779297
2017-04-26,13.309064865112305
2017-04-27,13.384554862976074
2017-04-28,13.470331192016602
2017-05-02,13.746631622314453
2017-05-03,13.520100593566895
2017-05-04,13.077316284179688
2017-05-05,13.283263206481934
2017-05-08,13.314156532287598
2017-05-09,13.348477363586426
2017-05-10,13.413698196411133
2017-05-11,13.643659591674805
2017-05-12,13.774086952209473
2017-05-15,13.832442283630371
2017-05-16,13.815279006958008
2017-05-17,13.533829689025879
2017-05-18,11.903451919555664
2017-05-19,12.212363243103027
2017-05-22,11.972105026245117
2017-05-23,12.160883903503418
2017-05-24,12.260406494140625
2017-05-25,12.030451774597168
2017-05-26,12.356522560119629
2017-05-29,12.356522560119629
2017-05-30,12.33249568939209
2017-05-31,12.202068328857422
2017-06-01,12.062995910644531
2017-06-02,12.183182716369629
2017-06-05,12.16944408416748
2017-06-06,12.365171432495117
2017-06-07,12.567764282226562
2017-06-08,12.437275886535645
2017-06-09,12.241549491882324
2017-06-12,12.241549491882324
2017-06-13,12.392644882202148
2017-06-14,12.502533912658691
2017-06-15,12.502533912658691
2017-06-16,12.413250923156738
2017-06-19,12.47848892211914
2017-06-20,12.203783988952637
2017-06-21,12.217523574829102
2017-06-22,12.227821350097656
2017-06-23,12.186610221862793
2017-06-26,12.529999732971191
2017-06-27,12.416688919067383
2017-06-28,12.413250923156738
2017-06-29,12.536861419677734
2017-06-30,12.619275093078613
2017-07-03,12.73779010772705
2017-07-04,12.686263084411621
2017-07-05,12.720605850219727
2017-07-06,12.541980743408203
2017-07-07,12.421757698059082
2017-07-10,12.52137279510498
2017-07-11,12.710306167602539
2017-07-12,12.847719192504883
2017-07-13,12.882070541381836
2017-07-14,12.909551620483398
2017-07-17,12.785886764526367
2017-07-18,12.799628257751465
2017-07-19,12.61412239074707
2017-07-20,12.627863883972168
2017-07-21,12.631302833557129
2017-07-24,12.710306167602539
2017-07-25,12.741225242614746
2017-07-26,12.682827949523926
2017-07-27,12.696571350097656
2017-07-28,12.744668006896973
2017-07-31,12.82022762298584
2017-08-01,13.23090648651123
2017-08-02,13.368363380432129
2017-08-03,13.337441444396973
2017-08-04,13.303078651428223
2017-08-07,13.512711524963379
2017-08-08,13.677671432495117
2017-08-09,13.591752052307129
2017-08-10,13.419921875
2017-08-11,13.488652229309082
2017-08-14,13.732651710510254
2017-08-15,13.791311264038086
2017-08-16,13.819086074829102
2017-08-17,13.708012580871582
2017-08-18,13.839920043945312
2017-08-21,13.739243507385254
2017-08-22,14.030832290649414
2017-08-23,14.183568000793457
2017-08-24,14.301594734191895
2017-08-25,14.259936332702637
2017-08-28,14.13497257232666
2017-08-29,14.263412475585938
2017-08-30,14.187039375305176
2017-08-31,14.006534576416016
2017-09-01,14.299975395202637
2017-09-04,14.227042198181152
2017-09-05,14.233990669250488
2017-09-06,14.615964889526367
2017-09-07,14.615964889526367
2017-09-08,14.598603248596191
2017-09-11,14.845161437988281
2017-09-12,14.803485870361328
2017-09-13,14.907671928405762
2017-09-14,14.872941017150879
2017-09-15,15.15074634552002
2017-09-18,15.258392333984375
2017-09-19,15.202831268310547
2017-09-20,15.04309368133545
2017-09-21,15.06392765045166
2017-09-22,15.116006851196289
2017-09-25,14.966696739196777
2017-09-26,14.99448013305664
2017-09-27,15.004891395568848
2017-09-28,14.925030708312988
2017-09-29,15.053508758544922
2017-10-02,15.079559326171875
2017-10-03,15.597152709960938
2017-10-04,15.458203315734863
2017-10-05,15.704835891723633
2017-10-06,15.520730972290039
2017-10-09,15.33661937713623
2017-10-10,15.67010498046875
2017-10-11,15.631895065307617
2017-10-12,15.631895065307617
2017-10-13,15.503358840942383
2017-10-16,15.423462867736816
2017-10-17,15.39914321899414
2017-10-18,15.4269380569458
2017-10-19,15.315778732299805
2017-10-20,15.284518241882324
2017-10-23,15.142086029052734
2017-10-24,15.25324821472168
2017-10-25,15.357468605041504
2017-10-26,15.263671875
2017-10-27,15.169875144958496
2017-10-30,14.975346565246582
2017-10-31,14.607133865356445
2017-11-01,14.36214542388916
2017-11-02,14.36214542388916
2017-11-03,14.563692092895508
2017-11-06,14.563692092895508
2017-11-07,14.282217025756836
2017-11-08,14.803472518920898
2017-11-09,14.403847694396973
2017-11-10,14.424700736999512
2017-11-13,14.497669219970703
2017-11-14,14.219673156738281
2017-11-15,14.219673156738281
2017-11-16,14.57759952545166
2017-11-17,14.779144287109375
2017-11-20,14.779144287109375
2017-11-21,15.074522018432617
2017-11-22,14.928571701049805
2017-11-23,14.883397102355957
2017-11-24,14.744396209716797
2017-11-27,14.834746360778809
2017-11-28,14.859062194824219
2017-11-29,14.553271293640137
2017-11-30,14.341292381286621
2017-12-01,14.332609176635742
2017-12-04,14.544656753540039
2017-12-05,14.45776081085205
2017-12-06,14.61070442199707
2017-12-07,14.56203556060791
2017-12-08,14.687192916870117
2017-12-11,14.725419998168945
2017-12-12,14.84361457824707
2017-12-13,14.5133695602417
2017-12-14,14.283935546875
2017-12-15,14.334343910217285
2017-12-18,14.33086109161377
2017-12-19,14.250625610351562
2017-12-20,14.302956581115723
2017-12-21,14.906458854675293
2017-12-22,14.836699485778809
2017-12-25,14.836699485778809
2017-12-26,14.895998001098633
2017-12-27,14.815768241882324
2017-12-28,14.854138374328613
2017-12-29,14.854138374328613
2018-01-02,15.313037872314453
2018-01-03,15.417734146118164
2018-01-04,15.738786697387695
2018-01-05,15.784156799316406
2018-01-08,15.731812477111816
2018-01-09,15.560816764831543
2018-01-10,15.50847053527832
2018-01-11,15.833015441894531
2018-01-12,15.81905460357666
2018-01-15,15.916764259338379
2018-01-16,16.063331604003906
2018-01-17,16.328554153442383
2018-01-18,16.290163040161133
2018-01-19,16.422794342041016
2018-01-22,16.831079483032227
2018-01-23,16.768264770507812
2018-01-24,17.577890396118164
2018-01-25,17.577890396118164
2018-01-26,18.460796356201172
2018-01-29,18.03853988647461
2018-01-30,17.9687442779541
2018-01-31,18.237459182739258
2018-02-01,18.3299560546875
2018-02-02,18.099563598632812
2018-02-05,17.464248657226562
2018-02-06,18.092592239379883
2018-02-07,17.663225173950195
2018-02-08,17.575950622558594
2018-02-09,17.621337890625
2018-02-14,18.38232421875
2018-02-15,18.385814666748047
2018-02-16,18.532747268676758
2018-02-19,18.386899948120117
2018-02-20,18.839017868041992
2018-02-21,19.086933135986328
2018-02-22,19.19268035888672
2018-02-23,19.323928833007812
2018-02-26,19.302064895629883
2018-02-27,19.014022827148438
2018-02-28,18.368677139282227
2018-03-01,18.6403865814209
2018-03-02,18.738853454589844
2018-03-05,19.005090713500977
2018-03-06,18.935792922973633
2018-03-07,18.91027069091797
2018-03-08,18.778968811035156
2018-03-09,19.037925720214844
2018-03-12,19.25309944152832
2018-03-13,19.09626579284668
2018-03-14,18.6695499420166
2018-03-15,18.75709342956543
2018-03-16,18.680503845214844
2018-03-19,18.27931785583496
2018-03-20,18.337665557861328
2018-03-21,18.264734268188477
2018-03-22,18.206375122070312
2018-03-23,18.29391098022461
2018-03-26,18.520029067993164
2018-03-27,18.297557830810547
2018-03-28,18.465330123901367
2018-03-29,18.713321685791016
2018-04-02,18.623943328857422
2018-04-03,18.448833465576172
2018-04-04,18.569217681884766
2018-04-05,18.60570526123047
2018-04-06,18.6969051361084
2018-04-09,18.281017303466797
2018-04-10,18.37222671508789
2018-04-11,18.675025939941406
2018-04-12,18.839195251464844
2018-04-13,18.401409149169922
2018-04-16,18.131437301635742
2018-04-17,18.430593490600586
2018-04-18,18.780813217163086
2018-04-19,18.60570526123047
2018-04-20,18.56557273864746
2018-04-23,18.598411560058594
2018-04-24,18.507213592529297
2018-04-25,18.397754669189453
2018-04-26,18.824604034423828
2018-04-27,18.78812026977539
2018-04-30,18.60935401916504
2018-05-02,17.771848678588867
2018-05-03,17.42152976989746
2018-05-04,17.217161178588867
2018-05-07,17.242708206176758
2018-05-08,17.29744529724121
2018-05-09,17.352184295654297
2018-05-10,17.82658576965332
2018-05-11,17.541946411132812
2018-05-14,17.27920150756836
2018-05-15,17.21351432800293
2018-05-16,17.51274871826172
2018-05-17,16.596790313720703
2018-05-18,16.480009078979492
2018-05-21,16.25376319885254
2018-05-22,16.64788055419922
2018-05-23,16.33404541015625
2018-05-24,16.54935646057129
2018-05-25,16.40338134765625
2018-05-28,15.710025787353516
2018-05-29,15.655287742614746
2018-05-30,15.684484481811523
2018-06-01,15.996599197387695
2018-06-04,16.343395233154297
2018-06-05,15.835972785949707
2018-06-06,15.43441390991211
2018-06-07,14.985397338867188
2018-06-08,15.021910667419434
2018-06-11,14.587498664855957
2018-06-12,14.558296203613281
2018-06-13,14.415925025939941
2018-06-14,13.90484619140625
2018-06-15,14.0399169921875
2018-06-18,13.75517749786377
2018-06-19,14.375767707824707
2018-06-20,14.642248153686523
2018-06-21,14.251648902893066
2018-06-22,14.361161231994629
2018-06-25,14.390364646911621
2018-06-26,14.342910766601562
2018-06-27,14.083720207214355
2018-06-28,14.474329948425293
2018-06-29,14.726210594177246
2018-07-02,14.735349655151367
2018-07-03,15.082265853881836
2018-07-04,15.326937675476074
2018-07-05,15.228352546691895
2018-07-06,15.367116928100586
2018-07-10,15.407288551330566
2018-07-11,15.469368934631348
2018-07-12,15.76152229309082
2018-07-13,16.16322898864746
2018-07-16,16.104806900024414
2018-07-17,16.407901763916016
2018-07-18,16.19974708557129
2018-07-19,16.433469772338867
2018-07-20,16.900909423828125
2018-07-23,16.575897216796875
2018-07-24,16.564943313598633
2018-07-25,17.087146759033203
2018-07-26,16.81690788269043
2018-07-27,16.9082088470459
2018-07-30,17.15288734436035
2018-07-31,16.433469772338867
2018-08-01,16.639867782592773
2018-08-02,16.69831657409668
2018-08-03,17.096506118774414
2018-08-06,16.972293853759766
2018-08-07,16.870010375976562
2018-08-08,16.475481033325195
2018-08-09,16.3878116607666
2018-08-10,15.792341232299805
2018-08-13,15.91655158996582
2018-08-14,16.24533462524414
2018-08-15,16.1357479095459
2018-08-16,16.113828659057617
2018-08-17,15.70102310180664
2018-08-20,15.812260627746582
2018-08-21,15.607778549194336
2018-08-22,15.979576110839844
2018-08-23,15.358685493469238
2018-08-24,15.473938941955566
2018-08-27,15.987005233764648
2018-08-28,15.875463485717773
2018-08-29,16.139442443847656
2018-08-30,15.503679275512695
2018-08-31,15.715603828430176
2018-09-03,15.498018264770508
2018-09-04,15.364130973815918
2018-09-05,15.453398704528809
2018-09-06,15.843910217285156
2018-09-10,15.988972663879395
2018-09-11,15.43851089477539
2018-09-12,15.483145713806152
2018-09-13,15.397602081298828
2018-09-14,15.669113159179688
2018-09-17,16.041017532348633
2018-09-18,16.026155471801758
2018-09-19,16.13772201538086
2018-09-20,16.033599853515625
2018-09-21,16.305089950561523
2018-09-24,15.899701118469238
2018-09-25,15.93689250946045
2018-09-26,16.1116886138916
2018-09-27,16.554288864135742
2018-09-28,16.412952423095703
2018-10-01,16.22878074645996
2018-10-02,16.853837966918945
2018-10-03,17.616533279418945
2018-10-04,17.635128021240234
2018-10-05,17.57560920715332
2018-10-08,18.621065139770508
2018-10-09,18.524324417114258
2018-10-10,17.884410858154297
2018-10-11,17.672340393066406
2018-10-15,17.876976013183594
2018-10-16,18.5913028717041
2018-10-17,18.397836685180664
2018-10-18,17.850919723510742
2018-10-19,17.832324981689453
2018-10-22,18.092754364013672
2018-10-23,18.155994415283203
2018-10-24,17.683500289916992
2018-10-25,17.88813018798828
2018-10-26,18.222980499267578
2018-10-29,17.88813018798828
2018-10-30,18.412717819213867
2018-10-31,18.32343101501465
2018-11-01,18.58580780029297
2018-11-05,18.786773681640625
2018-11-06,18.90585708618164
2018-11-07,18.924480438232422
2018-11-08,18.663955688476562
2018-11-09,18.898418426513672
2018-11-12,18.95052146911621
2018-11-13,18.879810333251953
2018-11-14,19.043554306030273
2018-11-16,19.631576538085938
2018-11-19,19.620410919189453
2018-11-21,19.365474700927734
2018-11-22,19.320819854736328
2018-11-23,19.29849624633789
2018-11-26,18.98029327392578
2018-11-27,19.622272491455078
2018-11-28,20.113527297973633
2018-11-29,20.292165756225586
2018-11-30,20.10794448852539
2018-12-03,19.853843688964844
2018-12-04,19.831504821777344
2018-12-05,19.842674255371094
2018-12-06,20.021381378173828
2018-12-07,19.859426498413086
2018-12-10,19.32886505126953
2018-12-11,19.501991271972656
2018-12-12,19.636037826538086
2018-12-13,19.98229217529297
2018-12-14,19.83707618713379
2018-12-17,19.306528091430664
2018-12-18,19.61971092224121
2018-12-19,19.357147216796875
2018-12-20,19.3515625
2018-12-21,19.262165069580078
2018-12-26,18.843191146850586
2018-12-27,19.161630630493164
2018-12-28,19.831995010375977
2019-01-02,20.6787166595459
2019-01-03,21.01962661743164
2019-01-04,20.667531967163086
2019-01-07,20.706649780273438
2019-01-08,20.969318389892578
2019-01-09,21.287891387939453
2019-01-10,21.142578125
2019-01-11,21.0140323638916
2019-01-14,21.170516967773438
2019-01-15,20.840778350830078
2019-01-16,20.779298782348633
2019-01-17,20.779298782348633
2019-01-18,21.04757308959961
2019-01-21,20.874313354492188
2019-01-22,20.840778350830078
2019-01-23,20.980504989624023
2019-01-24,20.952558517456055
2019-01-28,21.32701301574707
2019-01-29,21.170516967773438
2019-01-30,21.304658889770508
2019-01-31,21.67352294921875
2019-02-01,21.698678970336914
2019-02-04,22.1906795501709
2019-02-05,21.24580192565918
2019-02-06,20.351245880126953
2019-02-07,20.42392349243164
2019-02-08,20.86001968383789
2019-02-11,20.625205993652344
2019-02-12,21.117212295532227
2019-02-13,20.636390686035156
2019-02-14,21.184307098388672
2019-02-15,20.966245651245117
2019-02-18,20.630800247192383
2019-02-19,21.10603141784668
2019-02-20,20.83767318725586
2019-02-21,21.217859268188477
2019-02-22,21.517253875732422
2019-02-25,21.18855857849121
2019-02-26,21.26486587524414
2019-02-27,21.077049255371094
2019-02-28,20.67793083190918
2019-03-01,20.457735061645508
2019-03-06,20.463605880737305
2019-03-07,20.74544906616211
2019-03-08,20.99207878112793
2019-03-11,21.67908477783203
2019-03-12,21.726055145263672
2019-03-13,21.960935592651367
2019-03-14,21.614505767822266
2019-03-15,21.608623504638672
2019-03-18,21.643863677978516
2019-03-19,21.138870239257812
2019-03-20,20.66324806213379
2019-03-21,20.299192428588867
2019-03-22,19.70024871826172
2019-03-25,19.729616165161133
2019-03-26,19.93512725830078
2019-03-27,19.259864807128906
2019-03-28,20.02320671081543
2019-03-29,20.216981887817383
2019-04-01,20.067180633544922
2019-04-02,19.749958038330078
2019-04-03,19.57372283935547
2019-04-04,19.867450714111328
2019-04-05,20.296289443969727
2019-04-08,20.172922134399414
2019-04-09,20.06130599975586
2019-04-10,20.026065826416016
2019-04-11,19.561979293823242
2019-04-12,19.356372833251953
2019-04-15,19.344615936279297
2019-04-16,19.327007293701172
2019-04-17,19.02739143371582
2019-04-18,19.285879135131836
2019-04-22,19.233007431030273
2019-04-23,19.479736328125
2019-04-24,19.50909996032715
2019-04-25,19.8087100982666
2019-04-26,19.855703353881836
2019-04-29,19.69708251953125
2019-04-30,19.873332977294922
2019-05-02,20.005556106567383
2019-05-03,19.81161117553711
2019-05-06,19.376720428466797
2019-05-07,19.159263610839844
2019-05-08,19.376720428466797
2019-05-09,19.135751724243164
2019-05-10,19.04758644104004
2019-05-13,18.747859954833984
2019-05-14,18.659713745117188
2019-05-15,18.71847152709961
2019-05-16,18.477521896362305
2019-05-17,18.512784957885742
2019-05-20,18.994699478149414
2019-05-21,19.72933578491211
2019-05-22,19.746976852416992
2019-05-23,19.705829620361328
2019-05-24,19.411975860595703
2019-05-27,19.482494354248047
2019-05-28,20.029075622558594
2019-05-29,20.405197143554688
2019-05-30,20.61678123474121
2019-05-31,20.569759368896484
2019-06-03,20.625614166259766
2019-06-04,20.5903377532959
2019-06-05,20.190534591674805
2019-06-06,20.402183532714844
2019-06-07,20.619741439819336
2019-06-10,20.36103630065918
2019-06-11,20.460987091064453
2019-06-12,20.343381881713867
2019-06-13,19.978864669799805
2019-06-14,19.984724044799805
2019-06-17,19.961223602294922
2019-06-18,20.4786319732666
2019-06-19,20.802001953125
2019-06-21,21.272363662719727
2019-06-24,21.22532844543457
2019-06-25,20.96074867248535
2019-06-26,21.46051597595215
2019-06-27,21.313518524169922
2019-06-28,21.319414138793945
2019-07-01,21.222352981567383
2019-07-02,21.1458797454834
2019-07-03,21.51056671142578
2019-07-04,21.757614135742188
2019-07-05,21.998779296875
2019-07-08,21.939964294433594
2019-07-10,21.881134033203125
2019-07-11,21.851734161376953
2019-07-12,21.445863723754883
2019-07-15,21.387046813964844
2019-07-16,21.469402313232422
2019-07-17,21.41057586669922
2019-07-18,21.98113250732422
2019-07-19,21.41057586669922
2019-07-22,21.7752685546875
2019-07-23,21.987014770507812
2019-07-24,21.969362258911133
2019-07-25,21.29293441772461
2019-07-26,21.67526626586914
2019-07-29,21.763504028320312
2019-07-30,21.04000473022461
2019-07-31,20.481210708618164
2019-08-01,20.525352478027344
2019-08-02,20.554780960083008
2019-08-05,20.27230453491211
2019-08-06,20.88431167602539
2019-08-07,21.655183792114258
2019-08-08,21.772876739501953
2019-08-09,21.608116149902344
2019-08-12,20.713659286499023
2019-08-13,21.119699478149414
2019-08-14,20.65481185913086
2019-08-15,20.59596061706543
2019-08-16,20.67837905883789
2019-08-19,20.58807373046875
2019-08-20,20.359329223632812
2019-08-21,20.515836715698242
2019-08-22,20.190763473510742
2019-08-23,19.95599365234375
2019-08-26,19.949968338012695
2019-08-27,20.184730529785156
2019-08-28,20.413496017456055
2019-08-29,20.521854400634766
2019-08-30,20.431570053100586
2019-09-02,20.17560386657715
2019-09-03,19.79015350341797
2019-09-04,19.928688049316406
2019-09-05,20.494800567626953
2019-09-06,21.181364059448242
2019-09-09,21.699310302734375
2019-09-10,21.27772331237793
2019-09-11,21.181364059448242
2019-09-12,21.313871383666992
2019-09-13,21.60295295715332
2019-09-16,21.21750831604004
2019-09-17,21.29580307006836
2019-09-18,21.22954559326172
2019-09-19,20.87422752380371
2019-09-20,20.92843246459961
2019-09-23,20.86216926574707
2019-09-24,20.645360946655273
2019-09-25,20.886274337768555
2019-09-26,21.488527297973633
2019-09-27,21.3981876373291
2019-09-30,21.097057342529297
2019-10-01,20.618051528930664
2019-10-02,20.051694869995117
2019-10-03,20.057723999023438
2019-10-04,20.154117584228516
2019-10-07,19.78056526184082
2019-10-08,19.696203231811523
2019-10-09,20.00951385498047
2019-10-10,20.154117584228516
2019-10-11,20.4132022857666
2019-10-14,20.756633758544922
2019-10-15,20.70842933654785
2019-10-16,21.003664016723633
2019-10-17,20.87712860107422
2019-10-18,20.630098342895508
2019-10-21,20.967510223388672
2019-10-22,21.618234634399414
2019-10-23,21.92551040649414
2019-10-24,22.027938842773438
2019-10-25,22.172548294067383
2019-10-28,22.47381019592285
2019-10-29,22.07613754272461
2019-10-30,22.21472930908203
2019-10-31,21.829111099243164
2019-11-01,21.91048240661621
2019-11-04,21.982810974121094
2019-11-05,22.36255645751953
2019-11-06,22.061174392700195
2019-11-07,22.193784713745117
2019-11-08,21.862258911132812
2019-11-11,21.958703994750977
2019-11-12,21.58498191833496
2019-11-13,21.367996215820312
2019-11-14,21.50663185119629
2019-11-18,21.410192489624023
2019-11-19,21.175107955932617
2019-11-21,21.392114639282227
2019-11-22,21.536771774291992
2019-11-25,21.229352951049805
2019-11-26,20.795366287231445
2019-11-27,20.915916442871094
2019-11-28,20.85564422607422
2019-11-29,20.9761962890625
2019-12-02,21.274694442749023
2019-12-03,21.28072738647461
2019-12-04,22.046566009521484
2019-12-05,22.01641082763672
2019-12-06,21.618417739868164
2019-12-09,22.040536880493164
2019-12-10,21.72093963623047
2019-12-11,21.467668533325195
2019-12-12,21.461639404296875
2019-12-13,21.918943405151367
2019-12-16,21.417905807495117
2019-12-17,21.74388313293457
2019-12-18,22.021560668945312
2019-12-19,22.13022232055664
2019-12-20,22.03363800048828
2019-12-23,22.238887786865234
2019-12-26,22.576936721801758
2019-12-27,22.516559600830078
2019-12-30,22.395835876464844
2020-01-02,22.966527938842773
2020-01-03,22.724950790405273
2020-01-06,22.386775970458984
2020-01-07,21.867412567138672
2020-01-08,21.511112213134766
2020-01-09,21.082340240478516
2020-01-10,20.895130157470703
2020-01-13,21.172929763793945
2020-01-14,21.172929763793945
2020-01-15,20.91325569152832
2020-01-16,20.955522537231445
2020-01-17,21.100461959838867
2020-01-20,20.671680450439453
2020-01-21,20.230831146240234
2020-01-22,20.351613998413086
2020-01-23,20.834741592407227
2020-01-24,20.6777286529541
2020-01-27,20.230831146240234
2020-01-28,20.22479248046875
2020-01-29,19.910768508911133
2020-01-30,20.200639724731445
2020-01-31,19.820171356201172
2020-02-03,19.877578735351562
2020-02-04,20.0346622467041
2020-02-05,20.155500411987305
2020-02-06,20.10715675354004
2020-02-07,20.366958618164062
2020-02-10,20.711347579956055
2020-02-11,21.188650131225586
2020-02-12,21.10406494140625
2020-02-13,20.77780532836914
2020-02-14,20.42737579345703
2020-02-17,20.240076065063477
2020-02-18,20.32467269897461
2020-02-19,20.614669799804688
2020-02-20,20.542177200317383
2020-02-21,20.347105026245117
2020-02-26,19.332250595092773
2020-02-27,19.344696044921875
2020-02-28,19.923734664916992
2020-03-02,19.85832405090332
2020-03-03,19.497045516967773
2020-03-04,19.683923721313477
2020-03-05,19.011171340942383
2020-03-06,18.606279373168945
2020-03-09,17.316862106323242
2020-03-10,17.746654510498047
2020-03-11,16.301523208618164
2020-03-12,14.700634002685547
2020-03-13,16.326435089111328
2020-03-16,14.825218200683594
2020-03-17,15.697297096252441
2020-03-18,14.607200622558594
2020-03-19,14.2334623336792
2020-03-20,13.735133171081543
2020-03-23,12.782082557678223
2020-03-24,14.015445709228516
2020-03-25,14.700634002685547
2020-03-26,15.105528831481934
2020-03-27,14.308211326599121
2020-03-30,15.01833438873291
2020-03-31,14.382952690124512
2020-04-01,13.338908195495605
2020-04-02,13.401241302490234
2020-04-03,12.877654075622559
2020-04-06,13.825088500976562
2020-04-07,14.336213111877441
2020-04-08,15.071722030639648
2020-04-09,14.647869110107422
2020-04-13,14.95952320098877
2020-04-14,15.146514892578125
2020-04-15,14.585536003112793
2020-04-16,14.217771530151367
2020-04-17,14.473336219787598
2020-04-20,14.111814498901367
2020-04-22,13.943521499633789
2020-04-23,13.744060516357422
2020-04-24,13.014779090881348
2020-04-27,13.444872856140137
2020-04-28,14.554368019104004
2020-04-29,14.747601509094238
2020-04-30,14.192852973937988
2020-05-04,13.653326988220215
2020-05-05,14.158540725708008
2020-05-06,13.871630668640137
2020-05-07,13.372651100158691
2020-05-08,13.921525001525879
2020-05-11,13.95895004272461
2020-05-12,13.478686332702637
2020-05-13,13.472442626953125
2020-05-14,14.064984321594238
2020-05-15,13.491158485412598
2020-05-18,14.139822959899902
2020-05-19,13.528579711914062
2020-05-20,13.472442626953125
2020-05-21,14.245861053466797
2020-05-22,14.320713996887207
2020-05-25,14.944436073303223
2020-05-26,14.35189151763916
2020-05-27,14.800979614257812
2020-05-28,14.53901481628418
2020-05-29,14.370609283447266
2020-06-01,14.766931533813477
2020-06-02,15.759294509887695
2020-06-03,16.177467346191406
2020-06-04,16.645570755004883
2020-06-05,17.013811111450195
2020-06-08,17.70035171508789
2020-06-09,17.35083770751953
2020-06-10,16.59563636779785
2020-06-12,16.264856338500977
2020-06-15,15.884123802185059
2020-06-16,16.339740753173828
2020-06-17,16.545711517333984
2020-06-18,17.194801330566406
2020-06-19,17.531824111938477
2020-06-22,16.98883819580078
2020-06-23,16.7641544342041
2020-06-24,16.127532958984375
2020-06-25,16.321008682250977
2020-06-26,16.046401977539062
2020-06-29,16.5269775390625
2020-06-30,15.884123802185059
2020-07-01,16.29941177368164
2020-07-02,16.5804386138916
2020-07-03,16.549219131469727
2020-07-06,17.317352294921875
2020-07-07,16.468040466308594
2020-07-08,16.823989868164062
2020-07-09,16.830244064331055
2020-07-10,16.98636817932129
2020-07-13,16.736562728881836
2020-07-14,17.01759147644043
2020-07-15,17.136241912841797
2020-07-16,16.848970413208008
2020-07-17,16.99886131286621
2020-07-20,17.048812866210938
2020-07-21,17.34857177734375
2020-07-22,16.905179977416992
2020-07-23,16.549219131469727
2020-07-24,16.530481338500977
2020-07-27,17.361068725585938
2020-07-28,17.261146545410156
2020-07-29,17.667068481445312
2020-07-30,17.367307662963867
2020-07-31,16.79277229309082
2020-08-03,17.04582405090332
2020-08-04,16.052330017089844
2020-08-05,16.03983497619629
2020-08-06,16.26477813720703
2020-08-07,15.921110153198242
2020-08-10,16.127302169799805
2020-08-11,15.939854621887207
2020-08-12,15.758650779724121
2020-08-13,15.308758735656738
2020-08-14,15.452467918395996
2020-08-17,15.083816528320312
2020-08-18,15.179564476013184
2020-08-19,15.10441780090332
2020-08-20,15.10441780090332
2020-08-21,15.079363822937012
2020-08-24,15.329854011535645
2020-08-25,15.217140197753906
2020-08-26,14.8977689743042
2020-08-27,15.141995429992676
2020-08-28,15.29854679107666
2020-08-31,14.747468948364258
2020-09-01,15.25189208984375
2020-09-02,15.220568656921387
2020-09-03,15.590267181396484
2020-09-04,15.640405654907227
2020-09-08,15.289496421813965
2020-09-09,15.308297157287598
2020-09-10,14.982453346252441
2020-09-11,14.807007789611816
2020-09-14,15.070178985595703
2020-09-15,14.869665145874023
2020-09-16,14.825800895690918
2020-09-17,14.844589233398438
2020-09-18,14.474892616271973
2020-09-21,14.349568367004395
2020-09-22,14.474892616271973
2020-09-23,14.086383819580078
2020-09-24,14.431025505065918
2020-09-25,14.355833053588867
2020-09-28,14.349568367004395
2020-09-29,14.036260604858398
2020-09-30,14.098917961120605
2020-10-01,14.12086296081543
2020-10-02,14.16476058959961
2020-10-05,14.315247535705566
2020-10-06,14.340330123901367
2020-10-07,14.233733177185059
2020-10-08,15.092780113220215
2020-10-09,15.048881530761719
2020-10-13,14.904666900634766
2020-10-14,14.860773086547852
2020-10-15,14.729094505310059
2020-10-16,14.490823745727539
2020-10-19,14.647583961486816
2020-10-20,15.230719566345215
2020-10-21,15.368669509887695
2020-10-22,16.15873908996582
2020-10-23,15.951813697814941
2020-10-26,16.064693450927734
2020-10-27,15.606945991516113
2020-10-28,14.910930633544922
2020-10-29,14.98618221282959
2020-10-30,14.722816467285156
2020-11-03,15.083601951599121
2020-11-04,15.685931205749512
2020-11-05,16.05613136291504
2020-11-06,16.037307739257812
2020-11-09,17.336097717285156
2020-11-10,18.120393753051758
2020-11-11,17.969810485839844
2020-11-12,17.53060531616211
2020-11-13,17.86315155029297
2020-11-16,18.490589141845703
2020-11-17,18.503135681152344
2020-11-18,18.051382064819336
2020-11-19,18.076473236083984
2020-11-23,18.13294792175293
2020-11-24,18.64116096496582
2020-11-25,18.42156982421875
2020-11-26,18.03255271911621
2020-11-27,18.170591354370117
2020-11-30,17.91961097717285
2020-12-01,18.676069259643555
2020-12-02,18.820472717285156
2020-12-03,18.80790901184082
2020-12-04,18.996238708496094
2020-12-07,19.109228134155273
2020-12-08,19.059022903442383
2020-12-09,19.172008514404297
2020-12-10,19.806060791015625
2020-12-11,19.689035415649414
2020-12-14,19.424833297729492
2020-12-15,19.600961685180664
2020-12-16,19.97209930419922
2020-12-17,19.94693946838379
2020-12-18,19.91548728942871
2020-12-21,19.563228607177734
2020-12-22,19.657573699951172
2020-12-23,20.09161949157715
2020-12-28,20.23629379272461
2020-12-29,20.1922664642334
2020-12-30,19.896608352661133
2021-01-04,19.446638107299805
2021-01-05,19.320768356323242
2021-01-06,19.887174606323242
2021-01-07,20.661270141601562
2021-01-08,20.654964447021484
2021-01-11,20.189260482788086
2021-01-12,20.2522029876709
2021-01-13,19.918638229370117
2021-01-14,20.510223388671875
2021-01-15,19.73613739013672
2021-01-18,19.635435104370117
2021-01-19,19.402587890625
2021-01-20,19.081615447998047
2021-01-21,18.823593139648438
2021-01-22,18.420806884765625
2021-01-26,17.809402465820312
2021-01-27,17.809402465820312
2021-01-28,18.5280818939209
2021-01-29,17.86614227294922
2021-02-01,18.34235382080078
2021-02-02,17.951290130615234
2021-02-03,17.862979888916016
2021-02-04,17.787290573120117
2021-02-05,17.71160888671875
2021-02-08,17.383609771728516
2021-02-09,17.591758728027344
2021-02-10,17.465606689453125
2021-02-11,17.465606689453125
2021-02-12,17.509767532348633
2021-02-17,17.730525970458984
2021-02-18,17.60437774658203
2021-02-19,17.421457290649414
2021-02-22,16.153642654418945
2021-02-23,17.188079833984375
2021-02-24,16.935775756835938
2021-02-25,16.405941009521484
2021-02-26,16.2073917388916
2021-03-01,15.72182559967041
2021-03-02,16.356542587280273
2021-03-03,16.394630432128906
2021-03-04,16.908737182617188
2021-03-05,17.5371036529541
2021-03-08,16.978561401367188
2021-03-09,17.213403701782227
2021-03-10,17.340349197387695
2021-03-11,17.36573600769043
2021-03-12,17.25149154663086
2021-03-15,17.454601287841797
2021-03-16,17.09916114807129
2021-03-17,17.765605926513672
2021-03-18,17.86716079711914
2021-03-19,17.905241012573242
2021-03-22,18.006793975830078
2021-03-23,17.5498046875
2021-03-24,17.245136260986328
2021-03-25,17.5498046875
2021-03-26,17.849069595336914
2021-03-29,17.842710494995117
2021-03-30,18.13521385192871
2021-03-31,17.785478591918945
2021-04-01,17.241506576538086
2021-04-05,17.464189529418945
2021-04-06,17.260608673095703
2021-04-07,17.107912063598633
2021-04-08,16.974302291870117
2021-04-09,16.948854446411133
2021-04-12,17.368757247924805
2021-04-13,17.362396240234375
2021-04-14,17.585073471069336
2021-04-15,17.585073471069336
2021-04-16,17.782297134399414
2021-04-19,17.515087127685547
2021-04-20,17.42601776123047
2021-04-22,17.432382583618164
2021-04-23,17.515087127685547
2021-04-26,17.50237464904785
2021-04-27,17.235151290893555
2021-04-28,17.98520851135254
2021-04-29,17.417800903320312
2021-04-30,17.55168342590332
2021-05-03,17.797277450561523
2021-05-04,17.03818130493164
2021-05-05,17.522991180419922
2021-05-06,17.414533615112305
2021-05-07,17.625030517578125
2021-05-10,17.886587142944336
2021-05-11,17.848299026489258
2021-05-12,17.58677101135254
2021-05-13,18.097078323364258
2021-05-14,18.49895477294922
2021-05-17,18.4862003326416
2021-05-18,18.447925567626953
2021-05-19,18.581886291503906
2021-05-20,18.683948516845703
2021-05-21,18.77324676513672
2021-05-24,18.72222328186035
2021-05-25,18.52972984313965
2021-05-26,18.785320281982422
2021-05-27,18.62557601928711
2021-05-28,18.93226432800293
2021-05-31,18.874765396118164
2021-06-01,19.561992645263672
2021-06-02,20.21405601501465
2021-06-04,20.635986328125
2021-06-07,21.12183380126953
2021-06-08,20.974802017211914
2021-06-09,21.262470245361328
2021-06-10,21.18576431274414
2021-06-11,20.936445236206055
2021-06-14,20.866119384765625
2021-06-15,20.866119384765625
2021-06-16,21.281652450561523
2021-06-17,21.032339096069336
2021-06-18,20.648767471313477
2021-06-21,20.744657516479492
2021-06-22,20.476154327392578
2021-06-23,20.329130172729492
2021-06-24,20.335527420043945
2021-06-25,19.689849853515625
2021-06-28,19.466096878051758
2021-06-29,19.274311065673828
2021-06-30,19.050567626953125
2021-07-01,18.989805221557617
2021-07-02,19.194475173950195
2021-07-05,18.93223762512207
2021-07-06,18.9002685546875
2021-07-07,18.98341178894043
2021-07-08,18.73396110534668
2021-07-12,18.989805221557617
2021-07-13,19.104934692382812
2021-07-14,19.130516052246094
2021-07-15,18.9002685546875
2021-07-16,18.593252182006836
2021-07-19,18.484516143798828
2021-07-20,18.72756576538086
2021-07-21,18.8043270111084
2021-07-22,18.61243438720703
2021-07-23,18.56127166748047
2021-07-26,18.88745880126953
2021-07-27,19.072954177856445
2021-07-28,19.693368911743164
2021-07-29,19.59103012084961
2021-07-30,19.37995719909668
2021-08-02,19.498350143432617
2021-08-03,19.69032859802246
2021-08-04,19.139989852905273
2021-08-05,19.197586059570312
2021-08-06,19.735109329223633
2021-08-09,19.96548843383789
2021-08-10,19.587940216064453
2021-08-11,19.805511474609375
2021-08-12,19.43434715270996
2021-08-13,19.69672966003418
2021-08-16,19.480880737304688
2021-08-17,19.41025733947754
2021-08-18,19.448776245117188
2021-08-19,19.1983642578125
2021-08-20,19.12772560119629
2021-08-23,19.333194732666016
2021-08-24,19.872549057006836
2021-08-25,19.898229598999023
2021-08-26,19.416667938232422
2021-08-27,19.750558853149414
2021-08-30,19.60928726196289
2021-08-31,19.86612892150879
2021-09-01,19.95285987854004
2021-09-02,19.23337745666504
2021-09-03,19.124164581298828
2021-09-06,19.368268966674805
2021-09-08,18.44964599609375
2021-09-09,18.693754196166992
2021-09-10,18.507469177246094
2021-09-13,18.738723754882812
2021-09-14,18.623090744018555
2021-09-15,18.321170806884766
2021-09-16,18.308319091796875
2021-09-17,17.871488571166992
2021-09-20,17.46678352355957
2021-09-21,17.421802520751953
2021-09-22,17.826520919799805
2021-09-23,18.443220138549805
2021-09-24,18.186264038085938
2021-09-27,18.66162872314453
2021-09-28,18.237653732299805
2021-09-29,18.565275192260742
2021-09-30,18.58454704284668
2021-10-01,19.069812774658203
2021-10-04,15.64405632019043
2021-10-05,16.02326011657715
2021-10-06,16.074687957763672
2021-10-07,15.734044075012207
2021-10-08,15.849726676940918
2021-10-11,15.573362350463867
2021-10-13,15.592638969421387
2021-10-14,15.515508651733398
2021-10-15,15.914002418518066
2021-10-18,16.02326011657715
2021-10-19,15.64405632019043
2021-10-20,16.061832427978516
2021-10-21,15.734044075012207
2021-10-22,15.129874229431152
2021-10-25,15.425521850585938
2021-10-26,15.258417129516602
2021-10-27,15.374098777770996
2021-10-28,15.3419771194458
2021-10-29,14.98204517364502
2021-11-01,15.57872200012207
2021-11-03,15.726655006408691
2021-11-04,14.89691162109375
2021-11-05,14.716811180114746
2021-11-08,14.639627456665039
2021-11-09,14.491689682006836
2021-11-10,14.858317375183105
2021-11-11,14.826166152954102
2021-11-12,14.794002532958984
2021-11-16,14.639627456665039
2021-11-17,14.697525024414062
2021-11-18,14.453083992004395
2021-11-19,14.330881118774414
2021-11-22,14.366393089294434
2021-11-23,14.607239723205566
2021-11-24,14.997809410095215
2021-11-25,15.134505271911621
2021-11-26,14.8480863571167
2021-11-29,14.750450134277344
2021-11-30,14.568188667297363
2021-12-01,14.475455284118652
2021-12-02,15.02268123626709
2021-12-03,14.970559120178223
2021-12-06,15.146450996398926
2021-12-07,14.957535743713379
2021-12-08,14.814209938049316
2021-12-09,14.416816711425781
2021-12-10,14.436361312866211
2021-12-13,14.052000045776367
2021-12-14,14.188809394836426
2021-12-15,14.14321517944336
2021-12-16,14.286528587341309
2021-12-17,13.973823547363281
2021-12-20,13.758843421936035
2021-12-21,13.778388023376465
2021-12-22,13.830506324768066
2021-12-23,13.902169227600098
2021-12-27,14.045488357543945
2021-12-28,13.99337100982666
2021-12-29,13.876108169555664
2021-12-30,13.648093223571777
2022-01-03,14.024727821350098
2022-01-04,14.422455787658691
2022-01-05,14.148612022399902
2022-01-06,14.435493469238281
2022-01-07,14.754980087280273
2022-01-10,14.891904830932617
2022-01-11,15.224418640136719
2022-01-12,15.15922737121582
2022-01-13,15.439592361450195
2022-01-14,15.322237014770508
2022-01-17,15.322237014770508
2022-01-18,15.413501739501953
2022-01-19,15.30918025970459
2022-01-20,15.185307502746582
2022-01-21,15.191823959350586
2022-01-24,15.172263145446777
2022-01-25,15.719955444335938
2022-01-26,15.889472007751465
2022-01-27,15.967713356018066
2022-01-28,16.163318634033203
2022-01-31,16.515413284301758
2022-02-01,16.631309509277344
2022-02-02,16.370325088500977
2022-02-03,16.559545516967773
2022-02-04,16.611740112304688
2022-02-07,16.520397186279297
2022-02-08,16.703081130981445
2022-02-09,16.037569046020508
2022-02-10,16.34423828125
2022-02-11,17.30988311767578
2022-02-14,17.270732879638672
2022-02-15,17.433847427368164
2022-02-16,17.25115394592285
2022-02-17,17.009742736816406
2022-02-18,17.074995040893555
2022-02-21,16.657413482666016
2022-02-22,16.80994987487793
2022-02-23,16.574939727783203
2022-02-24,16.29422950744629
2022-02-25,16.62716293334961
2022-03-02,16.351247787475586
2022-03-03,16.364316940307617
2022-03-04,16.116079330444336
2022-03-07,15.769845008850098
2022-03-08,15.61959457397461
2022-03-09,16.396987915039062
2022-03-10,16.410049438476562
2022-03-11,16.227128982543945
2022-03-14,16.455772399902344
2022-03-15,16.396987915039062
2022-03-16,16.717082977294922
2022-03-17,17.082908630371094
2022-03-18,17.207040786743164
2022-03-21,17.63166046142578
2022-03-22,17.873363494873047
2022-03-23,17.794967651367188
2022-03-24,17.912561416625977
2022-03-25,17.945219039916992
2022-03-28,17.932159423828125
2022-03-29,18.141204833984375
2022-03-30,18.180400848388672
2022-03-31,17.95175552368164
2022-04-01,18.00251579284668
2022-04-04,17.839092254638672
2022-04-05,17.479570388793945
2022-04-06,17.473033905029297
2022-04-07,17.459957122802734
2022-04-08,17.427270889282227
2022-04-11,17.361902236938477
2022-04-12,17.05467414855957
2022-04-13,17.10042953491211
2022-04-14,17.2115535736084
2022-04-18,17.309608459472656
2022-04-19,17.002378463745117
2022-04-20,17.113500595092773
2022-04-22,16.780118942260742
2022-04-25,16.714757919311523
2022-04-26,16.14605140686035
2022-04-27,16.01531219482422
2022-04-28,15.884574890136719
2022-04-29,15.603487968444824
2022-05-02,15.536537170410156
2022-05-03,15.615031242370605
2022-05-04,15.59541130065918
2022-05-05,15.235611915588379
2022-05-06,15.562700271606445
2022-05-09,15.340280532836914
2022-05-10,15.261775970458984
2022-05-11,15.772038459777832
2022-05-12,16.020614624023438
2022-05-13,16.210329055786133
2022-05-16,16.380413055419922
2022-05-17,16.52433204650879
2022-05-18,16.288833618164062
2022-05-19,16.236495971679688
2022-05-20,16.439287185668945
2022-05-23,16.864501953125
2022-05-24,17.119625091552734
2022-05-25,16.81216812133789
2022-05-26,17.021501541137695
2022-05-27,17.113080978393555
2022-05-30,16.956085205078125
2022-05-31,17.113080978393555
2022-06-01,16.875883102416992
2022-06-02,16.947900772094727
2022-06-03,16.79078483581543
2022-06-06,16.73186492919922
2022-06-07,16.73186492919922
2022-06-08,16.411113739013672
2022-06-09,16.129623413085938
2022-06-10,15.77613639831543
2022-06-13,15.586304664611816
2022-06-14,15.481559753417969
2022-06-15,15.547022819519043
2022-06-17,15.350641250610352
2022-06-20,16.01834487915039
2022-06-21,15.848150253295898
2022-06-22,15.73030948638916
2022-06-23,15.370269775390625
2022-06-24,15.344093322753906
2022-06-27,15.435742378234863
2022-06-28,15.265538215637207
2022-06-29,15.108433723449707
2022-06-30,14.840039253234863
2022-07-01,14.969524383544922
2022-07-04,14.825400352478027
2022-07-05,14.93022346496582
2022-07-06,14.792643547058105
2022-07-07,15.00228214263916
2022-07-08,15.008831977844238
2022-07-11,14.766435623168945
2022-07-12,14.73367977142334
2022-07-13,14.674723625183105
2022-07-14,14.510936737060547
2022-07-15,14.772992134094238
2022-07-18,14.969524383544922
2022-07-19,15.473974227905273
2022-07-20,15.277433395385742
2022-07-21,15.40190315246582
2022-07-22,15.238123893737793
2022-07-25,15.460868835449219
2022-07-26,15.375706672668457
2022-07-27,15.428110122680664
2022-07-28,15.526386260986328
2022-07-29,15.473974227905273
2022-08-01,15.38720417022705
2022-08-02,15.551101684570312
2022-08-03,15.662565231323242
2022-08-04,16.04281234741211
2022-08-05,16.344390869140625
2022-08-08,16.54762840270996
2022-08-09,16.980329513549805
2022-08-10,17.295028686523438
2022-08-11,17.32125473022461
2022-08-12,17.531047821044922
2022-08-15,17.681840896606445
2022-08-16,17.885080337524414
2022-08-17,17.930973052978516
2022-08-18,17.878528594970703
2022-08-19,17.664016723632812
2022-08-22,17.465106964111328
2022-08-23,17.51152229309082
2022-08-24,17.584447860717773
2022-08-25,17.80326271057129
2022-08-26,17.697175979614258
2022-08-29,17.637495040893555
2022-08-30,17.557926177978516
2022-08-31,17.113676071166992
2022-09-01,17.377525329589844
2022-09-02,17.616392135620117
2022-09-05,17.901700973510742
2022-09-06,17.735824584960938
2022-09-08,17.609760284423828
2022-09-09,17.749099731445312
2022-09-12,17.968067169189453
2022-09-13,17.782272338867188
2022-09-14,17.715923309326172
2022-09-15,17.76236915588379
2022-09-16,17.702653884887695
2022-09-19,18.366168975830078
2022-09-20,18.976604461669922
2022-09-21,18.777549743652344
2022-09-22,19.155757904052734
2022-09-23,18.777549743652344
2022-09-26,18.372798919677734
2022-09-27,18.266645431518555
2022-09-28,18.260005950927734
2022-09-29,18.53204345703125
2022-09-30,18.618305206298828
2022-10-03,19.7520751953125
2022-10-04,19.7852725982666
2022-10-05,19.7852725982666
2022-10-06,19.42674446105957
2022-10-07,19.466585159301758
2022-10-10,19.260761260986328
2022-10-11,19.127975463867188
2022-10-13,19.015100479125977
2022-10-14,19.021745681762695
2022-10-17,19.174442291259766
2022-10-18,19.64583969116211
2022-10-19,19.65248680114746
2022-10-20,19.95789337158203
2022-10-21,20.621828079223633
2022-10-24,19.685672760009766
2022-10-25,19.526336669921875
2022-10-26,19.10805320739746
2022-10-27,19.459941864013672
2022-10-28,19.612648010253906
2022-10-31,20.18363380432129
2022-11-01,20.235214233398438
2022-11-03,20.089067459106445
2022-11-04,20.162141799926758
2022-11-07,19.703760147094727
2022-11-08,19.64397621154785
2022-11-09,18.700639724731445
2022-11-10,18.348548889160156
2022-11-11,17.75729751586914
2022-11-14,17.70415496826172
2022-11-16,17.451719284057617
2022-11-17,17.558006286621094
2022-11-18,17.697511672973633
2022-11-21,17.750652313232422
2022-11-22,17.458351135253906
2022-11-23,17.278982162475586
2022-11-24,17.89680290222168
2022-11-25,17.26569938659668
2022-11-28,16.95347023010254
2022-11-29,17.099626541137695
2022-11-30,17.272342681884766
2022-12-01,17.270782470703125
2022-12-02,17.503450393676758
2022-12-05,16.991580963134766
2022-12-06,17.383790969848633
2022-12-07,17.25748634338379
2022-12-08,16.65254783630371
2022-12-09,16.494033813476562
2022-12-12,16.33810806274414
2022-12-13,15.721190452575684
2022-12-14,15.788980484008789
2022-12-15,15.877116203308105
2022-12-16,16.05337905883789
2022-12-19,16.534704208374023
2022-12-20,16.710973739624023
2022-12-21,16.778759002685547
2022-12-22,16.812658309936523
2022-12-23,17.077051162719727
2022-12-26,16.73809242248535
2022-12-27,16.643184661865234
2022-12-28,16.982141494750977
2022-12-29,16.9482421875
2023-01-02,16.614229202270508
2023-01-03,16.26824188232422
2023-01-04,16.31573486328125
2023-01-05,16.82453727722168
2023-01-06,17.116254806518555
2023-01-09,17.238365173339844
2023-01-10,17.57078742980957
2023-01-11,17.87607192993164
2023-01-12,17.62506103515625
2023-01-13,17.5368709564209
2023-01-16,17.346908569335938
2023-01-17,17.706462860107422
2023-01-18,18.02531623840332
2023-01-19,18.02531623840332
2023-01-20,17.706462860107422
2023-01-23,17.163742065429688
2023-01-24,17.319772720336914
2023-01-25,17.38083267211914
2023-01-26,17.27906608581543
2023-01-27,16.91273307800293
2023-01-30,16.919513702392578
2023-01-31,17.184097290039062
2023-02-01,16.958473205566406
2023-02-02,17.114608764648438
2023-02-03,17.053508758544922
2023-02-06,17.060300827026367
2023-02-07,16.666542053222656
2023-02-08,18.044675827026367
2023-02-09,17.596620559692383
2023-02-10,17.515148162841797
2023-02-13,18.13292121887207
2023-02-14,17.908905029296875
2023-02-15,18.17367172241211
2023-02-16,18.309444427490234
2023-02-17,18.24834442138672
2023-02-22,17.908905029296875
2023-02-23,17.976781845092773
2023-02-24,17.426891326904297
2023-02-27,17.202865600585938
2023-02-28,17.26395606994629
2023-03-01,16.98383331298828
2023-03-02,16.426759719848633
2023-03-03,16.447145462036133
2023-03-06,16.820791244506836
2023-03-07,16.86834144592285
2023-03-08,17.07894515991211
2023-03-09,16.752857208251953
2023-03-10,16.352035522460938
2023-03-13,16.15502166748047
2023-03-14,16.100669860839844
2023-03-15,16.05990982055664
2023-03-16,16.324853897094727
2023-03-17,15.856103897094727
2023-03-20,15.896869659423828
2023-03-21,16.222959518432617
2023-03-22,16.12784194946289
2023-03-23,15.727030754089355
2023-03-24,15.955153465270996
2023-03-27,16.230009078979492
2023-03-28,16.30559539794922
2023-03-29,16.46363067626953
2023-03-30,16.91714096069336
2023-03-31,16.999591827392578
2023-04-03,16.523515701293945
2023-04-04,16.85357666015625
2023-04-05,16.83983039855957
2023-04-06,16.784820556640625
2023-04-10,16.963600158691406
2023-04-11,17.51369285583496
2023-04-12,17.63058090209961
2023-04-13,17.63058090209961
2023-04-14,17.88501739501953
2023-04-17,17.85062599182129
2023-04-18,17.836883544921875
2023-04-19,17.55495834350586
2023-04-20,17.60308265686035
2023-04-24,17.44493293762207
2023-04-25,17.60308265686035
2023-04-26,17.424301147460938
2023-04-27,17.733732223510742
2023-04-28,17.823118209838867
2023-05-02,17.133424758911133
2023-05-03,17.10589599609375
2023-05-04,17.243511199951172
2023-05-05,17.88343048095703
2023-05-08,18.131149291992188
2023-05-09,18.24123191833496
2023-05-10,18.50959587097168
2023-05-11,18.688495635986328
2023-05-12,18.5164794921875
2023-05-15,18.58527946472168
2023-05-16,18.523351669311523
2023-05-17,18.709138870239258
2023-05-18,18.640331268310547
2023-05-19,18.48895263671875
2023-05-22,18.138025283813477
2023-05-23,18.28252410888672
2023-05-24,18.179311752319336
2023-05-25,18.750423431396484
2023-05-26,18.605928421020508
2023-05-29,18.523351669311523
2023-05-30,18.261882781982422
2023-05-31,18.11738395690918
2023-06-01,18.384292602539062
2023-06-02,18.652833938598633
2023-06-05,18.69414710998535
2023-06-06,18.824970245361328
2023-06-07,18.880056381225586
2023-06-09,19.141708374023438
2023-06-12,18.93513298034668
2023-06-13,19.148588180541992
2023-06-14,19.41023826599121
2023-06-15,19.665000915527344
2023-06-16,19.726974487304688
2023-06-19,19.99551010131836
2023-06-20,19.985984802246094
2023-06-21,20.180557250976562
2023-06-22,19.985984802246094
2023-06-23,19.92344856262207
2023-06-26,19.895639419555664
2023-06-27,19.673263549804688
2023-06-28,19.56208610534668
2023-06-29,19.798355102539062
2023-06-30,19.749710083007812
2023-07-03,20.137479782104492
2023-07-04,20.012310028076172
2023-07-05,20.1861572265625
2023-07-06,19.88715171813965
2023-07-07,20.262643814086914
2023-07-10,20.130529403686523
2023-07-11,19.77589225769043
2023-07-12,19.657682418823242
2023-07-13,19.87324333190918
2023-07-14,19.664634704589844
2023-07-17,20.047080993652344
2023-07-18,19.657682418823242
2023-07-19,19.44907569885254
2023-07-20,19.8106632232666
2023-07-21,20.165294647216797
2023-07-24,19.845428466796875
2023-07-25,19.88715171813965
2023-07-26,19.99840545654297
2023-07-27,19.55337142944336
2023-07-28,19.845428466796875
2023-07-31,19.914968490600586
2023-08-01,19.975950241088867
2023-08-02,19.913326263427734
2023-08-03,19.76025390625
2023-08-04,19.398447036743164
2023-08-07,19.24537467956543
2023-08-08,19.20362663269043
2023-08-09,19.13405418395996
2023-08-10,19.196672439575195
2023-08-11,19.231462478637695
2023-08-14,18.953149795532227
2023-08-15,18.848777770996094
2023-08-16,18.834867477416992
2023-08-17,18.612207412719727
2023-08-18,18.75832748413086
2023-08-21,18.681791305541992
2023-08-22,18.974016189575195
2023-08-23,19.210586547851562
2023-08-24,18.987932205200195
2023-08-25,18.688751220703125
2023-08-28,19.321914672851562
2023-08-29,19.62805938720703
2023-08-30,19.252334594726562
2023-08-31,19.085346221923828
2023-09-01,19.25080108642578
2023-09-04,19.076744079589844
2023-09-05,18.791290283203125
2023-09-06,18.610275268554688
2023-09-08,18.638118743896484
2023-09-11,19.111562728881836
2023-09-12,19.22295570373535
2023-09-13,19.32042694091797
2023-09-14,19.243844985961914
2023-09-15,19.20206642150879
2023-09-18,19.153331756591797
2023-09-19,19.09659194946289
2023-09-20,19.420024871826172
2023-09-21,18.977060317993164
2023-09-22,18.927845001220703
2023-09-25,18.984088897705078
2023-09-26,18.702842712402344
2023-09-27,18.667692184448242
2023-09-28,19.15987777709961
2023-09-29,19.131744384765625
2023-10-02,18.95420265197754
2023-10-03,18.714984893798828
2023-10-04,19.144163131713867
2023-10-05,19.446699142456055
2023-10-06,19.62962532043457
2023-10-09,19.460769653320312
2023-10-10,19.439659118652344
2023-10-11,19.685911178588867
2023-10-13,19.48188018798828
2023-10-16,19.510026931762695
2023-10-17,19.221555709838867
2023-10-18,18.82052230834961
2023-10-19,19.03862762451172
2023-10-20,18.96826934814453
2023-10-23,18.9893798828125
2023-10-24,18.9893798828125
2023-10-25,19.024559020996094
2023-10-26,19.49595069885254
2023-10-27,19.207477569580078
2023-10-30,19.052711486816406
2023-10-31,18.86977195739746
2023-11-01,19.135644912719727
2023-11-03,19.663673400878906
2023-11-06,19.846725463867188
2023-11-07,20.402908325195312
2023-11-08,20.49443817138672
2023-11-09,20.585962295532227
2023-11-10,20.83237075805664
2023-11-13,20.691566467285156
2023-11-14,21.001338958740234
2023-11-16,21.339269638061523
2023-11-17,21.437843322753906
2023-11-20,21.64905548095703
2023-11-21,21.61385154724121
2023-11-22,21.74761962890625
2023-11-23,21.719459533691406
2023-11-24,21.59976577758789
2023-11-27,21.543447494506836
2023-11-28,21.75465202331543
2023-11-29,21.90250587463379
2023-11-30,22.240440368652344
2023-12-01,22.189470291137695
2023-12-04,22.217649459838867
2023-12-05,22.400806427001953
2023-12-06,22.20356559753418
2023-12-07,22.450109481811523
2023-12-08,22.734107971191406
2023-12-11,22.577905654907227
2023-12-12,22.464309692382812
2023-12-13,23.145904541015625
2023-12-14,23.33759880065918
2023-12-15,23.238204956054688
2023-12-18,23.35179328918457
2023-12-19,23.366004943847656
2023-12-20,23.124597549438477
2023-12-21,23.280807495117188
2023-12-22,23.65000343322754
2023-12-26,23.891393661499023
2023-12-27,24.05469512939453
2023-12-28,24.118602752685547
2024-01-02,23.81146812438965
2024-01-03,23.54863166809082
2024-01-04,23.392349243164062
2024-01-05,23.939332962036133
2024-01-08,23.6835994720459
2024-01-09,23.669397354125977
2024-01-10,23.648090362548828
2024-01-11,23.690702438354492
2024-01-12,23.7191219329834
2024-01-15,23.76174545288086
2024-01-16,23.42786979675293
2024-01-17,23.442075729370117
2024-01-18,23.342632293701172
2024-01-19,23.399463653564453
2024-01-22,23.01586151123047
2024-01-23,23.12241554260254
2024-01-24,23.01586151123047
2024-01-25,22.96613311767578
2024-01-26,23.30710792541504
2024-01-29,23.18634605407715
2024-01-30,23.03717613220215
2024-01-31,23.285804748535156
2024-02-01,23.2343807220459
2024-02-02,23.269914627075195
2024-02-05,23.710580825805664
2024-02-06,24.72694969177246
2024-02-07,24.54926109313965
2024-02-08,24.06595230102539
2024-02-09,24.371578216552734
2024-02-14,24.371578216552734
2024-02-15,24.57769012451172
2024-02-16,24.54926109313965
2024-02-19,24.819347381591797
2024-02-20,25.359512329101562
2024-02-21,25.217370986938477
2024-02-22,25.07431983947754
2024-02-23,25.147727966308594
2024-02-26,25.22112274169922
2024-02-27,25.529420852661133
2024-02-28,25.544103622436523
2024-02-29,24.91283416748047
2024-03-01,25.02127456665039
2024-03-04,24.8303279876709
2024-03-05,24.80829429626465
2024-03-06,25.080028533935547
2024-03-07,24.815641403198242
2024-03-08,25.043302536010742
2024-03-11,25.16815185546875
2024-03-12,25.270971298217773
2024-03-13,25.52066993713379
2024-03-14,25.505977630615234
2024-03-15,25.366439819335938
2024-03-18,25.46926498413086
2024-03-19,25.505977630615234
2024-03-20,25.557388305664062
2024-03-21,25.29300308227539
2024-03-22,24.939327239990234
2024-03-25,24.939327239990234
2024-03-26,25.434856414794922
2024-03-27,25.57537841796875
2024-03-28,25.619760513305664
2024-04-01,24.744848251342773
2024-04-02,24.774442672729492
2024-04-03,24.58945083618164
2024-04-04,24.26386070251465
2024-04-05,24.219457626342773
2024-04-08,24.58205223083496
2024-04-09,24.84103775024414
2024-04-10,24.31566047668457
2024-04-11,24.27126121520996
2024-04-12,24.019664764404297
2024-04-15,23.61268424987793
2024-04-16,23.43507957458496
2024-04-17,23.44988441467285
2024-04-18,23.479480743408203
2024-04-19,23.346296310424805
2024-04-22,23.33149528503418
2024-04-23,23.679279327392578
2024-04-24,23.575679779052734
2024-04-25,23.442481994628906
2024-04-26,23.83467674255371
2024-04-29,23.649681091308594
2024-04-30,23.2056941986084
2024-05-02,23.54453468322754
2024-05-03,23.8406925201416
2024-05-06,23.988773345947266
2024-05-07,24.484830856323242
2024-05-08,24.640316009521484
2024-05-09,23.89992332458496
2024-05-10,24.173870086669922
2024-05-13,24.47002601623535
2024-05-14,24.736568450927734
2024-05-15,24.669925689697266
2024-05-16,24.595895767211914
2024-05-17,24.603296279907227
2024-05-20,24.52926254272461
2024-05-21,24.40338706970215
2024-05-22,24.02579116821289
2024-05-23,23.811077117919922
2024-05-24,23.58155632019043
2024-05-27,23.500106811523438
2024-05-28,23.374242782592773
2024-05-29,23.211355209350586
2024-05-31,22.97443199157715
2024-06-03,23.298646926879883
2024-06-04,23.380142211914062
2024-06-05,23.3356876373291
2024-06-06,23.63201141357422
2024-06-07,23.298646926879883
2024-06-10,23.11344337463379
2024-06-11,23.372730255126953
2024-06-12,23.3356876373291
2024-06-13,23.09122085571289
2024-06-14,23.06899642944336
2024-06-17,23.63201141357422
2024-06-18,23.6171932220459
2024-06-19,23.802400588989258
2024-06-20,23.63942527770996
2024-06-21,23.8044376373291
2024-06-24,24.147920608520508
2024-06-25,24.222583770751953
2024-06-26,24.177783966064453
2024-06-27,24.222583770751953
2024-06-28,24.200191497802734
2024-07-01,24.08637237548828
2024-07-02,24.400150299072266
2024-07-03,24.5495662689209
2024-07-04,24.58692169189453
2024-07-05,24.60186767578125
2024-07-08,24.557039260864258
2024-07-09,24.728864669799805
2024-07-10,24.9903507232666
2024-07-11,25.139768600463867
2024-07-12,24.997819900512695
2024-07-15,25.09494972229004
2024-07-16,25.24437141418457
2024-07-17,25.520790100097656
2024-07-18,25.401254653930664
2024-07-19,25.595502853393555
2024-07-22,25.5805606842041
2024-07-23,25.54319953918457
2024-07-24,25.505849838256836
2024-07-25,25.39378547668457
2024-07-26,25.5805606842041
2024-07-29,25.767330169677734
2024-07-30,25.670204162597656
2024-07-31,25.31160545349121
2024-08-01,24.943580627441406
2024-08-02,24.629636764526367
2024-08-05,24.629636764526367
2024-08-06,25.1752986907959
2024-08-07,25.242572784423828
2024-08-08,25.152870178222656
2024-08-09,25.833086013793945
2024-08-12,25.870452880859375
2024-08-13,26.602996826171875
2024-08-14,27.260786056518555
2024-08-15,27.694326400756836
2024-08-16,27.462610244750977
2024-08-19,27.62704849243164
2024-08-20,27.828866958618164
2024-08-21,27.716753005981445
2024-08-22,27.462610244750977
2024-08-23,27.25330924987793
2024-08-26,27.3131046295166
2024-08-27,27.343002319335938
2024-08-28,27.933517456054688
2024-08-29,27.62704849243164
2024-08-30,27.43270492553711
2024-09-02,27.214080810546875
2024-09-03,27.65530014038086
2024-09-04,27.849742889404297
2024-09-05,28.029226303100586
2024-09-06,27.63287353515625
2024-09-09,27.9020938873291
2024-09-10,27.9020938873291
2024-09-11,27.954439163208008
2024-09-12,27.647825241088867
2024-09-13,27.677736282348633
2024-09-16,27.67025375366211
2024-09-17,27.60295295715332
2024-09-18,27.445905685424805
2024-09-19,27.37112045288086
2024-09-20,27.071989059448242
2024-09-23,26.91375160217285
2024-09-24,26.906219482421875
2024-09-25,27.24527931213379
2024-09-26,27.59187126159668
2024-09-27,27.69735336303711
2024-09-30,27.207599639892578
2024-10-01,26.761070251464844
2024-10-02,26.92691421508789
2024-10-03,26.26354217529297
2024-10-04,26.31631088256836
2024-10-07,26.489688873291016
2024-10-08,26.64799690246582
2024-10-09,26.15800666809082
2024-10-10,26.301231384277344
2024-10-11,26.105234146118164
2024-10-14,26.271081924438477
2024-10-15,26.572614669799805
2024-10-16,26.414304733276367
2024-10-17,26.467077255249023
2024-10-18,26.595226287841797
2024-10-21,26.459535598754883
2024-10-22,26.50476837158203
2024-10-23,26.670610427856445
2024-10-24,26.91183853149414
2024-10-25,26.610301971435547
2024-10-28,26.93445587158203
2024-10-29,26.64799690246582
2024-10-30,26.572614669799805
2024-10-31,26.399232864379883
2024-11-01,26.254161834716797
2024-11-04,26.608638763427734
2024-11-05,27.408105850219727
2024-11-06,27.279891967773438
2024-11-07,26.880157470703125
2024-11-08,26.457796096801758
2024-11-11,26.487966537475586
2024-11-12,26.17119598388672
2024-11-13,26.035442352294922
2024-11-14,25.96001434326172
2024-11-18,25.869508743286133
2024-11-19,26.103309631347656
2024-11-21,25.650787353515625
2024-11-22,25.726207733154297
2024-11-25,25.71866798400879
2024-11-26,26.208908081054688
2024-11-27,25.56782341003418
2024-11-28,24.647686004638672
2024-11-29,24.587350845336914
2024-12-02,24.238447189331055
2024-12-03,24.510108947753906
2024-12-04,24.661039352416992
2024-12-05,25.18927574157715
2024-12-06,24.676128387451172
2024-12-09,24.796865463256836
2024-12-10,25.132490158081055
2024-12-11,25.376277923583984
2024-12-12,24.74396514892578
2024-12-13,24.423999786376953
2024-12-16,24.157363891601562
2024-12-17,24.2868709564209
2024-12-18,23.59362030029297
2024-12-19,23.72312355041504
2024-12-20,23.99738121032715
2024-12-23,23.532670974731445
2024-12-26,23.68503761291504
2024-12-27,23.448867797851562
2024-12-30,23.410778045654297
2025-01-02,23.302268981933594
2025-01-03,22.730571746826172
2025-01-06,23.75200843811035
2025-01-07,24.011173248291016
2025-01-08,23.622421264648438
2025-01-09,23.68340492248535
2025-01-10,23.355628967285156
2025-01-13,23.523326873779297
2025-01-14,23.538570404052734
2025-01-15,24.559995651245117
2025-01-16,24.483774185180664
2025-01-17,24.65909194946289
2025-01-20,24.89539337158203
2025-01-21,24.948755264282227
2025-01-22,24.857282638549805
2025-01-23,24.80392074584961
2025-01-24,24.742937088012695
2025-01-27,25.33750343322754
2025-01-28,25.383237838745117
2025-01-29,25.32225799560547
2025-01-30,25.93968963623047
2025-01-31,25.771987915039062
2025-02-03,25.53377914428711
2025-02-04,25.625293731689453
2025-02-05,26.01424789428711
2025-02-06,26.06000518798828
2025-02-07,25.869346618652344
2025-02-10,26.151527404785156
2025-02-11,26.426084518432617
2025-02-12,25.69393539428711
2025-02-13,25.831212997436523
2025-02-14,26.517595291137695
2025-02-17,26.570987701416016
2025-02-18,26.526538848876953
2025-02-19,26.278850555419922
2025-02-20,26.206945419311523
2025-02-21,26.127046585083008
2025-02-24,25.98322296142578
2025-02-25,26.246889114379883
2025-02-26,26.182971954345703
2025-02-27,26.15900421142578
2025-02-28,25.51980972290039
2025-03-05,25.901662826538086
2025-03-06,25.94962501525879
2025-03-07,26.061546325683594
2025-03-10,26.293380737304688
2025-03-11,26.061546325683594
2025-03-12,26.1414852142334
2025-03-13,26.565187454223633
2025-03-14,27.42858123779297
2025-03-17,28.251996994018555
2025-03-18,28.403888702392578
2025-03-19,28.4742431640625
2025-03-20,28.210430145263672
2025-03-21,28.271982192993164
2025-03-24,28.298362731933594
2025-03-25,28.527000427246094
2025-03-26,28.219223022460938
2025-03-27,28.254392623901367
2025-03-28,27.867467880249023
2025-03-31,27.62124252319336
2025-04-01,27.627975463867188
2025-04-02,27.636777877807617
2025-04-03,28.129507064819336
2025-04-04,27.399206161499023
2025-04-07,27.452003479003906
2025-04-08,27.460805892944336
2025-04-09,27.962329864501953
2025-04-10,27.847946166992188
2025-04-11,27.988725662231445
2025-04-14,28.44624900817871
2025-04-15,28.80699920654297
2025-04-16,28.76300621032715
2025-04-17,28.815799713134766
2025-04-22,29.37891960144043
2025-04-23,29.994827270507812
2025-04-24,30.575546264648438
2025-04-25,30.461162567138672
2025-04-28,30.78671646118164
2025-04-29,31.0330810546875
2025-04-30,31.305837631225586
2025-05-02,31.224546432495117
2025-05-05,30.66994857788086
2025-05-06,30.511491775512695
2025-05-07,30.846010208129883
2025-05-08,31.092498779296875
2025-05-09,32.773887634277344
2025-05-12,32.11365509033203
2025-05-13,32.509788513183594
2025-05-14,32.72987365722656
2025-05-15,33.17001724243164
2025-05-16,33.363685607910156
2025-05-19,33.75982666015625
2025-05-20,33.715816497802734
2025-05-21,33.0379753112793
2025-05-22,32.80909729003906
2025-05-23,33.20523452758789
2025-05-26,33.27566146850586
2025-05-27,33.53975296020508
2025-05-28,33.26686096191406
2025-05-29,33.00277328491211
2025-05-30,32.9499397277832
2025-06-02,32.71888732910156
2025-06-03,32.61320114135742
2025-06-04,32.5339469909668
2025-06-05,32.137611389160156
2025-06-06,32.21687698364258
2025-06-09,32.049537658691406
2025-06-10,31.999847412109375
2025-06-11,32.293174743652344
2025-06-12,32.54206848144531
2025-06-13,32.15095520019531
2025-06-16,32.73762512207031
2025-06-17,32.93317794799805
2025-06-18,32.73762512207031
2025-06-20,32.5687370300293
2025-06-23,32.49762725830078
2025-06-24,33.11095428466797
2025-06-25,32.515411376953125
2025-06-26,32.2754020690918
2025-06-27,32.23984909057617
2025-06-30,32.84428787231445
2025-07-01,32.99338150024414
2025-07-02,32.726593017578125
2025-07-03,33.53587341308594
2025-07-04,33.55364990234375
2025-07-07,33.1089973449707
2025-07-08,33.02895736694336
2025-07-09,32.34418869018555
2025-07-10,31.348163604736328
2025-07-11,31.090259552001953
2025-07-14,31.03690528869629
2025-07-15,31.143617630004883
2025-07-16,31.294795989990234
2025-07-17,31.76613998413086
2025-07-18,31.18808364868164
2025-07-21,31.55270004272461
2025-07-22,31.125835418701172
2025-07-23,31.47266960144043
2025-07-24,31.179187774658203
2025-07-25,31.312589645385742
2025-07-28,30.654504776000977
2025-07-29,30.832361221313477
2025-07-30,31.18808364868164
2025-07-31,31.26812744140625
2025-08-01,31.07918357849121
2025-08-04,31.408390045166016
2025-08-05,31.755395889282227
2025-08-06,32.15578842163086
2025-08-07,32.7252311706543
2025-08-08,32.94767379760742
2025-08-11,33.15231704711914
2025-08-12,33.837425231933594
2025-08-13,33.517120361328125
2025-08-14,33.47262191772461
2025-08-15,33.35696792602539
2025-08-18,33.597190856933594
2025-08-19,32.62099075317383
2025-08-20,32.638954162597656
2025-08-21,32.67490005493164
2025-08-22,33.59126281738281
2025-08-25,33.420570373535156
2025-08-26,33.195960998535156
2025-08-27,33.75297546386719
2025-08-28,34.45372772216797
2025-08-29,34.579505920410156
2025-09-01,34.85602951049805
2025-09-02,34.2628059387207
2025-09-03,33.96620178222656
2025-09-04,34.101016998291016
2025-09-05,34.47853088378906
2025-09-08,34.31673812866211
2025-09-09,34.0201301574707
2025-09-10,34.04709243774414
2025-09-11,34.11000442504883
2025-09-12,33.597679138183594
2025-09-15,34.15494918823242
2025-09-16,34.0650634765625
2025-09-17,34.5504264831543
2025-09-18,34.595375061035156
2025-09-19,35.05376434326172
2025-09-22,34.5504264831543
2025-09-23,35.09869384765625
2025-09-24,34.865013122558594
2025-09-25,34.58638000488281
2025-09-26,34.75715637207031
2025-09-29,34.95489501953125
2025-09-30,35.11668014526367
2025-10-01,34.48511505126953
2025-10-02,34.1074333190918
2025-10-03,34.35922622680664
2025-10-06,33.96356201171875
2025-10-07,33.424034118652344
2025-10-08,33.486976623535156
2025-10-09,33.43302536010742
2025-10-10,33.39706039428711
2025-10-13,33.531944274902344
2025-10-14,33.675811767578125
2025-10-15,33.675811767578125
2025-10-16,33.594886779785156
2025-10-17,33.711788177490234
2025-10-20,34.31425857543945
2025-10-21,33.99053955078125
2025-10-22,34.26930236816406
2025-10-23,34.24232482910156
2025-10-24,34.197357177734375
2025-10-27,34.48511505126953
2025-10-28,34.60200500488281
2025-10-29,35.37534713745117
2025-10-30,35.330379486083984
2025-10-31,35.465267181396484
2025-11-03,36.05690383911133
2025-11-04,35.948951721191406
2025-11-05,36.10187911987305
2025-11-06,36.10187911987305
2025-11-07,36.13787078857422
2025-11-10,36.380767822265625
2025-11-11,37.08246994018555
2025-11-12,36.2368278503418
2025-11-13,36.380767822265625
2025-11-14,36.52470779418945
2025-11-17,36.25482177734375
2025-11-18,36.07489013671875
2025-11-19,35.84999465942383
2025-11-21,35.95794677734375
2025-11-24,35.82300567626953
2025-11-25,35.903968811035156
2025-11-26,36.749610900878906
2025-11-27,36.623661041259766
2025-11-28,37.46031951904297
2025-12-01,37.170196533203125
2025-12-02,37.99819564819336
2025-12-03,37.99819564819336
2025-12-04,38.934200286865234
2025-12-05,37.13419723510742
2025-12-08,37.31420135498047
2025-12-09,37.23320388793945
2025-12-10,37.52622985839844
2025-12-11,37.497684478759766
2025-12-12,37.83069610595703
2025-12-15,38.401588439941406
2025-12-16,37.412052154541016
2025-12-17,37.07902908325195
2025-12-18,37.269325256347656
2025-12-19,37.611854553222656
2025-12-22,37.6879768371582
2025-12-23,38.30643081665039
2025-12-26,38.31880569458008
2025-12-29,38.201202392578125
2025-12-30,38.44620895385742
