date,close
2010-12-01,0.4914698302745819
2010-12-02,0.48585301637649536
2010-12-03,0.4886612594127655
2010-12-06,0.5045759677886963
2010-12-07,0.5176816582679749
2010-12-08,0.5148734450340271
2010-12-09,0.5195536017417908
2010-12-10,0.5158094167709351
2010-12-13,0.5148734450340271
2010-12-14,0.5223621129989624
2010-12-15,0.5382764935493469
2010-12-16,0.5448291301727295
2010-12-17,0.5448291301727295
2010-12-20,0.5345317125320435
2010-12-21,0.5382764935493469
2010-12-22,0.5467018485069275
2010-12-23,0.5392125248908997
2010-12-27,0.5335957407951355
2010-12-28,0.5289150476455688
2010-12-29,0.5532548427581787
2010-12-30,0.5476381778717041
2011-01-03,0.5476381778717041
2011-01-04,0.5523186922073364
2011-01-05,0.5476381778717041
2011-01-06,0.5335957407951355
2011-01-07,0.5335957407951355
2011-01-10,0.5373404026031494
2011-01-11,0.5382764935493469
2011-01-12,0.5410850048065186
2011-01-13,0.5420210957527161
2011-01-14,0.5410850048065186
2011-01-17,0.5457652807235718
2011-01-18,0.5541905164718628
2011-01-19,0.5504461526870728
2011-01-20,0.5513827204704285
2011-01-21,0.5588715076446533
2011-01-24,0.5598073601722717
2011-01-26,0.5467018485069275
2011-01-27,0.5457652807235718
2011-01-28,0.5354679822921753
2011-01-31,0.5317237377166748
2011-02-01,0.5354679822921753
2011-02-02,0.5317237377166748
2011-02-03,0.5204902291297913
2011-02-04,0.49427855014801025
2011-02-07,0.5064480304718018
2011-02-08,0.5111286640167236
2011-02-09,0.49802255630493164
2011-02-10,0.5008312463760376
2011-02-11,0.5111286640167236
2011-02-14,0.5158094167709351
2011-02-15,0.5195536017417908
2011-02-16,0.5270431637763977
2011-02-17,0.5289150476455688
2011-02-18,0.5289150476455688
2011-02-21,0.5223621129989624
2011-02-22,0.5242342352867126
2011-02-23,0.5251704454421997
2011-02-24,0.5251704454421997
2011-02-25,0.5822744965553284
2011-02-28,0.5766577124595642
2011-03-01,0.5672969818115234
2011-03-02,0.5654242038726807
2011-03-03,0.5626159906387329
2011-03-04,0.5551267266273499
2011-03-09,0.5551267266273499
2011-03-10,0.5644882321357727
2011-03-11,0.5710409879684448
2011-03-14,0.5710409879684448
2011-03-15,0.5672969818115234
2011-03-16,0.5569996237754822
2011-03-17,0.5569996237754822
2011-03-18,0.5710409879684448
2011-03-21,0.5701048970222473
2011-03-22,0.578530490398407
2011-03-23,0.5775942802429199
2011-03-24,0.5850830674171448
2011-03-25,0.6000614166259766
2011-03-28,0.5981892943382263
2011-03-29,0.5981892943382263
2011-03-30,0.5981892943382263
2011-03-31,0.617847740650177
2011-04-01,0.617847740650177
2011-04-04,0.6365706920623779
2011-04-05,0.6365706920623779
2011-04-06,0.615039587020874
2011-04-07,0.6225286722183228
2011-04-08,0.6075502634048462
2011-04-11,0.6122311353683472
2011-04-12,0.6047653555870056
2011-04-13,0.5971822738647461
2011-04-14,0.5933905243873596
2011-04-15,0.5867552757263184
2011-04-18,0.5867552757263184
2011-04-19,0.5858075618743896
2011-04-20,0.5962345004081726
2011-04-25,0.6000257134437561
2011-04-26,0.6114011406898499
2011-04-27,0.5839112401008606
2011-04-28,0.5791717171669006
2011-04-29,0.5801199674606323
2011-05-02,0.5554742217063904
2011-05-03,0.561161458492279
2011-05-04,0.5535785555839539
2011-05-05,0.5422033667564392
2011-05-06,0.5516822934150696
2011-05-09,0.5535785555839539
2011-05-10,0.5535785555839539
2011-05-11,0.5488389730453491
2011-05-12,0.546942949295044
2011-05-13,0.5374643206596375
2011-05-16,0.5374643206596375
2011-05-17,0.5450472235679626
2011-05-18,0.5422033667564392
2011-05-19,0.5355680584907532
2011-05-20,0.5497866272926331
2011-05-23,0.5422033667564392
2011-05-24,0.5497866272926331
2011-05-25,0.5535785555839539
2011-05-26,0.5602139830589294
2011-05-27,0.561161458492279
2011-05-30,0.5592660307884216
2011-05-31,0.5696929097175598
2011-06-01,0.5592660307884216
2011-06-02,0.5687453746795654
2011-06-03,0.5592660307884216
2011-06-06,0.5412554144859314
2011-06-07,0.5478910207748413
2011-06-08,0.5497866272926331
2011-06-09,0.5497866272926331
2011-06-10,0.5355680584907532
2011-06-13,0.5384120345115662
2011-06-14,0.5422033667564392
2011-06-15,0.5497866272926331
2011-06-16,0.5403076410293579
2011-06-17,0.5422033667564392
2011-06-20,0.5355680584907532
2011-06-21,0.5422033667564392
2011-06-22,0.5374643206596375
2011-06-24,0.5346203446388245
2011-06-27,0.533672571182251
2011-06-28,0.5459950566291809
2011-06-29,0.5459950566291809
2011-06-30,0.5497866272926331
2011-07-01,0.5507345795631409
2011-07-04,0.5526302456855774
2011-07-05,0.5406004786491394
2011-07-06,0.5290369391441345
2011-07-07,0.5338551998138428
2011-07-08,0.5222915410995483
2011-07-11,0.5136187076568604
2011-07-12,0.5078367590904236
2011-07-13,0.5145829319953918
2011-07-14,0.5049465298652649
2011-07-15,0.5059096813201904
2011-07-18,0.5020549297332764
2011-07-19,0.5010915398597717
2011-07-20,0.5030186772346497
2011-07-21,0.5049465298652649
2011-07-22,0.5203647017478943
2011-07-25,0.5300009250640869
2011-07-26,0.5155462026596069
2011-07-27,0.5049465298652649
2011-07-28,0.49434614181518555
2011-07-29,0.49627330899238586
2011-08-01,0.49434614181518555
2011-08-02,0.47892794013023376
2011-08-03,0.46640071272850037
2011-08-04,0.4625459313392639
2011-08-05,0.4673644006252289
2011-08-08,0.43845489621162415
2011-08-09,0.45098260045051575
2011-08-10,0.4596548080444336
2011-08-11,0.46350955963134766
2011-08-12,0.4644732177257538
2011-08-15,0.4818190634250641
2011-08-16,0.47025495767593384
2011-08-17,0.49338266253471375
2011-08-18,0.47507303953170776
2011-08-19,0.4673644006252289
2011-08-22,0.47507303953170776
2011-08-23,0.4904913902282715
2011-08-24,0.4798913896083832
2011-08-25,0.4741097390651703
2011-08-26,0.47507303953170776
2011-08-29,0.4876009523868561
2011-08-30,0.5107280611991882
2011-08-31,0.5126549601554871
2011-09-01,0.5232550501823425
2011-09-02,0.49627330899238586
2011-09-05,0.4798913896083832
2011-09-06,0.5097646117210388
2011-09-08,0.519400954246521
2011-09-09,0.498200923204422
2011-09-12,0.519400954246521
2011-09-13,0.5174732804298401
2011-09-14,0.5068734288215637
2011-09-15,0.5059096813201904
2011-09-16,0.5059096813201904
2011-09-19,0.5107280611991882
2011-09-20,0.5039827227592468
2011-09-21,0.5078367590904236
2011-09-22,0.4827825725078583
2011-09-23,0.47892794013023376
2011-09-26,0.48470979928970337
2011-09-27,0.4885644018650055
2011-09-28,0.47603678703308105
2011-09-29,0.48952794075012207
2011-09-30,0.5010915398597717
2011-10-03,0.5044127702713013
2011-10-04,0.5112422108650208
2011-10-05,0.5083147883415222
2011-10-06,0.5463656187057495
2011-10-07,0.5444144010543823
2011-10-10,0.5639277696609497
2011-10-11,0.5639277696609497
2011-10-13,0.564903199672699
2011-10-14,0.5775865912437439
2011-10-17,0.5785621404647827
2011-10-18,0.5756353139877319
2011-10-19,0.5785621404647827
2011-10-20,0.5678298473358154
2011-10-21,0.6000263094902039
2011-10-24,0.6107587218284607
2011-10-25,0.6107587218284607
2011-10-26,0.6107587218284607
2011-10-27,0.6107587218284607
2011-10-28,0.6078320145606995
2011-10-31,0.6166126132011414
2011-11-01,0.6088075041770935
2011-11-03,0.6088075041770935
2011-11-04,0.6224663257598877
2011-11-07,0.6195394396781921
2011-11-08,0.6283203363418579
2011-11-09,0.6292964816093445
2011-11-10,0.6292964816093445
2011-11-11,0.6478337049484253
2011-11-14,0.6361259818077087
2011-11-16,0.6702733635902405
2011-11-17,0.6741763353347778
2011-11-18,0.6663707494735718
2011-11-21,0.6780790090560913
2011-11-22,0.653687596321106
2011-11-23,0.6712491512298584
2011-11-24,0.6741763353347778
2011-11-25,0.6761274337768555
2011-11-28,0.6800301671028137
2011-11-29,0.6829573512077332
2011-11-30,0.7044211030006409
2011-12-01,0.7092995047569275
2011-12-02,0.6995437741279602
2011-12-05,0.6927133798599243
2011-12-06,0.7268614768981934
2011-12-07,0.7122268676757812
2011-12-08,0.6878350973129272
2011-12-09,0.7112510204315186
2011-12-12,0.7112510204315186
2011-12-13,0.7005191445350647
2011-12-14,0.702470064163208
2011-12-15,0.7268614768981934
2011-12-16,0.7092995047569275
2011-12-19,0.7268614768981934
2011-12-20,0.7463744878768921
2011-12-21,0.7483260631561279
2011-12-22,0.7658877372741699
2011-12-23,0.7678388357162476
2011-12-26,0.75905841588974
2011-12-27,0.7678388357162476
2011-12-28,0.756131112575531
2011-12-29,0.7805227637290955
2012-01-02,0.756131112575531
2012-01-03,0.7824738621711731
2012-01-04,0.7775955200195312
2012-01-05,0.7756444215774536
2012-01-06,0.7736926078796387
2012-01-09,0.785400390625
2012-01-10,0.7893030643463135
2012-01-11,0.7873522043228149
2012-01-12,0.7961328029632568
2012-01-13,0.7756444215774536
2012-01-16,0.7756444215774536
2012-01-17,0.7756444215774536
2012-01-18,0.7805227637290955
2012-01-19,0.769790530204773
2012-01-20,0.7883279323577881
2012-01-23,0.7902787923812866
2012-01-24,0.7863765358924866
2012-01-26,0.7658877372741699
2012-01-27,0.7736926078796387
2012-01-30,0.7775955200195312
2012-01-31,0.7902787923812866
2012-02-01,0.7785710096359253
2012-02-02,0.7571069002151489
2012-02-03,0.7571069002151489
2012-02-06,0.7473501563072205
2012-02-07,0.756131112575531
2012-02-08,0.7746682167053223
2012-02-09,0.7785710096359253
2012-02-10,0.7844248414039612
2012-02-13,0.7844248414039612
2012-02-14,0.801986575126648
2012-02-15,0.8302810788154602
2012-02-16,0.8146703243255615
2012-02-17,0.8410132527351379
2012-02-23,0.8185727596282959
2012-02-24,0.8166216611862183
2012-02-27,0.8224753737449646
2012-02-28,0.8302810788154602
2012-02-29,0.8332076072692871
2012-03-01,0.8390614986419678
2012-03-02,0.8849173784255981
2012-03-05,0.8693068623542786
2012-03-06,0.8429639935493469
2012-03-07,0.877112090587616
2012-03-08,0.8985762596130371
2012-03-09,0.8790633082389832
2012-03-12,0.9063818454742432
2012-03-13,0.9395540356636047
2012-03-14,0.942480742931366
2012-03-15,0.8956494331359863
2012-03-16,0.877112090587616
2012-03-19,0.877112090587616
2012-03-20,0.8527208566665649
2012-03-21,0.8478426337242126
2012-03-22,0.8371105194091797
2012-03-23,0.8263782858848572
2012-03-26,0.8312568068504333
2012-03-27,0.8175971508026123
2012-03-28,0.8136951923370361
2012-03-29,0.8097919225692749
2012-03-30,0.8234508037567139
2012-04-02,0.8439397811889648
2012-04-03,0.8419886231422424
2012-04-04,0.8322319388389587
2012-04-05,0.8302810788154602
2012-04-09,0.8341830968856812
2012-04-10,0.8341830968856812
2012-04-11,0.8439397811889648
2012-04-12,0.8728635311126709
2012-04-13,0.8718774318695068
2012-04-16,0.8620145320892334
2012-04-17,0.8689180612564087
2012-04-18,0.8787811398506165
2012-04-19,0.8787811398506165
2012-04-20,0.8856849670410156
2012-04-23,0.8738500475883484
2012-04-24,0.8876579999923706
2012-04-25,0.891602635383606
2012-04-26,0.901465654373169
2012-04-27,0.9004796743392944
2012-04-30,0.901465654373169
2012-05-02,0.9083694815635681
2012-05-03,0.9024519324302673
2012-05-04,0.8728635311126709
2012-05-07,0.891602635383606
2012-05-08,0.8866716027259827
2012-05-09,0.8649730682373047
2012-05-10,0.8521511554718018
2012-05-11,0.8669458031654358
2012-05-14,0.8255216479301453
2012-05-15,0.8097409605979919
2012-05-16,0.8097409605979919
2012-05-17,0.7801526188850403
2012-05-18,0.7979053258895874
2012-05-21,0.7979053258895874
2012-05-22,0.814672589302063
2012-05-23,0.8038232922554016
2012-05-24,0.77423495054245
2012-05-25,0.7840979099273682
2012-05-28,0.7821249961853027
2012-05-29,0.7811388373374939
2012-05-30,0.7998781800270081
2012-05-31,0.8383438587188721
2012-06-01,0.843274712562561
2012-06-04,0.8363707661628723
2012-06-05,0.8294668793678284
2012-06-06,0.8906166553497314
2012-06-08,0.8768091797828674
2012-06-11,0.8630006909370422
2012-06-12,0.8669458031654358
2012-06-13,0.8679322004318237
2012-06-14,0.8679322004318237
2012-06-15,0.8886443972587585
2012-06-18,0.8886443972587585
2012-06-19,0.8817397356033325
2012-06-20,0.8758222460746765
2012-06-21,0.8580690622329712
2012-06-22,0.8610283732414246
2012-06-25,0.8777952194213867
2012-06-26,0.8482062816619873
2012-06-27,0.8630006909370422
2012-06-28,0.8679322004318237
2012-06-29,0.8975206613540649
2012-07-02,0.8896304965019226
2012-07-03,0.8925889730453491
2012-07-04,0.901465654373169
2012-07-05,0.8975206613540649
2012-07-06,0.8777952194213867
2012-07-10,0.8649730682373047
2012-07-11,0.878976583480835
2012-07-12,0.8719606399536133
2012-07-13,0.9100465178489685
2012-07-16,0.9100465178489685
2012-07-17,0.9220736622810364
2012-07-18,0.9310944080352783
2012-07-19,0.9210713505744934
2012-07-20,0.9100465178489685
2012-07-23,0.8719606399536133
2012-07-24,0.8719606399536133
2012-07-25,0.8679515719413757
2012-07-26,0.9090442657470703
2012-07-27,0.9140556454658508
2012-07-30,0.9090442657470703
2012-07-31,0.9070393443107605
2012-08-01,0.9270850419998169
2012-08-02,0.9120508432388306
2012-08-03,0.9361053705215454
2012-08-06,0.9270850419998169
2012-08-07,0.9160604476928711
2012-08-08,0.9160604476928711
2012-08-09,0.908042311668396
2012-08-10,0.9250806570053101
2012-08-13,0.9030309319496155
2012-08-14,0.9030309319496155
2012-08-15,0.9030309319496155
2012-08-16,0.9210713505744934
2012-08-17,0.9210713505744934
2012-08-20,0.9210713505744934
2012-08-21,0.9100465178489685
2012-08-22,0.9180641174316406
2012-08-23,0.9010260701179504
2012-08-24,0.9160604476928711
2012-08-27,0.9020289778709412
2012-08-28,0.9110487103462219
2012-08-29,0.893008291721344
2012-08-30,0.9020289778709412
2012-08-31,0.9120508432388306
2012-09-03,0.9020289778709412
2012-09-04,0.8889991641044617
2012-09-05,0.9220736622810364
2012-09-06,0.9421186447143555
2012-09-10,0.9441232681274414
2012-09-11,0.950136661529541
2012-09-12,0.9802042841911316
2012-09-13,1.0022543668746948
2012-09-14,0.9771973490715027
2012-09-17,0.9822091460227966
2012-09-18,0.9741907715797424
2012-09-19,0.9761958718299866
2012-09-20,0.9972429275512695
2012-09-21,1.0092699527740479
2012-09-24,1.0182900428771973
2012-09-25,1.0032564401626587
2012-09-26,1.0273104906082153
2012-09-27,1.0323216915130615
2012-09-28,1.0623891353607178
2012-10-01,1.0894501209259033
2012-10-02,1.0884474515914917
2012-10-03,1.067400336265564
2012-10-04,1.0864436626434326
2012-10-05,1.0824342966079712
2012-10-08,1.105486273765564
2012-10-09,1.1084927320480347
2012-10-10,1.1275357007980347
2012-10-11,1.1345512866973877
2012-10-15,1.1525923013687134
2012-10-16,1.1676254272460938
2012-10-17,1.1796525716781616
2012-10-18,1.1916801929473877
2012-10-19,1.187671184539795
2012-10-22,1.1956888437271118
2012-10-23,1.1716349124908447
2012-10-24,1.1796525716781616
2012-10-25,1.1596081256866455
2012-10-26,1.1365561485290527
2012-10-29,1.1545969247817993
2012-10-30,1.1776485443115234
2012-10-31,1.1956888437271118
2012-11-01,1.213729739189148
2012-11-05,1.239788293838501
2012-11-06,1.249810814857483
2012-11-07,1.2528178691864014
2012-11-08,1.2187405824661255
2012-11-09,1.2177382707595825
2012-11-12,1.2187405824661255
2012-11-13,1.195252776145935
2012-11-14,1.1589106321334839
2012-11-16,1.1962625980377197
2012-11-19,1.2013100385665894
2012-11-21,1.2255373001098633
2012-11-22,1.2114052772521973
2012-11-23,1.2114052772521973
2012-11-26,1.191214680671692
2012-11-27,1.1811197996139526
2012-11-28,1.2114052772521973
2012-11-29,1.2114052772521973
2012-11-30,1.2154427766799927
2012-12-03,1.2013100385665894
2012-12-04,1.209385633468628
2012-12-05,1.2063575983047485
2012-12-06,1.2315951585769653
2012-12-07,1.2336138486862183
2012-12-10,1.2295758724212646
2012-12-11,1.2305855751037598
2012-12-12,1.2114052772521973
2012-12-13,1.1548725366592407
2012-12-14,1.1821292638778687
2012-12-17,1.2103949785232544
2012-12-18,1.2114052772521973
2012-12-19,1.2255373001098633
2012-12-20,1.2669275999069214
2012-12-21,1.2850991487503052
2012-12-26,1.2820701599121094
2012-12-27,1.2820701599121094
2012-12-28,1.2911559343338013
2013-01-02,1.2921652793884277
2013-01-03,1.2992315292358398
2013-01-04,1.2770227193832397
2013-01-07,1.263899326324463
2013-01-08,1.2739944458007812
2013-01-09,1.2901462316513062
2013-01-10,1.2871173620224
2013-01-11,1.2850991487503052
2013-01-14,1.3174023628234863
2013-01-15,1.3174023628234863
2013-01-16,1.3174023628234863
2013-01-17,1.3073080778121948
2013-01-18,1.3234598636627197
2013-01-21,1.3386023044586182
2013-01-22,1.3264883756637573
2013-01-23,1.3931154012680054
2013-01-24,1.3810018301010132
2013-01-28,1.359802007675171
2013-01-29,1.3830204010009766
2013-01-30,1.3698967695236206
2013-01-31,1.3779727220535278
2013-02-01,1.3931154012680054
2013-02-04,1.3880679607391357
2013-02-05,1.3961437940597534
2013-02-06,1.3779727220535278
2013-02-07,1.3537447452545166
2013-02-08,1.3628307580947876
2013-02-13,1.3729255199432373
2013-02-14,1.3729255199432373
2013-02-15,1.3900868892669678
2013-02-18,1.3931154012680054
2013-02-19,1.3779727220535278
2013-02-20,1.3396118879318237
2013-02-21,1.3083170652389526
2013-02-22,1.3355740308761597
2013-02-25,1.3406215906143188
2013-02-26,1.352735161781311
2013-02-27,1.3497068881988525
2013-02-28,1.343649983406067
2013-03-01,1.3486980199813843
2013-03-04,1.3345638513565063
2013-03-05,1.3709064722061157
2013-03-06,1.4032108783721924
2013-03-07,1.4011913537979126
2013-03-08,1.3628307580947876
2013-03-11,1.3779727220535278
2013-03-12,1.3981634378433228
2013-03-13,1.3729255199432373
2013-03-14,1.3971539735794067
2013-03-15,1.3729255199432373
2013-03-18,1.4052293300628662
2013-03-19,1.3941251039505005
2013-03-20,1.3729255199432373
2013-03-21,1.3648498058319092
2013-03-22,1.3830204010009766
2013-03-25,1.3476881980895996
2013-03-26,1.3779727220535278
2013-03-27,1.4022016525268555
2013-03-28,1.4022016525268555
2013-04-01,1.3991727828979492
2013-04-02,1.3830204010009766
2013-04-03,1.4213818311691284
2013-04-04,1.3971539735794067
2013-04-05,1.442581057548523
2013-04-08,1.4557048082351685
2013-04-09,1.4546955823898315
2013-04-10,1.4668090343475342
2013-04-11,1.4254193305969238
2013-04-12,1.3890771865844727
2013-04-15,1.3747076988220215
2013-04-16,1.3980759382247925
2013-04-17,1.3554027080535889
2013-04-18,1.3645472526550293
2013-04-19,1.3777556419372559
2013-04-22,1.3848681449890137
2013-04-23,1.401125192642212
2013-04-24,1.4092525243759155
2013-04-25,1.371659517288208
2013-04-26,1.371659517288208
2013-04-29,1.3574353456497192
2013-04-30,1.3787717819213867
2013-05-02,1.3706430196762085
2013-05-03,1.3767393827438354
2013-05-06,1.3838518857955933
2013-05-07,1.3980759382247925
2013-05-08,1.401125192642212
2013-05-09,1.371659517288208
2013-05-10,1.3899484872817993
2013-05-13,1.3960446119308472
2013-05-14,1.3706430196762085
2013-05-15,1.3868999481201172
2013-05-16,1.3899484872817993
2013-05-17,1.4001091718673706
2013-05-20,1.3848681449890137
2013-05-21,1.3767393827438354
2013-05-22,1.3787717819213867
2013-05-23,1.371659517288208
2013-05-24,1.3838518857955933
2013-05-27,1.3940118551254272
2013-05-28,1.3523547649383545
2013-05-29,1.3432098627090454
2013-05-31,1.317808747291565
2013-06-03,1.3137445449829102
2013-06-04,1.28224778175354
2013-06-05,1.3137445449829102
2013-06-06,1.3025680780410767
2013-06-07,1.3096810579299927
2013-06-10,1.3025680780410767
2013-06-11,1.2639580965042114
2013-06-12,1.1430493593215942
2013-06-13,1.1054556369781494
2013-06-14,1.0729427337646484
2013-06-17,1.1176486015319824
2013-06-18,1.1501613855361938
2013-06-19,1.0902155637741089
2013-06-20,1.0983433723449707
2013-06-21,1.0871671438217163
2013-06-24,1.0516053438186646
2013-06-25,1.0627822875976562
2013-06-26,1.0790390968322754
2013-06-27,1.130857229232788
2013-06-28,1.1278085708618164
2013-07-01,1.1542261838912964
2013-07-02,1.125777006149292
2013-07-03,1.1318728923797607
2013-07-04,1.1379690170288086
2013-07-05,1.106472134590149
2013-07-08,1.0800546407699585
2013-07-10,1.0963119268417358
2013-07-11,1.0922472476959229
2013-07-12,1.1125684976577759
2013-07-15,1.1471138000488281
2013-07-16,1.136953353881836
2013-07-17,1.1074882745742798
2013-07-18,1.111552119255066
2013-07-19,1.099359393119812
2013-07-22,1.1024078130722046
2013-07-23,1.099359393119812
2013-07-24,1.1125684976577759
2013-07-25,1.1125684976577759
2013-07-26,1.1125684976577759
2013-07-29,1.1328890323638916
2013-07-30,1.1237446069717407
2013-07-31,1.125777006149292
2013-08-01,1.125777006149292
2013-08-02,1.1125684976577759
2013-08-05,1.0790390968322754
2013-08-06,1.0876061916351318
2013-08-07,1.0896704196929932
2013-08-08,1.1299139261245728
2013-08-09,1.098956823348999
2013-08-12,1.1092755794525146
2013-08-13,1.1319773197174072
2013-08-14,1.1557103395462036
2013-08-15,1.1247543096542358
2013-08-16,1.1660298109054565
2013-08-19,1.2052412033081055
2013-08-20,1.1969853639602661
2013-08-21,1.2176239490509033
2013-08-22,1.213496208190918
2013-08-23,1.208336591720581
2013-08-26,1.2155600786209106
2013-08-27,1.209368109703064
2013-08-28,1.22175133228302
2013-08-29,1.258899450302124
2013-08-30,1.2795368432998657
2013-09-02,1.258899450302124
2013-09-03,1.2558035850524902
2013-09-04,1.2619951963424683
2013-09-05,1.28263258934021
2013-09-06,1.2733455896377563
2013-09-09,1.306365728378296
2013-09-10,1.3146204948425293
2013-09-11,1.298110842704773
2013-09-12,1.2650904655456543
2013-09-13,1.269217848777771
2013-09-16,1.2475483417510986
2013-09-17,1.2145280838012695
2013-09-18,1.2361974716186523
2013-09-19,1.2176239490509033
2013-09-20,1.2207194566726685
2013-09-23,1.2403253316879272
2013-09-24,1.2042094469070435
2013-09-25,1.1866673231124878
2013-09-26,1.1742844581604004
2013-09-27,1.188731074333191
2013-09-30,1.2031769752502441
2013-10-01,1.2227832078933716
2013-10-02,1.2279428243637085
2013-10-03,1.200081467628479
2013-10-04,1.208336591720581
2013-10-07,1.1969853639602661
2013-10-08,1.2031769752502441
2013-10-09,1.1959539651870728
2013-10-10,1.2042094469070435
2013-10-11,1.2073044776916504
2013-10-14,1.2331022024154663
2013-10-15,1.269217848777771
2013-10-16,1.267154574394226
2013-10-17,1.2650904655456543
2013-10-18,1.2382615804672241
2013-10-21,1.2485802173614502
2013-10-22,1.2403253316879272
2013-10-23,1.2320696115493774
2013-10-24,1.2300057411193848
2013-10-25,1.2248467206954956
2013-10-28,1.2165920734405518
2013-10-29,1.2011135816574097
2013-10-30,1.2031769752502441
2013-10-31,1.2279428243637085
2013-11-01,1.2310380935668945
2013-11-04,1.2124643325805664
2013-11-05,1.2042094469070435
2013-11-06,1.1969853639602661
2013-11-07,1.2104004621505737
2013-11-08,1.200081467628479
2013-11-11,1.1938905715942383
2013-11-12,1.1969069242477417
2013-11-13,1.2073142528533936
2013-11-14,1.2281302213668823
2013-11-18,1.2333341836929321
2013-11-19,1.2041922807693481
2013-11-21,1.1854581832885742
2013-11-22,1.2166815996170044
2013-11-25,1.2125180959701538
2013-11-26,1.2198034524917603
2013-11-27,1.2198034524917603
2013-11-28,1.2374974489212036
2013-11-29,1.2593538761138916
2013-12-02,1.2853738069534302
2013-12-03,1.2645576000213623
2013-12-04,1.248946189880371
2013-12-05,1.2510277032852173
2013-12-06,1.2458235025405884
2013-12-09,1.2427009344100952
2013-12-10,1.232293725013733
2013-12-11,1.2093958854675293
2013-12-12,1.2104367017745972
2013-12-13,1.2031515836715698
2013-12-16,1.2083556652069092
2013-12-17,1.2156410217285156
2013-12-18,1.2333341836929321
2013-12-19,1.288495421409607
2013-12-20,1.2853738069534302
2013-12-23,1.2801694869995117
2013-12-26,1.268721342086792
2013-12-27,1.2645576000213623
2013-12-30,1.2760059833526611
2014-01-02,1.2479047775268555
2014-01-03,1.2510277032852173
2014-01-06,1.2468641996383667
2014-01-07,1.2333341836929321
2014-01-08,1.2572721242904663
2014-01-09,1.2416599988937378
2014-01-10,1.2905775308609009
2014-01-13,1.2874549627304077
2014-01-14,1.30098557472229
2014-01-15,1.322841763496399
2014-01-16,1.3249239921569824
2014-01-17,1.3207601308822632
2014-01-20,1.3165969848632812
2014-01-21,1.306188941001892
2014-01-22,1.3113927841186523
2014-01-23,1.3103525638580322
2014-01-24,1.299944281578064
2014-01-27,1.3113927841186523
2014-01-28,1.2957816123962402
2014-01-29,1.2864145040512085
2014-01-30,1.2697619199752808
2014-01-31,1.2843331098556519
2014-02-03,1.248946189880371
2014-02-04,1.248946189880371
2014-02-05,1.2208449840545654
2014-02-06,1.240619421005249
2014-02-07,1.2333341836929321
2014-02-10,1.248946189880371
2014-02-11,1.2531088590621948
2014-02-12,1.2718425989151
2014-02-13,1.2645576000213623
2014-02-14,1.3207601308822632
2014-02-17,1.2853738069534302
2014-02-18,1.2562319040298462
2014-02-19,1.2614357471466064
2014-02-20,1.2593538761138916
2014-02-21,1.2562319040298462
2014-02-24,1.227089524269104
2014-02-25,1.2146000862121582
2014-02-26,1.2010691165924072
2014-02-27,1.222926139831543
2014-02-28,1.2073142528533936
2014-03-05,1.1844165325164795
2014-03-06,1.1708866357803345
2014-03-07,1.1511120796203613
2014-03-10,1.0907459259033203
2014-03-11,1.1021944284439087
2014-03-12,1.1198879480361938
2014-03-13,1.1084392070770264
2014-03-14,1.1188470125198364
2014-03-17,1.1136436462402344
2014-03-18,1.1427854299545288
2014-03-19,1.1688051223754883
2014-03-20,1.1760907173156738
2014-03-21,1.1643658876419067
2014-03-24,1.1759151220321655
2014-03-25,1.16541588306427
2014-03-26,1.1864145994186401
2014-03-27,1.2336610555648804
2014-03-28,1.2179118394851685
2014-03-31,1.2231616973876953
2014-04-01,1.2441606521606445
2014-04-02,1.2651585340499878
2014-04-03,1.2599096298217773
2014-04-04,1.2546601295471191
2014-04-07,1.2809078693389893
2014-04-08,1.2231616973876953
2014-04-09,1.181165099143982
2014-04-10,1.1969141960144043
2014-04-11,1.1706653833389282
2014-04-14,1.1549171209335327
2014-04-15,1.1391681432724
2014-04-16,1.1706653833389282
2014-04-17,1.1916643381118774
2014-04-22,1.2074134349822998
2014-04-23,1.1759151220321655
2014-04-24,1.1916643381118774
2014-04-25,1.1759151220321655
2014-04-28,1.2126623392105103
2014-04-29,1.2126623392105103
2014-04-30,1.1969141960144043
2014-05-02,1.2336610555648804
2014-05-05,1.2179118394851685
2014-05-06,1.2126623392105103
2014-05-07,1.2179118394851685
2014-05-08,1.1916643381118774
2014-05-09,1.1864145994186401
2014-05-12,1.2074134349822998
2014-05-13,1.1916643381118774
2014-05-14,1.1864145994186401
2014-05-15,1.16541588306427
2014-05-16,1.1864145994186401
2014-05-19,1.1864145994186401
2014-05-20,1.1601661443710327
2014-05-21,1.1549171209335327
2014-05-22,1.181165099143982
2014-05-23,1.1706653833389282
2014-05-26,1.1916643381118774
2014-05-27,1.16541588306427
2014-05-28,1.181165099143982
2014-05-29,1.181165099143982
2014-05-30,1.1496676206588745
2014-06-02,1.1759151220321655
2014-06-03,1.1864145994186401
2014-06-04,1.16541588306427
2014-06-05,1.16541588306427
2014-06-06,1.1759151220321655
2014-06-09,1.1759151220321655
2014-06-10,1.1706653833389282
2014-06-11,1.16541588306427
2014-06-13,1.1601661443710327
2014-06-16,1.1391681432724
2014-06-17,1.1286684274673462
2014-06-18,1.1496676206588745
2014-06-20,1.181165099143982
2014-06-23,1.1549171209335327
2014-06-24,1.1601661443710327
2014-06-25,1.1339181661605835
2014-06-26,1.1496676206588745
2014-06-27,1.123419165611267
2014-06-30,1.1496676206588745
2014-07-01,1.123419165611267
2014-07-02,1.1339181661605835
2014-07-03,1.16541588306427
2014-07-04,1.1759151220321655
2014-07-07,1.1759151220321655
2014-07-08,1.1759151220321655
2014-07-10,1.1864145994186401
2014-07-11,1.1969141960144043
2014-07-14,1.2231616973876953
2014-07-15,1.2074134349822998
2014-07-16,1.2126623392105103
2014-07-17,1.2021636962890625
2014-07-18,1.2179118394851685
2014-07-21,1.1916643381118774
2014-07-22,1.181165099143982
2014-07-23,1.181165099143982
2014-07-24,1.1916643381118774
2014-07-25,1.1864145994186401
2014-07-28,1.1969141960144043
2014-07-29,1.181165099143982
2014-07-30,1.1706653833389282
2014-07-31,1.181165099143982
2014-08-01,1.181165099143982
2014-08-04,1.1864145994186401
2014-08-05,1.1759151220321655
2014-08-06,1.16541588306427
2014-08-07,1.1549171209335327
2014-08-08,1.1496676206588745
2014-08-11,1.144417643547058
2014-08-12,1.1674362421035767
2014-08-13,1.178096890449524
2014-08-14,1.1674362421035767
2014-08-15,1.1674362421035767
2014-08-18,1.1727668046951294
2014-08-19,1.204750895500183
2014-08-20,1.2207437753677368
2014-08-21,1.226074457168579
2014-08-22,1.2314046621322632
2014-08-25,1.2473968267440796
2014-08-26,1.25272798538208
2014-08-27,1.2473968267440796
2014-08-28,1.2100820541381836
2014-08-29,1.204750895500183
2014-09-01,1.1834278106689453
2014-09-02,1.236735224723816
2014-09-03,1.2420657873153687
2014-09-04,1.25272798538208
2014-09-05,1.2687203884124756
2014-09-08,1.2580586671829224
2014-09-09,1.2207437753677368
2014-09-10,1.236735224723816
2014-09-11,1.2580586671829224
2014-09-12,1.2633895874023438
2014-09-15,1.2633895874023438
2014-09-16,1.2580586671829224
2014-09-17,1.2847120761871338
2014-09-18,1.2740510702133179
2014-09-19,1.2847120761871338
2014-09-22,1.2687203884124756
2014-09-23,1.2580586671829224
2014-09-24,1.25272798538208
2014-09-25,1.2473968267440796
2014-09-26,1.2580586671829224
2014-09-29,1.2420657873153687
2014-09-30,1.2633895874023438
2014-10-01,1.2473968267440796
2014-10-02,1.2847120761871338
2014-10-03,1.2740510702133179
2014-10-06,1.3060353994369507
2014-10-07,1.2793818712234497
2014-10-08,1.2793818712234497
2014-10-09,1.2580586671829224
2014-10-10,1.2314046621322632
2014-10-13,1.236735224723816
2014-10-14,1.236735224723816
2014-10-15,1.236735224723816
2014-10-16,1.204750895500183
2014-10-17,1.2314046621322632
2014-10-20,1.2154127359390259
2014-10-21,1.1940889358520508
2014-10-22,1.204750895500183
2014-10-23,1.226074457168579
2014-10-24,1.2207437753677368
2014-10-27,1.236735224723816
2014-10-28,1.2154127359390259
2014-10-29,1.236735224723816
2014-10-30,1.25272798538208
2014-10-31,1.2900429964065552
2014-11-03,1.300704836845398
2014-11-04,1.3113662004470825
2014-11-05,1.3060353994369507
2014-11-06,1.300704836845398
2014-11-07,1.3326895236968994
2014-11-10,1.3166968822479248
2014-11-11,1.3433787822723389
2014-11-12,1.3702459335327148
2014-11-13,1.3594988584518433
2014-11-14,1.3487515449523926
2014-11-17,1.3702459335327148
2014-11-18,1.3971140384674072
2014-11-19,1.4186073541641235
2014-11-21,1.413233995437622
2014-11-24,1.4454749822616577
2014-11-25,1.413233995437622
2014-11-26,1.4024866819381714
2014-11-27,1.413233995437622
2014-11-28,1.4454749822616577
2014-12-01,1.4078606367111206
2014-12-02,1.4508483409881592
2014-12-03,1.4508483409881592
2014-12-04,1.4508483409881592
2014-12-05,1.4454749822616577
2014-12-08,1.4239808320999146
2014-12-09,1.4508483409881592
2014-12-10,1.4239808320999146
2014-12-11,1.4239808320999146
2014-12-12,1.413233995437622
2014-12-15,1.413233995437622
2014-12-16,1.4293543100357056
2014-12-17,1.4078606367111206
2014-12-18,1.4186073541641235
2014-12-19,1.4723422527313232
2014-12-22,1.4938369989395142
2014-12-23,1.5959340333938599
2014-12-26,1.5421981811523438
2014-12-29,1.5260778665542603
2014-12-30,1.5475715398788452
2015-01-02,1.4938369989395142
2015-01-05,1.4669690132141113
2015-01-06,1.4884635210037231
2015-01-07,1.5260778665542603
2015-01-08,1.509956955909729
2015-01-09,1.509956955909729
2015-01-12,1.5153310298919678
2015-01-13,1.5207041501998901
2015-01-14,1.4669690132141113
2015-01-15,1.477716326713562
2015-01-16,1.4992109537124634
2015-01-19,1.4562216997146606
2015-01-20,1.461596131324768
2015-01-21,1.4347281455993652
2015-01-22,1.4078606367111206
2015-01-23,1.3863664865493774
2015-01-26,1.4186073541641235
2015-01-27,1.4186073541641235
2015-01-28,1.4024866819381714
2015-01-29,1.4508483409881592
2015-01-30,1.4562216997146606
2015-02-02,1.4830893278121948
2015-02-03,1.5260778665542603
2015-02-04,1.5045841932296753
2015-02-05,1.5421981811523438
2015-02-06,1.5260778665542603
2015-02-09,1.558318853378296
2015-02-10,1.5851870775222778
2015-02-11,1.606680989265442
2015-02-12,1.6335480213165283
2015-02-13,1.5851870775222778
2015-02-18,1.6228011846542358
2015-02-19,1.5690659284591675
2015-02-20,1.612054705619812
2015-02-23,1.612054705619812
2015-02-24,1.6013072729110718
2015-02-25,1.6335480213165283
2015-02-26,1.6819093227386475
2015-02-27,1.6980303525924683
2015-03-02,1.7517650127410889
2015-03-03,1.7517650127410889
2015-03-04,1.8055006265640259
2015-03-05,1.8269954919815063
2015-03-06,1.8592357635498047
2015-03-09,1.9559580087661743
2015-03-10,1.8914766311645508
2015-03-11,1.8861033916473389
2015-03-12,1.8861033916473389
2015-03-13,1.9398382902145386
2015-03-16,1.9022235870361328
2015-03-17,1.8968504667282104
2015-03-18,1.8914766311645508
2015-03-19,1.9398382902145386
2015-03-20,1.8646095991134644
2015-03-23,1.8861033916473389
2015-03-24,1.8602919578552246
2015-03-25,1.952224850654602
2015-03-26,1.9089618921279907
2015-03-27,1.941409707069397
2015-03-30,1.973855972290039
2015-03-31,1.9684481620788574
2015-04-01,1.973855972290039
2015-04-02,1.9630403518676758
2015-04-06,1.9900801181793213
2015-04-07,1.9792639017105103
2015-04-08,1.9900801181793213
2015-04-09,1.984671950340271
2015-04-10,1.9576324224472046
2015-04-13,1.9630403518676758
2015-04-14,1.9576324224472046
2015-04-15,1.9684481620788574
2015-04-16,1.973855972290039
2015-04-17,1.9630403518676758
2015-04-20,1.9468178749084473
2015-04-22,1.9684481620788574
2015-04-23,1.9900801181793213
2015-04-24,1.984671950340271
2015-04-27,1.9360013008117676
2015-04-28,1.9684481620788574
2015-04-29,1.9900801181793213
2015-04-30,1.9792639017105103
2015-05-04,2.0225272178649902
2015-05-05,2.0495662689208984
2015-05-06,1.9954872131347656
2015-05-07,1.9900801181793213
2015-05-08,2.05497407913208
2015-05-11,2.1036436557769775
2015-05-12,2.0711960792541504
2015-05-13,2.163130044937134
2015-05-14,2.152315139770508
2015-05-15,2.184760093688965
2015-05-18,2.141498327255249
2015-05-19,2.1198668479919434
2015-05-20,2.1198668479919434
2015-05-21,2.0766046047210693
2015-05-22,2.11445951461792
2015-05-25,2.168537139892578
2015-05-26,2.1198668479919434
2015-05-27,2.141498327255249
2015-05-28,2.08201265335083
2015-05-29,2.092827558517456
2015-06-01,2.065789222717285
2015-06-02,2.0441577434539795
2015-06-03,2.038750410079956
2015-06-05,2.08201265335083
2015-06-08,2.098236322402954
2015-06-09,2.1198668479919434
2015-06-10,2.0874202251434326
2015-06-11,2.0441577434539795
2015-06-12,2.0279338359832764
2015-06-15,2.065789222717285
2015-06-16,2.0279338359832764
2015-06-17,1.9684481620788574
2015-06-18,1.952224850654602
2015-06-19,1.973855972290039
2015-06-22,2.00630259513855
2015-06-23,2.038750410079956
2015-06-24,2.0117108821868896
2015-06-25,2.00630259513855
2015-06-26,1.925185203552246
2015-06-29,2.0008957386016846
2015-06-30,2.0495662689208984
2015-07-01,2.0117108821868896
2015-07-02,2.0225272178649902
2015-07-03,2.0279338359832764
2015-07-06,2.05497407913208
2015-07-07,2.0117108821868896
2015-07-08,1.9900801181793213
2015-07-10,2.0441577434539795
2015-07-13,2.098236322402954
2015-07-14,2.1036436557769775
2015-07-15,2.08201265335083
2015-07-16,2.141498327255249
2015-07-17,2.11445951461792
2015-07-20,2.1036436557769775
2015-07-21,2.0711960792541504
2015-07-22,2.1252756118774414
2015-07-23,2.233431577682495
2015-07-24,2.222615957260132
2015-07-27,2.1955761909484863
2015-07-28,2.2432470321655273
2015-07-29,2.194124937057495
2015-07-30,2.2377898693084717
2015-07-31,2.2596211433410645
2015-08-03,2.2814533710479736
2015-08-04,2.2596211433410645
2015-08-05,2.2978272438049316
2015-08-06,2.2323317527770996
2015-08-07,2.1832094192504883
2015-08-10,2.194124937057495
2015-08-11,2.188667058944702
2015-08-12,2.1122543811798096
2015-08-13,2.128628730773926
2015-08-14,2.155919313430786
2015-08-17,2.155919313430786
2015-08-18,2.166835308074951
2015-08-19,2.145002841949463
2015-08-20,2.1340866088867188
2015-08-21,2.0631325244903564
2015-08-24,2.0140106678009033
2015-08-25,2.0740489959716797
2015-08-26,2.1013383865356445
2015-08-27,2.150460720062256
2015-08-28,2.128628730773926
2015-08-31,2.1013383865356445
2015-09-01,2.0795063972473145
2015-09-02,2.177750825881958
2015-09-03,2.2432470321655273
2015-09-04,2.210498809814453
2015-09-08,2.248704671859741
2015-09-09,2.2268729209899902
2015-09-10,2.2377898693084717
2015-09-11,2.215956926345825
2015-09-14,2.275996446609497
2015-09-15,2.314201593399048
2015-09-16,2.3087432384490967
2015-09-17,2.2869112491607666
2015-09-18,2.2268729209899902
2015-09-21,2.215956926345825
2015-09-22,2.2541630268096924
2015-09-23,2.2268729209899902
2015-09-24,2.1832094192504883
2015-09-25,2.2705371379852295
2015-09-28,2.2268729209899902
2015-09-29,2.2268729209899902
2015-09-30,2.3196592330932617
2015-10-01,2.4397363662719727
2015-10-02,2.357865571975708
2015-10-05,2.4288198947906494
2015-10-06,2.412445306777954
2015-10-07,2.4233620166778564
2015-10-08,2.374239444732666
2015-10-09,2.357865571975708
2015-10-13,2.4015300273895264
2015-10-14,2.352407455444336
2015-10-15,2.325117826461792
2015-10-16,2.34149169921875
2015-10-19,2.374239444732666
2015-10-20,2.314201593399048
2015-10-21,2.1832094192504883
2015-10-22,2.3305752277374268
2015-10-23,2.3196592330932617
2015-10-26,2.368781805038452
2015-10-27,2.357865571975708
2015-10-28,2.3265480995178223
2015-10-29,2.24424147605896
2015-10-30,2.260701894760132
2015-11-03,2.271676540374756
2015-11-04,2.150959014892578
2015-11-05,2.145472288131714
2015-11-06,2.156446695327759
2015-11-09,2.145472288131714
2015-11-10,2.1290104389190674
2015-11-11,2.194857120513916
2015-11-12,2.2168052196502686
2015-11-13,2.2168052196502686
2015-11-16,2.2552151679992676
2015-11-17,2.2058310508728027
2015-11-18,2.222291946411133
2015-11-19,2.24424147605896
2015-11-23,2.2003438472747803
2015-11-24,2.1783955097198486
2015-11-25,2.2277793884277344
2015-11-26,2.2277793884277344
2015-11-27,2.2058310508728027
2015-11-30,2.194857120513916
2015-12-01,2.0851142406463623
2015-12-02,2.183882474899292
2015-12-03,2.222291946411133
2015-12-04,2.2058310508728027
2015-12-07,2.2168052196502686
2015-12-08,2.150959014892578
2015-12-09,2.112549304962158
2015-12-10,2.134498357772827
2015-12-11,2.145472288131714
2015-12-14,2.1015748977661133
2015-12-15,2.118036985397339
2015-12-16,2.074139356613159
2015-12-17,2.1015748977661133
2015-12-18,1.9643973112106323
2015-12-21,1.9643973112106323
2015-12-22,1.9973188638687134
2015-12-23,2.0412166118621826
2015-12-28,2.046704053878784
2015-12-29,2.0521912574768066
2015-12-30,2.0906007289886475
2016-01-04,1.9753721952438354
2016-01-05,2.0137810707092285
2016-01-06,2.030243158340454
2016-01-07,1.9479353427886963
2016-01-08,1.9314736127853394
2016-01-11,1.8436793088912964
2016-01-12,1.8711153268814087
2016-01-13,1.8272178173065186
2016-01-14,1.7613719701766968
2016-01-15,1.7558854818344116
2016-01-18,1.7065008878707886
2016-01-19,1.7449114322662354
2016-01-20,1.7394237518310547
2016-01-21,1.882089376449585
2016-01-22,1.882089376449585
2016-01-26,1.8491665124893188
2016-01-27,1.9095256328582764
2016-01-28,1.9205001592636108
2016-01-29,2.019268035888672
2016-02-01,1.9424476623535156
2016-02-02,1.8381925821304321
2016-02-03,1.8491665124893188
2016-02-04,1.797301173210144
2016-02-05,1.8194223642349243
2016-02-10,1.8360127210617065
2016-02-11,1.8083618879318237
2016-02-12,1.786241054534912
2016-02-15,1.8304821252822876
2016-02-16,1.85813307762146
2016-02-17,1.8636634349822998
2016-02-18,1.885784387588501
2016-02-19,1.8747239112854004
2016-02-22,1.907904028892517
2016-02-23,1.907904028892517
2016-02-24,1.8526031970977783
2016-02-25,1.8526031970977783
2016-02-26,1.885784387588501
2016-02-29,1.8691939115524292
2016-03-01,1.913434386253357
2016-03-02,1.913434386253357
2016-03-03,1.913434386253357
2016-03-04,1.85813307762146
2016-03-07,1.952146053314209
2016-03-08,1.9908583164215088
2016-03-09,1.9244955778121948
2016-03-10,1.8968442678451538
2016-03-11,1.847072720527649
2016-03-14,1.907904028892517
2016-03-15,1.85813307762146
2016-03-16,1.913434386253357
2016-03-17,1.891314148902893
2016-03-18,1.935556173324585
2016-03-21,1.957675814628601
2016-03-22,1.930025339126587
2016-03-23,1.8802540302276611
2016-03-24,1.8636634349822998
2016-03-28,1.85813307762146
2016-03-29,1.8526031970977783
2016-03-30,1.797301173210144
2016-03-31,1.7032890319824219
2016-04-01,1.6811683177947998
2016-04-04,1.692228078842163
2016-04-05,1.6590478420257568
2016-04-06,1.581624984741211
2016-04-07,1.5484449863433838
2016-04-08,1.5539743900299072
2016-04-11,1.498672604560852
2016-04-12,1.5318541526794434
2016-04-13,1.559504747390747
2016-04-14,1.5318541526794434
2016-04-15,1.5539743900299072
2016-04-18,1.581624984741211
2016-04-19,1.6203361749649048
2016-04-20,1.631397008895874
2016-04-22,1.6701078414916992
2016-04-25,1.6369273662567139
2016-04-26,1.664577841758728
2016-04-27,1.6977585554122925
2016-04-28,1.6590478420257568
2016-04-29,1.5484449863433838
2016-05-02,1.566490888595581
2016-05-03,1.5218931436538696
2016-05-04,1.5274674892425537
2016-05-05,1.560916543006897
2016-05-06,1.5720659494400024
2016-05-09,1.5274674892425537
2016-05-10,1.5776406526565552
2016-05-11,1.5497667789459229
2016-05-12,1.5441923141479492
2016-05-13,1.5330427885055542
2016-05-16,1.566490888595581
2016-05-17,1.5720659494400024
2016-05-18,1.5720659494400024
2016-05-19,1.5832151174545288
2016-05-20,1.6166630983352661
2016-05-23,1.5720659494400024
2016-05-24,1.5330427885055542
2016-05-25,1.516318678855896
2016-05-27,1.4995944499969482
2016-05-30,1.5051690340042114
2016-05-31,1.4884454011917114
2016-06-01,1.4494227170944214
2016-06-02,1.4772956371307373
2016-06-03,1.4661461114883423
2016-06-06,1.471720814704895
2016-06-07,1.4271233081817627
2016-06-08,1.410399317741394
2016-06-09,1.4159739017486572
2016-06-10,1.4271233081817627
2016-06-13,1.3936752080917358
2016-06-14,1.3658016920089722
2016-06-15,1.3490772247314453
2016-06-16,1.3490772247314453
2016-06-17,1.3658016920089722
2016-06-20,1.332353949546814
2016-06-21,1.2933300733566284
2016-06-22,1.2598824501037598
2016-06-23,1.3156296014785767
2016-06-24,1.254307508468628
2016-06-27,1.254307508468628
2016-06-28,1.2264342308044434
2016-06-29,1.2598824501037598
2016-06-30,1.2877553701400757
2016-07-01,1.3156296014785767
2016-07-04,1.354651927947998
2016-07-05,1.3435026407241821
2016-07-06,1.3435026407241821
2016-07-07,1.304479718208313
2016-07-08,1.2710319757461548
2016-07-11,1.2821813821792603
2016-07-12,1.332353949546814
2016-07-13,1.3212041854858398
2016-07-14,1.3435026407241821
2016-07-15,1.3267791271209717
2016-07-18,1.354651927947998
2016-07-19,1.3881007432937622
2016-07-20,1.4326976537704468
2016-07-21,1.4661461114883423
2016-07-22,1.5274674892425537
2016-07-25,1.4661461114883423
2016-07-26,1.4661461114883423
2016-07-27,1.4494227170944214
2016-07-28,1.4995944499969482
2016-07-29,1.4549964666366577
2016-08-01,1.4176337718963623
2016-08-02,1.36137855052948
2016-08-03,1.4007573127746582
2016-08-04,1.389506220817566
2016-08-05,1.3726296424865723
2016-08-08,1.4063827991485596
2016-08-09,1.4288843870162964
2016-08-10,1.4176337718963623
2016-08-11,1.451387643814087
2016-08-12,1.4401359558105469
2016-08-15,1.451387643814087
2016-08-16,1.473888874053955
2016-08-17,1.4457613229751587
2016-08-18,1.4682636260986328
2016-08-19,1.4626384973526
2016-08-22,1.451387643814087
2016-08-23,1.45701265335083
2016-08-24,1.4626384973526
2016-08-25,1.4626384973526
2016-08-26,1.4457613229751587
2016-08-29,1.45701265335083
2016-08-30,1.4626384973526
2016-08-31,1.45701265335083
2016-09-01,1.490766167640686
2016-09-02,1.45701265335083
2016-09-05,1.45701265335083
2016-09-06,1.451387643814087
2016-09-08,1.451387643814087
2016-09-09,1.451387643814087
2016-09-12,1.4682636260986328
2016-09-13,1.4457613229751587
2016-09-14,1.4457613229751587
2016-09-15,1.451387643814087
2016-09-16,1.451387643814087
2016-09-19,1.479514479637146
2016-09-20,1.490766167640686
2016-09-21,1.513268232345581
2016-09-22,1.5076425075531006
2016-09-23,1.530144214630127
2016-09-26,1.5357698202133179
2016-09-27,1.5470209121704102
2016-09-28,1.5638983249664307
2016-09-29,1.5751489400863647
2016-09-30,1.5638983249664307
2016-10-03,1.5863994359970093
2016-10-04,1.5863994359970093
2016-10-05,1.6089026927947998
2016-10-06,1.6032763719558716
2016-10-07,1.5357698202133179
2016-10-10,1.5470209121704102
2016-10-11,1.541395664215088
2016-10-13,1.541395664215088
2016-10-14,1.5638983249664307
2016-10-17,1.558272123336792
2016-10-18,1.5526466369628906
2016-10-19,1.5470209121704102
2016-10-20,1.5245187282562256
2016-10-21,1.5470209121704102
2016-10-24,1.5357698202133179
2016-10-25,1.5470209121704102
2016-10-26,1.6089026927947998
2016-10-27,1.6257787942886353
2016-10-28,1.653905987739563
2016-10-31,1.6145272254943848
2016-11-01,1.5526466369628906
2016-11-03,1.518893837928772
2016-11-04,1.5106884241104126
2016-11-07,1.5334060192108154
2016-11-08,1.493650197982788
2016-11-09,1.459574818611145
2016-11-10,1.5561226606369019
2016-11-11,1.584519624710083
2016-11-14,1.5901991128921509
2016-11-16,1.5277268886566162
2016-11-17,1.550443172454834
2016-11-18,1.5334060192108154
2016-11-21,1.487971305847168
2016-11-22,1.522047758102417
2016-11-23,1.5561226606369019
2016-11-24,1.5618019104003906
2016-11-25,1.5334060192108154
2016-11-28,1.584519624710083
2016-11-29,1.6072360277175903
2016-11-30,1.5731602907180786
2016-12-01,1.493650197982788
2016-12-02,1.499329924583435
2016-12-05,1.487971305847168
2016-12-06,1.516367793083191
2016-12-07,1.5561226606369019
2016-12-08,1.584519624710083
2016-12-09,1.5618019104003906
2016-12-12,1.5334060192108154
2016-12-13,1.5447640419006348
2016-12-14,1.5561226606369019
2016-12-15,1.5447640419006348
2016-12-16,1.6185951232910156
2016-12-19,1.5901991128921509
2016-12-20,1.539085030555725
2016-12-21,1.539085030555725
2016-12-22,1.5277268886566162
2016-12-23,1.550443172454834
2016-12-26,1.5618019104003906
2016-12-27,1.5618019104003906
2016-12-28,1.584519624710083
2016-12-29,1.6185951232910156
2017-01-02,1.584519624710083
2017-01-03,1.6242746114730835
2017-01-04,1.6015570163726807
2017-01-05,1.6242746114730835
2017-01-06,1.6015570163726807
2017-01-09,1.5788401365280151
2017-01-10,1.6129157543182373
2017-01-11,1.5731602907180786
2017-01-12,1.6015570163726807
2017-01-13,1.5958778858184814
2017-01-16,1.5788401365280151
2017-01-17,1.5901991128921509
2017-01-18,1.6015570163726807
2017-01-19,1.6129157543182373
2017-01-20,1.6015570163726807
2017-01-23,1.5958778858184814
2017-01-24,1.6015570163726807
2017-01-26,1.6015570163726807
2017-01-27,1.6072360277175903
2017-01-30,1.5901991128921509
2017-01-31,1.5901991128921509
2017-02-01,1.5731602907180786
2017-02-02,1.5561226606369019
2017-02-03,1.5618019104003906
2017-02-06,1.5334060192108154
2017-02-07,1.5325015783309937
2017-02-08,1.5439811944961548
2017-02-09,1.5439811944961548
2017-02-10,1.5439811944961548
2017-02-13,1.5382417440414429
2017-02-14,1.5439811944961548
2017-02-15,1.5956382751464844
2017-02-16,1.5784192085266113
2017-02-17,1.5784192085266113
2017-02-20,1.5726792812347412
2017-02-21,1.584159016609192
2017-02-22,1.5726792812347412
2017-02-23,1.555459976196289
2017-02-24,1.584159016609192
2017-03-01,1.5669394731521606
2017-03-02,1.5439811944961548
2017-03-03,1.5325015783309937
2017-03-06,1.521021842956543
2017-03-07,1.5038026571273804
2017-03-08,1.498063087463379
2017-03-09,1.498063087463379
2017-03-10,1.5038026571273804
2017-03-13,1.5325015783309937
2017-03-14,1.5095421075820923
2017-03-15,1.5152825117111206
2017-03-16,1.5152825117111206
2017-03-17,1.5095421075820923
2017-03-20,1.5095421075820923
2017-03-21,1.475104570388794
2017-03-22,1.4521455764770508
2017-03-23,1.4349267482757568
2017-03-24,1.4291868209838867
2017-03-27,1.4177076816558838
2017-03-28,1.4578857421875
2017-03-29,1.4808446168899536
2017-03-30,1.5038026571273804
2017-03-31,1.5382417440414429
2017-04-03,1.526761770248413
2017-04-04,1.584159016609192
2017-04-05,1.555459976196289
2017-04-06,1.5325015783309937
2017-04-07,1.5439811944961548
2017-04-10,1.5497210025787354
2017-04-11,1.5325015783309937
2017-04-12,1.5612001419067383
2017-04-13,1.521021842956543
2017-04-17,1.5382417440414429
2017-04-18,1.521021842956543
2017-04-19,1.521021842956543
2017-04-20,1.5325015783309937
2017-04-24,1.6587753295898438
2017-04-25,1.6128569841384888
2017-04-26,1.6243364810943604
2017-04-27,1.635816216468811
2017-04-28,1.6243364810943604
2017-05-02,1.6472958326339722
2017-05-03,1.6415560245513916
2017-05-04,1.6415560245513916
2017-05-05,1.6603885889053345
2017-05-08,1.65462327003479
2017-05-09,1.671919345855713
2017-05-10,1.6430926322937012
2017-05-11,1.6315617561340332
2017-05-12,1.6257965564727783
2017-05-15,1.6488579511642456
2017-05-16,1.6488579511642456
2017-05-17,1.596971035003662
2017-05-18,1.6027358770370483
2017-05-19,1.6142666339874268
2017-05-22,1.6603885889053345
2017-05-23,1.7295714616775513
2017-05-24,1.689214825630188
2017-05-25,1.7468669414520264
2017-05-26,1.741101861000061
2017-05-29,1.741101861000061
2017-05-30,1.689214825630188
2017-05-31,1.6488579511642456
2017-06-01,1.65462327003479
2017-06-02,1.6373274326324463
2017-06-05,1.689214825630188
2017-06-06,1.689214825630188
2017-06-07,1.6834486722946167
2017-06-08,1.671919345855713
2017-06-09,1.6315617561340332
2017-06-12,1.6661537885665894
2017-06-13,1.6949801445007324
2017-06-14,1.7007449865341187
2017-06-15,1.7007449865341187
2017-06-16,1.689214825630188
2017-06-19,1.6949801445007324
2017-06-20,1.6834486722946167
2017-06-21,1.6661537885665894
2017-06-22,1.6603885889053345
2017-06-23,1.6373274326324463
2017-06-26,1.671919345855713
2017-06-27,1.6661537885665894
2017-06-28,1.6488579511642456
2017-06-29,1.6315617561340332
2017-06-30,1.6257965564727783
2017-07-03,1.6373274326324463
2017-07-04,1.6603885889053345
2017-07-05,1.6603885889053345
2017-07-06,1.6315617561340332
2017-07-07,1.6085011959075928
2017-07-10,1.6142666339874268
2017-07-11,1.6488579511642456
2017-07-12,1.6603885889053345
2017-07-13,1.6373274326324463
2017-07-14,1.6603885889053345
2017-07-17,1.671919345855713
2017-07-18,1.6603885889053345
2017-07-19,1.6661537885665894
2017-07-20,1.671919345855713
2017-07-21,1.6949801445007324
2017-07-24,1.6834486722946167
2017-07-25,1.6776840686798096
2017-07-26,1.6430926322937012
2017-07-27,1.6603885889053345
2017-07-28,1.6430926322937012
2017-07-31,1.6257965564727783
2017-08-01,1.6257965564727783
2017-08-02,1.6700117588043213
2017-08-03,1.6525551080703735
2017-08-04,1.6700117588043213
2017-08-07,1.6525551080703735
2017-08-08,1.6409169435501099
2017-08-09,1.6350979804992676
2017-08-10,1.6409169435501099
2017-08-11,1.664192795753479
2017-08-14,1.6583737134933472
2017-08-15,1.7049249410629272
2017-08-16,1.7689327001571655
2017-08-17,1.7398381233215332
2017-08-18,1.7281999588012695
2017-08-21,1.7689327001571655
2017-08-22,1.8213015794754028
2017-08-23,1.8213015794754028
2017-08-24,1.8038461208343506
2017-08-25,1.832939624786377
2017-08-28,1.8387584686279297
2017-08-29,1.832939624786377
2017-08-30,1.8038461208343506
2017-08-31,1.7922075986862183
2017-09-01,1.7805702686309814
2017-09-04,1.8387584686279297
2017-09-05,1.8271205425262451
2017-09-06,1.832939624786377
2017-09-07,1.832939624786377
2017-09-08,1.8387584686279297
2017-09-11,1.896946907043457
2017-09-12,1.9725927114486694
2017-09-13,1.978411078453064
2017-09-14,1.966773271560669
2017-09-15,1.966773271560669
2017-09-18,2.019143581390381
2017-09-19,2.0307815074920654
2017-09-20,2.019143581390381
2017-09-21,1.9842300415039062
2017-09-22,2.0133237838745117
2017-09-25,1.9900486469268799
2017-09-26,1.978411078453064
2017-09-27,1.978411078453064
2017-09-28,1.9551355838775635
2017-09-29,1.9434980154037476
2017-10-02,1.9202226400375366
2017-10-03,1.966773271560669
2017-10-04,1.966773271560669
2017-10-05,1.9842300415039062
2017-10-06,2.03659987449646
2017-10-09,1.9725927114486694
2017-10-10,1.9900486469268799
2017-10-11,2.03659987449646
2017-10-12,2.03659987449646
2017-10-13,2.0133237838745117
2017-10-16,2.0424177646636963
2017-10-17,2.019143581390381
2017-10-18,2.03659987449646
2017-10-19,1.9958674907684326
2017-10-20,2.123882532119751
2017-10-23,2.0482370853424072
2017-10-24,2.059875011444092
2017-10-25,2.0307815074920654
2017-10-26,2.007504940032959
2017-10-27,2.03659987449646
2017-10-30,1.9842300415039062
2017-10-31,1.9900486469268799
2017-11-01,2.0249621868133545
2017-11-02,2.0249621868133545
2017-11-03,2.032454013824463
2017-11-06,2.032454013824463
2017-11-07,1.9502158164978027
2017-11-08,1.9502158164978027
2017-11-09,2.01483154296875
2017-11-10,1.9384682178497314
2017-11-13,1.9795873165130615
2017-11-14,1.920845866203308
2017-11-15,1.920845866203308
2017-11-16,1.9913356304168701
2017-11-17,1.9678380489349365
2017-11-20,1.9678380489349365
2017-11-21,1.9854614734649658
2017-11-22,1.9384682178497314
2017-11-23,1.944342017173767
2017-11-24,1.9149715900421143
2017-11-27,1.944342017173767
2017-11-28,1.9854614734649658
2017-11-29,1.9502158164978027
2017-11-30,1.9149715900421143
2017-12-01,1.9090970754623413
2017-12-04,1.9090970754623413
2017-12-05,1.8679783344268799
2017-12-06,1.9090970754623413
2017-12-07,1.8679783344268799
2017-12-08,1.8386069536209106
2017-12-11,1.820985198020935
2017-12-12,1.820985198020935
2017-12-13,1.820985198020935
2017-12-14,1.803362488746643
2017-12-15,1.7857402563095093
2017-12-18,1.8151113986968994
2017-12-19,1.7974882125854492
2017-12-20,1.8092366456985474
2017-12-21,1.850356101989746
2017-12-22,1.8621045351028442
2017-12-25,1.8621045351028442
2017-12-26,1.879726767539978
2017-12-27,1.8562294244766235
2017-12-28,1.8444809913635254
2017-12-29,1.8444809913635254
2018-01-02,1.920845866203308
2018-01-03,1.9032230377197266
2018-01-04,1.9267194271087646
2018-01-05,1.8914746046066284
2018-01-08,1.8973487615585327
2018-01-09,1.9032230377197266
2018-01-10,1.8738529682159424
2018-01-11,1.8444809913635254
2018-01-12,1.8386069536209106
2018-01-15,1.8386069536209106
2018-01-16,1.8151113986968994
2018-01-17,1.803362488746643
2018-01-18,1.8327332735061646
2018-01-19,1.8444809913635254
2018-01-22,1.8679783344268799
2018-01-23,1.8738529682159424
2018-01-24,1.8973487615585327
2018-01-25,1.8973487615585327
2018-01-26,1.8973487615585327
2018-01-29,1.956089735031128
2018-01-30,1.920845866203308
2018-01-31,1.8973487615585327
2018-02-01,1.8914746046066284
2018-02-02,1.8562294244766235
2018-02-05,1.850356101989746
2018-02-06,1.8738529682159424
2018-02-07,1.9228333234786987
2018-02-08,1.8516167402267456
2018-02-09,1.8575522899627686
2018-02-14,1.8694217205047607
2018-02-15,1.88722562789917
2018-02-16,1.88722562789917
2018-02-19,1.8694217205047607
2018-02-20,1.8694217205047607
2018-02-21,1.916898250579834
2018-02-22,1.8931602239608765
2018-02-23,1.916898250579834
2018-02-26,1.9287675619125366
2018-02-27,1.8990944623947144
2018-02-28,1.863486409187317
2018-03-01,1.8990944623947144
2018-03-02,1.88722562789917
2018-03-05,1.8812905550003052
2018-03-06,1.8812905550003052
2018-03-07,1.9287675619125366
2018-03-08,1.9050287008285522
2018-03-09,1.9406369924545288
2018-03-12,1.9465713500976562
2018-03-13,1.9703097343444824
2018-03-14,1.9999840259552002
2018-03-15,1.9287675619125366
2018-03-16,1.9465713500976562
2018-03-19,1.9050287008285522
2018-03-20,1.8931602239608765
2018-03-21,1.9109630584716797
2018-03-22,1.8812905550003052
2018-03-23,1.9050287008285522
2018-03-26,1.9228333234786987
2018-03-27,1.9347023963928223
2018-03-28,1.9525065422058105
2018-03-29,1.9762449264526367
2018-04-02,1.9287675619125366
2018-04-03,1.916898250579834
2018-04-04,1.9999840259552002
2018-04-05,2.005918502807617
2018-04-06,2.0177879333496094
2018-04-09,1.9999840259552002
2018-04-10,2.005918502807617
2018-04-11,1.9762449264526367
2018-04-12,1.9703097343444824
2018-04-13,1.9703097343444824
2018-04-16,2.0177879333496094
2018-04-17,2.0118534564971924
2018-04-18,1.9940489530563354
2018-04-19,1.9821796417236328
2018-04-20,2.0474612712860107
2018-04-23,2.0118534564971924
2018-04-24,2.005918502807617
2018-04-25,1.9525065422058105
2018-04-26,1.9821796417236328
2018-04-27,1.9999840259552002
2018-04-30,1.9881144762039185
2018-05-02,2.0118534564971924
2018-05-03,2.0171682834625244
2018-05-04,1.9692833423614502
2018-05-07,1.9692833423614502
2018-05-08,1.9812531471252441
2018-05-09,1.9752687215805054
2018-05-10,1.9992116689682007
2018-05-11,1.9992116689682007
2018-05-14,1.9812531471252441
2018-05-15,2.0470962524414062
2018-05-16,2.088996410369873
2018-05-17,2.088996410369873
2018-05-18,2.08301043510437
2018-05-21,2.1787807941436768
2018-05-22,2.1249096393585205
2018-05-23,2.1249096393585205
2018-05-24,2.0770251750946045
2018-05-25,2.0470962524414062
2018-05-28,1.9453401565551758
2018-05-29,1.95132577419281
2018-05-30,2.0231544971466064
2018-06-01,2.0051960945129395
2018-06-04,1.9812531471252441
2018-06-05,1.9632970094680786
2018-06-06,1.9632970094680786
2018-06-07,1.9154115915298462
2018-06-08,1.9154115915298462
2018-06-11,1.8974547386169434
2018-06-12,1.95132577419281
2018-06-13,1.9034411907196045
2018-06-14,1.9154115915298462
2018-06-15,1.9034411907196045
2018-06-18,1.8914686441421509
2018-06-19,1.8914686441421509
2018-06-20,1.8675260543823242
2018-06-21,1.8615400791168213
2018-06-22,1.8615400791168213
2018-06-25,1.8615400791168213
2018-06-26,1.855555534362793
2018-06-27,1.855555534362793
2018-06-28,1.855555534362793
2018-06-29,1.8735122680664062
2018-07-02,1.8675260543823242
2018-07-03,1.8794981241226196
2018-07-04,1.855555534362793
2018-07-05,1.8735122680664062
2018-07-06,1.8794981241226196
2018-07-10,1.8735122680664062
2018-07-11,1.9154115915298462
2018-07-12,1.9273825883865356
2018-07-13,1.95132577419281
2018-07-16,1.9632970094680786
2018-07-17,1.9692833423614502
2018-07-18,1.9752687215805054
2018-07-19,1.9752687215805054
2018-07-20,1.95132577419281
2018-07-23,1.9692833423614502
2018-07-24,1.9932252168655396
2018-07-25,1.987239122390747
2018-07-26,1.9692833423614502
2018-07-27,1.9752687215805054
2018-07-30,1.9752687215805054
2018-07-31,1.9752687215805054
2018-08-01,1.9692833423614502
2018-08-02,1.9632970094680786
2018-08-03,1.9213972091674805
2018-08-06,1.9659360647201538
2018-08-07,1.9296423196792603
2018-08-08,1.9296423196792603
2018-08-09,1.9054455757141113
2018-08-10,1.8812485933303833
2018-08-13,1.899396538734436
2018-08-14,1.899396538734436
2018-08-15,1.8752002716064453
2018-08-16,1.8812485933303833
2018-08-17,1.8752002716064453
2018-08-20,1.9054455757141113
2018-08-21,1.899396538734436
2018-08-22,1.9356906414031982
2018-08-23,1.9961812496185303
2018-08-24,1.9961812496185303
2018-08-27,1.9659360647201538
2018-08-28,1.9417393207550049
2018-08-29,1.9780343770980835
2018-08-30,1.9719847440719604
2018-08-31,1.953837513923645
2018-09-03,2.0143277645111084
2018-09-04,2.0143277645111084
2018-09-05,2.002229690551758
2018-09-06,2.002229690551758
2018-09-10,1.984082818031311
2018-09-11,1.9719847440719604
2018-09-12,1.9719847440719604
2018-09-13,1.9780343770980835
2018-09-14,1.9598870277404785
2018-09-17,1.9719847440719604
2018-09-18,1.9659360647201538
2018-09-19,1.9417393207550049
2018-09-20,1.9598870277404785
2018-09-21,1.9659360647201538
2018-09-24,1.9356906414031982
2018-09-25,1.9356906414031982
2018-09-26,1.953837513923645
2018-09-27,1.9356906414031982
2018-09-28,1.9296423196792603
2018-10-01,1.9114943742752075
2018-10-02,1.9356906414031982
2018-10-03,1.8933472633361816
2018-10-04,1.8872981071472168
2018-10-05,1.857053518295288
2018-10-08,1.8631024360656738
2018-10-09,1.857053518295288
2018-10-10,1.8752002716064453
2018-10-11,1.8631024360656738
2018-10-15,1.857053518295288
2018-10-16,1.857053518295288
2018-10-17,1.8631024360656738
2018-10-18,1.9054455757141113
2018-10-19,1.9114943742752075
2018-10-22,1.8691515922546387
2018-10-23,1.8631024360656738
2018-10-24,1.8631024360656738
2018-10-25,1.8933472633361816
2018-10-26,1.8933472633361816
2018-10-29,1.9054455757141113
2018-10-30,1.8872981071472168
2018-10-31,1.9235930442810059
2018-11-01,1.953837513923645
2018-11-05,1.9813661575317383
2018-11-06,1.9443312883377075
2018-11-07,1.9134694337844849
2018-11-08,1.8887792825698853
2018-11-09,1.8764342069625854
2018-11-12,1.8517447710037231
2018-11-13,1.864088773727417
2018-11-14,1.8517447710037231
2018-11-16,1.864088773727417
2018-11-19,1.8393999338150024
2018-11-21,1.8517447710037231
2018-11-22,1.857916235923767
2018-11-23,1.8517447710037231
2018-11-26,1.8517447710037231
2018-11-27,1.8517447710037231
2018-11-28,1.8517447710037231
2018-11-29,1.8455721139907837
2018-11-30,1.8332265615463257
2018-12-03,1.8393999338150024
2018-12-04,1.7961918115615845
2018-12-05,1.7900199890136719
2018-12-06,1.7776750326156616
2018-12-07,1.7653300762176514
2018-12-10,1.7591572999954224
2018-12-11,1.7591572999954224
2018-12-12,1.7591572999954224
2018-12-13,1.7961918115615845
2018-12-14,1.820881962776184
2018-12-17,1.7653300762176514
2018-12-18,1.8270543813705444
2018-12-19,1.8332265615463257
2018-12-20,1.8085367679595947
2018-12-21,1.806968092918396
2018-12-26,1.8006939888000488
2018-12-27,1.763047218322754
2018-12-28,1.7755964994430542
2019-01-02,1.8383383750915527
2019-01-03,1.8759839534759521
2019-01-04,1.8885315656661987
2019-01-07,1.8885315656661987
2019-01-08,1.9010803699493408
2019-01-09,1.9700965881347656
2019-01-10,1.9512736797332764
2019-01-11,1.9324514865875244
2019-01-14,1.963822364807129
2019-01-15,1.982645034790039
2019-01-16,1.9763705730438232
2019-01-17,1.9575481414794922
2019-01-18,1.963822364807129
2019-01-21,1.982645034790039
2019-01-22,1.9575481414794922
2019-01-23,1.9889190196990967
2019-01-24,1.9889190196990967
2019-01-28,1.9951940774917603
2019-01-29,1.9763705730438232
2019-01-30,1.9889190196990967
2019-01-31,1.9763705730438232
2019-02-01,2.020289659500122
2019-02-04,2.070484161376953
2019-02-05,2.152047872543335
2019-02-06,2.0830321311950684
2019-02-07,2.1081290245056152
2019-02-08,2.0642099380493164
2019-02-11,2.0391125679016113
2019-02-12,1.9763705730438232
2019-02-13,1.9724751710891724
2019-02-14,1.9976028203964233
2019-02-15,2.003884792327881
2019-02-18,1.9787566661834717
2019-02-19,2.003884792327881
2019-02-20,2.0101659297943115
2019-02-21,1.9913206100463867
2019-02-22,1.9724751710891724
2019-02-25,1.9724751710891724
2019-02-26,2.016447067260742
2019-02-27,1.9787566661834717
2019-02-28,1.959911584854126
2019-03-01,1.9410662651062012
2019-03-06,1.959911584854126
2019-03-07,1.928503155708313
2019-03-08,1.9724751710891724
2019-03-11,1.9473485946655273
2019-03-12,1.9347846508026123
2019-03-13,1.959911584854126
2019-03-14,1.9410662651062012
2019-03-15,1.9410662651062012
2019-03-18,1.9473485946655273
2019-03-19,1.9536291360855103
2019-03-20,1.9410662651062012
2019-03-21,1.9473485946655273
2019-03-22,1.90965735912323
2019-03-25,1.9347846508026123
2019-03-26,1.90965735912323
2019-03-27,1.897093415260315
2019-03-28,1.9473485946655273
2019-03-29,1.9347846508026123
2019-04-01,1.959911584854126
2019-04-02,1.9536291360855103
2019-04-03,1.9347846508026123
2019-04-04,1.8845309019088745
2019-04-05,1.903375506401062
2019-04-08,1.897093415260315
2019-04-09,1.8845309019088745
2019-04-10,1.8468399047851562
2019-04-11,1.8342761993408203
2019-04-12,1.8279943466186523
2019-04-15,1.8279943466186523
2019-04-16,1.8342761993408203
2019-04-17,1.878248929977417
2019-04-18,1.8594032526016235
2019-04-22,1.8594032526016235
2019-04-23,1.8531215190887451
2019-04-24,1.8845309019088745
2019-04-25,1.959911584854126
2019-04-26,1.9536291360855103
2019-04-29,1.9473485946655273
2019-04-30,1.897093415260315
2019-05-02,1.928503155708313
2019-05-03,1.915939211845398
2019-05-06,1.897093415260315
2019-05-07,1.9086341857910156
2019-05-08,1.8768231868743896
2019-05-09,1.914995551109314
2019-05-10,1.9022719860076904
2019-05-13,1.8386509418487549
2019-05-14,1.8322888612747192
2019-05-15,1.8132022619247437
2019-05-16,1.8004776239395142
2019-05-17,1.8132022619247437
2019-05-20,1.8768231868743896
2019-05-21,1.9213573932647705
2019-05-22,1.9213573932647705
2019-05-23,1.8895471096038818
2019-05-24,1.8132022619247437
2019-05-27,1.8386509418487549
2019-05-28,1.8259268999099731
2019-05-29,1.8195644617080688
2019-05-30,1.8195644617080688
2019-05-31,1.8386509418487549
2019-06-03,1.806840181350708
2019-06-04,1.8132022619247437
2019-06-05,1.8259268999099731
2019-06-06,1.8577368259429932
2019-06-07,1.84501314163208
2019-06-10,1.8513745069503784
2019-06-11,1.8513745069503784
2019-06-12,1.84501314163208
2019-06-13,1.8768231868743896
2019-06-14,1.8386509418487549
2019-06-17,1.8577368259429932
2019-06-18,1.870461344718933
2019-06-19,1.9022719860076904
2019-06-21,1.9404444694519043
2019-06-24,1.9277199506759644
2019-06-25,1.9277199506759644
2019-06-26,1.9658925533294678
2019-06-27,1.9404444694519043
2019-06-28,1.94680655002594
2019-07-01,1.94680655002594
2019-07-02,1.94680655002594
2019-07-03,1.9595308303833008
2019-07-04,1.9786165952682495
2019-07-05,2.010427713394165
2019-07-08,1.9786165952682495
2019-07-10,1.9786165952682495
2019-07-11,1.9722552299499512
2019-07-12,1.9786165952682495
2019-07-15,1.9722552299499512
2019-07-16,2.0040650367736816
2019-07-17,2.010427713394165
2019-07-18,1.9786165952682495
2019-07-19,1.9531688690185547
2019-07-22,1.9404444694519043
2019-07-23,1.9277199506759644
2019-07-24,1.9213573932647705
2019-07-25,1.9022719860076904
2019-07-26,1.870461344718933
2019-07-29,1.8768231868743896
2019-07-30,1.8895471096038818
2019-07-31,1.8640989065170288
2019-08-01,1.84501314163208
2019-08-02,1.8577368259429932
2019-08-05,1.84501314163208
2019-08-06,1.84501314163208
2019-08-07,1.84501314163208
2019-08-08,1.8768231868743896
2019-08-09,1.8616410493850708
2019-08-12,1.8616410493850708
2019-08-13,1.9131741523742676
2019-08-14,1.8423160314559937
2019-08-15,1.835874080657959
2019-08-16,1.8423160314559937
2019-08-19,1.8229905366897583
2019-08-20,1.803666114807129
2019-08-21,1.810106873512268
2019-08-22,1.7972240447998047
2019-08-23,1.7907828092575073
2019-08-26,1.7907828092575073
2019-08-27,1.7972240447998047
2019-08-28,1.835874080657959
2019-08-29,1.8487578630447388
2019-08-30,1.8551993370056152
2019-09-02,1.8680826425552368
2019-09-03,1.8551993370056152
2019-09-04,1.8551993370056152
2019-09-05,1.874523639678955
2019-09-06,1.874523639678955
2019-09-09,1.8809653520584106
2019-09-10,1.8680826425552368
2019-09-11,1.900290846824646
2019-09-12,1.900290846824646
2019-09-13,1.9131741523742676
2019-09-16,1.887407660484314
2019-09-17,1.887407660484314
2019-09-18,1.9131741523742676
2019-09-19,1.8938491344451904
2019-09-20,1.8616410493850708
2019-09-23,1.900290846824646
2019-09-24,1.874523639678955
2019-09-25,1.887407660484314
2019-09-26,1.8680826425552368
2019-09-27,1.874523639678955
2019-09-30,1.887407660484314
2019-10-01,1.874523639678955
2019-10-02,1.8487578630447388
2019-10-03,1.835874080657959
2019-10-04,1.8487578630447388
2019-10-07,1.8294326066970825
2019-10-08,1.810106873512268
2019-10-09,1.8229905366897583
2019-10-10,1.835874080657959
2019-10-11,1.900290846824646
2019-10-14,1.906732201576233
2019-10-15,1.9131741523742676
2019-10-16,1.9518240690231323
2019-10-17,1.945381999015808
2019-10-18,1.945381999015808
2019-10-21,1.9324995279312134
2019-10-22,1.971149206161499
2019-10-23,1.9647072553634644
2019-10-24,1.9775909185409546
2019-10-25,1.945381999015808
2019-10-28,1.9196161031723022
2019-10-29,1.9324995279312134
2019-10-30,1.938940167427063
2019-10-31,1.958265781402588
2019-11-01,1.9904741048812866
2019-11-04,2.125749111175537
2019-11-05,2.1193079948425293
2019-11-06,2.112865686416626
2019-11-07,2.228060483932495
2019-11-08,2.214954376220703
2019-11-11,2.2477195262908936
2019-11-12,2.2673795223236084
2019-11-13,2.2215073108673096
2019-11-14,2.234612226486206
2019-11-18,2.228060483932495
2019-11-19,2.2215073108673096
2019-11-21,2.2608251571655273
2019-11-22,2.2411656379699707
2019-11-25,2.214954376220703
2019-11-26,2.2215073108673096
2019-11-27,2.2935914993286133
2019-11-28,2.2411656379699707
2019-11-29,2.2477195262908936
2019-12-02,2.2935914993286133
2019-12-03,2.33290958404541
2019-12-04,2.3132503032684326
2019-12-05,2.3460164070129395
2019-12-06,2.3591225147247314
2019-12-09,2.2935914993286133
2019-12-10,2.33290958404541
2019-12-11,2.352569103240967
2019-12-12,2.378781318664551
2019-12-13,2.398440361022949
2019-12-16,2.365675449371338
2019-12-17,2.398440361022949
2019-12-18,2.398440361022949
2019-12-19,2.391887664794922
2019-12-20,2.4115476608276367
2019-12-23,2.396946668624878
2019-12-26,2.383704423904419
2019-12-27,2.3505969047546387
2019-12-30,2.3505969047546387
2020-01-02,2.377082586288452
2020-01-03,2.4432971477508545
2020-01-06,2.4432971477508545
2020-01-07,2.4565389156341553
2020-01-08,2.4764034748077393
2020-01-09,2.4697821140289307
2020-01-10,2.5227530002593994
2020-01-13,2.668423891067505
2020-01-14,2.7478816509246826
2020-01-15,2.6618027687072754
2020-01-16,2.701531410217285
2020-01-17,2.6949102878570557
2020-01-20,2.7478816509246826
2020-01-21,2.6949102878570557
2020-01-22,2.853822708129883
2020-01-23,2.8405814170837402
2020-01-24,2.8339591026306152
2020-01-27,2.7147741317749023
2020-01-28,2.7147741317749023
2020-01-29,2.800852060317993
2020-01-30,2.7213950157165527
2020-01-31,2.701531410217285
2020-02-03,2.7213950157165527
2020-02-04,2.76774525642395
2020-02-05,2.7478816509246826
2020-02-06,2.8074734210968018
2020-02-07,2.7213950157165527
2020-02-10,2.688288450241089
2020-02-11,2.7640953063964844
2020-02-12,2.9099230766296387
2020-02-13,2.8701510429382324
2020-02-14,2.803865909576416
2020-02-17,2.7906084060668945
2020-02-18,2.7773520946502686
2020-02-19,2.78398060798645
2020-02-20,2.7773520946502686
2020-02-21,2.876779556274414
2020-02-26,2.6580381393432617
2020-02-27,2.591752767562866
2020-02-28,2.585124969482422
2020-03-02,2.750838041305542
2020-03-03,2.7375805377960205
2020-03-04,2.9032938480377197
2020-03-05,2.8502657413482666
2020-03-06,2.78398060798645
2020-03-09,2.585124969482422
2020-03-10,2.61826753616333
2020-03-11,2.432668924331665
2020-03-12,2.1078712940216064
2020-03-13,2.154270648956299
2020-03-16,1.8692437410354614
2020-03-17,1.8825011253356934
2020-03-18,1.6902735233306885
2020-03-19,1.9090150594711304
2020-03-20,1.8559870719909668
2020-03-23,1.7698158025741577
2020-03-24,1.7698158025741577
2020-03-25,1.8559870719909668
2020-03-26,1.8692437410354614
2020-03-27,2.0084424018859863
2020-03-30,2.074728012084961
2020-03-31,2.134384870529175
2020-04-01,2.114499568939209
2020-04-02,2.2139272689819336
2020-04-03,2.174156665802002
2020-04-06,2.167527437210083
2020-04-07,2.0614705085754395
2020-04-08,2.141012668609619
2020-04-09,2.1012425422668457
2020-04-13,2.134384870529175
2020-04-14,2.167527437210083
2020-04-15,2.1211280822753906
2020-04-16,2.1012425422668457
2020-04-17,2.0879855155944824
2020-04-20,2.114499568939209
2020-04-22,2.174156665802002
2020-04-23,2.220555543899536
2020-04-24,2.227184295654297
2020-04-27,2.359755039215088
2020-04-28,2.3464975357055664
2020-04-29,2.3067269325256348
2020-04-30,2.3398687839508057
2020-05-04,2.3266117572784424
2020-05-05,2.4989535808563232
2020-05-06,2.472440004348755
2020-05-07,2.6779236793518066
2020-05-08,2.8635222911834717
2020-05-11,2.8502657413482666
2020-05-12,2.803865909576416
2020-05-13,3.082263708114624
2020-05-14,2.936436176300049
2020-05-15,2.876779556274414
2020-05-18,2.6248958110809326
2020-05-19,2.6248958110809326
2020-05-20,2.6116390228271484
2020-05-21,2.512211322784424
2020-05-22,2.5188395977020264
2020-05-25,2.485696315765381
2020-05-26,2.472440004348755
2020-05-27,2.6050100326538086
2020-05-28,2.578496217727661
2020-05-29,2.591752767562866
2020-06-01,2.585124969482422
2020-06-02,2.598381519317627
2020-06-03,2.585124969482422
2020-06-04,2.61826753616333
2020-06-05,2.5188395977020264
2020-06-08,2.565239191055298
2020-06-09,2.5718674659729004
2020-06-10,2.585124969482422
2020-06-12,2.512211322784424
2020-06-15,2.545353651046753
2020-06-16,2.5320959091186523
2020-06-17,2.591752767562866
2020-06-18,2.6447815895080566
2020-06-19,2.6845524311065674
2020-06-22,2.671295404434204
2020-06-23,2.6116390228271484
2020-06-24,2.7044384479522705
2020-06-25,2.6845524311065674
2020-06-26,2.697810173034668
2020-06-29,2.671295404434204
2020-06-30,2.717695474624634
2020-07-01,2.7309517860412598
2020-07-02,2.717695474624634
2020-07-03,2.750838041305542
2020-07-06,2.7110671997070312
2020-07-07,2.717695474624634
2020-07-08,2.770724058151245
2020-07-09,2.72432279586792
2020-07-10,2.697810173034668
2020-07-13,2.6447815895080566
2020-07-14,2.6911814212799072
2020-07-15,2.770724058151245
2020-07-16,2.72432279586792
2020-07-17,2.7375805377960205
2020-07-20,2.8104944229125977
2020-07-21,2.750838041305542
2020-07-22,2.78398060798645
2020-07-23,2.8104944229125977
2020-07-24,2.823751449584961
2020-07-27,2.830380439758301
2020-07-28,2.78398060798645
2020-07-29,2.7640953063964844
2020-07-30,2.8104944229125977
2020-07-31,2.717695474624634
2020-08-03,2.7574660778045654
2020-08-04,2.7442095279693604
2020-08-05,3.0159783363342285
2020-08-06,3.0690066814422607
2020-08-07,3.0159783363342285
2020-08-10,3.082263708114624
2020-08-11,3.1551778316497803
2020-08-12,3.2479777336120605
2020-08-13,3.320890426635742
2020-08-14,3.307633876800537
2020-08-17,3.380547523498535
2020-08-18,3.36729097366333
2020-08-19,3.320890426635742
2020-08-20,3.420318365097046
2020-08-21,3.36729097366333
2020-08-24,3.426947832107544
2020-08-25,3.380547523498535
2020-08-26,3.420318365097046
2020-08-27,3.4070615768432617
2020-08-28,3.420318365097046
2020-08-31,3.340775728225708
2020-09-01,3.400433301925659
2020-09-02,3.3010058403015137
2020-09-03,3.2811198234558105
2020-09-04,3.2479777336120605
2020-09-08,3.1684350967407227
2020-09-09,3.214834690093994
2020-09-10,3.221463441848755
2020-09-11,3.141920804977417
2020-09-14,3.2413489818573
2020-09-15,3.3341481685638428
2020-09-16,3.274492025375366
2020-09-17,3.3341481685638428
2020-09-18,3.294376850128174
2020-09-21,3.2479777336120605
2020-09-22,3.1883199214935303
2020-09-23,3.1684350967407227
2020-09-24,3.2082064151763916
2020-09-25,3.1551778316497803
2020-09-28,3.102149724960327
2020-09-29,3.161806106567383
2020-09-30,3.1154067516326904
2020-10-01,3.1684350967407227
2020-10-02,3.135291814804077
2020-10-05,3.1883199214935303
2020-10-06,3.1485493183135986
2020-10-07,3.2413489818573
2020-10-08,3.2612340450286865
2020-10-09,3.181692123413086
2020-10-13,3.214834690093994
2020-10-14,3.214834690093994
2020-10-15,3.254605770111084
2020-10-16,3.4070615768432617
2020-10-19,3.320890426635742
2020-10-20,3.347404956817627
2020-10-21,3.327519178390503
2020-10-22,3.354033946990967
2020-10-23,3.36729097366333
2020-10-26,3.340775728225708
2020-10-27,3.23471999168396
2020-10-28,3.141920804977417
2020-10-29,3.1551778316497803
2020-10-30,3.141920804977417
2020-11-03,3.2280917167663574
2020-11-04,3.194948673248291
2020-11-05,3.1684350967407227
2020-11-06,3.1551778316497803
2020-11-09,3.108778238296509
2020-11-10,3.0888924598693848
2020-11-11,3.0888924598693848
2020-11-12,3.0955209732055664
2020-11-13,3.23471999168396
2020-11-16,3.2015774250030518
2020-11-17,3.135291814804077
2020-11-18,3.1551778316497803
2020-11-19,3.102149724960327
2020-11-23,3.0955209732055664
2020-11-24,3.102149724960327
2020-11-25,3.0888924598693848
2020-11-26,3.1750636100769043
2020-11-27,3.307633876800537
2020-11-30,3.307633876800537
2020-12-01,3.36729097366333
2020-12-02,3.287748098373413
2020-12-03,3.161806106567383
2020-12-04,3.2082064151763916
2020-12-07,3.161806106567383
2020-12-08,3.1684350967407227
2020-12-09,3.135291814804077
2020-12-10,3.1485493183135986
2020-12-11,3.141920804977417
2020-12-14,3.161806106567383
2020-12-15,3.2413489818573
2020-12-16,3.274492025375366
2020-12-17,3.3010058403015137
2020-12-18,3.36729097366333
2020-12-21,3.274492025375366
2020-12-22,3.400433301925659
2020-12-23,3.3341481685638428
2020-12-28,3.354033946990967
2020-12-29,3.36729097366333
2020-12-30,3.453460693359375
2021-01-04,3.4070615768432617
2021-01-05,3.4136903285980225
2021-01-06,3.4335761070251465
2021-01-07,3.745116949081421
2021-01-08,3.851173162460327
2021-01-11,3.8246583938598633
2021-01-12,3.8975729942321777
2021-01-13,3.7252304553985596
2021-01-14,3.7119741439819336
2021-01-15,3.7186026573181152
2021-01-18,3.7848870754241943
2021-01-19,3.7848870754241943
2021-01-20,3.7981455326080322
2021-01-21,3.837916374206543
2021-01-22,3.7848870754241943
2021-01-26,3.837916374206543
2021-01-27,3.6854593753814697
2021-01-28,3.6722025871276855
2021-01-29,3.6191744804382324
2021-02-01,3.731858968734741
2021-02-02,3.658944845199585
2021-02-03,3.6722025871276855
2021-02-04,3.6523168087005615
2021-02-05,3.7119741439819336
2021-02-08,3.665574312210083
2021-02-09,3.6059176921844482
2021-02-10,3.6390604972839355
2021-02-11,3.658944845199585
2021-02-12,3.645688533782959
2021-02-17,3.6722025871276855
2021-02-18,3.758373498916626
2021-02-19,3.8644301891326904
2021-02-22,3.9506006240844727
2021-02-23,3.9903717041015625
2021-02-24,4.043400764465332
2021-02-25,3.877687931060791
2021-02-26,3.8975729942321777
2021-03-01,4.043400764465332
2021-03-02,3.9704859256744385
2021-03-03,3.9771149158477783
2021-03-04,3.9704859256744385
2021-03-05,4.076543807983398
2021-03-08,3.91083025932312
2021-03-09,4.030144691467285
2021-03-10,3.8843157291412354
2021-03-11,3.8180301189422607
2021-03-12,3.877687931060791
2021-03-15,3.758373498916626
2021-03-16,3.9174580574035645
2021-03-17,3.9240856170654297
2021-03-18,3.7848870754241943
2021-03-19,3.7517452239990234
2021-03-22,3.7716307640075684
2021-03-23,3.7517452239990234
2021-03-24,3.791515588760376
2021-03-25,3.7848870754241943
2021-03-26,3.731858968734741
2021-03-29,3.765002727508545
2021-03-30,3.7252304553985596
2021-03-31,3.6324315071105957
2021-04-01,3.698716640472412
2021-04-05,3.7053463459014893
2021-04-06,3.778259038925171
2021-04-07,3.8047728538513184
2021-04-08,3.844545364379883
2021-04-09,3.8975729942321777
2021-04-12,3.9373435974121094
2021-04-13,3.9373435974121094
2021-04-14,3.91083025932312
2021-04-15,3.9506006240844727
2021-04-16,3.877687931060791
2021-04-19,3.930715560913086
2021-04-20,3.9704859256744385
2021-04-22,3.8644301891326904
2021-04-23,3.8246583938598633
2021-04-26,3.8180301189422607
2021-04-27,3.837916374206543
2021-04-28,3.698716640472412
2021-04-29,3.6920886039733887
2021-04-30,3.6523168087005615
2021-05-03,3.625803232192993
2021-05-04,3.5926597118377686
2021-05-05,3.658944845199585
2021-05-06,3.658944845199585
2021-05-07,3.6523168087005615
2021-05-10,3.658944845199585
2021-05-11,3.6920886039733887
2021-05-12,3.645688533782959
2021-05-13,3.5396316051483154
2021-05-14,3.4866042137145996
2021-05-17,3.493232250213623
2021-05-18,3.479976177215576
2021-05-19,3.479976177215576
2021-05-20,3.393803834915161
2021-05-21,3.393803834915161
2021-05-24,3.4070615768432617
2021-05-25,3.3871757984161377
2021-05-26,3.3606622219085693
2021-05-27,3.453460693359375
2021-05-28,3.4070615768432617
2021-05-31,3.4070615768432617
2021-06-01,3.340775728225708
2021-06-02,3.3010058403015137
2021-06-04,3.294376850128174
2021-06-07,3.3606622219085693
2021-06-08,3.267862319946289
2021-06-09,3.3341481685638428
2021-06-10,3.314262866973877
2021-06-11,3.3606622219085693
2021-06-14,3.294376850128174
2021-06-15,3.294376850128174
2021-06-16,3.274492025375366
2021-06-17,3.2413489818573
2021-06-18,3.3010058403015137
2021-06-21,3.354033946990967
2021-06-22,3.347404956817627
2021-06-23,3.287748098373413
2021-06-24,3.347404956817627
2021-06-25,3.294376850128174
2021-06-28,3.340775728225708
2021-06-29,3.327519178390503
2021-06-30,3.320890426635742
2021-07-01,3.3341481685638428
2021-07-02,3.380547523498535
2021-07-05,3.4136903285980225
2021-07-06,3.380547523498535
2021-07-07,3.4667184352874756
2021-07-08,3.380547523498535
2021-07-12,3.426947832107544
2021-07-13,3.400433301925659
2021-07-14,3.3606622219085693
2021-07-15,3.320890426635742
2021-07-16,3.294376850128174
2021-07-19,3.2479777336120605
2021-07-20,3.294376850128174
2021-07-21,3.2612340450286865
2021-07-22,3.254605770111084
2021-07-23,3.2612340450286865
2021-07-26,3.314262866973877
2021-07-27,3.2413489818573
2021-07-28,3.214834690093994
2021-07-29,3.2015774250030518
2021-07-30,3.102149724960327
2021-08-02,3.1220345497131348
2021-08-03,3.1220345497131348
2021-08-04,3.181692123413086
2021-08-05,3.1220345497131348
2021-08-06,3.102149724960327
2021-08-09,3.1485493183135986
2021-08-10,3.161806106567383
2021-08-11,3.135291814804077
2021-08-12,3.108778238296509
2021-08-13,3.1750636100769043
2021-08-16,3.194948673248291
2021-08-17,3.1551778316497803
2021-08-18,3.0424935817718506
2021-08-19,3.009349822998047
2021-08-20,3.1220345497131348
2021-08-23,3.181692123413086
2021-08-24,3.2280917167663574
2021-08-25,3.354033946990967
2021-08-26,3.314262866973877
2021-08-27,3.3341481685638428
2021-08-30,3.3341481685638428
2021-08-31,3.320890426635742
2021-09-01,3.267862319946289
2021-09-02,3.181692123413086
2021-09-03,3.2015774250030518
2021-09-06,3.1684350967407227
2021-09-08,3.1551778316497803
2021-09-09,3.2413489818573
2021-09-10,3.1750636100769043
2021-09-13,3.194948673248291
2021-09-14,3.214834690093994
2021-09-15,3.1485493183135986
2021-09-16,3.0027213096618652
2021-09-17,2.9231791496276855
2021-09-20,2.8502657413482666
2021-09-21,2.8171229362487793
2021-09-22,2.843637466430664
2021-09-23,2.936436176300049
2021-09-24,2.9430651664733887
2021-09-27,2.9430651664733887
2021-09-28,2.8900363445281982
2021-09-29,2.9231791496276855
2021-09-30,3.0226073265075684
2021-10-01,2.9695792198181152
2021-10-04,2.9231791496276855
2021-10-05,2.9099230766296387
2021-10-06,2.856894016265869
2021-10-07,2.7906084060668945
2021-10-08,2.78398060798645
2021-10-11,2.830380439758301
2021-10-13,2.8701510429382324
2021-10-14,2.8370089530944824
2021-10-15,2.876779556274414
2021-10-18,2.8635222911834717
2021-10-19,2.7972371578216553
2021-10-20,2.7972371578216553
2021-10-21,2.78398060798645
2021-10-22,3.009349822998047
2021-10-25,3.029235601425171
2021-10-26,2.9828364849090576
2021-10-27,2.936436176300049
2021-10-28,2.9828364849090576
2021-10-29,2.876779556274414
2021-11-01,2.8317372798919678
2021-11-03,2.865447521209717
2021-11-04,2.8519628047943115
2021-11-05,2.872190475463867
2021-11-08,2.872190475463867
2021-11-09,2.8384785652160645
2021-11-10,2.8452208042144775
2021-11-11,2.932870388031006
2021-11-12,2.932870388031006
2021-11-16,2.8991594314575195
2021-11-17,2.9126431941986084
2021-11-18,2.878932237625122
2021-11-19,2.9463553428649902
2021-11-22,2.8924167156219482
2021-11-23,2.8991594314575195
2021-11-24,2.9463553428649902
2021-11-25,2.9733238220214844
2021-11-26,2.932870388031006
2021-11-29,2.9935503005981445
2021-11-30,2.9935503005981445
2021-12-01,3.040745496749878
2021-12-02,3.0811991691589355
2021-12-03,3.0677144527435303
2021-12-06,3.189074993133545
2021-12-07,3.1823325157165527
2021-12-08,3.189074993133545
2021-12-09,3.1823325157165527
2021-12-10,3.256497621536255
2021-12-13,3.256497621536255
2021-12-14,3.269982099533081
2021-12-15,3.263239622116089
2021-12-16,3.276724338531494
2021-12-17,3.337404251098633
2021-12-20,3.3036935329437256
2021-12-21,3.310434579849243
2021-12-22,3.330662250518799
2021-12-23,3.3239190578460693
2021-12-27,3.3576300144195557
2021-12-28,3.330662250518799
2021-12-29,3.330662250518799
2021-12-30,3.3711154460906982
2022-01-03,3.384599208831787
2022-01-04,3.398083448410034
2022-01-05,3.28346586227417
2022-01-06,3.3239190578460693
2022-01-07,3.2430121898651123
2022-01-10,3.263239622116089
2022-01-11,3.2295281887054443
2022-01-12,3.3441460132598877
2022-01-13,3.296950578689575
2022-01-14,3.28346586227417
2022-01-17,3.1621060371398926
2022-01-18,3.2430121898651123
2022-01-19,3.3239190578460693
2022-01-20,3.310434579849243
2022-01-21,3.189074993133545
2022-01-24,3.1486220359802246
2022-01-25,3.121652841567993
2022-01-26,3.135136365890503
2022-01-27,3.195817232131958
2022-01-28,3.2093019485473633
2022-01-31,3.2093019485473633
2022-02-01,3.2160444259643555
2022-02-02,3.1823325157165527
2022-02-03,3.2362706661224365
2022-02-04,3.276724338531494
2022-02-07,3.2497546672821045
2022-02-08,3.269982099533081
2022-02-09,3.28346586227417
2022-02-10,3.189074993133545
2022-02-11,3.0811991691589355
2022-02-14,3.108168363571167
2022-02-15,3.0524861812591553
2022-02-16,3.038797378540039
2022-02-17,3.0456418991088867
2022-02-18,3.0593299865722656
2022-02-21,3.0524861812591553
2022-02-22,3.0867059230804443
2022-02-23,2.9840445518493652
2022-02-24,2.9771995544433594
2022-02-25,3.0456418991088867
2022-03-02,3.025109052658081
2022-03-03,3.0319533348083496
2022-03-04,3.161991834640503
2022-03-07,3.175680637359619
2022-03-08,3.2372777462005615
2022-03-09,3.24412202835083
2022-03-10,3.3194072246551514
2022-03-11,3.353628158569336
2022-03-14,3.312563419342041
2022-03-15,3.223588466644287
2022-03-16,3.2988743782043457
2022-03-17,3.3673155307769775
2022-03-18,3.4494450092315674
2022-03-21,3.3946926593780518
2022-03-22,3.4699785709381104
2022-03-23,3.4220693111419678
2022-03-24,3.4905104637145996
2022-03-25,3.2646543979644775
2022-03-28,3.257809638977051
2022-03-29,3.2509653568267822
2022-03-30,3.230433225631714
2022-03-31,3.18936824798584
2022-04-01,3.120927095413208
2022-04-04,3.093550443649292
2022-04-05,3.0524861812591553
2022-04-06,3.1003940105438232
2022-04-07,3.038797378540039
2022-04-08,3.0593299865722656
2022-04-11,3.0182645320892334
2022-04-12,2.997732639312744
2022-04-13,2.997732639312744
2022-04-14,3.004577159881592
2022-04-18,2.9361355304718018
2022-04-19,2.9361355304718018
2022-04-20,2.922447443008423
2022-04-22,2.901914596557617
2022-04-25,2.888226270675659
2022-04-26,2.8060965538024902
2022-04-27,2.785564422607422
2022-04-28,2.785564422607422
2022-04-29,2.71712327003479
2022-05-02,2.7581875324249268
2022-05-03,2.8060965538024902
2022-05-04,2.9498233795166016
2022-05-05,2.9840445518493652
2022-05-06,3.004577159881592
2022-05-09,2.9093689918518066
2022-05-10,2.846876621246338
2022-05-11,2.832988977432251
2022-05-12,2.8191022872924805
2022-05-13,2.930199384689331
2022-05-16,2.923255681991577
2022-05-17,2.971860647201538
2022-05-18,2.9579741954803467
2022-05-19,2.937143087387085
2022-05-20,2.9510304927825928
2022-05-23,2.97880482673645
2022-05-24,2.9510304927825928
2022-05-25,2.8954813480377197
2022-05-26,2.9510304927825928
2022-05-27,2.971860647201538
2022-05-30,2.9649176597595215
2022-05-31,3.0065791606903076
2022-06-01,3.0551843643188477
2022-06-02,3.04129695892334
2022-06-03,2.985748767852783
2022-06-06,2.985748767852783
2022-06-07,2.971860647201538
2022-06-08,2.937143087387085
2022-06-09,2.9163124561309814
2022-06-10,2.8954813480377197
2022-06-13,2.8677072525024414
2022-06-14,2.8121581077575684
2022-06-15,2.7982711791992188
2022-06-17,2.777440071105957
2022-06-20,2.784383773803711
2022-06-21,2.784383773803711
2022-06-22,2.777440071105957
2022-06-23,2.7010605335235596
2022-06-24,2.735778331756592
2022-06-27,2.777440071105957
2022-06-28,2.763552665710449
2022-06-29,2.7704966068267822
2022-06-30,2.7913272380828857
2022-07-01,2.7913272380828857
2022-07-04,2.777440071105957
2022-07-05,2.728834629058838
2022-07-06,2.7566096782684326
2022-07-07,2.7566096782684326
2022-07-08,2.728834629058838
2022-07-11,2.680229902267456
2022-07-12,2.7010605335235596
2022-07-13,2.638568639755249
2022-07-14,2.6038498878479004
2022-07-15,2.5691325664520264
2022-07-18,2.527470350265503
2022-07-19,2.6038498878479004
2022-07-20,2.631624460220337
2022-07-21,2.527470350265503
2022-07-22,2.5691325664520264
2022-07-25,2.534414052963257
2022-07-26,2.534414052963257
2022-07-27,2.680229902267456
2022-07-28,2.6663424968719482
2022-07-29,2.777440071105957
2022-08-01,2.735778331756592
2022-08-02,2.730485439300537
2022-08-03,2.730485439300537
2022-08-04,2.7375590801239014
2022-08-05,2.751707077026367
2022-08-08,2.794149398803711
2022-08-09,2.772927761077881
2022-08-10,2.7870757579803467
2022-08-11,2.801222801208496
2022-08-12,2.8648877143859863
2022-08-15,2.8082973957061768
2022-08-16,2.8648877143859863
2022-08-17,2.9144036769866943
2022-08-18,2.9214775562286377
2022-08-19,2.9214775562286377
2022-08-22,2.879035234451294
2022-08-23,2.9144036769866943
2022-08-24,2.893183469772339
2022-08-25,2.8295185565948486
2022-08-26,2.7800018787384033
2022-08-29,2.7800018787384033
2022-08-30,2.7234115600585938
2022-08-31,2.6738951206207275
2022-09-01,2.638526201248169
2022-09-02,2.6173055171966553
2022-09-05,2.68096923828125
2022-09-06,2.645599603652954
2022-09-08,2.6031570434570312
2022-09-09,2.645599603652954
2022-09-12,2.688042640686035
2022-09-13,2.6526730060577393
2022-09-14,2.688042640686035
2022-09-15,2.666821241378784
2022-09-16,2.6102309226989746
2022-09-19,2.596083164215088
2022-09-20,2.6314520835876465
2022-09-21,2.574861526489258
2022-09-22,2.6314520835876465
2022-09-23,2.5607142448425293
2022-09-26,2.553640365600586
2022-09-27,2.5607142448425293
2022-09-28,2.5677876472473145
2022-09-29,2.52534556388855
2022-09-30,2.574861526489258
2022-10-03,2.645599603652954
2022-10-04,2.6314520835876465
2022-10-05,2.6597468852996826
2022-10-06,2.6526730060577393
2022-10-07,2.6526730060577393
2022-10-10,2.730485439300537
2022-10-11,2.7234115600585938
2022-10-13,2.7870757579803467
2022-10-14,2.7800018787384033
2022-10-17,2.879035234451294
2022-10-18,2.893183469772339
2022-10-19,2.893183469772339
2022-10-20,2.893183469772339
2022-10-21,2.9144036769866943
2022-10-24,2.963921308517456
2022-10-25,2.963921308517456
2022-10-26,2.9780681133270264
2022-10-27,2.9780681133270264
2022-10-28,3.0841751098632812
2022-10-31,3.0629537105560303
2022-11-01,3.0638484954833984
2022-11-03,3.1577882766723633
2022-11-04,3.193917751312256
2022-11-07,3.193917751312256
2022-11-08,3.2878565788269043
2022-11-09,3.2445003986358643
2022-11-10,3.2445003986358643
2022-11-11,3.4106998443603516
2022-11-14,3.3962485790252686
2022-11-16,3.323988437652588
2022-11-17,3.237274408340454
2022-11-18,3.193917751312256
2022-11-21,3.0927536487579346
2022-11-22,3.121657609939575
2022-11-23,3.078301191329956
2022-11-24,3.078301191329956
2022-11-25,2.998814582824707
2022-11-28,2.9843623638153076
2022-11-29,2.8976495265960693
2022-11-30,2.847067356109619
2022-12-01,2.883197546005249
2022-12-02,2.883197546005249
2022-12-05,2.92655348777771
2022-12-06,3.027719259262085
2022-12-07,2.998814582824707
2022-12-08,2.9482321739196777
2022-12-09,3.071074962615967
2022-12-12,3.071074962615967
2022-12-13,2.955458641052246
2022-12-14,2.998814582824707
2022-12-15,2.92655348777771
2022-12-16,2.9410061836242676
2022-12-19,2.8542933464050293
2022-12-20,2.883197546005249
2022-12-21,2.8445053100585938
2022-12-22,2.8445053100585938
2022-12-23,2.8010783195495605
2022-12-26,2.7793641090393066
2022-12-27,2.8372671604156494
2022-12-28,2.8879332542419434
2022-12-29,2.909646987915039
2023-01-02,2.9024085998535156
2023-01-03,2.916884660720825
2023-01-04,2.9530749320983887
2023-01-05,2.974787712097168
2023-01-06,2.9458370208740234
2023-01-09,2.974787712097168
2023-01-10,2.938598871231079
2023-01-11,2.880695343017578
2023-01-12,2.8951711654663086
2023-01-13,2.909646987915039
2023-01-16,2.8951711654663086
2023-01-17,2.9458370208740234
2023-01-18,2.9458370208740234
2023-01-19,2.9241230487823486
2023-01-20,2.851743459701538
2023-01-23,2.830029249191284
2023-01-24,2.830029249191284
2023-01-25,2.815554141998291
2023-01-26,2.7938404083251953
2023-01-27,2.786602258682251
2023-01-30,2.8662190437316895
2023-01-31,2.8083157539367676
2023-02-01,2.8445053100585938
2023-02-02,2.764888286590576
2023-02-03,2.7938404083251953
2023-02-06,2.772125720977783
2023-02-07,2.8010783195495605
2023-02-08,2.786602258682251
2023-02-09,2.8083157539367676
2023-02-10,2.8445053100585938
2023-02-13,2.8372671604156494
2023-02-14,2.883389711380005
2023-02-15,2.905457019805908
2023-02-16,2.8907456398010254
2023-02-17,2.8319008350372314
2023-02-22,2.780411958694458
2023-02-23,2.795123338699341
2023-02-24,2.780411958694458
2023-02-27,2.8171894550323486
2023-02-28,2.8686792850494385
2023-03-01,2.8907456398010254
2023-03-02,2.883389711380005
2023-03-03,2.9128122329711914
2023-03-06,2.883389711380005
2023-03-07,2.8539674282073975
2023-03-08,2.8981008529663086
2023-03-09,2.861323118209839
2023-03-10,2.8319008350372314
2023-03-13,2.7583444118499756
2023-03-14,2.7142117023468018
2023-03-15,2.662721872329712
2023-03-16,2.6553664207458496
2023-03-17,2.6774330139160156
2023-03-20,2.6553664207458496
2023-03-21,2.6700778007507324
2023-03-22,2.662721872329712
2023-03-23,2.662721872329712
2023-03-24,2.699500322341919
2023-03-27,2.6259443759918213
2023-03-28,2.6333000659942627
2023-03-29,2.6700778007507324
2023-03-30,2.699500322341919
2023-03-31,2.6700778007507324
2023-04-03,2.6921446323394775
2023-04-04,2.699500322341919
2023-04-05,2.6333000659942627
2023-04-06,2.640655517578125
2023-04-10,2.6700778007507324
2023-04-11,2.7509889602661133
2023-04-12,2.7730562686920166
2023-04-13,2.7583444118499756
2023-04-14,2.72892165184021
2023-04-17,2.743633508682251
2023-04-18,2.7583444118499756
2023-04-19,2.7877676486968994
2023-04-20,2.7362778186798096
2023-04-24,2.7362778186798096
2023-04-25,2.699500322341919
2023-04-26,2.6921446323394775
2023-04-27,2.699500322341919
2023-04-28,2.802478075027466
2023-05-02,2.809833526611328
2023-05-03,2.927523612976074
2023-05-04,2.861323118209839
2023-05-05,2.920167922973633
2023-05-08,2.9879698753356934
2023-05-09,2.9879698753356934
2023-05-10,3.0179240703582764
2023-05-11,2.9879698753356934
2023-05-12,2.9804811477661133
2023-05-15,3.122765302658081
2023-05-16,3.0778329372406006
2023-05-17,3.10029935836792
2023-05-18,3.2276060581207275
2023-05-19,3.272538900375366
2023-05-22,3.257560968399048
2023-05-23,3.2425832748413086
2023-05-24,3.1676974296569824
2023-05-25,3.1676974296569824
2023-05-26,3.1976521015167236
2023-05-29,3.1602084636688232
2023-05-30,3.152719020843506
2023-05-31,3.122765302658081
2023-06-01,3.092810869216919
2023-06-02,3.152719020843506
2023-06-05,3.1676974296569824
2023-06-06,3.212629556655884
2023-06-07,3.1901633739471436
2023-06-09,3.1826748847961426
2023-06-12,3.280027389526367
2023-06-13,3.3249590396881104
2023-06-14,3.3624022006988525
2023-06-15,3.4298007488250732
2023-06-16,3.467242956161499
2023-06-19,3.437288761138916
2023-06-20,3.452265501022339
2023-06-21,3.3773789405822754
2023-06-22,3.3399362564086914
2023-06-23,3.3923563957214355
2023-06-26,3.3324475288391113
2023-06-27,3.309981346130371
2023-06-28,3.2425832748413086
2023-06-29,3.2425832748413086
2023-06-30,3.280027389526367
2023-07-03,3.280027389526367
2023-07-04,3.317470073699951
2023-07-05,3.2950046062469482
2023-07-06,3.2276060581207275
2023-07-07,3.272538900375366
2023-07-10,3.2425832748413086
2023-07-11,3.2276060581207275
2023-07-12,3.1976521015167236
2023-07-13,3.212629556655884
2023-07-14,3.212629556655884
2023-07-17,3.1901633739471436
2023-07-18,3.1976521015167236
2023-07-19,3.152719020843506
2023-07-20,3.152719020843506
2023-07-21,3.1602084636688232
2023-07-24,3.265049457550049
2023-07-25,3.280027389526367
2023-07-26,3.3249590396881104
2023-07-27,3.3773789405822754
2023-07-28,3.414822578430176
2023-07-31,3.467242956161499
2023-08-01,3.3998451232910156
2023-08-02,3.4298007488250732
2023-08-03,3.4897091388702393
2023-08-04,3.5571067333221436
2023-08-07,3.5410335063934326
2023-08-08,3.457803726196289
2023-08-09,3.4124057292938232
2023-08-10,3.4048397541046143
2023-08-11,3.4199719429016113
2023-08-14,3.4653706550598145
2023-08-15,3.4351043701171875
2023-08-16,3.4275379180908203
2023-08-17,3.4124057292938232
2023-08-18,3.4124057292938232
2023-08-21,3.3670082092285156
2023-08-22,3.4124057292938232
2023-08-23,3.4199719429016113
2023-08-24,3.38970685005188
2023-08-25,3.4275379180908203
2023-08-28,3.4653706550598145
2023-08-29,3.503201484680176
2023-08-30,3.4880685806274414
2023-08-31,3.4729366302490234
2023-09-01,3.480503797531128
2023-09-04,3.503201484680176
2023-09-05,3.4880685806274414
2023-09-06,3.38970685005188
2023-09-08,3.3594419956207275
2023-09-11,3.4199719429016113
2023-09-12,3.4426708221435547
2023-09-13,3.457803726196289
2023-09-14,3.450237274169922
2023-09-15,3.450237274169922
2023-09-18,3.503201484680176
2023-09-19,3.525900363922119
2023-09-20,3.639395236968994
2023-09-21,3.669660806655884
2023-09-22,3.646961212158203
2023-09-25,3.631829261779785
2023-09-26,3.5864312648773193
2023-09-27,3.616697072982788
2023-09-28,3.571298360824585
2023-09-29,3.624262809753418
2023-10-02,3.624262809753418
2023-10-03,3.639395236968994
2023-10-04,3.59399676322937
2023-10-05,3.5637319087982178
2023-10-06,3.5637319087982178
2023-10-09,3.556166172027588
2023-10-10,3.5485997200012207
2023-10-11,3.518333673477173
2023-10-13,3.5864312648773193
2023-10-16,3.556166172027588
2023-10-17,3.59399676322937
2023-10-18,3.525900363922119
2023-10-19,3.518333673477173
2023-10-20,3.4426708221435547
2023-10-23,3.38970685005188
2023-10-24,3.3670082092285156
2023-10-25,3.351875066757202
2023-10-26,3.3745744228363037
2023-10-27,3.336742639541626
2023-10-30,3.296741008758545
2023-10-31,3.289073944091797
2023-11-01,3.3274073600769043
2023-11-03,3.3734092712402344
2023-11-06,3.4117431640625
2023-11-07,3.4500772953033447
2023-11-08,3.5114126205444336
2023-11-09,3.4577436447143555
2023-11-10,3.4654104709625244
2023-11-13,3.4347434043884277
2023-11-14,3.4884111881256104
2023-11-16,3.542079210281372
2023-11-17,3.534411907196045
2023-11-20,3.5037450790405273
2023-11-21,3.5037450790405273
2023-11-22,3.5727462768554688
2023-11-23,3.5727462768554688
2023-11-24,3.5267467498779297
2023-11-27,3.534411907196045
2023-11-28,3.534411907196045
2023-11-29,3.588080406188965
2023-11-30,3.4654104709625244
2023-12-01,3.258406400680542
2023-12-04,3.235405445098877
2023-12-05,3.2200727462768555
2023-12-06,3.243072509765625
2023-12-07,3.1434037685394287
2023-12-08,3.1740710735321045
2023-12-11,3.2124056816101074
2023-12-12,3.1970715522766113
2023-12-13,3.266073226928711
2023-12-14,3.3350744247436523
2023-12-15,3.3427412509918213
2023-12-18,3.235405445098877
2023-12-19,3.2507388591766357
2023-12-20,3.289073944091797
2023-12-21,3.3274073600769043
2023-12-22,3.3667874336242676
2023-12-26,3.389953851699829
2023-12-27,3.389953851699829
2023-12-28,3.405397415161133
2024-01-02,3.3667874336242676
2024-01-03,3.413119077682495
2024-01-04,3.3976757526397705
2024-01-05,3.413119077682495
2024-01-08,3.4362857341766357
2024-01-09,3.4362857341766357
2024-01-10,3.44400691986084
2024-01-11,3.4362857341766357
2024-01-12,3.47489595413208
2024-01-15,3.4903390407562256
2024-01-16,3.413119077682495
2024-01-17,3.4285635948181152
2024-01-18,3.343621253967285
2024-01-19,3.3667874336242676
2024-01-22,3.3358993530273438
2024-01-23,3.3513431549072266
2024-01-24,3.382232189178467
2024-01-25,3.389953851699829
2024-01-26,3.3976757526397705
2024-01-29,3.3281772136688232
2024-01-30,3.3127338886260986
2024-01-31,3.2972898483276367
2024-02-01,3.2509570121765137
2024-02-02,3.2432363033294678
2024-02-05,3.2972898483276367
2024-02-06,3.3358993530273438
2024-02-07,3.343621253967285
2024-02-08,3.3281772136688232
2024-02-09,3.3358993530273438
2024-02-14,3.274123430252075
2024-02-15,3.3281772136688232
2024-02-16,3.3630568981170654
2024-02-19,3.3319180011749268
2024-02-20,3.3708417415618896
2024-02-21,3.3630568981170654
2024-02-22,3.417551279067993
2024-02-23,3.3630568981170654
2024-02-26,3.4409050941467285
2024-02-27,3.479829788208008
2024-02-28,3.526538133621216
2024-02-29,3.5109684467315674
2024-03-01,3.487614631652832
2024-03-04,3.487614631652832
2024-03-05,3.4720449447631836
2024-03-06,3.4642603397369385
2024-03-07,3.526538133621216
2024-03-08,3.4409050941467285
2024-03-11,3.456475019454956
2024-03-12,3.4720449447631836
2024-03-13,3.51875376701355
2024-03-14,3.5421082973480225
2024-03-15,3.635526657104492
2024-03-18,3.72894549369812
2024-03-19,3.791224241256714
2024-03-20,3.8457179069519043
2024-03-21,3.869072675704956
2024-03-22,3.7756545543670654
2024-03-25,3.760084390640259
2024-03-26,3.8223626613616943
2024-03-27,3.892427444458008
2024-03-28,3.9157819747924805
2024-04-01,3.8846426010131836
2024-04-02,3.9079959392547607
2024-04-03,3.8301475048065186
2024-04-04,3.869072675704956
2024-04-05,3.837932586669922
2024-04-08,3.869072675704956
2024-04-09,3.946920871734619
2024-04-10,3.9079959392547607
2024-04-11,3.9079959392547607
2024-04-12,3.8768577575683594
2024-04-15,3.837932586669922
2024-04-16,3.8145787715911865
2024-04-17,3.7990095615386963
2024-04-18,3.7756545543670654
2024-04-19,3.837932586669922
2024-04-22,3.7522995471954346
2024-04-23,3.7133750915527344
2024-04-24,3.658881902694702
2024-04-25,3.596602439880371
2024-04-26,3.6121726036071777
2024-04-29,3.6043875217437744
2024-04-30,3.5654640197753906
2024-05-02,3.6433117389678955
2024-05-03,3.6744508743286133
2024-05-06,3.6347973346710205
2024-05-07,3.69472074508667
2024-05-08,3.72941255569458
2024-05-09,3.772777557373047
2024-05-10,3.75543212890625
2024-05-13,3.7641050815582275
2024-05-14,3.7380852699279785
2024-05-15,3.75543212890625
2024-05-16,3.75543212890625
2024-05-17,3.7033936977386475
2024-05-20,3.75543212890625
2024-05-21,3.7380852699279785
2024-05-22,3.6600279808044434
2024-05-23,3.6079893112182617
2024-05-24,3.6426820755004883
2024-05-27,3.6513545513153076
2024-05-28,3.6079893112182617
2024-05-29,3.5993165969848633
2024-05-31,3.5039138793945312
2024-06-03,3.5125858783721924
2024-06-04,3.5125858783721924
2024-06-05,3.4778945446014404
2024-06-06,3.486567258834839
2024-06-07,3.4518752098083496
2024-06-10,3.443202257156372
2024-06-11,3.5299324989318848
2024-06-12,3.5125858783721924
2024-06-13,3.5299324989318848
2024-06-14,3.4952406883239746
2024-06-17,3.5039138793945312
2024-06-18,3.5299324989318848
2024-06-19,3.5472779273986816
2024-06-20,3.564624547958374
2024-06-21,3.6166627407073975
2024-06-24,3.5472779273986816
2024-06-25,3.564624547958374
2024-06-26,3.6079893112182617
2024-06-27,3.6773738861083984
2024-06-28,3.69472074508667
2024-07-01,3.75543212890625
2024-07-02,3.746758222579956
2024-07-03,3.7033936977386475
2024-07-04,3.72941255569458
2024-07-05,3.6426820755004883
2024-07-08,3.6340088844299316
2024-07-09,3.5993165969848633
2024-07-10,3.6079893112182617
2024-07-11,3.625335693359375
2024-07-12,3.625335693359375
2024-07-15,3.69472074508667
2024-07-16,3.69472074508667
2024-07-17,3.7380852699279785
2024-07-18,3.69472074508667
2024-07-19,3.712066411972046
2024-07-22,3.798797369003296
2024-07-23,3.72941255569458
2024-07-24,3.7380852699279785
2024-07-25,3.712066411972046
2024-07-26,3.6773738861083984
2024-07-29,3.798797369003296
2024-07-30,3.798797369003296
2024-07-31,3.81614351272583
2024-08-01,3.81614351272583
2024-08-02,3.790123701095581
2024-08-05,3.72941255569458
2024-08-06,3.6830992698669434
2024-08-07,3.6478545665740967
2024-08-08,3.656665563583374
2024-08-09,3.691910743713379
2024-08-12,3.6478545665740967
2024-08-13,3.656665563583374
2024-08-14,3.6830992698669434
2024-08-15,3.674288034439087
2024-08-16,3.691910743713379
2024-08-19,3.7447781562805176
2024-08-20,3.8593246936798096
2024-08-21,3.885758638381958
2024-08-22,3.8593246936798096
2024-08-23,3.8769471645355225
2024-08-26,3.8769471645355225
2024-08-27,3.8593246936798096
2024-08-28,3.8593246936798096
2024-08-29,3.7888343334198
2024-08-30,3.8417017459869385
2024-09-02,3.780022621154785
2024-09-03,3.797645330429077
2024-09-04,3.8769471645355225
2024-09-05,3.850512981414795
2024-09-06,3.797645330429077
2024-09-09,3.7888343334198
2024-09-10,3.8593246936798096
2024-09-11,3.850512981414795
2024-09-12,3.8152685165405273
2024-09-13,3.8417017459869385
2024-09-16,3.8152685165405273
2024-09-17,3.771211862564087
2024-09-18,3.7535898685455322
2024-09-19,3.718344211578369
2024-09-20,3.674288034439087
2024-09-23,3.6654765605926514
2024-09-24,3.7095327377319336
2024-09-25,3.656665563583374
2024-09-26,3.735966682434082
2024-09-27,3.7007219791412354
2024-09-30,3.7007219791412354
2024-10-01,3.7007219791412354
2024-10-02,3.7447781562805176
2024-10-03,3.7271556854248047
2024-10-04,3.7624008655548096
2024-10-07,3.7447781562805176
2024-10-08,3.7447781562805176
2024-10-09,3.691910743713379
2024-10-10,3.6126089096069336
2024-10-11,3.550931453704834
2024-10-14,3.5685529708862305
2024-10-15,3.5685529708862305
2024-10-16,3.577364206314087
2024-10-17,3.6214208602905273
2024-10-18,3.6478545665740967
2024-10-21,3.6302318572998047
2024-10-22,3.6654765605926514
2024-10-23,3.639042854309082
2024-10-24,3.6126089096069336
2024-10-25,3.6654765605926514
2024-10-28,3.656665563583374
2024-10-29,3.6302318572998047
2024-10-30,3.639042854309082
2024-10-31,3.674288034439087
2024-11-01,3.691910743713379
2024-11-04,3.8593246936798096
2024-11-05,3.8945693969726562
2024-11-06,3.8769471645355225
2024-11-07,3.7271556854248047
2024-11-08,3.639042854309082
2024-11-11,3.6654765605926514
2024-11-12,3.6564338207244873
2024-11-13,3.683319091796875
2024-11-14,3.683319091796875
2024-11-18,3.6653952598571777
2024-11-19,3.6922810077667236
2024-11-21,3.7191665172576904
2024-11-22,3.817746877670288
2024-11-25,3.7639758586883545
2024-11-26,3.7908618450164795
2024-11-27,3.7818994522094727
2024-11-28,3.8535940647125244
2024-11-29,3.9432125091552734
2024-12-02,3.9880223274230957
2024-12-03,4.050755500793457
2024-12-04,4.131412029266357
2024-12-05,4.140373706817627
2024-12-06,4.095564842224121
2024-12-09,4.185183048248291
2024-12-10,4.104526996612549
2024-12-11,4.140373706817627
2024-12-12,4.122450351715088
2024-12-13,4.11348819732666
2024-12-16,4.140373706817627
2024-12-17,4.233029842376709
2024-12-18,4.205894470214844
2024-12-19,4.142580509185791
2024-12-20,4.151625156402588
2024-12-23,4.124490737915039
2024-12-26,4.151625156402588
2024-12-27,4.160670280456543
2024-12-30,4.151625156402588
2025-01-02,4.088310241699219
2025-01-03,4.061175346374512
2025-01-06,3.997860908508301
2025-01-07,3.9797704219818115
2025-01-08,3.9797704219818115
2025-01-09,3.93454647064209
2025-01-10,3.925501585006714
2025-01-13,3.916456699371338
2025-01-14,3.8440968990325928
2025-01-15,3.835052013397217
2025-01-16,3.8079171180725098
2025-01-17,3.8621866703033447
2025-01-20,3.943591356277466
2025-01-21,3.961681604385376
2025-01-22,3.8621866703033447
2025-01-23,3.907411813735962
2025-01-24,3.925501585006714
2025-01-27,3.961681604385376
2025-01-28,3.952636480331421
2025-01-29,3.952636480331421
2025-01-30,4.034041404724121
2025-01-31,3.988816022872925
2025-02-03,4.006906032562256
2025-02-04,3.8531417846679688
2025-02-05,3.835052013397217
2025-02-06,3.8621866703033447
2025-02-07,3.7898268699645996
2025-02-10,3.798872232437134
2025-02-11,3.7898268699645996
2025-02-12,3.7717373371124268
2025-02-13,3.753647565841675
2025-02-14,3.835052013397217
2025-02-17,3.798872232437134
2025-02-18,3.7807819843292236
2025-02-19,3.7807819843292236
2025-02-20,3.753647565841675
2025-02-21,3.7446024417877197
2025-02-24,3.7446024417877197
2025-02-25,3.753647565841675
2025-02-26,3.672243356704712
2025-02-27,3.690333127975464
2025-02-28,3.590839147567749
2025-03-05,3.590839147567749
2025-03-06,3.589826822280884
2025-03-07,3.6260876655578613
2025-03-10,3.553565740585327
2025-03-11,3.5173046588897705
2025-03-12,3.4719784259796143
2025-03-13,3.508239507675171
2025-03-14,3.535435199737549
2025-03-17,3.589826822280884
2025-03-18,3.580761432647705
2025-03-19,3.589826822280884
2025-03-20,3.5716962814331055
2025-03-21,3.526370048522949
2025-03-24,3.4901092052459717
2025-03-25,3.453848361968994
2025-03-26,3.4719784259796143
2025-03-27,3.4719784259796143
2025-03-28,3.4447829723358154
2025-03-31,3.399456739425659
2025-04-01,3.399456739425659
2025-04-02,3.408521890640259
2025-04-03,3.3450658321380615
2025-04-04,3.3360002040863037
2025-04-07,3.2634785175323486
2025-04-08,3.2725436687469482
2025-04-09,3.3631958961486816
2025-04-10,3.2725436687469482
2025-04-11,3.25441312789917
2025-04-14,3.308804750442505
2025-04-15,3.2453479766845703
2025-04-16,3.2090871334075928
2025-04-17,3.227217435836792
2025-04-22,3.200021982192993
2025-04-23,3.2725436687469482
2025-04-24,3.354130983352661
2025-04-25,3.3631958961486816
2025-04-28,3.399456739425659
2025-04-29,3.3903915882110596
2025-04-30,3.3360002040863037
2025-05-02,3.3722610473632812
2025-05-05,3.3450658321380615
2025-05-06,3.381326198577881
2025-05-07,3.4719784259796143
2025-05-08,3.5716962814331055
2025-05-09,3.4719784259796143
2025-05-12,3.4991745948791504
2025-05-13,3.5445005893707275
2025-05-14,3.5773017406463623
2025-05-15,3.5864741802215576
2025-05-16,3.5589566230773926
2025-05-19,3.522266387939453
2025-05-20,3.5130937099456787
2025-05-21,3.5039210319519043
2025-05-22,3.5039210319519043
2025-05-23,3.5130937099456787
2025-05-26,3.522266387939453
2025-05-27,3.5314388275146484
2025-05-28,3.4855759143829346
2025-05-29,3.494748592376709
2025-05-30,3.366332530975342
2025-06-02,3.320469617843628
2025-06-03,3.366332530975342
2025-06-04,3.366332530975342
2025-06-05,3.3846776485443115
2025-06-06,3.3388149738311768
2025-06-09,3.3846776485443115
2025-06-10,3.375504970550537
2025-06-11,3.320469617843628
2025-06-12,3.3296422958374023
2025-06-13,3.3388149738311768
2025-06-16,3.366332530975342
2025-06-17,3.2837793827056885
2025-06-18,3.274606466293335
2025-06-20,3.2103986740112305
2025-06-23,3.2103986740112305
2025-06-24,3.24708890914917
2025-06-25,3.2103986740112305
2025-06-26,3.292951822280884
2025-06-27,3.2837793827056885
2025-06-30,3.3571596145629883
2025-07-01,3.3846776485443115
2025-07-02,3.4580581188201904
2025-07-03,3.5773017406463623
2025-07-04,3.568129062652588
2025-07-07,3.4397132396698
2025-07-08,3.4121954441070557
2025-07-09,3.375504970550537
2025-07-10,3.421367883682251
2025-07-11,3.393850088119507
2025-07-14,3.4580581188201904
2025-07-15,3.47640323638916
2025-07-16,3.4855759143829346
2025-07-17,3.4855759143829346
2025-07-18,3.421367883682251
2025-07-21,3.403022527694702
2025-07-22,3.3846776485443115
2025-07-23,3.393850088119507
2025-07-24,3.393850088119507
2025-07-25,3.4305405616760254
2025-07-28,3.403022527694702
2025-07-29,3.366332530975342
2025-07-30,3.393850088119507
2025-07-31,3.375504970550537
2025-08-01,3.3388149738311768
2025-08-04,3.3296422958374023
2025-08-05,3.2837793827056885
2025-08-06,3.302124500274658
2025-08-07,3.403022527694702
2025-08-08,3.4580581188201904
2025-08-11,3.4024555683135986
2025-08-12,3.3931593894958496
2025-08-13,3.355973958969116
2025-08-14,3.355973958969116
2025-08-15,3.355973958969116
2025-08-18,3.355973958969116
2025-08-19,3.337381362915039
2025-08-20,3.346677780151367
2025-08-21,3.337381362915039
2025-08-22,3.3931593894958496
2025-08-25,3.4024555683135986
2025-08-26,3.3838632106781006
2025-08-27,3.411752223968506
2025-08-28,3.421048402786255
2025-08-29,3.430344820022583
2025-09-01,3.430344820022583
2025-09-02,3.4024555683135986
2025-09-03,3.3931593894958496
2025-09-04,3.439640998840332
2025-09-05,3.439640998840332
2025-09-08,3.4582338333129883
2025-09-09,3.4954187870025635
2025-09-10,3.439640998840332
2025-09-11,3.4582338333129883
2025-09-12,3.448937177658081
2025-09-15,3.430344820022583
2025-09-16,3.4024555683135986
2025-09-17,3.421048402786255
2025-09-18,3.3931593894958496
2025-09-19,3.4024555683135986
2025-09-22,3.3745667934417725
2025-09-23,3.355973958969116
2025-09-24,3.3838632106781006
2025-09-25,3.3838632106781006
2025-09-26,3.3838632106781006
2025-09-29,3.32808518409729
2025-09-30,3.32808518409729
2025-10-01,3.3745667934417725
2025-10-02,3.3652703762054443
2025-10-03,3.3838632106781006
2025-10-06,3.318788528442383
2025-10-07,3.2908997535705566
2025-10-08,3.2630105018615723
2025-10-09,3.244418144226074
2025-10-10,3.244418144226074
2025-10-13,3.2630105018615723
2025-10-14,3.2537143230438232
2025-10-15,3.2630105018615723
2025-10-16,3.2908997535705566
2025-10-17,3.225825071334839
2025-10-20,3.2723069190979004
2025-10-21,3.21652889251709
2025-10-22,3.2908997535705566
2025-10-23,3.3094921112060547
2025-10-24,3.355973958969116
2025-10-27,3.3094921112060547
2025-10-28,3.3838632106781006
2025-10-29,3.337381362915039
2025-10-30,3.337381362915039
2025-10-31,3.337381362915039
2025-11-03,3.346677780151367
2025-11-04,3.421048402786255
2025-11-05,3.4768264293670654
2025-11-06,3.421048402786255
2025-11-07,3.4024555683135986
2025-11-10,3.3856287002563477
2025-11-11,3.3856287002563477
2025-11-12,3.4705052375793457
2025-11-13,3.395059585571289
2025-11-14,3.4044899940490723
2025-11-17,3.4139208793640137
2025-11-18,3.3761980533599854
2025-11-19,3.3573365211486816
2025-11-21,3.338474988937378
2025-11-24,3.281890630722046
2025-11-25,3.3290443420410156
2025-11-26,3.3573365211486816
2025-11-27,3.3573365211486816
2025-11-28,3.3573365211486816
2025-12-01,3.3573365211486816
2025-12-02,3.3761980533599854
2025-12-03,3.423351526260376
2025-12-04,3.4610745906829834
2025-12-05,3.5176589488983154
2025-12-08,3.5459511280059814
2025-12-09,3.564812660217285
2025-12-10,3.640258550643921
2025-12-11,3.5553817749023438
2025-12-12,3.5553817749023438
2025-12-15,3.621397018432617
2025-12-16,3.643563985824585
2025-12-17,3.6534650325775146
2025-12-18,3.740000009536743
2025-12-19,3.6700000762939453
2025-12-22,3.7300000190734863
2025-12-23,3.740000009536743
2025-12-26,3.740000009536743
2025-12-29,3.740000009536743
2025-12-30,3.759999990463257
