date,close
2010-12-01,5.107921123504639
2010-12-02,5.107921123504639
2010-12-03,5.107921123504639
2010-12-06,5.107921123504639
2010-12-07,5.107921123504639
2010-12-08,5.107921123504639
2010-12-09,5.107921123504639
2010-12-10,5.107921123504639
2010-12-13,5.107921123504639
2010-12-14,5.107921123504639
2010-12-15,5.107921123504639
2010-12-16,5.107921123504639
2010-12-17,5.159561634063721
2010-12-20,5.159561634063721
2010-12-21,5.083090782165527
2010-12-22,5.065095901489258
2010-12-23,5.095685958862305
2010-12-27,4.94094181060791
2010-12-28,4.925649166107178
2010-12-29,4.939141750335693
2010-12-30,5.07409143447876
2011-01-03,5.13616943359375
2011-01-04,5.065095901489258
2011-01-05,5.02461051940918
2011-01-06,4.903158187866211
2011-01-07,4.858172416687012
2011-01-10,4.8050947189331055
2011-01-11,4.85997200012207
2011-01-12,4.8068928718566895
2011-01-13,4.777204513549805
2011-01-14,4.786200046539307
2011-01-17,4.777204513549805
2011-01-18,4.784402370452881
2011-01-19,4.798795223236084
2011-01-20,4.777204513549805
2011-01-21,4.718725681304932
2011-01-24,4.76820707321167
2011-01-26,4.633257865905762
2011-01-27,4.436230659484863
2011-01-28,4.25540018081665
2011-01-31,4.3543620109558105
2011-02-01,4.58827543258667
2011-02-02,4.4083428382873535
2011-02-03,4.4083428382873535
2011-02-04,4.25540018081665
2011-02-07,4.43533182144165
2011-02-08,4.641354560852051
2011-02-09,4.383152484893799
2011-02-10,4.498307228088379
2011-02-11,4.62426233291626
2011-02-14,4.7322211265563965
2011-02-15,4.589175224304199
2011-02-16,4.651252269744873
2011-02-17,4.6503520011901855
2011-02-18,4.772705554962158
2011-02-21,4.696234226226807
2011-02-22,4.4893107414245605
2011-02-23,4.426336288452148
2011-02-24,4.426336288452148
2011-02-25,4.5028076171875
2011-02-28,4.58827543258667
2011-03-01,4.4704203605651855
2011-03-02,4.5244011878967285
2011-03-03,4.52079963684082
2011-03-04,4.552289009094238
2011-03-09,4.552289009094238
2011-03-10,4.60176944732666
2011-03-11,4.698033809661865
2011-03-14,4.813190937042236
2011-03-15,4.772682189941406
2011-03-16,4.84305477142334
2011-03-17,4.835836410522461
2011-03-18,4.876434326171875
2011-03-21,4.885458946228027
2011-03-22,4.953122615814209
2011-03-23,4.772682189941406
2011-03-24,4.781703472137451
2011-03-25,4.81779146194458
2011-03-28,4.745615005493164
2011-03-29,4.759148597717285
2011-03-30,4.799748420715332
2011-03-31,4.771779537200928
2011-04-01,4.771779537200928
2011-04-04,5.0595831871032715
2011-04-05,5.0595831871032715
2011-04-06,4.94861364364624
2011-04-07,4.935079574584961
2011-04-08,4.8610968589782715
2011-04-11,4.912525177001953
2011-04-12,4.97855281829834
2011-04-13,5.034025192260742
2011-04-14,5.115384101867676
2011-04-15,5.28826904296875
2011-04-18,5.28826904296875
2011-04-19,5.36223030090332
2011-04-20,5.402909278869629
2011-04-25,5.38626766204834
2011-04-26,5.36223030090332
2011-04-27,5.343737602233887
2011-04-28,5.219855308532715
2011-04-29,5.3668532371521
2011-05-02,5.376098155975342
2011-05-03,5.255910873413086
2011-05-04,5.150512218475342
2011-05-05,5.158835411071777
2011-05-06,5.323398590087891
2011-05-09,5.473173141479492
2011-05-10,5.473173141479492
2011-05-11,5.3391194343566895
2011-05-12,5.48149299621582
2011-05-13,5.454680442810059
2011-05-16,5.454680442810059
2011-05-17,5.274400234222412
2011-05-18,5.121854305267334
2011-05-19,5.087647914886475
2011-05-20,5.103363037109375
2011-05-23,5.158835411071777
2011-05-24,5.207833290100098
2011-05-25,5.089496612548828
2011-05-26,5.316004753112793
2011-05-27,5.473173141479492
2011-05-30,5.4685492515563965
2011-05-31,5.533267021179199
2011-06-01,5.36223030090332
2011-06-02,5.454680442810059
2011-06-03,5.679341793060303
2011-06-06,5.648832321166992
2011-06-07,5.595208644866943
2011-06-08,5.602605819702148
2011-06-09,5.658077239990234
2011-06-10,5.5193986892700195
2011-06-13,5.454680442810059
2011-06-14,5.454680442810059
2011-06-15,5.408456802368164
2011-06-16,5.289193153381348
2011-06-17,5.214306354522705
2011-06-20,5.3391194343566895
2011-06-21,5.464849472045898
2011-06-22,5.36223030090332
2011-06-24,5.316004753112793
2011-06-27,5.417700290679932
2011-06-28,5.65355920791626
2011-06-29,5.59515905380249
2011-06-30,5.515440464019775
2011-07-01,5.62204122543335
2011-07-04,5.677659511566162
2011-07-05,5.575695037841797
2011-07-06,5.545104026794434
2011-07-07,5.376396179199219
2011-07-08,5.265161514282227
2011-07-11,5.229010105133057
2011-07-12,5.347659587860107
2011-07-13,5.444064140319824
2011-07-14,5.362492084503174
2011-07-15,5.237353324890137
2011-07-18,4.966675281524658
2011-07-19,4.945356369018555
2011-07-20,5.126114845275879
2011-07-21,5.254036903381348
2011-07-22,5.306873321533203
2011-07-25,5.278136253356934
2011-07-26,5.160412788391113
2011-07-27,5.033418655395508
2011-07-28,5.098307132720947
2011-07-29,5.081620216369629
2011-08-01,5.127041816711426
2011-08-02,4.96111536026001
2011-08-03,4.764598846435547
2011-08-04,4.449431896209717
2011-08-05,4.467970848083496
2011-08-08,4.1713409423828125
2011-08-09,4.638530254364014
2011-08-10,4.848026275634766
2011-08-11,4.983364105224609
2011-08-12,4.8220720291137695
2011-08-15,5.122407913208008
2011-08-16,5.118699550628662
2011-08-17,5.152070999145508
2011-08-18,5.0640082359313965
2011-08-19,5.098307132720947
2011-08-22,5.098307132720947
2011-08-23,5.353221893310547
2011-08-24,5.237353324890137
2011-08-25,5.265161514282227
2011-08-26,5.19100284576416
2011-08-29,5.399570941925049
2011-08-30,5.366199970245361
2011-08-31,5.547884941101074
2011-09-01,5.816705703735352
2011-09-02,5.59423303604126
2011-09-05,5.302239418029785
2011-09-06,5.6081390380859375
2011-09-08,5.839877605438232
2011-09-09,5.53397798538208
2011-09-12,5.6081390380859375
2011-09-13,5.2716498374938965
2011-09-14,5.188221454620361
2011-09-15,5.19100284576416
2011-09-16,5.282772541046143
2011-09-19,5.070497989654541
2011-09-20,5.070497989654541
2011-09-21,4.838757514953613
2011-09-22,4.444796085357666
2011-09-23,4.820217132568359
2011-09-26,4.884194374084473
2011-09-27,4.9278974533081055
2011-09-28,4.853513240814209
2011-09-29,4.862811088562012
2011-09-30,4.709397315979004
2011-10-03,4.6340837478637695
2011-10-04,4.642448902130127
2011-10-05,4.635010719299316
2011-10-06,4.825619697570801
2011-10-07,4.555980205535889
2011-10-10,4.881407737731934
2011-10-11,4.94370174407959
2011-10-13,5.053417682647705
2011-10-14,4.984611988067627
2011-10-17,4.909300804138184
2011-10-18,5.14174747467041
2011-10-19,5.267270565032959
2011-10-20,4.973456859588623
2011-10-21,5.140819072723389
2011-10-24,5.216129302978516
2011-10-25,5.216129302978516
2011-10-26,5.216129302978516
2011-10-27,5.216129302978516
2011-10-28,4.909300804138184
2011-10-31,4.8404974937438965
2011-11-01,4.76983118057251
2011-11-03,4.835848808288574
2011-11-04,4.76983118057251
2011-11-07,4.751236438751221
2011-11-08,4.788426399230957
2011-11-09,4.704745769500732
2011-11-10,4.704745769500732
2011-11-11,4.913949012756348
2011-11-14,4.8944244384765625
2011-11-16,4.900003910064697
2011-11-17,4.797724723815918
2011-11-18,4.741939067840576
2011-11-21,4.6117682456970215
2011-11-22,4.579225063323975
2011-11-23,4.533664226531982
2011-11-24,4.682432174682617
2011-11-25,4.602468490600586
2011-11-28,4.872108459472656
2011-11-29,4.913949012756348
2011-11-30,5.039473533630371
2011-12-01,5.048768520355225
2011-12-02,4.941843509674072
2011-12-05,5.067364692687988
2011-12-06,5.13059139251709
2011-12-07,5.019946575164795
2011-12-08,4.865599632263184
2011-12-09,4.933476448059082
2011-12-12,4.933476448059082
2011-12-13,4.835848808288574
2011-12-14,4.738218784332275
2011-12-15,4.741939067840576
2011-12-16,4.741939067840576
2011-12-19,4.686149597167969
2011-12-20,4.663782596588135
2011-12-21,4.579835891723633
2011-12-22,4.663782596588135
2011-12-23,4.687102317810059
2011-12-26,4.643264293670654
2011-12-27,4.57517147064209
2011-12-28,4.535061836242676
2011-12-29,4.515474319458008
2012-01-02,4.7570576667785645
2012-01-03,4.738401889801025
2012-01-04,4.688966751098633
2012-01-05,4.8484673500061035
2012-01-06,4.915627479553223
2012-01-09,4.940810680389404
2012-01-10,5.119901180267334
2012-01-11,5.083522319793701
2012-01-12,5.088188648223877
2012-01-13,5.018231391906738
2012-01-16,5.018231391906738
2012-01-17,5.018231391906738
2012-01-18,5.105910301208496
2012-01-19,5.3307037353515625
2012-01-20,5.373610019683838
2012-01-23,5.456624984741211
2012-01-24,5.518187522888184
2012-01-26,5.559232711791992
2012-01-27,5.395998001098633
2012-01-30,5.409989833831787
2012-01-31,5.503262996673584
2012-02-01,5.478079319000244
2012-02-02,5.574154376983643
2012-02-03,5.673957347869873
2012-02-06,5.689815044403076
2012-02-07,5.616127967834473
2012-02-08,5.4818115234375
2012-02-09,5.541507720947266
2012-02-10,5.580681800842285
2012-02-13,5.580681800842285
2012-02-14,5.622656345367432
2012-02-15,5.908080101013184
2012-02-16,6.062917232513428
2012-02-17,6.039597988128662
2012-02-23,5.899685859680176
2012-02-24,5.930466175079346
2012-02-27,5.843719482421875
2012-02-28,5.975238800048828
2012-02-29,6.098361968994141
2012-03-01,6.0825042724609375
2012-03-02,5.9994916915893555
2012-03-05,5.969642162322998
2012-03-06,5.9649786949157715
2012-03-07,6.095564842224121
2012-03-08,6.249469757080078
2012-03-09,6.179512977600098
2012-03-12,6.11422061920166
2012-03-13,6.184177398681641
2012-03-14,6.15619421005249
2012-03-15,5.984629154205322
2012-03-16,5.959383964538574
2012-03-19,5.959383964538574
2012-03-20,5.921980381011963
2012-03-21,5.834079265594482
2012-03-22,5.860263824462891
2012-03-23,6.040737152099609
2012-03-26,6.176327228546143
2012-03-27,6.12489652633667
2012-03-28,5.956581115722656
2012-03-29,5.902342796325684
2012-03-30,5.863068103790283
2012-04-02,5.959383964538574
2012-04-03,5.971540451049805
2012-04-04,5.947226047515869
2012-04-05,6.002398490905762
2012-04-09,5.886444568634033
2012-04-10,5.559160232543945
2012-04-11,5.465652942657471
2012-04-12,5.474068641662598
2012-04-13,5.470328330993652
2012-04-16,5.517082214355469
2012-04-17,5.760207653045654
2012-04-18,5.750856876373291
2012-04-19,5.67604923248291
2012-04-20,5.647059917449951
2012-04-23,5.580481052398682
2012-04-24,5.651360988616943
2012-04-25,5.545996189117432
2012-04-26,5.574732780456543
2012-04-27,5.766301155090332
2012-04-30,5.8687944412231445
2012-05-02,6.083354473114014
2012-05-03,6.1302876472473145
2012-05-04,5.900404453277588
2012-05-07,5.953085422515869
2012-05-08,5.84293270111084
2012-05-09,5.987570762634277
2012-05-10,5.964580535888672
2012-05-11,6.106341361999512
2012-05-14,5.932013034820557
2012-05-15,5.688716888427734
2012-05-16,5.688716888427734
2012-05-17,5.42530632019043
2012-05-18,5.613046646118164
2012-05-21,5.613046646118164
2012-05-22,5.5718584060668945
2012-05-23,5.454042911529541
2012-05-24,5.574732780456543
2012-05-25,5.68297004699707
2012-05-28,5.6724324226379395
2012-05-29,5.502894878387451
2012-05-30,5.603468894958496
2012-05-31,5.569942474365234
2012-06-01,5.459789752960205
2012-06-04,5.4770307540893555
2012-06-05,5.3640031814575195
2012-06-06,5.478946685791016
2012-06-08,5.5009765625
2012-06-11,5.517261028289795
2012-06-12,5.662856578826904
2012-06-13,5.747148036956787
2012-06-14,5.656150817871094
2012-06-15,5.77492618560791
2012-06-18,5.670518398284912
2012-06-19,5.771092414855957
2012-06-20,5.8111958503723145
2012-06-21,5.647904872894287
2012-06-22,5.55665397644043
2012-06-25,5.537445545196533
2012-06-26,5.3789567947387695
2012-06-27,5.2896294593811035
2012-06-28,5.162837505340576
2012-06-29,5.4125752449035645
2012-07-02,5.3885650634765625
2012-07-03,5.523997783660889
2012-07-04,5.552813529968262
2012-07-05,5.484614849090576
2012-07-06,5.407774448394775
2012-07-10,5.273298740386963
2012-07-11,5.196459770202637
2012-07-12,5.19741678237915
2012-07-13,5.1580352783203125
2012-07-16,5.1580352783203125
2012-07-17,5.188771724700928
2012-07-18,5.292510032653809
2012-07-19,5.398169994354248
2012-07-20,5.273298740386963
2012-07-23,5.282905101776123
2012-07-24,5.210865020751953
2012-07-25,5.205101490020752
2012-07-26,5.475011348724365
2012-07-27,5.804469585418701
2012-07-30,5.895720958709717
2012-07-31,5.88515567779541
2012-08-01,5.955272674560547
2012-08-02,5.695930480957031
2012-08-03,5.979287624359131
2012-08-06,6.1521806716918945
2012-08-07,5.955272674560547
2012-08-08,5.955272674560547
2012-08-09,6.052288055419922
2012-08-10,6.286656379699707
2012-08-13,6.396157264709473
2012-08-14,6.396157264709473
2012-08-15,6.396157264709473
2012-08-16,6.396157264709473
2012-08-17,6.2914581298828125
2012-08-20,6.2914581298828125
2012-08-21,6.347168445587158
2012-08-22,6.501814365386963
2012-08-23,6.369260787963867
2012-08-24,6.248237133026123
2012-08-27,6.306828498840332
2012-08-28,6.443221569061279
2012-08-29,6.493168354034424
2012-08-30,6.435536861419678
2012-08-31,6.427855014801025
2012-09-03,6.406721591949463
2012-09-04,6.339484691619873
2012-09-05,6.574812889099121
2012-09-06,6.715051174163818
2012-09-10,6.571932315826416
2012-09-11,6.6420512199401855
2012-09-12,6.704484462738037
2012-09-13,6.848567008972168
2012-09-14,6.848567008972168
2012-09-17,6.925405979156494
2012-09-18,6.891789436340332
2012-09-19,6.853366851806641
2012-09-20,6.835277080535889
2012-09-21,6.931547164916992
2012-09-24,6.889189720153809
2012-09-25,6.781367301940918
2012-09-26,6.498328685760498
2012-09-27,6.64273738861084
2012-09-28,6.536839485168457
2012-10-01,6.714937686920166
2012-10-02,6.902665615081787
2012-10-03,6.910369873046875
2012-10-04,6.878601551055908
2012-10-05,7.072105407714844
2012-10-08,7.158749580383301
2012-10-09,7.181857109069824
2012-10-10,7.316633701324463
2012-10-11,7.35610818862915
2012-10-15,7.461040496826172
2012-10-16,7.456226348876953
2012-10-17,7.364772796630859
2012-10-18,7.362847805023193
2012-10-19,7.196298122406006
2012-10-22,7.16452693939209
2012-10-23,7.114465236663818
2012-10-24,7.042262554168701
2012-10-25,6.931547164916992
2012-10-26,6.931547164916992
2012-10-29,6.990274906158447
2012-10-30,7.0085673332214355
2012-10-31,7.239622116088867
2012-11-01,7.412907600402832
2012-11-05,7.369588375091553
2012-11-06,7.451416492462158
2012-11-07,7.4254231452941895
2012-11-08,7.412907600402832
2012-11-09,7.412907600402832
2012-11-12,7.392691135406494
2012-11-13,7.316633701324463
2012-11-14,7.225175857543945
2012-11-16,7.2107367515563965
2012-11-19,7.220363616943359
2012-11-21,7.220363616943359
2012-11-22,7.219403266906738
2012-11-23,7.2781291007995605
2012-11-26,7.220363616943359
2012-11-27,7.393652439117432
2012-11-28,7.340703010559082
2012-11-29,7.668028354644775
2012-11-30,7.523619174957275
2012-12-03,7.567901611328125
2012-12-04,7.50917911529541
2012-12-05,7.4716339111328125
2012-12-06,7.646847724914551
2012-12-07,7.678616523742676
2012-12-10,7.610265731811523
2012-12-11,7.663212776184082
2012-12-12,7.672841548919678
2012-12-13,7.516880512237549
2012-12-14,7.608341693878174
2012-12-17,7.639148712158203
2012-12-18,7.693056583404541
2012-12-19,7.685356616973877
2012-12-20,7.67515754699707
2012-12-21,7.558431148529053
2012-12-26,7.669368743896484
2012-12-27,7.621133327484131
2012-12-28,7.69348669052124
2013-01-02,7.751365661621094
2013-01-03,7.765843391418457
2013-01-04,7.756192684173584
2013-01-07,7.624030590057373
2013-01-08,7.583510875701904
2013-01-09,7.740762710571289
2013-01-10,7.725321292877197
2013-01-11,7.699276924133301
2013-01-14,7.708922863006592
2013-01-15,7.423370838165283
2013-01-16,7.5246663093566895
2013-01-17,7.592193126678467
2013-01-18,7.576760292053223
2013-01-21,7.635610580444336
2013-01-22,7.563251972198486
2013-01-23,7.6954169273376465
2013-01-24,7.550714015960693
2013-01-28,7.650075435638428
2013-01-29,7.7417216300964355
2013-01-30,7.770662307739258
2013-01-31,7.689629077911377
2013-02-01,7.569041728973389
2013-02-04,7.516948223114014
2013-02-05,7.497654914855957
2013-02-06,7.515017509460449
2013-02-07,7.59026575088501
2013-02-08,7.572900772094727
2013-02-13,7.582546710968018
2013-02-14,7.571936130523682
2013-02-15,7.24683141708374
2013-02-18,7.196666240692139
2013-02-19,7.272878170013428
2013-02-20,7.196666240692139
2013-02-21,7.0876569747924805
2013-02-22,7.167727947235107
2013-02-25,7.158080577850342
2013-02-26,7.302786350250244
2013-02-27,7.264195442199707
2013-02-28,7.269983291625977
2013-03-01,7.331724166870117
2013-03-04,7.235255241394043
2013-03-05,7.162899971008301
2013-03-06,7.331724166870117
2013-03-07,7.167727947235107
2013-03-08,7.264195442199707
2013-03-11,7.20631217956543
2013-03-12,7.095374584197998
2013-03-13,7.090553283691406
2013-03-14,7.034596920013428
2013-03-15,6.934267997741699
2013-03-18,6.948877334594727
2013-03-19,7.031970024108887
2013-03-20,6.884143829345703
2013-03-21,6.850324630737305
2013-03-22,6.955641746520996
2013-03-25,6.990420818328857
2013-03-26,7.241634368896484
2013-03-27,7.327626705169678
2013-03-28,7.327626705169678
2013-04-01,7.231006622314453
2013-04-02,7.079312801361084
2013-04-03,7.091872692108154
2013-04-04,6.925690174102783
2013-04-05,7.087045669555664
2013-04-08,7.198156833648682
2013-04-09,7.088011264801025
2013-04-10,7.135354995727539
2013-04-11,7.033904075622559
2013-04-12,6.903470039367676
2013-04-15,6.803948879241943
2013-04-16,6.964337348937988
2013-04-17,6.9469475746154785
2013-04-18,6.904431343078613
2013-04-19,7.051571846008301
2013-04-22,7.077230453491211
2013-04-23,7.237088680267334
2013-04-24,7.376224517822266
2013-04-25,7.302217960357666
2013-04-26,7.302217960357666
2013-04-29,7.359450340270996
2013-04-30,7.558781147003174
2013-05-02,7.469967842102051
2013-05-03,7.3081374168396
2013-05-06,7.359450340270996
2013-05-07,7.400897026062012
2013-05-08,7.455169677734375
2013-05-09,7.578516960144043
2013-05-10,7.557792663574219
2013-05-13,7.437406063079834
2013-05-14,7.489705562591553
2013-05-15,7.672257423400879
2013-05-16,7.627854347229004
2013-05-17,7.6959428787231445
2013-05-20,7.8548150062561035
2013-05-21,7.896262168884277
2013-05-22,7.952507495880127
2013-05-23,7.8725786209106445
2013-05-24,8.032439231872559
2013-05-27,7.918956279754639
2013-05-28,7.953495979309082
2013-05-29,7.6841020584106445
2013-05-31,7.3515543937683105
2013-06-03,7.229193210601807
2013-06-04,7.203536510467529
2013-06-05,7.154196739196777
2013-06-06,7.153207302093506
2013-06-07,7.089071750640869
2013-06-10,7.006180286407471
2013-06-11,6.890725612640381
2013-06-12,6.85322904586792
2013-06-13,6.877901554107666
2013-06-14,6.581859111785889
2013-06-17,6.646002769470215
2013-06-18,6.596662521362305
2013-06-19,6.5058770179748535
2013-06-20,6.739591121673584
2013-06-21,6.575501441955566
2013-06-24,6.57352352142334
2013-06-25,6.499385356903076
2013-06-26,6.524096965789795
2013-06-27,6.445016860961914
2013-06-28,6.3165130615234375
2013-07-01,6.306628704071045
2013-07-02,6.029847145080566
2013-07-03,6.000191688537598
2013-07-04,6.089158535003662
2013-07-05,6.04961633682251
2013-07-08,6.058513164520264
2013-07-10,6.094102382659912
2013-07-11,6.145500659942627
2013-07-12,6.111892223358154
2013-07-15,6.11387300491333
2013-07-16,6.0990400314331055
2013-07-17,6.029847145080566
2013-07-18,6.034789562225342
2013-07-19,5.945826530456543
2013-07-22,6.064446926116943
2013-07-23,5.956700325012207
2013-07-24,5.935939788818359
2013-07-25,5.930997848510742
2013-07-26,5.930997848510742
2013-07-29,6.15835428237915
2013-07-30,5.985366344451904
2013-07-31,5.970536231994629
2013-08-01,6.04961633682251
2013-08-02,5.994261264801025
2013-08-05,6.014030933380127
2013-08-06,6.005134582519531
2013-08-07,6.003156661987305
2013-08-08,6.12869930267334
2013-08-09,6.372856140136719
2013-08-12,6.244352340698242
2013-08-13,6.2275471687316895
2013-08-14,6.325411319732666
2013-08-15,6.2275471687316895
2013-08-16,6.019962310791016
2013-08-19,5.725390911102295
2013-08-20,5.591942310333252
2013-08-21,5.688816547393799
2013-08-22,5.758009433746338
2013-08-23,5.992285251617432
2013-08-26,5.8815741539001465
2013-08-27,5.758009433746338
2013-08-28,5.693758964538574
2013-08-29,5.677942752838135
2013-08-30,5.672999382019043
2013-09-02,5.940882205963135
2013-09-03,5.787667274475098
2013-09-04,5.832147121429443
2013-09-05,5.9576873779296875
2013-09-06,6.224581718444824
2013-09-09,6.469732761383057
2013-09-10,6.452925205230713
2013-09-11,6.365939140319824
2013-09-12,6.440074920654297
2013-09-13,6.57154655456543
2013-09-16,6.62294864654541
2013-09-17,6.684234619140625
2013-09-18,6.952117443084717
2013-09-19,6.787562370300293
2013-09-20,6.624186992645264
2013-09-23,6.783604145050049
2013-09-24,6.723204612731934
2013-09-25,6.643989562988281
2013-09-26,6.584578990936279
2013-09-27,6.396450519561768
2013-09-30,6.290501594543457
2013-10-01,6.520217418670654
2013-10-02,6.436056613922119
2013-10-03,6.272679328918457
2013-10-04,6.228123188018799
2013-10-07,6.345949649810791
2013-10-08,6.3667426109313965
2013-10-09,6.487542629241943
2013-10-10,6.564777851104736
2013-10-11,6.683592796325684
2013-10-14,6.698446273803711
2013-10-15,6.7420172691345215
2013-10-16,6.723204612731934
2013-10-17,6.783604145050049
2013-10-18,6.849942684173584
2013-10-21,6.846971035003662
2013-10-22,6.891529083251953
2013-10-23,6.718251705169678
2013-10-24,6.752909183502197
2013-10-25,6.871724605560303
2013-10-28,6.832119941711426
2013-10-29,6.713302135467529
2013-10-30,6.790533542633057
2013-10-31,6.683592796325684
2013-11-01,6.6340861320495605
2013-11-04,6.594483852386475
2013-11-05,6.4806108474731445
2013-11-06,6.351891040802002
2013-11-07,6.241983413696289
2013-11-08,6.181583404541016
2013-11-11,6.139007091522217
2013-11-12,6.050882339477539
2013-11-13,6.020185947418213
2013-11-14,6.332087516784668
2013-11-18,6.483584403991699
2013-11-19,6.337039470672607
2013-11-21,6.282580375671387
2013-11-22,6.348921298980713
2013-11-25,6.218219757080078
2013-11-26,6.160789966583252
2013-11-27,6.201387405395508
2013-11-28,6.220199108123779
2013-11-29,6.188514232635498
2013-12-02,6.049890518188477
2013-12-03,5.891465663909912
2013-12-04,5.940974712371826
2013-12-05,6.188514232635498
2013-12-06,6.28753137588501
2013-12-09,6.2736687660217285
2013-12-10,6.139007091522217
2013-12-11,6.039989948272705
2013-12-12,5.957806587219238
2013-12-13,5.983548641204834
2013-12-16,6.0538530349731445
2013-12-17,5.960777759552002
2013-12-18,5.976619243621826
2013-12-19,6.151185512542725
2013-12-20,6.085701942443848
2013-12-23,6.291072845458984
2013-12-26,6.146224021911621
2013-12-27,6.032127857208252
2013-12-30,6.051970958709717
2014-01-02,5.853545188903809
2014-01-03,5.9358930587768555
2014-01-06,5.852553844451904
2014-01-07,5.968632221221924
2014-01-08,5.957718849182129
2014-01-09,5.760286808013916
2014-01-10,5.693813800811768
2014-01-13,5.69976806640625
2014-01-14,5.689844608306885
2014-01-15,5.714648246765137
2014-01-16,5.674962520599365
2014-01-17,5.6124587059021
2014-01-20,5.685876369476318
2014-01-21,5.714648246765137
2014-01-22,5.992443084716797
2014-01-23,5.804931640625
2014-01-24,5.679923057556152
2014-01-27,5.575750350952148
2014-01-28,5.555908679962158
2014-01-29,5.455703258514404
2014-01-30,5.491418838500977
2014-01-31,5.499355792999268
2014-02-03,5.35648775100708
2014-02-04,5.388237476348877
2014-02-05,5.3257365226745605
2014-02-06,5.397166728973389
2014-02-07,5.489435195922852
2014-02-10,5.431892395019531
2014-02-11,5.3624444007873535
2014-02-12,5.389230728149414
2014-02-13,5.431892395019531
2014-02-14,5.426931858062744
2014-02-17,5.347560882568359
2014-02-18,5.320773601531982
2014-02-19,5.3723649978637695
2014-02-20,5.466617584228516
2014-02-21,5.704728126525879
2014-02-24,5.655121803283691
2014-02-25,5.622379779815674
2014-02-26,5.731516361236572
2014-02-27,5.828744888305664
2014-02-28,5.724570274353027
2014-03-05,5.7305216789245605
2014-03-06,5.785089492797852
2014-03-07,5.7394514083862305
2014-03-10,5.684884071350098
2014-03-11,5.731516361236572
2014-03-12,5.74937105178833
2014-03-13,5.717623233795166
2014-03-14,5.7334980964660645
2014-03-17,5.779138088226318
2014-03-18,5.8912458419799805
2014-03-19,5.916893482208252
2014-03-20,5.943742752075195
2014-03-21,5.9755659103393555
2014-03-24,6.07600212097168
2014-03-25,6.046169281005859
2014-03-26,5.96661376953125
2014-03-27,6.185389995574951
2014-03-28,6.2440619468688965
2014-03-31,6.3862690925598145
2014-04-01,6.319642066955566
2014-04-02,6.394220352172852
2014-04-03,6.354445457458496
2014-04-04,6.389249324798584
2014-04-07,6.530460357666016
2014-04-08,6.414107799530029
2014-04-09,6.458858489990234
2014-04-10,6.440963268280029
2014-04-11,6.4021782875061035
2014-04-14,6.314668655395508
2014-04-15,6.2420735359191895
2014-04-16,6.338533401489258
2014-04-17,6.342512130737305
2014-04-22,6.394220352172852
2014-04-23,6.289805889129639
2014-04-24,6.2649455070495605
2014-04-25,6.228152275085449
2014-04-28,6.21522331237793
2014-04-29,6.409137725830078
2014-04-30,6.523500919342041
2014-05-02,6.730340957641602
2014-05-05,6.605042457580566
2014-05-06,6.616974830627441
2014-05-07,6.564270496368408
2014-05-08,6.612998962402344
2014-05-09,6.543387413024902
2014-05-12,6.7432661056518555
2014-05-13,6.762162685394287
2014-05-14,6.834755897521973
2014-05-15,6.826801300048828
2014-05-16,6.826801300048828
2014-05-19,6.780063629150391
2014-05-20,6.762162685394287
2014-05-21,6.71144962310791
2014-05-22,6.6627197265625
2014-05-23,6.583164215087891
2014-05-26,6.693545341491699
2014-05-27,6.5632734298706055
2014-05-28,6.7522196769714355
2014-05-29,6.811885356903076
2014-05-30,6.767137050628662
2014-06-02,6.643824577331543
2014-06-03,6.655758857727051
2014-06-04,6.646809101104736
2014-06-05,6.7144293785095215
2014-06-06,6.864591121673584
2014-06-09,6.966020584106445
2014-06-10,6.945140838623047
2014-06-11,6.933203220367432
2014-06-13,6.882491588592529
2014-06-16,7.03961181640625
2014-06-17,7.1818156242370605
2014-06-18,7.263638496398926
2014-06-20,7.261648178100586
2014-06-23,7.228766441345215
2014-06-24,7.323422431945801
2014-06-25,7.2736005783081055
2014-06-26,7.2536725997924805
2014-06-27,7.113184928894043
2014-06-30,7.054398536682129
2014-07-01,7.0464277267456055
2014-07-02,6.909924030303955
2014-07-03,7.024505615234375
2014-07-04,7.0822978019714355
2014-07-07,7.074324607849121
2014-07-08,7.1341071128845215
2014-07-10,7.1739630699157715
2014-07-11,7.213818550109863
2014-07-14,7.2736005783081055
2014-07-15,7.323422431945801
2014-07-16,7.267625331878662
2014-07-17,7.20086669921875
2014-07-18,7.2397260665893555
2014-07-21,7.32142972946167
2014-07-22,7.299507141113281
2014-07-23,7.149055004119873
2014-07-24,7.074324607849121
2014-07-25,7.129126071929932
2014-07-28,7.284561634063721
2014-07-29,7.094253063201904
2014-07-30,7.035466194152832
2014-07-31,6.825229644775391
2014-08-01,6.905935764312744
2014-08-04,7.1390910148620605
2014-08-05,6.989629745483398
2014-08-06,7.064359664916992
2014-08-07,7.014543056488037
2014-08-08,6.949777603149414
2014-08-11,7.063364505767822
2014-08-12,6.9886369705200195
2014-08-13,6.974685192108154
2014-08-14,6.935826778411865
2014-08-15,6.951768398284912
2014-08-18,6.955753803253174
2014-08-19,7.042440414428711
2014-08-20,7.019525527954102
2014-08-21,7.26862096786499
2014-08-22,7.203855514526367
2014-08-25,7.233745574951172
2014-08-26,7.254671096801758
2014-08-27,7.545613765716553
2014-08-28,7.610376834869385
2014-08-29,7.652228355407715
2014-09-01,7.55258846282959
2014-09-02,7.4977898597717285
2014-09-03,7.492810249328613
2014-09-04,7.535651206970215
2014-09-05,7.429037094116211
2014-09-08,7.380215167999268
2014-09-09,7.276588439941406
2014-09-10,7.158022403717041
2014-09-11,7.146069526672363
2014-09-12,7.020522117614746
2014-09-15,6.952766418457031
2014-09-16,7.124144554138184
2014-09-17,7.1111907958984375
2014-09-18,6.898012638092041
2014-09-19,6.9229736328125
2014-09-22,6.839103698730469
2014-09-23,6.816140174865723
2014-09-24,7.168580055236816
2014-09-25,6.947929859161377
2014-09-26,7.144619464874268
2014-09-29,7.043777942657471
2014-09-30,7.096695423126221
2014-10-01,6.962907791137695
2014-10-02,6.899008274078369
2014-10-03,7.030801296234131
2014-10-06,7.25843620300293
2014-10-07,7.346297264099121
2014-10-08,7.324331283569336
2014-10-09,7.438148498535156
2014-10-10,7.222496032714844
2014-10-13,7.422177314758301
2014-10-14,7.430160999298096
2014-10-15,7.307357311248779
2014-10-16,7.066741943359375
2014-10-17,7.188549518585205
2014-10-20,7.073733806610107
2014-10-21,6.798172473907471
2014-10-22,6.839103698730469
2014-10-23,6.619454860687256
2014-10-24,6.928963661193848
2014-10-27,6.719295024871826
2014-10-28,7.047772407531738
2014-10-29,7.008831977844238
2014-10-30,7.278404712677002
2014-10-31,7.408199310302734
2014-11-03,7.3532867431640625
2014-11-04,7.346297264099121
2014-11-05,7.288387775421143
2014-11-06,7.308359622955322
2014-11-07,7.338310241699219
2014-11-10,7.219498157501221
2014-11-11,7.273416042327881
2014-11-12,7.2554426193237305
2014-11-13,7.188549518585205
2014-11-14,7.159595012664795
2014-11-17,7.110672473907471
2014-11-18,7.188549518585205
2014-11-19,7.268424034118652
2014-11-21,7.609880447387695
2014-11-24,7.448133945465088
2014-11-25,7.368263244628906
2014-11-26,7.556960582733154
2014-11-27,7.636833667755127
2014-11-28,7.632838249206543
2014-12-01,7.248453140258789
2014-12-02,7.456123352050781
2014-12-03,7.655801773071289
2014-12-04,7.488069534301758
2014-12-05,7.561952114105225
2014-12-08,7.338310241699219
2014-12-09,7.406201362609863
2014-12-10,7.528006553649902
2014-12-11,7.428165912628174
2014-12-12,7.298372268676758
2014-12-15,7.145617961883545
2014-12-16,7.138626575469971
2014-12-17,7.463110446929932
2014-12-18,7.402717590332031
2014-12-19,7.552773952484131
2014-12-22,7.643808364868164
2014-12-23,7.552773952484131
2014-12-26,7.556777000427246
2014-12-29,7.611793041229248
2014-12-30,7.649811267852783
2015-01-02,7.592789649963379
2015-01-05,7.381711483001709
2015-01-06,7.466740608215332
2015-01-07,7.593787670135498
2015-01-08,7.602790355682373
2015-01-09,7.332693576812744
2015-01-12,7.432730674743652
2015-01-13,7.407721042633057
2015-01-14,7.342694282531738
2015-01-15,7.424726963043213
2015-01-16,7.422726154327393
2015-01-19,7.322688579559326
2015-01-20,7.302682876586914
2015-01-21,7.327688694000244
2015-01-22,7.252665996551514
2015-01-23,7.246661186218262
2015-01-26,7.2676682472229
2015-01-27,7.166632175445557
2015-01-28,7.202646732330322
2015-01-29,7.202646732330322
2015-01-30,7.052590847015381
2015-02-02,7.176637649536133
2015-02-03,7.209649085998535
2015-02-04,7.192643165588379
2015-02-05,7.302682876586914
2015-02-06,7.202646732330322
2015-02-09,7.412725925445557
2015-02-10,7.139621734619141
2015-02-11,7.059595108032227
2015-02-12,7.202646732330322
2015-02-13,7.751847743988037
2015-02-18,7.8338751792907715
2015-02-19,8.102977752685547
2015-02-20,8.077963829040527
2015-02-23,8.072965621948242
2015-02-24,8.247030258178711
2015-02-25,8.353067398071289
2015-02-26,8.375076293945312
2015-02-27,8.412090301513672
2015-03-02,8.54213809967041
2015-03-03,8.5131254196167
2015-03-04,8.339058876037598
2015-03-05,8.253032684326172
2015-03-06,8.27803897857666
2015-03-09,8.183006286621094
2015-03-10,8.064959526062012
2015-03-11,8.22301959991455
2015-03-12,8.3540678024292
2015-03-13,8.24302864074707
2015-03-16,8.268034934997559
2015-03-17,8.42309284210205
2015-03-18,8.563142776489258
2015-03-19,8.500663757324219
2015-03-20,8.672101020812988
2015-03-23,8.607937812805176
2015-03-24,8.611953735351562
2015-03-25,8.74228286743164
2015-03-26,8.647042274475098
2015-03-27,8.760324478149414
2015-03-30,8.937782287597656
2015-03-31,9.1011962890625
2015-04-01,9.28466510772705
2015-04-02,9.328777313232422
2015-04-06,9.395949363708496
2015-04-07,9.373891830444336
2015-04-08,9.380908966064453
2015-04-09,9.398957252502441
2015-04-10,9.373891830444336
2015-04-13,9.37188720703125
2015-04-14,9.378904342651367
2015-04-15,9.524272918701172
2015-04-16,9.383914947509766
2015-04-17,9.236678123474121
2015-04-20,9.314640045166016
2015-04-22,9.339951515197754
2015-04-23,9.558643341064453
2015-04-24,9.6295166015625
2015-04-27,9.61129093170166
2015-04-28,9.603191375732422
2015-04-29,9.687225341796875
2015-04-30,10.635905265808105
2015-05-04,10.653116226196289
2015-05-05,10.46479320526123
2015-05-06,10.580217361450195
2015-05-07,11.108722686767578
2015-05-08,11.542055130004883
2015-05-11,11.328426361083984
2015-05-12,11.510666847229004
2015-05-13,11.567363739013672
2015-05-14,11.304122924804688
2015-05-15,11.575465202331543
2015-05-18,11.458020210266113
2015-05-19,11.130997657775879
2015-05-20,11.137068748474121
2015-05-21,11.104667663574219
2015-05-22,11.035821914672852
2015-05-25,11.087458610534668
2015-05-26,10.863702774047852
2015-05-27,10.823204040527344
2015-05-28,10.849528312683105
2015-05-29,10.838396072387695
2015-06-01,10.692594528198242
2015-06-02,11.102645874023438
2015-06-03,10.918379783630371
2015-06-05,10.843456268310547
2015-06-08,11.076319694519043
2015-06-09,10.99127197265625
2015-06-10,11.1168212890625
2015-06-11,11.1168212890625
2015-06-12,11.137068748474121
2015-06-15,11.335514068603516
2015-06-16,11.187695503234863
2015-06-17,11.199840545654297
2015-06-18,11.40030574798584
2015-06-19,11.259175300598145
2015-06-22,11.345392227172852
2015-06-23,11.259175300598145
2015-06-24,11.312932968139648
2015-06-25,11.57868766784668
2015-06-26,11.653752326965332
2015-06-29,11.545218467712402
2015-06-30,11.462041854858398
2015-07-01,11.728813171386719
2015-07-02,11.943854331970215
2015-07-03,11.969212532043457
2015-07-06,11.843435287475586
2015-07-07,11.609121322631836
2015-07-08,11.441757202148438
2015-07-10,11.732872009277344
2015-07-13,11.73591136932373
2015-07-14,11.563472747802734
2015-07-15,11.644623756408691
2015-07-16,11.631436347961426
2015-07-17,11.52391529083252
2015-07-20,11.401182174682617
2015-07-21,11.31496524810791
2015-07-22,11.258158683776855
2015-07-23,10.979216575622559
2015-07-24,10.853438377380371
2015-07-27,10.690129280090332
2015-07-28,10.93458080291748
2015-07-29,10.93458080291748
2015-07-30,11.214539527893066
2015-07-31,11.045146942138672
2015-08-03,10.56637954711914
2015-08-04,10.686070442199707
2015-08-05,10.660713195800781
2015-08-06,10.492337226867676
2015-08-07,10.274250030517578
2015-08-10,10.210345268249512
2015-08-11,10.143400192260742
2015-08-12,9.915172576904297
2015-08-13,9.940535545349121
2015-08-14,10.012551307678223
2015-08-17,10.207304000854492
2015-08-18,10.559276580810547
2015-08-19,10.381770133972168
2015-08-20,10.353365898132324
2015-08-21,9.992262840270996
2015-08-24,9.712308883666992
2015-08-25,9.839098930358887
2015-08-26,10.142385482788086
2015-08-27,10.396985054016113
2015-08-28,10.244832992553711
2015-08-31,9.993276596069336
2015-09-01,9.717378616333008
2015-09-02,9.484079360961914
2015-09-03,9.747806549072266
2015-09-04,9.443503379821777
2015-09-08,9.331926345825195
2015-09-09,9.362360000610352
2015-09-10,9.61594295501709
2015-09-11,9.64535903930664
2015-09-14,10.00950813293457
2015-09-15,9.890829086303711
2015-09-16,10.265121459960938
2015-09-17,10.198175430297852
2015-09-18,9.820839881896973
2015-09-21,9.950675010681152
2015-09-22,9.75287914276123
2015-09-23,9.609857559204102
2015-09-24,9.471899032592773
2015-09-25,9.543078422546387
2015-09-28,9.304121971130371
2015-09-29,9.349884986877441
2015-09-30,9.354962348937988
2015-10-01,9.431228637695312
2015-10-02,9.858301162719727
2015-10-05,9.736282348632812
2015-10-06,9.914224624633789
2015-10-07,10.168440818786621
2015-10-08,10.163357734680176
2015-10-09,9.929482460021973
2015-10-13,9.736282348632812
2015-10-14,9.660017013549805
2015-10-15,9.914224624633789
2015-10-16,10.214198112487793
2015-10-19,10.387062072753906
2015-10-20,10.193861961364746
2015-10-21,10.066755294799805
2015-10-22,10.320969581604004
2015-10-23,9.72610855102539
2015-10-26,9.532910346984863
2015-10-27,9.710861206054688
2015-10-28,9.482070922851562
2015-10-29,9.24819564819336
2015-10-30,9.405808448791504
2015-11-03,9.55324935913086
2015-11-04,9.721027374267578
2015-11-05,9.665102005004883
2015-11-06,9.497323036193848
2015-11-09,9.197355270385742
2015-11-10,9.44139575958252
2015-11-11,9.812543869018555
2015-11-12,9.78712272644043
2015-11-13,9.766785621643066
2015-11-16,9.654932022094727
2015-11-17,9.873553276062012
2015-11-18,9.934564590454102
2015-11-19,10.031168937683105
2015-11-23,10.092174530029297
2015-11-24,10.097258567810059
2015-11-25,9.665102005004883
2015-11-26,9.558330535888672
2015-11-27,9.278697967529297
2015-11-30,8.897385597229004
2015-12-01,8.897385597229004
2015-12-02,8.63300609588623
2015-12-03,9.136343002319336
2015-12-04,8.897385597229004
2015-12-07,9.110921859741211
2015-12-08,8.902467727661133
2015-12-09,9.38038444519043
2015-12-10,9.116006851196289
2015-12-11,9.161760330200195
2015-12-14,9.044825553894043
2015-12-15,8.897385597229004
2015-12-16,8.897385597229004
2015-12-17,9.085501670837402
2015-12-18,8.9330472946167
2015-12-21,8.820873260498047
2015-12-22,8.591432571411133
2015-12-23,8.667909622192383
2015-12-28,8.652615547180176
2015-12-29,8.841268539428711
2015-12-30,8.718896865844727
2016-01-04,8.234517097473145
2016-01-05,8.820873260498047
2016-01-06,8.76988410949707
2016-01-07,8.627120971679688
2016-01-08,8.60672664642334
2016-01-11,8.361983299255371
2016-01-12,8.555737495422363
2016-01-13,8.586332321166992
2016-01-14,8.530243873596191
2016-01-15,8.458860397338867
2016-01-18,8.188623428344727
2016-01-19,8.382380485534668
2016-01-20,8.361983299255371
2016-01-21,8.43846607208252
2016-01-22,8.514945030212402
2016-01-26,8.295702934265137
2016-01-27,8.642415046691895
2016-01-28,8.642415046691895
2016-01-29,9.04521656036377
2016-02-01,9.208377838134766
2016-02-02,8.958542823791504
2016-02-03,9.223677635192871
2016-02-04,9.075814247131348
2016-02-05,8.565935134887695
2016-02-10,8.285501480102539
2016-02-11,8.168230056762695
2016-02-12,8.260011672973633
2016-02-15,8.3364896774292
2016-02-16,8.514945030212402
2016-02-17,8.78518295288086
2016-02-18,8.876958847045898
2016-02-19,8.922850608825684
2016-02-22,9.177789688110352
2016-02-23,8.922850608825684
2016-02-24,8.882055282592773
2016-02-25,9.050317764282227
2016-02-26,8.851460456848145
2016-02-29,9.177789688110352
2016-03-01,9.442926406860352
2016-03-02,9.748847961425781
2016-03-03,9.937504768371582
2016-03-04,10.396397590637207
2016-03-07,10.5901460647583
2016-03-08,10.60544204711914
2016-03-09,10.702319145202637
2016-03-10,10.845086097717285
2016-03-11,10.579952239990234
2016-03-14,10.646236419677734
2016-03-15,10.539158821105957
2016-03-16,10.668888092041016
2016-03-17,11.246831893920898
2016-03-18,11.042252540588379
2016-03-21,11.190569877624512
2016-03-22,11.395153999328613
2016-03-23,11.118968963623047
2016-03-24,10.99621868133545
2016-03-28,11.170112609863281
2016-03-29,11.001334190368652
2016-03-30,11.195685386657715
2016-03-31,10.633086204528809
2016-04-01,10.842782974243164
2016-04-04,10.530801773071289
2016-04-05,10.469425201416016
2016-04-06,10.136979103088379
2016-04-07,10.428507804870605
2016-04-08,10.842782974243164
2016-04-11,10.443848609924316
2016-04-12,10.699573516845703
2016-04-13,11.129197120666504
2016-04-14,11.083166122436523
2016-04-15,11.124082565307617
2016-04-18,10.945075035095215
2016-04-19,10.924613952636719
2016-04-20,10.663776397705078
2016-04-22,10.161134719848633
2016-04-25,10.037280082702637
2016-04-26,10.21274185180664
2016-04-27,10.599782943725586
2016-04-28,10.72879695892334
2016-04-29,10.718476295471191
2016-05-02,10.873296737670898
2016-05-03,10.83717155456543
2016-05-04,10.955862998962402
2016-05-05,10.72879695892334
2016-05-06,10.604948043823242
2016-05-09,10.58430290222168
2016-05-10,10.971341133117676
2016-05-11,10.991987228393555
2016-05-12,11.456435203552246
2016-05-13,11.492560386657715
2016-05-16,11.48223876953125
2016-05-17,11.275819778442383
2016-05-18,11.13132095336914
2016-05-19,10.955862998962402
2016-05-20,11.121002197265625
2016-05-23,11.095199584960938
2016-05-24,11.043590545654297
2016-05-25,10.682350158691406
2016-05-27,10.610105514526367
2016-05-30,10.579140663146973
2016-05-31,10.785564422607422
2016-06-01,10.966185569763184
2016-06-02,11.301613807678223
2016-06-03,11.3790283203125
2016-06-06,11.456435203552246
2016-06-07,11.61125373840332
2016-06-08,11.688660621643066
2016-06-09,11.668020248413086
2016-06-10,11.50287914276123
2016-06-13,11.48223876953125
2016-06-14,11.280978202819824
2016-06-15,11.446118354797363
2016-06-16,11.580292701721191
2016-06-17,11.833157539367676
2016-06-20,11.910564422607422
2016-06-21,12.256322860717773
2016-06-22,11.936369895935059
2016-06-23,12.161050796508789
2016-06-24,11.886781692504883
2016-06-27,11.653912544250488
2016-06-28,11.783284187316895
2016-06-29,12.06790542602539
2016-06-30,12.259376525878906
2016-07-01,12.445669174194336
2016-07-04,12.668196678161621
2016-07-05,12.549173355102539
2016-07-06,12.53882122039795
2016-07-07,12.652668952941895
2016-07-08,13.19603443145752
2016-07-11,13.454781532287598
2016-07-12,13.5065336227417
2016-07-13,13.454781532287598
2016-07-14,13.351286888122559
2016-07-15,13.480656623840332
2016-07-18,13.74457836151123
2016-07-19,13.713528633117676
2016-07-20,13.853255271911621
2016-07-21,13.739401817321777
2016-07-22,13.972273826599121
2016-07-25,13.480656623840332
2016-07-26,13.485832214355469
2016-07-27,13.791152954101562
2016-07-28,13.977446556091309
2016-07-29,14.106820106506348
2016-08-01,14.215492248535156
2016-08-02,14.024022102355957
2016-08-03,13.85842514038086
2016-08-04,14.075774192810059
2016-08-05,13.992973327636719
2016-08-08,13.920525550842285
2016-08-09,13.967100143432617
2016-08-10,13.801499366760254
2016-08-11,13.972273826599121
2016-08-12,13.977446556091309
2016-08-15,14.024022102355957
2016-08-16,13.85842514038086
2016-08-17,13.661778450012207
2016-08-18,13.335759162902832
2016-08-19,13.278836250305176
2016-08-22,13.247787475585938
2016-08-23,12.704418182373047
2016-08-24,12.859670639038086
2016-08-25,13.273660659790039
2016-08-26,13.092537879943848
2016-08-29,13.294360160827637
2016-08-30,13.19603443145752
2016-08-31,13.263313293457031
2016-09-01,13.009740829467773
2016-09-02,13.3875093460083
2016-09-05,13.320233345031738
2016-09-06,13.558281898498535
2016-09-08,13.403031349182129
2016-09-09,12.937291145324707
2016-09-12,13.040787696838379
2016-09-13,12.735467910766602
2016-09-14,12.776866912841797
2016-09-15,12.859670639038086
2016-09-16,12.740643501281738
2016-09-19,12.823442459106445
2016-09-20,12.999387741088867
2016-09-21,12.86484146118164
2016-09-22,13.051137924194336
2016-09-23,13.051137924194336
2016-09-26,12.895895004272461
2016-09-27,13.124129295349121
2016-09-28,13.233107566833496
2016-09-29,12.812759399414062
2016-09-30,12.698593139648438
2016-10-03,12.958067893981934
2016-10-04,12.589617729187012
2016-10-05,12.942503929138184
2016-10-06,12.973633766174316
2016-10-07,13.285001754760742
2016-10-10,13.388792991638184
2016-10-11,13.233107566833496
2016-10-13,13.482202529907227
2016-10-14,13.648261070251465
2016-10-17,13.803947448730469
2016-10-18,14.016712188720703
2016-10-19,13.990769386291504
2016-10-20,14.011526107788086
2016-10-21,13.95963191986084
2016-10-24,13.95963191986084
2016-10-25,13.964818954467773
2016-10-26,13.881791114807129
2016-10-27,13.700157165527344
2016-10-28,13.752054214477539
2016-10-31,14.011526107788086
2016-11-01,13.596370697021484
2016-11-03,12.984012603759766
2016-11-04,12.605181694030762
2016-11-07,13.020339012145996
2016-11-08,12.916549682617188
2016-11-09,12.714160919189453
2016-11-10,12.0914306640625
2016-11-11,11.821573257446289
2016-11-14,12.055100440979004
2016-11-16,12.195215225219727
2016-11-17,11.852710723876953
2016-11-18,11.831954002380371
2016-11-21,11.899417877197266
2016-11-22,11.899417877197266
2016-11-23,11.650324821472168
2016-11-24,11.857901573181152
2016-11-25,11.80600643157959
2016-11-28,12.158889770507812
2016-11-29,11.63475513458252
2016-11-30,11.66589069366455
2016-12-01,11.25073528289795
2016-12-02,11.313008308410645
2016-12-05,11.255922317504883
2016-12-06,11.297440528869629
2016-12-07,11.582858085632324
2016-12-08,11.598429679870605
2016-12-09,11.697029113769531
2016-12-12,11.53615665435791
2016-12-13,11.831954002380371
2016-12-14,11.780058860778809
2016-12-15,11.686653137207031
2016-12-16,11.797334671020508
2016-12-19,11.745277404785156
2016-12-20,11.391249656677246
2016-12-21,11.224649429321289
2016-12-22,11.115315437316895
2016-12-23,11.198616981506348
2016-12-26,11.34959888458252
2016-12-27,11.766096115112305
2016-12-28,12.09929370880127
2016-12-29,12.062853813171387
2017-01-02,12.047232627868652
2017-01-03,12.416876792907715
2017-01-04,12.307544708251953
2017-01-05,12.193007469177246
2017-01-06,12.052438735961914
2017-01-09,11.948315620422363
2017-01-10,11.922284126281738
2017-01-11,11.927489280700684
2017-01-12,12.724044799804688
2017-01-13,12.552236557006836
2017-01-16,12.552236557006836
2017-01-17,12.422083854675293
2017-01-18,12.390848159790039
2017-01-19,12.31275463104248
2017-01-20,12.5001802444458
2017-01-23,12.901056289672852
2017-01-24,12.614712715148926
2017-01-26,12.89585018157959
2017-01-27,12.947911262512207
2017-01-30,12.59909725189209
2017-01-31,12.432494163513184
2017-02-01,12.375227928161621
2017-02-02,12.380435943603516
2017-02-03,12.838578224182129
2017-02-06,12.526208877563477
2017-02-07,12.494970321655273
2017-02-08,12.31275463104248
2017-02-09,12.390848159790039
2017-02-10,12.869816780090332
2017-02-13,12.92708683013916
2017-02-14,13.223838806152344
2017-02-15,13.47895336151123
2017-02-16,13.47895336151123
2017-02-17,13.432093620300293
2017-02-20,13.53621768951416
2017-02-21,13.72364330291748
2017-02-22,13.890242576599121
2017-02-23,13.843385696411133
2017-02-24,13.301934242248535
2017-03-01,13.60390567779541
2017-03-02,13.421680450439453
2017-03-03,13.56745433807373
2017-03-06,13.728849411010742
2017-03-07,13.484156608581543
2017-03-08,13.369621276855469
2017-03-09,13.484156608581543
2017-03-10,13.661164283752441
2017-03-13,14.036018371582031
2017-03-14,13.744463920593262
2017-03-15,14.166172981262207
2017-03-16,14.056838989257812
2017-03-17,13.744463920593262
2017-03-20,13.957926750183105
2017-03-21,13.791325569152832
2017-03-22,13.637177467346191
2017-03-23,13.678949356079102
2017-03-24,14.253256797790527
2017-03-27,14.023530006408691
2017-03-28,14.279359817504883
2017-03-29,14.566515922546387
2017-03-30,14.524744987487793
2017-03-31,14.514307022094727
2017-04-03,14.482976913452148
2017-04-04,14.535184860229492
2017-04-05,14.806680679321289
2017-04-06,14.723135948181152
2017-04-07,14.822338104248047
2017-04-10,15.078166007995605
2017-04-11,14.978971481323242
2017-04-12,15.156479835510254
2017-04-13,15.14081859588623
2017-04-17,15.354879379272461
2017-04-18,15.480189323425293
2017-04-19,15.010292053222656
2017-04-20,15.235530853271484
2017-04-24,15.377084732055664
2017-04-25,15.413788795471191
2017-04-26,15.078246116638184
2017-04-27,15.151647567749023
2017-04-28,15.508158683776855
2017-05-02,15.780783653259277
2017-05-03,15.822718620300293
2017-05-04,15.767154693603516
2017-05-05,15.628739356994629
2017-05-08,15.703712463378906
2017-05-09,16.211219787597656
2017-05-10,16.926334381103516
2017-05-11,16.897497177124023
2017-05-12,16.926334381103516
2017-05-15,16.724485397338867
2017-05-16,16.782155990600586
2017-05-17,16.59760856628418
2017-05-18,15.311553001403809
2017-05-19,15.51340389251709
2017-05-22,14.694478034973145
2017-05-23,15.340386390686035
2017-05-24,15.801756858825684
2017-05-25,15.51340389251709
2017-05-26,15.651813507080078
2017-05-29,15.651813507080078
2017-05-30,15.5076322555542
2017-05-31,15.207745552062988
2017-06-01,15.248115539550781
2017-06-02,15.484572410583496
2017-06-05,15.51340389251709
2017-06-06,15.594137191772461
2017-06-07,15.801756858825684
2017-06-08,15.853656768798828
2017-06-09,15.905558586120605
2017-06-12,15.49033260345459
2017-06-13,15.496103286743164
2017-06-14,15.686408042907715
2017-06-15,15.686408042907715
2017-06-16,15.715253829956055
2017-06-19,16.032440185546875
2017-06-20,15.559544563293457
2017-06-21,15.253884315490723
2017-06-22,15.317323684692383
2017-06-23,15.328852653503418
2017-06-26,15.551284790039062
2017-06-27,15.389410018920898
2017-06-28,15.418317794799805
2017-06-29,15.476128578186035
2017-06-30,15.828776359558105
2017-07-03,15.927051544189453
2017-07-04,15.828776359558105
2017-07-05,16.060020446777344
2017-07-06,15.846123695373535
2017-07-07,15.886588096618652
2017-07-10,16.12939453125
2017-07-11,16.273923873901367
2017-07-12,16.736413955688477
2017-07-13,17.077505111694336
2017-07-14,16.736413955688477
2017-07-17,16.534074783325195
2017-07-18,16.418455123901367
2017-07-19,16.349075317382812
2017-07-20,16.51095199584961
2017-07-21,16.880943298339844
2017-07-24,17.262500762939453
2017-07-25,17.459062576293945
2017-07-26,16.880943298339844
2017-07-27,17.03125762939453
2017-07-28,17.071720123291016
2017-07-31,16.93875503540039
2017-08-01,17.326095581054688
2017-08-02,17.34343719482422
2017-08-03,17.239370346069336
2017-08-04,16.90985107421875
2017-08-07,17.106407165527344
2017-08-08,17.372343063354492
2017-08-09,17.47062110900879
2017-08-10,17.48796272277832
2017-08-11,17.57468032836914
2017-08-14,17.777021408081055
2017-08-15,17.921552658081055
2017-08-16,17.782800674438477
2017-08-17,17.632492065429688
2017-08-18,17.476402282714844
2017-08-21,17.18155860900879
2017-08-22,17.4012451171875
2017-08-23,17.921552658081055
2017-08-24,17.817495346069336
2017-08-25,17.956235885620117
2017-08-28,17.817495346069336
2017-08-29,17.921552658081055
2017-08-30,17.86373519897461
2017-08-31,17.6903018951416
2017-09-01,17.950462341308594
2017-09-04,18.147018432617188
2017-09-05,18.499664306640625
2017-09-06,19.181840896606445
2017-09-07,19.181840896606445
2017-09-08,19.314807891845703
2017-09-11,19.476680755615234
2017-09-12,20.002763748168945
2017-09-13,19.81777000427246
2017-09-14,19.81198501586914
2017-09-15,20.51728630065918
2017-09-18,20.696502685546875
2017-09-19,20.17620086669922
2017-09-20,20.077919006347656
2017-09-21,20.008544921875
2017-09-22,20.008544921875
2017-09-25,19.98560333251953
2017-09-26,20.113054275512695
2017-09-27,19.98560333251953
2017-09-28,20.281044006347656
2017-09-29,20.88930320739746
2017-10-02,20.912477493286133
2017-10-03,21.607627868652344
2017-10-04,21.62500762939453
2017-10-05,21.485973358154297
2017-10-06,21.43963050842285
2017-10-09,21.462806701660156
2017-10-10,21.653972625732422
2017-10-11,21.485973358154297
2017-10-12,21.485973358154297
2017-10-13,21.317975997924805
2017-10-16,21.080482482910156
2017-10-17,20.82558250427246
2017-10-18,21.723491668701172
2017-10-19,21.283226013183594
2017-10-20,21.37590980529785
2017-10-23,20.953020095825195
2017-10-24,21.491769790649414
2017-10-25,21.781415939331055
2017-10-26,21.039926528930664
2017-10-27,20.692340850830078
2017-10-30,20.385318756103516
2017-10-31,19.97402000427246
2017-11-01,19.90450668334961
2017-11-02,19.90450668334961
2017-11-03,20.014568328857422
2017-11-06,20.73868751525879
2017-11-07,20.142019271850586
2017-11-08,20.71552085876465
2017-11-09,19.979814529418945
2017-11-10,19.446868896484375
2017-11-13,19.406312942504883
2017-11-14,19.2209415435791
2017-11-15,19.2209415435791
2017-11-16,19.96244239807129
2017-11-17,20.356359481811523
2017-11-20,20.356359481811523
2017-11-21,20.819787979125977
2017-11-22,20.36214828491211
2017-11-23,20.159391403198242
2017-11-24,20.043537139892578
2017-11-27,19.887130737304688
2017-11-28,20.257875442504883
2017-11-29,19.81182289123535
2017-11-30,19.655418395996094
2017-12-01,19.71913719177246
2017-12-04,19.533763885498047
2017-12-05,19.34259033203125
2017-12-06,19.927677154541016
2017-12-07,19.834991455078125
2017-12-08,19.98560333251953
2017-12-11,19.956645965576172
2017-12-12,20.101469039916992
2017-12-13,19.661205291748047
2017-12-14,19.35418128967285
2017-12-15,19.174604415893555
2017-12-18,19.110876083374023
2017-12-19,19.168804168701172
2017-12-20,19.502241134643555
2017-12-21,19.7460880279541
2017-12-22,19.566110610961914
2017-12-25,19.566110610961914
2017-12-26,20.100248336791992
2017-12-27,20.611177444458008
2017-12-28,20.605375289916992
2017-12-29,20.605375289916992
2018-01-02,20.524089813232422
2018-01-03,20.78536033630371
2018-01-04,20.90148162841797
2018-01-05,20.77374839782715
2018-01-08,20.66924285888672
2018-01-09,20.79116439819336
2018-01-10,20.233795166015625
2018-01-11,20.320886611938477
2018-01-12,20.49506187438965
2018-01-15,21.01759147644043
2018-01-16,21.0872745513916
2018-01-17,21.61561393737793
2018-01-18,21.394987106323242
2018-01-19,21.238229751586914
2018-01-22,21.139522552490234
2018-01-23,20.675045013427734
2018-01-24,21.62722396850586
2018-01-25,21.62722396850586
2018-01-26,22.184593200683594
2018-01-29,21.696897506713867
2018-01-30,21.772377014160156
2018-01-31,21.981386184692383
2018-02-01,21.88268280029297
2018-02-02,21.633031845092773
2018-02-05,20.884063720703125
2018-02-06,21.110502243041992
2018-02-07,20.40797233581543
2018-02-08,20.193145751953125
2018-02-09,19.258390426635742
2018-02-14,19.682226181030273
2018-02-15,20.320886611938477
2018-02-16,20.082839965820312
2018-02-19,20.024776458740234
2018-02-20,20.12347412109375
2018-02-21,20.262828826904297
2018-02-22,21.035018920898438
2018-02-23,21.12210464477539
2018-02-26,20.82600212097168
2018-02-27,20.12347412109375
2018-02-28,20.042194366455078
2018-03-01,20.146705627441406
2018-03-02,20.49506187438965
2018-03-05,20.26862907409668
2018-03-06,20.03057861328125
2018-03-07,20.088645935058594
2018-03-08,20.117673873901367
2018-03-09,20.796974182128906
2018-03-12,20.85503387451172
2018-03-13,20.59376335144043
2018-03-14,20.535701751708984
2018-03-15,20.582143783569336
2018-03-16,20.46603775024414
2018-03-19,20.03057861328125
2018-03-20,19.798351287841797
2018-03-21,19.82916259765625
2018-03-22,20.3935489654541
2018-03-23,19.869888305664062
2018-03-26,19.951343536376953
2018-03-27,19.491687774658203
2018-03-28,19.421873092651367
2018-03-29,19.98625946044922
2018-04-02,19.852432250976562
2018-04-03,19.65460968017578
2018-04-04,19.74188995361328
2018-04-05,19.875707626342773
2018-04-06,19.718608856201172
2018-04-09,19.25895881652832
2018-04-10,18.973852157592773
2018-04-11,18.764389038085938
2018-04-12,19.288047790527344
2018-04-13,19.39278221130371
2018-04-16,19.31131935119629
2018-04-17,19.398601531982422
2018-04-18,19.584789276123047
2018-04-19,19.445140838623047
2018-04-20,19.319677352905273
2018-04-23,19.506620407104492
2018-04-24,19.27878189086914
2018-04-25,18.71209716796875
2018-04-26,18.852312088012695
2018-04-27,19.19115447998047
2018-04-30,19.05093765258789
2018-05-02,18.776357650756836
2018-05-03,18.84062385559082
2018-05-04,19.862985610961914
2018-05-07,19.792884826660156
2018-05-08,19.635149002075195
2018-05-09,19.23788833618164
2018-05-10,19.33720588684082
2018-05-11,18.706260681152344
2018-05-14,18.513473510742188
2018-05-15,17.876693725585938
2018-05-16,18.139583587646484
2018-05-17,17.754005432128906
2018-05-18,17.596271514892578
2018-05-21,17.66053581237793
2018-05-22,18.525156021118164
2018-05-23,18.05194854736328
2018-05-24,18.636154174804688
2018-05-25,18.11037254333496
2018-05-28,17.520320892333984
2018-05-29,17.11722755432129
2018-05-30,17.33338165283203
2018-06-01,17.57874298095703
2018-06-04,17.619638442993164
2018-06-05,17.01791000366211
2018-06-06,16.936120986938477
2018-06-07,16.86016845703125
2018-06-08,17.0880126953125
2018-06-11,16.947803497314453
2018-06-12,17.263275146484375
2018-06-13,16.801753997802734
2018-06-14,16.533016204833984
2018-06-15,16.39280891418457
2018-06-18,16.293487548828125
2018-06-19,16.655698776245117
2018-06-20,17.11722755432129
2018-06-21,16.690753936767578
2018-06-22,16.579748153686523
2018-06-25,16.69293975830078
2018-06-26,17.102937698364258
2018-06-27,16.23607635498047
2018-06-28,16.69293975830078
2018-06-29,17.2025146484375
2018-07-02,16.985803604125977
2018-07-03,17.571510314941406
2018-07-04,17.483654022216797
2018-07-05,17.512939453125
2018-07-06,17.512939453125
2018-07-10,17.86437225341797
2018-07-11,17.512939453125
2018-07-12,17.55394172668457
2018-07-13,17.963939666748047
2018-07-16,17.62422752380371
2018-07-17,17.94051742553711
2018-07-18,17.65351676940918
2018-07-19,18.27437400817871
2018-07-20,18.614086151123047
2018-07-23,17.969802856445312
2018-07-24,18.555513381958008
2018-07-25,18.596515655517578
2018-07-26,18.5028076171875
2018-07-27,17.89365577697754
2018-07-30,18.27437400817871
2018-07-31,18.086944580078125
2018-08-01,18.104515075683594
2018-08-02,17.8292293548584
2018-08-03,18.315378189086914
2018-08-06,18.25680923461914
2018-08-07,18.245092391967773
2018-08-08,18.186521530151367
2018-08-09,17.934659957885742
2018-08-10,17.313800811767578
2018-08-13,17.68280029296875
2018-08-14,17.753087997436523
2018-08-15,17.559799194335938
2018-08-16,17.477798461914062
2018-08-17,16.997507095336914
2018-08-20,17.366512298583984
2018-08-21,16.8920841217041
2018-08-22,17.23179817199707
2018-08-23,16.83936882019043
2018-08-24,16.83350944519043
2018-08-27,17.360654830932617
2018-08-28,17.079513549804688
2018-08-29,17.24936866760254
2018-08-30,16.5406494140625
2018-08-31,16.564083099365234
2018-09-03,16.40007972717285
2018-09-04,16.036941528320312
2018-09-05,16.36493682861328
2018-09-06,16.88037109375
2018-09-10,16.97994041442871
2018-09-11,16.69293975830078
2018-09-12,16.69293975830078
2018-09-13,16.34150505065918
2018-09-14,16.915508270263672
2018-09-17,17.641801834106445
2018-09-18,18.098657608032227
2018-09-19,17.454370498657227
2018-09-20,17.425085067749023
2018-09-21,18.27437400817871
2018-09-24,18.098657608032227
2018-09-25,18.02800941467285
2018-09-26,17.892940521240234
2018-09-27,18.409700393676758
2018-09-28,18.20417594909668
2018-10-01,18.227664947509766
2018-10-02,19.407997131347656
2018-10-03,20.024595260620117
2018-10-04,20.106809616088867
2018-10-05,19.907146453857422
2018-10-08,21.140336990356445
2018-10-09,21.04050064086914
2018-10-10,20.553102493286133
2018-10-11,20.230125427246094
2018-10-15,20.230125427246094
2018-10-16,20.905439376831055
2018-10-17,20.670543670654297
2018-10-18,20.488502502441406
2018-10-19,20.294721603393555
2018-10-22,20.635313034057617
2018-10-23,20.817352294921875
2018-10-24,20.553102493286133
2018-10-25,21.228416442871094
2018-10-26,21.674715042114258
2018-10-29,20.682300567626953
2018-10-30,22.438112258911133
2018-10-31,22.079904556274414
2018-11-01,22.332406997680664
2018-11-05,21.99181365966797
2018-11-06,21.874372482299805
2018-11-07,21.704071044921875
2018-11-08,21.269529342651367
2018-11-09,21.604246139526367
2018-11-12,21.345863342285156
2018-11-13,21.903736114501953
2018-11-14,22.261947631835938
2018-11-16,23.031217575073242
2018-11-19,23.2661075592041
2018-11-21,22.813940048217773
2018-11-22,22.784582138061523
2018-11-23,23.037092208862305
2018-11-26,22.332406997680664
2018-11-27,23.189773559570312
2018-11-28,23.195640563964844
2018-11-29,23.160411834716797
2018-11-30,22.96074867248535
2018-12-03,23.00185775756836
2018-12-04,22.526201248168945
2018-12-05,23.13692283630371
2018-12-06,23.43640899658203
2018-12-07,22.98423957824707
2018-12-10,22.46160316467285
2018-12-11,23.12517547607422
2018-12-12,23.207387924194336
2018-12-13,23.289600372314453
2018-12-14,23.195640563964844
2018-12-17,22.784582138061523
2018-12-18,22.784582138061523
2018-12-19,22.825687408447266
2018-12-20,23.20151710510254
2018-12-21,24.252660751342773
2018-12-26,23.724153518676758
2018-12-27,24.25362205505371
2018-12-28,24.9539852142334
2019-01-02,25.63080596923828
2019-01-03,25.307106018066406
2019-01-04,24.336021423339844
2019-01-07,23.776912689208984
2019-01-08,24.542009353637695
2019-01-09,25.071693420410156
2019-01-10,25.10700798034668
2019-01-11,24.54789161682129
2019-01-14,24.100603103637695
2019-01-15,24.0123233795166
2019-01-16,24.542009353637695
2019-01-17,25.454240798950195
2019-01-18,25.80736541748047
2019-01-21,25.307106018066406
2019-01-22,24.9539852142334
2019-01-23,25.418933868408203
2019-01-24,26.15460777282715
2019-01-28,26.643091201782227
2019-01-29,26.831417083740234
2019-01-30,26.731367111206055
2019-01-31,26.778453826904297
2019-02-01,26.87261390686035
2019-02-04,27.072711944580078
2019-02-05,26.76079750061035
2019-02-06,25.430696487426758
2019-02-07,25.513097763061523
2019-02-08,25.601381301879883
2019-02-11,25.307106018066406
2019-02-12,26.28408432006836
2019-02-13,25.601381301879883
2019-02-14,26.28408432006836
2019-02-15,25.983924865722656
2019-02-18,26.036897659301758
2019-02-19,26.248767852783203
2019-02-20,25.542524337768555
2019-02-21,25.48366928100586
2019-02-22,26.307621002197266
2019-02-25,26.12517738342285
2019-02-26,26.131057739257812
2019-02-27,25.92507553100586
2019-02-28,25.471899032592773
2019-03-01,25.501323699951172
2019-03-06,25.595487594604492
2019-03-07,25.195283889770508
2019-03-08,25.813249588012695
2019-03-11,26.854957580566406
2019-03-12,26.57245445251465
2019-03-13,26.10751724243164
2019-03-14,26.01335906982422
2019-03-15,25.889759063720703
2019-03-18,26.23699378967285
2019-03-19,26.15460777282715
2019-03-20,25.895645141601562
2019-03-21,25.342426300048828
2019-03-22,25.15542221069336
2019-03-25,24.783838272094727
2019-03-26,24.95488166809082
2019-03-27,24.188127517700195
2019-03-28,24.9489803314209
2019-03-29,25.833702087402344
2019-04-01,25.827800750732422
2019-04-02,25.521099090576172
2019-04-03,25.479808807373047
2019-04-04,25.951663970947266
2019-04-05,25.951663970947266
2019-04-08,25.249786376953125
2019-04-09,25.090539932250977
2019-04-10,25.17900848388672
2019-04-11,24.713056564331055
2019-04-12,24.51252555847168
2019-04-15,24.359169006347656
2019-04-16,24.34737777709961
2019-04-17,24.11734962463379
2019-04-18,25.373645782470703
2019-04-22,25.92791175842285
2019-04-23,25.92791175842285
2019-04-24,25.714319229125977
2019-04-25,27.203550338745117
2019-04-26,27.440874099731445
2019-04-29,27.61886978149414
2019-04-30,27.814661026000977
2019-05-02,27.124040603637695
2019-05-03,26.954345703125
2019-05-06,26.738977432250977
2019-05-07,26.908672332763672
2019-05-08,27.53520965576172
2019-05-09,26.823827743530273
2019-05-10,27.019611358642578
2019-05-13,26.399600982666016
2019-05-14,26.138540267944336
2019-05-15,26.569293975830078
2019-05-16,25.910120010375977
2019-05-17,25.714319229125977
2019-05-20,26.68024253845215
2019-05-21,27.411209106445312
2019-05-22,27.04572105407715
2019-05-23,26.96088218688965
2019-05-24,26.758556365966797
2019-05-27,27.13709831237793
2019-05-28,28.109539031982422
2019-05-29,28.12912368774414
2019-05-30,28.683874130249023
2019-05-31,28.74260902404785
2019-06-03,28.6512451171875
2019-06-04,28.233543395996094
2019-06-05,27.848480224609375
2019-06-06,28.12912368774414
2019-06-07,28.951454162597656
2019-06-10,29.219038009643555
2019-06-11,29.545358657836914
2019-06-12,29.63020133972168
2019-06-13,29.8586368560791
2019-06-14,29.91737937927246
2019-06-17,30.18495750427246
2019-06-18,30.348127365112305
2019-06-19,31.229183197021484
2019-06-21,30.66139793395996
2019-06-24,30.935501098632812
2019-06-25,30.171911239624023
2019-06-26,30.49070167541504
2019-06-27,30.6345272064209
2019-06-28,30.83065414428711
2019-07-01,30.35341453552246
2019-07-02,30.543014526367188
2019-07-03,30.797971725463867
2019-07-04,31.183671951293945
2019-07-05,31.70667266845703
2019-07-08,31.425561904907227
2019-07-10,31.928953170776367
2019-07-11,31.673988342285156
2019-07-12,31.079078674316406
2019-07-15,31.275203704833984
2019-07-16,31.37327003479004
2019-07-17,31.543241500854492
2019-07-18,31.772043228149414
2019-07-19,30.824111938476562
2019-07-22,31.085615158081055
2019-07-23,30.431867599487305
2019-07-24,30.543014526367188
2019-07-25,30.137678146362305
2019-07-26,30.967937469482422
2019-07-29,31.667451858520508
2019-07-30,31.745899200439453
2019-07-31,31.026775360107422
2019-08-01,31.915870666503906
2019-08-02,32.491172790527344
2019-08-05,31.791662216186523
2019-08-06,32.948787689208984
2019-08-07,32.71997833251953
2019-08-08,33.02724838256836
2019-08-09,32.988014221191406
2019-08-12,32.55653762817383
2019-08-13,32.85072326660156
2019-08-14,31.70667266845703
2019-08-15,31.530162811279297
2019-08-16,32.399635314941406
2019-08-19,32.295040130615234
2019-08-20,32.22965621948242
2019-08-21,32.77227783203125
2019-08-22,32.07276916503906
2019-08-23,31.412490844726562
2019-08-26,30.75873565673828
2019-08-27,31.01370620727539
2019-08-28,31.778579711914062
2019-08-29,32.804969787597656
2019-08-30,33.04685592651367
2019-09-02,32.90956115722656
2019-09-03,32.52385711669922
2019-09-04,33.02724838256836
2019-09-05,32.85072326660156
2019-09-06,32.667686462402344
2019-09-09,32.35387420654297
2019-09-10,32.32773208618164
2019-09-11,33.36065673828125
2019-09-12,32.88995361328125
2019-09-13,31.902801513671875
2019-09-16,31.837419509887695
2019-09-17,32.31465148925781
2019-09-18,32.491172790527344
2019-09-19,33.11876678466797
2019-09-20,32.75267028808594
2019-09-23,32.32773208618164
2019-09-24,32.36041259765625
2019-09-25,32.39223098754883
2019-09-26,32.78510665893555
2019-09-27,32.85712814331055
2019-09-30,33.04701614379883
2019-10-01,33.06011962890625
2019-10-02,31.76363754272461
2019-10-03,31.9404296875
2019-10-04,32.05829620361328
2019-10-07,31.69161033630371
2019-10-08,31.704710006713867
2019-10-09,32.03864288330078
2019-10-10,31.816022872924805
2019-10-11,32.92915344238281
2019-10-14,33.21726608276367
2019-10-15,33.590484619140625
2019-10-16,33.93751907348633
2019-10-17,33.89823913574219
2019-10-18,33.590484619140625
2019-10-21,34.10777282714844
2019-10-22,33.98990249633789
2019-10-23,33.452980041503906
2019-10-24,32.261268615722656
2019-10-25,33.06666564941406
2019-10-28,32.772010803222656
2019-10-29,32.87677001953125
2019-10-30,32.922607421875
2019-10-31,33.2303581237793
2019-11-01,33.832759857177734
2019-11-04,33.42679214477539
2019-11-05,32.42496871948242
2019-11-06,32.994632720947266
2019-11-07,32.863685607910156
2019-11-08,32.032100677490234
2019-11-11,33.099403381347656
2019-11-12,32.418426513671875
2019-11-13,32.27436828613281
2019-11-14,33.85239028930664
2019-11-18,33.43989181518555
2019-11-19,33.119041442871094
2019-11-21,33.433345794677734
2019-11-22,33.597042083740234
2019-11-25,33.590484619140625
2019-11-26,33.400604248046875
2019-11-27,33.49882507324219
2019-11-28,33.89823913574219
2019-11-29,33.91788101196289
2019-12-02,34.310768127441406
2019-12-03,34.4678955078125
2019-12-04,34.638145446777344
2019-12-05,34.690528869628906
2019-12-06,35.46318054199219
2019-12-09,34.638145446777344
2019-12-10,34.51374435424805
2019-12-11,34.991729736328125
2019-12-12,35.391143798828125
2019-12-13,35.522098541259766
2019-12-16,35.653072357177734
2019-12-17,35.4500846862793
2019-12-18,36.078678131103516
2019-12-19,36.4322624206543
2019-12-20,36.47809982299805
2019-12-23,36.73346710205078
2019-12-26,37.28901290893555
2019-12-27,36.78413772583008
2019-12-30,36.84314727783203
2020-01-02,37.70208740234375
2020-01-03,37.439823150634766
2020-01-06,37.40703201293945
2020-01-07,37.387359619140625
2020-01-08,37.629966735839844
2020-01-09,37.341468811035156
2020-01-10,37.45948791503906
2020-01-13,38.272544860839844
2020-01-14,37.787322998046875
2020-01-15,37.538177490234375
2020-01-16,37.83979034423828
2020-01-17,38.82987976074219
2020-01-20,39.01347732543945
2020-01-21,38.65284729003906
2020-01-22,39.242958068847656
2020-01-23,39.91176986694336
2020-01-24,39.452789306640625
2020-01-27,38.60695266723633
2020-01-28,39.12493896484375
2020-01-29,39.34131622314453
2020-01-30,38.8167724609375
2020-01-31,37.6693115234375
2020-02-03,37.88568878173828
2020-02-04,37.30868148803711
2020-02-05,37.50539016723633
2020-02-06,36.207122802734375
2020-02-07,36.43661880493164
2020-02-10,36.036651611328125
2020-02-11,37.03984451293945
2020-02-12,37.144752502441406
2020-02-13,37.577510833740234
2020-02-14,37.01362228393555
2020-02-17,37.50539016723633
2020-02-18,37.27589416503906
2020-02-19,37.05296325683594
2020-02-20,36.4103889465332
2020-02-21,36.718563079833984
2020-02-26,34.522010803222656
2020-02-27,33.472904205322266
2020-02-28,34.948211669921875
2020-03-02,34.75148391723633
2020-03-03,34.96787643432617
2020-03-04,35.76781463623047
2020-03-05,33.96467208862305
2020-03-06,33.295867919921875
2020-03-09,30.16167449951172
2020-03-10,32.94834899902344
2020-03-11,30.87637710571289
2020-03-12,28.332307815551758
2020-03-13,30.673112869262695
2020-03-16,24.19490623474121
2020-03-17,25.270235061645508
2020-03-18,20.982038497924805
2020-03-19,24.129344940185547
2020-03-20,22.607486724853516
2020-03-23,19.710100173950195
2020-03-24,21.674537658691406
2020-03-25,24.17772102355957
2020-03-26,25.419456481933594
2020-03-27,23.652118682861328
2020-03-30,23.44844627380371
2020-03-31,22.049030303955078
2020-04-01,21.1883544921875
2020-04-02,21.1160831451416
2020-04-03,20.340824127197266
2020-04-06,22.83086585998535
2020-04-07,24.30912208557129
2020-04-08,24.801876068115234
2020-04-09,24.03317642211914
2020-04-13,23.67839813232422
2020-04-14,23.691537857055664
2020-04-15,23.487863540649414
2020-04-16,23.42216682434082
2020-04-17,24.63762092590332
2020-04-20,25.623132705688477
2020-04-22,26.891145706176758
2020-04-23,25.918781280517578
2020-04-24,24.749309539794922
2020-04-27,25.399751663208008
2020-04-28,26.42466926574707
2020-04-29,26.65462303161621
2020-04-30,25.234678268432617
2020-05-04,24.45903778076172
2020-05-05,23.89373207092285
2020-05-06,23.42046546936035
2020-05-07,21.89547348022461
2020-05-08,22.283288955688477
2020-05-11,21.494503021240234
2020-05-12,21.744281768798828
2020-05-13,20.889766693115234
2020-05-14,21.888898849487305
2020-05-15,21.967777252197266
2020-05-18,23.795137405395508
2020-05-19,24.182960510253906
2020-05-20,25.16237449645996
2020-05-21,26.799114227294922
2020-05-22,24.564207077026367
2020-05-25,26.536176681518555
2020-05-26,25.076923370361328
2020-05-27,26.154932022094727
2020-05-28,25.655370712280273
2020-05-29,25.339847564697266
2020-06-01,26.94371795654297
2020-06-02,27.69307518005371
2020-06-03,29.04058074951172
2020-06-04,29.290372848510742
2020-06-05,30.223764419555664
2020-06-08,30.374958038330078
2020-06-09,30.11859703063965
2020-06-10,28.856536865234375
2020-06-12,28.251792907714844
2020-06-15,27.69307518005371
2020-06-16,27.449861526489258
2020-06-17,28.527873992919922
2020-06-18,28.29123306274414
2020-06-19,28.86310577392578
2020-06-22,28.22550392150879
2020-06-23,27.52216339111328
2020-06-24,27.02873420715332
2020-06-25,26.870708465576172
2020-06-26,26.73244285583496
2020-06-29,27.12750244140625
2020-06-30,27.522563934326172
2020-07-01,27.278940200805664
2020-07-02,27.298694610595703
2020-07-03,26.99581527709961
2020-07-06,27.996631622314453
2020-07-07,28.14148712158203
2020-07-08,28.707746505737305
2020-07-09,29.043537139892578
2020-07-10,29.241071701049805
2020-07-13,28.161239624023438
2020-07-14,27.594985961914062
2020-07-15,27.377704620361328
2020-07-16,27.35136604309082
2020-07-17,27.818859100341797
2020-07-20,28.148075103759766
2020-07-21,27.851774215698242
2020-07-22,28.10198402404785
2020-07-23,27.04190444946289
2020-07-24,27.12750244140625
2020-07-27,26.33737564086914
2020-07-28,26.43613624572754
2020-07-29,27.456716537475586
2020-07-30,27.252599716186523
2020-07-31,27.081405639648438
2020-08-03,26.877300262451172
2020-08-04,25.99498748779297
2020-08-05,26.824613571166992
2020-08-06,28.21391487121582
2020-08-07,28.457534790039062
2020-08-10,28.082225799560547
2020-08-11,27.976877212524414
2020-08-12,27.55548667907715
2020-08-13,26.758773803710938
2020-08-14,27.397459030151367
2020-08-17,26.719274520874023
2020-08-18,27.199928283691406
2020-08-19,26.179363250732422
2020-08-20,27.0748291015625
2020-08-21,27.63449478149414
2020-08-24,27.647663116455078
2020-08-25,28.832847595214844
2020-08-26,28.312685012817383
2020-08-27,28.108558654785156
2020-08-28,28.786758422851562
2020-08-31,28.622140884399414
2020-09-01,29.93902015686035
2020-09-02,30.01144027709961
2020-09-03,30.083877563476562
2020-09-04,30.485504150390625
2020-09-08,30.399917602539062
2020-09-09,30.360410690307617
2020-09-10,29.01720428466797
2020-09-11,28.378520965576172
2020-09-14,29.616378784179688
2020-09-15,29.142311096191406
2020-09-16,29.471525192260742
2020-09-17,29.267410278320312
2020-09-18,27.812267303466797
2020-09-21,27.292104721069336
2020-09-22,27.62790870666504
2020-09-23,26.416183471679688
2020-09-24,26.541536331176758
2020-09-25,26.27104377746582
2020-09-28,25.518936157226562
2020-09-29,25.598098754882812
2020-09-30,26.15888023376465
2020-10-01,26.871408462524414
2020-10-02,26.23805809020996
2020-10-05,26.462366104125977
2020-10-06,26.52174186706543
2020-10-07,26.15888023376465
2020-10-08,26.33041763305664
2020-10-09,25.868593215942383
2020-10-13,26.29743003845215
2020-10-14,25.829010009765625
2020-10-15,26.191871643066406
2020-10-16,26.607507705688477
2020-10-19,27.610328674316406
2020-10-20,27.399206161499023
2020-10-21,26.719669342041016
2020-10-22,26.904396057128906
2020-10-23,27.02975082397461
2020-10-26,27.174888610839844
2020-10-27,26.976966857910156
2020-10-28,26.17867660522461
2020-10-29,26.13909339904785
2020-10-30,24.707447052001953
2020-11-03,25.103290557861328
2020-11-04,26.851619720458984
2020-11-05,28.072141647338867
2020-11-06,27.643312454223633
2020-11-09,31.654550552368164
2020-11-10,32.01082229614258
2020-11-11,30.928834915161133
2020-11-12,29.939231872558594
2020-11-13,30.130550384521484
2020-11-16,31.337879180908203
2020-11-17,32.22853469848633
2020-11-18,31.087177276611328
2020-11-19,30.968425750732422
2020-11-23,30.0711669921875
2020-11-24,30.394445419311523
2020-11-25,30.61216163635254
2020-11-26,30.34166717529297
2020-11-27,30.57917594909668
2020-11-30,29.4774112701416
2020-12-01,29.635738372802734
2020-12-02,30.368059158325195
2020-12-03,30.59897232055664
2020-12-04,30.216310501098633
2020-12-07,29.701717376708984
2020-12-08,29.44441032409668
2020-12-09,29.385040283203125
2020-12-10,28.903425216674805
2020-12-11,29.431224822998047
2020-12-14,29.714914321899414
2020-12-15,30.361465454101562
2020-12-16,30.55278968811035
2020-12-17,30.01838493347168
2020-12-18,29.813871383666992
2020-12-21,29.04479217529297
2020-12-22,28.52272605895996
2020-12-23,28.892810821533203
2020-12-28,29.05801773071289
2020-12-29,29.163753509521484
2020-12-30,28.773839950561523
2021-01-04,27.894901275634766
2021-01-05,27.62395668029785
2021-01-06,26.236148834228516
2021-01-07,26.9300479888916
2021-01-08,28.483068466186523
2021-01-11,27.392650604248047
2021-01-12,27.690038681030273
2021-01-13,27.359601974487305
2021-01-14,28.668107986450195
2021-01-15,28.469858169555664
2021-01-18,28.50289535522461
2021-01-19,29.011762619018555
2021-01-20,28.489681243896484
2021-01-21,27.994035720825195
2021-01-22,27.10848617553711
2021-01-26,27.37282943725586
2021-01-27,27.650392532348633
2021-01-28,28.568986892700195
2021-01-29,27.405866622924805
2021-02-01,27.141523361206055
2021-02-02,27.101871490478516
2021-02-03,27.650392532348633
2021-02-04,27.319961547851562
2021-02-05,27.101871490478516
2021-02-08,27.25387191772461
2021-02-09,27.022571563720703
2021-02-10,26.27580451965332
2021-02-11,26.031278610229492
2021-02-12,26.368316650390625
2021-02-17,26.797876358032227
2021-02-18,26.434404373168945
2021-02-19,26.216325759887695
2021-02-22,25.337379455566406
2021-02-23,25.28451156616211
2021-02-24,24.663299560546875
2021-02-25,24.63025665283203
2021-02-26,24.22713279724121
2021-03-01,24.564170837402344
2021-03-02,24.69634246826172
2021-03-03,24.7690372467041
2021-03-04,25.991628646850586
2021-03-05,26.14362907409668
2021-03-08,25.112682342529297
2021-03-09,24.37251853942871
2021-03-10,25.324159622192383
2021-03-11,26.711963653564453
2021-03-12,27.465343475341797
2021-03-15,27.637165069580078
2021-03-16,26.897010803222656
2021-03-17,27.5049991607666
2021-03-18,27.167959213256836
2021-03-19,28.117006301879883
2021-03-22,27.507917404174805
2021-03-23,27.574129104614258
2021-03-24,27.084213256835938
2021-03-25,28.381818771362305
2021-03-26,27.792593002319336
2021-03-29,27.468198776245117
2021-03-30,29.07695960998535
2021-03-31,28.196447372436523
2021-04-01,28.4149112701416
2021-04-05,28.706218719482422
2021-04-06,29.017379760742188
2021-04-07,28.553945541381836
2021-04-08,28.090518951416016
2021-04-09,27.474811553955078
2021-04-12,27.190135955810547
2021-04-13,27.48143768310547
2021-04-14,27.468198776245117
2021-04-15,27.74625587463379
2021-04-16,31.297443389892578
2021-04-19,30.183012008666992
2021-04-20,28.96181297302246
2021-04-22,27.226774215698242
2021-04-23,27.24012565612793
2021-04-26,27.693628311157227
2021-04-27,26.98558807373047
2021-04-28,26.71840476989746
2021-04-29,26.698362350463867
2021-04-30,26.98558807373047
2021-05-03,27.38636589050293
2021-05-04,27.44648551940918
2021-05-05,27.64687156677246
2021-05-06,27.93408966064453
2021-05-07,29.096342086791992
2021-05-10,29.316776275634766
2021-05-11,29.730897903442383
2021-05-12,28.84919548034668
2021-05-13,29.470396041870117
2021-05-14,29.223251342773438
2021-05-17,30.125
2021-05-18,29.85782241821289
2021-05-19,29.637393951416016
2021-05-20,29.4102783203125
2021-05-21,29.497116088867188
2021-05-24,29.403606414794922
2021-05-25,30.091596603393555
2021-05-26,30.726167678833008
2021-05-27,31.39413070678711
2021-05-28,31.681346893310547
2021-05-31,31.260534286499023
2021-06-01,31.97525405883789
2021-06-02,31.948522567749023
2021-06-04,32.12887954711914
2021-06-07,32.329261779785156
2021-06-08,32.583091735839844
2021-06-09,31.99528694152832
2021-06-10,31.808258056640625
2021-06-11,31.02006721496582
2021-06-14,32.01532745361328
2021-06-15,31.761505126953125
2021-06-16,31.140296936035156
2021-06-17,30.92655372619629
2021-06-18,31.060144424438477
2021-06-21,30.91319465637207
2021-06-22,30.58588981628418
2021-06-23,30.01144790649414
2021-06-24,30.505739212036133
2021-06-25,30.125
2021-06-28,30.324695587158203
2021-06-29,29.588335037231445
2021-06-30,29.608413696289062
2021-07-01,28.671236038208008
2021-07-02,29.046110153198242
2021-07-05,29.126434326171875
2021-07-06,28.98586082458496
2021-07-07,29.73560905456543
2021-07-08,29.83602523803711
2021-07-12,30.050235748291016
2021-07-13,30.371562957763672
2021-07-14,30.284534454345703
2021-07-15,30.103796005249023
2021-07-16,30.14396095275879
2021-07-19,29.420982360839844
2021-07-20,29.1197452545166
2021-07-21,28.91221809387207
2021-07-22,29.35403823852539
2021-07-23,28.992555618286133
2021-07-26,28.477100372314453
2021-07-27,28.108922958374023
2021-07-28,28.155773162841797
2021-07-29,28.2026309967041
2021-07-30,27.64702606201172
2021-08-02,27.90140151977539
2021-08-03,28.07545280456543
2021-08-04,27.767515182495117
2021-08-05,27.593469619750977
2021-08-06,27.580076217651367
2021-08-09,27.519826889038086
2021-08-10,27.14495849609375
2021-08-11,27.312313079833984
2021-08-12,26.997682571411133
2021-08-13,27.339086532592773
2021-08-16,26.61611557006836
2021-08-17,26.428678512573242
2021-08-18,26.107358932495117
2021-08-19,26.408597946166992
2021-08-20,26.241241455078125
2021-08-23,25.471406936645508
2021-08-24,26.04041862487793
2021-08-25,26.32157325744629
2021-08-26,25.3776912689209
2021-08-27,25.578516006469727
2021-08-30,25.42454719543457
2021-08-31,25.478099822998047
2021-09-01,25.10322380065918
2021-09-02,24.453889846801758
2021-09-03,24.848846435546875
2021-09-06,24.848846435546875
2021-09-08,23.550174713134766
2021-09-09,23.97191047668457
2021-09-10,24.2128963470459
2021-09-13,24.8823184967041
2021-09-14,25.022897720336914
2021-09-15,24.627939224243164
2021-09-16,24.935871124267578
2021-09-17,24.467275619506836
2021-09-20,23.904966354370117
2021-09-21,24.467275619506836
2021-09-22,24.59343910217285
2021-09-23,24.989778518676758
2021-09-24,24.841995239257812
2021-09-27,24.08289337158203
2021-09-28,23.001344680786133
2021-09-29,23.16257095336914
2021-09-30,23.122268676757812
2021-10-01,24.33144760131836
2021-10-04,23.055084228515625
2021-10-05,22.994630813598633
2021-10-06,22.705768585205078
2021-10-07,22.685619354248047
2021-10-08,23.31035804748535
2021-10-11,22.77294158935547
2021-10-13,23.364097595214844
2021-10-14,23.243183135986328
2021-10-15,24.015716552734375
2021-10-18,24.176937103271484
2021-10-19,23.128982543945312
2021-10-20,23.605939865112305
2021-10-21,22.430341720581055
2021-10-22,21.53017234802246
2021-10-25,22.06758689880371
2021-10-26,21.153982162475586
2021-10-27,21.745136260986328
2021-10-28,21.731700897216797
2021-10-29,21.651090621948242
2021-11-01,22.30270767211914
2021-11-03,23.4178409576416
2021-11-04,22.90730094909668
2021-11-05,23.350664138793945
2021-11-08,22.90730094909668
2021-11-09,23.882705688476562
2021-11-10,24.207841873168945
2021-11-11,25.072406768798828
2021-11-12,23.81620216369629
2021-11-16,23.062477111816406
2021-11-17,22.892520904541016
2021-11-18,23.535402297973633
2021-11-19,23.882705688476562
2021-11-22,23.040307998657227
2021-11-23,23.018138885498047
2021-11-24,22.619112014770508
2021-11-25,22.737340927124023
2021-11-26,21.695430755615234
2021-11-29,21.385068893432617
2021-11-30,21.022987365722656
2021-12-01,20.90475845336914
2021-12-02,21.14122200012207
2021-12-03,21.61414337158203
2021-12-06,22.013174057006836
2021-12-07,21.769325256347656
2021-12-08,21.872774124145508
2021-12-09,20.875198364257812
2021-12-10,20.986042022705078
2021-12-13,20.550064086914062
2021-12-14,19.54509925842285
2021-12-15,19.944129943847656
2021-12-16,19.360363006591797
2021-12-17,19.389923095703125
2021-12-20,18.665754318237305
2021-12-21,18.244558334350586
2021-12-22,18.27345085144043
2021-12-23,17.954038619995117
2021-12-27,18.102602005004883
2021-12-28,18.169458389282227
2021-12-29,17.75347328186035
2021-12-30,18.15460205078125
2022-01-03,17.14435577392578
2022-01-04,16.936370849609375
2022-01-05,16.111835479736328
2022-01-06,16.936370849609375
2022-01-07,17.0775089263916
2022-01-10,16.891801834106445
2022-01-11,17.278072357177734
2022-01-12,18.310588836669922
2022-01-13,18.392301559448242
2022-01-14,17.80547332763672
2022-01-17,17.44892120361328
2022-01-18,17.456344604492188
2022-01-19,18.459156036376953
2022-01-20,19.417396545410156
2022-01-21,19.640247344970703
2022-01-24,19.22426414489746
2022-01-25,20.06365394592285
2022-01-26,20.61334800720215
2022-01-27,20.74705696105957
2022-01-28,20.910472869873047
2022-01-31,20.888187408447266
2022-02-01,20.04136848449707
2022-02-02,19.751670837402344
2022-02-03,19.81109619140625
2022-02-04,19.46196937561035
2022-02-07,19.083126068115234
2022-02-08,19.001415252685547
2022-02-09,19.24654769897461
2022-02-10,19.001415252685547
2022-02-11,18.830568313598633
2022-02-14,19.24654769897461
2022-02-15,20.137937545776367
2022-02-16,20.435068130493164
2022-02-17,20.22707748413086
2022-02-18,20.50191879272461
2022-02-21,19.588247299194336
2022-02-22,19.26140594482422
2022-02-23,19.090553283691406
2022-02-24,18.949420928955078
2022-02-25,18.80828094482422
2022-03-02,18.748855590820312
2022-03-03,18.392301559448242
2022-03-04,17.924327850341797
2022-03-07,16.327253341674805
2022-03-08,17.36720848083496
2022-03-09,18.169458389282227
2022-03-10,17.634624481201172
2022-03-11,16.973506927490234
2022-03-14,16.564958572387695
2022-03-15,16.624380111694336
2022-03-16,16.936370849609375
2022-03-17,17.010650634765625
2022-03-18,17.93918228149414
2022-03-21,17.857471466064453
2022-03-22,18.49629783630371
2022-03-23,19.537742614746094
2022-03-24,20.658458709716797
2022-03-25,20.606157302856445
2022-03-28,20.1130428314209
2022-03-29,20.538915634155273
2022-03-30,20.426847457885742
2022-03-31,20.54638671875
2022-04-01,21.71192741394043
2022-04-04,21.958486557006836
2022-04-05,20.890071868896484
2022-04-06,20.210174560546875
2022-04-07,20.038331985473633
2022-04-08,19.971084594726562
2022-04-11,19.98602867126465
2022-04-12,19.575105667114258
2022-04-13,19.926259994506836
2022-04-14,19.97855567932129
2022-04-18,19.7469425201416
2022-04-19,19.612457275390625
2022-04-20,19.410730361938477
2022-04-22,18.693477630615234
2022-04-25,18.67853546142578
2022-04-26,18.27507972717285
2022-04-27,18.327377319335938
2022-04-28,18.222780227661133
2022-04-29,17.744611740112305
2022-05-02,17.856678009033203
2022-05-03,17.57276153564453
2022-05-04,18.125646591186523
2022-05-05,17.087120056152344
2022-05-06,18.110708236694336
2022-05-09,17.849205017089844
2022-05-10,18.484275817871094
2022-05-11,18.327377319335938
2022-05-12,18.887733459472656
2022-05-13,19.029687881469727
2022-05-16,19.029687881469727
2022-05-17,19.448089599609375
2022-05-18,19.05210304260254
2022-05-19,19.17911720275879
2022-05-20,19.16417121887207
2022-05-23,18.969919204711914
2022-05-24,18.80554962158203
2022-05-25,19.0969295501709
2022-05-26,19.60498809814453
2022-05-27,19.492918014526367
2022-05-30,19.32854461669922
2022-05-31,19.873958587646484
2022-06-01,20.127988815307617
2022-06-02,20.942371368408203
2022-06-03,21.06191635131836
2022-06-06,20.157873153686523
2022-06-07,19.933731079101562
2022-06-08,19.687175750732422
2022-06-09,18.84290313720703
2022-06-10,17.991165161132812
2022-06-13,17.296321868896484
2022-06-14,17.13195037841797
2022-06-15,17.856678009033203
2022-06-17,17.737136840820312
2022-06-20,17.83426284790039
2022-06-21,17.266435623168945
2022-06-22,17.53540802001953
2022-06-23,17.819316864013672
2022-06-24,17.296321868896484
2022-06-27,17.32620620727539
2022-06-28,16.975051879882812
2022-06-29,16.78253173828125
2022-06-30,17.023359298706055
2022-07-01,17.384593963623047
2022-07-04,17.33191680908203
2022-07-05,17.37706756591797
2022-07-06,17.95655632019043
2022-07-07,18.626352310180664
2022-07-08,18.6489315032959
2022-07-11,18.11459732055664
2022-07-12,18.19738006591797
2022-07-13,18.513463973999023
2022-07-14,18.618825912475586
2022-07-15,18.86717987060547
2022-07-18,18.84459686279297
2022-07-19,18.618825912475586
2022-07-20,18.904808044433594
2022-07-21,18.679033279418945
2022-07-22,18.378005981445312
2022-07-25,18.588722229003906
2022-07-26,18.09202003479004
2022-07-27,18.980060577392578
2022-07-28,19.544498443603516
2022-07-29,19.032743453979492
2022-08-01,19.070377349853516
2022-08-02,19.243467330932617
2022-08-03,20.515331268310547
2022-08-04,21.26038360595703
2022-08-05,20.673372268676758
2022-08-08,20.695947647094727
2022-08-09,20.21429443359375
2022-08-10,21.049659729003906
2022-08-11,20.500276565551758
2022-08-12,20.83893585205078
2022-08-15,21.546361923217773
2022-08-16,21.117387771606445
2022-08-17,20.808834075927734
2022-08-18,20.808834075927734
2022-08-19,20.41748809814453
2022-08-22,19.996047973632812
2022-08-23,20.319656372070312
2022-08-24,20.49275016784668
2022-08-25,20.771198272705078
2022-08-26,20.921720504760742
2022-08-29,20.718523025512695
2022-08-30,20.613161087036133
2022-08-31,19.920791625976562
2022-09-01,19.996047973632812
2022-09-02,20.093881607055664
2022-09-05,20.29707908630371
2022-09-06,19.58965301513672
2022-09-08,19.582128524780273
2022-09-09,20.206768035888672
2022-09-12,20.628215789794922
2022-09-13,20.485227584838867
2022-09-14,20.605634689331055
2022-09-15,20.169143676757812
2022-09-16,19.853057861328125
2022-09-19,20.10893440246582
2022-09-20,20.18419647216797
2022-09-21,20.7862548828125
2022-09-22,21.4108943939209
2022-09-23,21.501205444335938
2022-09-26,20.899145126342773
2022-09-27,21.042133331298828
2022-09-28,20.92449188232422
2022-09-29,20.401947021484375
2022-09-30,21.09109878540039
2022-10-03,22.810190200805664
2022-10-04,22.704166412353516
2022-10-05,23.158554077148438
2022-10-06,23.68109893798828
2022-10-07,23.38574981689453
2022-10-10,23.27215003967285
2022-10-11,22.68144989013672
2022-10-13,22.09832191467285
2022-10-14,21.613637924194336
2022-10-17,22.030160903930664
2022-10-18,22.317943572998047
2022-10-19,22.227066040039062
2022-10-20,21.727237701416016
2022-10-21,22.007442474365234
2022-10-24,21.65151023864746
2022-10-25,21.234987258911133
2022-10-26,20.682151794433594
2022-10-27,21.431888580322266
2022-10-28,21.87112808227539
2022-10-31,23.400894165039062
2022-11-01,23.075252532958984
2022-11-03,23.075252532958984
2022-11-04,22.09832191467285
2022-11-07,21.409168243408203
2022-11-08,21.068376541137695
2022-11-09,20.773027420043945
2022-11-10,19.031211853027344
2022-11-11,18.56925392150879
2022-11-14,19.07665252685547
2022-11-16,18.251182556152344
2022-11-17,18.36478042602539
2022-11-18,18.357208251953125
2022-11-21,19.01606559753418
2022-11-22,18.70556640625
2022-11-23,18.342060089111328
2022-11-24,19.364431381225586
2022-11-25,18.152729034423828
2022-11-28,17.34998893737793
2022-11-29,17.387847900390625
2022-11-30,17.53173828125
2022-12-01,16.978904724121094
2022-12-02,16.895597457885742
2022-12-05,15.577879905700684
2022-12-06,16.365480422973633
2022-12-07,16.691120147705078
2022-12-08,16.001968383789062
2022-12-09,15.706622123718262
2022-12-12,15.502143859863281
2022-12-13,15.085625648498535
2022-12-14,15.487001419067383
2022-12-15,15.100768089294434
2022-12-16,14.72211742401123
2022-12-19,15.43398666381836
2022-12-20,16.085277557373047
2022-12-21,15.805069923400879
2022-12-22,15.638460159301758
2022-12-23,16.71896743774414
2022-12-26,15.82494831085205
2022-12-27,15.572781562805176
2022-12-28,15.92428207397461
2022-12-29,15.649199485778809
2023-01-02,14.770456314086914
2023-01-03,14.418961524963379
2023-01-04,14.51065731048584
2023-01-05,14.2890625
2023-01-06,14.816304206848145
2023-01-09,14.854514122009277
2023-01-10,15.297701835632324
2023-01-11,15.90899658203125
2023-01-12,16.229928970336914
2023-01-13,15.389392852783203
2023-01-16,15.076106071472168
2023-01-17,15.23656940460205
2023-01-18,15.779096603393555
2023-01-19,15.893714904785156
2023-01-20,15.702686309814453
2023-01-23,15.580425262451172
2023-01-24,16.26813316345215
2023-01-25,16.604347229003906
2023-01-26,16.680761337280273
2023-01-27,16.245210647583008
2023-01-30,16.19172477722168
2023-01-31,16.527936935424805
2023-02-01,16.550859451293945
2023-02-02,16.642553329467773
2023-02-03,15.481087684631348
2023-02-06,15.435242652893066
2023-02-07,15.106671333312988
2023-02-08,15.358830451965332
2023-02-09,14.70932674407959
2023-02-10,14.732248306274414
2023-02-13,14.778098106384277
2023-02-14,14.304344177246094
2023-02-15,14.694043159484863
2023-02-16,14.808663368225098
2023-02-17,14.992053031921387
2023-02-22,14.281420707702637
2023-02-23,14.655840873718262
2023-02-24,14.52593994140625
2023-02-27,14.671120643615723
2023-02-28,14.250855445861816
2023-03-01,13.677762031555176
2023-03-02,13.830588340759277
2023-03-03,13.56314468383789
2023-03-06,13.861153602600098
2023-03-07,13.9375638961792
2023-03-08,14.976768493652344
2023-03-09,14.770456314086914
2023-03-10,14.46480655670166
2023-03-13,14.686402320861816
2023-03-14,14.113314628601074
2023-03-15,14.166805267333984
2023-03-16,14.2890625
2023-03-17,13.80766487121582
2023-03-20,13.341551780700684
2023-03-21,13.448530197143555
2023-03-22,13.33450698852539
2023-03-23,12.987053871154785
2023-03-24,13.11831283569336
2023-03-27,13.342228889465332
2023-03-28,13.797779083251953
2023-03-29,13.126035690307617
2023-03-30,13.620192527770996
2023-03-31,12.794023513793945
2023-04-03,11.898364067077637
2023-04-04,11.882922172546387
2023-04-05,11.55863094329834
2023-04-06,12.13000202178955
2023-04-10,11.936971664428711
2023-04-11,13.048822402954102
2023-04-12,13.272738456726074
2023-04-13,13.010217666625977
2023-04-14,12.585552215576172
2023-04-17,12.925281524658203
2023-04-18,12.392520904541016
2023-04-19,11.713055610656738
2023-04-20,11.720779418945312
2023-04-24,11.659008026123047
2023-04-25,11.404208183288574
2023-04-26,11.566352844238281
2023-04-27,11.589517593383789
2023-04-28,12.230375289916992
2023-05-02,11.520026206970215
2023-05-03,11.249783515930176
2023-05-04,11.936971664428711
2023-05-05,13.048822402954102
2023-05-08,12.971611022949219
2023-05-09,13.512093544006348
2023-05-10,13.512093544006348
2023-05-11,13.064265251159668
2023-05-12,12.987053871154785
2023-05-15,13.388555526733398
2023-05-16,13.110591888427734
2023-05-17,14.376869201660156
2023-05-18,14.55445384979248
2023-05-19,14.98684310913086
2023-05-22,14.61622428894043
2023-05-23,14.376869201660156
2023-05-24,14.199281692504883
2023-05-25,15.05633544921875
2023-05-26,15.473278999328613
2023-05-29,15.20303726196289
2023-05-30,14.9173583984375
2023-05-31,15.017728805541992
2023-06-01,15.87478256225586
2023-06-02,15.805290222167969
2023-06-05,15.843896865844727
2023-06-06,16.307170867919922
2023-06-07,16.716392517089844
2023-06-09,16.85537338256836
2023-06-12,17.61977195739746
2023-06-13,16.600576400756836
2023-06-14,16.59285545349121
2023-06-15,16.2685604095459
2023-06-16,15.697195053100586
2023-06-19,16.04465103149414
2023-06-20,16.662342071533203
2023-06-21,16.80132293701172
2023-06-22,16.523359298706055
2023-06-23,17.22599220275879
2023-06-26,16.70867156982422
2023-06-27,16.28400421142578
2023-06-28,16.29971694946289
2023-06-29,16.657955169677734
2023-06-30,15.575460433959961
2023-07-03,15.801302909851074
2023-07-04,15.793516159057617
2023-07-05,15.925904273986816
2023-07-06,15.419706344604492
2023-07-07,15.902546882629395
2023-07-10,14.874561309814453
2023-07-11,14.68765640258789
2023-07-12,14.461814880371094
2023-07-13,14.368361473083496
2023-07-14,13.88552188873291
2023-07-17,13.986763000488281
2023-07-18,14.056851387023926
2023-07-19,13.846582412719727
2023-07-20,13.924461364746094
2023-07-21,14.251543045043945
2023-07-24,14.68765640258789
2023-07-25,14.516325950622559
2023-07-26,14.796684265136719
2023-07-27,14.508541107177734
2023-07-28,14.516325950622559
2023-07-31,14.601991653442383
2023-08-01,14.524116516113281
2023-08-02,14.796684265136719
2023-08-03,14.44623851776123
2023-08-04,15.279524803161621
2023-08-07,14.796684265136719
2023-08-08,14.91350269317627
2023-08-09,14.251543045043945
2023-08-10,14.578631401062012
2023-08-11,14.41508674621582
2023-08-14,13.683040618896484
2023-08-15,13.58180046081543
2023-08-16,13.620739936828613
2023-08-17,13.32480525970459
2023-08-18,13.519499778747559
2023-08-21,13.32480525970459
2023-08-22,13.379318237304688
2023-08-23,13.55843734741211
2023-08-24,13.153474807739258
2023-08-25,12.935420989990234
2023-08-28,13.005508422851562
2023-08-29,13.005508422851562
2023-08-30,12.803027153015137
2023-08-31,12.483731269836426
2023-09-01,13.06002140045166
2023-09-04,12.803027153015137
2023-09-05,12.514880180358887
2023-09-06,12.125494003295898
2023-09-08,12.086556434631348
2023-09-11,12.265673637390137
2023-09-12,12.468154907226562
2023-09-13,12.655060768127441
2023-09-14,12.507095336914062
2023-09-15,12.133282661437988
2023-09-18,12.016468048095703
2023-09-19,11.370085716247559
2023-09-20,11.4168119430542
2023-09-21,10.863883972167969
2023-09-22,10.817154884338379
2023-09-25,10.74706745147705
2023-09-26,10.248651504516602
2023-09-27,10.1852445602417
2023-09-28,10.595812797546387
2023-09-29,10.580018997192383
2023-10-02,10.14576530456543
2023-10-03,9.893109321594238
2023-10-04,10.208930015563965
2023-10-05,10.051019668579102
2023-10-06,9.94048023223877
2023-10-09,10.011539459228516
2023-10-10,10.264199256896973
2023-10-11,10.34315299987793
2023-10-13,10.019437789916992
2023-10-16,10.232617378234863
2023-10-17,10.11418342590332
2023-10-18,9.66413688659668
2023-10-19,9.74309253692627
2023-10-20,9.648347854614258
2023-10-23,9.79046630859375
2023-10-24,9.774673461914062
2023-10-25,9.750988960266113
2023-10-26,10.011539459228516
2023-10-27,9.640453338623047
2023-10-30,9.427271842956543
2023-10-31,9.679929733276367
2023-11-01,9.687825202941895
2023-11-03,10.453692436218262
2023-11-06,9.956273078918457
2023-11-07,10.406318664550781
2023-11-08,10.619498252868652
2023-11-09,10.698452949523926
2023-11-10,10.232617378234863
2023-11-13,10.540541648864746
2023-11-14,11.07744026184082
2023-11-16,11.369574546813965
2023-11-17,11.330095291137695
2023-11-20,11.566960334777832
2023-11-21,11.369574546813965
2023-11-22,11.827515602111816
2023-11-23,11.86699390411377
2023-11-24,11.495902061462402
2023-11-27,11.740662574768066
2023-11-28,12.198606491088867
2023-11-29,12.703919410705566
2023-11-30,12.924996376037598
2023-12-01,12.932889938354492
2023-12-04,12.672338485717773
2023-12-05,12.830249786376953
2023-12-06,12.932889938354492
2023-12-07,13.122383117675781
2023-12-08,12.9881591796875
2023-12-11,12.846038818359375
2023-12-12,12.782875061035156
2023-12-13,13.209234237670898
2023-12-14,13.77771282196045
2023-12-15,13.659280776977539
2023-12-18,13.659280776977539
2023-12-19,13.690862655639648
2023-12-20,13.50926399230957
2023-12-21,13.670003890991211
2023-12-22,14.124610900878906
2023-12-26,14.020929336547852
2023-12-27,13.997000694274902
2023-12-28,13.893320083618164
2024-01-02,13.725833892822266
2024-01-03,13.470619201660156
2024-01-04,12.944234848022461
2024-01-05,13.271231651306152
2024-01-08,13.78166389465332
2024-01-09,13.406814575195312
2024-01-10,13.15159797668457
2024-01-11,13.119695663452148
2024-01-12,13.526446342468262
2024-01-15,13.558347702026367
2024-01-16,13.32706069946289
2024-01-17,13.382887840270996
2024-01-18,13.15159797668457
2024-01-19,13.335034370422363
2024-01-22,12.609264373779297
2024-01-23,12.689019203186035
2024-01-24,12.601288795471191
2024-01-25,12.88043212890625
2024-01-26,12.58533763885498
2024-01-29,12.529510498046875
2024-01-30,12.425829887390137
2024-01-31,12.800675392150879
2024-02-01,12.888406753540039
2024-02-02,12.553435325622559
2024-02-05,11.979199409484863
2024-02-06,12.449756622314453
2024-02-07,12.370000839233398
2024-02-08,11.931347846984863
2024-02-09,11.827666282653809
2024-02-14,11.6442289352417
2024-02-15,11.540549278259277
2024-02-16,11.484719276428223
2024-02-19,11.636251449584961
2024-02-20,11.763860702514648
2024-02-21,11.755887031555176
2024-02-22,12.066929817199707
2024-02-23,12.170612335205078
2024-02-26,12.186563491821289
2024-02-27,12.88043212890625
2024-02-28,12.52153491973877
2024-02-29,12.601288795471191
2024-03-01,13.26325511932373
2024-03-04,12.896381378173828
2024-03-05,13.031965255737305
2024-03-06,12.800675392150879
2024-03-07,12.952210426330566
2024-03-08,12.944234848022461
2024-03-11,12.712945938110352
2024-03-12,13.191476821899414
2024-03-13,13.486570358276367
2024-03-14,13.167549133300781
2024-03-15,12.282269477844238
2024-03-18,12.370000839233398
2024-03-19,12.449756622314453
2024-03-20,13.037857055664062
2024-03-21,12.788214683532715
2024-03-22,12.594941139221191
2024-03-25,12.635207176208496
2024-03-26,12.482198715209961
2024-03-27,13.15865421295166
2024-03-28,13.67404842376709
2024-04-01,13.56130599975586
2024-04-02,14.076700210571289
2024-04-03,13.714313507080078
2024-04-04,14.012275695800781
2024-04-05,13.641836166381836
2024-04-08,13.810951232910156
2024-04-09,13.923691749572754
2024-04-10,13.182812690734863
2024-04-11,13.440509796142578
2024-04-12,12.933171272277832
2024-04-15,12.77210807800293
2024-04-16,12.949275016784668
2024-04-17,12.611048698425293
2024-04-18,12.409721374511719
2024-04-19,12.602995872497559
2024-04-22,12.554676055908203
2024-04-23,12.530517578125
2024-04-24,12.554676055908203
2024-04-25,12.490252494812012
2024-04-26,12.651313781738281
2024-04-29,12.635207176208496
2024-04-30,12.345297813415527
2024-05-02,12.586888313293457
2024-05-03,13.2069730758667
2024-05-06,12.844585418701172
2024-05-07,12.82848072052002
2024-05-08,13.569358825683594
2024-05-09,12.69157886505127
2024-05-10,12.160078048706055
2024-05-13,12.184236526489258
2024-05-14,12.240607261657715
2024-05-15,11.999016761779785
2024-05-16,12.071494102478027
2024-05-17,11.862116813659668
2024-05-20,11.829903602600098
2024-05-21,11.362828254699707
2024-05-22,10.557524681091309
2024-05-23,10.791061401367188
2024-05-24,10.734692573547363
2024-05-27,10.742743492126465
2024-05-28,10.63000202178955
2024-05-29,10.75885009765625
2024-05-31,10.565577507019043
2024-06-03,10.485048294067383
2024-06-04,10.37230396270752
2024-06-05,10.38035774230957
2024-06-06,10.774958610534668
2024-06-07,10.605842590332031
2024-06-10,10.275668144226074
2024-06-11,10.444783210754395
2024-06-12,10.283720016479492
2024-06-13,10.138765335083008
2024-06-14,10.299826622009277
2024-06-17,10.001864433288574
2024-06-18,9.953548431396484
2024-06-19,10.170980453491211
2024-06-20,10.07434368133545
2024-06-21,10.090449333190918
2024-06-24,10.267617225646973
2024-06-25,10.195137977600098
2024-06-26,9.881980895996094
2024-06-27,10.265191078186035
2024-06-28,10.175504684448242
2024-07-01,10.159197807312012
2024-07-02,9.914594650268555
2024-07-03,10.134737014770508
2024-07-04,10.787012100219727
2024-07-05,10.884854316711426
2024-07-08,10.68101978302002
2024-07-09,10.795165061950684
2024-07-10,10.84408950805664
2024-07-11,11.17837905883789
2024-07-12,11.04792308807373
2024-07-15,11.202837944030762
2024-07-16,11.186532974243164
2024-07-17,11.129456520080566
2024-07-18,10.729937553405762
2024-07-19,10.640251159667969
2024-07-22,11.04792308807373
2024-07-23,10.746247291564941
2024-07-24,10.493489265441895
2024-07-25,10.746247291564941
2024-07-26,10.868548393249512
2024-07-29,11.015310287475586
2024-07-30,10.623944282531738
2024-07-31,10.811474800109863
2024-08-01,10.83593463897705
2024-08-02,11.219147682189941
2024-08-05,11.390369415283203
2024-08-06,11.618663787841797
2024-08-07,11.904037475585938
2024-08-08,11.822502136230469
2024-08-09,12.597078323364258
2024-08-12,12.817222595214844
2024-08-13,12.800915718078613
2024-08-14,13.200432777404785
2024-08-15,13.648872375488281
2024-08-16,13.15151309967041
2024-08-19,13.86086368560791
2024-08-20,13.82824993133545
2024-08-21,13.779329299926758
2024-08-22,13.485803604125977
2024-08-23,14.472369194030762
2024-08-26,14.431605339050293
2024-08-27,14.961581230163574
2024-08-28,14.398990631103516
2024-08-29,13.901630401611328
2024-08-30,14.105466842651367
2024-09-02,13.811943054199219
2024-09-03,14.048393249511719
2024-09-04,14.252229690551758
2024-09-05,14.700669288635254
2024-09-06,14.447912216186523
2024-09-09,14.325611114501953
2024-09-10,14.415297508239746
2024-09-11,14.798511505126953
2024-09-12,14.986037254333496
2024-09-13,15.442633628845215
2024-09-16,15.785079002380371
2024-09-17,15.548626899719238
2024-09-18,15.491551399230957
2024-09-19,15.377406120300293
2024-09-20,14.708822250366211
2024-09-23,14.43975830078125
2024-09-24,15.214337348937988
2024-09-25,14.867745399475098
2024-09-26,14.810149192810059
2024-09-27,14.67027473449707
2024-09-30,14.859516143798828
2024-10-01,14.7031888961792
2024-10-02,15.098127365112305
2024-10-03,14.777238845825195
2024-10-04,14.90065860748291
2024-10-07,14.563314437866211
2024-10-08,14.810149192810059
2024-10-09,14.513947486877441
2024-10-10,14.89242935180664
2024-10-11,15.394329071044922
2024-10-14,15.558881759643555
2024-10-15,15.591798782348633
2024-10-16,15.460151672363281
2024-10-17,15.394329071044922
2024-10-18,15.139264106750488
2024-10-21,15.180403709411621
2024-10-22,14.94179630279541
2024-10-23,14.777238845825195
2024-10-24,15.493062019348145
2024-10-25,15.196861267089844
2024-10-28,15.22977352142334
2024-10-29,15.221543312072754
2024-10-30,15.320279121398926
2024-10-31,15.279139518737793
2024-11-01,14.90065860748291
2024-11-04,15.48483657836914
2024-11-05,15.386102676391602
2024-11-06,15.386102676391602
2024-11-07,14.87597370147705
2024-11-08,13.96268081665039
2024-11-11,13.773438453674316
2024-11-12,13.756985664367676
2024-11-13,13.64179515838623
2024-11-14,13.567743301391602
2024-11-18,13.411413192749023
2024-11-19,13.625338554382324
2024-11-21,12.901286125183105
2024-11-22,13.287997245788574
2024-11-25,13.337364196777344
2024-11-26,14.003820419311523
2024-11-27,13.279767990112305
2024-11-28,11.930399894714355
2024-11-29,12.39116096496582
2024-12-02,12.333562850952148
2024-12-03,12.670906066894531
2024-12-04,12.884831428527832
2024-12-05,13.13166618347168
2024-12-06,12.860146522521973
2024-12-09,12.662677764892578
2024-12-10,12.74495792388916
2024-12-11,13.09052848815918
2024-12-12,12.381285667419434
2024-12-13,12.36318588256836
2024-12-16,12.00115966796875
2024-12-17,12.100716590881348
2024-12-18,11.403817176818848
2024-12-19,11.774892807006836
2024-12-20,12.155020713806152
2024-12-23,11.43096923828125
2024-12-26,11.38571548461914
2024-12-27,11.211958885192871
2024-12-30,11.120207786560059
2025-01-02,11.010106086730957
2025-01-03,11.14773178100586
2025-01-06,11.49638557434082
2025-01-07,11.991839408874512
2025-01-08,11.80833911895752
2025-01-09,11.927614212036133
2025-01-10,11.780815124511719
2025-01-13,11.78998851776123
2025-01-14,11.569786071777344
2025-01-15,12.111117362976074
2025-01-16,11.386284828186035
2025-01-17,11.312883377075195
2025-01-20,11.37710952758789
2025-01-21,11.487211227416992
2025-01-22,12.046891212463379
2025-01-23,11.927614212036133
2025-01-24,12.08359146118164
2025-01-27,12.523994445800781
2025-01-28,12.3221435546875
2025-01-29,12.285443305969238
2025-01-30,12.753372192382812
2025-01-31,12.523994445800781
2025-02-03,12.441418647766113
2025-02-04,12.092765808105469
2025-02-05,11.945965766906738
2025-02-06,12.221217155456543
2025-02-07,11.771637916564941
2025-02-10,12.02854061126709
2025-02-11,12.166167259216309
2025-02-12,11.670713424682617
2025-02-13,12.019366264343262
2025-02-14,12.523994445800781
2025-02-17,12.946049690246582
2025-02-18,12.890999794006348
2025-02-19,12.42306900024414
2025-02-20,12.579046249389648
2025-02-21,10.817429542541504
2025-02-24,10.27609920501709
2025-02-25,10.37702465057373
2025-02-26,9.918270111083984
2025-02-27,10.349498748779297
2025-02-28,10.395374298095703
2025-03-05,10.27609920501709
2025-03-06,10.477950096130371
2025-03-07,10.936704635620117
2025-03-10,10.881654739379883
2025-03-11,10.73485279083252
2025-03-12,11.10185718536377
2025-03-13,10.643101692199707
2025-03-14,11.037630081176758
2025-03-17,11.468860626220703
2025-03-18,11.322059631347656
2025-03-19,11.37710952758789
2025-03-20,11.000930786132812
2025-03-21,11.395458221435547
2025-03-24,11.3312349319458
2025-03-25,11.615662574768066
2025-03-26,11.762579917907715
2025-03-27,11.902277946472168
2025-03-28,11.678760528564453
2025-03-31,11.39005184173584
2025-04-01,11.743953704833984
2025-04-02,12.079230308532715
2025-04-03,12.349311828613281
2025-04-04,11.781205177307129
2025-04-07,11.287607192993164
2025-04-08,11.166534423828125
2025-04-09,11.883650779724121
2025-04-10,11.79983139038086
2025-04-11,11.920904159545898
2025-04-14,12.11648178100586
2025-04-15,11.920904159545898
2025-04-16,11.771893501281738
2025-04-17,11.920904159545898
2025-04-22,11.930217742919922
2025-04-23,12.02334976196289
2025-04-24,12.712526321411133
2025-04-25,12.889477729797363
2025-04-28,13.317885398864746
2025-04-29,13.541401863098145
2025-04-30,13.60659408569336
2025-05-02,13.858052253723145
2025-05-05,13.643847465515137
2025-05-06,13.327197074890137
2025-05-07,13.383077621459961
2025-05-08,14.37959098815918
2025-05-09,15.087396621704102
2025-05-12,15.32022476196289
2025-05-13,15.69275188446045
2025-05-14,15.674123764038086
2025-05-15,16.223604202270508
2025-05-16,16.326051712036133
2025-05-19,16.75445556640625
2025-05-20,17.043167114257812
2025-05-21,16.400556564331055
2025-05-22,16.456436157226562
2025-05-23,16.391244888305664
2025-05-26,16.521629333496094
2025-05-27,16.717206954956055
2025-05-28,16.922096252441406
2025-05-29,16.726516723632812
2025-05-30,16.912782669067383
2025-06-02,17.089733123779297
2025-06-03,17.518142700195312
2025-06-04,17.154924392700195
2025-06-05,17.154924392700195
2025-06-06,16.35399055480957
2025-06-09,16.661327362060547
2025-06-10,17.052480697631836
2025-06-11,17.201492309570312
2025-06-12,17.173553466796875
2025-06-13,17.09904670715332
2025-06-16,17.527454376220703
2025-06-17,17.369129180908203
2025-06-18,17.434322357177734
2025-06-20,17.285310745239258
2025-06-23,17.70440673828125
2025-06-24,17.96517562866211
2025-06-25,17.68577766418457
2025-06-26,18.18869400024414
2025-06-27,18.216630935668945
2025-06-30,18.32839012145996
2025-07-01,18.30044937133789
2025-07-02,17.695093154907227
2025-07-03,18.159217834472656
2025-07-04,18.20628547668457
2025-07-07,18.149803161621094
2025-07-08,18.168630599975586
2025-07-09,18.262767791748047
2025-07-10,18.03683853149414
2025-07-11,17.603803634643555
2025-07-14,17.10487174987793
2025-07-15,17.453184127807617
2025-07-16,17.472009658813477
2025-07-17,17.622631072998047
2025-07-18,16.690664291381836
2025-07-21,16.445905685424805
2025-07-22,16.39883804321289
2025-07-23,16.596527099609375
2025-07-24,16.078767776489258
2025-07-25,15.73987102508545
2025-07-28,15.410388946533203
2025-07-29,15.391560554504395
2025-07-30,15.777525901794434
2025-07-31,15.316251754760742
2025-08-01,15.523354530334473
2025-08-04,15.881081581115723
2025-08-05,15.899904251098633
2025-08-06,16.728321075439453
2025-08-07,16.982494354248047
2025-08-08,15.749284744262695
2025-08-11,15.457456588745117
2025-08-12,15.73987102508545
2025-08-13,15.146801948547363
2025-08-14,15.08090591430664
2025-08-15,15.184456825256348
2025-08-18,15.259766578674316
2025-08-19,14.939698219299316
2025-08-20,14.789078712463379
2025-08-21,14.534903526306152
2025-08-22,14.9773530960083
2025-08-25,14.920870780944824
2025-08-26,14.73259449005127
2025-08-27,15.052663803100586
2025-08-28,15.231526374816895
2025-08-29,15.306836128234863
2025-09-01,15.288008689880371
2025-09-02,15.146801948547363
2025-09-03,15.090319633483887
2025-09-04,15.165630340576172
2025-09-05,15.391560554504395
2025-09-08,14.939698219299316
2025-09-09,14.676112174987793
2025-09-10,15.024421691894531
2025-09-11,15.231526374816895
2025-09-12,14.920870780944824
2025-09-15,15.269181251525879
2025-09-16,15.909320831298828
2025-09-17,16.022287368774414
2025-09-18,16.050525665283203
2025-09-19,15.92814826965332
2025-09-22,15.316251754760742
2025-09-23,14.986767768859863
2025-09-24,15.215599060058594
2025-09-25,15.005598068237305
2025-09-26,15.101054191589355
2025-09-29,15.043780326843262
2025-09-30,14.442411422729492
2025-10-01,14.461501121520996
2025-10-02,14.127408027648926
2025-10-03,14.031951904296875
2025-10-06,13.736040115356445
2025-10-07,12.9533052444458
2025-10-08,13.182398796081543
2025-10-09,13.211034774780273
2025-10-10,13.344672203063965
2025-10-13,13.497401237487793
2025-10-14,13.669220924377441
2025-10-15,13.602402687072754
2025-10-16,13.659676551818848
2025-10-17,13.592857360839844
2025-10-20,13.650131225585938
2025-10-21,13.965133666992188
2025-10-22,13.812403678894043
2025-10-23,14.146498680114746
2025-10-24,14.127408027648926
2025-10-27,14.146498680114746
2025-10-28,13.917405128479004
2025-10-29,13.965133666992188
2025-10-30,13.92695140838623
2025-10-31,14.165590286254883
2025-11-03,14.079680442810059
2025-11-04,14.289681434631348
2025-11-05,14.757413864135742
2025-11-06,13.898314476013184
2025-11-07,13.316035270690918
2025-11-10,13.841041564941406
2025-11-11,14.270589828491211
2025-11-12,14.2610445022583
2025-11-13,14.156044006347656
2025-11-14,14.471046447753906
2025-11-17,14.442411422729492
2025-11-18,14.394682884216309
2025-11-19,14.24195384979248
2025-11-21,14.499682426452637
2025-11-24,14.413774490356445
2025-11-25,14.53786563873291
2025-11-26,14.747867584228516
2025-11-27,15.158326148986816
2025-11-28,15.034234046936035
2025-12-01,15.043780326843262
2025-12-02,15.072417259216309
2025-12-03,14.757413864135742
2025-12-04,14.356501579284668
2025-12-05,13.24921703338623
2025-12-08,13.592857360839844
2025-12-09,13.344672203063965
2025-12-10,13.382856369018555
2025-12-11,13.440128326416016
2025-12-12,13.777565956115723
2025-12-15,14.039533615112305
2025-12-16,13.51559829711914
2025-12-17,13.030472755432129
2025-12-18,12.98196029663086
2025-12-19,13.146903038024902
2025-12-22,12.690884590148926
2025-12-23,13.146903038024902
2025-12-26,13.243927001953125
2025-12-29,13.098390579223633
2025-12-30,13.049877166748047
