date,close
2011-05-02,4.056183815002441
2011-05-03,4.019195556640625
2011-05-04,4.063580513000488
2011-05-05,4.038923740386963
2011-05-06,4.009334087371826
2011-05-09,3.969881534576416
2011-05-10,3.969881534576416
2011-05-11,4.043854713439941
2011-05-12,4.048786163330078
2011-05-13,4.0315260887146
2011-05-16,4.0315260887146
2011-05-17,3.969881534576416
2011-05-18,3.8959078788757324
2011-05-19,3.9033052921295166
2011-05-20,3.9304301738739014
2011-05-23,3.915635824203491
2011-05-24,3.8638527393341064
2011-05-25,3.7479631900787354
2011-05-26,3.8786468505859375
2011-05-27,3.8959078788757324
2011-05-30,3.9328951835632324
2011-05-31,3.945223808288574
2011-06-01,3.9945383071899414
2011-06-02,4.043854713439941
2011-06-03,4.117827415466309
2011-06-06,4.117827415466309
2011-06-07,4.11536169052124
2011-06-08,4.088237762451172
2011-06-09,4.216457843780518
2011-06-10,4.228786945343018
2011-06-13,4.265773296356201
2011-06-14,4.221389293670654
2011-06-15,4.164676189422607
2011-06-16,4.142485618591309
2011-06-17,4.068511486053467
2011-06-20,3.9945383071899414
2011-06-21,4.093170166015625
2011-06-22,4.006866931915283
2011-06-24,3.9945383071899414
2011-06-27,3.945223808288574
2011-06-28,4.004401683807373
2011-06-29,4.048786163330078
2011-06-30,4.006866931915283
2011-07-01,3.9945383071899414
2011-07-04,4.043854713439941
2011-07-05,4.135087490081787
2011-07-06,4.117827415466309
2011-07-07,4.043854713439941
2011-07-08,4.019195556640625
2011-07-11,3.8342642784118652
2011-07-12,3.9328951835632324
2011-07-13,3.883579730987549
2011-07-14,3.6986474990844727
2011-07-15,3.5753588676452637
2011-07-18,3.420015811920166
2011-07-19,3.649331569671631
2011-07-20,3.5285096168518066
2011-07-21,3.5359063148498535
2011-07-22,3.6739892959594727
2011-07-25,3.5827558040618896
2011-07-26,3.8071413040161133
2011-07-27,3.683851957321167
2011-07-28,3.4890573024749756
2011-07-29,3.3904268741607666
2011-08-01,3.4496045112609863
2011-08-02,3.4471395015716553
2011-08-03,3.3164541721343994
2011-08-04,3.0328903198242188
2011-08-05,2.9194653034210205
2011-08-08,2.712341070175171
2011-08-09,2.7616562843322754
2011-08-10,2.7739851474761963
2011-08-11,3.079740047454834
2011-08-12,3.2523434162139893
2011-08-15,3.299193859100342
2011-08-16,3.2400150299072266
2011-08-17,3.2597410678863525
2011-08-18,3.2720699310302734
2011-08-19,3.1660420894622803
2011-08-22,3.151247501373291
2011-08-23,3.1364524364471436
2011-08-24,3.0822057723999023
2011-08-25,3.0328903198242188
2011-08-26,2.9342596530914307
2011-08-29,2.995903491973877
2011-08-30,3.045220136642456
2011-08-31,3.168508291244507
2011-09-01,3.4446732997894287
2011-09-02,3.5013859272003174
2011-09-05,3.4865915775299072
2011-09-06,3.6222076416015625
2011-09-08,3.5975501537323
2011-09-09,3.550701379776001
2011-09-12,3.5876879692077637
2011-09-13,3.5137147903442383
2011-09-14,3.452070713043213
2011-09-15,3.4496045112609863
2011-09-16,3.4027554988861084
2011-09-19,3.4101524353027344
2011-09-20,3.328782320022583
2011-09-21,3.230151653289795
2011-09-22,3.0057671070098877
2011-09-23,2.9835751056671143
2011-09-26,3.0033016204833984
2011-09-27,3.079740047454834
2011-09-28,3.0328903198242188
2011-09-29,2.995903491973877
2011-09-30,2.894807815551758
2011-10-03,2.766587495803833
2011-10-04,2.759190320968628
2011-10-05,2.8233001232147217
2011-10-06,2.8602874279022217
2011-10-07,2.7616562843322754
2011-10-10,2.8602874279022217
2011-10-11,2.8726160526275635
2011-10-13,2.953986167907715
2011-10-14,3.0180957317352295
2011-10-17,2.9465885162353516
2011-10-18,2.9465885162353516
2011-10-19,3.069877862930298
2011-10-20,3.0748088359832764
2011-10-21,3.0748088359832764
2011-10-24,3.092069625854492
2011-10-25,3.092069625854492
2011-10-26,3.0624794960021973
2011-10-27,3.1068637371063232
2011-10-28,3.1931655406951904
2011-10-31,3.3041253089904785
2011-11-01,3.1561789512634277
2011-11-03,3.242481231689453
2011-11-04,3.2030279636383057
2011-11-07,3.267138719558716
2011-11-08,3.2178237438201904
2011-11-09,3.1068637371063232
2011-11-10,3.131521701812744
2011-11-11,2.9219303131103516
2011-11-14,2.8085060119628906
2011-11-16,2.7246696949005127
2011-11-17,2.7369985580444336
2011-11-18,2.7517929077148438
2011-11-21,2.589053153991699
2011-11-22,2.463298797607422
2011-11-23,2.42631196975708
2011-11-24,2.4657647609710693
2011-11-25,2.4583675861358643
2011-11-28,2.5397377014160156
2011-11-29,2.5397377014160156
2011-11-30,2.687683582305908
2011-12-01,2.9071362018585205
2011-12-02,2.8331637382507324
2011-12-05,2.7616562843322754
2011-12-06,2.687683582305908
2011-12-07,2.6506965160369873
2011-12-08,2.5643954277038574
2011-12-09,2.601381301879883
2011-12-12,2.5841212272644043
2011-12-13,2.5643954277038574
2011-12-14,2.4534354209899902
2011-12-15,2.490422248840332
2011-12-16,2.589053153991699
2011-12-19,2.5027501583099365
2011-12-20,2.561929225921631
2011-12-21,2.4164493083953857
2011-12-22,2.2315165996551514
2011-12-23,2.293161392211914
2011-12-26,2.320284843444824
2011-12-27,2.2832982540130615
2011-12-28,2.2832982540130615
2011-12-29,2.352339506149292
2012-01-02,2.293161392211914
2012-01-03,2.2783665657043457
2012-01-04,2.256174325942993
2012-01-05,2.2364490032196045
2012-01-06,2.2980923652648926
2012-01-09,2.2759010791778564
2012-01-10,2.2438461780548096
2012-01-11,2.280831813812256
2012-01-12,2.3054890632629395
2012-01-13,2.332612991333008
2012-01-16,2.332612991333008
2012-01-17,2.3745315074920654
2012-01-18,2.3671343326568604
2012-01-19,2.384394645690918
2012-01-20,2.399188995361328
2012-01-23,2.4041194915771484
2012-01-24,2.3671343326568604
2012-01-26,2.490422248840332
2012-01-27,2.5496010780334473
2012-01-30,2.4657647609710693
2012-01-31,2.470695972442627
2012-02-01,2.5397377014160156
2012-02-02,2.589053153991699
2012-02-03,2.510148763656616
2012-02-06,2.4041194915771484
2012-02-07,2.4485039710998535
2012-02-08,2.4337096214294434
2012-02-09,2.4411072731018066
2012-02-10,2.463298797607422
2012-02-13,2.463298797607422
2012-02-14,2.43864107131958
2012-02-15,2.515080451965332
2012-02-16,2.4805591106414795
2012-02-17,2.515080451965332
2012-02-23,2.7493271827697754
2012-02-24,2.884944438934326
2012-02-27,2.897272825241089
2012-02-28,2.8923420906066895
2012-02-29,2.9219303131103516
2012-03-01,2.9022057056427
2012-03-02,2.9515204429626465
2012-03-05,2.909602403640747
2012-03-06,2.8726160526275635
2012-03-07,2.953986167907715
2012-03-08,3.1068637371063232
2012-03-09,3.0378217697143555
2012-03-12,2.9712462425231934
2012-03-13,2.9712462425231934
2012-03-14,2.9342596530914307
2012-03-15,2.8726160526275635
2012-03-16,2.8356289863586426
2012-03-19,2.8356289863586426
2012-03-20,2.8602874279022217
2012-03-21,2.8553555011749268
2012-03-22,2.8553555011749268
2012-03-23,2.9441237449645996
2012-03-26,3.0106983184814453
2012-03-27,2.9342596530914307
2012-03-28,2.880013942718506
2012-03-29,2.8652184009552
2012-03-30,2.94905424118042
2012-04-02,3.0427534580230713
2012-04-03,3.0575478076934814
2012-04-04,3.045220136642456
2012-04-05,2.9638490676879883
2012-04-09,2.8750815391540527
2012-04-10,2.9071362018585205
2012-04-11,2.857821464538574
2012-04-12,2.995903491973877
2012-04-13,3.0254929065704346
2012-04-16,3.0822057723999023
2012-04-17,3.1068637371063232
2012-04-18,3.087137222290039
2012-04-19,3.0378217697143555
2012-04-20,2.941657304763794
2012-04-23,2.8356289863586426
2012-04-24,2.8060405254364014
2012-04-25,2.810971736907959
2012-04-26,2.712341070175171
2012-04-27,2.7986419200897217
2012-04-30,2.8060405254364014
2012-05-02,2.809709072113037
2012-05-03,2.9800689220428467
2012-05-04,3.0096969604492188
2012-05-07,3.086235523223877
2012-05-08,3.036855697631836
2012-05-09,3.0738911628723145
2012-05-10,3.049201011657715
2012-05-11,2.9701929092407227
2012-05-14,2.8146462440490723
2012-05-15,2.530712842941284
2012-05-16,2.530712842941284
2012-05-17,2.385042667388916
2012-05-18,2.2196202278137207
2012-05-21,2.2196202278137207
2012-05-22,2.234433650970459
2012-05-23,2.2591235637664795
2012-05-24,2.148019790649414
2012-05-25,2.2665300369262695
2012-05-28,2.3899800777435303
2012-05-29,2.382573127746582
2012-05-30,2.3307249546051025
2012-05-31,2.3035659790039062
2012-06-01,2.2220895290374756
2012-06-04,2.2122132778167725
2012-06-05,2.197399616241455
2012-06-06,2.246779441833496
2012-06-08,2.25665545463562
2012-06-11,2.328256368637085
2012-06-12,2.4270150661468506
2012-06-13,2.424546241760254
2012-06-14,2.444298267364502
2012-06-15,2.481333017349243
2012-06-18,2.481333017349243
2012-06-19,2.5233054161071777
2012-06-20,2.466519355773926
2012-06-21,2.375166177749634
2012-06-22,2.375166177749634
2012-06-25,2.3578834533691406
2012-06-26,2.2714691162109375
2012-06-27,2.197399616241455
2012-06-28,2.197399616241455
2012-06-29,2.3208489418029785
2012-07-02,2.3134427070617676
2012-07-03,2.382573127746582
2012-07-04,2.394918441772461
2012-07-05,2.3578834533691406
2012-07-06,2.3702290058135986
2012-07-10,2.3208489418029785
2012-07-11,2.2418406009674072
2012-07-12,2.27640700340271
2012-07-13,2.3233184814453125
2012-07-16,2.3233184814453125
2012-07-17,2.2615933418273926
2012-07-18,2.3085036277770996
2012-07-19,2.4023258686065674
2012-07-20,2.404794692993164
2012-07-23,2.382573127746582
2012-07-24,2.2813448905944824
2012-07-25,2.2714691162109375
2012-07-26,2.3801052570343018
2012-07-27,2.4566431045532227
2012-07-30,2.4912092685699463
2012-07-31,2.530712842941284
2012-08-01,2.5973753929138184
2012-08-02,2.58256196975708
2012-08-03,2.6270039081573486
2012-08-06,2.7529215812683105
2012-08-07,2.673914670944214
2012-08-08,2.673914670944214
2012-08-09,2.661569595336914
2012-08-10,2.661569595336914
2012-08-13,2.592437744140625
2012-08-14,2.7553908824920654
2012-08-15,2.7134177684783936
2012-08-16,2.7035415172576904
2012-08-17,2.738107681274414
2012-08-20,2.7158870697021484
2012-08-21,2.671444892883301
2012-08-22,2.659100294113159
2012-08-23,2.661569595336914
2012-08-24,2.740576982498169
2012-08-27,2.8516812324523926
2012-08-28,2.888715982437134
2012-08-29,2.7529215812683105
2012-08-30,2.7035415172576904
2012-08-31,2.789956569671631
2012-09-03,2.789956569671631
2012-09-04,2.8442740440368652
2012-09-05,2.8664958477020264
2012-09-06,3.026979684829712
2012-09-10,3.086235523223877
2012-09-11,3.123270273208618
2012-09-12,3.1701812744140625
2012-09-13,3.254126787185669
2012-09-14,3.175119161605835
2012-09-17,3.24918794631958
2012-09-18,3.162774085998535
2012-09-19,3.1924021244049072
2012-09-20,3.2096846103668213
2012-09-21,3.2220306396484375
2012-09-24,3.2096846103668213
2012-09-25,3.2393124103546143
2012-09-26,3.147960662841797
2012-09-27,3.105987787246704
2012-09-28,3.0220417976379395
2012-10-01,3.0121655464172363
2012-10-02,2.9652554988861084
2012-10-03,2.9158756732940674
2012-10-04,3.086235523223877
2012-10-05,3.1726510524749756
2012-10-08,3.0911731719970703
2012-10-09,3.0220417976379395
2012-10-10,3.2096846103668213
2012-10-11,3.1800572872161865
2012-10-15,3.2096846103668213
2012-10-16,3.1775879859924316
2012-10-17,3.1208014488220215
2012-10-18,3.086235523223877
2012-10-19,3.0121655464172363
2012-10-22,3.0640146732330322
2012-10-23,3.0022895336151123
2012-10-24,2.9924137592315674
2012-10-25,2.9306888580322266
2012-10-26,2.8171160221099854
2012-10-29,2.8171160221099854
2012-10-30,2.789956569671631
2012-10-31,2.7924256324768066
2012-11-01,2.839336633682251
2012-11-05,2.888715982437134
2012-11-06,2.905999183654785
2012-11-07,2.8171160221099854
2012-11-08,2.8146462440490723
2012-11-09,2.7627978324890137
2012-11-12,2.678852081298828
2012-11-13,2.641817569732666
2012-11-14,2.6368796825408936
2012-11-16,2.612189769744873
2012-11-19,2.592437744140625
2012-11-21,2.5949065685272217
2012-11-22,2.580092191696167
2012-11-23,2.641817569732666
2012-11-26,2.671444892883301
2012-11-27,2.6344101428985596
2012-11-28,2.592437744140625
2012-11-29,2.72823166847229
2012-11-30,2.777611255645752
2012-12-03,2.8319294452667236
2012-12-04,2.809709072113037
2012-12-05,2.7158870697021484
2012-12-06,2.747983932495117
2012-12-07,2.8146462440490723
2012-12-10,2.829460382461548
2012-12-11,2.8023014068603516
2012-12-12,2.7924256324768066
2012-12-13,2.789956569671631
2012-12-14,2.9504404067993164
2012-12-17,2.9924137592315674
2012-12-18,2.994882583618164
2012-12-19,2.967723846435547
2012-12-20,3.044262170791626
2012-12-21,2.9652554988861084
2012-12-26,3.06648325920105
2012-12-27,3.0121655464172363
2012-12-28,2.9998202323913574
2013-01-02,3.1726510524749756
2013-01-03,3.303507089614868
2013-01-04,3.283754587173462
2013-01-07,3.2072155475616455
2013-01-08,3.184994697570801
2013-01-09,3.135615587234497
2013-01-10,3.1726510524749756
2013-01-11,3.1133947372436523
2013-01-14,3.1998085975646973
2013-01-15,3.197340488433838
2013-01-16,3.135615587234497
2013-01-17,3.0615453720092773
2013-01-18,3.0171031951904297
2013-01-21,2.9998202323913574
2013-01-22,2.9306888580322266
2013-01-23,2.9035298824310303
2013-01-24,2.839336633682251
2013-01-28,2.9010610580444336
2013-01-29,2.967723846435547
2013-01-30,2.9134061336517334
2013-01-31,2.9627857208251953
2013-02-01,3.101048707962036
2013-02-04,3.1084563732147217
2013-02-05,2.9232821464538574
2013-02-06,2.8343987464904785
2013-02-07,2.819584846496582
2013-02-08,2.789956569671631
2013-02-13,2.747983932495117
2013-02-14,2.780080795288086
2013-02-15,2.693666458129883
2013-02-18,2.629472255706787
2013-02-19,2.7158870697021484
2013-02-20,2.624534845352173
2013-02-21,2.6541624069213867
2013-02-22,2.66403865814209
2013-02-25,2.624534845352173
2013-02-26,2.5998454093933105
2013-02-27,2.5381205081939697
2013-02-28,2.503554105758667
2013-03-01,2.4566431045532227
2013-03-04,2.3381316661834717
2013-03-05,2.394918441772461
2013-03-06,2.4072628021240234
2013-03-07,2.3455395698547363
2013-03-08,2.3233184814453125
2013-03-11,2.3801052570343018
2013-03-12,2.431953191757202
2013-03-13,2.325786828994751
2013-03-14,2.3603527545928955
2013-03-15,2.3183798789978027
2013-03-18,2.2739386558532715
2013-03-19,2.2591235637664795
2013-03-20,2.251716375350952
2013-03-21,2.286283016204834
2013-03-22,2.2591235637664795
2013-03-25,2.2739386558532715
2013-03-26,2.197399616241455
2013-03-27,2.197399616241455
2013-03-28,2.2615933418273926
2013-04-01,2.2418406009674072
2013-04-02,2.3085036277770996
2013-04-03,2.3085036277770996
2013-04-04,2.3010971546173096
2013-04-05,2.2591235637664795
2013-04-08,2.234433650970459
2013-04-09,2.251716375350952
2013-04-10,2.2196202278137207
2013-04-11,2.128268003463745
2013-04-12,2.1751792430877686
2013-04-15,2.096170663833618
2013-04-16,2.128268003463745
2013-04-17,2.0122244358062744
2013-04-18,2.0221011638641357
2013-04-19,2.0146942138671875
2013-04-22,1.9628455638885498
2013-04-23,1.9455620050430298
2013-04-24,1.9505006074905396
2013-04-25,1.9850668907165527
2013-04-26,1.9850668907165527
2013-04-29,1.7801399230957031
2013-04-30,1.767795443534851
2013-05-02,1.8147058486938477
2013-05-03,1.9332175254821777
2013-05-06,1.9677844047546387
2013-05-07,2.0492608547210693
2013-05-08,1.9998806715011597
2013-05-09,1.9998806715011597
2013-05-10,1.9751908779144287
2013-05-13,1.8887755870819092
2013-05-14,1.9900047779083252
2013-05-15,2.0270395278930664
2013-05-16,1.9134652614593506
2013-05-17,2.041853427886963
2013-05-20,2.197399616241455
2013-05-21,2.2615933418273926
2013-05-22,2.1653034687042236
2013-05-23,2.1233298778533936
2013-05-24,2.1529574394226074
2013-05-27,2.1751792430877686
2013-05-28,2.199868679046631
2013-05-29,2.160364866256714
2013-05-31,2.0122244358062744
2013-06-03,2.0171639919281006
2013-06-04,1.9850668907165527
2013-06-05,2.039384126663208
2013-06-06,2.1011087894439697
2013-06-07,1.9949424266815186
2013-06-10,2.0048182010650635
2013-06-11,1.9727216958999634
2013-06-12,1.9505006074905396
2013-06-13,1.9208725690841675
2013-06-14,1.8369275331497192
2013-06-17,1.7949544191360474
2013-06-18,1.757919430732727
2013-06-19,1.7282917499542236
2013-06-20,1.6616290807724
2013-06-21,1.5406490564346313
2013-06-24,1.4789236783981323
2013-06-25,1.4171993732452393
2013-06-26,1.3801640272140503
2013-06-27,1.390040397644043
2013-06-28,1.3283153772354126
2013-07-01,1.288811445236206
2013-07-02,1.1851145029067993
2013-07-03,1.2344940900802612
2013-07-04,1.288811445236206
2013-07-05,1.232024908065796
2013-07-08,1.2048656940460205
2013-07-10,1.1530177593231201
2013-07-11,1.2419010400772095
2013-07-12,1.3060945272445679
2013-07-15,1.3727571964263916
2013-07-16,1.4221370220184326
2013-07-17,1.5233657360076904
2013-07-18,1.4344818592071533
2013-07-19,1.4270745515823364
2013-07-22,1.4813928604125977
2013-07-23,1.4517645835876465
2013-07-24,1.390040397644043
2013-07-25,1.3851017951965332
2013-07-26,1.3851017951965332
2013-07-29,1.3801640272140503
2013-07-30,1.3135013580322266
2013-07-31,1.2616523504257202
2013-08-01,1.2517770528793335
2013-08-02,1.2517770528793335
2013-08-05,1.2591840028762817
2013-08-06,1.2221486568450928
2013-08-07,1.575214147567749
2013-08-08,1.5431172847747803
2013-08-09,1.501144289970398
2013-08-12,1.4320131540298462
2013-08-13,1.3925096988677979
2013-08-14,1.5110204219818115
2013-08-15,1.4591714143753052
2013-08-16,1.4171993732452393
2013-08-19,1.4344818592071533
2013-08-20,1.3826334476470947
2013-08-21,1.3554744720458984
2013-08-22,1.3826334476470947
2013-08-23,1.4616405963897705
2013-08-26,1.4443575143814087
2013-08-27,1.3678196668624878
2013-08-28,1.377694845199585
2013-08-29,1.3875709772109985
2013-08-30,1.4171993732452393
2013-09-02,1.4468269348144531
2013-09-03,1.4690476655960083
2013-09-04,1.4517645835876465
2013-09-05,1.4789236783981323
2013-09-06,1.5431172847747803
2013-09-09,1.5924968719482422
2013-09-10,1.6394087076187134
2013-09-11,1.6147186756134033
2013-09-12,1.6542223691940308
2013-09-13,1.7282917499542236
2013-09-16,1.7801399230957031
2013-09-17,1.8739616870880127
2013-09-18,1.878900408744812
2013-09-19,1.8221125602722168
2013-09-20,1.8221125602722168
2013-09-23,1.8739616870880127
2013-09-24,1.8764313459396362
2013-09-25,1.878900408744812
2013-09-26,1.8640855550765991
2013-09-27,1.8640855550765991
2013-09-30,1.8640855550765991
2013-10-01,1.8887755870819092
2013-10-02,1.8591481447219849
2013-10-03,1.8640855550765991
2013-10-04,1.8591481447219849
2013-10-07,1.8887755870819092
2013-10-08,1.9628455638885498
2013-10-09,2.0344464778900146
2013-10-10,2.1233298778533936
2013-10-11,2.091233015060425
2013-10-14,2.199868679046631
2013-10-15,2.2936899662017822
2013-10-16,2.328256368637085
2013-10-17,2.382573127746582
2013-10-18,2.3233184814453125
2013-10-21,2.3208489418029785
2013-10-22,2.3208489418029785
2013-10-23,2.246779441833496
2013-10-24,2.1727099418640137
2013-10-25,2.2220895290374756
2013-10-28,2.3208489418029785
2013-10-29,2.296159505844116
2013-10-30,2.2220895290374756
2013-10-31,2.3455395698547363
2013-11-01,2.333193302154541
2013-11-04,2.397387742996216
2013-11-05,2.3109724521636963
2013-11-06,2.333193302154541
2013-11-07,2.441828966140747
2013-11-08,2.473926067352295
2013-11-11,2.325786828994751
2013-11-12,2.1751792430877686
2013-11-13,2.0862948894500732
2013-11-14,2.1924614906311035
2013-11-18,2.251716375350952
2013-11-19,2.177647590637207
2013-11-21,2.2270267009735107
2013-11-22,2.1924614906311035
2013-11-25,2.150489330291748
2013-11-26,2.1109845638275146
2013-11-27,2.0492608547210693
2013-11-28,2.135674476623535
2013-11-29,2.0739505290985107
2013-12-02,2.0122244358062744
2013-12-03,1.9480310678482056
2013-12-04,1.8764313459396362
2013-12-05,1.9653146266937256
2013-12-06,2.0443215370178223
2013-12-09,2.0616047382354736
2013-12-10,1.9505006074905396
2013-12-11,1.9480310678482056
2013-12-12,1.9035900831222534
2013-12-13,1.8517413139343262
2013-12-16,1.8270512819290161
2013-12-17,1.8468024730682373
2013-12-18,1.8245822191238403
2013-12-19,1.8640855550765991
2013-12-20,1.817175030708313
2013-12-23,1.8097684383392334
2013-12-26,1.7776716947555542
2013-12-27,1.8270512819290161
2013-12-30,1.8640855550765991
2014-01-02,1.7850782871246338
2014-01-03,1.8443342447280884
2014-01-06,1.9406248331069946
2014-01-07,1.9900047779083252
2014-01-08,2.029508113861084
2014-01-09,2.0196316242218018
2014-01-10,2.0122244358062744
2014-01-13,2.0245707035064697
2014-01-14,2.0369150638580322
2014-01-15,2.0443215370178223
2014-01-16,2.069011688232422
2014-01-17,2.0171639919281006
2014-01-20,2.0344464778900146
2014-01-21,2.0122244358062744
2014-01-22,2.1233298778533936
2014-01-23,2.098639488220215
2014-01-24,2.039384126663208
2014-01-27,2.0245707035064697
2014-01-28,1.9875354766845703
2014-01-29,1.9109970331192017
2014-01-30,1.9505006074905396
2014-01-31,1.9628455638885498
2014-02-03,1.8937138319015503
2014-02-04,1.8640855550765991
2014-02-05,1.9011212587356567
2014-02-06,1.9480310678482056
2014-02-07,2.0245707035064697
2014-02-10,1.9480310678482056
2014-02-11,1.9751908779144287
2014-02-12,1.9455620050430298
2014-02-13,1.8838380575180054
2014-02-14,1.9134652614593506
2014-02-17,1.9307481050491333
2014-02-18,1.9356868267059326
2014-02-19,1.841865062713623
2014-02-20,1.7752023935317993
2014-02-21,1.8563545942306519
2014-02-24,1.8364207744598389
2014-02-25,1.7641592025756836
2014-02-26,1.7591760158538818
2014-02-27,1.7541929483413696
2014-02-28,1.7541929483413696
2014-03-05,1.696881890296936
2014-03-06,1.7442258596420288
2014-03-07,1.724291443824768
2014-03-10,1.684423565864563
2014-03-11,1.6296052932739258
2014-03-12,1.5673112869262695
2014-03-13,1.480100154876709
2014-03-14,1.4950506687164307
2014-03-17,1.4975417852401733
2014-03-18,1.5349184274673462
2014-03-19,1.502525806427002
2014-03-20,1.5324264764785767
2014-03-21,1.5947206020355225
2014-03-24,1.6021959781646729
2014-03-25,1.5872453451156616
2014-03-26,1.5947206020355225
2014-03-27,1.6171461343765259
2014-03-28,1.6271133422851562
2014-03-31,1.6146541833877563
2014-04-01,1.6420636177062988
2014-04-02,1.7193083763122559
2014-04-03,1.7292753458023071
2014-04-04,1.7417337894439697
2014-04-07,1.776618242263794
2014-04-08,1.7716344594955444
2014-04-09,1.7791104316711426
2014-04-10,1.7691432237625122
2014-04-11,1.7616682052612305
2014-04-14,1.7517009973526
2014-04-15,1.7118333578109741
2014-04-16,1.7342582941055298
2014-04-17,1.7666510343551636
2014-04-22,1.7541929483413696
2014-04-23,1.7864189147949219
2014-04-24,1.7864189147949219
2014-04-25,1.7914793491363525
2014-04-28,1.8597984313964844
2014-04-29,1.8977543115615845
2014-04-30,1.9230577945709229
2014-05-02,2.0116195678710938
2014-05-05,2.0116195678710938
2014-05-06,1.9736641645431519
2014-05-07,1.9736641645431519
2014-05-08,2.1634390354156494
2014-05-09,2.155848503112793
2014-05-12,2.176091432571411
2014-05-13,2.11283278465271
2014-05-14,2.117894172668457
2014-05-15,2.11283278465271
2014-05-16,2.0849993228912354
2014-05-19,2.0824687480926514
2014-05-20,2.1254849433898926
2014-05-21,2.229228973388672
2014-05-22,2.2342894077301025
2014-05-23,2.1887423992156982
2014-05-26,2.148257255554199
2014-05-27,2.100181818008423
2014-05-28,2.1634390354156494
2014-05-29,2.1254849433898926
2014-05-30,2.059696674346924
2014-06-02,1.9306485652923584
2014-06-03,1.9458304643630981
2014-06-04,2.0040273666381836
2014-06-05,2.0546350479125977
2014-06-06,2.1280155181884766
2014-06-09,2.1836822032928467
2014-06-10,2.1938040256500244
2014-06-11,2.1507880687713623
2014-06-13,2.1634390354156494
2014-06-16,2.226698637008667
2014-06-17,2.353215217590332
2014-06-18,2.2722439765930176
2014-06-20,2.2191076278686523
2014-06-23,2.264652729034424
2014-06-24,2.3026084899902344
2014-06-25,2.226698637008667
2014-06-26,2.3026084899902344
2014-06-27,2.2773051261901855
2014-06-30,2.325381278991699
2014-07-01,2.37851881980896
2014-07-02,2.381049394607544
2014-07-03,2.4696104526519775
2014-07-04,2.4443070888519287
2014-07-07,2.4291255474090576
2014-07-08,2.3835792541503906
2014-07-10,2.37851881980896
2014-07-11,2.3861093521118164
2014-07-14,2.37851881980896
2014-07-15,2.322850227355957
2014-07-16,2.3152599334716797
2014-07-17,2.297546863555908
2014-07-18,2.241880178451538
2014-07-21,2.3000779151916504
2014-07-22,2.2773051261901855
2014-07-23,2.295017719268799
2014-07-24,2.3076679706573486
2014-07-25,2.3026084899902344
2014-07-28,2.2924866676330566
2014-07-29,2.2520017623901367
2014-07-30,2.1887423992156982
2014-07-31,2.264652729034424
2014-08-01,2.241880178451538
2014-08-04,2.2342894077301025
2014-08-05,2.2570619583129883
2014-08-06,2.20139479637146
2014-08-07,2.20139479637146
2014-08-08,2.198863983154297
2014-08-11,2.2520017623901367
2014-08-12,2.226698637008667
2014-08-13,2.226698637008667
2014-08-14,2.241880178451538
2014-08-15,2.264652729034424
2014-08-18,2.2773051261901855
2014-08-19,2.2773051261901855
2014-08-20,2.267183303833008
2014-08-21,2.2317588329315186
2014-08-22,2.1887423992156982
2014-08-25,2.241880178451538
2014-08-26,2.2773051261901855
2014-08-27,2.295017719268799
2014-08-28,2.2848961353302
2014-08-29,2.2773051261901855
2014-09-01,2.26971435546875
2014-09-02,2.2848961353302
2014-09-03,2.3127293586730957
2014-09-04,2.3000779151916504
2014-09-05,2.2520017623901367
2014-09-08,2.20139479637146
2014-09-09,2.1254849433898926
2014-09-10,2.062225103378296
2014-09-11,2.087529420852661
2014-09-12,2.074878215789795
2014-09-15,2.1229543685913086
2014-09-16,2.196333408355713
2014-09-17,2.1507880687713623
2014-09-18,2.1659698486328125
2014-09-19,2.1912734508514404
2014-09-22,2.087529420852661
2014-09-23,2.074878215789795
2014-09-24,2.0672874450683594
2014-09-25,2.024271011352539
2014-09-26,2.0166807174682617
2014-09-29,1.8496778011322021
2014-09-30,1.9179960489273071
2014-10-01,1.9306485652923584
2014-10-02,2.0014984607696533
2014-10-03,1.981255054473877
2014-10-06,2.0799384117126465
2014-10-07,2.100181818008423
2014-10-08,2.1254849433898926
2014-10-09,2.1887423992156982
2014-10-10,2.0571658611297607
2014-10-13,2.031862497329712
2014-10-14,2.0571658611297607
2014-10-15,2.064755916595459
2014-10-16,2.0166807174682617
2014-10-17,1.991376519203186
2014-10-20,1.9635425806045532
2014-10-21,1.9205269813537598
2014-10-22,1.9458304643630981
2014-10-23,1.7965404987335205
2014-10-24,1.8648600578308105
2014-10-27,1.8648600578308105
2014-10-28,1.9458304643630981
2014-10-29,1.9255882501602173
2014-10-30,1.9964368343353271
2014-10-31,2.087529420852661
2014-11-03,2.176091432571411
2014-11-04,2.1685009002685547
2014-11-05,2.198863983154297
2014-11-06,2.153318405151367
2014-11-07,2.173560857772827
2014-11-10,2.138136148452759
2014-11-11,2.0951197147369385
2014-11-12,2.026801824569702
2014-11-13,1.9989676475524902
2014-11-14,1.9939064979553223
2014-11-17,1.9660732746124268
2014-11-18,2.0369226932525635
2014-11-19,2.100181818008423
2014-11-21,2.100181818008423
2014-11-24,2.158379316329956
2014-11-25,2.062225103378296
2014-11-26,2.0546350479125977
2014-11-27,2.0698165893554688
2014-11-28,2.0116195678710938
2014-12-01,1.9660732746124268
2014-12-02,2.024271011352539
2014-12-03,2.049574613571167
2014-12-04,1.9711339473724365
2014-12-05,1.986315369606018
2014-12-08,1.9129358530044556
2014-12-09,1.93570876121521
2014-12-10,1.9534211158752441
2014-12-11,1.9331789016723633
2014-12-12,1.8218443393707275
2014-12-15,1.8066622018814087
2014-12-16,1.8395565748214722
2014-12-17,1.872450590133667
2014-12-18,1.872450590133667
2014-12-19,1.9230577945709229
2014-12-22,1.93570876121521
2014-12-23,1.9129358530044556
2014-12-26,1.9205269813537598
2014-12-29,1.9559522867202759
2014-12-30,1.9508914947509766
2015-01-02,1.885102391242981
2015-01-05,1.9205269813537598
2015-01-06,1.895223617553711
2015-01-07,1.9584826231002808
2015-01-08,1.9432998895645142
2015-01-09,1.8775111436843872
2015-01-12,1.8977543115615845
2015-01-13,1.8775111436843872
2015-01-14,1.8471473455429077
2015-01-15,1.8620251417160034
2015-01-16,1.877372145652771
2015-01-19,1.8671410083770752
2015-01-20,1.7904092073440552
2015-01-21,1.8031972646713257
2015-01-22,1.7955243587493896
2015-01-23,1.8031972646713257
2015-01-26,1.7904092073440552
2015-01-27,1.7392545938491821
2015-01-28,1.6906572580337524
2015-01-29,1.7520427703857422
2015-01-30,1.7392545938491821
2015-02-02,1.7494860887527466
2015-02-03,1.6778690814971924
2015-02-04,1.6599650382995605
2015-02-05,1.6369456052780151
2015-02-06,1.5576555728912354
2015-02-09,1.5423096418380737
2015-02-10,1.5704447031021118
2015-02-11,1.4834818840026855
2015-02-12,1.5090590715408325
2015-02-13,1.5576555728912354
2015-02-18,1.5653287172317505
2015-02-19,1.6267144680023193
2015-02-20,1.6241568326950073
2015-02-23,1.64206063747406
2015-02-24,1.688099980354309
2015-02-25,1.647176742553711
2015-02-26,1.6829841136932373
2015-02-27,1.5474246740341187
2015-03-02,1.5550976991653442
2015-03-03,1.5039430856704712
2015-03-04,1.4195383787155151
2015-03-05,1.4041920900344849
2015-03-06,1.3632688522338867
2015-03-09,1.2967678308486938
2015-03-10,1.3530375957489014
2015-03-11,1.3428066968917847
2015-03-12,1.4067500829696655
2015-03-13,1.3453645706176758
2015-03-16,1.3044410943984985
2015-03-17,1.2890950441360474
2015-03-18,1.2763055562973022
2015-03-19,1.3018832206726074
2015-03-20,1.3069980144500732
2015-03-23,1.3069980144500732
2015-03-24,1.2967678308486938
2015-03-25,1.278863787651062
2015-03-26,1.2737478017807007
2015-03-27,1.266074776649475
2015-03-30,1.2890950441360474
2015-03-31,1.3018832206726074
2015-04-01,1.3402494192123413
2015-04-02,1.4067500829696655
2015-04-06,1.4041920900344849
2015-04-07,1.3888460397720337
2015-04-08,1.2942099571228027
2015-04-09,1.2814208269119263
2015-04-10,1.2967678308486938
2015-04-13,1.2890950441360474
2015-04-14,1.2865368127822876
2015-04-15,1.2967678308486938
2015-04-16,1.3300182819366455
2015-04-17,1.3121141195297241
2015-04-20,1.2967678308486938
2015-04-22,1.3044410943984985
2015-04-23,1.3018832206726074
2015-04-24,1.3197871446609497
2015-04-27,1.3402494192123413
2015-04-28,1.321666955947876
2015-04-29,1.2955468893051147
2015-04-30,1.313831090927124
2015-05-04,1.3739068508148193
2015-05-05,1.4235342741012573
2015-05-06,1.449654221534729
2015-05-07,1.433982491493225
2015-05-08,1.3112187385559082
2015-05-11,1.3033828735351562
2015-05-12,1.30077064037323
2015-05-13,1.2955468893051147
2015-05-14,1.2485309839248657
2015-05-15,1.269426941871643
2015-05-18,1.258979082107544
2015-05-19,1.235471248626709
2015-05-20,1.2067393064498901
2015-05-21,1.2119628190994263
2015-05-22,1.1936795711517334
2015-05-25,1.1832315921783447
2015-05-26,1.144051194190979
2015-05-27,1.1492758989334106
2015-05-28,1.1466633081436157
2015-05-29,1.1179313659667969
2015-06-01,1.128379464149475
2015-06-02,1.1100952625274658
2015-06-03,1.0735273361206055
2015-06-05,1.0683035850524902
2015-06-08,1.0604679584503174
2015-06-09,1.0656914710998535
2015-06-10,1.0474073886871338
2015-06-11,1.0395716428756714
2015-06-12,1.021287441253662
2015-06-15,1.0134516954421997
2015-06-16,1.008228063583374
2015-06-17,1.021287441253662
2015-06-18,1.0030035972595215
2015-06-19,1.0186761617660522
2015-06-22,1.0317356586456299
2015-06-23,0.9977798461914062
2015-06-24,0.9690478444099426
2015-06-25,0.935092031955719
2015-06-26,0.935092031955719
2015-06-29,0.9194203019142151
2015-06-30,0.9220324754714966
2015-07-01,0.9011362791061401
2015-07-02,0.8724040985107422
2015-07-03,0.8488964438438416
2015-07-06,0.8332247138023376
2015-07-07,0.8123282790184021
2015-07-08,0.7783724069595337
2015-07-10,0.7914330363273621
2015-07-13,0.7705367207527161
2015-07-14,0.7627007961273193
2015-07-15,0.7235214114189148
2015-07-16,0.6895647048950195
2015-07-17,0.6660570502281189
2015-07-20,0.637324869632721
2015-07-21,0.7313572764396667
2015-07-22,0.7966565489768982
2015-07-23,0.935092031955719
2015-07-24,0.7940442562103271
2015-07-27,0.7287449836730957
2015-07-28,0.7470290064811707
2015-07-29,0.7182969450950623
2015-07-30,0.7156845331192017
2015-07-31,0.93770432472229
2015-08-03,0.8724040985107422
2015-08-04,0.8985239267349243
2015-08-05,0.8541209697723389
2015-08-06,0.8175529837608337
2015-08-07,0.7914330363273621
2015-08-10,0.7940442562103271
2015-08-11,0.8175529837608337
2015-08-12,0.7783724069595337
2015-08-13,0.7522526383399963
2015-08-14,0.7444167137145996
2015-08-17,0.7705367207527161
2015-08-18,0.8253887295722961
2015-08-19,0.7783724069595337
2015-08-20,0.7835970520973206
2015-08-21,0.7444167137145996
2015-08-24,0.7130733132362366
2015-08-25,0.6947891712188721
2015-08-26,0.700012743473053
2015-08-27,0.7052373886108398
2015-08-28,0.6921770572662354
2015-08-31,0.6660570502281189
2015-09-01,0.6477729678153992
2015-09-02,0.6451616883277893
2015-09-03,0.6712816953659058
2015-09-04,0.6425493359565735
2015-09-08,0.6216530799865723
2015-09-09,0.6347134709358215
2015-09-10,0.6268777847290039
2015-09-11,0.5955331921577454
2015-09-14,0.5694133043289185
2015-09-15,0.5485180616378784
2015-09-16,0.5798615217208862
2015-09-17,0.5955331921577454
2015-09-18,0.5380698442459106
2015-09-21,0.522398054599762
2015-09-22,0.4988894760608673
2015-09-23,0.49627819657325745
2015-09-24,0.5093375444412231
2015-09-25,0.4910535514354706
2015-09-28,0.47015830874443054
2015-09-29,0.46493369340896606
2015-09-30,0.47015830874443054
2015-10-01,0.4293452501296997
2015-10-02,0.4244482219219208
2015-10-05,0.4570978581905365
2015-10-06,0.47374922037124634
2015-10-07,0.5080314874649048
2015-10-08,0.5217450857162476
2015-10-09,0.5031344294548035
2015-10-13,0.45481207966804504
2015-10-14,0.44240570068359375
2015-10-15,0.43914034962654114
2015-10-16,0.4221625328063965
2015-10-19,0.41628584265708923
2015-10-20,0.4081233739852905
2015-10-21,0.3917985260486603
2015-10-22,0.3917985260486603
2015-10-23,0.38657402992248535
2015-10-26,0.4048580527305603
2015-10-27,0.42118287086486816
2015-10-28,0.40094056725502014
2015-10-29,0.3839617669582367
2015-10-30,0.3852679133415222
2015-11-03,0.3699226975440979
2015-11-04,0.3839617669582367
2015-11-05,0.38494130969047546
2015-11-06,0.36959609389305115
2015-11-09,0.3611071705818176
2015-11-10,0.3428231477737427
2015-11-11,0.34478235244750977
2015-11-12,0.33629342913627625
2015-11-13,0.3460885286331177
2015-11-16,0.33955875039100647
2015-11-17,0.35882142186164856
2015-11-18,0.3428231477737427
2015-11-19,0.3424966037273407
2015-11-23,0.3372730314731598
2015-11-24,0.3500059247016907
2015-11-25,0.3336811363697052
2015-11-26,0.34510892629623413
2015-11-27,0.3264983296394348
2015-11-30,0.2882976233959198
2015-12-01,0.261199027299881
2015-12-02,0.263810396194458
2015-12-03,0.2830740213394165
2015-12-04,0.26152560114860535
2015-12-07,0.27393200993537903
2015-12-08,0.25956645607948303
2015-12-09,0.26478999853134155
2015-12-10,0.27752381563186646
2015-12-11,0.2621777653694153
2015-12-14,0.2556479275226593
2015-12-15,0.28731897473335266
2015-12-16,0.29972538352012634
2015-12-17,0.3460885286331177
2015-12-18,0.3428231477737427
2015-12-21,0.3297636806964874
2015-12-22,0.35523054003715515
2015-12-23,0.3852679133415222
2015-12-28,0.5289278030395508
2015-12-29,0.5860646367073059
2015-12-30,0.5762696862220764
2016-01-04,0.5860646367073059
2016-01-05,0.5919422507286072
2016-01-06,0.5406810641288757
2016-01-07,0.468852162361145
2016-01-08,0.4708104133605957
2016-01-11,0.4708104133605957
2016-01-12,0.44403836131095886
2016-01-13,0.4410995841026306
2016-01-14,0.46330100297927856
2016-01-15,0.47015830874443054
2016-01-18,0.4636276066303253
2016-01-19,0.4538325071334839
2016-01-20,0.45056813955307007
2016-01-21,0.4473027288913727
2016-01-22,0.41628584265708923
2016-01-26,0.41824498772621155
2016-01-27,0.4237951636314392
2016-01-28,0.41955021023750305
2016-01-29,0.46199578046798706
2016-02-01,0.47505536675453186
2016-02-02,0.4570978581905365
2016-02-03,0.473422646522522
2016-02-04,0.47505536675453186
2016-02-05,0.45122119784355164
2016-02-10,0.43881380558013916
2016-02-11,0.4133470356464386
2016-02-12,0.49725693464279175
2016-02-15,0.5664753913879395
2016-02-16,0.6213266253471375
2016-02-17,0.5534150004386902
2016-02-18,0.5821471810340881
2016-02-19,0.5876973271369934
2016-02-22,0.5961862802505493
2016-02-23,0.6200205087661743
2016-02-24,0.6203470230102539
2016-02-25,0.6112049221992493
2016-02-26,0.6203470230102539
2016-02-29,0.643202543258667
2016-03-01,0.6791175007820129
2016-03-02,0.7218886613845825
2016-03-03,0.821470320224762
2016-03-04,0.8260418772697449
2016-03-07,0.8253887295722961
2016-03-08,0.8159201741218567
2016-03-09,0.8717518448829651
2016-03-10,0.8864440321922302
2016-03-11,0.8818725347518921
2016-03-14,0.9141966700553894
2016-03-15,0.9021158218383789
2016-03-16,0.9324806332588196
2016-03-17,0.9341123104095459
2016-03-18,0.897871732711792
2016-03-21,0.9749254584312439
2016-03-22,1.0023514032363892
2016-03-23,1.0317356586456299
2016-03-24,1.0317356586456299
2016-03-28,0.9736193418502808
2016-03-29,0.9866787195205688
2016-03-30,0.9925563931465149
2016-03-31,0.9550086259841919
2016-04-01,0.9687212705612183
2016-04-04,0.9432543516159058
2016-04-05,0.9243173003196716
2016-04-06,0.897871732711792
2016-04-07,0.8897085189819336
2016-04-08,0.9272561073303223
2016-04-11,0.9367246031761169
2016-04-12,0.9494585990905762
2016-04-13,0.9318276047706604
2016-04-14,0.9337858557701111
2016-04-15,0.9305214285850525
2016-04-18,0.9370511770248413
2016-04-19,0.9390103220939636
2016-04-20,0.9484788775444031
2016-04-22,0.9416217803955078
2016-04-25,0.9347654581069946
2016-04-26,0.9468462467193604
2016-04-27,1.128379464149475
2016-04-28,1.057529091835022
2016-04-29,1.0457757711410522
2016-05-02,1.1394805908203125
2016-05-03,1.1260937452316284
2016-05-04,1.046427845954895
2016-05-05,0.9305214285850525
2016-05-06,1.1100952625274658
2016-05-09,1.1443777084350586
2016-05-10,1.1427452564239502
2016-05-11,1.1525403261184692
2016-05-12,1.126420259475708
2016-05-13,1.098015546798706
2016-05-16,1.1127077341079712
2016-05-17,1.1169520616531372
2016-05-18,1.1371949911117554
2016-05-19,1.1260937452316284
2016-05-20,1.1427452564239502
2016-05-23,1.1019330024719238
2016-05-24,1.128379464149475
2016-05-25,1.1100952625274658
2016-05-27,1.0970361232757568
2016-05-30,1.1254407167434692
2016-05-31,1.1349091529846191
2016-06-01,1.1045454740524292
2016-06-02,1.1306650638580322
2016-06-03,1.1424185037612915
2016-06-06,1.2178404331207275
2016-06-07,1.2423278093338013
2016-06-08,1.2423278093338013
2016-06-09,1.2305735349655151
2016-06-10,1.2011890411376953
2016-06-13,1.1456838846206665
2016-06-14,1.1371949911117554
2016-06-15,1.135888695716858
2016-06-16,1.1068309545516968
2016-06-17,1.1656005382537842
2016-06-20,1.201515555381775
2016-06-21,1.230246901512146
2016-06-22,1.2260029315948486
2016-06-23,1.2390623092651367
2016-06-24,1.2080453634262085
2016-06-27,1.2077187299728394
2016-06-28,1.2406951189041138
2016-06-29,1.2488572597503662
2016-06-30,1.2570198774337769
2016-07-01,1.2733443975448608
2016-07-04,1.281507968902588
2016-07-05,1.278242826461792
2016-07-06,1.2733443975448608
2016-07-07,1.2929350137710571
2016-07-08,1.3647648096084595
2016-07-11,1.3595412969589233
2016-07-12,1.3647648096084595
2016-07-13,1.371294617652893
2016-07-14,1.3925172090530396
2016-07-15,1.3895783424377441
2016-07-18,1.388599157333374
2016-07-19,1.4039440155029297
2016-07-20,1.4088423252105713
2016-07-21,1.4039440155029297
2016-07-22,1.4049237966537476
2016-07-25,1.4751209020614624
2016-07-26,1.4793659448623657
2016-07-27,1.4705506563186646
2016-07-28,1.4385539293289185
2016-07-29,1.5018937587738037
2016-08-01,1.5018937587738037
2016-08-02,1.4316966533660889
2016-08-03,1.449654221534729
2016-08-04,1.632493495941162
2016-08-05,1.7304433584213257
2016-08-08,1.7320759296417236
2016-08-09,1.8447182178497314
2016-08-10,1.9002232551574707
2016-08-11,1.9263432025909424
2016-08-12,1.9580129384994507
2016-08-15,1.9410351514816284
2016-08-16,2.0288641452789307
2016-08-17,2.063472270965576
2016-08-18,2.0177621841430664
2016-08-19,2.001436948776245
2016-08-22,2.0177621841430664
2016-08-23,2.0536768436431885
2016-08-24,2.0536768436431885
2016-08-25,2.016456127166748
2016-08-26,2.0269041061401367
2016-08-29,2.0536768436431885
2016-08-30,1.9932750463485718
2016-08-31,1.9753177165985107
2016-09-01,2.065431594848633
2016-09-02,2.146728992462158
2016-09-05,2.154238700866699
2016-09-06,2.158156633377075
2016-09-08,2.1516268253326416
2016-09-09,2.1513009071350098
2016-09-12,2.14509654045105
2016-09-13,2.024291753768921
2016-09-14,2.0102529525756836
2016-09-15,2.0262515544891357
2016-09-16,2.040616750717163
2016-09-19,2.0961217880249023
2016-09-20,2.1353025436401367
2016-09-21,2.2760229110717773
2016-09-22,2.2995309829711914
2016-09-23,2.2727580070495605
2016-09-26,2.322385549545288
2016-09-27,2.4258856773376465
2016-09-28,2.4487414360046387
2016-09-29,2.4533116817474365
2016-09-30,2.497715473175049
2016-10-03,2.540487289428711
2016-10-04,2.579340696334839
2016-10-05,2.643007278442383
2016-10-06,2.7017784118652344
2016-10-07,2.7752389907836914
2016-10-10,2.9548144340515137
2016-10-11,2.9505696296691895
2016-10-13,2.889514207839966
2016-10-14,2.9704859256744385
2016-10-17,2.938488721847534
2016-10-18,2.971139669418335
2016-10-19,3.003462553024292
2016-10-20,3.003788709640503
2016-10-21,3.0370919704437256
2016-10-24,3.206871509552002
2016-10-25,2.7099404335021973
2016-10-26,2.2691664695739746
2016-10-27,2.9708125591278076
2016-10-28,2.8402135372161865
2016-10-31,3.0188074111938477
2016-11-01,3.007054567337036
2016-11-03,3.003788709640503
2016-11-04,3.030235528945923
2016-11-07,3.0690884590148926
2016-11-08,3.09879994392395
2016-11-09,3.19936203956604
2016-11-10,3.0961875915527344
2016-11-11,3.092923641204834
2016-11-14,3.007054567337036
2016-11-16,2.9910547733306885
2016-11-17,2.99595308303833
2016-11-18,3.0462334156036377
2016-11-21,3.132755994796753
2016-11-22,3.151366710662842
2016-11-23,3.212421417236328
2016-11-24,3.180098533630371
2016-11-25,3.180098533630371
2016-11-28,3.206545352935791
2016-11-29,3.30253529548645
2016-11-30,3.39558744430542
2016-12-01,3.281312942504883
2016-12-02,3.2323381900787354
2016-12-05,3.1931583881378174
2016-12-06,3.32865571975708
2016-12-07,3.3417153358459473
2016-12-08,3.4409711360931396
2016-12-09,3.4674174785614014
2016-12-12,3.379589080810547
2016-12-13,3.438032388687134
2016-12-14,3.363264322280884
2016-12-15,3.465785264968872
2016-12-16,3.493537187576294
2016-12-19,3.4217076301574707
2016-12-20,3.3874247074127197
2016-12-21,3.4746007919311523
2016-12-22,3.4527244567871094
2016-12-23,3.454357147216797
2016-12-26,3.4608876705169678
2016-12-27,3.4249730110168457
2016-12-28,3.4651315212249756
2016-12-29,3.4664382934570312
2017-01-02,3.320819616317749
2017-01-03,3.3106980323791504
2017-01-04,3.1343882083892822
2017-01-05,3.242133378982544
2017-01-06,3.2212374210357666
2017-01-09,3.0746395587921143
2017-01-10,3.1477742195129395
2017-01-11,3.1833627223968506
2017-01-12,3.39558744430542
2017-01-13,3.4608876705169678
2017-01-16,3.392648935317993
2017-01-17,3.4608876705169678
2017-01-18,3.478843927383423
2017-01-19,3.506596803665161
2017-01-20,3.914720296859741
2017-01-23,4.081234455108643
2017-01-24,4.258850574493408
2017-01-26,4.163513660430908
2017-01-27,4.058053970336914
2017-01-30,3.806975841522217
2017-01-31,4.178859233856201
2017-02-01,4.1465349197387695
2017-02-02,4.1465349197387695
2017-02-03,4.1465349197387695
2017-02-06,4.53800630569458
2017-02-07,4.570984363555908
2017-02-08,4.473033428192139
2017-02-09,4.473033428192139
2017-02-10,4.514826774597168
2017-02-13,4.962782382965088
2017-02-14,4.881157875061035
2017-02-15,5.028082370758057
2017-02-16,5.093380451202393
2017-02-17,5.339888095855713
2017-02-20,5.7463788986206055
2017-02-21,6.252452850341797
2017-02-22,6.323302268981934
2017-02-23,6.695837497711182
2017-02-24,6.7947678565979
2017-03-01,7.019724369049072
2017-03-02,6.464676380157471
2017-03-03,6.3670525550842285
2017-03-06,6.367379665374756
2017-03-07,6.043492794036865
2017-03-08,5.7463788986206055
2017-03-09,6.056227207183838
2017-03-10,5.583130359649658
2017-03-13,5.552438735961914
2017-03-14,5.648429870605469
2017-03-15,5.736258506774902
2017-03-16,6.397744178771973
2017-03-17,6.004314422607422
2017-03-20,6.383378505706787
2017-03-21,6.007577419281006
2017-03-22,5.954032897949219
2017-03-23,6.170827865600586
2017-03-24,5.945544242858887
2017-03-27,5.925953388214111
2017-03-28,5.7676005363464355
2017-03-29,5.888406276702881
2017-03-30,5.909628868103027
2017-03-31,5.782294273376465
2017-04-03,5.9746012687683105
2017-04-04,6.000720500946045
2017-04-05,6.099977970123291
2017-04-06,6.138177871704102
2017-04-07,6.123485565185547
2017-04-10,6.040228366851807
2017-04-11,6.11564826965332
2017-04-12,5.859674453735352
2017-04-13,5.616106033325195
2017-04-17,6.195314884185791
2017-04-18,6.428435802459717
2017-04-19,6.725875377655029
2017-04-20,6.9936041831970215
2017-04-24,6.856475353240967
2017-04-25,6.840150833129883
2017-04-26,6.927333831787109
2017-04-27,7.282984733581543
2017-04-28,7.3095598220825195
2017-05-02,7.5126495361328125
2017-05-03,7.546114444732666
2017-05-04,7.447686672210693
2017-05-05,8.497581481933594
2017-05-08,8.628817558288574
2017-05-09,8.898509979248047
2017-05-10,9.186575889587402
2017-05-11,8.645222663879395
2017-05-12,8.694437026977539
2017-05-15,8.94050407409668
2017-05-16,9.252192497253418
2017-05-17,9.204291343688965
2017-05-18,7.710160255432129
2017-05-19,8.153083801269531
2017-05-22,7.279704570770264
2017-05-23,7.936216831207275
2017-05-24,8.19179916381836
2017-05-25,8.16063117980957
2017-05-26,8.366345405578613
2017-05-29,8.366345405578613
2017-05-30,8.530388832092285
2017-05-31,8.235108375549316
2017-06-01,8.124212265014648
2017-06-02,7.92341947555542
2017-06-05,7.775451183319092
2017-06-06,7.775778293609619
2017-06-07,8.185565948486328
2017-06-08,8.43885326385498
2017-06-09,8.267916679382324
2017-06-12,8.146852493286133
2017-06-13,8.388326644897461
2017-06-14,8.431962013244629
2017-06-15,8.431962013244629
2017-06-16,8.497581481933594
2017-06-19,8.431962013244629
2017-06-20,8.06679630279541
2017-06-21,8.038251876831055
2017-06-22,7.8413987159729
2017-06-23,8.028081893920898
2017-06-26,8.235108375549316
2017-06-27,8.071061134338379
2017-06-28,7.907016754150391
2017-06-29,8.152425765991211
2017-06-30,8.399153709411621
2017-07-03,8.530388832092285
2017-07-04,8.530388832092285
2017-07-05,8.530388832092285
2017-07-06,8.510704040527344
2017-07-07,9.366698265075684
2017-07-10,9.771234512329102
2017-07-11,9.97366714477539
2017-07-12,10.334895133972168
2017-07-13,9.90837574005127
2017-07-14,10.367705345153809
2017-07-17,10.828348159790039
2017-07-18,11.286361694335938
2017-07-19,11.322452545166016
2017-07-20,11.43006706237793
2017-07-21,10.994359970092773
2017-07-24,10.991080284118652
2017-07-25,11.365433692932129
2017-07-26,11.27816104888916
2017-07-27,11.418255805969238
2017-07-28,12.02883529663086
2017-07-31,12.03703784942627
2017-08-01,12.150888442993164
2017-08-02,12.20108413696289
2017-08-03,12.219456672668457
2017-08-04,12.894014358520508
2017-08-07,13.123678207397461
2017-08-08,12.939290046691895
2017-08-09,13.303145408630371
2017-08-10,13.011143684387207
2017-08-11,13.582021713256836
2017-08-14,14.621747016906738
2017-08-15,14.903904914855957
2017-08-16,16.076505661010742
2017-08-17,14.796947479248047
2017-08-18,15.026611328125
2017-08-21,15.51874828338623
2017-08-22,15.353719711303711
2017-08-23,15.193608283996582
2017-08-24,15.653266906738281
2017-08-25,15.708057403564453
2017-08-28,16.207414627075195
2017-08-29,16.273359298706055
2017-08-30,16.896732330322266
2017-08-31,18.635622024536133
2017-09-01,18.508981704711914
2017-09-04,20.40043067932129
2017-09-05,21.5228328704834
2017-09-06,22.417869567871094
2017-09-07,22.417869567871094
2017-09-08,20.714412689208984
2017-09-11,20.551681518554688
2017-09-12,18.115928649902344
2017-09-13,18.976839065551758
2017-09-14,21.5228328704834
2017-09-15,21.835174560546875
2017-09-18,21.32597541809082
2017-09-19,20.6960391998291
2017-09-20,19.81675148010254
2017-09-21,19.982114791870117
2017-09-22,19.698640823364258
2017-09-25,18.845600128173828
2017-09-26,19.42041778564453
2017-09-27,17.929569244384766
2017-09-28,18.570005416870117
2017-09-29,19.478160858154297
2017-10-02,20.441442489624023
2017-10-03,20.732786178588867
2017-10-04,20.86665153503418
2017-10-05,20.577926635742188
2017-10-06,20.919143676757812
2017-10-09,20.417816162109375
2017-10-10,20.89814567565918
2017-10-11,20.210466384887695
2017-10-12,20.210466384887695
2017-10-13,19.08182716369629
2017-10-16,18.18941879272461
2017-10-17,16.74581527709961
2017-10-18,18.562131881713867
2017-10-19,18.37052345275879
2017-10-20,19.016210556030273
2017-10-23,18.163169860839844
2017-10-24,18.058177947998047
2017-10-25,18.063434600830078
2017-10-26,17.23926544189453
2017-10-27,16.798307418823242
2017-10-30,16.601449966430664
2017-10-31,16.732690811157227
2017-11-01,17.58310317993164
2017-11-02,17.58310317993164
2017-11-03,16.14999771118164
2017-11-06,14.960991859436035
2017-11-07,13.535761833190918
2017-11-08,14.467543601989746
2017-11-09,13.575133323669434
2017-11-10,12.876952171325684
2017-11-13,13.422896385192871
2017-11-14,14.415048599243164
2017-11-15,14.415048599243164
2017-11-16,14.960991859436035
2017-11-17,15.564682960510254
2017-11-20,15.564682960510254
2017-11-21,15.905899047851562
2017-11-22,15.835031509399414
2017-11-23,15.409823417663574
2017-11-24,16.12900161743164
2017-11-27,15.640798568725586
2017-11-28,15.425569534301758
2017-11-29,15.275960922241211
2017-11-30,14.913748741149902
2017-12-01,15.278586387634277
2017-12-04,15.144725799560547
2017-12-05,15.092230796813965
2017-12-06,15.304831504821777
2017-12-07,16.919042587280273
2017-12-08,18.36264991760254
2017-12-11,18.31015396118164
2017-12-12,18.29965591430664
2017-12-13,18.058177947998047
2017-12-14,18.163169860839844
2017-12-15,18.218290328979492
2017-12-18,18.05555534362793
2017-12-19,17.564733505249023
2017-12-20,18.382213592529297
2017-12-21,19.066068649291992
2017-12-22,19.237693786621094
2017-12-25,19.237693786621094
2017-12-26,19.93210792541504
2017-12-27,20.41001319885254
2017-12-28,21.181001663208008
2017-12-29,21.181001663208008
2018-01-02,20.938087463378906
2018-01-03,20.67405128479004
2018-01-04,21.17043685913086
2018-01-05,20.753259658813477
2018-01-08,20.755897521972656
2018-01-09,20.256872177124023
2018-01-10,20.46282386779785
2018-01-11,20.499786376953125
2018-01-12,20.478662490844727
2018-01-15,20.832469940185547
2018-01-16,20.779664993286133
2018-01-17,20.80078887939453
2018-01-18,20.460182189941406
2018-01-19,20.264793395996094
2018-01-22,20.3308048248291
2018-01-23,19.739364624023438
2018-01-24,21.384305953979492
2018-01-25,21.384305953979492
2018-01-26,21.86221694946289
2018-01-29,22.337478637695312
2018-01-30,22.353322982788086
2018-01-31,22.326921463012695
2018-02-01,22.670164108276367
2018-02-02,22.142087936401367
2018-02-05,21.289255142211914
2018-02-06,21.55592918395996
2018-02-07,20.858877182006836
2018-02-08,20.066768646240234
2018-02-09,19.50965118408203
2018-02-14,19.723520278930664
2018-02-15,20.914325714111328
2018-02-16,20.755897521972656
2018-02-19,21.719636917114258
2018-02-20,21.91238021850586
2018-02-21,21.001455307006836
2018-02-22,21.49784278869629
2018-02-23,22.96852684020996
2018-02-26,24.903913497924805
2018-02-27,24.159330368041992
2018-02-28,24.040515899658203
2018-03-01,24.338878631591797
2018-03-02,24.513141632080078
2018-03-05,23.8688907623291
2018-03-06,23.546768188476562
2018-03-07,23.771196365356445
2018-03-08,23.29857063293457
2018-03-09,23.94809913635254
2018-03-12,24.444490432739258
2018-03-13,24.172531127929688
2018-03-14,23.684064865112305
2018-03-15,24.027313232421875
2018-03-16,24.476171493530273
2018-03-19,23.94809913635254
2018-03-20,23.76327896118164
2018-03-21,24.555387496948242
2018-03-22,25.186431884765625
2018-03-23,25.03065299987793
2018-03-26,26.403640747070312
2018-03-27,25.532320022583008
2018-03-28,25.611534118652344
2018-03-29,25.851806640625
2018-04-02,25.85444450378418
2018-04-03,25.611534118652344
2018-04-04,25.47951316833496
2018-04-05,26.05775260925293
2018-04-06,25.901973724365234
2018-04-09,25.513835906982422
2018-04-10,25.05705451965332
2018-04-11,25.577205657958984
2018-04-12,26.274263381958008
2018-04-13,25.941577911376953
2018-04-16,25.39238166809082
2018-04-17,25.682159423828125
2018-04-18,25.337966918945312
2018-04-19,24.98847198486328
2018-04-20,25.6583251953125
2018-04-23,26.442033767700195
2018-04-24,26.77033805847168
2018-04-25,26.857711791992188
2018-04-26,27.667890548706055
2018-04-27,27.879703521728516
2018-04-30,28.253023147583008
2018-05-02,27.13835906982422
2018-05-03,25.735109329223633
2018-05-04,25.867490768432617
2018-05-07,25.642440795898438
2018-05-08,29.38620948791504
2018-05-09,29.82042694091797
2018-05-10,28.99171257019043
2018-05-11,28.76666259765625
2018-05-14,28.634281158447266
2018-05-15,28.189477920532227
2018-05-16,29.709226608276367
2018-05-17,28.95199966430664
2018-05-18,27.8241024017334
2018-05-21,28.99965476989746
2018-05-22,30.18315315246582
2018-05-23,29.621850967407227
2018-05-24,29.915740966796875
2018-05-25,29.653627395629883
2018-05-28,27.80027198791504
2018-05-29,27.66524314880371
2018-05-30,28.705768585205078
2018-06-01,30.572357177734375
2018-06-04,32.92082214355469
2018-06-05,32.04179763793945
2018-06-06,30.270526885986328
2018-06-07,28.170944213867188
2018-06-08,27.93000602722168
2018-06-11,28.12328338623047
2018-06-12,29.12409210205078
2018-06-13,29.762178421020508
2018-06-14,31.612882614135742
2018-06-15,31.72408103942871
2018-06-18,31.1839656829834
2018-06-19,32.740779876708984
2018-06-20,32.21919250488281
2018-06-21,32.19801330566406
2018-06-22,32.51572799682617
2018-06-25,32.49984359741211
2018-06-26,32.76195526123047
2018-06-27,32.17683029174805
2018-06-28,32.711647033691406
2018-06-29,33.88721466064453
2018-07-02,33.20941162109375
2018-07-03,32.97112274169922
2018-07-04,32.923458099365234
2018-07-05,31.771739959716797
2018-07-06,32.221839904785156
2018-07-10,31.255449295043945
2018-07-11,30.31818389892578
2018-07-12,32.66400146484375
2018-07-13,33.265010833740234
2018-07-16,33.82102584838867
2018-07-17,34.948917388916016
2018-07-18,33.611854553222656
2018-07-19,34.146671295166016
2018-07-20,34.67620849609375
2018-07-23,34.37173080444336
2018-07-24,35.41489791870117
2018-07-25,35.213680267333984
2018-07-26,34.829769134521484
2018-07-27,34.366432189941406
2018-07-30,34.41938781738281
2018-07-31,35.017757415771484
2018-08-01,35.547279357910156
2018-08-02,36.23302459716797
2018-08-03,36.26214599609375
2018-08-06,36.53750228881836
2018-08-07,38.629146575927734
2018-08-08,37.07497024536133
2018-08-09,38.91773223876953
2018-08-10,36.810211181640625
2018-08-13,37.3317985534668
2018-08-14,37.554195404052734
2018-08-15,36.71489334106445
2018-08-16,36.087398529052734
2018-08-17,35.385772705078125
2018-08-20,36.635467529296875
2018-08-21,35.06541061401367
2018-08-22,35.54198455810547
2018-08-23,35.15278625488281
2018-08-24,34.948917388916016
2018-08-27,34.795352935791016
2018-08-28,34.24464416503906
2018-08-29,34.97804641723633
2018-08-30,33.7839469909668
2018-08-31,34.48557662963867
2018-09-03,33.48212432861328
2018-09-04,31.242210388183594
2018-09-05,32.256256103515625
2018-09-06,33.14851760864258
2018-09-10,32.264198303222656
2018-09-11,31.533445358276367
2018-09-12,31.612882614135742
2018-09-13,30.561763763427734
2018-09-14,30.71268081665039
2018-09-17,31.477846145629883
2018-09-18,32.94464874267578
2018-09-19,31.509626388549805
2018-09-20,31.371946334838867
2018-09-21,32.83079528808594
2018-09-24,32.13976287841797
2018-09-25,32.60310363769531
2018-09-26,32.34098434448242
2018-09-27,32.87581253051758
2018-09-28,32.431007385253906
2018-10-01,32.468074798583984
2018-10-02,34.52528762817383
2018-10-03,36.89228439331055
2018-10-04,36.93464660644531
2018-10-05,37.5965576171875
2018-10-08,39.328121185302734
2018-10-09,39.76762771606445
2018-10-10,38.033416748046875
2018-10-11,39.90000915527344
2018-10-15,39.71467971801758
2018-10-16,42.150508880615234
2018-10-17,42.82565689086914
2018-10-18,42.59531784057617
2018-10-19,44.745201110839844
2018-10-22,44.24215316772461
2018-10-23,44.761085510253906
2018-10-24,44.480438232421875
2018-10-25,44.53868103027344
2018-10-26,44.1627197265625
2018-10-29,44.07006072998047
2018-10-30,44.816688537597656
2018-10-31,44.69224548339844
2018-11-01,44.99143981933594
2018-11-05,45.79366683959961
2018-11-06,41.965171813964844
2018-11-07,39.95296859741211
2018-11-08,39.07129669189453
2018-11-09,38.76152038574219
2018-11-12,40.65194320678711
2018-11-13,40.617523193359375
2018-11-14,41.17088317871094
2018-11-16,41.435646057128906
2018-11-19,41.34297561645508
2018-11-21,41.10204315185547
2018-11-22,42.36232376098633
2018-11-23,42.984519958496094
2018-11-26,41.8778076171875
2018-11-27,44.68429946899414
2018-11-28,45.02320098876953
2018-11-29,45.3382682800293
2018-11-30,43.58818435668945
2018-12-03,42.92626953125
2018-12-04,43.6331901550293
2018-12-05,43.662315368652344
2018-12-06,43.77351760864258
2018-12-07,43.51404571533203
2018-12-10,42.50264358520508
2018-12-11,43.52463912963867
2018-12-12,44.480438232421875
2018-12-13,44.348052978515625
2018-12-14,45.168819427490234
2018-12-17,45.028499603271484
2018-12-18,46.572078704833984
2018-12-19,46.865970611572266
2018-12-20,47.11219787597656
2018-12-21,48.388362884521484
2018-12-26,46.79977798461914
2018-12-27,46.06901931762695
2018-12-28,47.94091033935547
2019-01-02,49.405269622802734
2019-01-03,48.87665939331055
2019-01-04,47.38911437988281
2019-01-07,48.12491989135742
2019-01-08,47.73709487915039
2019-01-09,47.57770538330078
2019-01-10,48.03990936279297
2019-01-11,47.176605224609375
2019-01-14,47.54848861694336
2019-01-15,47.00925827026367
2019-01-16,46.4859504699707
2019-01-17,46.34782409667969
2019-01-18,46.2734489440918
2019-01-21,44.36088180541992
2019-01-22,43.04599380493164
2019-01-23,45.05152893066406
2019-01-24,44.48838806152344
2019-01-28,44.461822509765625
2019-01-29,47.309425354003906
2019-01-30,46.79143524169922
2019-01-31,47.56707763671875
2019-02-01,47.49536895751953
2019-02-04,47.03580856323242
2019-02-05,46.618770599365234
2019-02-06,45.078094482421875
2019-02-07,44.30775833129883
2019-02-08,45.15778350830078
2019-02-11,43.917274475097656
2019-02-12,43.7764892578125
2019-02-13,42.84676742553711
2019-02-14,45.341068267822266
2019-02-15,43.55601119995117
2019-02-18,44.76995849609375
2019-02-19,45.067474365234375
2019-02-20,43.16552734375
2019-02-21,42.793643951416016
2019-02-22,47.25629425048828
2019-02-25,46.140628814697266
2019-02-26,47.415679931640625
2019-02-27,46.7515869140625
2019-02-28,46.07687759399414
2019-03-01,46.54439163208008
2019-03-06,45.5854606628418
2019-03-07,47.05706024169922
2019-03-08,48.03194046020508
2019-03-11,48.49680709838867
2019-03-12,47.508644104003906
2019-03-13,47.09159851074219
2019-03-14,46.884403228759766
2019-03-15,47.067691802978516
2019-03-18,47.925689697265625
2019-03-19,48.00006866455078
2019-03-20,48.247108459472656
2019-03-21,48.41180419921875
2019-03-22,46.03437805175781
2019-03-25,45.98390197753906
2019-03-26,46.90830993652344
2019-03-27,44.62651443481445
2019-03-28,45.36763381958008
2019-03-29,45.91484451293945
2019-04-01,45.500450134277344
2019-04-02,44.13509750366211
2019-04-03,44.91075134277344
2019-04-04,44.89215087890625
2019-04-05,45.155128479003906
2019-04-08,44.29182052612305
2019-04-09,44.17759704589844
2019-04-10,44.81245803833008
2019-04-11,44.095245361328125
2019-04-12,43.784454345703125
2019-04-15,43.43115997314453
2019-04-16,43.31674575805664
2019-04-17,42.549983978271484
2019-04-18,45.473270416259766
2019-04-22,44.51481628417969
2019-04-23,45.52651596069336
2019-04-24,45.915218353271484
2019-04-25,46.591461181640625
2019-04-26,47.64310073852539
2019-04-29,47.52595520019531
2019-04-30,50.920475006103516
2019-05-02,50.78203201293945
2019-05-03,52.24899673461914
2019-05-06,53.30329513549805
2019-05-07,51.15742492675781
2019-05-08,51.516849517822266
2019-05-09,49.493446350097656
2019-05-10,49.65319061279297
2019-05-13,47.927974700927734
2019-05-14,47.45673370361328
2019-05-15,46.05898666381836
2019-05-16,44.46156692504883
2019-05-17,44.94612121582031
2019-05-20,46.05898666381836
2019-05-21,47.76556396484375
2019-05-22,47.98920822143555
2019-05-23,48.042457580566406
2019-05-24,47.08399963378906
2019-05-27,47.39017868041992
2019-05-28,50.31877899169922
2019-05-29,50.39065933227539
2019-05-30,51.35444641113281
2019-05-31,52.18243408203125
2019-06-03,51.846981048583984
2019-06-04,51.78841018676758
2019-06-05,50.90184020996094
2019-06-06,50.58768081665039
2019-06-07,52.834720611572266
2019-06-10,53.91297912597656
2019-06-11,55.1616325378418
2019-06-12,54.07804870605469
2019-06-13,55.80592346191406
2019-06-14,56.32774353027344
2019-06-17,55.244163513183594
2019-06-18,55.403907775878906
2019-06-19,55.909751892089844
2019-06-21,56.61528015136719
2019-06-24,55.9044303894043
2019-06-25,54.980587005615234
2019-06-26,55.49708938598633
2019-06-27,55.55033493041992
2019-06-28,56.207942962646484
2019-07-01,55.96300506591797
2019-07-02,56.564697265625
2019-07-03,58.798423767089844
2019-07-04,58.864986419677734
2019-07-05,60.19084548950195
2019-07-08,61.07475280761719
2019-07-10,62.16632843017578
2019-07-11,61.43949890136719
2019-07-12,61.7802848815918
2019-07-15,61.40754699707031
2019-07-16,62.2994384765625
2019-07-17,65.06563568115234
2019-07-18,65.7605209350586
2019-07-19,63.37770080566406
2019-07-22,65.85370635986328
2019-07-23,64.42933654785156
2019-07-24,65.4437026977539
2019-07-25,65.08960723876953
2019-07-26,67.09170532226562
2019-07-29,70.2332992553711
2019-07-30,70.4329833984375
2019-07-31,70.21199798583984
2019-08-01,73.61450958251953
2019-08-02,75.49148559570312
2019-08-05,73.48139190673828
2019-08-06,77.95417785644531
2019-08-07,77.33650207519531
2019-08-08,79.10432434082031
2019-08-09,80.46744537353516
2019-08-12,77.57079315185547
2019-08-13,80.61653900146484
2019-08-14,78.69965362548828
2019-08-15,77.33650207519531
2019-08-16,79.99886322021484
2019-08-19,80.5739517211914
2019-08-20,77.80508422851562
2019-08-21,77.8263931274414
2019-08-22,73.3322982788086
2019-08-23,71.94786071777344
2019-08-26,71.77748107910156
2019-08-27,72.86372375488281
2019-08-28,74.35465240478516
2019-08-29,79.35990142822266
2019-08-30,77.29390716552734
2019-09-02,77.97547912597656
2019-09-03,76.420654296875
2019-09-04,79.23211669921875
2019-09-05,78.16716003417969
2019-09-06,76.67623138427734
2019-09-09,72.84242248535156
2019-09-10,69.22159576416016
2019-09-11,73.69437408447266
2019-09-12,74.54635620117188
2019-09-13,72.62943267822266
2019-09-16,74.26945495605469
2019-09-17,74.22686004638672
2019-09-18,74.67414093017578
2019-09-19,76.27156066894531
2019-09-20,77.86898040771484
2019-09-23,76.65493774414062
2019-09-24,78.31624603271484
2019-09-25,78.20975494384766
2019-09-26,77.89028930664062
2019-09-27,78.3801498413086
2019-09-30,78.89132690429688
2019-10-01,79.76457214355469
2019-10-02,77.7411880493164
2019-10-03,79.44510650634766
2019-10-04,82.59734344482422
2019-10-07,81.7879867553711
2019-10-08,81.09146881103516
2019-10-09,84.612548828125
2019-10-10,83.09740447998047
2019-10-11,86.42642974853516
2019-10-14,89.99019622802734
2019-10-15,89.20061492919922
2019-10-16,91.24922943115234
2019-10-17,92.1241683959961
2019-10-18,91.76139831542969
2019-10-21,91.97479248046875
2019-10-22,93.29785919189453
2019-10-23,92.80704498291016
2019-10-24,92.29489135742188
2019-10-25,89.62741088867188
2019-10-28,91.05718231201172
2019-10-29,87.81352996826172
2019-10-30,93.93806457519531
2019-10-31,95.2611312866211
2019-11-01,100.70278930664062
2019-11-04,95.96533966064453
2019-11-05,93.98074340820312
2019-11-06,96.45616149902344
2019-11-07,94.32217407226562
2019-11-08,93.48992156982422
2019-11-11,96.0720443725586
2019-11-12,92.614990234375
2019-11-13,90.69439697265625
2019-11-14,94.42887878417969
2019-11-18,95.98668670654297
2019-11-19,95.00505065917969
2019-11-21,96.02936553955078
2019-11-22,97.07501983642578
2019-11-25,94.53556823730469
2019-11-26,91.84675598144531
2019-11-27,97.30976104736328
2019-11-28,97.30976104736328
2019-11-29,96.0933837890625
2019-12-02,95.858642578125
2019-12-03,95.1544418334961
2019-12-04,94.04476165771484
2019-12-05,95.79462432861328
2019-12-06,96.8829574584961
2019-12-09,97.84324645996094
2019-12-10,99.4437484741211
2019-12-11,101.5350570678711
2019-12-12,102.06855010986328
2019-12-13,104.71467590332031
2019-12-16,105.20551300048828
2019-12-17,102.17524719238281
2019-12-18,103.56233978271484
2019-12-19,103.75440216064453
2019-12-20,103.69036865234375
2019-12-23,104.0104751586914
2019-12-26,104.75736999511719
2019-12-27,103.9891357421875
2019-12-30,101.7911376953125
2020-01-02,105.34857177734375
2020-01-03,104.40892028808594
2020-01-06,104.49433898925781
2020-01-07,104.19535064697266
2020-01-08,107.39872741699219
2020-01-09,111.22144317626953
2020-01-10,110.62347412109375
2020-01-13,115.81295013427734
2020-01-14,115.32177734375
2020-01-15,114.59566497802734
2020-01-16,114.16854858398438
2020-01-17,116.06922149658203
2020-01-20,119.59294128417969
2020-01-21,119.40074157714844
2020-01-22,118.930908203125
2020-01-23,120.83158111572266
2020-01-24,119.91328430175781
2020-01-27,114.89464569091797
2020-01-28,121.7071762084961
2020-01-29,122.34786224365234
2020-01-30,120.6607437133789
2020-01-31,119.16583251953125
2020-02-03,120.72480773925781
2020-02-04,123.13802337646484
2020-02-05,122.36920166015625
2020-02-06,119.22989654541016
2020-02-07,115.81295013427734
2020-02-10,111.86212158203125
2020-02-11,115.89837646484375
2020-02-12,119.46480560302734
2020-02-13,121.83531188964844
2020-02-14,120.29768371582031
2020-02-17,125.67936706542969
2020-02-18,124.33395385742188
2020-02-19,123.56513977050781
2020-02-20,120.74617004394531
2020-02-21,120.553955078125
2020-02-26,112.9299087524414
2020-02-27,107.31331634521484
2020-02-28,107.8899154663086
2020-03-02,112.22516632080078
2020-03-03,112.8658447265625
2020-03-04,112.01161193847656
2020-03-05,102.05976867675781
2020-03-06,96.80622100830078
2020-03-09,86.19234466552734
2020-03-10,100.3512954711914
2020-03-11,92.00113677978516
2020-03-12,72.61000061035156
2020-03-13,89.69470977783203
2020-03-16,72.75949096679688
2020-03-17,75.9628677368164
2020-03-18,61.52629852294922
2020-03-19,65.24221801757812
2020-03-20,65.45578002929688
2020-03-23,64.51612854003906
2020-03-24,78.33338165283203
2020-03-25,85.42353820800781
2020-03-26,87.81538391113281
2020-03-27,83.2879409790039
2020-03-30,88.84046173095703
2020-03-31,83.2665786743164
2020-04-01,80.04185485839844
2020-04-02,76.6462631225586
2020-04-03,75.8988037109375
2020-04-06,81.57947540283203
2020-04-07,85.61573791503906
2020-04-08,89.60929107666016
2020-04-09,88.94725799560547
2020-04-13,89.50251007080078
2020-04-14,91.61673736572266
2020-04-15,93.64554595947266
2020-04-16,97.31875610351562
2020-04-17,95.22589111328125
2020-04-20,103.5333251953125
2020-04-22,107.95398712158203
2020-04-23,105.64754486083984
2020-04-24,101.18417358398438
2020-04-27,105.71162414550781
2020-04-28,110.62347412109375
2020-04-29,108.10347747802734
2020-04-30,106.13874053955078
2020-05-04,109.85466003417969
2020-05-05,107.20652770996094
2020-05-06,117.77769470214844
2020-05-07,121.2800521850586
2020-05-08,118.61058044433594
2020-05-11,117.35057830810547
2020-05-12,117.03023529052734
2020-05-13,117.67091369628906
2020-05-14,118.525146484375
2020-05-15,117.7349853515625
2020-05-18,119.05905151367188
2020-05-19,125.10275268554688
2020-05-20,121.51496887207031
2020-05-21,124.48344421386719
2020-05-22,123.11666107177734
2020-05-25,128.9895477294922
2020-05-26,137.70272827148438
2020-05-27,143.85321044921875
2020-05-28,139.34713745117188
2020-05-29,137.4251251220703
2020-06-01,136.0369873046875
2020-06-02,131.97935485839844
2020-06-03,133.21800231933594
2020-06-04,129.18173217773438
2020-06-05,126.96072387695312
2020-06-08,133.21800231933594
2020-06-09,133.21800231933594
2020-06-10,137.95899963378906
2020-06-12,136.57086181640625
2020-06-15,140.62847900390625
2020-06-16,140.94883728027344
2020-06-17,143.4901885986328
2020-06-18,148.8505096435547
2020-06-19,152.4810028076172
2020-06-22,151.41319274902344
2020-06-23,150.02508544921875
2020-06-24,149.06407165527344
2020-06-25,148.8291473388672
2020-06-26,148.10305786132812
2020-06-29,150.36679077148438
2020-06-30,153.01490783691406
2020-07-01,154.4030303955078
2020-07-02,149.70474243164062
2020-07-03,153.76234436035156
2020-07-06,153.7410125732422
2020-07-07,159.5711669921875
2020-07-08,163.7996368408203
2020-07-09,169.5657196044922
2020-07-10,171.23147583007812
2020-07-13,171.91485595703125
2020-07-14,171.91485595703125
2020-07-15,174.05044555664062
2020-07-16,171.23147583007812
2020-07-17,175.11822509765625
2020-07-20,185.7961883544922
2020-07-21,180.03009033203125
2020-07-22,180.77755737304688
2020-07-23,171.70130920410156
2020-07-24,170.142333984375
2020-07-27,169.4589385986328
2020-07-28,171.70130920410156
2020-07-29,171.2955322265625
2020-07-30,177.87313842773438
2020-07-31,172.5583953857422
2020-08-03,176.53509521484375
2020-08-04,176.38546752929688
2020-08-05,177.45445251464844
2020-08-06,183.67605590820312
2020-08-07,183.12017822265625
2020-08-10,175.16680908203125
2020-08-11,173.1570587158203
2020-08-12,171.168701171875
2020-08-13,172.00253295898438
2020-08-14,174.80332946777344
2020-08-17,174.56814575195312
2020-08-18,191.35147094726562
2020-08-19,191.7790985107422
2020-08-20,186.75477600097656
2020-08-21,186.75477600097656
2020-08-24,186.17752075195312
2020-08-25,188.14447021484375
2020-08-26,192.74119567871094
2020-08-27,196.65374755859375
2020-08-28,202.21255493164062
2020-08-31,199.3048858642578
2020-09-01,203.8160858154297
2020-09-02,199.9248809814453
2020-09-03,189.21347045898438
2020-09-04,189.79075622558594
2020-09-08,187.48170471191406
2020-09-09,194.98609924316406
2020-09-10,188.67898559570312
2020-09-11,187.2251434326172
2020-09-14,193.06190490722656
2020-09-15,191.5225372314453
2020-09-16,190.6459503173828
2020-09-17,186.2202911376953
2020-09-18,186.34857177734375
2020-09-21,189.64109802246094
2020-09-22,191.33010864257812
2020-09-23,184.89471435546875
2020-09-24,190.92388916015625
2020-09-25,193.76742553710938
2020-09-28,187.0113525390625
2020-09-29,187.03269958496094
2020-09-30,190.71009826660156
2020-10-01,196.4827117919922
2020-10-02,188.25137329101562
2020-10-05,192.71981811523438
2020-10-06,190.92388916015625
2020-10-07,190.15420532226562
2020-10-08,196.4185791015625
2020-10-09,209.84523010253906
2020-10-13,222.35255432128906
2020-10-14,219.6159210205078
2020-10-15,218.1620635986328
2020-10-16,220.6421661376953
2020-10-19,219.70143127441406
2020-10-20,222.6946563720703
2020-10-21,224.23402404785156
2020-10-22,223.207763671875
2020-10-23,221.6684112548828
2020-10-26,217.82000732421875
2020-10-27,217.64895629882812
2020-10-28,210.63629150390625
2020-10-29,216.8792724609375
2020-10-30,210.63629150390625
2020-11-03,213.7150115966797
2020-11-04,223.9774627685547
2020-11-05,234.7530059814453
2020-11-06,233.72677612304688
2020-11-09,226.2009735107422
2020-11-10,215.68199157714844
2020-11-11,218.76072692871094
2020-11-12,217.905517578125
2020-11-13,214.65576171875
2020-11-16,212.51776123046875
2020-11-17,211.49148559570312
2020-11-18,209.8666229248047
2020-11-19,210.72181701660156
2020-11-23,200.28834533691406
2020-11-24,202.68292236328125
2020-11-25,205.24853515625
2020-11-26,207.38653564453125
2020-11-27,206.8734130859375
2020-11-30,199.9462890625
2020-12-01,195.67027282714844
2020-12-02,197.1240997314453
2020-12-03,199.26211547851562
2020-12-04,202.34083557128906
2020-12-07,203.5381317138672
2020-12-08,213.37294006347656
2020-12-09,205.07749938964844
2020-12-10,200.1173095703125
2020-12-11,196.61099243164062
2020-12-14,205.67613220214844
2020-12-15,210.4652557373047
2020-12-16,213.45846557617188
2020-12-17,209.8666229248047
2020-12-18,209.69557189941406
2020-12-21,213.800537109375
2020-12-22,215.16888427734375
2020-12-23,213.54400634765625
2020-12-28,215.93853759765625
2020-12-29,216.19512939453125
2020-12-30,213.5951690673828
2021-01-04,215.7353973388672
2021-01-05,211.96859741210938
2021-01-06,200.83938598632812
2021-01-07,198.27110290527344
2021-01-08,204.092529296875
2021-01-11,201.09622192382812
2021-01-12,207.1744842529297
2021-01-13,205.63351440429688
2021-01-14,203.1508331298828
2021-01-15,205.11984252929688
2021-01-18,209.31471252441406
2021-01-19,206.1471710205078
2021-01-20,217.6188201904297
2021-01-21,218.21807861328125
2021-01-22,222.49855041503906
2021-01-26,220.44390869140625
2021-01-27,220.78634643554688
2021-01-28,224.21072387695312
2021-01-29,216.3346710205078
2021-02-01,213.42396545410156
2021-02-02,216.5914764404297
2021-02-03,219.58782958984375
2021-02-04,216.67709350585938
2021-02-05,221.3000030517578
2021-02-08,223.95388793945312
2021-02-09,224.63877868652344
2021-02-10,216.5914764404297
2021-02-11,219.58782958984375
2021-02-12,221.8136749267578
2021-02-17,218.30369567871094
2021-02-18,214.3656463623047
2021-02-19,213.50955200195312
2021-02-22,207.60252380371094
2021-02-23,212.82467651367188
2021-02-24,210.9412841796875
2021-02-25,205.8903350830078
2021-02-26,207.00326538085938
2021-03-01,210.17079162597656
2021-03-02,207.77374267578125
2021-03-03,215.05052185058594
2021-03-04,217.79002380371094
2021-03-05,215.13613891601562
2021-03-08,197.75746154785156
2021-03-09,200.2401123046875
2021-03-10,213.16712951660156
2021-03-11,212.31103515625
2021-03-12,210.34202575683594
2021-03-15,203.0652313232422
2021-03-16,206.74642944335938
2021-03-17,204.94862365722656
2021-03-18,190.73748779296875
2021-03-19,190.82310485839844
2021-03-22,187.5699462890625
2021-03-23,184.14556884765625
2021-03-24,174.38612365722656
2021-03-25,173.78684997558594
2021-03-26,171.04736328125
2021-03-29,168.22222900390625
2021-03-30,171.73223876953125
2021-03-31,173.27320861816406
2021-04-01,174.98538208007812
2021-04-05,174.81417846679688
2021-04-06,176.35513305664062
2021-04-07,172.75953674316406
2021-04-08,187.05628967285156
2021-04-09,185.5153350830078
2021-04-12,185.34410095214844
2021-04-13,190.05262756347656
2021-04-14,189.36773681640625
2021-04-15,190.05262756347656
2021-04-16,187.6555633544922
2021-04-19,185.34410095214844
2021-04-20,184.9160614013672
2021-04-22,181.0636444091797
2021-04-23,186.02899169921875
2021-04-26,185.85777282714844
2021-04-27,179.35147094726562
2021-04-28,176.78318786621094
2021-04-29,173.44442749023438
2021-04-30,171.47540283203125
2021-05-03,172.75953674316406
2021-05-04,169.078369140625
2021-05-05,170.36248779296875
2021-05-06,166.59567260742188
2021-05-07,170.27687072753906
2021-05-10,164.3698272705078
2021-05-11,165.3971405029297
2021-05-12,159.1476593017578
2021-05-13,163.77056884765625
2021-05-14,163.94178771972656
2021-05-17,161.45912170410156
2021-05-18,162.40081787109375
2021-05-19,159.9181365966797
2021-05-20,160.43182373046875
2021-05-21,158.63401794433594
2021-05-24,171.2185821533203
2021-05-25,171.38978576660156
2021-05-26,168.3934783935547
2021-05-27,167.70860290527344
2021-05-28,173.3588104248047
2021-05-31,172.5883331298828
2021-06-01,174.2148895263672
2021-06-02,175.49903869628906
2021-06-04,178.495361328125
2021-06-07,178.0673065185547
2021-06-08,180.20755004882812
2021-06-09,173.53001403808594
2021-06-10,173.61563110351562
2021-06-11,174.47174072265625
2021-06-14,176.26951599121094
2021-06-15,178.83779907226562
2021-06-16,173.87246704101562
2021-06-17,182.4333953857422
2021-06-18,180.37875366210938
2021-06-21,182.09095764160156
2021-06-22,179.52267456054688
2021-06-23,176.1839141845703
2021-06-24,185.34410095214844
2021-06-25,183.11827087402344
2021-06-28,184.3168182373047
2021-06-29,185.5153350830078
2021-06-30,181.0636444091797
2021-07-01,177.12562561035156
2021-07-02,185.25848388671875
2021-07-05,183.0326385498047
2021-07-06,180.50958251953125
2021-07-07,188.56268310546875
2021-07-08,187.79164123535156
2021-07-12,189.33372497558594
2021-07-13,192.67491149902344
2021-07-14,196.4444580078125
2021-07-15,203.21249389648438
2021-07-16,204.75457763671875
2021-07-19,198.0722198486328
2021-07-20,200.2139892578125
2021-07-21,200.12832641601562
2021-07-22,199.18594360351562
2021-07-23,193.61729431152344
2021-07-26,188.81971740722656
2021-07-27,183.7650909423828
2021-07-28,184.45046997070312
2021-07-29,186.07821655273438
2021-07-30,176.4830322265625
2021-08-02,176.7400360107422
2021-08-03,175.026611328125
2021-08-04,171.0000457763672
2021-08-05,175.28363037109375
2021-08-06,177.1683807373047
2021-08-09,175.54063415527344
2021-08-10,174.76959228515625
2021-08-11,179.1388397216797
2021-08-12,179.65286254882812
2021-08-13,173.65585327148438
2021-08-16,166.37379455566406
2021-08-17,165.43142700195312
2021-08-18,161.4048614501953
2021-08-19,162.34725952148438
2021-08-20,161.5762176513672
2021-08-23,155.3221893310547
2021-08-24,164.83172607421875
2021-08-25,167.48753356933594
2021-08-26,161.0621795654297
2021-08-27,163.03260803222656
2021-08-30,161.74754333496094
2021-08-31,156.2645721435547
2021-09-01,160.03411865234375
2021-09-02,154.2941436767578
2021-09-03,161.91888427734375
2021-09-06,166.88783264160156
2021-09-08,160.9765167236328
2021-09-09,161.4905242919922
2021-09-10,147.18341064453125
2021-09-13,149.41087341308594
2021-09-14,145.89834594726562
2021-09-15,142.3858184814453
2021-09-16,140.24404907226562
2021-09-17,141.9574737548828
2021-09-20,137.50254821777344
2021-09-21,140.41537475585938
2021-09-22,139.9870147705078
2021-09-23,135.96047973632812
2021-09-24,133.9043426513672
2021-09-27,128.5927276611328
2021-09-28,121.48200225830078
2021-09-29,119.42588806152344
2021-09-30,122.85273742675781
2021-10-01,124.65184020996094
2021-10-04,117.4554443359375
2021-10-05,117.19844055175781
2021-10-06,123.88080596923828
2021-10-07,120.19692993164062
2021-10-08,128.2500457763672
2021-10-11,123.19542694091797
2021-10-13,124.2234878540039
2021-10-14,121.3963394165039
2021-10-15,124.73751831054688
2021-10-18,122.33871459960938
2021-10-19,117.62680053710938
2021-10-20,113.68590545654297
2021-10-21,106.31816864013672
2021-10-22,106.40384674072266
2021-10-25,105.71846771240234
2021-10-26,102.63429260253906
2021-10-27,99.37879180908203
2021-10-28,95.5235824584961
2021-10-29,92.61074829101562
2021-11-01,96.80864715576172
2021-11-03,98.950439453125
2021-11-04,94.92388153076172
2021-11-05,106.57518768310547
2021-11-08,102.20594024658203
2021-11-09,112.48650360107422
2021-11-10,111.54412841796875
2021-11-11,116.94142150878906
2021-11-12,95.5235824584961
2021-11-16,83.44391632080078
2021-11-17,79.4173583984375
2021-11-18,77.0185546875
2021-11-19,79.4173583984375
2021-11-22,75.73348999023438
2021-11-23,73.67737579345703
2021-11-24,75.56214904785156
2021-11-25,74.53409576416016
2021-11-26,69.0511245727539
2021-11-29,68.8797836303711
2021-11-30,66.82366943359375
2021-12-01,58.94190216064453
2021-12-02,57.91384506225586
2021-12-03,60.3983154296875
2021-12-06,62.540103912353516
2021-12-07,65.28157806396484
2021-12-08,58.342201232910156
2021-12-09,53.80162048339844
2021-12-10,54.572662353515625
2021-12-13,51.831180572509766
2021-12-14,49.17536544799805
2021-12-15,52.85923385620117
2021-12-16,54.82967758178711
2021-12-17,57.05712890625
2021-12-20,54.22998046875
2021-12-21,55.00101852416992
2021-12-22,52.77356719970703
2021-12-23,53.116249084472656
2021-12-27,58.08518981933594
2021-12-28,58.513545989990234
2021-12-29,57.91384506225586
2021-12-30,61.85472869873047
2022-01-03,57.571163177490234
2022-01-04,56.62877655029297
2022-01-05,55.00101852416992
2022-01-06,53.54460525512695
2022-01-07,53.287593841552734
2022-01-10,49.17536544799805
2022-01-11,50.289093017578125
2022-01-12,54.05863571166992
2022-01-13,52.173866271972656
2022-01-14,54.22998046875
2022-01-17,52.430877685546875
2022-01-18,50.4604377746582
2022-01-19,54.05863571166992
2022-01-20,56.97146224975586
2022-01-21,59.113243103027344
2022-01-24,54.74400329589844
2022-01-25,57.571163177490234
2022-01-26,57.82817840576172
2022-01-27,61.85472869873047
2022-01-28,57.48548889160156
2022-01-31,59.9699592590332
2022-02-01,60.05562973022461
2022-02-02,55.772064208984375
2022-02-03,55.94340515136719
2022-02-04,54.22998046875
2022-02-07,54.05863571166992
2022-02-08,56.029075622558594
2022-02-09,56.54310607910156
2022-02-10,59.4559326171875
2022-02-11,54.40132141113281
2022-02-14,55.51504898071289
2022-02-15,58.599220275878906
2022-02-16,58.42787551879883
2022-02-17,56.80011749267578
2022-02-18,54.48699188232422
2022-02-21,51.57416534423828
2022-02-22,52.00252151489258
2022-02-23,50.63178253173828
2022-02-24,52.430877685546875
2022-02-25,51.48849105834961
2022-03-02,54.05863571166992
2022-03-03,54.05863571166992
2022-03-04,53.887290954589844
2022-03-07,50.11775207519531
2022-03-08,51.831180572509766
2022-03-09,53.373260498046875
2022-03-10,51.06013488769531
2022-03-11,48.74700927734375
2022-03-14,45.662841796875
2022-03-15,41.72195816040039
2022-03-16,43.94941329956055
2022-03-17,47.46194076538086
2022-03-18,49.86073684692383
2022-03-21,49.00402069091797
2022-03-22,49.77506637573242
2022-03-23,51.40282440185547
2022-03-24,56.54310607910156
2022-03-25,56.029075622558594
2022-03-28,55.42937469482422
2022-03-29,59.9699592590332
2022-03-30,58.856231689453125
2022-03-31,58.42787551879883
2022-04-01,62.96845626831055
2022-04-04,61.597713470458984
2022-04-05,59.19892120361328
2022-04-06,56.71445083618164
2022-04-07,56.20042037963867
2022-04-08,52.51655197143555
2022-04-11,52.088191986083984
2022-04-12,51.145809173583984
2022-04-13,51.65983581542969
2022-04-14,51.48849105834961
2022-04-18,50.4604377746582
2022-04-19,50.8887939453125
2022-04-20,48.06163787841797
2022-04-22,47.547611236572266
2022-04-25,46.605228424072266
2022-04-26,44.377769470214844
2022-04-27,43.69239807128906
2022-04-28,44.377769470214844
2022-04-29,41.80762481689453
2022-05-02,41.122257232666016
2022-05-03,39.40883255004883
2022-05-04,42.40732955932617
2022-05-05,37.86674499511719
2022-05-06,36.838687896728516
2022-05-09,33.49750518798828
2022-05-10,33.84019470214844
2022-05-11,33.66884994506836
2022-05-12,35.810630798339844
2022-05-13,37.5240592956543
2022-05-16,37.5240592956543
2022-05-17,33.7545166015625
2022-05-18,31.869749069213867
2022-05-19,31.95542335510254
2022-05-20,31.441390991210938
2022-05-23,31.69840431213379
2022-05-24,31.784080505371094
2022-05-25,31.784080505371094
2022-05-26,34.868247985839844
2022-05-27,34.268550872802734
2022-05-30,32.897804260253906
2022-05-31,31.869749069213867
2022-06-01,31.784080505371094
2022-06-02,32.55512237548828
2022-06-03,30.756023406982422
2022-06-06,29.128265380859375
2022-06-07,28.185880661010742
2022-06-08,27.586181640625
2022-06-09,25.78708267211914
2022-06-10,24.844697952270508
2022-06-13,22.874256134033203
2022-06-14,21.760526657104492
2022-06-15,21.84619903564453
2022-06-17,20.389785766601562
2022-06-20,22.103212356567383
2022-06-21,21.50351333618164
2022-06-22,20.903812408447266
2022-06-23,21.84619903564453
2022-06-24,21.160829544067383
2022-06-27,20.818143844604492
2022-06-28,20.389785766601562
2022-06-29,20.646800994873047
2022-06-30,20.047100067138672
2022-07-01,18.847702026367188
2022-07-04,18.248003005981445
2022-07-05,20.389785766601562
2022-07-06,21.417842864990234
2022-07-07,21.931869506835938
2022-07-08,22.445899963378906
2022-07-11,22.531570434570312
2022-07-12,25.10171127319336
2022-07-13,24.244997024536133
2022-07-14,24.930368423461914
2022-07-15,23.816640853881836
2022-07-18,23.73097038269043
2022-07-19,23.902311325073242
2022-07-20,26.301111221313477
2022-07-21,25.78708267211914
2022-07-22,24.502010345458984
2022-07-25,23.902311325073242
2022-07-26,22.3602294921875
2022-07-27,23.131269454956055
2022-07-28,23.302614212036133
2022-07-29,22.103212356567383
2022-08-01,23.302614212036133
2022-08-02,23.216941833496094
2022-08-03,25.10171127319336
2022-08-04,28.61423683166504
2022-08-05,27.072153091430664
2022-08-08,28.014537811279297
2022-08-09,26.386783599853516
2022-08-10,28.185880661010742
2022-08-11,26.044095993041992
2022-08-12,30.670351028442383
2022-08-15,34.611236572265625
2022-08-16,35.553619384765625
2022-08-17,34.43989181518555
2022-08-18,34.52556228637695
2022-08-19,32.3837776184082
2022-08-22,32.726463317871094
2022-08-23,35.553619384765625
2022-08-24,38.55211639404297
2022-08-25,40.094200134277344
2022-08-26,39.23748779296875
2022-08-29,38.72345733642578
2022-08-30,38.637786865234375
2022-08-31,36.5816764831543
2022-09-01,37.438385009765625
2022-09-02,36.49600601196289
2022-09-05,37.01002883911133
2022-09-06,34.268550872802734
2022-09-08,36.75301742553711
2022-09-09,37.5240592956543
2022-09-12,41.03658676147461
2022-09-13,40.26554489135742
2022-09-14,38.295101165771484
2022-09-15,37.181373596191406
2022-09-16,38.209434509277344
2022-09-19,39.06614303588867
2022-09-20,38.209434509277344
2022-09-21,40.69390106201172
2022-09-22,39.40883255004883
2022-09-23,39.66584396362305
2022-09-26,38.38077163696289
2022-09-27,35.810630798339844
2022-09-28,37.095706939697266
2022-09-29,34.696903228759766
2022-09-30,38.38077163696289
2022-10-03,42.06464385986328
2022-10-04,43.606727600097656
2022-10-05,43.863739013671875
2022-10-06,46.005523681640625
2022-10-07,45.49149703979492
2022-10-10,45.57716751098633
2022-10-11,44.29209518432617
2022-10-13,42.15031433105469
2022-10-14,37.438385009765625
2022-10-17,37.438385009765625
2022-10-18,37.01002883911133
2022-10-19,35.896305084228516
2022-10-20,35.03959274291992
2022-10-21,35.553619384765625
2022-10-24,34.953914642333984
2022-10-25,36.75301742553711
2022-10-26,33.49750518798828
2022-10-27,36.1533203125
2022-10-28,37.5240592956543
2022-10-31,38.295101165771484
2022-11-01,39.06614303588867
2022-11-03,41.72195816040039
2022-11-04,41.379268646240234
2022-11-07,38.89480209350586
2022-11-08,39.66584396362305
2022-11-09,38.295101165771484
2022-11-10,34.097206115722656
2022-11-11,29.64229393005371
2022-11-14,31.01303482055664
2022-11-16,28.528564453125
2022-11-17,29.04259490966797
2022-11-18,26.986480712890625
2022-11-21,28.95692253112793
2022-11-22,28.61423683166504
2022-11-23,28.95692253112793
2022-11-24,30.84169578552246
2022-11-25,29.299610137939453
2022-11-28,28.442895889282227
2022-11-29,28.785579681396484
2022-11-30,29.213937759399414
2022-12-01,26.558124542236328
2022-12-02,27.757522583007812
2022-12-05,26.386783599853516
2022-12-06,26.729467391967773
2022-12-07,25.187381744384766
2022-12-08,24.330669403076172
2022-12-09,23.98798370361328
2022-12-12,23.98798370361328
2022-12-13,23.98798370361328
2022-12-14,22.531570434570312
2022-12-15,22.27455711364746
2022-12-16,20.304115295410156
2022-12-19,22.3602294921875
2022-12-20,24.159326553344727
2022-12-21,22.3602294921875
2022-12-22,22.27455711364746
2022-12-23,22.95992660522461
2022-12-26,22.788583755493164
2022-12-27,21.58918571472168
2022-12-28,23.04559898376465
2022-12-29,23.473953247070312
2023-01-02,22.188884735107422
2023-01-03,21.760526657104492
2023-01-04,21.84619903564453
2023-01-05,22.788583755493164
2023-01-06,23.64529800415039
2023-01-09,24.244997024536133
2023-01-10,26.12976837158203
2023-01-11,25.958423614501953
2023-01-12,27.32916831970215
2023-01-13,29.38528060913086
2023-01-16,32.98347854614258
2023-01-17,32.46944808959961
2023-01-18,30.499006271362305
2023-01-19,32.64078903198242
2023-01-20,32.726463317871094
2023-01-23,34.611236572265625
2023-01-24,37.6097297668457
2023-01-25,37.26704406738281
2023-01-26,36.6673469543457
2023-01-27,38.80913162231445
2023-01-30,37.352718353271484
2023-01-31,37.95241928100586
2023-02-01,36.75301742553711
2023-02-02,37.181373596191406
2023-02-03,36.5816764831543
2023-02-06,35.38227462768555
2023-02-07,34.696903228759766
2023-02-08,36.1533203125
2023-02-09,35.21092987060547
2023-02-10,34.18287658691406
2023-02-13,35.38227462768555
2023-02-14,34.78257751464844
2023-02-15,33.3261604309082
2023-02-16,32.64078903198242
2023-02-17,31.355724334716797
2023-02-22,30.156322479248047
2023-02-23,30.499006271362305
2023-02-24,30.927364349365234
2023-02-27,31.270048141479492
2023-02-28,30.756023406982422
2023-03-01,27.671852111816406
2023-03-02,26.986480712890625
2023-03-03,25.87275505065918
2023-03-06,27.32916831970215
2023-03-07,27.586181640625
2023-03-08,29.38528060913086
2023-03-09,29.04259490966797
2023-03-10,29.128265380859375
2023-03-13,31.869749069213867
2023-03-14,31.95542335510254
2023-03-15,32.64078903198242
2023-03-16,33.3261604309082
2023-03-17,32.3837776184082
2023-03-20,31.784080505371094
2023-03-21,31.69840431213379
2023-03-22,30.756023406982422
2023-03-23,26.643796920776367
2023-03-24,27.671852111816406
2023-03-27,28.61423683166504
2023-03-28,28.95692253112793
2023-03-29,28.699909210205078
2023-03-30,29.470951080322266
2023-03-31,28.35722541809082
2023-04-03,28.35722541809082
2023-04-04,27.586181640625
2023-04-05,28.100208282470703
2023-04-06,28.871252059936523
2023-04-10,28.699909210205078
2023-04-11,32.3837776184082
2023-04-12,33.2404899597168
2023-04-13,33.069149017333984
2023-04-14,32.04109191894531
2023-04-17,31.355724334716797
2023-04-18,30.327665328979492
2023-04-19,27.84319496154785
2023-04-20,28.27155303955078
2023-04-24,29.04259490966797
2023-04-25,28.100208282470703
2023-04-26,26.643796920776367
2023-04-27,27.414838790893555
2023-04-28,28.61423683166504
2023-05-02,27.757522583007812
2023-05-03,28.61423683166504
2023-05-04,30.584678649902344
2023-05-05,32.64078903198242
2023-05-08,33.154823303222656
2023-05-09,35.46794891357422
2023-05-10,36.75301742553711
2023-05-11,37.26704406738281
2023-05-12,36.92436218261719
2023-05-15,37.5240592956543
2023-05-16,28.95692253112793
2023-05-17,28.785579681396484
2023-05-18,30.327665328979492
2023-05-19,31.18437957763672
2023-05-22,32.55512237548828
2023-05-23,31.355724334716797
2023-05-24,31.09870719909668
2023-05-25,32.21243667602539
2023-05-26,32.726463317871094
2023-05-29,32.46944808959961
2023-05-30,31.95542335510254
2023-05-31,32.55512237548828
2023-06-01,34.78257751464844
2023-06-02,34.78257751464844
2023-06-05,33.3261604309082
2023-06-06,34.18287658691406
2023-06-07,33.2404899597168
2023-06-09,34.01153564453125
2023-06-12,33.92586135864258
2023-06-13,32.21243667602539
2023-06-14,32.64078903198242
2023-06-15,32.126766204833984
2023-06-16,31.784080505371094
2023-06-19,31.95542335510254
2023-06-20,31.527063369750977
2023-06-21,32.21243667602539
2023-06-22,30.584678649902344
2023-06-23,30.670351028442383
2023-06-26,29.128265380859375
2023-06-27,28.95692253112793
2023-06-28,28.699909210205078
2023-06-29,29.556621551513672
2023-06-30,28.871252059936523
2023-07-03,29.470951080322266
2023-07-04,28.871252059936523
2023-07-05,29.213937759399414
2023-07-06,26.986480712890625
2023-07-07,27.24349594116211
2023-07-10,26.12976837158203
2023-07-11,26.215438842773438
2023-07-12,25.530067443847656
2023-07-13,25.87275505065918
2023-07-14,25.273054122924805
2023-07-17,25.358726501464844
2023-07-18,25.358726501464844
2023-07-19,25.187381744384766
2023-07-20,24.844697952270508
2023-07-21,25.87275505065918
2023-07-24,25.78708267211914
2023-07-25,26.301111221313477
2023-07-26,26.47245216369629
2023-07-27,27.15782356262207
2023-07-28,27.15782356262207
2023-07-31,28.699909210205078
2023-08-01,29.38528060913086
2023-08-02,28.528564453125
2023-08-03,27.072153091430664
2023-08-04,26.215438842773438
2023-08-07,25.78708267211914
2023-08-08,25.615739822387695
2023-08-09,25.444395065307617
2023-08-10,24.416337966918945
2023-08-11,24.67335319519043
2023-08-14,24.330669403076172
2023-08-15,23.73097038269043
2023-08-16,25.444395065307617
2023-08-17,24.159326553344727
2023-08-18,25.7014102935791
2023-08-21,26.12976837158203
2023-08-22,26.044095993041992
2023-08-23,26.215438842773438
2023-08-24,25.87275505065918
2023-08-25,25.016040802001953
2023-08-28,25.10171127319336
2023-08-29,25.10171127319336
2023-08-30,25.016040802001953
2023-08-31,23.64529800415039
2023-09-01,24.502010345458984
2023-09-04,23.816640853881836
2023-09-05,23.04559898376465
2023-09-06,22.188884735107422
2023-09-08,21.50351333618164
2023-09-11,21.84619903564453
2023-09-12,22.445899963378906
2023-09-13,22.445899963378906
2023-09-14,22.103212356567383
2023-09-15,21.24650001525879
2023-09-18,22.103212356567383
2023-09-19,21.58918571472168
2023-09-20,21.58918571472168
2023-09-21,20.13277244567871
2023-09-22,19.190385818481445
2023-09-25,18.419342041015625
2023-09-26,17.99098777770996
2023-09-27,17.476957321166992
2023-09-28,17.56262969970703
2023-09-29,18.162330627441406
2023-10-02,17.219945907592773
2023-10-03,15.763531684875488
2023-10-04,16.1918888092041
2023-10-05,15.50651741027832
2023-10-06,15.249503135681152
2023-10-09,15.934874534606934
2023-10-10,17.048603057861328
2023-10-11,16.363229751586914
2023-10-13,15.59218978881836
2023-10-16,15.335174560546875
2023-10-17,14.478460311889648
2023-10-18,14.821146965026855
2023-10-19,13.7930908203125
2023-10-20,13.193390846252441
2023-10-23,12.93637752532959
2023-10-24,12.079663276672363
2023-10-25,12.336676597595215
2023-10-26,12.593690872192383
2023-10-27,12.508020401000977
2023-10-30,11.736976623535156
2023-10-31,11.394291877746582
2023-11-01,11.394291877746582
2023-11-03,12.765033721923828
2023-11-06,12.251005172729492
2023-11-07,15.163832664489746
2023-11-08,15.249503135681152
2023-11-09,14.64980411529541
2023-11-10,15.42084789276123
2023-11-13,14.821146965026855
2023-11-14,14.9924898147583
2023-11-16,18.76202964782715
2023-11-17,19.019044876098633
2023-11-20,19.533071517944336
2023-11-21,18.248003005981445
2023-11-22,17.819644927978516
2023-11-23,18.590686798095703
2023-11-24,17.048603057861328
2023-11-27,16.791587829589844
2023-11-28,16.363229751586914
2023-11-29,16.106216430664062
2023-11-30,17.305618286132812
2023-12-01,18.590686798095703
2023-12-04,17.134273529052734
2023-12-05,18.33367347717285
2023-12-06,18.590686798095703
2023-12-07,19.36172866821289
2023-12-08,18.248003005981445
2023-12-11,19.104717254638672
2023-12-12,19.533071517944336
2023-12-13,21.67485809326172
2023-12-14,20.818143844604492
2023-12-15,18.933372497558594
2023-12-18,18.676359176635742
2023-12-19,18.505014419555664
2023-12-20,17.99098777770996
2023-12-21,17.905315399169922
2023-12-22,18.162330627441406
2023-12-26,18.07666015625
2023-12-27,19.276058197021484
2023-12-28,18.505014419555664
2024-01-02,17.56262969970703
2024-01-03,17.134273529052734
2024-01-04,16.534574508666992
2024-01-05,16.87725830078125
2024-01-08,17.905315399169922
2024-01-09,18.33367347717285
2024-01-10,18.676359176635742
2024-01-11,18.676359176635742
2024-01-12,19.36172866821289
2024-01-15,19.533071517944336
2024-01-16,18.676359176635742
2024-01-17,18.419342041015625
2024-01-18,17.134273529052734
2024-01-19,17.391286849975586
2024-01-22,16.705917358398438
2024-01-23,16.6202449798584
2024-01-24,16.448902130126953
2024-01-25,17.73397445678711
2024-01-26,17.819644927978516
2024-01-29,17.73397445678711
2024-01-30,16.96293067932129
2024-01-31,17.99098777770996
2024-02-01,18.868663787841797
2024-02-02,18.04430389404297
2024-02-05,17.861114501953125
2024-02-06,18.777069091796875
2024-02-07,19.051855087280273
2024-02-08,18.96025848388672
2024-02-09,19.051855087280273
2024-02-14,18.502281188964844
2024-02-15,18.868663787841797
2024-02-16,18.685474395751953
2024-02-19,19.143449783325195
2024-02-20,18.502281188964844
2024-02-21,17.952709197998047
2024-02-22,19.326641082763672
2024-02-23,19.693023681640625
2024-02-26,19.326641082763672
2024-02-27,20.150999069213867
2024-02-28,19.87621307373047
2024-02-29,19.50983238220215
2024-03-01,20.334190368652344
2024-03-04,19.50983238220215
2024-03-05,19.418235778808594
2024-03-06,18.868663787841797
2024-03-07,18.685474395751953
2024-03-08,18.777069091796875
2024-03-11,18.319091796875
2024-03-12,18.502281188964844
2024-03-13,18.5938777923584
2024-03-14,18.410686492919922
2024-03-15,17.952709197998047
2024-03-18,19.23504638671875
2024-03-19,18.04430389404297
2024-03-20,18.777069091796875
2024-03-21,18.227495193481445
2024-03-22,17.586326599121094
2024-03-25,17.494731903076172
2024-03-26,16.303991317749023
2024-03-27,16.670372009277344
2024-03-28,16.4871826171875
2024-04-01,16.303991317749023
2024-04-02,15.93760871887207
2024-04-03,15.479632377624512
2024-04-04,16.21239471435547
2024-04-05,15.662822723388672
2024-04-08,16.303991317749023
2024-04-09,16.670372009277344
2024-04-10,16.21239471435547
2024-04-11,15.846015930175781
2024-04-12,15.204845428466797
2024-04-15,14.014105796813965
2024-04-16,13.92250919342041
2024-04-17,13.92250919342041
2024-04-18,13.73931884765625
2024-04-19,14.10569953918457
2024-04-22,14.014105796813965
2024-04-23,13.189745903015137
2024-04-24,13.098150253295898
2024-04-25,12.731769561767578
2024-04-26,13.098150253295898
2024-04-29,13.281340599060059
2024-04-30,12.456981658935547
2024-05-02,13.372936248779297
2024-05-03,14.380486488342285
2024-05-06,14.380486488342285
2024-05-07,14.746869087219238
2024-05-08,15.113249778747559
2024-05-09,15.296441078186035
2024-05-10,14.10569953918457
2024-05-13,14.47208309173584
2024-05-14,14.47208309173584
2024-05-15,14.746869087219238
2024-05-16,14.563676834106445
2024-05-17,14.563676834106445
2024-05-20,14.380486488342285
2024-05-21,14.197295188903809
2024-05-22,13.464532852172852
2024-05-23,13.006555557250977
2024-05-24,12.090600967407227
2024-05-27,12.044803619384766
2024-05-28,11.257081031799316
2024-05-29,11.064730644226074
2024-05-31,11.348677635192871
2024-06-03,11.614303588867188
2024-06-04,10.670870780944824
2024-06-05,11.165485382080078
2024-06-06,11.632622718811035
2024-06-07,10.75330638885498
2024-06-10,10.551796913146973
2024-06-11,11.394474983215332
2024-06-12,10.487679481506348
2024-06-13,10.277009963989258
2024-06-14,10.478520393371582
2024-06-17,10.066340446472168
2024-06-18,10.029702186584473
2024-06-19,10.148775100708008
2024-06-20,9.773235321044922
2024-06-21,9.919787406921387
2024-06-24,11.138007164001465
2024-06-25,10.80826473236084
2024-06-26,10.515158653259277
2024-06-27,11.183804512023926
2024-06-28,11.037252426147461
2024-07-01,11.119688034057617
2024-07-02,11.147167205810547
2024-07-03,11.522708892822266
2024-07-04,12.072280883789062
2024-07-05,12.539419174194336
2024-07-08,11.80665397644043
2024-07-09,12.374545097351074
2024-07-10,12.337907791137695
2024-07-11,12.557737350463867
2024-07-12,12.704289436340332
2024-07-15,13.125629425048828
2024-07-16,12.484460830688477
2024-07-17,12.32874870300293
2024-07-18,11.605143547058105
2024-07-19,11.513548851013184
2024-07-22,11.293720245361328
2024-07-23,11.156327247619629
2024-07-24,10.689189910888672
2024-07-25,10.625073432922363
2024-07-26,10.89069938659668
2024-07-29,10.25869083404541
2024-07-30,10.148775100708008
2024-07-31,10.139616966247559
2024-08-01,9.89231014251709
2024-08-02,10.597594261169434
2024-08-05,10.57011604309082
2024-08-06,10.350286483764648
2024-08-07,11.165485382080078
2024-08-08,11.48607063293457
2024-08-09,11.870771408081055
2024-08-12,11.861611366271973
2024-08-13,12.173035621643066
2024-08-14,11.66926097869873
2024-08-15,12.173035621643066
2024-08-16,11.522708892822266
2024-08-19,12.75008773803711
2024-08-20,12.640172958374023
2024-08-21,12.6859712600708
2024-08-22,12.072280883789062
2024-08-23,12.475300788879395
2024-08-26,12.22799301147461
2024-08-27,12.337907791137695
2024-08-28,12.072280883789062
2024-08-29,11.80665397644043
2024-08-30,11.138007164001465
2024-09-02,10.96397590637207
2024-09-03,10.698348999023438
2024-09-04,11.028093338012695
2024-09-05,11.266241073608398
2024-09-06,10.80826473236084
2024-09-09,10.551796913146973
2024-09-10,10.377765655517578
2024-09-11,10.322808265686035
2024-09-12,10.231212615966797
2024-09-13,10.625073432922363
2024-09-16,10.70750904083252
2024-09-17,10.881539344787598
2024-09-18,10.551796913146973
2024-09-19,10.222052574157715
2024-09-20,9.48012924194336
2024-09-23,9.177865028381348
2024-09-24,9.333576202392578
2024-09-25,9.1595458984375
2024-09-26,8.976354598999023
2024-09-27,9.1595458984375
2024-09-30,8.884759902954102
2024-10-01,8.903078079223633
2024-10-02,9.022151947021484
2024-10-03,8.912238121032715
2024-10-04,8.857280731201172
2024-10-07,8.71072769165039
2024-10-08,8.765685081481934
2024-10-09,8.463419914245605
2024-10-10,8.435940742492676
2024-10-11,8.655771255493164
2024-10-14,8.976354598999023
2024-10-15,8.884759902954102
2024-10-16,8.976354598999023
2024-10-17,8.765685081481934
2024-10-18,8.609972953796387
2024-10-21,8.857280731201172
2024-10-22,8.518377304077148
2024-10-23,8.38098430633545
2024-10-24,8.683248519897461
2024-10-25,8.362666130065918
2024-10-28,8.674088478088379
2024-10-29,8.454259872436523
2024-10-30,8.793163299560547
2024-10-31,8.66493034362793
2024-11-01,8.115357398986816
2024-11-04,8.958035469055176
2024-11-05,9.141225814819336
2024-11-06,8.912238121032715
2024-11-07,8.591654777526855
2024-11-08,8.793163299560547
2024-11-11,8.609972953796387
2024-11-12,8.454259872436523
2024-11-13,8.481739044189453
2024-11-14,8.24359130859375
2024-11-18,8.454259872436523
2024-11-19,8.591654777526855
2024-11-21,8.371824264526367
2024-11-22,8.628292083740234
2024-11-25,9.168704986572266
2024-11-26,9.745757102966309
2024-11-27,8.829802513122559
2024-11-28,8.234431266784668
2024-11-29,8.27107048034668
2024-12-02,8.42678165435791
2024-12-03,8.527536392211914
2024-12-04,8.463419914245605
2024-12-05,8.417622566223145
2024-12-06,7.82225227355957
2024-12-09,7.74897575378418
2024-12-10,7.987123012542725
2024-12-11,8.435940742492676
2024-12-12,7.675698757171631
2024-12-13,7.51082706451416
2024-12-16,7.107807636260986
2024-12-17,6.842180252075195
2024-12-18,6.155215263366699
2024-12-19,6.530755996704102
2024-12-20,6.68646764755249
2024-12-23,6.393362998962402
2024-12-26,5.981183052062988
2024-12-27,5.962864398956299
2024-12-30,5.953704357147217
2025-01-02,5.88958740234375
2025-01-03,5.733875274658203
2025-01-06,6.091097831726074
2025-01-07,6.045300483703613
2025-01-08,5.651439666748047
2025-01-09,5.504886627197266
2025-01-10,5.5232062339782715
2025-01-13,5.321695327758789
2025-01-14,5.4132914543151855
2025-01-15,5.834630012512207
2025-01-16,5.440769672393799
2025-01-17,5.550684452056885
2025-01-20,5.596481800079346
2025-01-21,5.642279624938965
2025-01-22,5.834630012512207
2025-01-23,5.761354446411133
2025-01-24,5.834630012512207
2025-01-27,6.420841217041016
2025-01-28,6.191853046417236
2025-01-29,6.036140441894531
2025-01-30,6.658989429473877
2025-01-31,6.8330206871032715
2025-02-03,6.613192081451416
2025-02-04,6.631511211395264
2025-02-05,6.301766395568848
2025-02-06,6.768904685974121
2025-02-07,6.475798606872559
2025-02-10,6.649829864501953
2025-02-11,6.658989429473877
2025-02-12,6.494117259979248
2025-02-13,6.420841217041016
2025-02-14,6.759744644165039
2025-02-17,7.290998458862305
2025-02-18,7.034530162811279
2025-02-19,6.823861598968506
2025-02-20,6.750584602355957
2025-02-21,6.668148994445801
2025-02-24,6.29260778427124
2025-02-25,6.759744644165039
2025-02-26,6.741425037384033
2025-02-27,6.695627212524414
2025-02-28,6.549074649810791
2025-03-05,6.668148994445801
2025-03-06,6.512436866760254
2025-03-07,7.199402809143066
2025-03-10,7.556624412536621
2025-03-11,7.60242223739624
2025-03-12,7.858889579772949
2025-03-13,7.74897575378418
2025-03-14,8.793163299560547
2025-03-17,9.287778854370117
2025-03-18,9.187023162841797
2025-03-19,9.553406715393066
2025-03-20,9.498448371887207
2025-03-21,9.251140594482422
2025-03-24,9.351896286010742
2025-03-25,9.580883979797363
2025-03-26,9.608363151550293
2025-03-27,9.956424713134766
2025-03-28,9.672479629516602
2025-03-31,9.2969388961792
2025-04-01,9.571724891662598
2025-04-02,10.249530792236328
2025-04-03,10.80826473236084
2025-04-04,9.919787406921387
2025-04-07,9.287778854370117
2025-04-08,8.042080879211426
2025-04-09,8.948875427246094
2025-04-10,9.351896286010742
2025-04-11,9.590044021606445
2025-04-14,9.608363151550293
2025-04-15,9.571724891662598
2025-04-16,9.48012924194336
2025-04-17,9.34273624420166
2025-04-22,9.287778854370117
2025-04-23,8.73820686340332
2025-04-24,9.681638717651367
2025-04-25,9.571724891662598
2025-04-28,9.43508243560791
2025-04-29,9.416211128234863
2025-04-30,8.793496131896973
2025-05-02,8.80293083190918
2025-05-05,8.359482765197754
2025-05-06,8.246260643005371
2025-05-07,8.057559967041016
2025-05-08,8.510443687438965
2025-05-09,7.916033744812012
2025-05-12,8.284001350402832
2025-05-13,8.642535209655762
2025-05-14,8.82180118560791
2025-05-15,9.152029991149902
2025-05-16,9.227509498596191
2025-05-19,9.340730667114258
2025-05-20,9.05767822265625
2025-05-21,8.689709663391113
2025-05-22,8.93502140045166
2025-05-23,8.491573333740234
2025-05-26,8.529313087463379
2025-05-27,8.812366485595703
2025-05-28,9.010502815246582
2025-05-29,8.567054748535156
2025-05-30,8.699145317077637
2025-06-02,9.001068115234375
2025-06-03,9.670958518981934
2025-06-04,9.472821235656738
2025-06-05,9.491691589355469
2025-06-06,8.963327407836914
2025-06-09,8.944457054138184
2025-06-10,8.963327407836914
2025-06-11,9.001068115234375
2025-06-12,9.07654857635498
2025-06-13,8.434962272644043
2025-06-16,9.001068115234375
2025-06-17,8.80293083190918
2025-06-18,8.82180118560791
2025-06-20,8.35004711151123
2025-06-23,8.406658172607422
2025-06-24,8.58592414855957
2025-06-25,8.614230155944824
2025-06-26,8.887846946716309
2025-06-27,8.774625778198242
2025-06-30,9.29355525970459
2025-07-01,9.16146469116211
2025-07-02,8.557619094848633
2025-07-03,8.6708402633667
2025-07-04,8.727449417114258
2025-07-07,8.595359802246094
2025-07-08,8.397222518920898
2025-07-09,8.066994667053223
2025-07-10,7.8688578605651855
2025-07-11,7.585805416107178
2025-07-14,7.500889301300049
2025-07-15,7.595240592956543
2025-07-16,7.651850700378418
2025-07-17,7.736766815185547
2025-07-18,7.434844017028809
2025-07-21,7.170661926269531
2025-07-22,7.0763115882873535
2025-07-23,7.359364032745361
2025-07-24,7.114051342010498
2025-07-25,7.0763115882873535
2025-07-28,6.774388790130615
2025-07-29,6.585687160491943
2025-07-30,6.925350189208984
2025-07-31,6.661167144775391
2025-08-01,6.812129020690918
2025-08-04,6.774388790130615
2025-08-05,6.793258190155029
2025-08-06,6.925350189208984
2025-08-07,7.000830173492432
2025-08-08,6.64229679107666
2025-08-11,6.623426914215088
2025-08-12,6.632862567901611
2025-08-13,6.349809646606445
2025-08-14,6.302634239196777
2025-08-15,6.246023178100586
2025-08-18,6.519641399383545
2025-08-19,6.472465991973877
2025-08-20,6.302634239196777
2025-08-21,6.302634239196777
2025-08-22,6.5102057456970215
2025-08-25,6.717778205871582
2025-08-26,6.604557037353516
2025-08-27,6.774388790130615
2025-08-28,7.397103786468506
2025-08-29,7.727332592010498
2025-09-01,7.8122477531433105
2025-09-02,7.689590930938721
2025-09-03,7.755636692047119
2025-09-04,8.161346435546875
2025-09-05,8.746320724487305
2025-09-08,8.406658172607422
2025-09-09,8.416093826293945
2025-09-10,8.727449417114258
2025-09-11,9.43508243560791
2025-09-12,9.29355525970459
2025-09-15,9.982316017150879
2025-09-16,10.133277893066406
2025-09-17,10.671077728271484
2025-09-18,10.595597267150879
2025-09-19,10.482375144958496
2025-09-22,10.227627754211426
2025-09-23,10.378589630126953
2025-09-24,10.265368461608887
2025-09-25,10.3974609375
2025-09-26,10.557855606079102
2025-09-29,10.02005672454834
2025-09-30,9.05767822265625
2025-10-01,9.05767822265625
2025-10-02,8.642535209655762
2025-10-03,8.633099555969238
2025-10-06,8.453832626342773
2025-10-07,8.472702026367188
2025-10-08,8.576488494873047
2025-10-09,8.463268280029297
2025-10-10,8.312307357788086
2025-10-13,8.114171028137207
2025-10-14,8.284001350402832
2025-10-15,8.406658172607422
2025-10-16,7.736766815185547
2025-10-17,7.925468921661377
2025-10-20,7.8688578605651855
2025-10-21,7.887727737426758
2025-10-22,7.8688578605651855
2025-10-23,7.425409317016602
2025-10-24,7.623546123504639
2025-10-27,8.038689613342285
2025-10-28,8.170781135559082
2025-10-29,8.048124313354492
2025-10-30,8.019819259643555
2025-10-31,7.991513252258301
2025-11-03,7.8688578605651855
2025-11-04,7.906598091125488
2025-11-05,8.246260643005371
2025-11-06,7.538629531860352
2025-11-07,7.6801557540893555
2025-11-10,7.944338321685791
2025-11-11,8.576488494873047
2025-11-12,8.633099555969238
2025-11-13,8.54818344116211
2025-11-14,9.048243522644043
2025-11-17,8.614230155944824
2025-11-18,8.93502140045166
2025-11-19,8.80293083190918
2025-11-21,9.085983276367188
2025-11-24,9.340730667114258
2025-11-25,9.680394172668457
2025-11-26,9.538866996765137
2025-11-27,9.54830265045166
2025-11-28,9.699263572692871
2025-12-01,9.755874633789062
2025-12-02,9.991751670837402
2025-12-03,10.60503101348877
2025-12-04,10.991869926452637
2025-12-05,9.916271209716797
2025-12-08,9.944576263427734
2025-12-09,9.453951835632324
2025-12-10,9.425646781921387
2025-12-11,9.03880786895752
2025-12-12,9.31242561340332
2025-12-15,9.284119606018066
2025-12-16,8.963327407836914
2025-12-17,8.680274963378906
2025-12-18,8.82180118560791
2025-12-19,8.727449417114258
2025-12-22,8.482137680053711
2025-12-23,8.765191078186035
2025-12-26,8.727449417114258
2025-12-29,8.82180118560791
2025-12-30,8.856711387634277
