date,close
2010-12-01,8.700596809387207
2010-12-02,8.613119125366211
2010-12-03,8.469566345214844
2010-12-06,8.276668548583984
2010-12-07,7.850495338439941
2010-12-08,7.823583126068115
2010-12-09,7.623955249786377
2010-12-10,7.850495338439941
2010-12-13,7.884145259857178
2010-12-14,7.895359516143799
2010-12-15,7.850495338439941
2010-12-16,7.671058654785156
2010-12-17,7.623955249786377
2010-12-20,7.54545259475708
2010-12-21,7.958160400390625
2010-12-22,7.8796563148498535
2010-12-23,8.0075101852417
2010-12-27,8.074800491333008
2010-12-28,8.07255744934082
2010-12-29,8.130874633789062
2010-12-30,8.276668548583984
2011-01-03,8.151061058044434
2011-01-04,7.82582426071167
2011-01-05,7.590309143066406
2011-01-06,7.626199722290039
2011-01-07,7.435544013977051
2011-01-10,7.505074977874756
2011-01-11,7.572366237640381
2011-01-12,7.626199722290039
2011-01-13,7.431056499481201
2011-01-14,7.357036113739014
2011-01-17,7.514048099517822
2011-01-18,7.502832412719727
2011-01-19,7.480404376983643
2011-01-20,7.422084331512451
2011-01-21,7.424328804016113
2011-01-24,7.341339111328125
2011-01-26,7.166382789611816
2011-01-27,7.063207626342773
2011-01-28,7.054231643676758
2011-01-31,7.175356388092041
2011-02-01,7.108064651489258
2011-02-02,6.953297138214111
2011-02-03,6.886008262634277
2011-02-04,6.823205947875977
2011-02-07,6.957786560058594
2011-02-08,6.7312421798706055
2011-02-09,6.852362632751465
2011-02-10,6.729000568389893
2011-02-11,6.84114933013916
2011-02-14,7.155167579650879
2011-02-15,7.087878704071045
2011-02-16,7.02955961227417
2011-02-17,7.2336745262146
2011-02-18,7.401897430419922
2011-02-21,7.170869827270508
2011-02-22,7.087878704071045
2011-02-23,7.000402450561523
2011-02-24,7.000402450561523
2011-02-25,7.177598476409912
2011-02-28,7.280778408050537
2011-03-01,7.404142379760742
2011-03-02,7.621716022491455
2011-03-03,7.6934895515441895
2011-03-04,7.6912455558776855
2011-03-09,7.6912455558776855
2011-03-10,7.592552661895752
2011-03-11,7.671058654785156
2011-03-14,7.850495338439941
2011-03-15,7.628442764282227
2011-03-16,7.592552661895752
2011-03-17,7.803399562835693
2011-03-18,7.760780334472656
2011-03-21,7.846014022827148
2011-03-22,7.583580493927002
2011-03-23,7.592552661895752
2011-03-24,7.446760654449463
2011-03-25,7.574610233306885
2011-03-28,7.401897430419922
2011-03-29,7.413114070892334
2011-03-30,7.413114070892334
2011-03-31,7.536480903625488
2011-04-01,7.570124626159668
2011-04-04,7.374980926513672
2011-04-05,7.374980926513672
2011-04-06,7.457973003387451
2011-04-07,7.514048099517822
2011-04-08,7.626199722290039
2011-04-11,7.7585344314575195
2011-04-12,7.626199722290039
2011-04-13,7.7181620597839355
2011-04-14,7.6912455558776855
2011-04-15,7.671058654785156
2011-04-18,7.671058654785156
2011-04-19,7.514048099517822
2011-04-20,7.715919494628906
2011-04-25,7.597039222717285
2011-04-26,7.536480903625488
2011-04-27,7.177598476409912
2011-04-28,7.323394775390625
2011-04-29,7.345824718475342
2011-05-02,7.535048484802246
2011-05-03,7.626382827758789
2011-05-04,7.6149702072143555
2011-05-05,7.603549003601074
2011-05-06,7.820468902587891
2011-05-09,7.5670166015625
2011-05-10,7.5670166015625
2011-05-11,7.859284400939941
2011-05-12,7.809052467346191
2011-05-13,7.875265598297119
2011-05-16,7.875265598297119
2011-05-17,7.813618183135986
2011-05-18,7.820468902587891
2011-05-19,7.809052467346191
2011-05-20,7.991719722747803
2011-05-23,8.048803329467773
2011-05-24,8.092187881469727
2011-05-25,8.140138626098633
2011-05-26,8.151554107666016
2011-05-27,8.256587982177734
2011-05-30,8.368473052978516
2011-05-31,8.226905822753906
2011-06-01,8.105884552001953
2011-06-02,8.318239212036133
2011-06-03,8.3570556640625
2011-06-06,8.220053672790527
2011-06-07,8.334220886230469
2011-06-08,8.334220886230469
2011-06-09,8.391307830810547
2011-06-10,8.245171546936035
2011-06-13,8.254303932189941
2011-06-14,8.265721321105957
2011-06-15,8.174386024475098
2011-06-16,8.220053672790527
2011-06-17,8.254303932189941
2011-06-20,8.162970542907715
2011-06-21,8.048803329467773
2011-06-22,8.071634292602539
2011-06-24,8.105884552001953
2011-06-27,7.932351112365723
2011-06-28,8.06021785736084
2011-06-29,7.923218727111816
2011-06-30,7.786218166351318
2011-07-01,7.877553939819336
2011-07-04,7.877553939819336
2011-07-05,7.809052467346191
2011-07-06,7.706301689147949
2011-07-07,7.740550518035889
2011-07-08,7.626382827758789
2011-07-11,7.535048484802246
2011-07-12,7.532765865325928
2011-07-13,7.6149702072143555
2011-07-14,7.64921760559082
2011-07-15,7.598982334136963
2011-07-18,7.535048484802246
2011-07-19,7.603549003601074
2011-07-20,7.797634124755859
2011-07-21,7.765667915344238
2011-07-22,7.4916672706604
2011-07-25,7.658351421356201
2011-07-26,7.706301689147949
2011-07-27,7.697167873382568
2011-07-28,7.706301689147949
2011-07-29,8.213204383850098
2011-08-01,7.8022027015686035
2011-08-02,7.5921311378479
2011-08-03,7.4482831954956055
2011-08-04,7.012161731719971
2011-08-05,6.872880458831787
2011-08-08,6.553210735321045
2011-08-09,6.850045204162598
2011-08-10,6.987043857574463
2011-08-11,7.206247806549072
2011-08-12,7.053263187408447
2011-08-15,7.238213062286377
2011-08-16,7.069249153137207
2011-08-17,7.009880542755127
2011-08-18,7.009880542755127
2011-08-19,7.009880542755127
2011-08-22,7.016730308532715
2011-08-23,7.016730308532715
2011-08-24,7.021297454833984
2011-08-25,7.055544853210449
2011-08-26,7.169713973999023
2011-08-29,7.395762920379639
2011-08-30,7.484817028045654
2011-08-31,7.644649028778076
2011-09-01,7.9780192375183105
2011-09-02,7.861567497253418
2011-09-05,7.8547186851501465
2011-09-06,7.815901279449463
2011-09-08,8.083052635192871
2011-09-09,7.973452568054199
2011-09-12,8.099039077758789
2011-09-13,7.790785312652588
2011-09-14,7.665201663970947
2011-09-15,7.628667831420898
2011-09-16,7.877553939819336
2011-09-19,7.64921760559082
2011-09-20,7.8570027351379395
2011-09-21,7.806767463684082
2011-09-22,7.484817028045654
2011-09-23,7.484817028045654
2011-09-26,7.583000183105469
2011-09-27,7.5236334800720215
2011-09-28,7.5921311378479
2011-09-29,7.751968860626221
2011-09-30,7.9574689865112305
2011-10-03,7.90038537979126
2011-10-04,7.877553939819336
2011-10-05,7.962035179138184
2011-10-06,8.019121170043945
2011-10-07,7.94148588180542
2011-10-10,8.1287202835083
2011-10-11,8.073917388916016
2011-10-13,8.220053672790527
2011-10-14,8.22233772277832
2011-10-17,8.1287202835083
2011-10-18,8.1287202835083
2011-10-19,8.140138626098633
2011-10-20,7.98715353012085
2011-10-21,7.9072346687316895
2011-10-24,7.9529032707214355
2011-10-25,7.9529032707214355
2011-10-26,7.811333179473877
2011-10-27,7.87983512878418
2011-10-28,7.786218166351318
2011-10-31,7.966601371765137
2011-11-01,7.76338529586792
2011-11-03,7.991719722747803
2011-11-04,7.9277849197387695
2011-11-07,7.991719722747803
2011-11-08,7.991719722747803
2011-11-09,7.809052467346191
2011-11-10,7.991719722747803
2011-11-11,8.149273872375488
2011-11-14,8.197220802307129
2011-11-16,8.277139663696289
2011-11-17,8.048803329467773
2011-11-18,8.174386024475098
2011-11-21,8.1287202835083
2011-11-22,8.279420852661133
2011-11-23,7.991719722747803
2011-11-24,8.006070137023926
2011-11-25,8.075682640075684
2011-11-28,8.138340950012207
2011-11-29,8.126736640930176
2011-11-30,8.400569915771484
2011-12-01,8.574610710144043
2011-12-02,8.602458953857422
2011-12-05,8.655834197998047
2011-12-06,8.81827449798584
2011-12-07,8.748658180236816
2011-12-08,8.81827449798584
2011-12-09,9.048016548156738
2011-12-12,9.057297706604004
2011-12-13,8.679039001464844
2011-12-14,8.354158401489258
2011-12-15,8.586217880249023
2011-12-16,8.470186233520508
2011-12-19,8.586217880249023
2011-12-20,8.493392944335938
2011-12-21,8.354158401489258
2011-12-22,8.207958221435547
2011-12-23,8.435379028320312
2011-12-26,8.391284942626953
2011-12-27,8.528203964233398
2011-12-28,8.604782104492188
2011-12-29,8.88093376159668
2012-01-02,9.015528678894043
2012-01-03,8.957514762878418
2012-01-04,8.702244758605957
2012-01-05,8.419135093688965
2012-01-06,8.423775672912598
2012-01-09,8.423775672912598
2012-01-10,8.400569915771484
2012-01-11,8.284538269042969
2012-01-12,8.319347381591797
2012-01-13,8.261333465576172
2012-01-16,8.416814804077148
2012-01-17,8.38896656036377
2012-01-18,8.375041007995605
2012-01-19,8.470186233520508
2012-01-20,8.679039001464844
2012-01-23,8.894856452941895
2012-01-24,8.999282836914062
2012-01-26,9.085147857666016
2012-01-27,9.096746444702148
2012-01-30,9.198853492736816
2012-01-31,9.28239917755127
2012-02-01,9.32880687713623
2012-02-02,9.676898956298828
2012-02-03,9.653692245483398
2012-02-06,9.526056289672852
2012-02-07,9.35201358795166
2012-02-08,9.20117473602295
2012-02-09,9.166367530822754
2012-02-10,9.28239917755127
2012-02-13,9.28239917755127
2012-02-14,9.157084465026855
2012-02-15,9.166367530822754
2012-02-16,9.166367530822754
2012-02-17,9.154763221740723
2012-02-23,9.238306045532227
2012-02-24,8.81827449798584
2012-02-27,9.031771659851074
2012-02-28,9.28239917755127
2012-02-29,9.050337791442871
2012-03-01,9.268473625183105
2012-03-02,9.28239917755127
2012-03-05,9.157084465026855
2012-03-06,9.152442932128906
2012-03-07,9.621203422546387
2012-03-08,9.839345932006836
2012-03-09,10.101566314697266
2012-03-12,10.164225578308105
2012-03-13,10.001779556274414
2012-03-14,10.018028259277344
2012-03-15,10.034271240234375
2012-03-16,10.071398735046387
2012-03-19,10.071398735046387
2012-03-20,9.955368995666504
2012-03-21,9.897355079650879
2012-03-22,9.897355079650879
2012-03-23,9.860227584838867
2012-03-26,9.888072967529297
2012-03-27,9.897355079650879
2012-03-28,9.746517181396484
2012-03-29,9.746517181396484
2012-03-30,9.897355079650879
2012-04-02,10.187430381774902
2012-04-03,10.14101791381836
2012-04-04,10.062117576599121
2012-04-05,9.874147415161133
2012-04-09,9.820775032043457
2012-04-10,9.7604398727417
2012-04-11,9.584073066711426
2012-04-12,9.584073066711426
2012-04-13,9.491251945495605
2012-04-16,9.586396217346191
2012-04-17,9.635127067565918
2012-04-18,9.93216323852539
2012-04-19,9.990179061889648
2012-04-20,10.001779556274414
2012-04-23,10.101566314697266
2012-04-24,9.92752456665039
2012-04-25,10.015706062316895
2012-04-26,10.2106351852417
2012-04-27,10.442696571350098
2012-04-30,10.442696571350098
2012-05-02,10.506819725036621
2012-05-03,10.789339065551758
2012-05-04,10.882731437683105
2012-05-07,10.845375061035156
2012-05-08,10.62356185913086
2012-05-09,10.324701309204102
2012-05-10,10.632902145385742
2012-05-11,10.859380722045898
2012-05-14,10.656249046325684
2012-05-15,10.534836769104004
2012-05-16,10.534836769104004
2012-05-17,10.681933403015137
2012-05-18,10.156594276428223
2012-05-21,10.69127368927002
2012-05-22,10.688939094543457
2012-05-23,10.390074729919434
2012-05-24,10.19861888885498
2012-05-25,10.523161888122559
2012-05-28,11.032160758972168
2012-05-29,10.943439483642578
2012-05-30,11.088194847106934
2012-05-31,11.183924674987793
2012-06-01,10.948108673095703
2012-06-04,10.705280303955078
2012-06-05,10.320032119750977
2012-06-06,10.903745651245117
2012-06-08,10.58387279510498
2012-06-11,10.737970352172852
2012-06-12,10.985467910766602
2012-06-13,11.102206230163574
2012-06-14,11.008813858032227
2012-06-15,11.05550765991211
2012-06-18,11.05550765991211
2012-06-19,11.604199409484863
2012-06-20,11.324016571044922
2012-06-21,11.345030784606934
2012-06-22,11.291332244873047
2012-06-25,11.25163745880127
2012-06-26,11.384722709655762
2012-06-27,11.615872383117676
2012-06-28,11.291332244873047
2012-06-29,11.478118896484375
2012-07-02,11.466443061828613
2012-07-03,12.001121520996094
2012-07-04,11.89138412475586
2012-07-05,11.758299827575684
2012-07-06,11.812002182006836
2012-07-10,11.641557693481445
2012-07-11,11.898388862609863
2012-07-12,11.849358558654785
2012-07-13,11.487457275390625
2012-07-16,11.487457275390625
2012-07-17,11.833013534545898
2012-07-18,11.945085525512695
2012-07-19,12.31866455078125
2012-07-20,12.16222858428955
2012-07-23,11.87270450592041
2012-07-24,11.96610164642334
2012-07-25,11.991785049438477
2012-07-26,11.9334135055542
2012-07-27,12.164565086364746
2012-07-30,12.356019973754883
2012-07-31,12.099183082580566
2012-08-01,12.1902494430542
2012-08-02,12.115530014038086
2012-08-03,12.234607696533203
2012-08-06,12.23227596282959
2012-08-07,12.257956504821777
2012-08-08,12.257956504821777
2012-08-09,12.187911033630371
2012-08-10,12.187911033630371
2012-08-13,12.1902494430542
2012-08-14,12.239280700683594
2012-08-15,12.117864608764648
2012-08-16,12.141213417053223
2012-08-17,11.954427719116211
2012-08-20,11.945085525512695
2012-08-21,11.90772819519043
2012-08-22,11.8773775100708
2012-08-23,11.945085525512695
2012-08-24,12.211259841918945
2012-08-27,11.90772819519043
2012-08-28,12.06182861328125
2012-08-29,12.06182861328125
2012-08-30,12.150550842285156
2012-08-31,12.096851348876953
2012-09-03,12.491442680358887
2012-09-04,12.573162078857422
2012-09-05,12.349015235900879
2012-09-06,12.491442680358887
2012-09-10,12.72492790222168
2012-09-11,12.89770793914795
2012-09-12,13.075154304504395
2012-09-13,13.191895484924316
2012-09-14,13.110180854797363
2012-09-17,13.31330680847168
2012-09-18,13.448732376098633
2012-09-19,13.5771484375
2012-09-20,13.602829933166504
2012-09-21,13.798956871032715
2012-09-24,13.950725555419922
2012-09-25,14.032442092895508
2012-09-26,14.249581336975098
2012-09-27,14.020769119262695
2012-09-28,13.936712265014648
2012-10-01,13.658867835998535
2012-10-02,13.962396621704102
2012-10-03,13.985747337341309
2012-10-04,13.988080024719238
2012-10-05,14.086142539978027
2012-10-08,14.009093284606934
2012-10-09,14.065130233764648
2012-10-10,14.006760597229004
2012-10-11,14.359318733215332
2012-10-15,14.359318733215332
2012-10-16,14.588134765625
2012-10-17,14.756245613098145
2012-10-18,14.520427703857422
2012-10-19,14.289273262023926
2012-10-22,14.382669448852539
2012-10-23,14.090812683105469
2012-10-24,13.672873497009277
2012-10-25,13.689220428466797
2012-10-26,13.658867835998535
2012-10-29,13.936712265014648
2012-10-30,14.184205055236816
2012-10-31,13.892352104187012
2012-11-01,13.946051597595215
2012-11-05,13.939046859741211
2012-11-06,13.957724571228027
2012-11-07,13.355329513549805
2012-11-08,13.77560806274414
2012-11-09,13.768606185913086
2012-11-12,13.518773078918457
2012-11-13,13.714902877807617
2012-11-14,13.658867835998535
2012-11-16,13.55146598815918
2012-11-19,13.560803413391113
2012-11-21,13.378686904907227
2012-11-22,13.54212760925293
2012-11-23,13.609833717346191
2012-11-26,13.703227996826172
2012-11-27,13.77560806274414
2012-11-28,13.824642181396484
2012-11-29,13.990416526794434
2012-11-30,13.77560806274414
2012-12-03,14.114161491394043
2012-12-04,14.167865753173828
2012-12-05,14.05578899383545
2012-12-06,14.153855323791504
2012-12-07,14.27993392944336
2012-12-10,13.85732650756836
2012-12-11,14.146846771240234
2012-12-12,14.376920700073242
2012-12-13,14.37927532196045
2012-12-14,14.216574668884277
2012-12-17,14.454732894897461
2012-12-18,14.350983619689941
2012-12-19,14.101030349731445
2012-12-20,13.862874031066895
2012-12-21,13.971341133117676
2012-12-26,13.945405960083008
2012-12-27,13.983129501342773
2012-12-28,14.195354461669922
2013-01-02,14.14583683013916
2013-01-03,14.058588027954102
2013-01-04,14.126970291137695
2013-01-07,13.912391662597656
2013-01-08,13.912391662597656
2013-01-09,13.983129501342773
2013-01-10,14.131688117980957
2013-01-11,13.933611869812012
2013-01-14,14.056229591369629
2013-01-15,13.912391662597656
2013-01-16,14.12225341796875
2013-01-17,14.058588027954102
2013-01-18,13.700163841247559
2013-01-21,13.700163841247559
2013-01-22,13.85579776763916
2013-01-23,13.733179092407227
2013-01-24,13.485587120056152
2013-01-28,13.370039939880371
2013-01-29,13.617636680603027
2013-01-30,13.653002738952637
2013-01-31,13.570478439331055
2013-02-01,13.594054222106934
2013-02-04,13.629427909851074
2013-02-05,13.676589012145996
2013-02-06,13.735538482666016
2013-02-07,13.676589012145996
2013-02-08,13.440779685974121
2013-02-13,13.539819717407227
2013-02-14,13.440779685974121
2013-02-15,12.898436546325684
2013-02-18,13.089431762695312
2013-02-19,13.087080001831055
2013-02-20,13.039917945861816
2013-02-21,13.181404113769531
2013-02-22,13.143672943115234
2013-02-25,13.176684379577637
2013-02-26,13.039917945861816
2013-02-27,13.13188648223877
2013-02-28,13.35824966430664
2013-03-01,13.676589012145996
2013-03-04,13.834574699401855
2013-03-05,14.030292510986328
2013-03-06,13.881731986999512
2013-03-07,13.955167770385742
2013-03-08,13.967020988464355
2013-03-11,13.824745178222656
2013-03-12,13.805776596069336
2013-03-13,13.661121368408203
2013-03-14,13.872962951660156
2013-03-15,13.801817893981934
2013-03-18,13.754384994506836
2013-03-19,13.754384994506836
2013-03-20,13.81842041015625
2013-03-21,13.73067569732666
2013-03-22,13.635814666748047
2013-03-25,13.813674926757812
2013-03-26,13.73067569732666
2013-03-27,13.849245071411133
2013-03-28,13.754384994506836
2013-04-01,13.398672103881836
2013-04-02,13.280098915100098
2013-04-03,13.370211601257324
2013-04-04,13.280098915100098
2013-04-05,13.149669647216797
2013-04-08,13.033467292785645
2013-04-09,13.315668106079102
2013-04-10,13.374958038330078
2013-04-11,13.282469749450684
2013-04-12,13.007383346557617
2013-04-15,12.509378433227539
2013-04-16,12.687235832214355
2013-04-17,12.924381256103516
2013-04-18,13.282469749450684
2013-04-19,13.484044075012207
2013-04-22,13.635814666748047
2013-04-23,13.481674194335938
2013-04-24,13.50064754486084
2013-04-25,13.602618217468262
2013-04-26,13.602618217468262
2013-04-29,13.386813163757324
2013-04-30,13.514872550964355
2013-05-02,13.517243385314941
2013-05-03,13.469817161560059
2013-05-06,13.446098327636719
2013-05-07,13.754384994506836
2013-05-08,13.851613998413086
2013-05-09,13.944106101989746
2013-05-10,13.86584758758545
2013-05-13,13.944106101989746
2013-05-14,14.027101516723633
2013-05-15,14.041333198547363
2013-05-16,14.110108375549316
2013-05-17,14.14567756652832
2013-05-20,14.062677383422852
2013-05-21,14.105364799499512
2013-05-22,14.136194229125977
2013-05-23,14.11959171295166
2013-05-24,13.801817893981934
2013-05-27,13.846874237060547
2013-05-28,13.74252986907959
2013-05-29,13.517243385314941
2013-05-31,13.27772331237793
2013-06-03,13.173382759094238
2013-06-04,13.161524772644043
2013-06-05,12.983668327331543
2013-06-06,12.971814155578613
2013-06-07,12.732295036315918
2013-06-10,12.66352367401123
2013-06-11,12.355236053466797
2013-06-12,12.260379791259766
2013-06-13,12.367094039916992
2013-06-14,12.329150199890137
2013-06-17,12.108609199523926
2013-06-18,12.17263412475586
2013-06-19,11.930749893188477
2013-06-20,11.923630714416504
2013-06-21,11.952089309692383
2013-06-24,11.857231140136719
2013-06-25,12.153661727905273
2013-06-26,12.319660186767578
2013-06-27,12.357605934143066
2013-06-28,12.304783821105957
2013-07-01,12.364341735839844
2013-07-02,12.035578727722168
2013-07-03,12.030814170837402
2013-07-04,12.185667991638184
2013-07-05,12.047491073608398
2013-07-08,11.990315437316895
2013-07-10,12.188047409057617
2013-07-11,12.247607231140137
2013-07-12,12.357194900512695
2013-07-15,12.602578163146973
2013-07-16,12.483455657958984
2013-07-17,12.526338577270508
2013-07-18,12.454873085021973
2013-07-19,12.459632873535156
2013-07-22,12.638312339782715
2013-07-23,12.69310474395752
2013-07-24,12.547784805297852
2013-07-25,12.512046813964844
2013-07-26,12.512046813964844
2013-07-29,12.354809761047363
2013-07-30,12.185667991638184
2013-07-31,11.99746322631836
2013-08-01,12.197575569152832
2013-08-02,12.2666654586792
2013-08-05,12.388165473937988
2013-08-06,12.004609107971191
2013-08-07,11.935521125793457
2013-08-08,11.85451889038086
2013-08-09,12.035578727722168
2013-08-12,12.090374946594238
2013-08-13,12.080843925476074
2013-08-14,11.816402435302734
2013-08-15,11.756845474243164
2013-08-16,11.792581558227539
2013-08-19,11.55434513092041
2013-08-20,11.432848930358887
2013-08-21,11.292288780212402
2013-08-22,11.292288780212402
2013-08-23,11.349466323852539
2013-08-26,11.351848602294922
2013-08-27,11.239875793457031
2013-08-28,11.280374526977539
2013-08-29,11.411406517028809
2013-08-30,11.420938491821289
2013-09-02,11.816402435302734
2013-09-03,11.43522834777832
2013-09-04,11.318495750427246
2013-09-05,11.530523300170898
2013-09-06,11.697288513183594
2013-09-09,12.233315467834473
2013-09-10,11.959343910217285
2013-09-11,11.961727142333984
2013-09-12,11.768757820129395
2013-09-13,11.983170509338379
2013-09-16,12.037960052490234
2013-09-17,11.887872695922852
2013-09-18,12.209489822387695
2013-09-19,12.566839218139648
2013-09-20,12.42390251159668
2013-09-23,12.521577835083008
2013-09-24,12.905131340026855
2013-09-25,12.814607620239258
2013-09-26,12.733607292175293
2013-09-27,12.588279724121094
2013-09-30,12.626399040222168
2013-10-01,12.67404556274414
2013-10-02,12.890839576721191
2013-10-03,12.816984176635742
2013-10-04,12.936103820800781
2013-10-07,12.826517105102539
2013-10-08,12.745515823364258
2013-10-09,12.833664894104004
2013-10-10,12.852724075317383
2013-10-11,12.864635467529297
2013-10-14,12.76933765411377
2013-10-15,12.800310134887695
2013-10-16,13.079046249389648
2013-10-17,13.181485176086426
2013-10-18,13.2219820022583
2013-10-21,13.207690238952637
2013-10-22,13.245809555053711
2013-10-23,13.176719665527344
2013-10-24,12.864635467529297
2013-10-25,12.783632278442383
2013-10-28,12.886075019836426
2013-10-29,12.602578163146973
2013-10-30,12.816984176635742
2013-10-31,12.507282257080078
2013-11-01,12.335750579833984
2013-11-04,12.483455657958984
2013-11-05,12.407225608825684
2013-11-06,12.185667991638184
2013-11-07,12.15469741821289
2013-11-08,11.92360782623291
2013-11-11,12.126105308532715
2013-11-12,11.96649169921875
2013-11-13,12.09752082824707
2013-11-14,12.652603149414062
2013-11-18,12.507282257080078
2013-11-19,12.328605651855469
2013-11-21,12.245223045349121
2013-11-22,12.171372413635254
2013-11-25,12.018902778625488
2013-11-26,12.26904582977295
2013-11-27,12.090374946594238
2013-11-28,12.15469741821289
2013-11-29,12.254755973815918
2013-12-02,11.918843269348145
2013-12-03,11.694904327392578
2013-12-04,11.71872615814209
2013-12-05,11.942667007446289
2013-12-06,11.713964462280273
2013-12-09,11.85213565826416
2013-12-10,11.578171730041504
2013-12-11,11.663932800292969
2013-12-12,11.697288513183594
2013-12-13,11.575786590576172
2013-12-16,11.625816345214844
2013-12-17,11.568641662597656
2013-12-18,11.728954315185547
2013-12-19,11.901331901550293
2013-12-20,11.958795547485352
2013-12-23,11.970763206481934
2013-12-26,12.01146125793457
2013-12-27,11.894147872924805
2013-12-30,11.946823120117188
2014-01-02,11.7912015914917
2014-01-03,11.740922927856445
2014-01-06,11.52784538269043
2014-01-07,11.465598106384277
2014-01-08,11.49193286895752
2014-01-09,11.175908088684082
2014-01-10,11.247727394104004
2014-01-13,11.216604232788086
2014-01-14,11.26449203491211
2014-01-15,11.312372207641602
2014-01-16,11.288430213928223
2014-01-17,11.178298950195312
2014-01-20,11.084924697875977
2014-01-21,11.025075912475586
2014-01-22,11.180692672729492
2014-01-23,11.099288940429688
2014-01-24,10.941278457641602
2014-01-27,10.93409538269043
2014-01-28,10.785655975341797
2014-01-29,10.493570327758789
2014-01-30,10.47202205657959
2014-01-31,10.440898895263672
2014-02-03,10.2110595703125
2014-02-04,10.462447166442871
2014-02-05,10.450477600097656
2014-02-06,10.333161354064941
2014-02-07,10.699468612670898
2014-02-10,10.570181846618652
2014-02-11,10.80241870880127
2014-02-12,10.486390113830566
2014-02-13,10.546243667602539
2014-02-14,10.534273147583008
2014-02-17,10.292460441589355
2014-02-18,10.199090957641602
2014-02-19,10.474416732788086
2014-02-20,10.56299877166748
2014-02-21,10.790445327758789
2014-02-24,10.977189064025879
2014-02-25,10.644403457641602
2014-02-26,10.773689270019531
2014-02-27,11.106475830078125
2014-02-28,11.037041664123535
2014-03-05,10.97240161895752
2014-03-06,11.168723106384277
2014-03-07,11.015498161315918
2014-03-10,10.88142204284668
2014-03-11,10.905364036560059
2014-03-12,11.041831016540527
2014-03-13,10.845511436462402
2014-03-14,10.833539962768555
2014-03-17,10.953248023986816
2014-03-18,11.128020286560059
2014-03-19,11.132807731628418
2014-03-20,10.94845962524414
2014-03-21,11.039437294006348
2014-03-24,11.233366966247559
2014-03-25,11.228575706481934
2014-03-26,11.300402641296387
2014-03-27,11.432077407836914
2014-03-28,11.554180145263672
2014-03-31,11.592488288879395
2014-04-01,11.501505851745605
2014-04-02,11.73134708404541
2014-04-03,11.616429328918457
2014-04-04,11.719377517700195
2014-04-07,11.683464050292969
2014-04-08,11.884573936462402
2014-04-09,11.910906791687012
2014-04-10,11.896546363830566
2014-04-11,11.870209693908691
2014-04-14,11.855844497680664
2014-04-15,11.707405090332031
2014-04-16,11.841480255126953
2014-04-17,11.946823120117188
2014-04-22,11.910906791687012
2014-04-23,11.922879219055176
2014-04-24,11.970763206481934
2014-04-25,11.841480255126953
2014-04-28,11.709802627563477
2014-04-29,11.874995231628418
2014-04-30,11.798383712768555
2014-05-02,11.851055145263672
2014-05-05,12.054556846618652
2014-05-06,12.258060455322266
2014-05-07,12.06174087524414
2014-05-08,12.00906753540039
2014-05-09,11.855844497680664
2014-05-12,11.781627655029297
2014-05-13,11.609248161315918
2014-05-14,11.669098854064941
2014-05-15,11.444050788879395
2014-05-16,11.570938110351562
2014-05-19,11.410531044006348
2014-05-20,11.405742645263672
2014-05-21,11.52784538269043
2014-05-22,11.578125953674316
2014-05-23,11.56615161895752
2014-05-26,11.54220962524414
2014-05-27,11.312372207641602
2014-05-28,11.393774032592773
2014-05-29,11.520661354064941
2014-05-30,11.50629711151123
2014-06-02,11.324342727661133
2014-06-03,11.286036491394043
2014-06-04,11.221392631530762
2014-06-05,11.228575706481934
2014-06-06,11.460811614990234
2014-06-09,11.65234088897705
2014-06-10,11.937247276306152
2014-06-11,12.179054260253906
2014-06-13,12.282003402709961
2014-06-16,12.21017837524414
2014-06-17,12.277213096618652
2014-06-18,12.425651550292969
2014-06-20,12.471142768859863
2014-06-23,12.449593544006348
2014-06-24,12.48071575164795
2014-06-25,12.437620162963867
2014-06-26,12.451986312866211
2014-06-27,12.375372886657715
2014-06-30,12.191022872924805
2014-07-01,12.153076171875
2014-07-02,12.141018867492676
2014-07-03,12.133783340454102
2014-07-04,12.179605484008789
2014-07-07,12.107251167297363
2014-07-08,12.18683910369873
2014-07-10,12.288138389587402
2014-07-11,12.420784950256348
2014-07-14,12.794618606567383
2014-07-15,12.879029273986816
2014-07-16,12.879029273986816
2014-07-17,12.9634428024292
2014-07-18,13.289033889770508
2014-07-21,13.506097793579102
2014-07-22,14.03669548034668
2014-07-23,13.870285034179688
2014-07-24,13.70145320892334
2014-07-25,13.409627914428711
2014-07-28,13.385505676269531
2014-07-29,13.252856254577637
2014-07-30,13.267328262329102
2014-07-31,12.999621391296387
2014-08-01,12.989974021911621
2014-08-04,13.264914512634277
2014-08-05,13.10091495513916
2014-08-06,13.086444854736328
2014-08-07,13.023738861083984
2014-08-08,13.023738861083984
2014-08-11,13.192564964294434
2014-08-12,13.180501937866211
2014-08-13,13.086444854736328
2014-08-14,13.079209327697754
2014-08-15,13.281801223754883
2014-08-18,13.699044227600098
2014-08-19,13.747278213500977
2014-08-20,13.805158615112305
2014-08-21,13.674921035766602
2014-08-22,13.747278213500977
2014-08-25,13.867867469787598
2014-08-26,13.855810165405273
2014-08-27,13.964340209960938
2014-08-28,13.747278213500977
2014-08-29,13.981220245361328
2014-09-01,13.988454818725586
2014-09-02,14.10422420501709
2014-09-03,13.964340209960938
2014-09-04,13.711104393005371
2014-09-05,13.419273376464844
2014-09-08,13.178092956542969
2014-09-09,12.929676055908203
2014-09-10,12.818733215332031
2014-09-11,12.789793968200684
2014-09-12,12.372550010681152
2014-09-15,12.362905502319336
2014-09-16,12.80908489227295
2014-09-17,12.857322692871094
2014-09-18,12.64749526977539
2014-09-19,12.794618606567383
2014-09-22,12.592026710510254
2014-09-23,12.46419620513916
2014-09-24,12.601673126220703
2014-09-25,12.264020919799805
2014-09-26,12.53896427154541
2014-09-29,12.034897804260254
2014-09-30,12.087956428527832
2014-10-01,11.552538871765137
2014-10-02,11.762365341186523
2014-10-03,12.046958923339844
2014-10-06,12.444905281066895
2014-10-07,12.510024070739746
2014-10-08,12.449726104736328
2014-10-09,12.536552429199219
2014-10-10,11.90466022491455
2014-10-13,12.420784950256348
2014-10-14,12.435259819030762
2014-10-15,12.059015274047852
2014-10-16,11.57424545288086
2014-10-17,11.81783390045166
2014-10-20,11.504301071166992
2014-10-21,11.371651649475098
2014-10-22,11.460887908935547
2014-10-23,10.94958782196045
2014-10-24,11.697244644165039
2014-10-27,11.64901351928711
2014-10-28,12.059015274047852
2014-10-29,11.576655387878418
2014-10-30,12.08313274383545
2014-10-31,12.360490798950195
2014-11-03,12.119311332702637
2014-11-04,12.015602111816406
2014-11-05,11.81783390045166
2014-11-06,11.685186386108398
2014-11-07,11.54047679901123
2014-11-10,11.41506290435791
2014-11-11,11.57424545288086
2014-11-12,11.61524486541748
2014-11-13,11.65865707397461
2014-11-14,11.463301658630371
2014-11-17,11.359596252441406
2014-11-18,11.800952911376953
2014-11-19,11.89742660522461
2014-11-21,12.215785026550293
2014-11-24,12.459376335144043
2014-11-25,12.198902130126953
2014-11-26,12.481080055236816
2014-11-27,12.637845039367676
2014-11-28,12.536552429199219
2014-12-01,11.711714744567871
2014-12-02,11.791304588317871
2014-12-03,11.559773445129395
2014-12-04,11.624889373779297
2014-12-05,11.60800838470459
2014-12-08,11.653834342956543
2014-12-09,11.81783390045166
2014-12-10,11.81783390045166
2014-12-11,11.576655387878418
2014-12-12,11.308944702148438
2014-12-15,11.070174217224121
2014-12-16,10.838644027709961
2014-12-17,10.997822761535645
2014-12-18,11.152179718017578
2014-12-19,11.460887908935547
2014-12-22,11.762365341186523
2014-12-23,11.672667503356934
2014-12-26,11.585031509399414
2014-12-29,11.563119888305664
2014-12-30,11.54851245880127
2015-01-02,10.774394989013672
2015-01-05,10.759788513183594
2015-01-06,11.295344352722168
2015-01-07,11.68483829498291
2015-01-08,11.560684204101562
2015-01-09,11.636153221130371
2015-01-12,11.46574878692627
2015-01-13,11.677536010742188
2015-01-14,11.699444770812988
2015-01-15,12.269078254699707
2015-01-16,12.373753547668457
2015-01-19,11.894190788269043
2015-01-20,12.488171577453613
2015-01-21,12.775426864624023
2015-01-22,12.707261085510254
2015-01-23,12.81193733215332
2015-01-26,12.427315711975098
2015-01-27,12.415140151977539
2015-01-28,12.344547271728516
2015-01-29,12.12545394897461
2015-01-30,11.70918083190918
2015-02-02,11.952617645263672
2015-02-03,12.161971092224121
2015-02-04,11.928271293640137
2015-02-05,12.273948669433594
2015-02-06,11.928271293640137
2015-02-09,12.33724308013916
2015-02-10,12.098677635192871
2015-02-11,12.13519287109375
2015-02-12,12.441920280456543
2015-02-13,12.658574104309082
2015-02-18,12.780292510986328
2015-02-19,12.877667427062988
2015-02-20,12.719433784484863
2015-02-23,12.914182662963867
2015-02-24,13.140573501586914
2015-02-25,13.145444869995117
2015-02-26,13.121100425720215
2015-02-27,13.279329299926758
2015-03-02,12.911746978759766
2015-03-03,13.009121894836426
2015-03-04,12.975042343139648
2015-03-05,12.66100788116455
2015-03-06,12.60988712310791
2015-03-09,11.967222213745117
2015-03-10,12.244739532470703
2015-03-11,12.678051948547363
2015-03-12,12.539295196533203
2015-03-13,12.196049690246582
2015-03-16,12.746210098266602
2015-03-17,12.950695991516113
2015-03-18,13.36453628540039
2015-03-19,13.30854606628418
2015-03-20,13.415653228759766
2015-03-23,13.461904525756836
2015-03-24,13.63231086730957
2015-03-25,13.461904525756836
2015-03-26,13.057806015014648
2015-03-27,13.13083553314209
2015-03-30,13.415653228759766
2015-03-31,13.644486427307129
2015-04-01,13.62987232208252
2015-04-02,13.67369556427002
2015-04-06,14.119175910949707
2015-04-07,13.895221710205078
2015-04-08,13.995025634765625
2015-04-09,13.73698616027832
2015-04-10,14.143525123596191
2015-04-13,13.973119735717773
2015-04-14,13.846531867980957
2015-04-15,13.931731224060059
2015-04-16,13.705345153808594
2015-04-17,13.649352073669434
2015-04-20,13.571450233459473
2015-04-22,13.827061653137207
2015-04-23,14.065627098083496
2015-04-24,13.746723175048828
2015-04-27,13.342626571655273
2015-04-28,13.084585189819336
2015-04-29,12.992077827453613
2015-04-30,12.934854507446289
2015-05-04,13.049494743347168
2015-05-05,13.025103569030762
2015-05-06,12.703137397766113
2015-05-07,12.983636856079102
2015-05-08,13.225113868713379
2015-05-11,12.925100326538086
2015-05-12,12.527517318725586
2015-05-13,12.878752708435059
2015-05-14,13.20316219329834
2015-05-15,13.147062301635742
2015-05-18,12.705573081970215
2015-05-19,12.827533721923828
2015-05-20,12.57873821258545
2015-05-21,12.768991470336914
2015-05-22,12.561661720275879
2015-05-25,12.551908493041992
2015-05-26,12.19578742980957
2015-05-27,12.532390594482422
2015-05-28,12.278721809387207
2015-05-29,12.19578742980957
2015-06-01,12.010414123535156
2015-06-02,12.051877975463867
2015-06-03,11.829914093017578
2015-06-05,11.764055252075195
2015-06-08,11.781135559082031
2015-06-09,12.000655174255371
2015-06-10,12.122615814208984
2015-06-11,11.700641632080078
2015-06-12,11.466480255126953
2015-06-15,11.417698860168457
2015-06-16,11.786012649536133
2015-06-17,11.464040756225586
2015-06-18,11.910406112670898
2015-06-19,11.585999488830566
2015-06-22,11.68356704711914
2015-06-23,11.951872825622559
2015-06-24,11.661614418029785
2015-06-25,11.786012649536133
2015-06-26,11.793327331542969
2015-06-29,11.610390663146973
2015-06-30,11.707958221435547
2015-07-01,12.195037841796875
2015-07-02,11.778680801391602
2015-07-03,11.726944923400879
2015-07-06,11.556952476501465
2015-07-07,11.751581192016602
2015-07-08,11.443625450134277
2015-07-10,11.800857543945312
2015-07-13,11.707237243652344
2015-07-14,11.628399848937988
2015-07-15,11.633328437805176
2015-07-16,11.699845314025879
2015-07-17,11.70230770111084
2015-07-20,11.495365142822266
2015-07-21,11.650571823120117
2015-07-22,11.251461029052734
2015-07-23,11.039590835571289
2015-07-24,11.049443244934082
2015-07-27,10.98538589477539
2015-07-28,11.08639907836914
2015-07-29,11.221898078918457
2015-07-30,11.103643417358398
2015-07-31,11.579126358032227
2015-08-03,11.443625450134277
2015-08-04,11.074078559875488
2015-08-05,10.982924461364746
2015-08-06,10.83510684967041
2015-08-07,10.679896354675293
2015-08-10,10.916409492492676
2015-08-11,11.16277027130127
2015-08-12,11.012489318847656
2015-08-13,10.719316482543945
2015-08-14,10.88930606842041
2015-08-17,11.002633094787598
2015-08-18,10.76612377166748
2015-08-19,10.840036392211914
2015-08-20,10.714386940002441
2015-08-21,10.485269546508789
2015-08-24,10.396577835083008
2015-08-25,10.322668075561523
2015-08-26,10.534542083740234
2015-08-27,11.147987365722656
2015-08-28,10.655261039733887
2015-08-31,10.91394329071045
2015-09-01,9.980222702026367
2015-09-02,10.029494285583496
2015-09-03,10.221661567687988
2015-09-04,9.842256546020508
2015-09-08,9.985151290893555
2015-09-09,10.108333587646484
2015-09-10,9.903847694396973
2015-09-11,10.307887077331543
2015-09-14,10.588740348815918
2015-09-15,10.480342864990234
2015-09-16,10.684823036193848
2015-09-17,10.448314666748047
2015-09-18,10.362089157104492
2015-09-21,10.160070419311523
2015-09-22,10.431071281433105
2015-09-23,10.28325080871582
2015-09-24,10.137895584106445
2015-09-25,10.184704780578613
2015-09-28,9.997466087341309
2015-09-29,10.290639877319336
2015-09-30,10.44585132598877
2015-10-01,10.362089157104492
2015-10-02,10.748878479003906
2015-10-05,10.74641227722168
2015-10-06,10.761198043823242
2015-10-07,10.68235969543457
2015-10-08,11.207117080688477
2015-10-09,11.19233512878418
2015-10-13,11.059295654296875
2015-10-14,10.8523530960083
2015-10-15,10.74641227722168
2015-10-16,10.894233703613281
2015-10-19,10.93118667602539
2015-10-20,10.642943382263184
2015-10-21,10.716851234436035
2015-10-22,10.945972442626953
2015-10-23,10.950897216796875
2015-10-26,10.832643508911133
2015-10-27,11.037125587463379
2015-10-28,10.975532531738281
2015-10-29,10.2980318069458
2015-10-30,10.36454963684082
2015-11-03,10.758733749389648
2015-11-04,10.8252534866333
2015-11-05,11.221898078918457
2015-11-06,10.88930606842041
2015-11-09,10.741490364074707
2015-11-10,10.86467170715332
2015-11-11,10.99524211883545
2015-11-12,10.997710227966309
2015-11-13,11.106106758117676
2015-11-16,11.012489318847656
2015-11-17,11.29088020324707
2015-11-18,11.325370788574219
2015-11-19,11.219435691833496
2015-11-23,11.187406539916992
2015-11-24,11.106106758117676
2015-11-25,10.953363418579102
2015-11-26,10.990318298339844
2015-11-27,10.936119079589844
2015-11-30,10.495123863220215
2015-12-01,10.709461212158203
2015-12-02,10.812932968139648
2015-12-03,11.34754467010498
2015-12-04,10.86467170715332
2015-12-07,10.497587203979492
2015-12-08,10.172385215759277
2015-12-09,10.768588066101074
2015-12-10,10.660185813903809
2015-12-11,10.576423645019531
2015-12-14,10.290639877319336
2015-12-15,10.507440567016602
2015-12-16,10.630624771118164
2015-12-17,10.566569328308105
2015-12-18,10.100939750671387
2015-12-21,9.874285697937012
2015-12-22,10.034529685974121
2015-12-23,10.195082664489746
2015-12-28,10.064634323120117
2015-12-29,9.72095012664795
2015-12-30,9.532803535461426
2016-01-04,9.429949760437012
2016-01-05,9.582975387573242
2016-01-06,9.582975387573242
2016-01-07,9.332111358642578
2016-01-08,9.394826889038086
2016-01-11,9.643182754516602
2016-01-12,9.582975387573242
2016-01-13,9.663250923156738
2016-01-14,9.723457336425781
2016-01-15,9.746037483215332
2016-01-18,9.708410263061523
2016-01-19,9.756070137023926
2016-01-20,9.73599910736084
2016-01-21,9.728477478027344
2016-01-22,9.83383846282959
2016-01-26,9.816278457641602
2016-01-27,9.783665657043457
2016-01-28,9.8915376663208
2016-01-29,10.385737419128418
2016-02-01,10.64412784576416
2016-02-02,10.518696784973145
2016-02-03,10.701827049255371
2016-02-04,10.832276344299316
2016-02-05,10.91756820678711
2016-02-10,10.912549018859863
2016-02-11,10.679247856140137
2016-02-12,10.68426513671875
2016-02-15,10.859870910644531
2016-02-16,10.769558906555176
2016-02-17,10.774576187133789
2016-02-18,10.777085304260254
2016-02-19,10.792137145996094
2016-02-22,11.208568572998047
2016-02-23,11.238675117492676
2016-02-24,11.110732078552246
2016-02-25,11.251214027404785
2016-02-26,11.414277076721191
2016-02-29,11.793081283569336
2016-03-01,11.998787879943848
2016-03-02,12.099133491516113
2016-03-03,12.630962371826172
2016-03-04,12.794027328491211
2016-03-07,12.773954391479492
2016-03-08,12.743850708007812
2016-03-09,12.841690063476562
2016-03-10,12.95959186553955
2016-03-11,12.85673713684082
2016-03-14,12.693679809570312
2016-03-15,12.377591133117676
2016-03-16,12.31989574432373
2016-03-17,12.919455528259277
2016-03-18,13.090043067932129
2016-03-21,13.054923057556152
2016-03-22,13.358469009399414
2016-03-23,12.949560165405273
2016-03-24,13.120142936706543
2016-03-28,13.40864372253418
2016-03-29,13.684585571289062
2016-03-30,13.707167625427246
2016-03-31,13.732253074645996
2016-04-01,13.752325057983398
2016-04-04,13.451282501220703
2016-04-05,13.348433494567871
2016-04-06,13.142725944519043
2016-04-07,13.29574966430664
2016-04-08,14.045831680297852
2016-04-11,13.744794845581055
2016-04-12,13.7498140335083
2016-04-13,13.799983024597168
2016-04-14,14.1235990524292
2016-04-15,14.15621280670166
2016-04-18,14.314253807067871
2016-04-19,14.542539596557617
2016-04-20,13.912872314453125
2016-04-22,13.835105895996094
2016-04-25,13.877750396728516
2016-04-26,14.068413734436035
2016-04-27,14.625323295593262
2016-04-28,14.6428861618042
2016-04-29,14.788382530212402
2016-05-02,14.841070175170898
2016-05-03,14.602747917175293
2016-05-04,14.800932884216309
2016-05-05,14.361917495727539
2016-05-06,14.111059188842773
2016-05-09,14.23648738861084
2016-05-10,14.800932884216309
2016-05-11,14.81347370147705
2016-05-12,15.099455833435059
2016-05-13,15.074370384216309
2016-05-16,14.926360130310059
2016-05-17,14.550064086914062
2016-05-18,14.271613121032715
2016-05-19,14.299201965332031
2016-05-20,14.299201965332031
2016-05-23,14.251540184020996
2016-05-24,14.146178245544434
2016-05-25,13.862700462341309
2016-05-27,13.672048568725586
2016-05-30,13.752325057983398
2016-05-31,13.709673881530762
2016-06-01,13.651975631713867
2016-06-02,14.299201965332031
2016-06-03,14.299201965332031
2016-06-06,14.575155258178711
2016-06-07,14.266594886779785
2016-06-08,14.607768058776855
2016-06-09,14.68803596496582
2016-06-10,14.289169311523438
2016-06-13,14.349377632141113
2016-06-14,14.326800346374512
2016-06-15,14.567626953125
2016-06-16,14.810964584350586
2016-06-17,14.700582504272461
2016-06-20,14.863645553588867
2016-06-21,14.77082633972168
2016-06-22,14.512436866760254
2016-06-23,14.82099723815918
2016-06-24,14.590208053588867
2016-06-27,14.600238800048828
2016-06-28,14.85110092163086
2016-06-29,15.227398872375488
2016-06-30,15.117018699645996
2016-07-01,15.18907642364502
2016-07-04,15.3762845993042
2016-07-05,15.477478981018066
2016-07-06,15.23461627960205
2016-07-07,15.307977676391602
2016-07-08,15.500242233276367
2016-07-11,15.67480182647705
2016-07-12,15.328216552734375
2016-07-13,15.48759651184082
2016-07-14,15.631795883178711
2016-07-15,15.748169898986816
2016-07-18,15.968266487121582
2016-07-19,15.975852966308594
2016-07-20,16.142820358276367
2016-07-21,16.03909683227539
2016-07-22,16.023914337158203
2016-07-25,15.819002151489258
2016-07-26,15.849355697631836
2016-07-27,15.819002151489258
2016-07-28,15.821531295776367
2016-07-29,15.980904579162598
2016-08-01,16.195947647094727
2016-08-02,15.862005233764648
2016-08-03,15.867069244384766
2016-08-04,16.190887451171875
2016-08-05,16.772747039794922
2016-08-08,16.23389434814453
2016-08-09,16.355323791503906
2016-08-10,16.056806564331055
2016-08-11,16.266782760620117
2016-08-12,16.089696884155273
2016-08-15,16.064395904541016
2016-08-16,15.811412811279297
2016-08-17,15.712747573852539
2016-08-18,15.502776145935059
2016-08-19,15.41928768157959
2016-08-22,15.12330150604248
2016-08-23,15.178953170776367
2016-08-24,15.19666576385498
2016-08-25,15.292797088623047
2016-08-26,15.087881088256836
2016-08-29,14.877908706665039
2016-08-30,14.89561653137207
2016-08-31,14.751418113708496
2016-09-01,15.48253345489502
2016-09-02,16.135225296020508
2016-09-05,16.175704956054688
2016-09-06,16.51976776123047
2016-09-08,16.125110626220703
2016-09-09,15.793704986572266
2016-09-12,15.813943862915039
2016-09-13,15.505304336547852
2016-09-14,15.578669548034668
2016-09-15,15.912607192993164
2016-09-16,15.872126579284668
2016-09-19,15.808879852294922
2016-09-20,15.710221290588379
2016-09-21,15.945493698120117
2016-09-22,15.953080177307129
2016-09-23,15.654560089111328
2016-09-26,15.697568893432617
2016-09-27,16.031509399414062
2016-09-28,16.226303100585938
2016-09-29,16.114994049072266
2016-09-30,15.988496780395508
2016-10-03,16.355323791503906
2016-10-04,16.299667358398438
2016-10-05,16.340145111083984
2016-10-06,16.190887451171875
2016-10-07,16.451459884643555
2016-10-10,16.464107513427734
2016-10-11,16.10487174987793
2016-10-13,16.064395904541016
2016-10-14,16.175704956054688
2016-10-17,16.213647842407227
2016-10-18,16.68926429748535
2016-10-19,16.529878616333008
2016-10-20,16.426158905029297
2016-10-21,16.345205307006836
2016-10-24,16.30472755432129
2016-10-25,15.851890563964844
2016-10-26,15.879722595214844
2016-10-27,15.988496780395508
2016-10-28,15.836710929870605
2016-10-31,16.228837966918945
2016-11-01,15.67480182647705
2016-11-03,15.485063552856445
2016-11-04,15.62420654296875
2016-11-07,15.851890563964844
2016-11-08,15.874659538269043
2016-11-09,15.765873908996582
2016-11-10,15.219433784484863
2016-11-11,14.549030303955078
2016-11-14,14.672989845275879
2016-11-16,14.652750968933105
2016-11-17,14.52879524230957
2016-11-18,14.592033386230469
2016-11-21,14.764062881469727
2016-11-22,14.43771743774414
2016-11-23,14.609745025634766
2016-11-24,14.356761932373047
2016-11-25,14.516142845153809
2016-11-28,14.561676979064941
2016-11-29,14.118959426879883
2016-11-30,14.705880165100098
2016-12-01,14.167024612426758
2016-12-02,13.901396751403809
2016-12-05,14.020292282104492
2016-12-06,14.1923246383667
2016-12-07,14.306171417236328
2016-12-08,14.685640335083008
2016-12-09,14.855142593383789
2016-12-12,14.67805290222168
2016-12-13,14.57180118560791
2016-12-14,14.328934669494629
2016-12-15,14.293513298034668
2016-12-16,14.495903015136719
2016-12-19,14.321348190307617
2016-12-20,14.308695793151855
2016-12-21,14.10630989074707
2016-12-22,14.42253589630127
2016-12-23,14.551558494567871
2016-12-26,14.549030303955078
2016-12-27,14.58444595336914
2016-12-28,14.812126159667969
2016-12-29,15.02210807800293
2017-01-02,14.976571083068848
2017-01-03,15.480001449584961
2017-01-04,15.71528148651123
2017-01-05,15.781054496765137
2017-01-06,15.68239688873291
2017-01-09,15.755753517150879
2017-01-10,15.409172058105469
2017-01-11,15.411700248718262
2017-01-12,16.405920028686523
2017-01-13,16.352794647216797
2017-01-16,16.317378997802734
2017-01-17,16.190887451171875
2017-01-18,16.087167739868164
2017-01-19,15.844300270080566
2017-01-20,16.064395904541016
2017-01-23,16.07957649230957
2017-01-24,16.089696884155273
2017-01-26,16.201005935668945
2017-01-27,16.064395904541016
2017-01-30,15.62420654296875
2017-01-31,15.798758506774902
2017-02-01,15.811412811279297
2017-02-02,15.93790340423584
2017-02-03,16.545063018798828
2017-02-06,16.87141227722168
2017-02-07,16.782859802246094
2017-02-08,17.025726318359375
2017-02-09,16.965009689331055
2017-02-10,17.015607833862305
2017-02-13,17.013078689575195
2017-02-14,16.87394142150879
2017-02-15,16.995376586914062
2017-02-16,16.694324493408203
2017-02-17,16.666494369506836
2017-02-20,16.856229782104492
2017-02-21,17.025726318359375
2017-02-22,16.846111297607422
2017-02-23,16.48181915283203
2017-02-24,16.264249801635742
2017-03-01,16.241485595703125
2017-03-02,16.231361389160156
2017-03-03,16.378097534179688
2017-03-06,16.51470375061035
2017-03-07,16.494468688964844
2017-03-08,16.279434204101562
2017-03-09,16.3629150390625
2017-03-10,16.51723289489746
2017-03-13,16.87394142150879
2017-03-14,16.681671142578125
2017-03-15,16.94477081298828
2017-03-16,16.82334327697754
2017-03-17,16.598190307617188
2017-03-20,16.74744987487793
2017-03-21,16.620956420898438
2017-03-22,16.474225997924805
2017-03-23,16.3629150390625
2017-03-24,16.504587173461914
2017-03-27,16.585538864135742
2017-03-28,16.760093688964844
2017-03-29,16.83346176147461
2017-03-30,16.86635398864746
2017-03-31,16.772747039794922
2017-04-03,16.916950225830078
2017-04-04,17.025726318359375
2017-04-05,17.20281982421875
2017-04-06,16.92453384399414
2017-04-07,16.947301864624023
2017-04-10,16.919477462768555
2017-04-11,16.937183380126953
2017-04-12,16.949832916259766
2017-04-13,16.679134368896484
2017-04-17,16.987781524658203
2017-04-18,17.111740112304688
2017-04-19,16.73985481262207
2017-04-20,16.94477081298828
2017-04-24,16.977663040161133
2017-04-25,17.215469360351562
2017-04-26,16.959957122802734
2017-04-27,16.89923667907715
2017-04-28,17.12691879272461
2017-05-02,17.253416061401367
2017-05-03,17.26859474182129
2017-05-04,17.316659927368164
2017-05-05,17.382434844970703
2017-05-08,17.465919494628906
2017-05-09,17.402673721313477
2017-05-10,17.660715103149414
2017-05-11,17.961767196655273
2017-05-12,17.997182846069336
2017-05-15,17.966819763183594
2017-05-16,18.412078857421875
2017-05-17,18.088254928588867
2017-05-18,15.836710929870605
2017-05-19,16.173179626464844
2017-05-22,15.305442810058594
2017-05-23,16.013797760009766
2017-05-24,16.494468688964844
2017-05-25,16.266782760620117
2017-05-26,16.4185733795166
2017-05-29,16.4185733795166
2017-05-30,16.383155822753906
2017-05-31,16.216184616088867
2017-06-01,16.165590286254883
2017-06-02,16.213647842407227
2017-06-05,16.155467987060547
2017-06-06,16.413515090942383
2017-06-07,16.653841018676758
2017-06-08,16.534942626953125
2017-06-09,16.722148895263672
2017-06-12,16.431217193603516
2017-06-13,16.62601661682129
2017-06-14,16.70697021484375
2017-06-15,16.70697021484375
2017-06-16,16.830934524536133
2017-06-19,16.97513198852539
2017-06-20,16.772747039794922
2017-06-21,16.48181915283203
2017-06-22,16.580480575561523
2017-06-23,16.557710647583008
2017-06-26,16.658903121948242
2017-06-27,16.684940338134766
2017-06-28,16.65943145751953
2017-06-29,16.516565322875977
2017-06-30,16.66452980041504
2017-07-03,16.73086929321289
2017-07-04,16.832914352416992
2017-07-05,16.838010787963867
2017-07-06,16.4808406829834
2017-07-07,16.455333709716797
2017-07-10,16.838010787963867
2017-07-11,16.85842514038086
2017-07-12,17.236005783081055
2017-07-13,17.702877044677734
2017-07-14,17.77941131591797
2017-07-17,17.65185546875
2017-07-18,17.667158126831055
2017-07-19,17.44264793395996
2017-07-20,17.531946182250977
2017-07-21,17.669708251953125
2017-07-24,17.986059188842773
2017-07-25,17.863601684570312
2017-07-26,17.715635299682617
2017-07-27,17.884016036987305
2017-07-28,18.705501556396484
2017-07-31,18.33812713623047
2017-08-01,18.39680290222168
2017-08-02,18.876434326171875
2017-08-03,18.623863220214844
2017-08-04,18.317712783813477
2017-08-07,18.598356246948242
2017-08-08,18.47589111328125
2017-08-09,18.445280075073242
2017-08-10,18.299854278564453
2017-08-11,18.616207122802734
2017-08-14,18.56774139404297
2017-08-15,18.623863220214844
2017-08-16,18.253938674926758
2017-08-17,18.1085147857666
2017-08-18,18.27434539794922
2017-08-21,18.399356842041016
2017-08-22,18.394258499145508
2017-08-23,18.24118423461914
2017-08-24,18.225875854492188
2017-08-25,18.840717315673828
2017-08-28,18.75142478942871
2017-08-29,18.843271255493164
2017-08-30,18.75142478942871
2017-08-31,18.646827697753906
2017-09-01,18.44017219543457
2017-09-04,18.447830200195312
2017-09-05,18.506511688232422
2017-09-06,19.08563232421875
2017-09-07,19.08563232421875
2017-09-08,19.21574592590332
2017-09-11,19.21574592590332
2017-09-12,19.26167106628418
2017-09-13,19.274417877197266
2017-09-14,19.42239761352539
2017-09-15,20.187763214111328
2017-09-18,19.71068572998047
2017-09-19,19.728540420532227
2017-09-20,19.26677131652832
2017-09-21,19.185134887695312
2017-09-22,19.121347427368164
2017-09-25,18.776939392089844
2017-09-26,18.70805549621582
2017-09-27,18.65827751159668
2017-09-28,18.47633171081543
2017-09-29,18.791528701782227
2017-10-02,18.730030059814453
2017-10-03,18.8607234954834
2017-10-04,19.14260482788086
2017-10-05,19.2502384185791
2017-10-06,18.9017276763916
2017-10-09,18.947851181030273
2017-10-10,19.193857192993164
2017-10-11,19.183610916137695
2017-10-12,19.183610916137695
2017-10-13,19.229734420776367
2017-10-16,19.127227783203125
2017-10-17,19.024728775024414
2017-10-18,19.52955436706543
2017-10-19,19.270736694335938
2017-10-20,19.170791625976562
2017-10-23,18.85816192626953
2017-10-24,18.835092544555664
2017-10-25,18.914535522460938
2017-10-26,18.706966400146484
2017-10-27,18.8735294342041
2017-10-30,18.507083892822266
2017-10-31,18.32257652282715
2017-11-01,18.38663673400879
2017-11-02,18.38663673400879
2017-11-03,18.37126350402832
2017-11-06,18.194446563720703
2017-11-07,17.91512680053711
2017-11-08,18.504518508911133
2017-11-09,18.1816349029541
2017-11-10,17.986879348754883
2017-11-13,17.597360610961914
2017-11-14,17.681921005249023
2017-11-15,17.681921005249023
2017-11-16,18.21238136291504
2017-11-17,18.448143005371094
2017-11-20,18.448143005371094
2017-11-21,18.599336624145508
2017-11-22,18.30976104736328
2017-11-23,18.489147186279297
2017-11-24,18.455833435058594
2017-11-27,18.432762145996094
2017-11-28,18.18931770324707
2017-11-29,17.943313598632812
2017-11-30,17.82030487060547
2017-12-01,17.766494750976562
2017-12-04,17.91255760192871
2017-12-05,17.986879348754883
2017-12-06,18.017621994018555
2017-12-07,17.763931274414062
2017-12-08,17.763931274414062
2017-12-11,17.653738021850586
2017-12-12,17.63067626953125
2017-12-13,17.540983200073242
2017-12-14,17.425670623779297
2017-12-15,17.579421997070312
2017-12-18,17.679365158081055
2017-12-19,17.704988479614258
2017-12-20,17.702423095703125
2017-12-21,18.079124450683594
2017-12-22,18.04068374633789
2017-12-25,18.04068374633789
2017-12-26,17.93305778503418
2017-12-27,18.007375717163086
2017-12-28,18.253559112548828
2017-12-29,18.253559112548828
2018-01-02,18.60112762451172
2018-01-03,18.675792694091797
2018-01-04,18.65519142150879
2018-01-05,18.791645050048828
2018-01-08,18.557361602783203
2018-01-09,18.61142349243164
2018-01-10,18.51358985900879
2018-01-11,18.745302200317383
2018-01-12,18.660341262817383
2018-01-15,18.922943115234375
2018-01-16,18.35654067993164
2018-01-17,18.35654067993164
2018-01-18,18.907499313354492
2018-01-19,18.791645050048828
2018-01-22,18.75302505493164
2018-01-23,18.41061019897461
2018-01-24,18.691234588623047
2018-01-25,18.691234588623047
2018-01-26,19.110883712768555
2018-01-29,18.79421615600586
2018-01-30,18.693809509277344
2018-01-31,18.675792694091797
2018-02-01,19.03107452392578
2018-02-02,18.984737396240234
2018-02-05,18.523889541625977
2018-02-06,18.099088668823242
2018-02-07,18.021848678588867
2018-02-08,17.640817642211914
2018-02-09,17.440006256103516
2018-02-14,17.94204330444336
2018-02-15,17.751523971557617
2018-02-16,17.597047805786133
2018-02-19,17.6253719329834
2018-02-20,17.797868728637695
2018-02-21,17.85708236694336
2018-02-22,17.931745529174805
2018-02-23,18.433778762817383
2018-02-26,18.459524154663086
2018-02-27,18.238113403320312
2018-02-28,18.07334327697754
2018-03-01,17.828758239746094
2018-03-02,18.057893753051758
2018-03-05,18.099088668823242
2018-03-06,17.68716049194336
2018-03-07,17.684581756591797
2018-03-08,17.671714782714844
2018-03-09,17.867380142211914
2018-03-12,17.84163475036621
2018-03-13,17.772117614746094
2018-03-14,17.63566780090332
2018-03-15,17.32415008544922
2018-03-16,17.06669807434082
2018-03-19,17.249488830566406
2018-03-20,17.159378051757812
2018-03-21,17.07956314086914
2018-03-22,17.530109405517578
2018-03-23,17.4245548248291
2018-03-26,17.252063751220703
2018-03-27,17.43743133544922
2018-03-28,17.378215789794922
2018-03-29,17.682008743286133
2018-04-02,17.58932876586914
2018-04-03,17.352462768554688
2018-04-04,17.138778686523438
2018-04-05,17.23918914794922
2018-04-06,17.095012664794922
2018-04-09,16.68050765991211
2018-04-10,17.08728790283203
2018-04-11,16.755172729492188
2018-04-12,16.598127365112305
2018-04-13,16.580102920532227
2018-04-16,16.3483943939209
2018-04-17,16.580102920532227
2018-04-18,16.86330223083496
2018-04-19,16.78606414794922
2018-04-20,16.690813064575195
2018-04-23,16.793792724609375
2018-04-24,16.706254959106445
2018-04-25,16.67021369934082
2018-04-26,17.275232315063477
2018-04-27,17.249488830566406
2018-04-30,17.125913619995117
2018-05-02,16.554359436035156
2018-05-03,16.271156311035156
2018-05-04,16.116683959960938
2018-05-07,15.977662086486816
2018-05-08,15.756247520446777
2018-05-09,15.88497543334961
2018-05-10,16.469398498535156
2018-05-11,16.044601440429688
2018-05-14,15.704755783081055
2018-05-15,15.702179908752441
2018-05-16,15.722777366638184
2018-05-17,15.210440635681152
2018-05-18,15.156375885009766
2018-05-21,15.192419052124023
2018-05-22,15.676432609558105
2018-05-23,15.254212379455566
2018-05-24,15.537412643432617
2018-05-25,15.475619316101074
2018-05-28,14.875753402709961
2018-05-29,14.80366325378418
2018-05-30,15.104887008666992
2018-06-01,15.2258939743042
2018-06-04,15.483348846435547
2018-06-05,14.80366325378418
2018-06-06,14.314497947692871
2018-06-07,13.920594215393066
2018-06-08,14.27587890625
2018-06-11,13.964359283447266
2018-06-12,14.002976417541504
2018-06-13,13.840781211853027
2018-06-14,13.547283172607422
2018-06-15,13.511238098144531
2018-06-18,13.349044799804688
2018-06-19,13.753247261047363
2018-06-20,13.851078033447266
2018-06-21,13.629669189453125
2018-06-22,13.840781211853027
2018-06-25,13.995256423950195
2018-06-26,14.680087089538574
2018-06-27,14.298898696899414
2018-06-28,14.363895416259766
2018-06-29,14.81885814666748
2018-07-02,14.379494667053223
2018-07-03,14.467887878417969
2018-07-04,14.8006591796875
2018-07-05,14.730463981628418
2018-07-06,14.558876991271973
2018-07-10,14.428889274597168
2018-07-11,14.436685562133789
2018-07-12,14.738265037536621
2018-07-13,15.372615814208984
2018-07-16,15.01904296875
2018-07-17,15.284228324890137
2018-07-18,15.097038269042969
2018-07-19,15.08923625946045
2018-07-20,15.466211318969727
2018-07-23,15.403816223144531
2018-07-24,15.684591293334961
2018-07-25,15.668993949890137
2018-07-26,15.520805358886719
2018-07-27,15.598798751831055
2018-07-30,15.65339469909668
2018-07-31,15.66119384765625
2018-08-01,15.832778930664062
2018-08-02,15.684591293334961
2018-08-03,15.81718635559082
2018-08-06,15.723589897155762
2018-08-07,15.294622421264648
2018-08-08,14.998245239257812
2018-08-09,15.01384162902832
2018-08-10,14.460086822509766
2018-08-13,14.694069862365723
2018-08-14,15.01384162902832
2018-08-15,14.756463050842285
2018-08-16,14.787659645080566
2018-08-17,14.553679466247559
2018-08-20,14.647273063659668
2018-08-21,14.2806978225708
2018-08-22,14.592677116394043
2018-08-23,14.2806978225708
2018-08-24,14.421087265014648
2018-08-27,14.904647827148438
2018-08-28,14.764262199401855
2018-08-29,14.935850143432617
2018-08-30,14.764262199401855
2018-08-31,14.530282020568848
2018-09-03,14.475683212280273
2018-09-04,14.374293327331543
2018-09-05,14.506881713867188
2018-09-06,14.475683212280273
2018-09-10,14.428889274597168
2018-09-11,14.187108993530273
2018-09-12,14.109112739562988
2018-09-13,14.007720947265625
2018-09-14,13.984322547912598
2018-09-17,14.389894485473633
2018-09-18,14.49128246307373
2018-09-19,14.460086822509766
2018-09-20,14.413290977478027
2018-09-21,14.748665809631348
2018-09-24,14.413290977478027
2018-09-25,14.265100479125977
2018-09-26,14.257306098937988
2018-09-27,14.661630630493164
2018-09-28,14.700915336608887
2018-10-01,14.44162368774414
2018-10-02,15.16448974609375
2018-10-03,15.518067359924316
2018-10-04,15.525923728942871
2018-10-05,15.557354927062988
2018-10-08,16.63379669189453
2018-10-09,16.979516983032227
2018-10-10,16.421649932861328
2018-10-11,16.225217819213867
2018-10-15,15.98164176940918
2018-10-16,16.830224990844727
2018-10-17,17.152374267578125
2018-10-18,17.128803253173828
2018-10-19,17.050230026245117
2018-10-22,17.388093948364258
2018-10-23,17.28594398498535
2018-10-24,16.89308738708496
2018-10-25,16.81451416015625
2018-10-26,17.28594398498535
2018-10-29,17.089515686035156
2018-10-30,18.205245971679688
2018-10-31,18.071670532226562
2018-11-01,18.28382110595703
2018-11-05,18.032390594482422
2018-11-06,17.647380828857422
2018-11-07,17.51380729675293
2018-11-08,17.325233459472656
2018-11-09,17.647380828857422
2018-11-12,17.364521026611328
2018-11-13,17.41952133178711
2018-11-14,17.71809959411621
2018-11-16,18.142393112182617
2018-11-19,17.733810424804688
2018-11-21,17.977386474609375
2018-11-22,18.110958099365234
2018-11-23,18.118816375732422
2018-11-26,18.032390594482422
2018-11-27,18.25239372253418
2018-11-28,18.26810073852539
2018-11-29,18.464540481567383
2018-11-30,18.23668098449707
2018-12-03,17.969528198242188
2018-12-04,17.86738395690918
2018-12-05,18.12667465209961
2018-12-06,18.260251998901367
2018-12-07,18.228818893432617
2018-12-10,18.008817672729492
2018-12-11,18.118816375732422
2018-12-12,18.64525604248047
2018-12-13,18.69239616394043
2018-12-14,18.464540481567383
2018-12-17,18.071670532226562
2018-12-18,18.079532623291016
2018-12-19,18.425254821777344
2018-12-20,18.37810707092285
2018-12-21,18.032390594482422
2018-12-26,17.977386474609375
2018-12-27,18.48811149597168
2018-12-28,19.10097312927246
2019-01-02,19.675580978393555
2019-01-03,19.817699432373047
2019-01-04,19.41503143310547
2019-01-07,19.13868522644043
2019-01-08,19.004467010498047
2019-01-09,19.241331100463867
2019-01-10,19.083417892456055
2019-01-11,18.70443344116211
2019-01-14,18.72022247314453
2019-01-15,19.067623138427734
2019-01-16,19.10710906982422
2019-01-17,19.225536346435547
2019-01-18,19.170272827148438
2019-01-21,19.154481887817383
2019-01-22,19.29659652709961
2019-01-23,19.7071590423584
2019-01-24,19.817699432373047
2019-01-28,19.786123275756836
2019-01-29,20.015092849731445
2019-01-30,20.29143524169922
2019-01-31,20.551982879638672
2019-02-01,20.623046875
2019-02-04,21.041507720947266
2019-02-05,20.80463981628418
2019-02-06,20.17300033569336
2019-02-07,20.038772583007812
2019-02-08,20.007190704345703
2019-02-11,19.872968673706055
2019-02-12,19.825599670410156
2019-02-13,19.975608825683594
2019-02-14,20.315113067626953
2019-02-15,20.109832763671875
2019-02-18,20.054567337036133
2019-02-19,20.236160278320312
2019-02-20,19.754535675048828
2019-02-21,19.620315551757812
2019-02-22,20.094045639038086
2019-02-25,20.015092849731445
2019-02-26,19.936132431030273
2019-02-27,19.999298095703125
2019-02-28,19.872968673706055
2019-03-01,19.454504013061523
2019-03-06,19.114999771118164
2019-03-07,18.72022247314453
2019-03-08,19.209749221801758
2019-03-11,19.643999099731445
2019-03-12,19.50187873840332
2019-03-13,19.557153701782227
2019-03-14,19.265018463134766
2019-03-15,19.462404251098633
2019-03-18,19.35976219177246
2019-03-19,19.122896194458008
2019-03-20,19.130788803100586
2019-03-21,18.941301345825195
2019-03-22,18.562318801879883
2019-03-25,18.79918098449707
2019-03-26,18.593894958496094
2019-03-27,17.962263107299805
2019-03-28,18.586009979248047
2019-03-29,18.467567443847656
2019-04-01,18.325454711914062
2019-04-02,18.4517822265625
2019-04-03,18.42019271850586
2019-04-04,18.68074607849121
2019-04-05,18.814977645874023
2019-04-08,18.41230583190918
2019-04-09,18.057004928588867
2019-04-10,18.159643173217773
2019-04-11,17.6859188079834
2019-04-12,17.21218490600586
2019-04-15,17.40957260131836
2019-04-16,17.559587478637695
2019-04-17,17.606956481933594
2019-04-18,18.238603591918945
2019-04-22,18.443880081176758
2019-04-23,18.483362197875977
2019-04-24,18.546525955200195
2019-04-25,18.775497436523438
2019-04-26,19.05973243713379
2019-04-29,19.067623138427734
2019-04-30,18.917612075805664
2019-05-02,18.404409408569336
2019-05-03,19.083417892456055
2019-05-06,19.01236343383789
2019-05-07,18.775497436523438
2019-05-08,19.186065673828125
2019-05-09,19.114999771118164
2019-05-10,18.886032104492188
2019-05-13,18.309659957885742
2019-05-14,18.151752471923828
2019-05-15,17.891199111938477
2019-05-16,17.520109176635742
2019-05-17,17.030590057373047
2019-05-20,18.12017250061035
2019-05-21,18.396509170532227
2019-05-22,18.06490135192871
2019-05-23,18.183332443237305
2019-05-24,17.97015380859375
2019-05-27,18.28597640991211
2019-05-28,18.53863525390625
2019-05-29,18.8228702545166
2019-05-30,19.35186767578125
2019-05-31,19.612417221069336
2019-06-03,19.549253463745117
2019-06-04,19.88875961303711
2019-06-05,19.620315551757812
2019-06-06,19.90454864501953
2019-06-07,20.60725212097168
2019-06-10,20.63883399963379
2019-06-11,20.528287887573242
2019-06-12,20.670413970947266
2019-06-13,21.317846298217773
2019-06-14,21.47575569152832
2019-06-17,20.946758270263672
2019-06-18,21.365219116210938
2019-06-19,21.665250778198242
2019-06-21,22.099496841430664
2019-06-24,22.075807571411133
2019-06-25,21.625768661499023
2019-06-26,21.649459838867188
2019-06-27,21.483652114868164
2019-06-28,22.06760025024414
2019-07-01,21.53499412536621
2019-07-02,21.67013168334961
2019-07-03,22.131196975708008
2019-07-04,22.274288177490234
2019-07-05,22.417383193969727
2019-07-08,22.751251220703125
2019-07-10,23.48259925842285
2019-07-11,23.045381546020508
2019-07-12,22.552520751953125
2019-07-15,22.226591110229492
2019-07-16,22.25838851928711
2019-07-17,22.957935333251953
2019-07-18,22.552520751953125
2019-07-19,22.314035415649414
2019-07-22,22.401477813720703
2019-07-23,22.019908905029297
2019-07-24,21.980159759521484
2019-07-25,21.70193099975586
2019-07-26,21.940410614013672
2019-07-29,22.393529891967773
2019-07-30,22.735355377197266
2019-07-31,22.568418502807617
2019-08-01,22.473024368286133
2019-08-02,22.58431625366211
2019-08-05,21.860916137695312
2019-08-06,22.139150619506836
2019-08-07,22.488922119140625
2019-08-08,22.34583282470703
2019-08-09,22.25838851928711
2019-08-12,22.218647003173828
2019-08-13,22.441225051879883
2019-08-14,21.8847713470459
2019-08-15,21.415746688842773
2019-08-16,21.38395118713379
2019-08-19,21.46344757080078
2019-08-20,21.105722427368164
2019-08-21,21.296504974365234
2019-08-22,20.914934158325195
2019-08-23,20.509510040283203
2019-08-26,20.326683044433594
2019-08-27,20.53335952758789
2019-08-28,20.78774642944336
2019-08-29,20.87519073486328
2019-08-30,20.660554885864258
2019-09-02,20.82749366760254
2019-09-03,20.700302124023438
2019-09-04,20.906984329223633
2019-09-05,21.121623992919922
2019-09-06,20.906984329223633
2019-09-09,20.302831649780273
2019-09-10,20.724151611328125
2019-09-11,21.50319480895996
2019-09-12,21.352157592773438
2019-09-13,20.62875747680664
2019-09-16,20.93083381652832
2019-09-17,21.431644439697266
2019-09-18,21.630382537841797
2019-09-19,22.393529891967773
2019-09-20,22.814847946166992
2019-09-23,22.814847946166992
2019-09-24,22.71150779724121
2019-09-25,22.6002140045166
2019-09-26,22.814847946166992
2019-09-27,22.719453811645508
2019-09-30,22.934091567993164
2019-10-01,22.354398727416992
2019-10-02,21.779367446899414
2019-10-03,21.963056564331055
2019-10-04,22.378360748291016
2019-10-07,21.611650466918945
2019-10-08,21.603666305541992
2019-10-09,21.987016677856445
2019-10-10,21.963056564331055
2019-10-11,22.322458267211914
2019-10-14,22.67386817932129
2019-10-15,23.025272369384766
2019-10-16,23.512453079223633
2019-10-17,23.312786102294922
2019-10-18,23.40064239501953
2019-10-21,23.320783615112305
2019-10-22,23.10513687133789
2019-10-23,22.905481338500977
2019-10-24,22.865537643432617
2019-10-25,22.80963706970215
2019-10-28,23.0811767578125
2019-10-29,22.50614356994629
2019-10-30,23.34473991394043
2019-10-31,23.328765869140625
2019-11-01,23.192991256713867
2019-11-04,23.41661262512207
2019-11-05,22.793664932250977
2019-11-06,23.3048038482666
2019-11-07,23.536415100097656
2019-11-08,22.96936798095703
2019-11-11,23.256885528564453
2019-11-12,22.993331909179688
2019-11-13,22.817623138427734
2019-11-14,23.448562622070312
2019-11-18,23.408628463745117
2019-11-19,22.929431915283203
2019-11-21,23.60030746459961
2019-11-22,23.560373306274414
2019-11-25,23.352724075317383
2019-11-26,22.761720657348633
2019-11-27,22.761720657348633
2019-11-28,23.192991256713867
2019-11-29,23.097152709960938
2019-12-02,23.43259048461914
2019-12-03,23.336748123168945
2019-12-04,23.783998489379883
2019-12-05,24.127418518066406
2019-12-06,24.382993698120117
2019-12-09,24.35103988647461
2019-12-10,24.398958206176758
2019-12-11,24.3190975189209
2019-12-12,24.5986270904541
2019-12-13,24.638561248779297
2019-12-16,24.822250366210938
2019-12-17,24.542722702026367
2019-12-18,24.838226318359375
2019-12-19,25.285476684570312
2019-12-20,25.56500244140625
2019-12-23,25.692787170410156
2019-12-26,26.571306228637695
2019-12-27,26.387622833251953
2019-12-30,26.43553924560547
2020-01-02,26.917640686035156
2020-01-03,26.917640686035156
2020-01-06,26.869497299194336
2020-01-07,26.941715240478516
2020-01-08,27.046009063720703
2020-01-09,26.877519607543945
2020-01-10,26.596712112426758
2020-01-13,26.877519607543945
2020-01-14,27.278676986694336
2020-01-15,27.254610061645508
2020-01-16,27.399028778076172
2020-01-17,27.72797393798828
2020-01-20,27.663793563842773
2020-01-21,27.47925567626953
2020-01-22,27.864368438720703
2020-01-23,28.498201370239258
2020-01-24,28.185293197631836
2020-01-27,27.34286880493164
2020-01-28,27.800182342529297
2020-01-29,28.105056762695312
2020-01-30,28.089014053344727
2020-01-31,27.824249267578125
2020-02-03,28.25750160217285
2020-02-04,28.22540855407715
2020-02-05,27.89645767211914
2020-02-06,27.1021671295166
2020-02-07,26.668922424316406
2020-02-10,26.235668182373047
2020-02-11,27.005891799926758
2020-02-12,27.278676986694336
2020-02-13,26.82938003540039
2020-02-14,26.90961456298828
2020-02-17,26.63682746887207
2020-02-18,27.134265899658203
2020-02-19,27.33484649658203
2020-02-20,26.95775032043457
2020-02-21,27.11821746826172
2020-02-26,25.080337524414062
2020-02-27,24.623022079467773
2020-02-28,24.48662757873535
2020-03-02,25.41731071472168
2020-03-03,25.04824447631836
2020-03-04,25.866609573364258
2020-03-05,24.24593162536621
2020-03-06,23.636171340942383
2020-03-09,21.57422637939453
2020-03-10,22.488862991333008
2020-03-11,20.836097717285156
2020-03-12,18.00392723083496
2020-03-13,19.135194778442383
2020-03-16,14.850831985473633
2020-03-17,15.645124435424805
2020-03-18,13.799802780151367
2020-03-19,16.030237197875977
2020-03-20,15.268037796020508
2020-03-23,14.0485200881958
2020-03-24,16.47953224182129
2020-03-25,18.525432586669922
2020-03-26,19.103099822998047
2020-03-27,17.097314834594727
2020-03-30,16.80848503112793
2020-03-31,15.308154106140137
2020-04-01,14.866884231567383
2020-04-02,14.939091682434082
2020-04-03,14.553976058959961
2020-04-06,15.789543151855469
2020-04-07,16.142560958862305
2020-04-08,16.18267822265625
2020-04-09,15.693263053894043
2020-04-13,15.80558967590332
2020-04-14,15.725356101989746
2020-04-15,15.276060104370117
2020-04-16,15.083505630493164
2020-04-17,16.80848503112793
2020-04-20,17.329984664916992
2020-04-22,18.61368751525879
2020-04-23,18.437175750732422
2020-04-24,16.511621475219727
2020-04-27,16.896732330322266
2020-04-28,17.458358764648438
2020-04-29,17.94776725769043
2020-04-30,16.76034164428711
2020-05-04,16.030237197875977
2020-05-05,15.797565460205078
2020-05-06,15.484663963317871
2020-05-07,14.794671058654785
2020-05-08,15.115596771240234
2020-05-11,14.746533393859863
2020-05-12,14.43363094329834
2020-05-13,14.602119445800781
2020-05-14,14.979202270507812
2020-05-15,14.52188777923584
2020-05-18,15.556868553161621
2020-05-19,15.781521797180176
2020-05-20,16.543716430664062
2020-05-21,17.410215377807617
2020-05-22,17.001035690307617
2020-05-25,18.16438865661621
2020-05-26,17.47439956665039
2020-05-27,18.08416175842285
2020-05-28,17.089290618896484
2020-05-29,16.59988021850586
2020-06-01,17.875560760498047
2020-06-02,18.220552444458008
2020-06-03,18.902517318725586
2020-06-04,18.44520378112793
2020-06-05,18.525432586669922
2020-06-08,18.332881927490234
2020-06-09,19.199378967285156
2020-06-10,18.212526321411133
2020-06-12,17.650911331176758
2020-06-15,17.394168853759766
2020-06-16,17.18557357788086
2020-06-17,18.12427520751953
2020-06-18,17.498470306396484
2020-06-19,17.674976348876953
2020-06-22,17.650911331176758
2020-06-23,17.57870101928711
2020-06-24,17.16952133178711
2020-06-25,17.089290618896484
2020-06-26,16.230812072753906
2020-06-29,16.623947143554688
2020-06-30,16.447437286376953
2020-07-01,16.80848503112793
2020-07-02,16.64801788330078
2020-07-03,17.129404067993164
2020-07-06,18.29276466369629
2020-07-07,17.971837997436523
2020-07-08,18.332881927490234
2020-07-09,18.750078201293945
2020-07-10,18.774150848388672
2020-07-13,18.3890380859375
2020-07-14,18.348920822143555
2020-07-15,18.252647399902344
2020-07-16,18.076139450073242
2020-07-17,18.26869010925293
2020-07-20,18.60566520690918
2020-07-21,18.477294921875
2020-07-22,17.787303924560547
2020-07-23,17.498470306396484
2020-07-24,17.14545440673828
2020-07-27,17.05719757080078
2020-07-28,17.321958541870117
2020-07-29,17.570676803588867
2020-07-30,17.329984664916992
2020-07-31,16.960927963256836
2020-08-03,16.511621475219727
2020-08-04,16.286975860595703
2020-08-05,17.594743728637695
2020-08-06,18.942638397216797
2020-08-07,18.29276466369629
2020-08-10,18.276714324951172
2020-08-11,19.006818771362305
2020-08-12,18.790197372436523
2020-08-13,17.674976348876953
2020-08-14,18.188457489013672
2020-08-17,17.530563354492188
2020-08-18,17.522537231445312
2020-08-19,17.297889709472656
2020-08-20,17.971837997436523
2020-08-21,17.77125358581543
2020-08-24,17.723119735717773
2020-08-25,17.354053497314453
2020-08-26,17.257776260375977
2020-08-27,17.249752044677734
2020-08-28,17.338008880615234
2020-08-31,16.704181671142578
2020-09-01,17.70707130432129
2020-09-02,17.61079978942871
2020-09-03,17.38614845275879
2020-09-04,17.851486206054688
2020-09-08,18.573572158813477
2020-09-09,18.29276466369629
2020-09-10,17.907651901245117
2020-09-11,17.46637725830078
2020-09-14,18.212526321411133
2020-09-15,18.12427520751953
2020-09-16,18.549503326416016
2020-09-17,18.38101577758789
2020-09-18,17.70707130432129
2020-09-21,17.201614379882812
2020-09-22,17.137428283691406
2020-09-23,16.696155548095703
2020-09-24,16.639997482299805
2020-09-25,16.142560958862305
2020-09-28,15.580944061279297
2020-09-29,15.412455558776855
2020-09-30,15.588964462280273
2020-10-01,16.48755645751953
2020-10-02,16.254880905151367
2020-10-05,16.591856002807617
2020-10-06,16.968942642211914
2020-10-07,17.329984664916992
2020-10-08,17.321958541870117
2020-10-09,17.137428283691406
2020-10-13,16.968942642211914
2020-10-14,16.984989166259766
2020-10-15,17.00905990600586
2020-10-16,16.768362045288086
2020-10-19,16.896732330322266
2020-10-20,16.993013381958008
2020-10-21,17.626840591430664
2020-10-22,17.321958541870117
2020-10-23,17.0170841217041
2020-10-26,16.286975860595703
2020-10-27,16.118488311767578
2020-10-28,15.260015487670898
2020-10-29,15.324200630187988
2020-10-30,15.219900131225586
2020-11-03,14.963159561157227
2020-11-04,15.556868553161621
2020-11-05,16.615922927856445
2020-11-06,17.249752044677734
2020-11-09,19.67274284362793
2020-11-10,19.287630081176758
2020-11-11,18.958681106567383
2020-11-12,18.44520378112793
2020-11-13,18.011951446533203
2020-11-16,18.228574752807617
2020-11-17,18.525432586669922
2020-11-18,17.747190475463867
2020-11-19,17.650911331176758
2020-11-23,17.594743728637695
2020-11-24,18.854381561279297
2020-11-25,19.046934127807617
2020-11-26,18.806241989135742
2020-11-27,18.854381561279297
2020-11-30,18.188457489013672
2020-12-01,19.287630081176758
2020-12-02,19.576467514038086
2020-12-03,20.178197860717773
2020-12-04,19.86529541015625
2020-12-07,19.97762107849121
2020-12-08,19.648672103881836
2020-12-09,19.929485321044922
2020-12-10,20.820051193237305
2020-12-11,20.073898315429688
2020-12-14,20.105995178222656
2020-12-15,20.105995178222656
2020-12-16,20.298545837402344
2020-12-17,19.985645294189453
2020-12-18,19.552396774291992
2020-12-21,19.095073699951172
2020-12-22,18.645776748657227
2020-12-23,19.046934127807617
2020-12-28,19.464141845703125
2020-12-29,19.100269317626953
2020-12-30,19.2392635345459
2021-01-04,18.437969207763672
2021-01-05,18.46249771118164
2021-01-06,17.67755889892578
2021-01-07,17.661209106445312
2021-01-08,18.298967361450195
2021-01-11,17.51403045654297
2021-01-12,17.693910598754883
2021-01-13,17.563085556030273
2021-01-14,17.939205169677734
2021-01-15,17.456790924072266
2021-01-18,17.51403045654297
2021-01-19,17.325965881347656
2021-01-20,17.137910842895508
2021-01-21,16.83538055419922
2021-01-22,16.663673400878906
2021-01-26,16.769968032836914
2021-01-27,16.70455551147461
2021-01-28,17.82473373413086
2021-01-29,17.334144592285156
2021-02-01,17.424089431762695
2021-02-02,17.415910720825195
2021-02-03,18.397090911865234
2021-02-04,18.09455680847168
2021-02-05,17.857439041137695
2021-02-08,17.661209106445312
2021-02-09,17.48131561279297
2021-02-10,17.375028610229492
2021-02-11,17.456790924072266
2021-02-12,17.489500045776367
2021-02-17,17.227853775024414
2021-02-18,17.113378524780273
2021-02-19,16.900793075561523
2021-02-22,16.467437744140625
2021-02-23,16.434738159179688
2021-02-24,16.246675491333008
2021-02-25,16.418380737304688
2021-02-26,16.09132194519043
2021-03-01,15.84602165222168
2021-03-02,16.18126106262207
2021-03-03,16.23031997680664
2021-03-04,16.69637680053711
2021-03-05,17.48131561279297
2021-03-08,16.761791229248047
2021-03-09,16.769968032836914
2021-03-10,17.047969818115234
2021-03-11,18.258089065551758
2021-03-12,18.977619171142578
2021-03-15,19.312856674194336
2021-03-16,18.536087036132812
2021-03-17,18.765029907226562
2021-03-18,18.233556747436523
2021-03-19,19.141149520874023
2021-03-22,19.075733184814453
2021-03-23,19.2474422454834
2021-03-24,19.075733184814453
2021-03-25,19.345561981201172
2021-03-26,19.36191177368164
2021-03-29,19.231088638305664
2021-03-30,20.31038475036621
2021-03-31,20.024208068847656
2021-04-01,19.778919219970703
2021-04-05,20.07326316833496
2021-04-06,19.84432601928711
2021-04-07,19.615385055541992
2021-04-08,19.116621017456055
2021-04-09,19.37826919555664
2021-04-12,19.2392635345459
2021-04-13,19.46002960205078
2021-04-14,19.034852981567383
2021-04-15,19.39461898803711
2021-04-16,19.500913619995117
2021-04-19,19.558147430419922
2021-04-20,19.566329956054688
2021-04-22,18.887676239013672
2021-04-23,19.271968841552734
2021-04-26,19.62356185913086
2021-04-27,19.321029663085938
2021-04-28,19.582679748535156
2021-04-29,19.157499313354492
2021-04-30,18.830442428588867
2021-05-03,19.62356185913086
2021-05-04,19.337383270263672
2021-05-05,19.35373306274414
2021-05-06,19.46820831298828
2021-05-07,20.294029235839844
2021-05-10,20.473918914794922
2021-05-11,20.30220603942871
2021-05-12,19.02667808532715
2021-05-13,19.37826919555664
2021-05-14,19.795265197753906
2021-05-17,20.114151000976562
2021-05-18,19.96697425842285
2021-05-19,20.089618682861328
2021-05-20,20.531150817871094
2021-05-21,20.048742294311523
2021-05-24,20.130502700805664
2021-05-25,20.424854278564453
2021-05-26,20.621089935302734
2021-05-27,20.75191307067871
2021-05-28,20.923622131347656
2021-05-31,20.98085594177246
2021-06-01,21.226154327392578
2021-06-02,21.463266372680664
2021-06-04,22.493505477905273
2021-06-07,22.681564331054688
2021-06-08,22.223678588867188
2021-06-09,21.602270126342773
2021-06-10,21.716737747192383
2021-06-11,21.054441452026367
2021-06-14,21.773975372314453
2021-06-15,21.47144889831543
2021-06-16,21.209802627563477
2021-06-17,20.997207641601562
2021-06-18,21.0626220703125
2021-06-21,21.250680923461914
2021-06-22,20.68650245666504
2021-06-23,20.48208999633789
2021-06-24,20.58838653564453
2021-06-25,19.656265258789062
2021-06-28,19.39461898803711
2021-06-29,18.863149642944336
2021-06-30,19.214740753173828
2021-07-01,18.61785316467285
2021-07-02,18.92856216430664
2021-07-05,19.132970809936523
2021-07-06,18.724145889282227
2021-07-07,18.830442428588867
2021-07-08,18.85497283935547
2021-07-12,19.46002960205078
2021-07-13,20.01603126525879
2021-07-14,20.39215087890625
2021-07-15,19.991498947143555
2021-07-16,19.762561798095703
2021-07-19,19.54179573059082
2021-07-20,19.90973663330078
2021-07-21,19.836151123046875
2021-07-22,19.84432601928711
2021-07-23,19.386444091796875
2021-07-26,19.321029663085938
2021-07-27,18.773202896118164
2021-07-28,18.748680114746094
2021-07-29,19.754384994506836
2021-07-30,19.092092514038086
2021-08-02,19.639911651611328
2021-08-03,19.46002960205078
2021-08-04,19.222917556762695
2021-08-05,18.993967056274414
2021-08-06,18.96944236755371
2021-08-09,19.263792037963867
2021-08-10,18.879501342773438
2021-08-11,18.814088821411133
2021-08-12,18.44614601135254
2021-08-13,18.3807373046875
2021-08-16,18.061851501464844
2021-08-17,17.653024673461914
2021-08-18,17.432262420654297
2021-08-19,17.587617874145508
2021-08-20,17.74296760559082
2021-08-23,17.38320541381836
2021-08-24,17.931028366088867
2021-08-25,17.82473373413086
2021-08-26,17.227853775024414
2021-08-27,17.563085556030273
2021-08-30,17.342321395874023
2021-08-31,17.252376556396484
2021-09-01,17.06432342529297
2021-09-02,16.655498504638672
2021-09-03,16.491966247558594
2021-09-06,16.794496536254883
2021-09-08,16.058612823486328
2021-09-09,16.753616333007812
2021-09-10,16.508319854736328
2021-09-13,16.95802879333496
2021-09-14,16.753616333007812
2021-09-15,16.53285026550293
2021-09-16,16.500141143798828
2021-09-17,16.467437744140625
2021-09-20,16.352970123291016
2021-09-21,16.925323486328125
2021-09-22,16.884435653686523
2021-09-23,16.63914680480957
2021-09-24,16.320266723632812
2021-09-27,16.189437866210938
2021-09-28,15.54349422454834
2021-09-29,15.388142585754395
2021-09-30,15.559847831726074
2021-10-01,16.04226303100586
2021-10-04,15.67431926727295
2021-10-05,15.388142585754395
2021-10-06,15.527142524719238
2021-10-07,15.576201438903809
2021-10-08,16.55738067626953
2021-10-11,16.279376983642578
2021-10-13,16.769968032836914
2021-10-14,16.508319854736328
2021-10-15,16.54920196533203
2021-10-18,16.729084014892578
2021-10-19,15.944144248962402
2021-10-20,15.837850570678711
2021-10-21,14.930257797241211
2021-10-22,14.366082191467285
2021-10-25,14.766729354858398
2021-10-26,14.145315170288086
2021-10-27,14.791263580322266
2021-10-28,15.052903175354004
2021-10-29,15.142847061157227
2021-11-01,15.54349422454834
2021-11-03,16.058612823486328
2021-11-04,16.034082412719727
2021-11-05,16.524675369262695
2021-11-08,16.254846572875977
2021-11-09,16.54920196533203
2021-11-10,17.10520362854004
2021-11-11,17.35867691040039
2021-11-12,17.35867691040039
2021-11-16,17.023441314697266
2021-11-17,16.590084075927734
2021-11-18,17.031614303588867
2021-11-19,17.30961799621582
2021-11-22,16.778141021728516
2021-11-23,16.688203811645508
2021-11-24,16.655498504638672
2021-11-25,16.925323486328125
2021-11-26,16.066789627075195
2021-11-29,16.04226303100586
2021-11-30,16.02590560913086
2021-12-01,15.715203285217285
2021-12-02,16.385671615600586
2021-12-03,16.925323486328125
2021-12-06,16.884435653686523
2021-12-07,16.410202026367188
2021-12-08,16.974382400512695
2021-12-09,16.680028915405273
2021-12-10,16.876262664794922
2021-12-13,16.769968032836914
2021-12-14,16.140377044677734
2021-12-15,16.26302719116211
2021-12-16,16.08314323425293
2021-12-17,16.31208610534668
2021-12-20,15.551673889160156
2021-12-21,15.437198638916016
2021-12-22,15.445377349853516
2021-12-23,15.379965782165527
2021-12-27,15.445377349853516
2021-12-28,15.682497024536133
2021-12-29,15.454912185668945
2021-12-30,15.715154647827148
2022-01-03,14.649006843566895
2022-01-04,14.581847190856934
2022-01-05,14.002606391906738
2022-01-06,14.01099967956543
2022-01-07,13.98581314086914
2022-01-10,13.801126480102539
2022-01-11,14.23765754699707
2022-01-12,15.16948413848877
2022-01-13,15.211462020874023
2022-01-14,15.522072792053223
2022-01-17,15.287014961242676
2022-01-18,15.370962142944336
2022-01-19,15.740338325500488
2022-01-20,16.445507049560547
2022-01-21,16.73932456970215
2022-01-24,16.521055221557617
2022-01-25,17.133878707885742
2022-01-26,17.4193058013916
2022-01-27,17.88102149963379
2022-01-28,17.855836868286133
2022-01-31,18.048919677734375
2022-02-01,17.687938690185547
2022-02-02,17.629179000854492
2022-02-03,17.629179000854492
2022-02-04,17.377330780029297
2022-02-07,17.52004623413086
2022-02-08,17.595598220825195
2022-02-09,18.048919677734375
2022-02-10,17.998552322387695
2022-02-11,18.27557945251465
2022-02-14,18.67852783203125
2022-02-15,18.980751037597656
2022-02-16,18.720508575439453
2022-02-17,18.61137580871582
2022-02-18,18.686927795410156
2022-02-21,18.200023651123047
2022-02-22,18.5861873626709
2022-02-23,18.468660354614258
2022-02-24,18.26718521118164
2022-02-25,18.54421043395996
2022-03-02,17.95657730102539
2022-03-03,18.233606338500977
2022-03-04,17.67954444885254
2022-03-07,17.150671005249023
2022-03-08,17.192642211914062
2022-03-09,17.780288696289062
2022-03-10,17.66275405883789
2022-03-11,17.133878707885742
2022-03-14,16.831668853759766
2022-03-15,16.571428298950195
2022-03-16,16.747716903686523
2022-03-17,17.209434509277344
2022-03-18,17.88102149963379
2022-03-21,18.21681785583496
2022-03-22,18.997539520263672
2022-03-23,19.19062042236328
2022-03-24,20.37429428100586
2022-03-25,20.592554092407227
2022-03-28,20.567367553710938
2022-03-29,21.146615982055664
2022-03-30,20.861190795898438
2022-03-31,20.55058479309082
2022-04-01,21.306119918823242
2022-04-04,21.18019676208496
2022-04-05,21.625123977661133
2022-04-06,20.903165817260742
2022-04-07,20.85279655456543
2022-04-08,20.500211715698242
2022-04-11,20.36590003967285
2022-04-12,20.3826847076416
2022-04-13,20.315528869628906
2022-04-14,20.18121337890625
2022-04-18,20.349103927612305
2022-04-19,20.13083839416504
2022-04-20,20.13083839416504
2022-04-22,19.75307273864746
2022-04-25,19.7950439453125
2022-04-26,19.4676513671875
2022-04-27,19.702699661254883
2022-04-28,19.89578628540039
2022-04-29,20.69329261779785
2022-05-02,20.265159606933594
2022-05-03,20.315528869628906
2022-05-04,20.81082534790039
2022-05-05,19.769859313964844
2022-05-06,19.862205505371094
2022-05-09,19.551597595214844
2022-05-10,19.845415115356445
2022-05-11,19.652339935302734
2022-05-12,20.3071346282959
2022-05-13,20.94514274597168
2022-05-16,21.709070205688477
2022-05-17,21.532779693603516
2022-05-18,20.508607864379883
2022-05-19,20.592554092407227
2022-05-20,20.961929321289062
2022-05-23,20.4918212890625
2022-05-24,20.206392288208008
2022-05-25,19.761470794677734
2022-05-26,19.75307273864746
2022-05-27,19.996522903442383
2022-05-30,20.3826847076416
2022-05-31,20.223186492919922
2022-06-01,20.21478843688965
2022-06-02,20.80242919921875
2022-06-03,20.684898376464844
2022-06-06,20.18121337890625
2022-06-07,19.702699661254883
2022-06-08,19.59357261657715
2022-06-09,19.089879989624023
2022-06-10,18.963956832885742
2022-06-13,18.317556381225586
2022-06-14,18.317556381225586
2022-06-15,18.896800994873047
2022-06-17,18.779268264770508
2022-06-20,18.997539520263672
2022-06-21,18.955562591552734
2022-06-22,19.417278289794922
2022-06-23,19.375301361083984
2022-06-24,18.896800994873047
2022-06-27,19.166000366210938
2022-06-28,19.369712829589844
2022-06-29,19.0556583404541
2022-06-30,18.631258010864258
2022-07-01,18.877408981323242
2022-07-04,19.106586456298828
2022-07-05,19.166000366210938
2022-07-06,19.819581985473633
2022-07-07,20.62594223022461
2022-07-08,20.77023696899414
2022-07-11,19.989336013793945
2022-07-12,20.142127990722656
2022-07-13,20.37129783630371
2022-07-14,20.21002960205078
2022-07-15,20.4561824798584
2022-07-18,20.311885833740234
2022-07-19,20.311885833740234
2022-07-20,20.286420822143555
2022-07-21,20.150611877441406
2022-07-22,20.354328155517578
2022-07-25,20.2015380859375
2022-07-26,19.98085594177246
2022-07-27,20.583505630493164
2022-07-28,20.880586624145508
2022-07-29,20.2015380859375
2022-08-01,20.04026985168457
2022-08-02,19.86202049255371
2022-08-03,20.243980407714844
2022-08-04,21.262544631958008
2022-08-05,21.05034828186035
2022-08-08,21.35591697692871
2022-08-09,21.32196617126465
2022-08-10,22.06891441345215
2022-08-11,21.576602935791016
2022-08-12,21.916126251220703
2022-08-15,22.179256439208984
2022-08-16,22.01798439025879
2022-08-17,21.975540161132812
2022-08-18,22.145301818847656
2022-08-19,21.95856475830078
2022-08-22,21.865198135375977
2022-08-23,21.30498504638672
2022-08-24,21.35591697692871
2022-08-25,21.644506454467773
2022-08-26,21.262544631958008
2022-08-29,21.075807571411133
2022-08-30,20.88907241821289
2022-08-31,20.4561824798584
2022-09-01,20.693849563598633
2022-09-02,20.787216186523438
2022-09-05,20.80419158935547
2022-09-06,20.719308853149414
2022-09-08,20.4561824798584
2022-09-09,20.838144302368164
2022-09-12,20.65140724182129
2022-09-13,20.328866958618164
2022-09-14,20.65140724182129
2022-09-15,20.55803680419922
2022-09-16,20.193052291870117
2022-09-19,20.362815856933594
2022-09-20,20.583505630493164
2022-09-21,20.846630096435547
2022-09-22,21.12673568725586
2022-09-23,20.973953247070312
2022-09-26,20.286420822143555
2022-09-27,20.159099578857422
2022-09-28,20.305042266845703
2022-09-29,20.356340408325195
2022-09-30,20.664119720458984
2022-10-03,22.05769157409668
2022-10-04,22.08333396911621
2022-10-05,22.091886520385742
2022-10-06,21.80120277404785
2022-10-07,21.57891845703125
2022-10-10,21.51906967163086
2022-10-11,21.51906967163086
2022-10-13,21.296783447265625
2022-10-14,21.006101608276367
2022-10-17,21.236934661865234
2022-10-18,21.30533218383789
2022-10-19,21.006101608276367
2022-10-20,21.271133422851562
2022-10-21,21.536170959472656
2022-10-24,21.21129035949707
2022-10-25,20.715415954589844
2022-10-26,20.0913028717041
2022-10-27,20.826560974121094
2022-10-28,21.048843383789062
2022-10-31,22.53645896911621
2022-11-01,22.579208374023438
2022-11-03,23.30591583251953
2022-11-04,22.921186447143555
2022-11-07,22.27142333984375
2022-11-08,22.3654727935791
2022-11-09,21.767005920410156
2022-11-10,19.98870849609375
2022-11-11,19.50139045715332
2022-11-14,19.96306610107422
2022-11-16,19.022619247436523
2022-11-17,18.87727928161621
2022-11-18,18.97132110595703
2022-11-21,20.134050369262695
2022-11-22,19.603986740112305
2022-11-23,19.4073486328125
2022-11-24,20.185348510742188
2022-11-25,19.321853637695312
2022-11-28,19.338951110839844
2022-11-29,19.749326705932617
2022-11-30,19.603986740112305
2022-12-01,18.82598114013672
2022-12-02,19.321853637695312
2022-12-05,18.723386764526367
2022-12-06,18.70628547668457
2022-12-07,18.894376754760742
2022-12-08,18.270265579223633
2022-12-09,18.36430549621582
2022-12-12,17.791488647460938
2022-12-13,17.201580047607422
2022-12-14,17.35546875
2022-12-15,17.71455192565918
2022-12-16,17.304170608520508
2022-12-19,17.936832427978516
2022-12-20,18.16766929626465
2022-12-21,18.313011169433594
2022-12-22,18.38995361328125
2022-12-23,19.569787979125977
2022-12-26,19.065364837646484
2022-12-27,18.41457176208496
2022-12-28,19.15982437133789
2022-12-29,18.977846145629883
2023-01-02,17.946626663208008
2023-01-03,17.374696731567383
2023-01-04,17.669322967529297
2023-01-05,18.13727378845215
2023-01-06,18.622549057006836
2023-01-09,18.38857650756836
2023-01-10,18.951847076416016
2023-01-11,19.688430786132812
2023-01-12,19.34180450439453
2023-01-13,18.986507415771484
2023-01-16,18.63988494873047
2023-01-17,19.44579315185547
2023-01-18,19.419795989990234
2023-01-19,19.62776756286621
2023-01-20,19.263811111450195
2023-01-23,19.281145095825195
2023-01-24,19.801084518432617
2023-01-25,20.191038131713867
2023-01-26,20.355688095092773
2023-01-27,20.017724990844727
2023-01-30,20.24303436279297
2023-01-31,20.61565589904785
2023-02-01,20.468339920043945
2023-02-02,20.364349365234375
2023-02-03,19.53244972229004
2023-02-06,19.931072235107422
2023-02-07,19.844411849975586
2023-02-08,20.606992721557617
2023-02-09,20.04372215270996
2023-02-10,20.503005981445312
2023-02-13,20.407682418823242
2023-02-14,20.407682418823242
2023-02-15,20.59832763671875
2023-02-16,21.204923629760742
2023-02-17,21.534221649169922
2023-02-22,21.100936889648438
2023-02-23,21.317577362060547
2023-02-24,21.239585876464844
2023-02-27,21.750856399536133
2023-02-28,21.8115234375
2023-03-01,22.045495986938477
2023-03-02,21.317577362060547
2023-03-03,20.329692840576172
2023-03-06,20.884294509887695
2023-03-07,20.988279342651367
2023-03-08,21.87217903137207
2023-03-09,21.681537628173828
2023-03-10,21.724864959716797
2023-03-13,21.360904693603516
2023-03-14,21.456228256225586
2023-03-15,22.010831832885742
2023-03-16,21.77686309814453
2023-03-17,21.092273712158203
2023-03-20,20.650320053100586
2023-03-21,20.61565589904785
2023-03-22,20.884294509887695
2023-03-23,20.312358856201172
2023-03-24,20.840967178344727
2023-03-27,20.95362091064453
2023-03-28,21.24825668334961
2023-03-29,21.24825668334961
2023-03-30,21.724864959716797
2023-03-31,21.46194076538086
2023-04-03,21.279027938842773
2023-04-04,21.749378204345703
2023-04-05,21.871320724487305
2023-04-06,22.054231643676758
2023-04-10,22.30682945251465
2023-04-11,22.49845314025879
2023-04-12,22.60297393798828
2023-04-13,22.55942726135254
2023-04-14,22.57684326171875
2023-04-17,22.6378173828125
2023-04-18,22.44619369506836
2023-04-19,21.923583984375
2023-04-20,21.906160354614258
2023-04-24,21.81905746459961
2023-04-25,21.62743377685547
2023-04-26,21.479360580444336
2023-04-27,21.906160354614258
2023-04-28,22.55942726135254
2023-05-02,22.315542221069336
2023-05-03,22.55942726135254
2023-05-04,23.14301109313965
2023-05-05,23.717880249023438
2023-05-08,23.42173957824707
2023-05-09,23.54368019104004
2023-05-10,23.691753387451172
2023-05-11,23.604652404785156
2023-05-12,23.386898040771484
2023-05-15,23.44786834716797
2023-05-16,23.0297794342041
2023-05-17,23.18656349182129
2023-05-18,23.44786834716797
2023-05-19,23.561098098754883
2023-05-22,23.395605087280273
2023-05-23,23.282373428344727
2023-05-24,23.08203887939453
2023-05-25,23.33463478088379
2023-05-26,23.44786834716797
2023-05-29,23.33463478088379
2023-05-30,23.29979705810547
2023-05-31,23.108173370361328
2023-06-01,23.064619064331055
2023-06-02,22.759761810302734
2023-06-05,22.6378173828125
2023-06-06,23.14301109313965
2023-06-07,23.58723258972168
2023-06-09,23.54368019104004
2023-06-12,23.717880249023438
2023-06-13,23.273662567138672
2023-06-14,23.569808959960938
2023-06-15,23.404315948486328
2023-06-16,23.055908203125
2023-06-19,23.08203887939453
2023-06-20,23.29108428955078
2023-06-21,23.874670028686523
2023-06-22,23.42173957824707
2023-06-23,24.597614288330078
2023-06-26,24.684717178344727
2023-06-27,24.214365005493164
2023-06-28,24.092422485351562
2023-06-29,24.144683837890625
2023-06-30,24.318857192993164
2023-07-03,24.512208938598633
2023-07-04,24.16944122314453
2023-07-05,24.380374908447266
2023-07-06,23.90577507019043
2023-07-07,24.17823028564453
2023-07-10,24.10791778564453
2023-07-11,24.063974380493164
2023-07-12,24.063974380493164
2023-07-13,24.05518341064453
2023-07-14,23.45754051208496
2023-07-17,23.185081481933594
2023-07-18,23.114774703979492
2023-07-19,22.605018615722656
2023-07-20,22.613807678222656
2023-07-21,23.255393981933594
2023-07-24,23.501483917236328
2023-07-25,23.22903060913086
2023-07-26,23.202661514282227
2023-07-27,22.974149703979492
2023-07-28,23.466333389282227
2023-07-31,23.211450576782227
2023-08-01,23.431169509887695
2023-08-02,23.756362915039062
2023-08-03,24.151865005493164
2023-08-04,24.23975372314453
2023-08-07,23.949718475341797
2023-08-08,23.580583572387695
2023-08-09,23.773941040039062
2023-08-10,23.29934310913086
2023-08-11,23.43996238708496
2023-08-14,23.40480613708496
2023-08-15,23.413593292236328
2023-08-16,23.044462203979492
2023-08-17,22.640172958374023
2023-08-18,23.316919326782227
2023-08-21,22.886259078979492
2023-08-22,23.176298141479492
2023-08-23,23.202661514282227
2023-08-24,23.123563766479492
2023-08-25,22.53470802307129
2023-08-28,22.74563980102539
2023-08-29,22.74563980102539
2023-08-30,22.561073303222656
2023-08-31,21.74370574951172
2023-09-01,22.15678596496582
2023-09-04,22.271041870117188
2023-09-05,22.21830940246582
2023-09-06,21.81402015686035
2023-09-08,21.91948699951172
2023-09-11,22.121627807617188
2023-09-12,22.376506805419922
2023-09-13,22.59623146057129
2023-09-14,23.009307861328125
2023-09-15,22.147998809814453
2023-09-18,21.99858856201172
2023-09-19,22.06889533996582
2023-09-20,22.130420684814453
2023-09-21,21.699764251708984
2023-09-22,21.901906967163086
2023-09-25,21.655813217163086
2023-09-26,21.058168411254883
2023-09-27,20.996652603149414
2023-09-28,21.40982437133789
2023-09-29,21.78217315673828
2023-10-02,21.578266143798828
2023-10-03,21.00201988220215
2023-10-04,21.36549949645996
2023-10-05,21.34777069091797
2023-10-06,21.640323638916016
2023-10-09,22.119056701660156
2023-10-10,22.553457260131836
2023-10-11,22.633241653442383
2023-10-13,22.39388084411621
2023-10-16,22.39388084411621
2023-10-17,21.915149688720703
2023-10-18,21.108400344848633
2023-10-19,21.463016510009766
2023-10-20,21.489612579345703
2023-10-23,22.09245491027832
2023-10-24,22.686439514160156
2023-10-25,22.278629302978516
2023-10-26,22.819419860839844
2023-10-27,22.28749656677246
2023-10-30,21.684654235839844
2023-10-31,21.932880401611328
2023-11-01,22.110187530517578
2023-11-03,22.946603775024414
2023-11-06,22.946603775024414
2023-11-07,23.52809715270996
2023-11-08,23.465473175048828
2023-11-09,23.098684310913086
2023-11-10,23.241817474365234
2023-11-13,23.179197311401367
2023-11-14,23.510204315185547
2023-11-16,24.22589111328125
2023-11-17,24.011184692382812
2023-11-20,24.28850746154785
2023-11-21,24.046966552734375
2023-11-22,23.94856071472168
2023-11-23,24.49427032470703
2023-11-24,24.342187881469727
2023-11-27,23.930667877197266
2023-11-28,24.00223731994629
2023-11-29,24.073806762695312
2023-11-30,24.324295043945312
2023-12-01,24.8073787689209
2023-12-04,24.72686195373535
2023-12-05,24.700029373168945
2023-12-06,24.395864486694336
2023-12-07,24.68213653564453
2023-12-08,24.637409210205078
2023-12-11,24.71791648864746
2023-12-12,24.67319107055664
2023-12-13,25.147329330444336
2023-12-14,25.693037033081055
2023-12-15,25.871959686279297
2023-12-18,25.684091567993164
2023-12-19,25.7735538482666
2023-12-20,25.675146102905273
2023-12-21,25.80933380126953
2023-12-22,25.567790985107422
2023-12-26,25.478330612182617
2023-12-27,25.433603286743164
2023-12-28,25.594799041748047
2024-01-02,25.099472045898438
2024-01-03,25.26157569885254
2024-01-04,25.03643035888672
2024-01-05,25.153507232666016
2024-01-08,25.37865447998047
2024-01-09,25.648832321166992
2024-01-10,25.567779541015625
2024-01-11,25.937021255493164
2024-01-12,26.15316390991211
2024-01-15,25.801931381225586
2024-01-16,25.198537826538086
2024-01-17,25.090465545654297
2024-01-18,24.829294204711914
2024-01-19,24.883329391479492
2024-01-22,24.496074676513672
2024-01-23,24.96438217163086
2024-01-24,24.640172958374023
2024-01-25,24.991403579711914
2024-01-26,25.387664794921875
2024-01-29,25.351638793945312
2024-01-30,25.10848045349121
2024-01-31,25.090465545654297
2024-02-01,25.11748504638672
2024-02-02,24.550111770629883
2024-02-05,24.67619514465332
2024-02-06,24.946374893188477
2024-02-07,25.099472045898438
2024-02-08,24.54110336303711
2024-02-09,23.802621841430664
2024-02-14,23.370342254638672
2024-02-15,23.136184692382812
2024-02-16,23.32530975341797
2024-02-19,23.253259658813477
2024-02-20,23.415369033813477
2024-02-21,23.11817169189453
2024-02-22,23.028112411499023
2024-02-23,23.253259658813477
2024-02-26,23.316299438476562
2024-02-27,23.71256446838379
2024-02-28,23.47840690612793
2024-02-29,23.784608840942383
2024-03-01,23.496421813964844
2024-03-04,23.406362533569336
2024-03-05,23.4423828125
2024-03-06,23.48741340637207
2024-03-07,23.415369033813477
2024-03-08,23.514432907104492
2024-03-11,23.451391220092773
2024-03-12,23.64952278137207
2024-03-13,23.685546875
2024-03-14,23.775602340698242
2024-03-15,23.352325439453125
2024-03-18,23.514432907104492
2024-03-19,23.57747459411621
2024-03-20,24.117828369140625
2024-03-21,23.955724716186523
2024-03-22,23.50542449951172
2024-03-25,23.361331939697266
2024-03-26,23.595487594604492
2024-03-27,23.253259658813477
2024-03-28,23.046125411987305
2024-04-01,22.81197166442871
2024-04-02,22.739925384521484
2024-04-03,22.550800323486328
2024-04-04,22.496763229370117
2024-04-05,22.55551528930664
2024-04-08,22.899873733520508
2024-04-09,23.334854125976562
2024-04-10,22.63707160949707
2024-04-11,22.93612289428711
2024-04-12,22.328962326049805
2024-04-15,21.93023109436035
2024-04-16,21.803363800048828
2024-04-17,21.67649269104004
2024-04-18,21.64930534362793
2024-04-19,21.82148551940918
2024-04-22,21.785240173339844
2024-04-23,21.67649269104004
2024-04-24,21.59493064880371
2024-04-25,20.906213760375977
2024-04-26,21.74898910522461
2024-04-29,21.64930534362793
2024-04-30,20.743099212646484
2024-05-02,21.232450485229492
2024-05-03,22.292715072631836
2024-05-06,22.120532989501953
2024-05-07,21.812419891357422
2024-05-08,21.712738037109375
2024-05-09,21.241514205932617
2024-05-10,21.43181800842285
2024-05-13,21.449939727783203
2024-05-14,21.43181800842285
2024-05-15,21.794296264648438
2024-05-16,21.76711654663086
2024-05-17,21.82148551940918
2024-05-20,21.295883178710938
2024-05-21,21.26869773864746
2024-05-22,20.76122283935547
2024-05-23,20.69778823852539
2024-05-24,20.65247344970703
2024-05-27,20.815595626831055
2024-05-28,20.897151947021484
2024-05-29,20.752159118652344
2024-05-31,20.570919036865234
2024-06-03,20.743099212646484
2024-06-04,20.888093948364258
2024-06-05,20.688722610473633
2024-06-06,21.19620132446289
2024-06-07,20.73403549194336
2024-06-10,20.434988021850586
2024-06-11,20.58904266357422
2024-06-12,20.570919036865234
2024-06-13,20.344369888305664
2024-06-14,20.35342788696289
2024-06-17,20.072505950927734
2024-06-18,20.172189712524414
2024-06-19,20.407800674438477
2024-06-20,20.126874923706055
2024-06-21,20.117816925048828
2024-06-24,20.888093948364258
2024-06-25,20.688722610473633
2024-06-26,20.842782974243164
2024-06-27,21.084177017211914
2024-06-28,20.63558006286621
2024-07-01,20.672197341918945
2024-07-02,20.672197341918945
2024-07-03,21.221506118774414
2024-07-04,21.770809173583984
2024-07-05,22.127859115600586
2024-07-08,22.146169662475586
2024-07-09,22.265188217163086
2024-07-10,22.246875762939453
2024-07-11,22.484907150268555
2024-07-12,22.60392189025879
2024-07-15,22.59476661682129
2024-07-16,22.777870178222656
2024-07-17,22.95181655883789
2024-07-18,22.320114135742188
2024-07-19,22.54899024963379
2024-07-22,23.446195602416992
2024-07-23,23.125762939453125
2024-07-24,22.11870574951172
2024-07-25,21.743343353271484
2024-07-26,22.127859115600586
2024-07-29,21.898983001708984
2024-07-30,21.761655807495117
2024-07-31,21.93560218811035
2024-08-01,22.228565216064453
2024-08-02,22.70462989807129
2024-08-05,22.69547462463379
2024-08-06,23.391258239746094
2024-08-07,23.510276794433594
2024-08-08,23.473657608032227
2024-08-09,24.07789421081543
2024-08-12,24.279308319091797
2024-08-13,24.5448055267334
2024-08-14,25.0025577545166
2024-08-15,24.3250789642334
2024-08-16,24.151134490966797
2024-08-19,24.618045806884766
2024-08-20,24.75537109375
2024-08-21,24.44409942626953
2024-08-22,23.968032836914062
2024-08-23,24.4349422454834
2024-08-26,24.480716705322266
2024-08-27,24.178598403930664
2024-08-28,23.93140983581543
2024-08-29,23.41872787475586
2024-08-30,23.473657608032227
2024-09-02,23.208160400390625
2024-09-03,23.427881240844727
2024-09-04,23.748308181762695
2024-09-05,23.748308181762695
2024-09-06,23.757465362548828
2024-09-09,23.711688995361328
2024-09-10,24.279308319091797
2024-09-11,24.590579986572266
2024-09-12,24.627199172973633
2024-09-13,25.194814682006836
2024-09-16,25.268054962158203
2024-09-17,24.865232467651367
2024-09-18,24.75537109375
2024-09-19,24.297616958618164
2024-09-20,24.11451530456543
2024-09-23,23.913103103637695
2024-09-24,24.05958366394043
2024-09-25,23.528587341308594
2024-09-26,23.510276794433594
2024-09-27,23.38210678100586
2024-09-30,23.482810974121094
2024-10-01,23.41872787475586
2024-10-02,23.473657608032227
2024-10-03,23.235624313354492
2024-10-04,23.61098289489746
2024-10-07,23.65675926208496
2024-10-08,23.565208435058594
2024-10-09,23.290557861328125
2024-10-10,23.748308181762695
2024-10-11,23.43703842163086
2024-10-14,23.675067901611328
2024-10-15,23.913103103637695
2024-10-16,23.839862823486328
2024-10-17,23.839862823486328
2024-10-18,23.739154815673828
2024-10-21,23.83070945739746
2024-10-22,23.235624313354492
2024-10-23,23.290557861328125
2024-10-24,22.98843765258789
2024-10-25,22.979284286499023
2024-10-28,22.94266128540039
2024-10-29,22.924354553222656
2024-10-30,23.30886459350586
2024-10-31,23.427881240844727
2024-11-01,22.924354553222656
2024-11-04,23.491966247558594
2024-11-05,23.36379623413086
2024-11-06,23.153230667114258
2024-11-07,22.787025451660156
2024-11-08,22.59476661682129
2024-11-11,22.448286056518555
2024-11-12,22.466594696044922
2024-11-13,22.750404357910156
2024-11-14,23.482810974121094
2024-11-18,23.299711227416992
2024-11-19,23.69338035583496
2024-11-21,23.253934860229492
2024-11-22,23.54689598083496
2024-11-25,23.601829528808594
2024-11-26,23.913103103637695
2024-11-27,22.750404357910156
2024-11-28,21.770809173583984
2024-11-29,21.779966354370117
2024-12-02,21.487001419067383
2024-12-03,21.221506118774414
2024-12-04,20.93769645690918
2024-12-05,21.697568893432617
2024-12-06,21.25812530517578
2024-12-09,21.31305694580078
2024-12-10,21.194040298461914
2024-12-11,21.61517333984375
2024-12-12,20.791213989257812
2024-12-13,20.598957061767578
2024-12-16,20.177824020385742
2024-12-17,20.30599594116211
2024-12-18,19.820775985717773
2024-12-19,19.88486099243164
2024-12-20,20.507410049438477
2024-12-23,19.77215576171875
2024-12-26,19.457576751708984
2024-12-27,19.60561180114746
2024-12-30,19.50383758544922
2025-01-02,19.371047973632812
2025-01-03,19.135162353515625
2025-01-06,19.748470306396484
2025-01-07,19.672985076904297
2025-01-08,19.295568466186523
2025-01-09,19.342744827270508
2025-01-10,19.09741973876953
2025-01-13,18.870967864990234
2025-01-14,19.323871612548828
2025-01-15,19.729598999023438
2025-01-16,19.238950729370117
2025-01-17,19.371047973632812
2025-01-20,19.531452178955078
2025-01-21,19.795644760131836
2025-01-22,19.82395362854004
2025-01-23,19.739032745361328
2025-01-24,19.63524055480957
2025-01-27,20.32403564453125
2025-01-28,20.34290313720703
2025-01-29,20.333467483520508
2025-01-30,21.050565719604492
2025-01-31,21.135486602783203
2025-02-03,21.333633422851562
2025-02-04,21.343063354492188
2025-02-05,21.24871063232422
2025-02-06,21.003389358520508
2025-02-07,20.824111938476562
2025-02-10,21.041128158569336
2025-02-11,21.16379165649414
2025-02-12,21.041128158569336
2025-02-13,21.031694412231445
2025-02-14,21.560083389282227
2025-02-17,21.87145233154297
2025-02-18,21.673307418823242
2025-02-19,21.286453247070312
2025-02-20,21.210969924926758
2025-02-21,20.937339782714844
2025-02-24,20.522178649902344
2025-02-25,20.625967025756836
2025-02-26,20.239112854003906
2025-02-27,20.32403564453125
2025-02-28,19.7673397064209
2025-03-05,19.578630447387695
2025-03-06,20.00322914123535
2025-03-07,20.3712100982666
2025-03-10,20.257986068725586
2025-03-11,20.191936492919922
2025-03-12,20.276857376098633
2025-03-13,20.57879066467285
2025-03-14,21.616695404052734
2025-03-17,22.069597244262695
2025-03-18,21.965810775756836
2025-03-19,22.05072784423828
2025-03-20,21.805404663085938
2025-03-21,21.843149185180664
2025-03-24,21.72048568725586
2025-03-25,21.72991943359375
2025-03-26,21.805404663085938
2025-03-27,21.63556480407715
2025-03-28,21.475160598754883
2025-03-31,21.324193954467773
2025-04-01,21.567367553710938
2025-04-02,21.681734085083008
2025-04-03,22.444169998168945
2025-04-04,21.7103271484375
2025-04-07,21.624553680419922
2025-04-08,21.958118438720703
2025-04-09,22.52041244506836
2025-04-10,22.377456665039062
2025-04-11,22.68242835998535
2025-04-14,23.063648223876953
2025-04-15,22.93975067138672
2025-04-16,22.98740577697754
2025-04-17,23.006465911865234
2025-04-22,23.14942169189453
2025-04-23,23.340028762817383
2025-04-24,23.969038009643555
2025-04-25,24.302602767944336
2025-04-28,23.969038009643555
2025-04-29,24.264480590820312
2025-04-30,24.531335830688477
2025-05-02,24.76006507873535
2025-05-05,24.512271881103516
2025-05-06,24.474151611328125
2025-05-07,24.11199378967285
2025-05-08,24.798187255859375
2025-05-09,24.46462059020996
2025-05-12,24.131057739257812
2025-05-13,24.702880859375
2025-05-14,24.46462059020996
2025-05-15,24.626638412475586
2025-05-16,24.87442970275879
2025-05-19,25.093629837036133
2025-05-20,25.246118545532227
2025-05-21,24.721942901611328
2025-05-22,24.636171340942383
2025-05-23,24.683822631835938
2025-05-26,24.855369567871094
2025-05-27,25.579681396484375
2025-05-28,25.636863708496094
2025-05-29,25.89418601989746
2025-05-30,25.617801666259766
2025-06-02,25.398603439331055
2025-06-03,25.54155731201172
2025-06-04,25.284236907958984
2025-06-05,25.01738739013672
2025-06-06,25.02691650390625
2025-06-09,24.57898712158203
2025-06-10,24.855369567871094
2025-06-11,24.712413787841797
2025-06-12,24.941143035888672
2025-06-13,24.493213653564453
2025-06-16,24.731475830078125
2025-06-17,24.998323440551758
2025-06-18,25.103160858154297
2025-06-20,24.636171340942383
2025-06-23,24.87442970275879
2025-06-24,25.82747459411621
2025-06-25,25.322359085083008
2025-06-26,25.86559295654297
2025-06-27,25.77029037475586
2025-06-30,26.17003059387207
2025-07-01,26.131559371948242
2025-07-02,25.669906616210938
2025-07-03,25.919971466064453
2025-07-04,26.131559371948242
2025-07-07,25.881498336791992
2025-07-08,25.948820114135742
2025-07-09,25.612197875976562
2025-07-10,25.246723175048828
2025-07-11,24.91010093688965
2025-07-14,24.881248474121094
2025-07-15,24.91971778869629
2025-07-16,24.948570251464844
2025-07-17,25.0736026763916
2025-07-18,24.275325775146484
2025-07-21,24.381120681762695
2025-07-22,24.131057739257812
2025-07-23,24.76583480834961
2025-07-24,24.381120681762695
2025-07-25,24.284940719604492
2025-07-28,23.890613555908203
2025-07-29,24.275325775146484
2025-07-30,24.477298736572266
2025-07-31,24.333030700683594
2025-08-01,24.669652938842773
2025-08-04,24.323415756225586
2025-08-05,24.515769958496094
2025-08-06,24.842775344848633
2025-08-07,25.102455139160156
2025-08-08,24.948570251464844
2025-08-11,25.102455139160156
2025-08-12,25.708375930786133
2025-08-13,25.506404876708984
2025-08-14,25.496788024902344
2025-08-15,25.59296417236328
2025-08-18,25.717994689941406
2025-08-19,25.112075805664062
2025-08-20,25.34290313720703
2025-08-21,25.217870712280273
2025-08-22,25.804553985595703
2025-08-25,25.746849060058594
2025-08-26,25.45831298828125
2025-08-27,25.891117095947266
2025-08-28,26.73748207092285
2025-08-29,26.78557014465332
2025-09-01,26.699010848999023
2025-09-02,26.391239166259766
2025-09-03,26.227737426757812
2025-09-04,26.63168716430664
2025-09-05,27.06448745727539
2025-09-08,26.67977523803711
2025-09-09,26.58359718322754
2025-09-10,26.977924346923828
2025-09-11,27.54537582397461
2025-09-12,27.314550399780273
2025-09-15,27.343402862548828
2025-09-16,27.622316360473633
2025-09-17,27.958940505981445
2025-09-18,27.881999969482422
2025-09-19,27.814674377441406
2025-09-22,27.660791397094727
2025-09-23,28.064739227294922
2025-09-24,27.68964385986328
2025-09-25,27.603086471557617
2025-09-26,27.795438766479492
2025-09-29,28.082178115844727
2025-09-30,28.208280563354492
2025-10-01,27.98517417907715
2025-10-02,27.45166015625
2025-10-03,27.587465286254883
2025-10-06,27.083051681518555
2025-10-07,26.714445114135742
2025-10-08,26.70474624633789
2025-10-09,26.54953956604004
2025-10-10,26.287633895874023
2025-10-13,26.33613395690918
2025-10-14,26.229433059692383
2025-10-15,26.510740280151367
2025-10-16,26.287633895874023
2025-10-17,26.44283676147461
2025-10-20,26.665943145751953
2025-10-21,26.64653968811035
2025-10-22,26.714445114135742
2025-10-23,26.801746368408203
2025-10-24,26.859947204589844
2025-10-27,27.07335090637207
2025-10-28,26.811445236206055
2025-10-29,26.947250366210938
2025-10-30,27.024850845336914
2025-10-31,26.665943145751953
2025-11-03,26.937549591064453
2025-11-04,26.947250366210938
2025-11-05,27.810571670532227
2025-11-06,27.587465286254883
2025-11-07,27.810571670532227
2025-11-10,28.18887710571289
2025-11-11,28.489587783813477
2025-11-12,28.382883071899414
2025-11-13,28.567188262939453
2025-11-14,28.85819435119629
2025-11-17,28.69329261779785
2025-11-18,28.9357967376709
2025-11-19,28.761192321777344
2025-11-21,28.324682235717773
2025-11-24,28.470186233520508
2025-11-25,28.63509178161621
2025-11-26,28.96489715576172
2025-11-27,29.032798767089844
2025-11-28,29.25590705871582
2025-12-01,28.887296676635742
2025-12-02,29.498411178588867
2025-12-03,29.382009506225586
2025-12-04,29.789417266845703
2025-12-05,27.141254425048828
2025-12-08,27.45166015625
2025-12-09,27.626264572143555
2025-12-10,28.062776565551758
2025-12-11,27.926973342895508
2025-12-12,27.829971313476562
2025-12-15,27.88817024230957
2025-12-16,26.830846786499023
2025-12-17,26.413738250732422
2025-12-18,26.471939086914062
2025-12-19,26.617441177368164
2025-12-22,25.88022232055664
2025-12-23,26.675643920898438
2025-12-26,26.714445114135742
2025-12-29,26.481637954711914
2025-12-30,26.73331642150879
