date,close
2010-12-01,7.0702362060546875
2010-12-02,7.082789897918701
2010-12-03,7.175686836242676
2010-12-06,7.210836887359619
2010-12-07,7.032573699951172
2010-12-08,6.952233791351318
2010-12-09,7.052659511566162
2010-12-10,7.112920761108398
2010-12-13,7.203305244445801
2010-12-14,7.1530914306640625
2010-12-15,7.02001953125
2010-12-16,7.0225324630737305
2010-12-17,7.185730457305908
2010-12-20,7.112920761108398
2010-12-21,7.143049716949463
2010-12-22,7.203731536865234
2010-12-23,7.21637487411499
2010-12-27,7.266946315765381
2010-12-28,7.486926555633545
2010-12-29,7.610824108123779
2010-12-30,7.724605560302734
2011-01-03,7.661392688751221
2011-01-04,7.600711345672607
2011-01-05,7.744832992553711
2011-01-06,7.699322700500488
2011-01-07,7.585538387298584
2011-01-10,7.638636589050293
2011-01-11,7.711963176727295
2011-01-12,7.957230567932129
2011-01-13,7.711963176727295
2011-01-14,7.780233383178711
2011-01-17,7.704378128051758
2011-01-18,7.825745582580566
2011-01-19,7.620936870574951
2011-01-20,7.610824108123779
2011-01-21,7.552667140960693
2011-01-24,7.588065147399902
2011-01-26,7.459112644195557
2011-01-27,7.486926555633545
2011-01-28,7.421187400817871
2011-01-31,7.598179817199707
2011-02-01,7.835859775543213
2011-02-02,7.838387966156006
2011-02-03,7.9370012283325195
2011-02-04,7.838387966156006
2011-02-07,7.714491844177246
2011-02-08,7.593123435974121
2011-02-09,7.363027095794678
2011-02-10,7.438884258270264
2011-02-11,7.476812362670898
2011-02-14,7.628522872924805
2011-02-15,7.744832992553711
2011-02-16,7.815631866455078
2011-02-17,7.74989128112793
2011-02-18,7.823217868804932
2011-02-21,7.825745582580566
2011-02-22,7.974926948547363
2011-02-23,8.346617698669434
2011-02-24,8.346617698669434
2011-02-25,8.308691024780273
2011-02-28,8.242949485778809
2011-03-01,8.129164695739746
2011-03-02,8.394661903381348
2011-03-03,8.384547233581543
2011-03-04,8.50844669342041
2011-03-09,8.50844669342041
2011-03-10,8.11652660369873
2011-03-11,8.146868705749512
2011-03-14,8.205023765563965
2011-03-15,8.124107360839844
2011-03-16,8.040670394897461
2011-03-17,8.146868705749512
2011-03-18,8.083653450012207
2011-03-21,8.146868705749512
2011-03-22,8.287555694580078
2011-03-23,8.38670539855957
2011-03-24,8.269763946533203
2011-03-25,8.417208671569824
2011-03-28,8.262139320373535
2011-03-29,8.241796493530273
2011-03-30,8.241796493530273
2011-03-31,8.292641639709473
2011-04-01,8.292641639709473
2011-04-04,8.338400840759277
2011-04-05,8.218916893005371
2011-04-06,8.155362129211426
2011-04-07,8.046048164367676
2011-04-08,8.000289916992188
2011-04-11,7.885890483856201
2011-04-12,7.60624885559082
2011-04-13,7.448633670806885
2011-04-14,7.326604843139648
2011-04-15,7.535068035125732
2011-04-18,7.235087871551514
2011-04-19,7.313896179199219
2011-04-20,7.494394302368164
2011-04-25,7.461345195770264
2011-04-26,7.4638872146606445
2011-04-27,7.3545708656311035
2011-04-28,7.308811664581299
2011-04-29,7.376859188079834
2011-05-02,7.325791835784912
2011-05-03,7.267063140869141
2011-05-04,7.228761196136475
2011-05-05,7.032148361206055
2011-05-06,6.950438499450684
2011-05-09,7.103642463684082
2011-05-10,7.103642463684082
2011-05-11,6.947883605957031
2011-05-12,6.884035110473633
2011-05-13,6.791423320770264
2011-05-16,6.791423320770264
2011-05-17,7.061537742614746
2011-05-18,6.958636283874512
2011-05-19,6.832585334777832
2011-05-20,6.945774078369141
2011-05-23,6.868599891662598
2011-05-24,6.896897315979004
2011-05-25,6.9226226806640625
2011-05-26,6.99465274810791
2011-05-27,7.020379066467285
2011-05-30,6.9406304359436035
2011-05-31,6.902043342590332
2011-06-01,6.89432430267334
2011-06-02,6.8377299308776855
2011-06-03,6.773416042327881
2011-06-06,6.629356384277344
2011-06-07,6.5650434494018555
2011-06-08,6.6370744705200195
2011-06-09,6.755409240722656
2011-06-10,6.739974498748779
2011-06-13,6.619065284729004
2011-06-14,6.727113246917725
2011-06-15,6.639646530151367
2011-06-16,6.655083179473877
2011-06-17,6.603630542755127
2011-06-20,6.55989933013916
2011-06-21,6.62421178817749
2011-06-22,6.613921642303467
2011-06-24,6.482724666595459
2011-06-27,6.5418901443481445
2011-06-28,6.649937629699707
2011-06-29,6.62421178817749
2011-06-30,6.752834796905518
2011-07-01,6.76569938659668
2011-07-04,6.752834796905518
2011-07-05,6.691096305847168
2011-07-06,6.678231716156006
2011-07-07,6.706531047821045
2011-07-08,6.670518398284912
2011-07-11,6.55989933013916
2011-07-12,6.55989933013916
2011-07-13,6.6370744705200195
2011-07-14,6.508450031280518
2011-07-15,6.529027938842773
2011-07-18,6.482724666595459
2011-07-19,6.433845043182373
2011-07-20,6.3823957443237305
2011-07-21,6.547037124633789
2011-07-22,6.55989933013916
2011-07-25,6.696241855621338
2011-07-26,6.786280155181885
2011-07-27,6.778562545776367
2011-07-28,6.703959941864014
2011-07-29,6.688525199890137
2011-08-01,6.727113246917725
2011-08-02,6.585623741149902
2011-08-03,6.405971527099609
2011-08-04,5.957292556762695
2011-08-05,5.8431806564331055
2011-08-08,5.381533622741699
2011-08-09,5.531958103179932
2011-08-10,5.679787635803223
2011-08-11,5.861334323883057
2011-08-12,5.8224334716796875
2011-08-15,6.042880058288574
2011-08-16,5.97026252746582
2011-08-17,5.991009712219238
2011-08-18,5.757594585418701
2011-08-19,5.664227485656738
2011-08-22,5.57086181640625
2011-08-23,5.731659412384033
2011-08-24,5.757594585418701
2011-08-25,5.653853893280029
2011-08-26,5.656444549560547
2011-08-29,5.861334323883057
2011-08-30,5.861334323883057
2011-08-31,5.95210599899292
2011-09-01,6.009165287017822
2011-09-02,5.82761812210083
2011-09-05,5.692755699157715
2011-09-06,5.8379926681518555
2011-09-08,5.913203716278076
2011-09-09,5.713503837585449
2011-09-12,5.773153781890869
2011-09-13,5.783529281616211
2011-09-14,5.861334323883057
2011-09-15,5.869113445281982
2011-09-16,5.863926410675049
2011-09-19,5.941733360290527
2011-09-20,5.874300003051758
2011-09-21,5.882081508636475
2011-09-22,5.550112247467041
2011-09-23,5.446372985839844
2011-09-26,5.63310432434082
2011-09-27,5.565672397613525
2011-09-28,5.500835418701172
2011-09-29,5.47490119934082
2011-09-30,5.420436859130859
2011-10-03,5.202583312988281
2011-10-04,5.22333288192749
2011-10-05,5.135150909423828
2011-10-06,5.340038776397705
2011-10-07,5.161085605621338
2011-10-10,5.358193397521973
2011-10-11,5.394502639770508
2011-10-13,5.456747055053711
2011-10-14,5.552706241607666
2011-10-17,5.433403968811035
2011-10-18,5.477492332458496
2011-10-19,5.433403968811035
2011-10-20,5.306323528289795
2011-10-21,5.446372985839844
2011-10-24,5.576048374176025
2011-10-25,5.576048374176025
2011-10-26,5.576048374176025
2011-10-27,5.576048374176025
2011-10-28,6.037693500518799
2011-10-31,5.985822677612305
2011-11-01,5.900236129760742
2011-11-03,6.138840198516846
2011-11-04,6.198489189147949
2011-11-07,6.385223388671875
2011-11-08,6.328164577484131
2011-11-09,6.02991247177124
2011-11-10,6.02991247177124
2011-11-11,6.185523509979248
2011-11-14,6.2116780281066895
2011-11-16,6.311065196990967
2011-11-17,6.127982139587402
2011-11-18,6.18029260635376
2011-11-21,6.146292209625244
2011-11-22,6.146292209625244
2011-11-23,6.0965986251831055
2011-11-24,6.127982139587402
2011-11-25,5.965824604034424
2011-11-28,6.141059875488281
2011-11-29,6.086135387420654
2011-11-30,6.30844783782959
2011-12-01,6.460144996643066
2011-12-02,6.441835880279541
2011-12-05,6.583070278167725
2011-12-06,6.6406097412109375
2011-12-07,6.624915599822998
2011-12-08,6.365988254547119
2011-12-09,6.473221302032471
2011-12-12,6.473221302032471
2011-12-13,6.303217887878418
2011-12-14,6.093983173370361
2011-12-15,6.031210422515869
2011-12-16,5.96320915222168
2011-12-19,5.937056064605713
2011-12-20,6.209061622619629
2011-12-21,6.133214473724365
2011-12-22,6.22213888168335
2011-12-23,6.250908374786377
2011-12-26,6.219521999359131
2011-12-27,6.216907501220703
2011-12-28,5.960594177246094
2011-12-29,6.015517234802246
2012-01-02,6.070443153381348
2012-01-03,6.33144998550415
2012-01-04,6.37099027633667
2012-01-05,6.33144998550415
2012-01-06,6.326179504394531
2012-01-09,6.452704906463623
2012-01-10,6.542324542999268
2012-01-11,6.550232887268066
2012-01-12,6.631947040557861
2012-01-13,6.687299728393555
2012-01-16,6.845453262329102
2012-01-17,6.845453262329102
2012-01-18,6.969339370727539
2012-01-19,6.956162452697754
2012-01-20,6.945616722106934
2012-01-23,7.196028709411621
2012-01-24,7.309373378753662
2012-01-26,7.167033672332764
2012-01-27,7.080049514770508
2012-01-30,7.064233779907227
2012-01-31,7.0932297706604
2012-02-01,7.169670104980469
2012-02-02,7.064233779907227
2012-02-03,7.080049514770508
2012-02-06,7.164395809173584
2012-02-07,7.3146443367004395
2012-02-08,7.272469997406006
2012-02-09,7.256654739379883
2012-02-10,6.655667304992676
2012-02-13,6.655667304992676
2012-02-14,6.560774326324463
2012-02-15,6.502785682678223
2012-02-16,6.718929767608643
2012-02-17,6.68466329574585
2012-02-23,6.682028293609619
2012-02-24,6.84018087387085
2012-02-27,6.734747409820557
2012-02-28,6.761102676391602
2012-02-29,6.774283409118652
2012-03-01,6.906077861785889
2012-03-02,7.0115156173706055
2012-03-05,6.80591344833374
2012-03-06,6.5475969314575195
2012-03-07,6.602949142456055
2012-03-08,6.610856533050537
2012-03-09,6.55550479888916
2012-03-12,6.5054216384887695
2012-03-13,6.761102676391602
2012-03-14,6.792734622955322
2012-03-15,6.616127967834473
2012-03-16,6.642487525939941
2012-03-19,6.655667304992676
2012-03-20,6.590609550476074
2012-03-21,6.556172847747803
2012-03-22,6.447565078735352
2012-03-23,6.468756198883057
2012-03-26,6.617098808288574
2012-03-27,6.5296831130981445
2012-03-28,6.402534484863281
2012-03-29,6.39988374710083
2012-03-30,6.436971187591553
2012-04-02,6.44491720199585
2012-04-03,6.256840705871582
2012-04-04,6.0899553298950195
2012-04-05,6.108499526977539
2012-04-09,5.978700160980225
2012-04-10,5.870092868804932
2012-04-11,5.920423984527588
2012-04-12,6.097902297973633
2012-04-13,5.944264888763428
2012-04-16,5.925721168518066
2012-04-17,5.923070430755615
2012-04-18,6.018434047698975
2012-04-19,5.917773246765137
2012-04-20,5.928369522094727
2012-04-23,5.867442607879639
2012-04-24,5.880687713623047
2012-04-25,5.846251487731934
2012-04-26,5.901880264282227
2012-04-27,5.854198932647705
2012-04-30,5.9310173988342285
2012-05-02,6.108499526977539
2012-05-03,5.917773246765137
2012-05-04,5.668772220611572
2012-05-07,5.695261478424072
2012-05-08,5.5893049240112305
2012-05-09,5.557515621185303
2012-05-10,5.5045366287231445
2012-05-11,5.401226043701172
2012-05-14,5.2995686531066895
2012-05-15,5.157782554626465
2012-05-16,5.3450469970703125
2012-05-17,5.136382579803467
2012-05-18,5.291543960571289
2012-05-21,5.291543960571289
2012-05-22,5.492185115814209
2012-05-23,5.355749130249023
2012-05-24,5.213963985443115
2012-05-25,5.168484687805176
2012-05-28,5.21663761138916
2012-05-29,5.2594404220581055
2012-05-30,5.139057159423828
2012-05-31,5.296894073486328
2012-06-01,5.270140647888184
2012-06-04,5.342372417449951
2012-06-05,5.2433905601501465
2012-06-06,5.350398063659668
2012-06-08,5.280843257904053
2012-06-11,5.123006343841553
2012-06-12,5.149759292602539
2012-06-13,5.251415729522705
2012-06-14,5.048099994659424
2012-06-15,5.120330810546875
2012-06-18,5.120330810546875
2012-06-19,5.468107223510742
2012-06-20,5.540338039398193
2012-06-21,5.342372417449951
2012-06-22,5.393199920654297
2012-06-25,4.943767547607422
2012-06-26,4.962494373321533
2012-06-27,4.879563331604004
2012-06-28,4.895614147186279
2012-06-29,5.056124687194824
2012-07-02,5.069502353668213
2012-07-03,5.267467021942139
2012-07-04,5.2433905601501465
2012-07-05,5.441354274749756
2012-07-06,5.318296432495117
2012-07-10,5.069502353668213
2012-07-11,5.106954097747803
2012-07-12,5.12835693359375
2012-07-13,5.417276859283447
2012-07-16,5.337022304534912
2012-07-17,5.32097053527832
2012-07-18,5.323646068572998
2012-07-19,5.422629356384277
2012-07-20,5.283517360687256
2012-07-23,5.203261852264404
2012-07-24,5.163136005401611
2012-07-25,5.230014324188232
2012-07-26,5.283517360687256
2012-07-27,5.564413547515869
2012-07-30,5.617917060852051
2012-07-31,5.36377477645874
2012-08-01,5.457407474517822
2012-08-02,5.393199920654297
2012-08-03,5.529637336730957
2012-08-06,5.537661552429199
2012-08-07,5.617917060852051
2012-08-08,5.9228901863098145
2012-08-09,5.8907880783081055
2012-08-10,5.888111114501953
2012-08-13,5.8720622062683105
2012-08-14,5.837284564971924
2012-08-15,5.885436534881592
2012-08-16,6.0084967613220215
2012-08-17,6.024548530578613
2012-08-20,6.024548530578613
2012-08-21,5.920214653015137
2012-08-22,5.984420299530029
2012-08-23,5.91754150390625
2012-08-24,5.874737739562988
2012-08-27,5.925565242767334
2012-08-28,5.898813247680664
2012-08-29,5.87741231918335
2012-08-30,5.807857513427734
2012-08-31,5.6981730461120605
2012-09-03,5.724925994873047
2012-09-04,5.64467191696167
2012-09-05,5.6981730461120605
2012-09-06,5.842636585235596
2012-09-10,5.842636585235596
2012-09-11,6.013847351074219
2012-09-12,6.120853900909424
2012-09-13,6.39372444152832
2012-09-14,6.514110565185547
2012-09-17,6.460605144500732
2012-09-18,6.436529636383057
2012-09-19,6.259964942932129
2012-09-20,6.313470840454102
2012-09-21,6.273341178894043
2012-09-24,6.342895984649658
2012-09-25,6.286718845367432
2012-09-26,6.313470840454102
2012-09-27,6.30811882019043
2012-09-28,6.233214855194092
2012-10-01,6.246590614318848
2012-10-02,6.294742584228516
2012-10-03,6.198436260223389
2012-10-04,6.2198381423950195
2012-10-05,6.179709434509277
2012-10-08,6.23588752746582
2012-10-09,6.179709434509277
2012-10-10,6.139581680297852
2012-10-11,6.246590614318848
2012-10-15,6.334872245788574
2012-10-16,6.334872245788574
2012-10-17,6.273341178894043
2012-10-18,6.286718845367432
2012-10-19,6.160984039306641
2012-10-22,6.139581680297852
2012-10-23,6.019197463989258
2012-10-24,5.957668781280518
2012-10-25,6.024548530578613
2012-10-26,6.123531818389893
2012-10-29,5.912189960479736
2012-10-30,5.965693473815918
2012-10-31,5.751677989959717
2012-11-01,5.791806697845459
2012-11-05,5.885436534881592
2012-11-06,6.003148078918457
2012-11-07,5.856010437011719
2012-11-08,5.687473297119141
2012-11-09,5.735628128051758
2012-11-12,5.6366448402404785
2012-11-13,5.647343635559082
2012-11-14,5.457407474517822
2012-11-16,5.2487406730651855
2012-11-19,5.283517360687256
2012-11-21,5.136382579803467
2012-11-22,5.149759292602539
2012-11-23,5.30224609375
2012-11-26,5.18186092376709
2012-11-27,5.1016035079956055
2012-11-28,5.136382579803467
2012-11-29,5.224663734436035
2012-11-30,5.109630107879639
2012-12-03,5.197912693023682
2012-12-04,5.125680446624756
2012-12-05,5.160459518432617
2012-12-06,5.093578815460205
2012-12-07,5.203261852264404
2012-12-10,5.331671237945557
2012-12-11,5.414602756500244
2012-12-12,5.36644983291626
2012-12-13,5.288869380950928
2012-12-14,5.497533321380615
2012-12-17,5.409252166748047
2012-12-18,5.457407474517822
2012-12-19,5.652695655822754
2012-12-20,5.69014835357666
2012-12-21,5.585814952850342
2012-12-26,5.401227951049805
2012-12-27,5.21663761138916
2012-12-28,5.230014324188232
2013-01-02,5.30759334564209
2013-01-03,5.50555944442749
2013-01-04,5.52428674697876
2013-01-07,5.452054977416992
2013-01-08,5.296894073486328
2013-01-09,5.350398063659668
2013-01-10,5.385174751281738
2013-01-11,5.3985514640808105
2013-01-14,5.36644983291626
2013-01-15,5.385174751281738
2013-01-16,5.403902530670166
2013-01-17,5.36644983291626
2013-01-18,5.323646068572998
2013-01-21,5.2728166580200195
2013-01-22,5.342372417449951
2013-01-23,5.304920673370361
2013-01-24,5.3289947509765625
2013-01-28,5.2433905601501465
2013-01-29,5.173834800720215
2013-01-30,4.908989429473877
2013-01-31,4.876887798309326
2013-02-01,4.9812211990356445
2013-02-04,4.8421101570129395
2013-02-05,4.440829753875732
2013-02-06,4.384650707244873
2013-02-07,4.307070255279541
2013-02-08,4.280319690704346
2013-02-13,4.245541095733643
2013-02-14,4.224138259887695
2013-02-15,4.2000627517700195
2013-02-18,4.272293567657471
2013-02-19,4.266942024230957
2013-02-20,4.151909351348877
2013-02-21,4.058277130126953
2013-02-22,4.039551258087158
2013-02-25,3.9860451221466064
2013-02-26,3.9325428009033203
2013-02-27,3.940568447113037
2013-02-28,3.87636399269104
2013-03-01,3.927192211151123
2013-03-04,3.8068079948425293
2013-03-05,3.8121585845947266
2013-03-06,4.39000129699707
2013-03-07,4.606692314147949
2013-03-08,4.467581748962402
2013-03-11,4.598667621612549
2013-03-12,4.531786918640137
2013-03-13,4.5210862159729
2013-03-14,4.662871837615967
2013-03-15,4.76185417175293
2013-03-18,4.716375350952148
2013-03-19,4.673572540283203
2013-03-20,4.614717960357666
2013-03-21,4.534461975097656
2013-03-22,4.550513744354248
2013-03-25,4.518411159515381
2013-03-26,4.5210862159729
2013-03-27,4.5210862159729
2013-03-28,4.5210862159729
2013-04-01,4.427453517913818
2013-04-02,4.3231201171875
2013-04-03,4.440829753875732
2013-04-04,4.355224609375
2013-04-05,4.36592435836792
2013-04-08,4.280319690704346
2013-04-09,4.5077104568481445
2013-04-10,4.547837734222412
2013-04-11,4.44350528717041
2013-04-12,4.39000129699707
2013-04-15,4.186687469482422
2013-04-16,4.266942024230957
2013-04-17,4.133182048797607
2013-04-18,4.3043951988220215
2013-04-19,4.478282928466797
2013-04-22,4.582615852355957
2013-04-23,4.70835018157959
2013-04-24,4.831408977508545
2013-04-25,4.780580997467041
2013-04-26,4.780580997467041
2013-04-29,5.125680446624756
2013-04-30,5.133707046508789
2013-05-02,5.149759292602539
2013-05-03,5.082878589630127
2013-05-06,5.197912693023682
2013-05-07,5.240715026855469
2013-05-08,5.149759292602539
2013-05-09,5.160459518432617
2013-05-10,5.136382579803467
2013-05-13,5.015998363494873
2013-05-14,5.029373645782471
2013-05-15,5.058802127838135
2013-05-16,5.03204870223999
2013-05-17,5.106954097747803
2013-05-20,5.171159267425537
2013-05-21,5.184535980224609
2013-05-22,5.040074348449707
2013-05-23,5.002621173858643
2013-05-24,4.999947547912598
2013-05-27,4.962494373321533
2013-05-28,5.061477184295654
2013-05-29,5.010647773742676
2013-05-31,5.074852466583252
2013-06-03,5.088228702545166
2013-06-04,5.064151763916016
2013-06-05,4.8421101570129395
2013-06-06,4.847461700439453
2013-06-07,4.713700771331787
2013-06-10,4.743128299713135
2013-06-11,4.604017734527588
2013-06-12,4.4729323387146
2013-06-13,4.641469955444336
2013-06-14,4.422104835510254
2013-06-17,4.470257759094238
2013-06-18,4.403378009796143
2013-06-19,4.293694496154785
2013-06-20,4.293694496154785
2013-06-21,4.090378284454346
2013-06-24,3.945918321609497
2013-06-25,3.9325428009033203
2013-06-26,3.959294080734253
2013-06-27,3.9833712577819824
2013-06-28,3.959294080734253
2013-07-01,3.937892436981201
2013-07-02,3.782731056213379
2013-07-03,3.860311985015869
2013-07-04,3.8977653980255127
2013-07-05,3.659672737121582
2013-07-08,3.640946388244629
2013-07-10,3.6917741298675537
2013-07-11,3.9673213958740234
2013-07-12,3.892413854598999
2013-07-15,3.9432430267333984
2013-07-16,4.004773139953613
2013-07-17,4.1064300537109375
2013-07-18,4.154582977294922
2013-07-19,4.162609577178955
2013-07-22,4.2268147468566895
2013-07-23,4.307070255279541
2013-07-24,4.269617557525635
2013-07-25,4.341846466064453
2013-07-26,4.341846466064453
2013-07-29,4.248216152191162
2013-07-30,4.14388370513916
2013-07-31,4.114457130432129
2013-08-01,4.307070255279541
2013-08-02,4.280319690704346
2013-08-05,4.221464157104492
2013-08-06,4.1010823249816895
2013-08-07,4.098404407501221
2013-08-08,4.229489326477051
2013-08-09,4.301720142364502
2013-08-12,4.237515449523926
2013-08-13,4.237515449523926
2013-08-14,4.31242036819458
2013-08-15,4.566564559936523
2013-08-16,4.598667621612549
2013-08-19,4.529111862182617
2013-08-20,4.36592435836792
2013-08-21,4.41675329208374
2013-08-22,4.652170658111572
2013-08-23,4.681598663330078
2013-08-26,4.585290908813477
2013-08-27,4.432804107666016
2013-08-28,4.3257975578308105
2013-08-29,4.272293567657471
2013-08-30,4.293694496154785
2013-09-02,4.320446968078613
2013-09-03,4.253565788269043
2013-09-04,4.3231201171875
2013-09-05,4.464907169342041
2013-09-06,4.5077104568481445
2013-09-09,4.62809419631958
2013-09-10,4.681598663330078
2013-09-11,4.673572540283203
2013-09-12,4.510385513305664
2013-09-13,4.593317031860352
2013-09-16,4.665546417236328
2013-09-17,4.70835018157959
2013-09-18,4.775230884552002
2013-09-19,4.8019819259643555
2013-09-20,4.740451335906982
2013-09-23,4.713700771331787
2013-09-24,4.654846668243408
2013-09-25,4.64682149887085
2013-09-26,4.657521724700928
2013-09-27,4.6361188888549805
2013-09-30,4.537137985229492
2013-10-01,4.638794422149658
2013-10-02,4.622743129730225
2013-10-03,4.593317031860352
2013-10-04,4.652170658111572
2013-10-07,4.62809419631958
2013-10-08,4.526437759399414
2013-10-09,4.502360820770264
2013-10-10,4.553188800811768
2013-10-11,4.547837734222412
2013-10-14,4.566564559936523
2013-10-15,4.587965965270996
2013-10-16,4.542489528656006
2013-10-17,4.550513744354248
2013-10-18,4.510385513305664
2013-10-21,4.732427597045898
2013-10-22,4.654846668243408
2013-10-23,4.5719170570373535
2013-10-24,4.563889026641846
2013-10-25,4.62809419631958
2013-10-28,5.082878589630127
2013-10-29,5.048099994659424
2013-10-30,5.072176456451416
2013-10-31,5.227338790893555
2013-11-01,5.093578815460205
2013-11-04,5.21663761138916
2013-11-05,5.18988561630249
2013-11-06,5.2433905601501465
2013-11-07,5.123006343841553
2013-11-08,5.015998363494873
2013-11-11,5.163136005401611
2013-11-12,4.978545665740967
2013-11-13,5.106954097747803
2013-11-14,5.2433905601501465
2013-11-18,5.441354274749756
2013-11-19,5.361098289489746
2013-11-21,5.353074073791504
2013-11-22,5.30224609375
2013-11-25,5.203261852264404
2013-11-26,4.868862628936768
2013-11-27,4.876887798309326
2013-11-28,4.743128299713135
2013-11-29,4.900964260101318
2013-12-02,4.392677307128906
2013-12-03,4.432804107666016
2013-12-04,4.427453517913818
2013-12-05,4.4140777587890625
2013-12-06,4.320446968078613
2013-12-09,4.352549076080322
2013-12-10,4.31242036819458
2013-12-11,4.189361095428467
2013-12-12,4.2000627517700195
2013-12-13,4.269617557525635
2013-12-16,4.307070255279541
2013-12-17,4.165284156799316
2013-12-18,4.2027387619018555
2013-12-19,4.293694496154785
2013-12-20,4.2268147468566895
2013-12-23,4.245541095733643
2013-12-26,4.2268147468566895
2013-12-27,4.256242275238037
2013-12-30,4.277642726898193
2014-01-02,4.232163906097412
2014-01-03,4.14655876159668
2014-01-06,4.197386741638184
2014-01-07,4.066302299499512
2014-01-08,4.068978309631348
2014-01-09,3.959294080734253
2014-01-10,4.015473365783691
2014-01-13,3.935218334197998
2014-01-14,3.91916561126709
2014-01-15,4.044900894165039
2014-01-16,3.935218334197998
2014-01-17,3.908464193344116
2014-01-20,3.8255350589752197
2014-01-21,3.838909864425659
2014-01-22,3.956618070602417
2014-01-23,3.8656630516052246
2014-01-24,3.7666802406311035
2014-01-27,3.7506284713745117
2014-01-28,3.7506284713745117
2014-01-29,3.678398609161377
2014-01-30,3.6489715576171875
2014-01-31,3.683748483657837
2014-02-03,3.5045104026794434
2014-02-04,3.5499894618988037
2014-02-05,3.4670591354370117
2014-02-06,3.5580148696899414
2014-02-07,3.6195435523986816
2014-02-10,3.643622398376465
2014-02-11,3.7533042430877686
2014-02-12,3.745278835296631
2014-02-13,3.6703734397888184
2014-02-14,3.6730480194091797
2014-02-17,3.6034936904907227
2014-02-18,3.555340051651001
2014-02-19,3.5847673416137695
2014-02-20,3.574066400527954
2014-02-21,3.5847673416137695
2014-02-24,3.6489715576171875
2014-02-25,3.552664041519165
2014-02-26,3.4510068893432617
2014-02-27,3.566040515899658
2014-02-28,3.4750826358795166
2014-03-05,3.4001781940460205
2014-03-06,3.4590330123901367
2014-03-07,3.397503614425659
2014-03-10,3.3386483192443848
2014-03-11,3.3386483192443848
2014-03-12,3.36540150642395
2014-03-13,3.319922685623169
2014-03-14,3.2369906902313232
2014-03-17,3.2155890464782715
2014-03-18,3.3092215061187744
2014-03-19,3.4242546558380127
2014-03-20,3.592792272567749
2014-03-21,3.611518621444702
2014-03-24,3.7292275428771973
2014-03-25,3.7586545944213867
2014-03-26,3.6864233016967773
2014-03-27,3.9646456241607666
2014-03-28,4.015473365783691
2014-03-31,4.002098083496094
2014-04-01,4.026174545288086
2014-04-02,4.044900894165039
2014-04-03,4.174740791320801
2014-04-04,4.133133888244629
2014-04-07,4.396655559539795
2014-04-08,4.271827697753906
2014-04-09,4.224673271179199
2014-04-10,4.2080302238464355
2014-04-11,4.330082893371582
2014-04-14,4.2607340812683105
2014-04-15,4.1137166023254395
2014-04-16,4.1830644607543945
2014-04-17,4.335629463195801
2014-04-22,4.227446556091309
2014-04-23,4.221899509429932
2014-04-24,4.241317272186279
2014-04-25,4.194159030914307
2014-04-28,4.341177940368652
2014-04-29,4.368916988372803
2014-04-30,4.349499702453613
2014-05-02,4.499290466308594
2014-05-05,4.549221515655518
2014-05-06,4.729525089263916
2014-05-07,4.82661247253418
2014-05-08,4.665725231170654
2014-05-09,4.621342658996582
2014-05-12,4.737847328186035
2014-05-13,4.726752281188965
2014-05-14,4.807195663452148
2014-05-15,4.723977565765381
2014-05-16,4.687916278839111
2014-05-19,4.668499946594238
2014-05-20,4.504838466644287
2014-05-21,4.5658650398254395
2014-05-22,4.593603610992432
2014-05-23,4.604700088500977
2014-05-26,4.654628753662109
2014-05-27,4.551995277404785
2014-05-28,4.590829372406006
2014-05-29,4.502063274383545
2014-05-30,4.330082893371582
2014-06-02,4.3439507484436035
2014-06-03,4.427168369293213
2014-06-04,4.368916988372803
2014-06-05,4.294020175933838
2014-06-06,4.624116897583008
2014-06-09,4.687916278839111
2014-06-10,4.76281213760376
2014-06-11,4.901508331298828
2014-06-13,4.951440334320068
2014-06-16,4.890411376953125
2014-06-17,4.796098709106445
2014-06-18,4.970856189727783
2014-06-20,4.870995044708252
2014-06-23,4.785004138946533
2014-06-24,4.65740442276001
2014-06-25,4.502063274383545
2014-06-26,4.493741989135742
2014-06-27,4.452134609222412
2014-06-30,4.504838466644287
2014-07-01,4.452134609222412
2014-07-02,4.463230609893799
2014-07-03,4.532577037811279
2014-07-04,4.529804706573486
2014-07-07,4.474325180053711
2014-07-08,4.47709846496582
2014-07-10,4.710109233856201
2014-07-11,4.718430042266846
2014-07-14,4.898734092712402
2014-07-15,4.923699855804443
2014-07-16,4.951440334320068
2014-07-17,5.0429768562316895
2014-07-18,5.3175950050354
2014-07-21,5.40081262588501
2014-07-22,5.403587341308594
2014-07-23,5.2732133865356445
2014-07-24,5.2732133865356445
2014-07-25,5.337013244628906
2014-07-28,5.259343147277832
2014-07-29,5.112326145172119
2014-07-30,5.181674003601074
2014-07-31,4.9902729988098145
2014-08-01,4.954212665557861
2014-08-04,5.067944049835205
2014-08-05,5.095682621002197
2014-08-06,5.281534671783447
2014-08-07,5.214961051940918
2014-08-08,5.031883239746094
2014-08-11,5.206639766693115
2014-08-12,5.120647430419922
2014-08-13,4.857126235961914
2014-08-14,4.848803520202637
2014-08-15,5.2260565757751465
2014-08-18,5.292629241943359
2014-08-19,5.46183967590332
2014-08-20,5.581116199493408
2014-08-21,5.575568199157715
2014-08-22,5.470159530639648
2014-08-25,5.75587272644043
2014-08-26,5.728135585784912
2014-08-27,5.99720573425293
2014-08-28,5.950047016143799
2014-08-29,6.124804973602295
2014-09-01,6.2357611656188965
2014-09-02,6.460449695587158
2014-09-03,6.318978786468506
2014-09-04,6.0193963050842285
2014-09-05,6.0277180671691895
2014-09-08,5.739230632781982
2014-09-09,5.656012535095215
2014-09-10,5.520091533660889
2014-09-11,5.583890438079834
2014-09-12,5.3037261962890625
2014-09-15,5.398037433624268
2014-09-16,5.633821487426758
2014-09-17,5.786386966705322
2014-09-18,5.60608434677124
2014-09-19,5.506220817565918
2014-09-22,5.381394863128662
2014-09-23,5.287081718444824
2014-09-24,5.29540491104126
2014-09-25,5.2205071449279785
2014-09-26,5.497901439666748
2014-09-29,4.923699855804443
2014-09-30,4.785004138946533
2014-10-01,4.549221515655518
2014-10-02,4.601925373077393
2014-10-03,4.85435152053833
2014-10-06,5.3259172439575195
2014-10-07,5.533960342407227
2014-10-08,5.431326389312744
2014-10-09,5.536733150482178
2014-10-10,5.214961051940918
2014-10-13,5.75587272644043
2014-10-14,5.664333820343018
2014-10-15,5.275986194610596
2014-10-16,4.893185615539551
2014-10-17,5.0429768562316895
2014-10-20,4.776680946350098
2014-10-21,4.5381245613098145
2014-10-22,4.452134609222412
2014-10-23,4.174740791320801
2014-10-24,4.355045795440674
2014-10-27,3.9028992652893066
2014-10-28,4.024950981140137
2014-10-29,3.7531070709228516
2014-10-30,3.8224546909332275
2014-10-31,4.063785552978516
2014-11-03,3.952829122543335
2014-11-04,3.952829122543335
2014-11-05,3.84464693069458
2014-11-06,3.7586562633514404
2014-11-07,3.8196799755096436
2014-11-10,3.7198197841644287
2014-11-11,3.742011308670044
2014-11-12,3.7558813095092773
2014-11-13,3.642150640487671
2014-11-14,3.5450634956359863
2014-11-17,3.364759683609009
2014-11-18,3.312054395675659
2014-11-19,3.400820732116699
2014-11-21,3.7808470726013184
2014-11-24,3.7253682613372803
2014-11-25,3.6837592124938965
2014-11-26,3.68098521232605
2014-11-27,3.5367422103881836
2014-11-28,3.378628969192505
2014-12-01,3.2094192504882812
2014-12-02,3.178905963897705
2014-12-03,3.3286983966827393
2014-12-04,3.170583963394165
2014-12-05,3.1761324405670166
2014-12-08,2.973637104034424
2014-12-09,2.926481008529663
2014-12-10,2.8044283390045166
2014-12-11,2.785010814666748
2014-12-12,2.624124050140381
2014-12-15,2.3633761405944824
2014-12-16,2.41330623626709
2014-12-17,2.5076191425323486
2014-12-18,2.5020713806152344
2014-12-19,2.6185755729675293
2014-12-22,2.748950719833374
2014-12-23,2.9126107692718506
2014-12-26,2.7323062419891357
2014-12-29,2.7378547191619873
2014-12-30,2.6601853370666504
2015-01-02,2.496523857116699
2015-01-05,2.2940285205841064
2015-01-06,2.235775947570801
2015-01-07,2.3439581394195557
2015-01-08,2.5020713806152344
2015-01-09,2.5769670009613037
2015-01-12,2.4327242374420166
2015-01-13,2.449367046356201
2015-01-14,2.3578274250030518
2015-01-15,2.565871238708496
2015-01-16,2.560323715209961
2015-01-19,2.4632365703582764
2015-01-20,2.466010808944702
2015-01-21,2.624124050140381
2015-01-22,2.7212109565734863
2015-01-23,2.6407673358917236
2015-01-26,2.6463146209716797
2015-01-27,2.6740541458129883
2015-01-28,2.393888473510742
2015-01-29,2.349506139755249
2015-01-30,2.2302277088165283
2015-02-02,2.3772456645965576
2015-02-03,2.715663194656372
2015-02-04,2.7461764812469482
2015-02-05,2.6796021461486816
2015-02-06,2.504845142364502
2015-02-09,2.552001476287842
2015-02-10,2.449367046356201
2015-02-11,2.4549145698547363
2015-02-12,2.5991578102111816
2015-02-13,2.7128891944885254
2015-02-18,2.7600457668304443
2015-02-19,2.6740541458129883
2015-02-20,2.6463146209716797
2015-02-23,2.6019325256347656
2015-02-24,2.701793670654297
2015-02-25,2.5797414779663086
2015-02-26,2.552001476287842
2015-02-27,2.629671573638916
2015-03-02,2.5741934776306152
2015-03-03,2.637993097305298
2015-03-04,2.538132667541504
2015-03-05,2.554776191711426
2015-03-06,2.5214884281158447
2015-03-09,2.4382712841033936
2015-03-10,2.3078973293304443
2015-03-11,2.349506139755249
2015-03-12,2.296801805496216
2015-03-13,2.2607409954071045
2015-03-16,2.288479804992676
2015-03-17,2.4160807132720947
2015-03-18,2.5214884281158447
2015-03-19,2.410531997680664
2015-03-20,2.5409059524536133
2015-03-23,2.557549476623535
2015-03-24,2.5630974769592285
2015-03-25,2.6962456703186035
2015-03-26,2.560323715209961
2015-03-27,2.557549476623535
2015-03-30,2.6601853370666504
2015-03-31,2.6574103832244873
2015-04-01,2.7961058616638184
2015-04-02,2.9403510093688965
2015-04-06,2.934802293777466
2015-04-07,3.004150152206421
2015-04-08,2.9292547702789307
2015-04-09,3.2010979652404785
2015-04-10,3.281541347503662
2015-04-13,3.445202589035034
2015-04-14,3.453524112701416
2015-04-15,3.7253682613372803
2015-04-16,3.625507354736328
2015-04-17,3.68098521232605
2015-04-20,3.672663688659668
2015-04-22,3.6920816898345947
2015-04-23,3.9001245498657227
2015-04-24,4.077655792236328
2015-04-27,3.7808470726013184
2015-04-28,3.7808470726013184
2015-04-29,3.8085861206054688
2015-04-30,3.952829122543335
2015-05-04,4.171969890594482
2015-05-05,4.3439507484436035
2015-05-06,4.108169078826904
2015-05-07,4.063785552978516
2015-05-08,4.022176265716553
2015-05-11,4.069333076477051
2015-05-12,4.077655792236328
2015-05-13,4.138681888580322
2015-05-14,4.108169078826904
2015-05-15,4.174740791320801
2015-05-18,4.06101131439209
2015-05-19,3.814134120941162
2015-05-20,3.8002638816833496
2015-05-21,3.999985456466675
2015-05-22,3.911219835281372
2015-05-25,3.836324453353882
2015-05-26,3.7059507369995117
2015-05-27,3.7503342628479004
2015-05-28,3.775299549102783
2015-05-29,3.6754372119903564
2015-06-01,3.6754372119903564
2015-06-02,3.841872215270996
2015-06-03,3.836324453353882
2015-06-05,3.7503342628479004
2015-06-08,3.7586562633514404
2015-06-09,3.8973515033721924
2015-06-10,3.9250895977020264
2015-06-11,3.9250895977020264
2015-06-12,3.933411121368408
2015-06-15,3.938960313796997
2015-06-16,4.072107315063477
2015-06-17,4.019403457641602
2015-06-18,4.10539436340332
2015-06-19,4.024950981140137
2015-06-22,4.036046504974365
2015-06-23,3.9805679321289062
2015-06-24,4.0554633140563965
2015-06-25,3.877932548522949
2015-06-26,4.063785552978516
2015-06-29,3.8973515033721924
2015-06-30,3.8918023109436035
2015-07-01,3.7503342628479004
2015-07-02,3.783620834350586
2015-07-03,3.5922205448150635
2015-07-06,3.564480781555176
2015-07-07,3.6504714488983154
2015-07-08,3.600541114807129
2015-07-10,3.68098521232605
2015-07-13,3.68098521232605
2015-07-14,3.7475602626800537
2015-07-15,3.656020164489746
2015-07-16,3.68098521232605
2015-07-17,3.500680685043335
2015-07-20,3.289863348007202
2015-07-21,3.2870891094207764
2015-07-22,3.1567163467407227
2015-07-23,3.1317498683929443
2015-07-24,3.0762720108032227
2015-07-27,2.890420436859131
2015-07-28,3.0457587242126465
2015-07-29,3.2732200622558594
2015-07-30,3.1955506801605225
2015-07-31,3.212193727493286
2015-08-03,3.0457587242126465
2015-08-04,3.081819534301758
2015-08-05,3.048532485961914
2015-08-06,3.178905963897705
2015-08-07,2.9431235790252686
2015-08-10,3.0540807247161865
2015-08-11,3.042985439300537
2015-08-12,3.059628963470459
2015-08-13,2.934802293777466
2015-08-14,2.871002435684204
2015-08-17,2.8293936252593994
2015-08-18,2.7794625759124756
2015-08-19,2.7101149559020996
2015-08-20,2.687924385070801
2015-08-21,2.552001476287842
2015-08-24,2.41330623626709
2015-08-25,2.4632365703582764
2015-08-26,2.5325849056243896
2015-08-27,2.818297863006592
2015-08-28,2.8515841960906982
2015-08-31,2.9458978176116943
2015-09-01,2.7600457668304443
2015-09-02,2.8293936252593994
2015-09-03,2.840489149093628
2015-09-04,2.7461764812469482
2015-09-08,2.7877840995788574
2015-09-09,2.685150146484375
2015-09-10,2.582514762878418
2015-09-11,2.443819046020508
2015-09-14,2.449367046356201
2015-09-15,2.4216277599334717
2015-09-16,2.629671573638916
2015-09-17,2.5741934776306152
2015-09-18,2.4715585708618164
2015-09-21,2.3911149501800537
2015-09-22,2.3162193298339844
2015-09-23,2.2912538051605225
2015-09-24,2.3023500442504883
2015-09-25,2.241323232650757
2015-09-28,2.1275928020477295
2015-09-29,2.177522897720337
2015-09-30,2.3689236640930176
2015-10-01,2.3217670917510986
2015-10-02,2.538132667541504
2015-10-05,2.607480525970459
2015-10-06,2.7434020042419434
2015-10-07,2.8848717212677
2015-10-08,2.981959342956543
2015-10-09,2.970862865447998
2015-10-13,2.7295327186584473
2015-10-14,2.6518630981445312
2015-10-15,2.6796021461486816
2015-10-16,2.690697431564331
2015-10-19,2.68237566947937
2015-10-20,2.7184369564056396
2015-10-21,2.632446050643921
2015-10-22,2.7128891944885254
2015-10-23,2.687924385070801
2015-10-26,2.6657321453094482
2015-10-27,2.5630974769592285
2015-10-28,2.607480525970459
2015-10-29,2.5797414779663086
2015-10-30,2.6019325256347656
2015-11-03,2.9292547702789307
2015-11-04,2.7434020042419434
2015-11-05,2.7461764812469482
2015-11-06,2.6574103832244873
2015-11-09,2.5714194774627686
2015-11-10,2.554776191711426
2015-11-11,2.568645477294922
2015-11-12,2.5020713806152344
2015-11-13,2.435497522354126
2015-11-16,2.6019325256347656
2015-11-17,2.6130282878875732
2015-11-18,2.6407673358917236
2015-11-19,2.637993097305298
2015-11-23,2.7323062419891357
2015-11-24,2.8987410068511963
2015-11-25,2.6796021461486816
2015-11-26,2.690697431564331
2015-11-27,2.5880627632141113
2015-11-30,2.6102535724639893
2015-12-01,2.5630974769592285
2015-12-02,2.6268978118896484
2015-12-03,2.7184369564056396
2015-12-04,2.5325849056243896
2015-12-07,2.396662712097168
2015-12-08,2.3689236640930176
2015-12-09,2.624124050140381
2015-12-10,2.552001476287842
2015-12-11,2.4549145698547363
2015-12-14,2.4327242374420166
2015-12-15,2.5242626667022705
2015-12-16,2.4826536178588867
2015-12-17,2.4465928077697754
2015-12-18,2.402210235595703
2015-12-21,2.305123805999756
2015-12-22,2.3689236640930176
2015-12-23,2.4632365703582764
2015-12-28,2.388340473175049
2015-12-29,2.3772456645965576
2015-12-30,2.3772456645965576
2016-01-04,2.404984712600708
2016-01-05,2.3439581394195557
2016-01-06,2.235775947570801
2016-01-07,2.1719753742218018
2016-01-08,2.180297374725342
2016-01-11,2.102627992630005
2016-01-12,1.9417403936386108
2016-01-13,1.8862619400024414
2016-01-14,2.0055408477783203
2016-01-15,1.8612970113754272
2016-01-18,1.7475664615631104
2016-01-19,1.7059577703475952
2016-01-20,1.644931674003601
2016-01-21,1.7447929382324219
2016-01-22,1.722601294517517
2016-01-26,1.6532533168792725
2016-01-27,1.8141403198242188
2016-01-28,1.8085927963256836
2016-01-29,1.92232346534729
2016-02-01,1.8252357244491577
2016-02-02,1.6698969602584839
2016-02-03,1.7142797708511353
2016-02-04,1.8502012491226196
2016-02-05,1.7725317478179932
2016-02-10,1.6976364850997925
2016-02-11,1.6393839120864868
2016-02-12,1.7503403425216675
2016-02-15,1.7836276292800903
2016-02-16,1.7447929382324219
2016-02-17,1.8807142972946167
2016-02-18,1.8307843208312988
2016-02-19,1.7697583436965942
2016-02-22,2.055471181869507
2016-02-23,1.963931918144226
2016-02-24,1.9500622749328613
2016-02-25,1.9361929893493652
2016-02-26,1.9112273454666138
2016-02-29,2.038827896118164
2016-03-01,2.099853992462158
2016-03-02,2.246870994567871
2016-03-03,2.527036428451538
2016-03-04,2.768366575241089
2016-03-07,2.748950719833374
2016-03-08,2.6768290996551514
2016-03-09,2.6518630981445312
2016-03-10,2.7212109565734863
2016-03-11,2.7988803386688232
2016-03-14,2.6463146209716797
2016-03-15,2.4715585708618164
2016-03-16,2.6629586219787598
2016-03-17,2.8959672451019287
2016-03-18,2.857132911682129
2016-03-21,2.8432631492614746
2016-03-22,2.9070627689361572
2016-03-23,2.751723289489746
2016-03-24,2.7711410522460938
2016-03-28,2.948671817779541
2016-03-29,2.948671817779541
2016-03-30,2.9680888652801514
2016-03-31,2.948671817779541
2016-04-01,2.9209325313568115
2016-04-04,2.6629586219787598
2016-04-05,2.723984718322754
2016-04-06,2.699018716812134
2016-04-07,2.7572710514068604
2016-04-08,2.909836769104004
2016-04-11,2.890420436859131
2016-04-12,3.148394823074341
2016-04-13,3.281541347503662
2016-04-14,3.1816811561584473
2016-04-15,3.314828634262085
2016-04-18,3.2648983001708984
2016-04-19,3.4285595417022705
2016-04-20,3.423011302947998
2016-04-22,3.578350782394409
2016-04-25,3.4285595417022705
2016-04-26,3.5450634956359863
2016-04-27,3.717046022415161
2016-04-28,3.764202356338501
2016-04-29,3.68098521232605
2016-05-02,3.68098521232605
2016-05-03,3.556159734725952
2016-05-04,3.59499454498291
2016-05-05,3.506228446960449
2016-05-06,3.58667254447937
2016-05-09,3.348116397857666
2016-05-10,3.564480781555176
2016-05-11,3.5811243057250977
2016-05-12,3.525646209716797
2016-05-13,3.3619840145111084
2016-05-16,3.478489875793457
2016-05-17,3.439654588699341
2016-05-18,3.331472158432007
2016-05-19,3.1927759647369385
2016-05-20,3.142845630645752
2016-05-23,3.0624024868011475
2016-05-24,3.0762720108032227
2016-05-25,3.0790457725524902
2016-05-27,2.909836769104004
2016-05-30,2.934802293777466
2016-05-31,2.8238449096679688
2016-06-01,2.8876452445983887
2016-06-02,2.9680888652801514
2016-06-03,2.998602867126465
2016-06-06,2.99582839012146
2016-06-07,3.087367296218872
2016-06-08,3.342566967010498
2016-06-09,3.259350061416626
2016-06-10,3.059628963470459
2016-06-13,3.0013766288757324
2016-06-14,2.9070627689361572
2016-06-15,2.9514458179473877
2016-06-16,2.987506628036499
2016-06-17,3.159489393234253
2016-06-20,3.253803253173828
2016-06-21,3.312054395675659
2016-06-22,3.231611490249634
2016-06-23,3.342566967010498
2016-06-24,3.170583963394165
2016-06-27,2.99582839012146
2016-06-28,3.120654821395874
2016-06-29,3.2094192504882812
2016-06-30,3.1927759647369385
2016-07-01,3.345341205596924
2016-07-04,3.3342466354370117
2016-07-05,3.1456196308135986
2016-07-06,3.2427070140838623
2016-07-07,3.320376396179199
2016-07-08,3.4119155406951904
2016-07-11,3.5755763053894043
2016-07-12,3.6865336894989014
2016-07-13,3.6033151149749756
2016-07-14,3.6948556900024414
2016-07-15,3.667114734649658
2016-07-18,3.7891671657562256
2016-07-19,3.836324453353882
2016-07-20,3.786393642425537
2016-07-21,3.8280029296875
2016-07-22,3.814134120941162
2016-07-25,3.8169071674346924
2016-07-26,3.811359405517578
2016-07-27,3.772523880004883
2016-07-28,3.7004024982452393
2016-07-29,3.8862557411193848
2016-08-01,3.6587936878204346
2016-08-02,3.5977683067321777
2016-08-03,3.7586562633514404
2016-08-04,3.764202356338501
2016-08-05,3.6782119274139404
2016-08-08,3.814134120941162
2016-08-09,3.7947158813476562
2016-08-10,3.6504714488983154
2016-08-11,3.7947158813476562
2016-08-12,3.858515739440918
2016-08-15,4.027724742889404
2016-08-16,4.066559791564941
2016-08-17,4.1359076499938965
2016-08-18,4.21080207824707
2016-08-19,4.177515029907227
2016-08-22,4.013855457305908
2016-08-23,4.141455173492432
2016-08-24,4.06101131439209
2016-08-25,4.119264125823975
2016-08-26,4.149777412414551
2016-08-29,4.2135772705078125
2016-08-30,4.21080207824707
2016-08-31,4.088750839233398
2016-09-01,4.12481164932251
2016-09-02,4.335629463195801
2016-09-05,4.460455417633057
2016-09-06,4.438263893127441
2016-09-08,4.546446323394775
2016-09-09,4.299567699432373
2016-09-12,4.446586608886719
2016-09-13,4.108169078826904
2016-09-14,4.144227504730225
2016-09-15,4.241317272186279
2016-09-16,4.133133888244629
2016-09-19,4.130359172821045
2016-09-20,4.174740791320801
2016-09-21,4.255185604095459
2016-09-22,4.310664653778076
2016-09-23,4.152551174163818
2016-09-26,4.077655792236328
2016-09-27,4.063785552978516
2016-09-28,4.252413272857666
2016-09-29,4.180289268493652
2016-09-30,4.199707984924316
2016-10-03,4.324533462524414
2016-10-04,4.330082893371582
2016-10-05,4.466002941131592
2016-10-06,4.660178184509277
2016-10-07,4.701786041259766
2016-10-10,4.85157585144043
2016-10-11,4.737847328186035
2016-10-13,4.85435152053833
2016-10-14,4.965307235717773
2016-10-17,5.106777191162109
2016-10-18,5.212186336517334
2016-10-19,5.267664909362793
2016-10-20,5.259343147277832
2016-10-21,5.359204292297363
2016-10-24,5.375848770141602
2016-10-25,5.262117385864258
2016-10-26,5.328691005706787
2016-10-27,5.33978796005249
2016-10-28,5.30649995803833
2016-10-31,5.170577049255371
2016-11-01,4.973630428314209
2016-11-03,4.76281213760376
2016-11-04,4.757265567779541
2016-11-07,5.081811904907227
2016-11-08,5.015238285064697
2016-11-09,5.062395095825195
2016-11-10,4.809969425201416
2016-11-11,4.529804706573486
2016-11-14,4.513160228729248
2016-11-16,4.701786041259766
2016-11-17,4.5658650398254395
2016-11-18,4.554768085479736
2016-11-21,4.787776947021484
2016-11-22,4.9070563316345215
2016-11-23,4.9375691413879395
2016-11-24,4.870995044708252
2016-11-25,4.876542568206787
2016-11-28,4.890411376953125
2016-11-29,4.632438659667969
2016-11-30,5.123421669006348
2016-12-01,5.051299571990967
2016-12-02,5.173352241516113
2016-12-05,4.998595237731934
2016-12-06,5.162256240844727
2016-12-07,5.081811904907227
2016-12-08,5.0929083824157715
2016-12-09,5.045752048492432
2016-12-12,5.090135097503662
2016-12-13,5.056847095489502
2016-12-14,4.879317760467529
2016-12-15,4.834933280944824
2016-12-16,4.776680946350098
2016-12-19,4.624116897583008
2016-12-20,4.615794658660889
2016-12-21,4.590829372406006
2016-12-22,4.535351753234863
2016-12-23,4.596376895904541
2016-12-26,4.64076042175293
2016-12-27,4.629664421081543
2016-12-28,4.710109233856201
2016-12-29,4.699012279510498
2017-01-02,4.585281848907471
2017-01-03,4.876542568206787
2017-01-04,4.818291187286377
2017-01-05,4.926473140716553
2017-01-06,4.85157585144043
2017-01-09,4.804420471191406
2017-01-10,4.8848652839660645
2017-01-11,5.00691556930542
2017-01-12,5.090135097503662
2017-01-13,5.054072856903076
2017-01-16,5.062395095825195
2017-01-17,5.04020357131958
2017-01-18,5.001369953155518
2017-01-19,4.973630428314209
2017-01-20,4.945890426635742
2017-01-23,4.987500190734863
2017-01-24,4.918151378631592
2017-01-26,4.823838233947754
2017-01-27,4.737847328186035
2017-01-30,4.47709846496582
2017-01-31,4.490968227386475
2017-02-01,4.471551895141602
2017-02-02,4.410523891448975
2017-02-03,4.532577037811279
2017-02-06,4.4299421310424805
2017-02-07,4.3744635581970215
2017-02-08,4.466002941131592
2017-02-09,4.427168369293213
2017-02-10,4.535351753234863
2017-02-13,4.593603610992432
2017-02-14,4.66295051574707
2017-02-15,4.676821708679199
2017-02-16,4.707334041595459
2017-02-17,4.637986183166504
2017-02-20,4.737847328186035
2017-02-21,4.760037422180176
2017-02-22,4.604700088500977
2017-02-23,4.571412563323975
2017-02-24,4.427168369293213
2017-03-01,4.55754280090332
2017-03-02,4.396655559539795
2017-03-03,4.424394607543945
2017-03-06,4.404976844787598
2017-03-07,4.404976844787598
2017-03-08,4.133133888244629
2017-03-09,4.108169078826904
2017-03-10,4.102619647979736
2017-03-13,4.141455173492432
2017-03-14,3.9861161708831787
2017-03-15,4.091525554656982
2017-03-16,3.98888897895813
2017-03-17,3.841872215270996
2017-03-20,3.933411121368408
2017-03-21,3.8002638816833496
2017-03-22,3.9250895977020264
2017-03-23,3.922316312789917
2017-03-24,3.9306375980377197
2017-03-27,4.00275993347168
2017-03-28,4.072107315063477
2017-03-29,4.20525598526001
2017-03-30,4.188612461090088
2017-03-31,4.202481269836426
2017-04-03,4.249636173248291
2017-04-04,4.280152320861816
2017-04-05,4.252413272857666
2017-04-06,4.238541603088379
2017-04-07,4.26350736618042
2017-04-10,4.335629463195801
2017-04-11,4.230220317840576
2017-04-12,4.2135772705078125
2017-04-13,4.024950981140137
2017-04-17,4.063785552978516
2017-04-18,4.011081695556641
2017-04-19,3.8973515033721924
2017-04-20,3.9583775997161865
2017-04-24,3.991664409637451
2017-04-25,4.072107315063477
2017-04-26,3.999985456466675
2017-04-27,3.938960313796997
2017-04-28,3.983341693878174
2017-05-02,3.983341693878174
2017-05-03,4.008306980133057
2017-05-04,3.9001245498657227
2017-05-05,4.108169078826904
2017-05-08,4.083202838897705
2017-05-09,4.127585411071777
2017-05-10,4.257960319519043
2017-05-11,4.249636173248291
2017-05-12,4.418848037719727
2017-05-15,4.490968227386475
2017-05-16,4.490968227386475
2017-05-17,4.466002941131592
2017-05-18,3.9583775997161865
2017-05-19,3.99721097946167
2017-05-22,3.969473123550415
2017-05-23,3.999985456466675
2017-05-24,4.108169078826904
2017-05-25,4.011081695556641
2017-05-26,4.036046504974365
2017-05-29,4.036046504974365
2017-05-30,3.9306375980377197
2017-05-31,3.7780723571777344
2017-06-01,3.7558813095092773
2017-06-02,3.811359405517578
2017-06-05,3.877932548522949
2017-06-06,3.880707025527954
2017-06-07,3.7947158813476562
2017-06-08,3.8002638816833496
2017-06-09,3.8224546909332275
2017-06-12,3.8224546909332275
2017-06-13,3.8474197387695312
2017-06-14,3.7558813095092773
2017-06-15,3.7558813095092773
2017-06-16,3.742011308670044
2017-06-19,3.697629690170288
2017-06-20,3.608863592147827
2017-06-21,3.5450634956359863
2017-06-22,3.61995792388916
2017-06-23,3.5755763053894043
2017-06-26,3.6310548782348633
2017-06-27,3.6033151149749756
2017-06-28,3.5728020668029785
2017-06-29,3.608863592147827
2017-06-30,3.6615686416625977
2017-07-03,3.6837592124938965
2017-07-04,3.6948556900024414
2017-07-05,3.6227338314056396
2017-07-06,3.58667254447937
2017-07-07,3.517324209213257
2017-07-10,3.5228731632232666
2017-07-11,3.625507354736328
2017-07-12,3.766977071762085
2017-07-13,3.7586562633514404
2017-07-14,3.7780723571777344
2017-07-17,3.7309165000915527
2017-07-18,3.772523880004883
2017-07-19,3.8390984535217285
2017-07-20,3.7808470726013184
2017-07-21,3.6865336894989014
2017-07-24,3.7253682613372803
2017-07-25,3.8196799755096436
2017-07-26,3.7558813095092773
2017-07-27,3.775299549102783
2017-07-28,3.783620834350586
2017-07-31,3.8280029296875
2017-08-01,3.7947158813476562
2017-08-02,3.8918023109436035
2017-08-03,3.8335516452789307
2017-08-04,3.855741024017334
2017-08-07,3.8890295028686523
2017-08-08,3.855741024017334
2017-08-09,3.8751587867736816
2017-08-10,3.7780723571777344
2017-08-11,3.7475602626800537
2017-08-14,3.772523880004883
2017-08-15,3.7780723571777344
2017-08-16,3.766977071762085
2017-08-17,3.772523880004883
2017-08-18,3.8945772647857666
2017-08-21,3.8280029296875
2017-08-22,3.969473123550415
2017-08-23,3.9722464084625244
2017-08-24,3.9944372177124023
2017-08-25,4.016629219055176
2017-08-28,3.9944372177124023
2017-08-29,3.96669864654541
2017-08-30,3.8501946926116943
2017-08-31,3.8751587867736816
2017-09-01,4.049915790557861
2017-09-04,4.083202838897705
2017-09-05,4.119264125823975
2017-09-06,4.299567699432373
2017-09-07,4.299567699432373
2017-09-08,4.2135772705078125
2017-09-11,4.305116176605225
2017-09-12,4.271827697753906
2017-09-13,4.349499702453613
2017-09-14,4.341177940368652
2017-09-15,4.321760177612305
2017-09-18,4.363368034362793
2017-09-19,4.377237796783447
2017-09-20,4.543672561645508
2017-09-21,4.488194942474365
2017-09-22,4.493741989135742
2017-09-25,4.527029037475586
2017-09-26,4.47709846496582
2017-09-27,4.404976844787598
2017-09-28,4.413299083709717
2017-09-29,4.385560512542725
2017-10-02,4.410523891448975
2017-10-03,4.615794658660889
2017-10-04,4.524256229400635
2017-10-05,4.596376895904541
2017-10-06,4.540900707244873
2017-10-09,4.571412563323975
2017-10-10,4.637986183166504
2017-10-11,4.615794658660889
2017-10-12,4.615794658660889
2017-10-13,4.599150657653809
2017-10-16,4.615794658660889
2017-10-17,4.6074724197387695
2017-10-18,4.6074724197387695
2017-10-19,4.576959609985352
2017-10-20,4.590829372406006
2017-10-23,4.576959609985352
2017-10-24,4.674046516418457
2017-10-25,4.721202373504639
2017-10-26,4.74339485168457
2017-10-27,4.82661247253418
2017-10-30,4.812742710113525
2017-10-31,4.8321614265441895
2017-11-01,4.865448474884033
2017-11-02,4.865448474884033
2017-11-03,4.912604331970215
2017-11-06,5.020786285400391
2017-11-07,4.790553092956543
2017-11-08,4.920925617218018
2017-11-09,4.85435152053833
2017-11-10,4.862673282623291
2017-11-13,4.848803520202637
2017-11-14,4.452134609222412
2017-11-15,4.452134609222412
2017-11-16,4.535351753234863
2017-11-17,4.582507610321045
2017-11-20,4.582507610321045
2017-11-21,4.5381245613098145
2017-11-22,4.576959609985352
2017-11-23,4.615794658660889
2017-11-24,4.590829372406006
2017-11-27,4.527029037475586
2017-11-28,4.515934467315674
2017-11-29,4.413299083709717
2017-11-30,4.424394607543945
2017-12-01,4.468777179718018
2017-12-04,4.463230609893799
2017-12-05,4.416072368621826
2017-12-06,4.438263893127441
2017-12-07,4.399429798126221
2017-12-08,4.407750129699707
2017-12-11,4.4299421310424805
2017-12-12,4.490968227386475
2017-12-13,4.4216203689575195
2017-12-14,4.385560512542725
2017-12-15,4.316213130950928
2017-12-18,4.3938822746276855
2017-12-19,4.371689796447754
2017-12-20,4.427168369293213
2017-12-21,4.618568420410156
2017-12-22,4.601925373077393
2017-12-25,4.601925373077393
2017-12-26,4.632438659667969
2017-12-27,4.649081230163574
2017-12-28,4.690690517425537
2017-12-29,4.690690517425537
2018-01-02,4.807195663452148
2018-01-03,4.868220329284668
2018-01-04,4.909829139709473
2018-01-05,4.94866418838501
2018-01-08,5.026334285736084
2018-01-09,5.026334285736084
2018-01-10,4.932021617889404
2018-01-11,5.054072856903076
2018-01-12,5.0929083824157715
2018-01-15,5.120647430419922
2018-01-16,5.212186336517334
2018-01-17,5.40081262588501
2018-01-18,5.392491340637207
2018-01-19,5.356429576873779
2018-01-22,5.4119086265563965
2018-01-23,5.36475133895874
2018-01-24,5.7225871086120605
2018-01-25,5.7225871086120605
2018-01-26,6.02216911315918
2018-01-29,6.02216911315918
2018-01-30,5.875152587890625
2018-01-31,5.908438682556152
2018-02-01,6.138674736022949
2018-02-02,5.975013256072998
2018-02-05,5.705943584442139
2018-02-06,5.99165678024292
2018-02-07,5.819673538208008
2018-02-08,5.644916534423828
2018-02-09,5.572795867919922
2018-02-14,5.653237819671631
2018-02-15,5.7503275871276855
2018-02-16,5.747551441192627
2018-02-19,5.908438682556152
2018-02-20,6.013848781585693
2018-02-21,5.947274208068848
2018-02-22,6.124804973602295
2018-02-23,6.282917022705078
2018-02-26,6.429934024810791
2018-02-27,6.413290977478027
2018-02-28,6.4216156005859375
2018-03-01,6.316206932067871
2018-03-02,6.429934024810791
2018-03-05,6.61301326751709
2018-03-06,6.568630695343018
2018-03-07,6.479866027832031
2018-03-08,6.488187313079834
2018-03-09,6.6573967933654785
2018-03-12,6.62965726852417
2018-03-13,6.565858840942383
2018-03-14,6.5492143630981445
2018-03-15,6.413290977478027
2018-03-16,6.482639312744141
2018-03-19,6.2662739753723145
2018-03-20,6.34949254989624
2018-03-21,6.590822219848633
2018-03-22,6.5547637939453125
2018-03-23,6.5769524574279785
2018-03-26,6.632430076599121
2018-03-27,6.468770503997803
2018-03-28,6.388327598571777
2018-03-29,6.479866027832031
2018-04-02,6.3078813552856445
2018-04-03,6.324524402618408
2018-04-04,6.302334308624268
2018-04-05,6.4743170738220215
2018-04-06,6.540891647338867
2018-04-09,6.352264881134033
2018-04-10,6.601917743682861
2018-04-11,6.754482746124268
2018-04-12,6.765578269958496
2018-04-13,6.582502365112305
2018-04-16,6.34949254989624
2018-04-17,6.465994834899902
2018-04-18,6.676815032958984
2018-04-19,6.760030746459961
2018-04-20,6.776674270629883
2018-04-23,6.754482746124268
2018-04-24,6.732291221618652
2018-04-25,6.518700122833252
2018-04-26,6.782222747802734
2018-04-27,6.801641464233398
2018-04-30,6.8321533203125
2018-05-02,6.815510272979736
2018-05-03,6.743388652801514
2018-05-04,6.626883506774902
2018-05-07,6.862667083740234
2018-05-08,6.862667083740234
2018-05-09,7.550599098205566
2018-05-10,7.99997091293335
2018-05-11,8.030484199523926
2018-05-14,8.363354682922363
2018-05-15,8.574170112609863
2018-05-16,8.773895263671875
2018-05-17,8.379997253417969
2018-05-18,8.363354682922363
2018-05-21,8.0831880569458
2018-05-22,7.8970160484313965
2018-05-23,7.544124603271484
2018-05-24,6.4465460777282715
2018-05-25,6.3993072509765625
2018-05-28,5.4990129470825195
2018-05-29,6.179790019989014
2018-05-30,6.165897369384766
2018-06-01,5.246152400970459
2018-06-04,5.5518083572387695
2018-06-05,5.38508939743042
2018-06-06,5.35452127456665
2018-06-07,5.257268905639648
2018-06-08,5.001628875732422
2018-06-11,5.1099982261657715
2018-06-12,5.068317890167236
2018-06-13,4.998849868774414
2018-06-14,4.996072292327881
2018-06-15,4.946055889129639
2018-06-18,4.782114505767822
2018-06-19,4.959949970245361
2018-06-20,5.162792205810547
2018-06-21,4.9043755531311035
2018-06-22,4.93494176864624
2018-06-25,5.026638507843018
2018-06-26,5.146121501922607
2018-06-27,5.285054683685303
2018-06-28,5.254490375518799
2018-06-29,5.39620304107666
2018-07-02,5.468448638916016
2018-07-03,5.487898349761963
2018-07-04,5.75465202331543
2018-07-05,5.58237361907959
2018-07-06,5.618496894836426
2018-07-10,5.610161304473877
2018-07-11,5.562924385070801
2018-07-12,5.724087715148926
2018-07-13,5.718530654907227
2018-07-16,5.662954807281494
2018-07-17,5.851906776428223
2018-07-18,5.737979888916016
2018-07-19,5.804667949676514
2018-07-20,5.951938152313232
2018-07-23,5.9797258377075195
2018-07-24,6.085316181182861
2018-07-25,6.163119792938232
2018-07-26,6.007513046264648
2018-07-27,6.140889644622803
2018-07-30,6.129775047302246
2018-07-31,6.096430778503418
2018-08-01,6.132552623748779
2018-08-02,6.235365390777588
2018-08-03,6.452102184295654
2018-08-06,6.474332332611084
2018-08-07,6.449321269989014
2018-08-08,6.318723201751709
2018-08-09,6.324283123016357
2018-08-10,6.157561779022217
2018-08-13,6.224249362945557
2018-08-14,6.199185848236084
2018-08-15,5.954115390777588
2018-08-16,5.929051399230957
2018-08-17,5.834362983703613
2018-08-20,5.8482890129089355
2018-08-21,5.750816822052002
2018-08-22,5.920697212219238
2018-08-23,5.839934349060059
2018-08-24,5.87335205078125
2018-08-27,5.973608016967773
2018-08-28,5.915125846862793
2018-08-29,6.1741228103637695
2018-08-30,6.037662029266357
2018-08-31,6.149056911468506
2018-09-03,6.057157039642334
2018-09-04,5.993102550506592
2018-09-05,6.051587104797363
2018-09-06,6.1045002937316895
2018-09-10,6.182476043701172
2018-09-11,6.009812831878662
2018-09-12,6.171336650848389
2018-09-13,6.085004806518555
2018-09-14,6.126779079437256
2018-09-17,6.257667541503906
2018-09-18,6.48324728012085
2018-09-19,6.447042942047119
2018-09-20,6.402482986450195
2018-09-21,6.480461120605469
2018-09-24,6.447042942047119
2018-09-25,6.480461120605469
2018-09-26,6.505525588989258
2018-09-27,6.823002815246582
2018-09-28,6.747809886932373
2018-10-01,6.733885765075684
2018-10-02,7.1878252029418945
2018-10-03,7.374414443969727
2018-10-04,7.452389240264893
2018-10-05,7.424541473388672
2018-10-08,8.129119873046875
2018-10-09,8.279504776000977
2018-10-10,7.9731645584106445
2018-10-11,7.825567245483398
2018-10-15,8.006585121154785
2018-10-16,8.29899787902832
2018-10-17,8.243301391601562
2018-10-18,7.978735446929932
2018-10-19,8.059497833251953
2018-10-22,8.27672004699707
2018-10-23,8.120766639709473
2018-10-24,7.886834621429443
2018-10-25,8.05114459991455
2018-10-26,8.35469913482666
2018-10-29,8.053927421569824
2018-10-30,8.499513626098633
2018-10-31,8.443814277648926
2018-11-01,8.290645599365234
2018-11-05,8.535714149475098
2018-11-06,8.315710067749023
2018-11-07,8.131905555725098
2018-11-08,7.8645548820495605
2018-11-09,7.833920001983643
2018-11-12,7.794933319091797
2018-11-13,7.435682773590088
2018-11-14,7.572142124176025
2018-11-16,7.811641216278076
2018-11-19,7.8060712814331055
2018-11-21,7.6250529289245605
2018-11-22,7.639030456542969
2018-11-23,7.460143089294434
2018-11-26,7.574743747711182
2018-11-27,7.831892013549805
2018-11-28,7.734063625335693
2018-11-29,7.784373760223389
2018-11-30,7.862636089324951
2018-12-03,8.086246490478516
2018-12-04,7.943694591522217
2018-12-05,7.991213798522949
2018-12-06,7.658594131469727
2018-12-07,7.784373760223389
2018-12-10,7.398650169372559
2018-12-11,7.351133346557617
2018-12-12,7.376291751861572
2018-12-13,7.415422439575195
2018-12-14,7.3595170974731445
2018-12-17,7.281256675720215
2018-12-18,7.035286903381348
2018-12-19,6.9206862449646
2018-12-20,6.752979755401611
2018-12-21,6.758569240570068
2018-12-26,6.884949207305908
2018-12-27,6.845733165740967
2018-12-28,7.1146345138549805
2019-01-02,7.464763164520264
2019-01-03,7.618818283081055
2019-01-04,7.705650329589844
2019-01-07,7.954946041107178
2019-01-08,7.912930011749268
2019-01-09,8.072587013244629
2019-01-10,8.03337287902832
2019-01-11,7.982954978942871
2019-01-14,7.954946041107178
2019-01-15,7.929736137390137
2019-01-16,7.994159698486328
2019-01-17,8.061386108398438
2019-01-18,8.165021896362305
2019-01-21,8.204236030578613
2019-01-22,8.080988883972168
2019-01-23,8.165021896362305
2019-01-24,8.251855850219727
2019-01-28,7.960545063018799
2019-01-29,8.134210586547852
2019-01-30,8.246252059936523
2019-01-31,8.277063369750977
2019-02-01,8.408710479736328
2019-02-04,8.503948211669922
2019-02-05,8.557168006896973
2019-02-06,8.405911445617676
2019-02-07,8.257455825805664
2019-02-08,8.198634147644043
2019-02-11,8.094996452331543
2019-02-12,8.386303901672363
2019-02-13,8.585177421569824
2019-02-14,8.764443397521973
2019-02-15,8.697216987609863
2019-02-18,8.596381187438965
2019-02-19,8.7560396194458
2019-02-20,8.7560396194458
2019-02-21,8.803659439086914
2019-02-22,8.753241539001465
2019-02-25,8.543161392211914
2019-02-26,8.5459623336792
2019-02-27,8.590781211853027
2019-02-28,8.363896369934082
2019-03-01,8.179027557373047
2019-03-06,8.257455825805664
2019-03-07,8.184629440307617
2019-03-08,8.123006820678711
2019-03-11,8.582374572753906
2019-03-12,8.439523696899414
2019-03-13,8.666407585144043
2019-03-14,8.764443397521973
2019-03-15,8.856879234313965
2019-03-18,9.036144256591797
2019-03-19,9.178997039794922
2019-03-20,9.235018730163574
2019-03-21,9.050150871276855
2019-03-22,8.618789672851562
2019-03-25,8.585177421569824
2019-03-26,8.943709373474121
2019-03-27,8.529156684875488
2019-03-28,8.67201042175293
2019-03-29,8.72523021697998
2019-04-01,8.646799087524414
2019-04-02,8.683213233947754
2019-04-03,8.501144409179688
2019-04-04,8.781249046325684
2019-04-05,8.977324485778809
2019-04-08,9.170595169067383
2019-04-09,9.08936595916748
2019-04-10,9.038946151733398
2019-04-11,8.921300888061523
2019-04-12,8.159420013427734
2019-04-15,8.153820037841797
2019-04-16,8.4451265335083
2019-04-17,8.453530311584473
2019-04-18,8.615988731384277
2019-04-22,8.646799087524414
2019-04-23,8.716827392578125
2019-04-24,8.565570831298828
2019-04-25,8.587980270385742
2019-04-26,8.512349128723145
2019-04-29,8.473136901855469
2019-04-30,8.39190673828125
2019-05-02,8.26585865020752
2019-05-03,8.279866218566895
2019-05-06,8.274261474609375
2019-05-07,8.184629440307617
2019-05-08,8.464731216430664
2019-05-09,8.223846435546875
2019-05-10,8.22104263305664
2019-05-13,7.98575496673584
2019-05-14,7.9885573387146
2019-05-15,7.932535171508789
2019-05-16,7.781282901763916
2019-05-17,7.719658374786377
2019-05-20,7.862510681152344
2019-05-21,8.066984176635742
2019-05-22,8.086663246154785
2019-05-23,7.946119785308838
2019-05-24,7.962985992431641
2019-05-27,8.078229904174805
2019-05-28,8.187850952148438
2019-05-29,8.123202323913574
2019-05-30,8.109147071838379
2019-05-31,7.934879779815674
2019-06-03,8.109147071838379
2019-06-04,8.156930923461914
2019-06-05,8.04168701171875
2019-06-06,8.168174743652344
2019-06-07,8.390229225158691
2019-06-10,8.249688148498535
2019-06-11,8.4183349609375
2019-06-12,8.294659614562988
2019-06-13,8.40709114074707
2019-06-14,8.485794067382812
2019-06-17,8.474552154541016
2019-06-18,8.60384750366211
2019-06-19,8.668497085571289
2019-06-21,8.93552303314209
2019-06-24,8.898982048034668
2019-06-25,8.629146575927734
2019-06-26,8.586982727050781
2019-06-27,8.401469230651855
2019-06-28,8.438008308410645
2019-07-01,8.40990161895752
2019-07-02,8.283416748046875
2019-07-03,8.367741584777832
2019-07-04,8.477361679077148
2019-07-05,8.440821647644043
2019-07-08,8.60384750366211
2019-07-10,8.63476848602295
2019-07-11,8.7977933883667
2019-07-12,8.854007720947266
2019-07-15,8.705035209655762
2019-07-16,8.601035118103027
2019-07-17,8.544820785522461
2019-07-18,8.452064514160156
2019-07-19,8.449254035949707
2019-07-22,8.460498809814453
2019-07-23,8.50265884399414
2019-07-24,8.432390213012695
2019-07-25,8.28060531616211
2019-07-26,8.022014617919922
2019-07-29,8.120390892028809
2019-07-30,8.066984176635742
2019-07-31,8.092283248901367
2019-08-01,7.96860933303833
2019-08-02,8.210335731506348
2019-08-05,7.870229244232178
2019-08-06,8.002336502075195
2019-08-07,7.926446437835693
2019-08-08,8.11476993560791
2019-08-09,8.044499397277832
2019-08-12,7.828067302703857
2019-08-13,7.915831565856934
2019-08-14,7.67235803604126
2019-08-15,7.502488613128662
2019-08-16,7.4685139656066895
2019-08-19,7.570435047149658
2019-08-20,7.4996562004089355
2019-08-21,7.89884614944458
2019-08-22,7.822403907775879
2019-08-23,7.57609748840332
2019-08-26,7.477009296417236
2019-08-27,7.618564128875732
2019-08-28,7.67235803604126
2019-08-29,7.961131572723389
2019-08-30,8.003599166870117
2019-09-02,7.918664932250977
2019-09-03,7.9583001136779785
2019-09-04,8.159309387207031
2019-09-05,8.210269927978516
2019-09-06,8.26406192779541
2019-09-09,8.428268432617188
2019-09-10,8.493383407592773
2019-09-11,8.343332290649414
2019-09-12,8.445255279541016
2019-09-13,8.397126197814941
2019-09-16,8.77649974822998
2019-09-17,8.64060115814209
2019-09-18,8.499045372009277
2019-09-19,8.561328887939453
2019-09-20,8.583979606628418
2019-09-23,8.620784759521484
2019-09-24,8.510372161865234
2019-09-25,8.521695137023926
2019-09-26,8.592473983764648
2019-09-27,8.612293243408203
2019-09-30,8.535848617553711
2019-10-01,8.48772144317627
2019-10-02,8.181957244873047
2019-10-03,8.244245529174805
2019-10-04,8.167803764343262
2019-10-07,8.0404052734375
2019-10-08,7.989442825317383
2019-10-09,8.19045352935791
2019-10-10,8.230088233947754
2019-10-11,8.351826667785645
2019-10-14,8.399955749511719
2019-10-15,8.513201713562012
2019-10-16,8.632107734680176
2019-10-17,8.550005912780762
2019-10-18,8.479228973388672
2019-10-21,8.592473983764648
2019-10-22,8.855770111083984
2019-10-23,8.898235321044922
2019-10-24,8.72270393371582
2019-10-25,8.97750473022461
2019-10-28,9.045453071594238
2019-10-29,9.127554893493652
2019-10-30,9.237970352172852
2019-10-31,9.257787704467773
2019-11-01,9.269111633300781
2019-11-04,9.334227561950684
2019-11-05,9.215320587158203
2019-11-06,9.175684928894043
2019-11-07,9.470122337341309
2019-11-08,9.317241668701172
2019-11-11,9.382354736328125
2019-11-12,9.26298713684082
2019-11-13,9.228809356689453
2019-11-14,9.032266616821289
2019-11-18,9.029417991638184
2019-11-19,8.90124225616455
2019-11-21,9.137659072875977
2019-11-22,9.177536010742188
2019-11-25,9.120570182800293
2019-11-26,8.941119194030762
2019-11-27,8.958209991455078
2019-11-28,8.998086929321289
2019-11-29,8.887001037597656
2019-12-02,8.875606536865234
2019-12-03,8.849970817565918
2019-12-04,8.958209991455078
2019-12-05,9.074995040893555
2019-12-06,9.134812355041504
2019-12-09,9.180383682250977
2019-12-10,9.237350463867188
2019-12-11,9.240200996398926
2019-12-12,9.362682342529297
2019-12-13,8.924028396606445
2019-12-16,8.855667114257812
2019-12-17,8.978148460388184
2019-12-18,9.21456527709961
2019-12-19,9.200325965881348
2019-12-20,9.09493350982666
2019-12-23,9.228809356689453
2019-12-26,9.311409950256348
2019-12-27,9.163291931152344
2019-12-30,9.114871978759766
2020-01-02,9.342743873596191
2020-01-03,9.112024307250977
2020-01-06,9.408257484436035
2020-01-07,9.28007984161377
2020-01-08,9.12911319732666
2020-01-09,9.180383682250977
2020-01-10,9.143356323242188
2020-01-13,9.140507698059082
2020-01-14,9.066449165344238
2020-01-15,8.864212036132812
2020-01-16,8.892695426940918
2020-01-17,9.072147369384766
2020-01-20,9.109175682067871
2020-01-21,8.835726737976074
2020-01-22,8.835726737976074
2020-01-23,8.895544052124023
2020-01-24,8.861364364624023
2020-01-27,8.488224983215332
2020-01-28,8.687609672546387
2020-01-29,8.647733688354492
2020-01-30,8.827183723449707
2020-01-31,8.64488697052002
2020-02-03,8.548040390014648
2020-02-04,8.75882339477539
2020-02-05,8.681912422180176
2020-02-06,8.915485382080078
2020-02-07,8.961057662963867
2020-02-10,8.995237350463867
2020-02-11,9.117718696594238
2020-02-12,9.271533966064453
2020-02-13,9.09493350982666
2020-02-14,9.006634712219238
2020-02-17,9.029417991638184
2020-02-18,9.097782135009766
2020-02-19,9.27723217010498
2020-02-20,9.043662071228027
2020-02-21,8.78730583190918
2020-02-26,7.912847995758057
2020-02-27,7.642251014709473
2020-02-28,7.733397960662842
2020-03-02,8.003996849060059
2020-03-03,7.833093166351318
2020-03-04,8.038178443908691
2020-03-05,7.636553764343262
2020-03-06,6.853242874145508
2020-03-09,4.819489002227783
2020-03-10,5.229658126831055
2020-03-11,4.6628265380859375
2020-03-12,3.6801297664642334
2020-03-13,4.5175580978393555
2020-03-16,3.739946126937866
2020-03-17,3.725703716278076
2020-03-18,3.14747953414917
2020-03-19,3.546255588531494
2020-03-20,3.4807426929473877
2020-03-23,3.309838056564331
2020-03-24,3.8367910385131836
2020-03-25,4.144418239593506
2020-03-26,4.1586594581604
2020-03-27,3.7114617824554443
2020-03-30,3.8282456398010254
2020-03-31,4.027634143829346
2020-04-01,4.047572135925293
2020-04-02,4.395077228546143
2020-04-03,4.363744735717773
2020-04-06,4.600162982940674
2020-04-07,4.716947078704834
2020-04-08,4.9846954345703125
2020-04-09,4.802398204803467
2020-04-13,4.927727222442627
2020-04-14,4.893547058105469
2020-04-15,4.734036922454834
2020-04-16,4.594465255737305
2020-04-17,4.756824493408203
2020-04-20,4.714097023010254
2020-04-22,4.885002613067627
2020-04-23,4.939120292663574
2020-04-24,4.577374458312988
2020-04-27,4.785307884216309
2020-04-28,5.1328125
2020-04-29,5.4119553565979
2020-04-30,5.312260627746582
2020-05-04,5.141357421875
2020-05-05,5.317958354949951
2020-05-06,5.110024929046631
2020-05-07,5.212566375732422
2020-05-08,5.5686163902282715
2020-05-11,5.420501232147217
2020-05-12,5.3749260902404785
2020-05-13,5.164144039154053
2020-05-14,5.038815498352051
2020-05-15,5.04166316986084
2020-05-18,5.531588554382324
2020-05-19,5.49740743637085
2020-05-20,5.662613868713379
2020-05-21,5.682553291320801
2020-05-22,5.56007194519043
2020-05-25,5.79364013671875
2020-05-26,5.853456974029541
2020-05-27,5.8819403648376465
2020-05-28,5.856306076049805
2020-05-29,5.936060905456543
2020-06-01,5.967393398284912
2020-06-02,6.226596355438232
2020-06-03,6.283563613891602
2020-06-04,6.312048435211182
2020-06-05,6.508588790893555
2020-06-08,6.651008129119873
2020-06-09,6.4630126953125
2020-06-10,6.2721710205078125
2020-06-12,6.049994945526123
2020-06-15,6.072782516479492
2020-06-16,6.3234429359436035
2020-06-17,6.33768367767334
2020-06-18,6.4373779296875
2020-06-19,6.346229553222656
2020-06-22,6.2294440269470215
2020-06-23,6.411741733551025
2020-06-24,6.240838050842285
2020-06-25,6.371865749359131
2020-06-26,6.232294082641602
2020-06-29,6.425984859466553
2020-06-30,6.363320827484131
2020-07-01,6.369016647338867
2020-07-02,6.448770523071289
2020-07-03,6.408892631530762
2020-07-06,6.594040393829346
2020-07-07,6.48295259475708
2020-07-08,6.642462730407715
2020-07-09,6.451620578765869
2020-07-10,6.5513129234313965
2020-07-13,6.508588790893555
2020-07-14,6.7336106300354
2020-07-15,6.89312219619751
2020-07-16,6.730762004852295
2020-07-17,6.736459255218506
2020-07-20,6.693733215332031
2020-07-21,6.833303451538086
2020-07-22,6.762094020843506
2020-07-23,6.684372425079346
2020-07-24,6.71314811706543
2020-07-27,6.839756965637207
2020-07-28,6.730413436889648
2020-07-29,6.857022285461426
2020-07-30,6.710270404815674
2020-07-31,6.531867027282715
2020-08-03,6.42827844619751
2020-08-04,6.419646263122559
2020-08-05,6.8340020179748535
2020-08-06,6.857022285461426
2020-08-07,6.707393169403076
2020-08-10,6.934712886810303
2020-08-11,6.816736698150635
2020-08-12,6.920324802398682
2020-08-13,6.716024875640869
2020-08-14,6.690128326416016
2020-08-17,6.693004608154297
2020-08-18,6.793718338012695
2020-08-19,6.764942169189453
2020-08-20,6.693004608154297
2020-08-21,6.64121150970459
2020-08-24,6.773577690124512
2020-08-25,6.7419233322143555
2020-08-26,6.549131870269775
2020-08-27,6.51747989654541
2020-08-28,6.649842262268066
2020-08-31,6.422523021697998
2020-09-01,6.721780776977539
2020-09-02,6.704517364501953
2020-09-03,6.704517364501953
2020-09-04,6.71314811706543
2020-09-08,6.48007345199585
2020-09-09,6.623946666717529
2020-09-10,6.373605728149414
2020-09-11,6.341954231262207
2020-09-14,6.278649806976318
2020-09-15,6.293035507202148
2020-09-16,6.3160576820373535
2020-09-17,6.4570536613464355
2020-09-18,6.313180446624756
2020-09-21,6.123266220092773
2020-09-22,6.120388507843018
2020-09-23,5.97075891494751
2020-09-24,6.01392126083374
2020-09-25,5.95061731338501
2020-09-28,5.806743621826172
2020-09-29,5.642728328704834
2020-09-30,5.68876838684082
2020-10-01,5.740561485290527
2020-10-02,5.518996715545654
2020-10-05,5.789478778839111
2020-10-06,5.752070903778076
2020-10-07,5.7290520668029785
2020-10-08,5.924720764160156
2020-10-09,5.7290520668029785
2020-10-13,5.792356014251709
2020-10-14,5.75782585144043
2020-10-15,5.694522380828857
2020-10-16,5.553526878356934
2020-10-19,5.613952159881592
2020-10-20,5.806743621826172
2020-10-21,5.803865432739258
2020-10-22,5.98802375793457
2020-10-23,5.8959455490112305
2020-10-26,5.812499046325684
2020-10-27,5.714665412902832
2020-10-28,5.363610744476318
2020-10-29,5.56215763092041
2020-10-30,5.467202186584473
2020-11-03,5.683011054992676
2020-11-04,5.708909511566162
2020-11-05,5.737683296203613
2020-11-06,5.71754264831543
2020-11-09,6.301670074462891
2020-11-10,6.802350044250488
2020-11-11,6.796594619750977
2020-11-12,6.51747989654541
2020-11-13,6.669984817504883
2020-11-16,6.885797500610352
2020-11-17,6.9634881019592285
2020-11-18,6.9721198081970215
2020-11-19,7.035427093505859
2020-11-23,7.33180570602417
2020-11-24,7.723141670227051
2020-11-25,7.6713480949401855
2020-11-26,7.553370952606201
2020-11-27,7.452659606933594
2020-11-30,7.351947784423828
2020-12-01,7.567757606506348
2020-12-02,7.6713480949401855
2020-12-03,7.826733112335205
2020-12-04,8.085701942443848
2020-12-07,7.904422760009766
2020-12-08,7.835362434387207
2020-12-09,7.843995094299316
2020-12-10,8.128866195678711
2020-12-11,8.059806823730469
2020-12-14,8.025275230407715
2020-12-15,8.128866195678711
2020-12-16,8.218067169189453
2020-12-17,8.321657180786133
2020-12-18,8.235330581665039
2020-12-21,7.930318832397461
2020-12-22,8.01088809967041
2020-12-23,8.183537483215332
2020-12-28,8.243963241577148
2020-12-29,8.24971866607666
2020-12-30,8.301515579223633
2021-01-04,8.48854923248291
2021-01-05,8.747522354125977
2021-01-06,8.848235130310059
2021-01-07,9.107207298278809
2021-01-08,9.08994197845459
2021-01-11,9.003616333007812
2021-01-12,8.971964836120605
2021-01-13,8.557610511779785
2021-01-14,8.592137336730957
2021-01-15,8.290003776550293
2021-01-18,8.275617599487305
2021-01-19,8.379206657409668
2021-01-20,8.238208770751953
2021-01-21,8.082825660705566
2021-01-22,7.979236602783203
2021-01-26,7.941831588745117
2021-01-27,8.051173210144043
2021-01-28,8.229578018188477
2021-01-29,7.864136695861816
2021-02-01,8.088580131530762
2021-02-02,8.367695808410645
2021-02-03,8.430999755859375
2021-02-04,8.422368049621582
2021-02-05,8.540343284606934
2021-02-08,8.186415672302246
2021-02-09,7.973482608795166
2021-02-10,8.071316719055176
2021-02-11,8.146130561828613
2021-02-12,8.20080280303955
2021-02-17,8.540343284606934
2021-02-18,8.46840763092041
2021-02-19,7.797956466674805
2021-02-22,6.200957775115967
2021-02-23,6.756309986114502
2021-02-24,6.842633247375488
2021-02-25,6.600926399230957
2021-02-26,6.373605728149414
2021-03-01,6.3333210945129395
2021-03-02,6.304546356201172
2021-03-03,6.034064769744873
2021-03-04,6.293035507202148
2021-03-05,6.347707748413086
2021-03-08,6.042696952819824
2021-03-09,6.1549177169799805
2021-03-10,6.413891792297363
2021-03-11,6.6038031578063965
2021-03-12,6.531867027282715
2021-03-15,6.693004608154297
2021-03-16,6.592294692993164
2021-03-17,6.802350044250488
2021-03-18,6.609557628631592
2021-03-19,6.767819404602051
2021-03-22,6.64121150970459
2021-03-23,6.488704204559326
2021-03-24,6.482950687408447
2021-03-25,6.606680393218994
2021-03-26,6.704517364501953
2021-03-29,6.805226802825928
2021-03-30,6.785083770751953
2021-03-31,6.888675689697266
2021-04-01,6.796594619750977
2021-04-05,6.868532657623291
2021-04-06,6.816736698150635
2021-04-07,6.848388671875
2021-04-08,6.7332916259765625
2021-04-09,6.7620649337768555
2021-04-12,6.8311238288879395
2021-04-13,6.8311238288879395
2021-04-14,6.9404683113098145
2021-04-15,6.819324493408203
2021-04-16,6.738993167877197
2021-04-19,7.0781731605529785
2021-04-20,6.902634143829346
2021-04-22,6.905607223510742
2021-04-23,6.923460006713867
2021-04-26,6.932387351989746
2021-04-27,6.7657694816589355
2021-04-28,7.006767272949219
2021-04-29,6.86693000793457
2021-04-30,6.872879981994629
2021-05-03,6.846103191375732
2021-05-04,6.688412666320801
2021-05-05,6.96213960647583
2021-05-06,6.863954544067383
2021-05-07,7.119829177856445
2021-05-10,7.209085941314697
2021-05-11,7.304295063018799
2021-05-12,7.212061405181885
2021-05-13,7.289419174194336
2021-05-14,7.628599643707275
2021-05-17,7.71785831451416
2021-05-18,7.616698741912842
2021-05-19,7.592896461486816
2021-05-20,7.488762378692627
2021-05-21,7.563144683837891
2021-05-24,7.640500545501709
2021-05-25,7.503639221191406
2021-05-26,7.572070121765137
2021-05-27,7.512563228607178
2021-05-28,7.9469523429870605
2021-05-31,7.929101943969727
2021-06-01,8.101668357849121
2021-06-02,8.503331184387207
2021-06-04,8.607465744018555
2021-06-07,8.54498291015625
2021-06-08,8.750275611877441
2021-06-09,8.780029296875
2021-06-10,8.797882080078125
2021-06-11,8.717549324035645
2021-06-14,8.705647468566895
2021-06-15,8.768128395080566
2021-06-16,8.797882080078125
2021-06-17,8.527132034301758
2021-06-18,8.550933837890625
2021-06-21,8.729452133178711
2021-06-22,8.73837661743164
2021-06-23,8.759203910827637
2021-06-24,8.89309024810791
2021-06-25,8.750275611877441
2021-06-28,8.711602210998535
2021-06-29,8.830609321594238
2021-06-30,9.012102127075195
2021-07-01,8.854411125183105
2021-07-02,8.934745788574219
2021-07-05,8.833586692810059
2021-07-06,8.503331184387207
2021-07-07,8.547957420349121
2021-07-08,8.378368377685547
2021-07-12,8.464652061462402
2021-07-13,8.497379302978516
2021-07-14,8.440849304199219
2021-07-15,8.24150562286377
2021-07-16,8.083817481994629
2021-07-19,7.988607883453369
2021-07-20,8.11952018737793
2021-07-21,8.250432014465332
2021-07-22,8.262332916259766
2021-07-23,8.15224838256836
2021-07-26,8.315888404846191
2021-07-27,8.28018569946289
2021-07-28,8.431922912597656
2021-07-29,8.399194717407227
2021-07-30,8.182001113891602
2021-08-02,8.104643821716309
2021-08-03,8.24150562286377
2021-08-04,7.943978309631348
2021-08-05,8.708624839782715
2021-08-06,8.661019325256348
2021-08-09,8.5806884765625
2021-08-10,8.583664894104004
2021-08-11,8.717549324035645
2021-08-12,8.765153884887695
2021-08-13,8.902015686035156
2021-08-16,8.732425689697266
2021-08-17,8.735548973083496
2021-08-18,8.63166332244873
2021-08-19,8.54981803894043
2021-08-20,8.546669006347656
2021-08-23,8.833130836486816
2021-08-24,8.933867454528809
2021-08-25,8.955903053283691
2021-08-26,8.883500099182129
2021-08-27,9.154223442077637
2021-08-30,9.040897369384766
2021-08-31,8.789063453674316
2021-09-01,8.741842269897461
2021-09-02,8.590740203857422
2021-09-03,8.593889236450195
2021-09-06,8.615924835205078
2021-09-08,8.13743782043457
2021-09-09,8.212987899780273
2021-09-10,8.20669174194336
2021-09-13,8.461675643920898
2021-09-14,8.39871883392334
2021-09-15,8.490005493164062
2021-09-16,8.411307334899902
2021-09-17,8.027259826660156
2021-09-20,7.942264080047607
2021-09-21,8.068182945251465
2021-09-22,8.329462051391602
2021-09-23,8.675735473632812
2021-09-24,8.675735473632812
2021-09-27,8.811098098754883
2021-09-28,8.735548973083496
2021-09-29,8.867756843566895
2021-09-30,8.861461639404297
2021-10-01,9.028304100036621
2021-10-04,9.248661041259766
2021-10-05,9.402911186218262
2021-10-06,9.173110008239746
2021-10-07,9.191995620727539
2021-10-08,9.377726554870605
2021-10-11,9.371431350708008
2021-10-13,9.5382719039917
2021-10-14,9.522531509399414
2021-10-15,9.49420166015625
2021-10-18,9.506793022155762
2021-10-19,9.091262817382812
2021-10-20,9.286434173583984
2021-10-21,8.959049224853516
2021-10-22,8.782764434814453
2021-10-25,9.321063041687012
2021-10-26,9.214034080505371
2021-10-27,9.2266263961792
2021-10-28,9.314767837524414
2021-10-29,8.710365295410156
2021-11-01,9.034601211547852
2021-11-03,8.650552749633789
2021-11-04,8.3955717086792
2021-11-05,8.401863098144531
2021-11-08,8.540373802185059
2021-11-09,8.672588348388672
2021-11-10,8.600183486938477
2021-11-11,8.600183486938477
2021-11-12,8.757579803466797
2021-11-16,8.889795303344727
2021-11-17,8.685179710388184
2021-11-18,8.678884506225586
2021-11-19,8.5592622756958
2021-11-22,8.637960433959961
2021-11-23,9.044042587280273
2021-11-24,9.220329284667969
2021-11-25,9.601229667663574
2021-11-26,9.1825532913208
2021-11-29,9.49420166015625
2021-11-30,9.487903594970703
2021-12-01,9.554011344909668
2021-12-02,10.40735912322998
2021-12-03,10.601265907287598
2021-12-06,10.699979782104492
2021-12-07,10.996124267578125
2021-12-08,10.957343101501465
2021-12-09,10.957343101501465
2021-12-10,11.101890563964844
2021-12-13,11.091313362121582
2021-12-14,10.936189651489258
2021-12-15,10.900938034057617
2021-12-16,11.126568794250488
2021-12-17,10.855104446411133
2021-12-20,10.647098541259766
2021-12-21,10.696455001831055
2021-12-22,10.654149055480957
2021-12-23,10.731709480285645
2021-12-27,10.943243980407715
2021-12-28,10.950291633605957
2021-12-29,10.91151237487793
2021-12-30,10.823372840881348
2022-01-03,11.112468719482422
2022-01-04,11.253488540649414
2022-01-05,10.791642189025879
2022-01-06,10.781068801879883
2022-01-07,10.869205474853516
2022-01-10,10.830426216125488
2022-01-11,11.278167724609375
2022-01-12,11.651870727539062
2022-01-13,11.933917045593262
2022-01-14,12.18422794342041
2022-01-17,12.14544677734375
2022-01-18,12.187750816345215
2022-01-19,12.074935913085938
2022-01-20,12.152499198913574
2022-01-21,12.194805145263672
2022-01-24,12.215958595275879
2022-01-25,12.621394157409668
2022-01-26,12.991576194763184
2022-01-27,13.040931701660156
2022-01-28,12.653124809265137
2022-01-31,12.434538841247559
2022-02-01,12.80119800567627
2022-02-02,12.572036743164062
2022-02-03,12.438066482543945
2022-02-04,12.660171508789062
2022-02-07,12.508576393127441
2022-02-08,12.328775405883789
2022-02-09,12.339350700378418
2022-02-10,12.550883293151855
2022-02-11,13.114970207214355
2022-02-14,12.776516914367676
2022-02-15,12.512104034423828
2022-02-16,12.787095069885254
2022-02-17,12.727158546447754
2022-02-18,12.646072387695312
2022-02-21,12.988048553466797
2022-02-22,12.787095069885254
2022-02-23,12.790618896484375
2022-02-24,12.589664459228516
2022-02-25,12.82235050201416
2022-03-02,13.227783203125
2022-03-03,13.12201976776123
2022-03-04,13.033881187438965
2022-03-07,12.036157608032227
2022-03-08,12.230060577392578
2022-03-09,12.226532936096191
2022-03-10,12.568511009216309
2022-03-11,12.272366523742676
2022-03-14,12.117243766784668
2022-03-15,11.891607284545898
2022-03-16,11.902183532714844
2022-03-17,11.588415145874023
2022-03-18,11.690654754638672
2022-03-21,12.081987380981445
2022-03-22,12.004424095153809
2022-03-23,12.120770454406738
2022-03-24,12.328775405883789
2022-03-25,12.339350700378418
2022-03-28,12.015003204345703
2022-03-29,12.16307544708252
2022-03-30,12.378134727478027
2022-03-31,12.423967361450195
2022-04-01,12.420438766479492
2022-04-04,12.293519020080566
2022-04-05,12.279417991638184
2022-04-06,12.318198204040527
2022-04-07,12.935165405273438
2022-04-08,13.07618522644043
2022-04-11,12.903433799743652
2022-04-12,12.9175386428833
2022-04-13,13.234837532043457
2022-04-14,13.303839683532715
2022-04-18,13.062653541564941
2022-04-19,13.288528442382812
2022-04-20,13.445493698120117
2022-04-22,12.775519371032715
2022-04-25,12.687461853027344
2022-04-26,12.668320655822754
2022-04-27,12.7066068649292
2022-04-28,12.798489570617676
2022-04-29,12.802315711975098
2022-05-02,12.572610855102539
2022-05-03,12.65683650970459
2022-05-04,13.254074096679688
2022-05-05,13.166020393371582
2022-05-06,13.663715362548828
2022-05-09,13.116249084472656
2022-05-10,13.280871391296387
2022-05-11,13.950849533081055
2022-05-12,14.004447937011719
2022-05-13,14.023590087890625
2022-05-16,14.41792106628418
2022-05-17,14.429403305053711
2022-05-18,14.103989601135254
2022-05-19,14.22266960144043
2022-05-20,14.421747207641602
2022-05-23,14.953903198242188
2022-05-24,14.554290771484375
2022-05-25,14.85045051574707
2022-05-26,14.896990776062012
2022-05-27,14.27505111694336
2022-05-30,13.966194152832031
2022-05-31,14.071968078613281
2022-06-01,14.059274673461914
2022-06-02,13.928117752075195
2022-06-03,14.2835111618042
2022-06-06,14.27505111694336
2022-06-07,14.325820922851562
2022-06-08,14.270820617675781
2022-06-09,14.101583480834961
2022-06-10,13.923887252807617
2022-06-13,13.712340354919434
2022-06-14,13.83503532409668
2022-06-15,13.653109550476074
2022-06-17,12.663080215454102
2022-06-20,12.773082733154297
2022-06-21,12.637696266174316
2022-06-22,12.578458786010742
2022-06-23,12.311914443969727
2022-06-24,12.231528282165527
2022-06-27,13.056553840637207
2022-06-28,13.246942520141602
2022-06-29,13.065011024475098
2022-06-30,12.921162605285645
2022-07-01,13.162322998046875
2022-07-04,13.475411415100098
2022-07-05,12.900007247924805
2022-07-06,12.705387115478516
2022-07-07,13.081938743591309
2022-07-08,13.20040512084961
2022-07-11,13.19194221496582
2022-07-12,12.933856964111328
2022-07-13,12.98885726928711
2022-07-14,12.574228286743164
2022-07-15,12.823851585388184
2022-07-18,13.25117301940918
2022-07-19,13.399255752563477
2022-07-20,13.513490676879883
2022-07-21,13.365407943725586
2022-07-22,13.509260177612305
2022-07-25,14.093123435974121
2022-07-26,14.296207427978516
2022-07-27,14.389286041259766
2022-07-28,14.693912506103516
2022-07-29,15.637402534484863
2022-08-01,15.442777633666992
2022-08-02,15.451241493225098
2022-08-03,15.366621017456055
2022-08-04,15.603550910949707
2022-08-05,15.87432861328125
2022-08-08,16.640125274658203
2022-08-09,16.860132217407227
2022-08-10,16.800893783569336
2022-08-11,16.48357582092285
2022-08-12,17.83999252319336
2022-08-15,17.778614044189453
2022-08-16,17.983203887939453
2022-08-17,18.581623077392578
2022-08-18,18.82712745666504
2022-08-19,18.059926986694336
2022-08-22,18.34634780883789
2022-08-23,19.036828994750977
2022-08-24,19.164697647094727
2022-08-25,18.970335006713867
2022-08-26,19.15958023071289
2022-08-29,19.573869705200195
2022-08-30,18.469097137451172
2022-08-31,19.011253356933594
2022-09-01,19.35393714904785
2022-09-02,19.072629928588867
2022-09-05,19.031709671020508
2022-09-06,18.361692428588867
2022-09-08,18.177560806274414
2022-09-09,18.146873474121094
2022-09-12,18.070152282714844
2022-09-13,17.522884368896484
2022-09-14,17.73769760131836
2022-09-15,17.696781158447266
2022-09-16,17.5996036529541
2022-09-19,17.809307098388672
2022-09-20,17.778614044189453
2022-09-21,17.742813110351562
2022-09-22,18.10595703125
2022-09-23,16.827287673950195
2022-09-26,16.612472534179688
2022-09-27,16.811941146850586
2022-09-28,16.69430923461914
2022-09-29,16.70965003967285
2022-09-30,16.91935157775879
2022-10-03,18.41794776916504
2022-10-04,18.0548095703125
2022-10-05,18.694143295288086
2022-10-06,19.246532440185547
2022-10-07,19.149351119995117
2022-10-10,18.975448608398438
2022-10-11,18.791324615478516
2022-10-13,19.379512786865234
2022-10-14,19.001026153564453
2022-10-17,18.878273010253906
2022-10-18,19.302791595458984
2022-10-19,20.01884651184082
2022-10-20,20.55588722229004
2022-10-21,21.2565975189209
2022-10-24,19.154462814331055
2022-10-25,18.8680419921875
2022-10-26,18.525360107421875
2022-10-27,18.581623077392578
2022-10-28,18.300312042236328
2022-10-31,17.011417388916016
2022-11-01,17.06768226623535
2022-11-03,17.113706588745117
2022-11-04,16.218639373779297
2022-11-07,15.666255950927734
2022-11-08,15.666255950927734
2022-11-09,15.37471866607666
2022-11-10,15.185478210449219
2022-11-11,15.702057838439941
2022-11-14,16.13680648803711
2022-11-16,15.957795143127441
2022-11-17,15.835040092468262
2022-11-18,15.54350471496582
2022-11-21,15.487241744995117
2022-11-22,15.56136417388916
2022-11-23,15.567118644714355
2022-11-24,16.170944213867188
2022-11-25,15.8086519241333
2022-11-28,16.19969367980957
2022-11-29,16.89552879333496
2022-11-30,17.476346969604492
2022-12-01,16.820768356323242
2022-12-02,17.039295196533203
2022-12-05,16.809268951416016
2022-12-06,16.780515670776367
2022-12-07,16.527481079101562
2022-12-08,16.170944213867188
2022-12-09,16.13643455505371
2022-12-12,15.699383735656738
2022-12-13,15.486612319946289
2022-12-14,13.968429565429688
2022-12-15,14.324972152709961
2022-12-16,14.36522388458252
2022-12-19,14.693016052246094
2022-12-20,15.049555778503418
2022-12-21,15.446355819702148
2022-12-22,15.624625205993652
2022-12-23,16.42397117614746
2022-12-26,16.37221336364746
2022-12-27,16.48147964477539
2022-12-28,16.389467239379883
2022-12-29,16.124935150146484
2023-01-02,15.049555778503418
2023-01-03,14.836780548095703
2023-01-04,15.084059715270996
2023-01-05,15.572870254516602
2023-01-06,15.475107192993164
2023-01-09,15.578620910644531
2023-01-10,15.67063045501709
2023-01-11,15.871909141540527
2023-01-12,15.958168029785156
2023-01-13,15.923657417297363
2023-01-16,15.526864051818848
2023-01-17,16.61949348449707
2023-01-18,16.406721115112305
2023-01-19,16.964536666870117
2023-01-20,17.154306411743164
2023-01-23,17.55110740661621
2023-01-24,17.418842315673828
2023-01-25,17.493602752685547
2023-01-26,17.004789352416992
2023-01-27,16.61949348449707
2023-01-30,16.67125129699707
2023-01-31,16.941530227661133
2023-02-01,16.607994079589844
2023-02-02,15.820150375366211
2023-02-03,16.009920120239258
2023-02-06,16.590744018554688
2023-02-07,16.50448226928711
2023-02-08,16.83802032470703
2023-02-09,16.83802032470703
2023-02-10,17.29807472229004
2023-02-13,17.384334564208984
2023-02-14,17.280824661254883
2023-02-15,17.355587005615234
2023-02-16,17.338327407836914
2023-02-17,17.073801040649414
2023-02-22,16.648250579833984
2023-02-23,17.26932144165039
2023-02-24,17.010543823242188
2023-02-27,17.292325973510742
2023-02-28,16.533233642578125
2023-03-01,16.533233642578125
2023-03-02,16.078927993774414
2023-03-03,16.66550064086914
2023-03-06,16.912776947021484
2023-03-07,16.40096664428711
2023-03-08,16.65399932861328
2023-03-09,16.446975708007812
2023-03-10,16.33196449279785
2023-03-13,15.814401626586914
2023-03-14,15.532612800598145
2023-03-15,15.153069496154785
2023-03-16,15.095561027526855
2023-03-17,15.158820152282715
2023-03-20,14.802278518676758
2023-03-21,15.1300687789917
2023-03-22,14.997800827026367
2023-03-23,14.704516410827637
2023-03-24,14.756272315979004
2023-03-27,14.980547904968262
2023-03-28,15.239328384399414
2023-03-29,15.400347709655762
2023-03-30,15.572870254516602
2023-03-31,15.233576774597168
2023-04-03,15.958168029785156
2023-04-04,15.733891487121582
2023-04-05,15.756893157958984
2023-04-06,15.572870254516602
2023-04-10,15.986912727355957
2023-04-11,16.688505172729492
2023-04-12,16.70000457763672
2023-04-13,16.89552879333496
2023-04-14,17.148557662963867
2023-04-17,17.223318099975586
2023-04-18,17.660371780395508
2023-04-19,17.096799850463867
2023-04-20,17.148557662963867
2023-04-24,17.41309356689453
2023-04-25,17.32107925415039
2023-04-26,17.073801040649414
2023-04-27,16.61949348449707
2023-04-28,17.067567825317383
2023-05-02,16.306018829345703
2023-05-03,16.216428756713867
2023-05-04,16.453210830688477
2023-05-05,17.14436149597168
2023-05-08,17.425939559936523
2023-05-09,17.56032943725586
2023-05-10,17.592327117919922
2023-05-11,18.014699935913086
2023-05-12,18.648250579833984
2023-05-15,18.277076721191406
2023-05-16,18.6866512298584
2023-05-17,18.571460723876953
2023-05-18,18.65464973449707
2023-05-19,18.744245529174805
2023-05-22,18.46266746520996
2023-05-23,18.846635818481445
2023-05-24,19.051416397094727
2023-05-25,18.910633087158203
2023-05-26,19.224210739135742
2023-05-29,19.102617263793945
2023-05-30,18.92342758178711
2023-05-31,18.69304847717285
2023-06-01,19.237010955810547
2023-06-02,19.467395782470703
2023-06-05,19.588985443115234
2023-06-06,19.98575210571289
2023-06-07,20.606510162353516
2023-06-09,21.598438262939453
2023-06-12,21.873619079589844
2023-06-13,21.88282012939453
2023-06-14,22.824522018432617
2023-06-15,22.485782623291016
2023-06-16,22.621278762817383
2023-06-19,23.18359375
2023-06-20,23.24456787109375
2023-06-21,24.17272186279297
2023-06-22,23.77300262451172
2023-06-23,22.966798782348633
2023-06-26,23.4139347076416
2023-06-27,23.210689544677734
2023-06-28,23.38006019592285
2023-06-29,23.637508392333984
2023-06-30,22.424802780151367
2023-07-03,22.810970306396484
2023-07-04,22.865171432495117
2023-07-05,22.858400344848633
2023-07-06,22.56708335876465
2023-07-07,22.445131301879883
2023-07-10,22.445131301879883
2023-07-11,22.26898193359375
2023-07-12,22.20123863220215
2023-07-13,22.526430130004883
2023-07-14,22.052188873291016
2023-07-17,22.05896759033203
2023-07-18,21.869264602661133
2023-07-19,21.991214752197266
2023-07-20,22.16058921813965
2023-07-21,22.56708335876465
2023-07-24,23.034543991088867
2023-07-25,23.447813034057617
2023-07-26,23.3461856842041
2023-07-27,22.0318660736084
2023-07-28,22.404483795166016
2023-07-31,23.583309173583984
2023-08-01,23.0887451171875
2023-08-02,22.926149368286133
2023-08-03,23.251338958740234
2023-08-04,22.275760650634766
2023-08-07,22.424802780151367
2023-08-08,22.411258697509766
2023-08-09,22.668701171875
2023-08-10,22.66192626953125
2023-08-11,22.675477981567383
2023-08-14,22.78386878967285
2023-08-15,22.736452102661133
2023-08-16,23.407163619995117
2023-08-17,23.231016159057617
2023-08-18,23.36651611328125
2023-08-21,23.136167526245117
2023-08-22,23.48621940612793
2023-08-23,24.825284957885742
2023-08-24,24.762187957763672
2023-08-25,24.565881729125977
2023-08-28,24.818273544311523
2023-08-29,24.90941047668457
2023-08-30,24.888381958007812
2023-08-31,24.215343475341797
2023-09-01,25.02158546447754
2023-09-04,24.678056716918945
2023-09-05,25.813810348510742
2023-09-06,25.94000244140625
2023-09-08,25.736690521240234
2023-09-11,25.561420440673828
2023-09-12,25.84185218811035
2023-09-13,25.505332946777344
2023-09-14,26.255489349365234
2023-09-15,25.86989974975586
2023-09-18,26.192394256591797
2023-09-19,26.192394256591797
2023-09-20,26.22745132446289
2023-09-21,25.84886360168457
2023-09-22,26.03815269470215
2023-09-25,26.206411361694336
2023-09-26,25.484302520751953
2023-09-27,26.43075942993164
2023-09-28,26.29755210876465
2023-09-29,26.563968658447266
2023-10-02,26.059186935424805
2023-10-03,25.75071144104004
2023-10-04,24.972509384155273
2023-10-05,24.874361038208008
2023-10-06,25.498323440551758
2023-10-09,26.542930603027344
2023-10-10,26.816354751586914
2023-10-11,26.725215911865234
2023-10-13,27.566511154174805
2023-10-16,27.83993148803711
2023-10-17,28.470903396606445
2023-10-18,29.136934280395508
2023-10-19,28.926605224609375
2023-10-20,28.611129760742188
2023-10-23,26.886459350585938
2023-10-24,27.30010223388672
2023-10-25,27.377225875854492
2023-10-26,27.173906326293945
2023-10-27,26.97760772705078
2023-10-30,26.760269165039062
2023-10-31,26.52890968322754
2023-11-01,26.83738899230957
2023-11-03,27.061731338500977
2023-11-06,26.99162483215332
2023-11-07,26.395708084106445
2023-11-08,25.771745681762695
2023-11-09,26.318584442138672
2023-11-10,26.234460830688477
2023-11-13,26.8233642578125
2023-11-14,27.13184356689453
2023-11-16,26.584999084472656
2023-11-17,27.706729888916016
2023-11-20,27.615585327148438
2023-11-21,27.342161178588867
2023-11-22,27.386672973632812
2023-11-23,27.510196685791016
2023-11-24,27.430269241333008
2023-11-27,27.24860954284668
2023-11-28,27.5029296875
2023-11-29,27.13961410522461
2023-11-30,27.393938064575195
2023-12-01,27.03061866760254
2023-12-04,26.50018310546875
2023-12-05,26.303993225097656
2023-12-06,25.679088592529297
2023-12-07,25.759017944335938
2023-12-08,26.63823699951172
2023-12-11,26.558313369750977
2023-12-12,26.151405334472656
2023-12-13,26.50018310546875
2023-12-14,27.117815017700195
2023-12-15,26.90709686279297
2023-12-18,27.45933723449707
2023-12-19,27.6409912109375
2023-12-20,27.691852569580078
2023-12-21,27.691852569580078
2023-12-22,28.062435150146484
2023-12-26,28.483882904052734
2023-12-27,28.44028091430664
2023-12-28,28.324020385742188
2024-01-02,28.600141525268555
2024-01-03,29.573820114135742
2024-01-04,29.094247817993164
2024-01-05,29.34857177734375
2024-01-08,28.803598403930664
2024-01-09,28.643739700317383
2024-01-10,28.360353469848633
2024-01-11,28.651002883911133
2024-01-12,28.803598403930664
2024-01-15,29.094247817993164
2024-01-16,28.7745304107666
2024-01-17,28.534740447998047
2024-01-18,28.324020385742188
2024-01-19,28.302227020263672
2024-01-22,28.367612838745117
2024-01-23,28.781797409057617
2024-01-24,28.51294708251953
2024-01-25,29.83540916442871
2024-01-26,30.489376068115234
2024-01-29,30.780029296875
2024-01-30,30.641963958740234
2024-01-31,30.634706497192383
2024-02-01,31.216001510620117
2024-02-02,30.758230209350586
2024-02-05,30.758230209350586
2024-02-06,31.2232723236084
2024-02-07,31.521190643310547
2024-02-08,31.412199020385742
2024-02-09,31.056148529052734
2024-02-14,30.743701934814453
2024-02-15,31.61565399169922
2024-02-16,32.18968963623047
2024-02-19,32.32775115966797
2024-02-20,31.681049346923828
2024-02-21,31.7609806060791
2024-02-22,31.782779693603516
2024-02-23,31.695581436157227
2024-02-26,32.02983474731445
2024-02-27,31.949907302856445
2024-02-28,30.227785110473633
2024-02-29,29.951675415039062
2024-03-01,29.944400787353516
2024-03-04,29.82814598083496
2024-03-05,29.646482467651367
2024-03-06,30.155126571655273
2024-03-07,29.980737686157227
2024-03-08,26.870765686035156
2024-03-11,26.3548526763916
2024-03-12,27.154142379760742
2024-03-13,26.885299682617188
2024-03-14,26.703638076782227
2024-03-15,26.6455078125
2024-03-18,26.870765686035156
2024-03-19,26.572845458984375
2024-03-20,27.125085830688477
2024-03-21,26.572845458984375
2024-03-22,26.783567428588867
2024-03-25,27.117815017700195
2024-03-26,26.81989860534668
2024-03-27,27.146886825561523
2024-03-28,27.815378189086914
2024-04-01,28.01883888244629
2024-04-02,28.781797409057617
2024-04-03,28.556541442871094
2024-04-04,28.425748825073242
2024-04-05,28.367612838745117
2024-04-08,28.7745304107666
2024-04-09,28.919851303100586
2024-04-10,29.791812896728516
2024-04-11,29.522966384887695
2024-04-12,29.283172607421875
2024-04-15,29.711881637573242
2024-04-16,29.857213973999023
2024-04-17,29.90081214904785
2024-04-18,29.82814598083496
2024-04-19,31.04161834716797
2024-04-22,31.79730796813965
2024-04-23,31.579326629638672
2024-04-24,31.441265106201172
2024-04-25,32.15336227416992
2024-04-26,32.63829040527344
2024-04-29,33.22764205932617
2024-04-30,33.01875686645508
2024-05-02,33.14558029174805
2024-05-03,32.6451530456543
2024-05-06,32.808345794677734
2024-05-07,33.60097122192383
2024-05-08,33.95842361450195
2024-05-09,34.55677795410156
2024-05-10,34.29256820678711
2024-05-13,34.30034255981445
2024-05-14,33.360069274902344
2024-05-15,31.098773956298828
2024-05-16,30.531503677368164
2024-05-17,29.972002029418945
2024-05-20,30.07301902770996
2024-05-21,29.847667694091797
2024-05-22,30.127416610717773
2024-05-23,29.87097930908203
2024-05-24,29.769960403442383
2024-05-27,30.07301902770996
2024-05-28,30.60143280029297
2024-05-29,30.671375274658203
2024-05-31,31.627180099487305
2024-06-03,31.27750015258789
2024-06-04,31.098773956298828
2024-06-05,31.04437828063965
2024-06-06,31.036602020263672
2024-06-07,29.987545013427734
2024-06-10,30.539270401000977
2024-06-11,30.51595687866211
2024-06-12,29.94378089904785
2024-06-13,29.55261993408203
2024-06-14,29.24128532409668
2024-06-17,29.25724983215332
2024-06-18,30.239139556884766
2024-06-19,30.04755401611328
2024-06-20,30.654254913330078
2024-06-21,30.58241081237793
2024-06-24,31.165159225463867
2024-06-25,31.05340003967285
2024-06-26,31.21305274963379
2024-06-27,31.843706130981445
2024-06-28,32.23486328125
2024-07-01,32.62602615356445
2024-07-02,32.713836669921875
2024-07-03,32.0352897644043
2024-07-04,31.60421371459961
2024-07-05,32.155033111572266
2024-07-08,32.90542984008789
2024-07-09,32.641990661621094
2024-07-10,32.54620361328125
2024-07-11,32.81761932373047
2024-07-12,32.634010314941406
2024-07-15,33.097015380859375
2024-07-16,32.92937469482422
2024-07-17,33.168861389160156
2024-07-18,33.20877456665039
2024-07-19,33.29658126831055
2024-07-22,32.785682678222656
2024-07-23,32.322669982910156
2024-07-24,32.64997863769531
2024-07-25,32.51426696777344
2024-07-26,32.61005401611328
2024-07-29,31.787826538085938
2024-07-30,31.55631446838379
2024-07-31,32.410484313964844
2024-08-01,31.811777114868164
2024-08-02,30.845844268798828
2024-08-05,30.59038734436035
2024-08-06,31.229022979736328
2024-08-07,31.181123733520508
2024-08-08,31.692028045654297
2024-08-09,31.420608520507812
2024-08-12,32.29872512817383
2024-08-13,32.13108444213867
2024-08-14,32.713836669921875
2024-08-15,33.04912185668945
2024-08-16,33.176841735839844
2024-08-19,32.92139434814453
2024-08-20,32.80165100097656
2024-08-21,32.51426696777344
2024-08-22,32.59883117675781
2024-08-23,32.279239654541016
2024-08-26,35.1719970703125
2024-08-27,34.68850326538086
2024-08-28,35.47520446777344
2024-08-29,35.05726623535156
2024-08-30,35.18838882446289
2024-09-02,35.0408821105957
2024-09-03,34.672115325927734
2024-09-04,34.54100036621094
2024-09-05,34.33612823486328
2024-09-06,33.70512771606445
2024-09-09,34.15583801269531
2024-09-10,33.42650604248047
2024-09-11,33.57402038574219
2024-09-12,33.1806640625
2024-09-13,33.08232879638672
2024-09-16,33.410125732421875
2024-09-17,33.20525360107422
2024-09-18,32.63161849975586
2024-09-19,32.53327941894531
2024-09-20,32.53327941894531
2024-09-23,32.94301986694336
2024-09-24,33.18885803222656
2024-09-25,33.21343994140625
2024-09-26,32.51688766479492
2024-09-27,32.38577651977539
2024-09-30,32.18090057373047
2024-10-01,33.04135513305664
2024-10-02,33.42650604248047
2024-10-03,33.877220153808594
2024-10-04,33.893611907958984
2024-10-07,34.46725082397461
2024-10-08,33.721519470214844
2024-10-09,33.45928955078125
2024-10-10,34.01653289794922
2024-10-11,33.959163665771484
2024-10-14,33.90180969238281
2024-10-15,33.51665496826172
2024-10-16,33.418312072753906
2024-10-17,33.262611389160156
2024-10-18,33.08232879638672
2024-10-21,32.475914001464844
2024-10-22,32.32020950317383
2024-10-23,31.86130714416504
2024-10-24,31.96784019470215
2024-10-25,32.28743362426758
2024-10-28,32.22187805175781
2024-10-29,32.139930725097656
2024-10-30,31.86130714416504
2024-10-31,32.00881576538086
2024-11-01,31.38600730895996
2024-11-04,31.418781280517578
2024-11-05,31.263090133666992
2024-11-06,31.230304718017578
2024-11-07,31.451570510864258
2024-11-08,32.025203704833984
2024-11-11,32.07436752319336
2024-11-12,32.38577651977539
2024-11-13,32.721763610839844
2024-11-14,33.197059631347656
2024-11-18,34.049312591552734
2024-11-19,33.614994049072266
2024-11-21,33.6723518371582
2024-11-22,35.434226989746094
2024-11-25,35.090049743652344
2024-11-26,34.909759521484375
2024-11-27,34.79503631591797
2024-11-28,34.21321105957031
2024-11-29,34.9261589050293
2024-12-02,35.016292572021484
2024-12-03,35.05726623535156
2024-12-04,34.721282958984375
2024-12-05,35.237552642822266
2024-12-06,34.50822067260742
2024-12-09,35.4178466796875
2024-12-10,35.72104263305664
2024-12-11,35.9750862121582
2024-12-12,35.05909729003906
2024-12-13,34.88920211791992
2024-12-16,34.54939270019531
2024-12-17,35.08458709716797
2024-12-18,34.303035736083984
2024-12-19,33.98872375488281
2024-12-20,33.742366790771484
2024-12-23,33.99721908569336
2024-12-26,34.5396614074707
2024-12-27,34.15276336669922
2024-12-30,34.65397644042969
2025-01-02,35.63002395629883
2025-01-03,35.50690841674805
2025-01-06,35.17277145385742
2025-01-07,36.15761184692383
2025-01-08,35.814674377441406
2025-01-09,35.80588150024414
2025-01-10,35.98174285888672
2025-01-13,36.00812911987305
2025-01-14,36.15761184692383
2025-01-15,36.6324462890625
2025-01-16,36.6060676574707
2025-01-17,36.57968521118164
2025-01-20,36.843482971191406
2025-01-21,36.53571701049805
2025-01-22,36.16640090942383
2025-01-23,35.8322639465332
2025-01-24,35.72674560546875
2025-01-27,36.1224365234375
2025-01-28,36.03450393676758
2025-01-29,35.673988342285156
2025-01-30,36.377437591552734
2025-01-31,36.623653411865234
2025-02-03,36.175193786621094
2025-02-04,35.717952728271484
2025-02-05,35.357425689697266
2025-02-06,35.14639663696289
2025-02-07,34.90897750854492
2025-02-10,35.19914627075195
2025-02-11,35.392601013183594
2025-02-12,34.574832916259766
2025-02-13,34.67155838012695
2025-02-14,35.92019271850586
2025-02-17,36.32468032836914
2025-02-18,37.00175476074219
2025-02-19,37.151241302490234
2025-02-20,37.371070861816406
2025-02-21,37.16002655029297
2025-02-24,36.913822174072266
2025-02-25,36.59727096557617
2025-02-26,36.53571701049805
2025-02-27,34.50448989868164
2025-02-28,34.33741760253906
2025-03-05,32.754642486572266
2025-03-06,32.50843811035156
2025-03-07,32.90412902832031
2025-03-10,32.84257888793945
2025-03-11,32.16550064086914
2025-03-12,32.279808044433594
2025-03-13,32.50843811035156
2025-03-14,33.774658203125
2025-03-17,34.5572509765625
2025-03-18,34.5836296081543
2025-03-19,34.750701904296875
2025-03-20,34.90897750854492
2025-03-21,35.47174072265625
2025-03-24,35.38380813598633
2025-03-25,35.72674560546875
2025-03-26,36.104854583740234
2025-03-27,36.474159240722656
2025-03-28,36.1136474609375
2025-03-31,35.89381408691406
2025-04-01,36.078468322753906
2025-04-02,35.89381408691406
2025-04-03,34.62759017944336
2025-04-04,33.17671585083008
2025-04-07,31.330148696899414
2025-04-08,30.32772445678711
2025-04-09,31.277389526367188
2025-04-10,29.24616050720215
2025-04-11,29.826509475708008
2025-04-14,29.888063430786133
2025-04-15,29.334095001220703
2025-04-16,29.079090118408203
2025-04-17,29.84212875366211
2025-04-22,29.68018913269043
2025-04-23,29.46426773071289
2025-04-24,29.24834442138672
2025-04-25,29.392292022705078
2025-04-28,29.20336151123047
2025-04-29,29.284330368041992
2025-04-30,28.834495544433594
2025-05-02,29.4102840423584
2025-05-05,28.58258819580078
2025-05-06,29.032424926757812
2025-05-07,29.221357345581055
2025-05-08,29.716175079345703
2025-05-09,29.869121551513672
2025-05-12,30.678823471069336
2025-05-13,30.858760833740234
2025-05-14,30.66083335876465
2025-05-15,30.759794235229492
2025-05-16,30.72380828857422
2025-05-19,30.642839431762695
2025-05-20,30.741802215576172
2025-05-21,30.48089599609375
2025-05-22,30.0760440826416
2025-05-23,30.12102699279785
2025-05-26,30.13002586364746
2025-05-27,30.417922973632812
2025-05-28,30.040056228637695
2025-05-29,30.00406837463379
2025-05-30,29.608213424682617
2025-06-02,29.698179244995117
2025-06-03,29.891693115234375
2025-06-04,29.02204704284668
2025-06-05,28.86477279663086
2025-06-06,29.207077026367188
2025-06-09,28.901779174804688
2025-06-10,29.95645523071289
2025-06-11,30.83534812927246
2025-06-12,31.686491012573242
2025-06-13,32.361846923828125
2025-06-16,32.30634307861328
2025-06-17,33.259246826171875
2025-06-18,33.07421875
2025-06-20,33.22224044799805
2025-06-23,32.287841796875
2025-06-24,31.612472534179688
2025-06-25,31.427446365356445
2025-06-26,31.658735275268555
2025-06-27,31.27016830444336
2025-06-30,31.538467407226562
2025-07-01,31.667985916137695
2025-07-02,32.3340950012207
2025-07-03,32.48211669921875
2025-07-04,32.519126892089844
2025-07-07,32.297088623046875
2025-07-08,33.11122131347656
2025-07-09,32.63014221191406
2025-07-10,32.68565368652344
2025-07-11,32.8151741027832
2025-07-14,32.46361541748047
2025-07-15,32.09355163574219
2025-07-16,31.816009521484375
2025-07-17,31.593975067138672
2025-07-18,31.12214469909668
2025-07-21,31.20541000366211
2025-07-22,31.529216766357422
2025-07-23,32.232330322265625
2025-07-24,32.26933670043945
2025-07-25,32.4173583984375
2025-07-28,32.398860931396484
2025-07-29,32.92618942260742
2025-07-30,33.29625701904297
2025-07-31,33.11122131347656
2025-08-01,32.63939666748047
2025-08-04,32.52837371826172
2025-08-05,32.787418365478516
2025-08-06,32.71340560913086
2025-08-07,32.94469451904297
2025-08-08,30.326513290405273
2025-08-11,30.465286254882812
2025-08-12,30.622562408447266
2025-08-13,30.47453498840332
2025-08-14,30.187742233276367
2025-08-15,30.159984588623047
2025-08-18,30.40052604675293
2025-08-19,29.984207153320312
2025-08-20,30.233999252319336
2025-08-21,30.206247329711914
2025-08-22,31.19043731689453
2025-08-25,31.228219985961914
2025-08-26,31.067638397216797
2025-08-27,31.247112274169922
2025-08-28,31.624948501586914
2025-08-29,31.879987716674805
2025-09-01,31.738298416137695
2025-09-02,31.983896255493164
2025-09-03,31.643840789794922
2025-09-04,31.79497718811035
2025-09-05,31.077085494995117
2025-09-08,31.351015090942383
2025-09-09,31.691068649291992
2025-09-10,32.503421783447266
2025-09-11,32.163368225097656
2025-09-12,31.879987716674805
2025-09-15,32.34284210205078
2025-09-16,32.28616714477539
2025-09-17,32.53175735473633
2025-09-18,32.28616714477539
2025-09-19,31.813867568969727
2025-09-22,32.1539192199707
2025-09-23,33.004051208496094
2025-09-24,33.84474182128906
2025-09-25,33.2496452331543
2025-09-26,33.04183578491211
2025-09-29,32.41840744018555
2025-09-30,31.908323287963867
2025-10-01,31.87054443359375
2025-10-02,31.473812103271484
2025-10-03,31.2376651763916
2025-10-06,31.05819320678711
2025-10-07,31.09597396850586
2025-10-08,30.78426170349121
2025-10-09,30.368642807006836
2025-10-10,30.141939163208008
2025-10-13,30.425315856933594
2025-10-14,30.406423568725586
2025-10-15,29.981355667114258
2025-10-16,29.745208740234375
2025-10-17,29.886898040771484
2025-10-20,29.811328887939453
2025-10-21,29.499616622924805
2025-10-22,29.990802764892578
2025-10-23,30.208059310913086
2025-10-24,29.990802764892578
2025-10-27,30.1986141204834
2025-10-28,30.226953506469727
2025-10-29,30.170276641845703
2025-10-30,29.905790328979492
2025-10-31,29.764101028442383
2025-11-03,30.028589248657227
2025-11-04,30.311965942382812
2025-11-05,30.859827041625977
2025-11-06,30.888168334960938
2025-11-07,32.38062286376953
2025-11-10,32.66400146484375
2025-11-11,33.4480094909668
2025-11-12,32.44674301147461
2025-11-13,32.73957061767578
2025-11-14,32.99460983276367
2025-11-17,33.01350021362305
2025-11-18,33.01350021362305
2025-11-19,32.928489685058594
2025-11-21,32.64510726928711
2025-11-24,32.484527587890625
2025-11-25,32.172813415527344
2025-11-26,32.06890869140625
2025-11-27,32.32394790649414
2025-11-28,31.53049087524414
2025-12-01,31.728851318359375
2025-12-02,31.898881912231445
2025-12-03,32.29560852050781
2025-12-04,32.47508239746094
2025-12-05,31.020408630371094
2025-12-08,31.4360294342041
2025-12-09,31.634395599365234
2025-12-10,31.700515747070312
2025-12-11,31.05819320678711
2025-12-12,31.4360294342041
2025-12-15,31.37935447692871
2025-12-16,30.519777297973633
2025-12-17,30.727584838867188
2025-12-18,30.652019500732422
2025-12-19,30.86927604675293
2025-12-22,31.020408630371094
2025-12-23,31.148944854736328
2025-12-26,31.2462215423584
2025-12-29,31.450511932373047
2025-12-30,31.683979034423828
