date,close
2010-12-01,5.462088108062744
2010-12-02,5.48325777053833
2010-12-03,5.398574352264404
2010-12-06,5.455737113952637
2010-12-07,5.48325777053833
2010-12-08,5.551005840301514
2010-12-09,5.61028528213501
2010-12-10,5.650506973266602
2010-12-13,5.758480548858643
2010-12-14,5.737308502197266
2010-12-15,5.716137409210205
2010-12-16,5.69496488571167
2010-12-17,5.737308502197266
2010-12-20,5.853751182556152
2010-12-21,5.959602355957031
2010-12-22,5.906676769256592
2010-12-23,5.910909175872803
2010-12-27,5.913025379180908
2010-12-28,5.8855061531066895
2010-12-29,5.915144443511963
2010-12-30,5.991359233856201
2011-01-03,6.075504779815674
2011-01-04,6.150115489959717
2011-01-05,6.171432971954346
2011-01-06,6.175699234008789
2011-01-07,6.0989532470703125
2011-01-10,6.041396617889404
2011-01-11,5.926281929016113
2011-01-12,6.0435285568237305
2011-01-13,5.979574203491211
2011-01-14,5.968916416168213
2011-01-17,6.032870292663574
2011-01-18,5.947600364685059
2011-01-19,5.819694995880127
2011-01-20,5.755740642547607
2011-01-21,5.755740642547607
2011-01-24,5.7983784675598145
2011-01-26,5.787719249725342
2011-01-27,5.585201263427734
2011-01-28,5.625704288482666
2011-01-31,5.542564868927002
2011-02-01,5.4892706871032715
2011-02-02,5.47861385345459
2011-02-03,5.263307094573975
2011-02-04,5.156719207763672
2011-02-07,5.105556011199951
2011-02-08,5.273964881896973
2011-02-09,5.180166244506836
2011-02-10,5.222802639007568
2011-02-11,5.3507080078125
2011-02-14,5.591594696044922
2011-02-15,5.732290744781494
2011-02-16,5.649155616760254
2011-02-17,5.542564868927002
2011-02-18,5.499931812286377
2011-02-21,5.555355548858643
2011-02-22,5.485008716583252
2011-02-23,5.4381103515625
2011-02-24,5.4381103515625
2011-02-25,5.638495445251465
2011-02-28,5.649155616760254
2011-03-01,5.6065192222595215
2011-03-02,5.638495445251465
2011-03-03,5.640625476837158
2011-03-04,5.612913608551025
2011-03-09,5.612913608551025
2011-03-10,5.585201263427734
2011-03-11,5.499931812286377
2011-03-14,5.6065192222595215
2011-03-15,5.580936908721924
2011-03-16,5.542564868927002
2011-03-17,5.542564868927002
2011-03-18,5.5638837814331055
2011-03-21,5.627834796905518
2011-03-22,5.700314044952393
2011-03-23,5.8410115242004395
2011-03-24,5.968916416168213
2011-03-25,5.819694995880127
2011-03-28,5.819694995880127
2011-03-29,5.7983784675598145
2011-03-30,5.7983784675598145
2011-03-31,5.86637020111084
2011-04-01,5.941716194152832
2011-04-04,6.1139421463012695
2011-04-05,6.1139421463012695
2011-04-06,6.219428062438965
2011-04-07,6.135470390319824
2011-04-08,6.049358367919922
2011-04-11,6.049358367919922
2011-04-12,5.8986616134643555
2011-04-13,5.76949405670166
2011-04-14,5.791022777557373
2011-04-15,5.831925392150879
2011-04-18,5.9201884269714355
2011-04-19,5.9201884269714355
2011-04-20,5.8986616134643555
2011-04-25,5.9201884269714355
2011-04-26,5.808242321014404
2011-04-27,5.704911708831787
2011-04-28,5.61879825592041
2011-04-29,5.704911708831787
2011-05-02,5.683382511138916
2011-05-03,5.592964172363281
2011-05-04,5.528380870819092
2011-05-05,5.381990432739258
2011-05-06,5.381990432739258
2011-05-09,5.4035186767578125
2011-05-10,5.4035186767578125
2011-05-11,5.468101978302002
2011-05-12,5.468101978302002
2011-05-13,5.4035186767578125
2011-05-16,5.4035186767578125
2011-05-17,5.362615585327148
2011-05-18,5.425045490264893
2011-05-19,5.401366710662842
2011-05-20,5.381990432739258
2011-05-23,5.384143829345703
2011-05-24,5.338932991027832
2011-05-25,5.356157302856445
2011-05-26,5.338932991027832
2011-05-27,5.338932991027832
2011-05-30,5.343240737915039
2011-05-31,5.2721967697143555
2011-06-01,5.2528228759765625
2011-06-02,5.2528228759765625
2011-06-03,5.246364593505859
2011-06-06,5.2528228759765625
2011-06-07,5.295878887176514
2011-06-08,5.263586521148682
2011-06-09,5.261432647705078
2011-06-10,5.250668048858643
2011-06-13,5.274351596832275
2011-06-14,5.285115718841553
2011-06-15,5.2528228759765625
2011-06-16,5.425045490264893
2011-06-17,5.360462665557861
2011-06-20,5.263586521148682
2011-06-21,5.379835605621338
2011-06-22,5.274351596832275
2011-06-24,5.298031806945801
2011-06-27,5.2528228759765625
2011-06-28,5.242059230804443
2011-06-29,5.2528228759765625
2011-06-30,5.23129415512085
2011-07-01,5.097821235656738
2011-07-04,5.048305988311768
2011-07-05,5.123652458190918
2011-07-06,5.048305988311768
2011-07-07,4.942818641662598
2011-07-08,4.886847972869873
2011-07-11,4.764138221740723
2011-07-12,4.854555130004883
2011-07-13,5.059071063995361
2011-07-14,4.951431751251221
2011-07-15,4.951431751251221
2011-07-18,4.843791961669922
2011-07-19,4.944973468780518
2011-07-20,4.9385151863098145
2011-07-21,4.886847972869873
2011-07-22,4.99448823928833
2011-07-25,4.949276924133301
2011-07-26,4.908374786376953
2011-07-27,4.6930952072143555
2011-07-28,4.671567440032959
2011-07-29,4.6737213134765625
2011-08-01,4.62851095199585
2011-08-02,4.318509101867676
2011-08-03,4.232395648956299
2011-08-04,4.133368492126465
2011-08-05,4.1226043701171875
2011-08-08,3.909477710723877
2011-08-09,3.961146354675293
2011-08-10,3.9417684078216553
2011-08-11,4.090313911437988
2011-08-12,4.004200458526611
2011-08-15,4.152744770050049
2011-08-16,4.090313911437988
2011-08-17,4.027881622314453
2011-08-18,3.956838607788086
2011-08-19,3.8987138271331787
2011-08-22,3.961146354675293
2011-08-23,3.982673406600952
2011-08-24,3.909477710723877
2011-08-25,3.9288523197174072
2011-08-26,3.8535053730010986
2011-08-29,4.090313911437988
2011-08-30,4.081700325012207
2011-08-31,4.2237868309021
2011-09-01,4.090313911437988
2011-09-02,4.060173034667969
2011-09-05,4.0472564697265625
2011-09-06,4.090313911437988
2011-09-08,4.154896259307861
2011-09-09,4.154896259307861
2011-09-12,4.0472564697265625
2011-09-13,4.025728225708008
2011-09-14,4.0321855545043945
2011-09-15,4.027881622314453
2011-09-16,4.105381965637207
2011-09-19,4.105381965637207
2011-09-20,4.068784713745117
2011-09-21,4.023576736450195
2011-09-22,3.8750338554382324
2011-09-23,3.7889223098754883
2011-09-26,3.748018264770508
2011-09-27,3.814755439758301
2011-09-28,3.7458646297454834
2011-09-29,3.8190605640411377
2011-09-30,3.7673935890197754
2011-10-03,3.7415595054626465
2011-10-04,3.739408493041992
2011-10-05,3.8190605640411377
2011-10-06,3.8836443424224854
2011-10-07,3.8857979774475098
2011-10-10,3.859963893890381
2011-10-11,3.8857979774475098
2011-10-13,3.8750338554382324
2011-10-14,3.8814921379089355
2011-10-17,3.8750338554382324
2011-10-18,3.8750338554382324
2011-10-19,3.8750338554382324
2011-10-20,3.8126022815704346
2011-10-21,3.8750338554382324
2011-10-24,3.918088912963867
2011-10-25,3.918088912963867
2011-10-26,3.969757080078125
2011-10-27,3.939617395401001
2011-10-28,4.051562786102295
2011-10-31,4.221530437469482
2011-11-01,4.065999507904053
2011-11-03,4.110435962677002
2011-11-04,4.154872894287109
2011-11-07,4.203754425048828
2011-11-08,4.228195667266846
2011-11-09,4.210421085357666
2011-11-10,4.299293518066406
2011-11-11,4.488152980804443
2011-11-14,4.463711261749268
2011-11-16,4.477042198181152
2011-11-17,4.3792805671691895
2011-11-18,4.272631645202637
2011-11-21,4.283740997314453
2011-11-22,4.221530437469482
2011-11-23,4.194867134094238
2011-11-24,4.143762588500977
2011-11-25,4.0326714515686035
2011-11-28,4.090439796447754
2011-11-29,4.019339084625244
2011-11-30,4.163760662078857
2011-12-01,4.450380802154541
2011-12-02,4.439271926879883
2011-12-05,4.554808616638184
2011-12-06,4.499261856079102
2011-12-07,4.472600936889648
2011-12-08,4.3548407554626465
2011-12-09,4.385945796966553
2011-12-12,4.505927085876465
2011-12-13,4.521479606628418
2011-12-14,4.477042198181152
2011-12-15,4.51037073135376
2011-12-16,4.43704891204834
2011-12-19,4.443714618682861
2011-12-20,4.621462345123291
2011-12-21,4.796991348266602
2011-12-22,4.81032133102417
2011-12-23,4.830319404602051
2011-12-26,4.830319404602051
2011-12-27,4.825873851776123
2011-12-28,4.710336685180664
2011-12-29,4.777675628662109
2012-01-02,4.7664594650268555
2012-01-03,4.874125957489014
2012-01-04,4.934688091278076
2012-01-05,4.932445526123047
2012-01-06,4.800104141235352
2012-01-09,4.687953472137451
2012-01-10,4.726084232330322
2012-01-11,4.797862529754639
2012-01-12,4.755243301391602
2012-01-13,4.620662212371826
2012-01-16,4.57580041885376
2012-01-17,4.542155742645264
2012-01-18,4.710382461547852
2012-01-19,4.737300395965576
2012-01-20,4.777675628662109
2012-01-23,4.7305707931518555
2012-01-24,4.631875991821289
2012-01-26,4.663280010223389
2012-01-27,4.710382461547852
2012-01-30,4.739543437957764
2012-01-31,4.658795356750488
2012-02-01,4.777675628662109
2012-02-02,4.8247785568237305
2012-02-03,4.9010419845581055
2012-02-06,4.990763187408447
2012-02-07,5.001980781555176
2012-02-08,5.015435695648193
2012-02-09,5.001980781555176
2012-02-10,4.957119464874268
2012-02-13,4.957119464874268
2012-02-14,5.100672245025635
2012-02-15,5.233013153076172
2012-02-16,5.176934242248535
2012-02-17,5.134318828582764
2012-02-23,5.0266499519348145
2012-02-24,4.945902347564697
2012-02-27,4.77318811416626
2012-02-28,4.847209930419922
2012-02-29,4.822534084320068
2012-03-01,4.957119464874268
2012-03-02,4.84496545791626
2012-03-05,4.6991682052612305
2012-03-06,4.593745708465576
2012-03-07,4.578044891357422
2012-03-08,4.620662212371826
2012-03-09,4.607203006744385
2012-03-12,4.620662212371826
2012-03-13,4.687953472137451
2012-03-14,4.739543437957764
2012-03-15,4.703653812408447
2012-03-16,4.665521621704102
2012-03-19,4.625147819519043
2012-03-20,4.48607873916626
2012-03-21,4.481593608856201
2012-03-22,4.481593608856201
2012-03-23,4.396358489990234
2012-03-26,4.441220283508301
2012-03-27,4.48607873916626
2012-03-28,4.438976764678955
2012-03-29,4.508511066436768
2012-03-30,4.5543928146362305
2012-04-02,4.590610504150391
2012-04-03,4.470639228820801
2012-04-04,4.495541095733643
2012-04-05,4.481956958770752
2012-04-09,4.42989444732666
2012-04-10,4.42989444732666
2012-04-11,4.391412734985352
2012-04-12,4.432158946990967
2012-04-13,4.411786079406738
2012-04-16,4.414050579071045
2012-04-17,4.391412734985352
2012-04-18,4.361985683441162
2012-04-19,4.3574604988098145
2012-04-20,4.380095481872559
2012-04-23,4.3348236083984375
2012-04-24,4.337086200714111
2012-04-25,4.3189778327941895
2012-04-26,4.275969505310059
2012-04-27,4.32124137878418
2012-04-30,4.253332614898682
2012-05-02,4.253332614898682
2012-05-03,4.45932149887085
2012-05-04,4.4502668380737305
2012-05-07,4.527229309082031
2012-05-08,4.398202419281006
2012-05-09,4.260124206542969
2012-05-10,4.307659149169922
2012-05-11,4.32124137878418
2012-05-14,4.278233528137207
2012-05-15,4.162787914276123
2012-05-16,4.142415523529053
2012-05-17,3.9160544872283936
2012-05-18,4.006598472595215
2012-05-21,4.006598472595215
2012-05-22,4.160524368286133
2012-05-23,4.097143650054932
2012-05-24,4.045080661773682
2012-05-25,4.128833293914795
2012-05-28,4.187687873840332
2012-05-29,4.144678115844727
2012-05-30,4.0247063636779785
2012-05-31,4.04960823059082
2012-06-01,3.8820998668670654
2012-06-04,3.861727714538574
2012-06-05,3.848146438598633
2012-06-06,3.8322997093200684
2012-06-08,3.86625337600708
2012-06-11,3.8390915393829346
2012-06-12,3.9613263607025146
2012-06-13,3.9771714210510254
2012-06-14,3.943216562271118
2012-06-15,3.95000958442688
2012-06-18,3.983962297439575
2012-06-19,3.9794366359710693
2012-06-20,3.952272415161133
2012-06-21,3.9409546852111816
2012-06-22,3.8685171604156494
2012-06-25,3.823244094848633
2012-06-26,3.780237913131714
2012-06-27,3.7576005458831787
2012-06-28,3.8368282318115234
2012-06-29,3.8730454444885254
2012-07-02,3.8707804679870605
2012-07-03,4.026971817016602
2012-07-04,3.9771714210510254
2012-07-05,3.8934175968170166
2012-07-06,3.8934175968170166
2012-07-10,3.780237913131714
2012-07-11,3.848146438598633
2012-07-12,3.7870287895202637
2012-07-13,3.7349653244018555
2012-07-16,3.7349653244018555
2012-07-17,3.75307297706604
2012-07-18,3.818718910217285
2012-07-19,3.8707804679870605
2012-07-20,3.780237913131714
2012-07-23,3.771183967590332
2012-07-24,3.7236459255218506
2012-07-25,3.732701063156128
2012-07-26,3.791555404663086
2012-07-27,3.8209824562072754
2012-07-30,3.9318997859954834
2012-07-31,4.051870822906494
2012-08-01,4.072244644165039
2012-08-02,3.95000958442688
2012-08-03,4.006598472595215
2012-08-06,4.017915725708008
2012-08-07,4.176370620727539
2012-08-08,4.210324764251709
2012-08-09,4.339350700378418
2012-08-10,4.339350700378418
2012-08-13,4.400466442108154
2012-08-14,4.436685562133789
2012-08-15,4.527229309082031
2012-08-16,4.481956958770752
2012-08-17,4.511384963989258
2012-08-20,4.500065326690674
2012-08-21,4.418576240539551
2012-08-22,4.400466442108154
2012-08-23,4.371041297912598
2012-08-24,4.3461408615112305
2012-08-27,4.3461408615112305
2012-08-28,4.337086200714111
2012-08-29,4.27144193649292
2012-08-30,4.2850236892700195
2012-08-31,4.232958793640137
2012-09-03,4.2669148445129395
2012-09-04,4.278233528137207
2012-09-05,4.328032493591309
2012-09-06,4.4027323722839355
2012-09-10,4.398202419281006
2012-09-11,4.323504447937012
2012-09-12,4.3461408615112305
2012-09-13,4.46384859085083
2012-09-14,4.549867630004883
2012-09-17,4.572503089904785
2012-09-18,4.527229309082031
2012-09-19,4.572503089904785
2012-09-20,4.660783290863037
2012-09-21,4.635883331298828
2012-09-24,4.640411853790283
2012-09-25,4.626829147338867
2012-09-26,4.6336188316345215
2012-09-27,4.5951385498046875
2012-09-28,4.6155104637146
2012-10-01,4.622302055358887
2012-10-02,4.810182571411133
2012-10-03,4.737746715545654
2012-10-04,4.7354817390441895
2012-10-05,4.730955600738525
2012-10-08,4.762645244598389
2012-10-09,4.7762274742126465
2012-10-10,4.758116722106934
2012-10-11,4.706056594848633
2012-10-15,4.832818031311035
2012-10-16,4.798863410949707
2012-10-17,4.72189998626709
2012-10-18,4.805654048919678
2012-10-19,4.839609622955322
2012-10-22,4.785283088684082
2012-10-23,4.787545204162598
2012-10-24,4.810182571411133
2012-10-25,4.832818031311035
2012-10-26,4.805654048919678
2012-10-29,4.832818031311035
2012-10-30,4.6992645263671875
2012-10-31,5.035100936889648
2012-11-01,5.130673408508301
2012-11-05,5.130673408508301
2012-11-06,5.228579044342041
2012-11-07,5.289186477661133
2012-11-08,5.286855220794678
2012-11-09,5.312498092651367
2012-11-12,5.240234375
2012-11-13,5.1982741355896
2012-11-14,5.17496395111084
2012-11-16,5.163309574127197
2012-11-19,5.209929943084717
2012-11-21,5.2425642013549805
2012-11-22,5.193613052368164
2012-11-23,5.289186477661133
2012-11-26,5.219253063201904
2012-11-27,5.235572338104248
2012-11-28,5.265876293182373
2012-11-29,5.268205642700195
2012-11-30,5.251889705657959
2012-12-03,5.244895935058594
2012-12-04,5.219253063201904
2012-12-05,5.223917007446289
2012-12-06,5.17496395111084
2012-12-07,5.244895935058594
2012-12-10,5.186619758605957
2012-12-11,5.251889705657959
2012-12-12,5.08172082901001
2012-12-13,5.15165376663208
2012-12-14,5.15165376663208
2012-12-17,5.2425642013549805
2012-12-18,5.251889705657959
2012-12-19,5.298508644104004
2012-12-20,5.408071517944336
2012-12-21,5.512967586517334
2012-12-26,5.377766132354736
2012-12-27,5.47089147567749
2012-12-28,5.522615909576416
2013-01-02,5.548477649688721
2013-01-03,5.6190104484558105
2013-01-04,5.642520427703857
2013-01-07,5.607254505157471
2013-01-08,5.75771951675415
2013-01-09,5.534371852874756
2013-01-10,5.607254505157471
2013-01-11,5.5508294105529785
2013-01-14,5.56493616104126
2013-01-15,5.548477649688721
2013-01-16,5.642520427703857
2013-01-17,5.524967193603516
2013-01-18,5.383904457092285
2013-01-21,5.4779462814331055
2013-01-22,5.501457214355469
2013-01-23,5.607254505157471
2013-01-24,5.661328315734863
2013-01-28,5.6190104484558105
2013-01-29,5.621360778808594
2013-01-30,5.501457214355469
2013-01-31,5.6190104484558105
2013-02-01,5.524967193603516
2013-02-04,5.513211727142334
2013-02-05,5.684838771820068
2013-02-06,5.682487487792969
2013-02-07,5.623710632324219
2013-02-08,5.642520427703857
2013-02-13,5.677786350250244
2013-02-14,5.680136203765869
2013-02-15,5.760071754455566
2013-02-18,5.818849563598633
2013-02-19,5.818849563598633
2013-02-20,5.760071754455566
2013-02-21,5.861167907714844
2013-02-22,5.8517632484436035
2013-02-25,5.948155879974365
2013-02-26,6.077465057373047
2013-02-27,6.042198181152344
2013-02-28,6.171505451202393
2013-03-01,6.089217662811279
2013-03-04,6.0186872482299805
2013-03-05,6.08216667175293
2013-03-06,6.296111583709717
2013-03-07,6.28905725479126
2013-03-08,6.399557113647461
2013-03-11,6.477142810821533
2013-03-12,6.406612873077393
2013-03-13,6.324324131011963
2013-03-14,6.277304172515869
2013-03-15,6.357237815856934
2013-03-18,6.394855499267578
2013-03-19,6.371344566345215
2013-03-20,6.385450839996338
2013-03-21,6.336077690124512
2013-03-22,6.336077690124512
2013-03-25,6.300813674926758
2013-03-26,6.477142810821533
2013-03-27,6.514758110046387
2013-03-28,6.559427738189697
2013-04-01,6.592508792877197
2013-04-02,6.573268413543701
2013-04-03,6.662259101867676
2013-04-04,6.578077793121338
2013-04-05,6.534783363342285
2013-04-08,6.517950057983398
2013-04-09,6.5395941734313965
2013-04-10,6.614151954650879
2013-04-11,6.551621437072754
2013-04-12,6.376043319702148
2013-04-15,6.24135684967041
2013-04-16,6.212496280670166
2013-04-17,5.916662693023682
2013-04-18,5.784379482269287
2013-04-19,5.870963096618652
2013-04-22,5.955143451690674
2013-04-23,6.082617282867432
2013-04-24,5.940714359283447
2013-04-25,5.9984354972839355
2013-04-26,5.9984354972839355
2013-04-29,5.839697360992432
2013-04-30,6.0393242835998535
2013-05-02,6.012868881225586
2013-05-03,6.1451520919799805
2013-05-06,6.1908488273620605
2013-05-07,6.133124828338623
2013-05-08,6.214900970458984
2013-05-09,6.157176971435547
2013-05-10,6.188443183898926
2013-05-13,6.193255424499512
2013-05-14,6.226926326751709
2013-05-15,6.104262351989746
2013-05-16,6.060970783233643
2013-05-17,6.234140872955322
2013-05-20,6.40731143951416
2013-05-21,6.436174392700195
2013-05-22,6.4457926750183105
2013-05-23,6.390476703643799
2013-05-24,6.493896484375
2013-05-27,6.469845294952393
2013-05-28,6.590104103088379
2013-05-29,6.373641490936279
2013-05-31,6.342374324798584
2013-06-03,6.253385066986084
2013-06-04,6.289460182189941
2013-06-05,6.1547698974609375
2013-06-06,6.024892807006836
2013-06-07,5.844506740570068
2013-06-10,5.880583763122559
2013-06-11,5.789190769195557
2013-06-12,5.736276149749756
2013-06-13,5.861342906951904
2013-06-14,5.878179550170898
2013-06-17,5.914257049560547
2013-06-18,5.77235221862793
2013-06-19,5.736276149749756
2013-06-20,5.820455074310303
2013-06-21,5.652095317840576
2013-06-24,5.495761871337891
2013-06-25,5.4115824699401855
2013-06-26,5.560702800750732
2013-06-27,5.844506740570068
2013-06-28,5.606398582458496
2013-07-01,5.784379482269287
2013-07-02,5.635261058807373
2013-07-03,5.486143589019775
2013-07-04,5.531839847564697
2013-07-05,5.5919671058654785
2013-07-08,5.587157249450684
2013-07-10,5.726655006408691
2013-07-11,6.085022449493408
2013-07-12,6.012868881225586
2013-07-15,5.988816738128662
2013-07-16,6.012868881225586
2013-07-17,6.229330062866211
2013-07-18,6.193255424499512
2013-07-19,6.181229591369629
2013-07-22,6.152366638183594
2013-07-23,6.181229591369629
2013-07-24,6.109073162078857
2013-07-25,6.133124828338623
2013-07-26,6.133124828338623
2013-07-29,6.036920070648193
2013-07-30,5.969576358795166
2013-07-31,6.181229591369629
2013-08-01,6.217306137084961
2013-08-02,6.335157871246338
2013-08-05,6.335157871246338
2013-08-06,6.238953590393066
2013-08-07,6.176415920257568
2013-08-08,6.133124828338623
2013-08-09,6.549216270446777
2013-08-12,6.508327960968018
2013-08-13,6.510735034942627
2013-08-14,6.4457926750183105
2013-08-15,6.380854606628418
2013-08-16,6.325536727905273
2013-08-19,6.3568034172058105
2013-08-20,6.289460182189941
2013-08-21,6.253385066986084
2013-08-22,6.2485737800598145
2013-08-23,6.371234893798828
2013-08-26,6.253385066986084
2013-08-27,6.157176971435547
2013-08-28,6.176415920257568
2013-08-29,6.231735706329346
2013-08-30,6.2052812576293945
2013-09-02,6.231735706329346
2013-09-03,6.188443183898926
2013-09-04,6.253385066986084
2013-09-05,6.253385066986084
2013-09-06,6.373641490936279
2013-09-09,6.508327960968018
2013-09-10,6.493896484375
2013-09-11,6.443390369415283
2013-09-12,6.373641490936279
2013-09-13,6.486682891845703
2013-09-16,6.428960800170898
2013-09-17,6.505922794342041
2013-09-18,6.614151954650879
2013-09-19,6.652637004852295
2013-09-20,6.433768272399902
2013-09-23,6.554028034210205
2013-09-24,6.614151954650879
2013-09-25,6.6478271484375
2013-09-26,6.643016815185547
2013-09-27,6.679093837738037
2013-09-30,6.734412670135498
2013-10-01,6.895556926727295
2013-10-02,6.782514572143555
2013-10-03,6.6814985275268555
2013-10-04,6.782514572143555
2013-10-07,6.794540882110596
2013-10-08,6.751249313354492
2013-10-09,6.780109882354736
2013-10-10,6.902772426605225
2013-10-11,6.931633949279785
2013-10-14,6.97252082824707
2013-10-15,6.96771240234375
2013-10-16,6.974926471710205
2013-10-17,6.974926471710205
2013-10-18,7.008598804473877
2013-10-21,6.962902545928955
2013-10-22,7.03746223449707
2013-10-23,7.0470805168151855
2013-10-24,6.897963047027588
2013-10-25,6.902772426605225
2013-10-28,6.729602813720703
2013-10-29,6.918894290924072
2013-10-30,6.808485507965088
2013-10-31,6.906624794006348
2013-11-01,6.955695629119873
2013-11-04,6.945881366729736
2013-11-05,6.916441440582275
2013-11-06,6.833022594451904
2013-11-07,6.879636764526367
2013-11-08,6.734881401062012
2013-11-11,6.707890510559082
2013-11-12,6.597483158111572
2013-11-13,6.661275386810303
2013-11-14,6.747148036956787
2013-11-18,6.869822978973389
2013-11-19,6.79621696472168
2013-11-21,6.808485507965088
2013-11-22,6.894357681274414
2013-11-25,7.360525131225586
2013-11-26,7.201046466827393
2013-11-27,7.188779354095459
2013-11-28,7.213315963745117
2013-11-29,7.245209217071533
2013-12-02,7.250117778778076
2013-12-03,7.115174293518066
2013-12-04,7.078369617462158
2013-12-05,6.950789451599121
2013-12-06,6.967963218688965
2013-12-09,7.024394989013672
2013-12-10,7.115174293518066
2013-12-11,7.048932075500488
2013-12-12,6.992497444152832
2013-12-13,6.980230808258057
2013-12-16,7.10536003112793
2013-12-17,7.071009159088135
2013-12-18,7.004766464233398
2013-12-19,7.174059867858887
2013-12-20,7.262383937835693
2013-12-23,7.264837741851807
2013-12-26,7.296843528747559
2013-12-27,7.383269786834717
2013-12-30,7.346230506896973
2014-01-02,7.249927520751953
2014-01-03,7.230171203613281
2014-01-06,7.148684024810791
2014-01-07,7.114111423492432
2014-01-08,7.002995014190674
2014-01-09,6.8523664474487305
2014-01-10,6.9461989402771
2014-01-13,6.862242221832275
2014-01-14,7.037562847137451
2014-01-15,7.161032199859619
2014-01-16,7.237579345703125
2014-01-17,7.168437480926514
2014-01-20,7.1412763595581055
2014-01-21,7.235109806060791
2014-01-22,7.346230506896973
2014-01-23,7.259805679321289
2014-01-24,7.136338233947754
2014-01-27,6.990644931793213
2014-01-28,7.032626152038574
2014-01-29,6.963484287261963
2014-01-30,6.983241558074951
2014-01-31,6.951137542724609
2014-02-03,6.886936187744141
2014-02-04,6.840020179748535
2014-02-05,6.89187479019165
2014-02-06,7.062258243560791
2014-02-07,7.126459121704102
2014-02-10,7.217825412750244
2014-02-11,7.370922088623047
2014-02-12,7.370922088623047
2014-02-13,7.420309066772461
2014-02-14,7.17337703704834
2014-02-17,7.111642837524414
2014-02-18,7.210416793823242
2014-02-19,7.34128999710083
2014-02-20,7.464756488800049
2014-02-21,7.449941158294678
2014-02-24,7.570936679840088
2014-02-25,7.55612325668335
2014-02-26,7.753668785095215
2014-02-27,7.867257118225098
2014-02-28,8.020354270935059
2014-03-05,8.24753189086914
2014-03-06,8.235184669494629
2014-03-07,8.02529239654541
2014-03-10,7.803053855895996
2014-03-11,7.79070520401001
2014-03-12,7.941335201263428
2014-03-13,7.938865661621094
2014-03-14,7.882070541381836
2014-03-17,7.842565536499023
2014-03-18,7.884543418884277
2014-03-19,8.091965675354004
2014-03-20,8.032700538635254
2014-03-21,8.148761749267578
2014-03-24,8.185798645019531
2014-03-25,8.296916007995605
2014-03-26,8.21296215057373
2014-03-27,8.148761749267578
2014-03-28,7.728974342346191
2014-03-31,8.394074440002441
2014-04-01,8.433605194091797
2014-04-02,8.40725040435791
2014-04-03,8.417792320251465
2014-04-04,8.383530616760254
2014-04-07,8.201680183410645
2014-04-08,8.035645484924316
2014-04-09,8.038280487060547
2014-04-10,8.44678020477295
2014-04-11,8.404616355895996
2014-04-14,8.673436164855957
2014-04-15,8.839472770690918
2014-04-16,9.224257469177246
2014-04-17,9.203171730041504
2014-04-22,9.052947044372559
2014-04-23,8.93171501159668
2014-04-24,8.947527885437012
2014-04-25,8.934351921081543
2014-04-28,8.91063117980957
2014-04-29,8.763042449951172
2014-04-30,8.54166030883789
2014-05-02,8.799938201904297
2014-05-05,8.67080020904541
2014-05-06,8.705062866210938
2014-05-07,8.90535831451416
2014-05-08,8.773584365844727
2014-05-09,8.578558921813965
2014-05-12,8.589099884033203
2014-05-13,8.618088722229004
2014-05-14,8.697157859802246
2014-05-15,8.618088722229004
2014-05-16,8.697157859802246
2014-05-19,8.657620429992676
2014-05-20,8.673436164855957
2014-05-21,8.66553020477295
2014-05-22,8.697157859802246
2014-05-23,8.502127647399902
2014-05-26,8.539026260375977
2014-05-27,8.27547550201416
2014-05-28,8.441510200500488
2014-05-29,8.420426368713379
2014-05-30,8.22012996673584
2014-06-02,8.412520408630371
2014-06-03,8.67080020904541
2014-06-04,8.683977127075195
2014-06-05,8.712967872619629
2014-06-06,8.942255973815918
2014-06-09,8.934351921081543
2014-06-10,8.907995223999023
2014-06-11,9.029226303100586
2014-06-13,9.03977108001709
2014-06-16,9.06876277923584
2014-06-17,9.000238418579102
2014-06-18,9.184720993041992
2014-06-20,8.965974807739258
2014-06-23,8.67080020904541
2014-06-24,8.48367977142334
2014-06-25,8.367718696594238
2014-06-26,8.175325393676758
2014-06-27,8.233306884765625
2014-06-30,8.396709442138672
2014-07-01,8.554838180541992
2014-07-02,8.628631591796875
2014-07-03,8.67080020904541
2014-07-04,8.552202224731445
2014-07-07,8.763042449951172
2014-07-08,8.657620429992676
2014-07-10,8.76831340789795
2014-07-11,8.776219367980957
2014-07-14,8.694519996643066
2014-07-15,8.459959030151367
2014-07-16,8.48104476928711
2014-07-17,8.367718696594238
2014-07-18,8.40198040008545
2014-07-21,8.628631591796875
2014-07-22,8.528483390808105
2014-07-23,8.533754348754883
2014-07-24,8.565380096435547
2014-07-25,8.544296264648438
2014-07-28,8.399343490600586
2014-07-29,8.40725040435791
2014-07-30,8.309738159179688
2014-07-31,8.204315185546875
2014-08-01,8.170055389404297
2014-08-04,8.209588050842285
2014-08-05,8.41515827178955
2014-08-06,8.249120712280273
2014-08-07,8.1964111328125
2014-08-08,8.1964111328125
2014-08-11,8.328185081481934
2014-08-12,8.357173919677734
2014-08-13,8.515307426452637
2014-08-14,8.486318588256836
2014-08-15,8.583828926086426
2014-08-18,8.56801700592041
2014-08-19,8.810482025146484
2014-08-20,8.668166160583496
2014-08-21,8.694519996643066
2014-08-22,8.436239242553711
2014-08-25,8.578558921813965
2014-08-26,8.565380096435547
2014-08-27,8.807845115661621
2014-08-28,8.723511695861816
2014-08-29,8.815752983093262
2014-09-01,8.786762237548828
2014-09-02,8.76831340789795
2014-09-03,8.773584365844727
2014-09-04,8.652351379394531
2014-09-05,8.628631591796875
2014-09-08,8.575922012329102
2014-09-09,8.27547550201416
2014-09-10,8.24384880065918
2014-09-11,8.301830291748047
2014-09-12,7.990842819213867
2014-09-15,8.048820495605469
2014-09-16,8.199044227600098
2014-09-17,8.272838592529297
2014-09-18,8.08044719696045
2014-09-19,7.975028038024902
2014-09-22,8.204315185546875
2014-09-23,7.953943729400635
2014-09-24,7.924955368041992
2014-09-25,8.022469520568848
2014-09-26,8.030373573303223
2014-09-29,7.70883846282959
2014-09-30,7.4874587059021
2014-10-01,7.574429035186768
2014-10-02,7.748377323150635
2014-10-03,7.835346221923828
2014-10-06,7.906504154205322
2014-10-07,7.827441215515137
2014-10-08,7.616600513458252
2014-10-09,7.67457914352417
2014-10-10,7.458467960357666
2014-10-13,7.292433261871338
2014-10-14,7.6007890701293945
2014-10-15,7.424210071563721
2014-10-16,7.537535667419434
2014-10-17,7.706206798553467
2014-10-20,7.97239351272583
2014-10-21,7.642956256866455
2014-10-22,7.645590782165527
2014-10-23,7.642956256866455
2014-10-24,7.7747273445129395
2014-10-27,7.70883846282959
2014-10-28,7.861700057983398
2014-10-29,7.621871471405029
2014-10-30,7.891166687011719
2014-10-31,7.99889612197876
2014-11-03,8.125478744506836
2014-11-04,8.025826454162598
2014-11-05,8.025826454162598
2014-11-06,7.826528549194336
2014-11-07,7.77805233001709
2014-11-10,7.880395412445068
2014-11-11,7.891166687011719
2014-11-12,7.947722911834717
2014-11-13,7.945031642913818
2014-11-14,7.786129474639893
2014-11-17,7.823835372924805
2014-11-18,8.052762031555176
2014-11-19,8.171265602111816
2014-11-21,8.483678817749023
2014-11-24,8.475598335266113
2014-11-25,8.400188446044922
2014-11-26,8.335551261901855
2014-11-27,8.4917573928833
2014-11-28,8.357094764709473
2014-12-01,8.173956871032715
2014-12-02,8.179343223571777
2014-12-03,8.109319686889648
2014-12-04,8.443281173706055
2014-12-05,8.295154571533203
2014-12-08,8.173956871032715
2014-12-09,7.971965789794922
2014-12-10,7.928873538970947
2014-12-11,7.799598217010498
2014-12-12,7.686481952667236
2014-12-15,7.594913482666016
2014-12-16,7.379452705383301
2014-12-17,7.686481952667236
2014-12-18,7.716105937957764
2014-12-19,7.888473033905029
2014-12-22,7.891166687011719
2014-12-23,8.290016174316406
2014-12-26,8.271026611328125
2014-12-29,8.40937328338623
2014-12-30,8.246612548828125
2015-01-02,8.40937328338623
2015-01-05,8.393099784851074
2015-01-06,8.28730583190918
2015-01-07,8.300865173339844
2015-01-08,8.246612548828125
2015-01-09,8.119114875793457
2015-01-12,7.8939595222473145
2015-01-13,7.777313709259033
2015-01-14,7.9699177742004395
2015-01-15,7.663383960723877
2015-01-16,7.799016952514648
2015-01-19,7.758328437805176
2015-01-20,7.755613803863525
2015-01-21,7.921087741851807
2015-01-22,8.018744468688965
2015-01-23,7.8885369300842285
2015-01-26,8.04587459564209
2015-01-27,8.029598236083984
2015-01-28,7.836994647979736
2015-01-29,7.693220615386963
2015-01-30,7.459930419921875
2015-02-02,7.270040035247803
2015-02-03,7.351420879364014
2015-02-04,7.484342575073242
2015-02-05,7.676945686340332
2015-02-06,7.497905254364014
2015-02-09,7.6172637939453125
2015-02-10,7.59556245803833
2015-02-11,7.60098934173584
2015-02-12,7.728487491607666
2015-02-13,7.720348834991455
2015-02-18,7.7149224281311035
2015-02-19,7.8668341636657715
2015-02-20,7.861411094665527
2015-02-23,8.165231704711914
2015-02-24,8.387672424316406
2015-02-25,8.745749473571777
2015-02-26,8.620966911315918
2015-02-27,8.49618148803711
2015-03-02,8.477190971374512
2015-03-03,8.300865173339844
2015-03-04,8.352408409118652
2015-03-05,8.327994346618652
2015-03-06,8.387672424316406
2015-03-09,8.138102531433105
2015-03-10,8.254753112792969
2015-03-11,8.523307800292969
2015-03-12,8.56942367553711
2015-03-13,8.300865173339844
2015-03-16,8.528731346130371
2015-03-17,8.721334457397461
2015-03-18,8.764739036560059
2015-03-19,8.802718162536621
2015-03-20,8.954626083374023
2015-03-23,9.1824951171875
2015-03-24,9.345256805419922
2015-03-25,9.385947227478027
2015-03-26,9.19605827331543
2015-03-27,9.41307258605957
2015-03-30,9.740876197814941
2015-03-31,9.865226745605469
2015-04-01,9.80996036529541
2015-04-02,10.053138732910156
2015-04-06,10.265913963317871
2015-04-07,10.254859924316406
2015-04-08,10.155380249023438
2015-04-09,10.155380249023438
2015-04-10,10.102873802185059
2015-04-13,10.362634658813477
2015-04-14,10.136034965515137
2015-04-15,10.279730796813965
2015-04-16,10.094586372375488
2015-04-17,10.061424255371094
2015-04-20,10.042081832885742
2015-04-22,9.873516082763672
2015-04-23,10.003393173217773
2015-04-24,10.17196273803711
2015-04-27,9.851409912109375
2015-04-28,9.79061508178711
2015-04-29,10.196828842163086
2015-04-30,10.415136337280273
2015-05-04,10.619626998901367
2015-05-05,10.597518920898438
2015-05-06,10.677656173706055
2015-05-07,10.688711166381836
2015-05-08,10.79095458984375
2015-05-11,10.796481132507324
2015-05-12,10.735686302185059
2015-05-13,10.708053588867188
2015-05-14,10.680419921875
2015-05-15,10.804773330688477
2015-05-18,10.672131538391113
2015-05-19,10.779899597167969
2015-05-20,10.451061248779297
2015-05-21,10.304601669311523
2015-05-22,9.892857551574707
2015-05-25,9.948126792907715
2015-05-26,9.754691123962402
2015-05-27,10.362634658813477
2015-05-28,10.086292266845703
2015-05-29,9.86246109008789
2015-06-01,9.812721252441406
2015-06-02,10.183011054992676
2015-06-03,9.978523254394531
2015-06-05,9.906672477722168
2015-06-08,9.80996036529541
2015-06-09,9.699423789978027
2015-06-10,9.879040718078613
2015-06-11,9.98957633972168
2015-06-12,9.851409912109375
2015-06-15,9.92325496673584
2015-06-16,9.92325496673584
2015-06-17,10.0172119140625
2015-06-18,10.064188003540039
2015-06-19,10.086292266845703
2015-06-22,10.163671493530273
2015-06-23,10.40960693359375
2015-06-24,10.473170280456543
2015-06-25,10.74950122833252
2015-06-26,10.91806697845459
2015-06-29,10.970571517944336
2015-06-30,11.440347671508789
2015-07-01,11.321521759033203
2015-07-02,11.55916976928711
2015-07-03,11.357442855834961
2015-07-06,11.606146812438965
2015-07-07,11.680757522583008
2015-07-08,11.329813003540039
2015-07-10,11.277308464050293
2015-07-13,11.260726928710938
2015-07-14,11.249673843383789
2015-07-15,11.321521759033203
2015-07-16,10.998208045959473
2015-07-17,10.843460083007812
2015-07-20,10.638968467712402
2015-07-21,10.605807304382324
2015-07-22,10.503564834594727
2015-07-23,10.362634658813477
2015-07-24,10.252095222473145
2015-07-27,10.417899131774902
2015-07-28,10.279730796813965
2015-07-29,10.652786254882812
2015-07-30,10.638968467712402
2015-07-31,10.763320922851562
2015-08-03,10.848983764648438
2015-08-04,10.680419921875
2015-08-05,10.196828842163086
2015-08-06,9.9978666305542
2015-08-07,9.854170799255371
2015-08-10,9.699423789978027
2015-08-11,9.807197570800781
2015-08-12,9.453486442565918
2015-08-13,9.481118202209473
2015-08-14,9.42308521270752
2015-08-17,9.22964859008789
2015-08-18,9.45072078704834
2015-08-19,9.025161743164062
2015-08-20,8.967130661010742
2015-08-21,9.083192825317383
2015-08-24,8.759879112243652
2015-08-25,8.980948448181152
2015-08-26,9.119114875793457
2015-08-27,9.398216247558594
2015-08-28,9.307023048400879
2015-08-31,9.196492195129395
2015-09-01,9.005817413330078
2015-09-02,8.925681114196777
2015-09-03,9.044507026672363
2015-09-04,8.840017318725586
2015-09-08,8.928443908691406
2015-09-09,8.898046493530273
2015-09-10,8.773695945739746
2015-09-11,8.547100067138672
2015-09-14,9.160567283630371
2015-09-15,9.492169380187988
2015-09-16,9.533622741699219
2015-09-17,9.514277458190918
2015-09-18,9.036214828491211
2015-09-21,8.8013277053833
2015-09-22,9.041742324829102
2015-09-23,8.56644058227539
2015-09-24,8.588549613952637
2015-09-25,8.212730407714844
2015-09-28,8.43932819366455
2015-09-29,8.560914039611816
2015-09-30,8.317739486694336
2015-10-01,8.392350196838379
2015-10-02,8.790275573730469
2015-10-05,9.505989074707031
2015-10-06,9.337424278259277
2015-10-07,9.367818832397461
2015-10-08,9.329133987426758
2015-10-09,9.279391288757324
2015-10-13,9.284918785095215
2015-10-14,9.45072078704834
2015-10-15,9.461775779724121
2015-10-16,9.464534759521484
2015-10-19,9.533622741699219
2015-10-20,9.652443885803223
2015-10-21,9.798903465270996
2015-10-22,9.42861270904541
2015-10-23,9.536384582519531
2015-10-26,9.671792030334473
2015-10-27,9.547438621520996
2015-10-28,9.497695922851562
2015-10-29,9.220575332641602
2015-10-30,9.144206047058105
2015-11-03,9.152692794799805
2015-11-04,8.867024421691895
2015-11-05,9.418564796447754
2015-11-06,9.39593505859375
2015-11-09,9.166834831237793
2015-11-10,9.008445739746094
2015-11-11,9.545838356018066
2015-11-12,9.61655044555664
2015-11-13,9.398761749267578
2015-11-16,9.61655044555664
2015-11-17,9.90221881866455
2015-11-18,9.678775787353516
2015-11-19,9.673115730285645
2015-11-23,9.828679084777832
2015-11-24,10.026666641235352
2015-11-25,9.760799407958984
2015-11-26,9.786253929138184
2015-11-27,9.61655044555664
2015-11-30,9.20360279083252
2015-12-01,9.842822074890137
2015-12-02,9.806053161621094
2015-12-03,10.037983894348145
2015-12-04,10.040809631347656
2015-12-07,9.885248184204102
2015-12-08,9.44118881225586
2015-12-09,9.571296691894531
2015-12-10,9.336536407470703
2015-12-11,9.180976867675781
2015-12-14,9.083075523376465
2015-12-15,8.980245590209961
2015-12-16,8.768880844116211
2015-12-17,9.068791389465332
2015-12-18,8.643200874328613
2015-12-21,8.514665603637695
2015-12-22,8.531805038452148
2015-12-23,8.66319465637207
2015-12-28,8.440402030944824
2015-12-29,8.291873931884766
2015-12-30,8.223320960998535
2016-01-04,8.177620887756348
2016-01-05,8.42612075805664
2016-01-06,8.266165733337402
2016-01-07,7.926267147064209
2016-01-08,7.777741432189941
2016-01-11,7.412131309509277
2016-01-12,7.689192771911621
2016-01-13,7.669197082519531
2016-01-14,7.629208564758301
2016-01-15,7.41784143447876
2016-01-18,7.140781879425049
2016-01-19,7.226469039916992
2016-01-20,6.826584815979004
2016-01-21,6.49525260925293
2016-01-22,6.56951904296875
2016-01-26,6.858005523681641
2016-01-27,6.963687896728516
2016-01-28,7.140781879425049
2016-01-29,7.474967956542969
2016-02-01,7.540661334991455
2016-02-02,7.112217426300049
2016-02-03,7.603503704071045
2016-02-04,7.212189674377441
2016-02-05,6.726613521575928
2016-02-10,6.829442977905273
2016-02-11,6.835156440734863
2016-02-12,6.766602516174316
2016-02-15,6.626645565032959
2016-02-16,6.500965595245361
2016-02-17,6.795166969299316
2016-02-18,6.9265570640563965
2016-02-19,6.897994041442871
2016-02-22,7.249319076538086
2016-02-23,6.855149269104004
2016-02-24,6.598082065582275
2016-02-25,6.6209330558776855
2016-02-26,6.486685752868652
2016-02-29,6.749465465545654
2016-03-01,6.9722580909729
2016-03-02,7.195051193237305
2016-03-03,7.340721607208252
2016-03-04,7.297878742218018
2016-03-07,7.526383399963379
2016-03-08,7.72632360458374
2016-03-09,7.909127712249756
2016-03-10,7.929123401641846
2016-03-11,8.134779930114746
2016-03-14,8.083364486694336
2016-03-15,7.429268836975098
2016-03-16,7.480682849884033
2016-03-17,8.229035377502441
2016-03-18,8.054800987243652
2016-03-21,8.140490531921387
2016-03-22,7.869140148162842
2016-03-23,7.754887104034424
2016-03-24,7.706329822540283
2016-03-28,7.752028942108154
2016-03-29,8.10906982421875
2016-03-30,7.980337619781494
2016-03-31,7.960245609283447
2016-04-01,8.3506498336792
2016-04-04,8.04349136352539
2016-04-05,7.948761463165283
2016-04-06,8.046360969543457
2016-04-07,7.997562885284424
2016-04-08,8.238697052001953
2016-04-11,8.356392860412598
2016-04-12,8.525754928588867
2016-04-13,8.393708229064941
2016-04-14,8.505663871765137
2016-04-15,8.468344688415527
2016-04-18,8.689380645751953
2016-04-19,8.563076972961426
2016-04-20,8.405190467834473
2016-04-22,8.59752368927002
2016-04-25,7.891349792480469
2016-04-26,7.991820335388184
2016-04-27,8.250178337097168
2016-04-28,7.871254920959473
2016-04-29,7.951634883880615
2016-05-02,7.937279224395752
2016-05-03,7.963114261627197
2016-05-04,7.899960517883301
2016-05-05,7.44927453994751
2016-05-06,7.4779791831970215
2016-05-09,7.320096015930176
2016-05-10,7.426308631896973
2016-05-11,7.5928053855896
2016-05-12,7.862643241882324
2016-05-13,7.753558158874512
2016-05-16,7.544002532958984
2016-05-17,7.486591339111328
2016-05-18,7.529651165008545
2016-05-19,7.463627338409424
2016-05-20,7.469367027282715
2016-05-23,7.452143669128418
2016-05-24,7.54113245010376
2016-05-25,7.397599697113037
2016-05-27,7.489462852478027
2016-05-30,7.472238540649414
2016-05-31,7.5784502029418945
2016-06-01,7.414825916290283
2016-06-02,7.549742221832275
2016-06-03,7.549742221832275
2016-06-06,7.566970348358154
2016-06-07,7.6071600914001465
2016-06-08,7.650213718414307
2016-06-09,7.61577033996582
2016-06-10,7.475108623504639
2016-06-13,7.61863899230957
2016-06-14,7.558356761932373
2016-06-15,7.569838523864746
2016-06-16,7.5727105140686035
2016-06-17,7.521039009094238
2016-06-20,7.638732433319092
2016-06-21,7.6071600914001465
2016-06-22,7.716243743896484
2016-06-23,7.8798675537109375
2016-06-24,7.733467102050781
2016-06-27,7.4779791831970215
2016-06-28,7.641605377197266
2016-06-29,7.621509075164795
2016-06-30,7.678924083709717
2016-07-01,7.650213718414307
2016-07-04,7.6071600914001465
2016-07-05,7.44927453994751
2016-07-06,7.434919834136963
2016-07-07,7.503814697265625
2016-07-08,7.5784502029418945
2016-07-11,7.750688552856445
2016-07-12,7.747819900512695
2016-07-13,7.943020343780518
2016-07-14,8.052103996276855
2016-07-15,8.075068473815918
2016-07-18,8.284624099731445
2016-07-19,8.29610824584961
2016-07-20,8.267401695251465
2016-07-21,8.267401695251465
2016-07-22,8.276012420654297
2016-07-25,8.27314281463623
2016-07-26,8.161189079284668
2016-07-27,7.974595546722412
2016-07-28,7.851162433624268
2016-07-29,8.066457748413086
2016-08-01,8.445381164550781
2016-08-02,8.037751197814941
2016-08-03,7.951634883880615
2016-08-04,7.963114261627197
2016-08-05,8.037751197814941
2016-08-08,7.894217491149902
2016-08-09,7.891349792480469
2016-08-10,8.037751197814941
2016-08-11,8.109517097473145
2016-08-12,8.066457748413086
2016-08-15,8.026269912719727
2016-08-16,7.99468994140625
2016-08-17,7.914314270019531
2016-08-18,7.963114261627197
2016-08-19,7.8368096351623535
2016-08-22,7.549742221832275
2016-08-23,7.561227798461914
2016-08-24,7.707630157470703
2016-08-25,7.6559576988220215
2016-08-26,7.678924083709717
2016-08-29,7.799488544464111
2016-08-30,7.928666591644287
2016-08-31,7.908572196960449
2016-09-01,8.037751197814941
2016-09-02,8.304720878601074
2016-09-05,8.382227897644043
2016-09-06,8.554463386535645
2016-09-08,8.554463386535645
2016-09-09,8.586042404174805
2016-09-12,8.660675048828125
2016-09-13,8.660675048828125
2016-09-14,8.59752368927002
2016-09-15,8.560203552246094
2016-09-16,8.554463386535645
2016-09-19,8.517146110534668
2016-09-20,8.548722267150879
2016-09-21,8.479825973510742
2016-09-22,8.574559211730957
2016-09-23,8.611876487731934
2016-09-26,8.540109634399414
2016-09-27,8.497052192687988
2016-09-28,8.428157806396484
2016-09-29,8.545851707458496
2016-09-30,8.560203552246094
2016-10-03,8.623359680175781
2016-10-04,8.689380645751953
2016-10-05,8.657805442810059
2016-10-06,8.7955961227417
2016-10-07,8.786988258361816
2016-10-10,8.976448059082031
2016-10-11,8.959221839904785
2016-10-13,8.827173233032227
2016-10-14,8.870233535766602
2016-10-17,8.858749389648438
2016-10-18,8.936257362365723
2016-10-19,9.02237606048584
2016-10-20,9.045340538024902
2016-10-21,9.07117748260498
2016-10-24,9.045340538024902
2016-10-25,9.01950454711914
2016-10-26,8.982187271118164
2016-10-27,8.941999435424805
2016-10-28,9.042071342468262
2016-10-31,9.003399848937988
2016-11-01,8.952839851379395
2016-11-03,8.79817008972168
2016-11-04,8.79817008972168
2016-11-07,8.878479957580566
2016-11-08,8.94986343383789
2016-11-09,8.926068305969238
2016-11-10,8.432326316833496
2016-11-11,8.325248718261719
2016-11-14,8.432326316833496
2016-11-16,8.810070037841797
2016-11-17,8.79222297668457
2016-11-18,8.863607406616211
2016-11-21,8.717865943908691
2016-11-22,8.453145027160645
2016-11-23,8.417452812194824
2016-11-24,8.39960765838623
2016-11-25,8.337143898010254
2016-11-28,8.48586368560791
2016-11-29,8.470993995666504
2016-11-30,8.512633323669434
2016-12-01,8.155709266662598
2016-12-02,8.066478729248047
2016-12-05,8.015914916992188
2016-12-06,8.149760246276855
2016-12-07,7.989144802093506
2016-12-08,8.060528755187988
2016-12-09,8.063504219055176
2016-12-12,7.620323657989502
2016-12-13,8.030784606933594
2016-12-14,7.9118123054504395
2016-12-15,7.923709392547607
2016-12-16,8.00699234008789
2016-12-19,7.8820695877075195
2016-12-20,7.7482194900512695
2016-12-21,7.646721363067627
2016-12-22,7.667623519897461
2016-12-23,7.643735408782959
2016-12-26,7.828858375549316
2016-12-27,7.715396404266357
2016-12-28,8.0139799118042
2016-12-29,8.03189468383789
2017-01-02,8.034880638122559
2017-01-03,8.193129539489746
2017-01-04,8.36630916595459
2017-01-05,8.2737455368042
2017-01-06,8.118483543395996
2017-01-09,8.231945037841797
2017-01-10,8.160284042358398
2017-01-11,8.297633171081543
2017-01-12,8.26777458190918
2017-01-13,8.151329040527344
2017-01-16,7.981132984161377
2017-01-17,7.793025970458984
2017-01-18,7.75421142578125
2017-01-19,7.715396404266357
2017-01-20,7.763168811798096
2017-01-23,7.95426082611084
2017-01-24,7.981132984161377
2017-01-26,8.211041450500488
2017-01-27,8.225973129272461
2017-01-30,8.03189468383789
2017-01-31,7.846773624420166
2017-02-01,7.90051794052124
2017-02-02,8.010993003845215
2017-02-03,7.891559600830078
2017-02-06,7.682551860809326
2017-02-07,7.688523769378662
2017-02-08,7.745253086090088
2017-02-09,7.646721363067627
2017-02-10,7.637766361236572
2017-02-13,8.03189468383789
2017-02-14,8.03189468383789
2017-02-15,8.372279167175293
2017-02-16,8.646978378295898
2017-02-17,8.53052806854248
2017-02-20,8.426024436950684
2017-02-21,8.551429748535156
2017-02-22,8.682805061340332
2017-02-23,8.727594375610352
2017-02-24,8.629059791564941
2017-03-01,8.614131927490234
2017-03-02,8.623089790344238
2017-03-03,8.876883506774902
2017-03-06,8.8380708694458
2017-03-07,8.882859230041504
2017-03-08,8.811196327209473
2017-03-09,8.796268463134766
2017-03-10,8.823139190673828
2017-03-13,8.847026824951172
2017-03-14,8.763423919677734
2017-03-15,8.897784233093262
2017-03-16,8.897784233093262
2017-03-17,8.449911117553711
2017-03-20,8.3901948928833
2017-03-21,8.327491760253906
2017-03-22,8.39616584777832
2017-03-23,8.524557113647461
2017-03-24,8.3901948928833
2017-03-27,8.3901948928833
2017-03-28,8.449911117553711
2017-03-29,8.51261043548584
2017-03-30,8.602188110351562
2017-03-31,8.482755661010742
2017-04-03,8.62010383605957
2017-04-04,8.74550724029541
2017-04-05,8.599204063415527
2017-04-06,8.626076698303223
2017-04-07,8.614131927490234
2017-04-10,8.584273338317871
2017-04-11,8.584273338317871
2017-04-12,8.643991470336914
2017-04-13,8.524557113647461
2017-04-17,8.673848152160645
2017-04-18,8.569343566894531
2017-04-19,8.527543067932129
2017-04-20,8.449911117553711
2017-04-24,8.53052806854248
2017-04-25,8.539485931396484
2017-04-26,8.482755661010742
2017-04-27,8.563371658325195
2017-04-28,8.57531452178955
2017-05-02,8.56038761138916
2017-05-03,8.542470932006836
2017-05-04,8.584273338317871
2017-05-05,8.584273338317871
2017-05-08,8.718633651733398
2017-05-09,8.727594375610352
2017-05-10,8.841055870056152
2017-05-11,9.011248588562012
2017-05-12,9.22623062133789
2017-05-15,9.145613670349121
2017-05-16,9.333718299865723
2017-05-17,9.285945892333984
2017-05-18,8.954517364501953
2017-05-19,8.867927551269531
2017-05-22,9.312819480895996
2017-05-23,9.757707595825195
2017-05-24,9.73083209991455
2017-05-25,10.020461082458496
2017-05-26,9.823394775390625
2017-05-29,9.823394775390625
2017-05-30,9.58751392364502
2017-05-31,9.614386558532715
2017-06-01,9.554668426513672
2017-06-02,9.399407386779785
2017-06-05,9.420305252075195
2017-06-06,9.27400016784668
2017-06-07,9.405379295349121
2017-06-08,9.354620933532715
2017-06-09,8.990346908569336
2017-06-12,8.990346908569336
2017-06-13,8.847026824951172
2017-06-14,9.00229263305664
2017-06-15,9.00229263305664
2017-06-16,9.285945892333984
2017-06-19,9.360590934753418
2017-06-20,9.256087303161621
2017-06-21,9.064993858337402
2017-06-22,9.11276626586914
2017-06-23,9.169496536254883
2017-06-26,9.22623062133789
2017-06-27,8.936602592468262
2017-06-28,9.053050994873047
2017-06-29,9.014233589172363
2017-06-30,9.139638900756836
2017-07-03,9.214186668395996
2017-07-04,9.315204620361328
2017-07-05,9.214186668395996
2017-07-06,8.883576393127441
2017-07-07,8.840720176696777
2017-07-10,8.978474617004395
2017-07-11,9.125411033630371
2017-07-12,9.296835899353027
2017-07-13,9.48663330078125
2017-07-14,9.606019020080566
2017-07-17,9.670302391052246
2017-07-18,9.7652006149292
2017-07-19,9.489693641662598
2017-07-20,9.49581527709961
2017-07-21,9.465204238891602
2017-07-24,9.49581527709961
2017-07-25,9.443774223327637
2017-07-26,9.2509183883667
2017-07-27,9.32438850402832
2017-07-28,9.535613059997559
2017-07-31,9.642753601074219
2017-08-01,9.627446174621582
2017-08-02,9.801933288574219
2017-08-03,9.740710258483887
2017-08-04,9.795812606811523
2017-08-07,9.942749977111816
2017-08-08,10.043770790100098
2017-08-09,9.887648582458496
2017-08-10,9.734589576721191
2017-08-11,9.820302963256836
2017-08-14,9.909076690673828
2017-08-15,10.034585952758789
2017-08-16,10.071320533752441
2017-08-17,9.994791984558105
2017-08-18,10.101932525634766
2017-08-21,10.484580993652344
2017-08-22,10.723353385925293
2017-08-23,10.561111450195312
2017-08-24,10.750904083251953
2017-08-25,10.827434539794922
2017-08-28,10.775392532348633
2017-08-29,10.720291137695312
2017-08-30,10.573357582092285
2017-08-31,10.637639999389648
2017-09-01,10.518254280090332
2017-09-04,10.502946853637695
2017-09-05,10.588659286499023
2017-09-06,10.677435874938965
2017-09-07,10.677435874938965
2017-09-08,10.769271850585938
2017-09-11,10.7141695022583
2017-09-12,10.867231369018555
2017-09-13,10.913147926330566
2017-09-14,11.136617660522461
2017-09-15,11.34477710723877
2017-09-18,12.097831726074219
2017-09-19,11.81619930267334
2017-09-20,11.877422332763672
2017-09-21,11.748854637145996
2017-09-22,11.93864917755127
2017-09-25,11.911099433898926
2017-09-26,11.442732810974121
2017-09-27,11.45191764831543
2017-09-28,11.326409339904785
2017-09-29,11.531508445739746
2017-10-02,11.598852157592773
2017-10-03,11.632529258728027
2017-10-04,11.61722183227539
2017-10-05,11.580488204956055
2017-10-06,11.705995559692383
2017-10-09,11.632529258728027
2017-10-10,11.730486869812012
2017-10-11,11.87130069732666
2017-10-12,11.87130069732666
2017-10-13,11.748854637145996
2017-10-16,11.782526969909668
2017-10-17,11.540688514709473
2017-10-18,11.70905590057373
2017-10-19,11.77333927154541
2017-10-20,11.770280838012695
2017-10-23,11.650895118713379
2017-10-24,11.448857307434082
2017-10-25,11.375386238098145
2017-10-26,11.479470252990723
2017-10-27,11.442732810974121
2017-10-30,11.424368858337402
2017-10-31,11.155431747436523
2017-11-01,11.089832305908203
2017-11-02,11.089832305908203
2017-11-03,10.996112823486328
2017-11-06,10.996112823486328
2017-11-07,11.589653015136719
2017-11-08,11.558414459228516
2017-11-09,11.408470153808594
2017-11-10,11.38972282409668
2017-11-13,11.56466293334961
2017-11-14,11.620891571044922
2017-11-15,11.620891571044922
2017-11-16,11.789583206176758
2017-11-17,11.70211410522461
2017-11-20,11.70211410522461
2017-11-21,11.88330078125
2017-11-22,11.764591217041016
2017-11-23,11.649007797241211
2017-11-24,11.392849922180176
2017-11-27,11.71461009979248
2017-11-28,11.752095222473145
2017-11-29,11.580283164978027
2017-11-30,11.192919731140137
2017-12-01,11.4209623336792
2017-12-04,11.46782398223877
2017-12-05,11.42721176147461
2017-12-06,11.030476570129395
2017-12-07,11.058591842651367
2017-12-08,11.074210166931152
2017-12-11,11.064836502075195
2017-12-12,11.067961692810059
2017-12-13,11.230408668518066
2017-12-14,11.083582878112793
2017-12-15,10.95237922668457
2017-12-18,10.971123695373535
2017-12-19,11.064836502075195
2017-12-20,11.26164436340332
2017-12-21,11.317873001098633
2017-12-22,11.180423736572266
2017-12-25,11.180423736572266
2017-12-26,11.189794540405273
2017-12-27,11.27101993560791
2017-12-28,11.349114418029785
2017-12-29,11.349114418029785
2018-01-02,11.370978355407715
2018-01-03,11.577160835266113
2018-01-04,11.586531639099121
2018-01-05,11.811450004577637
2018-01-08,11.752095222473145
2018-01-09,11.833319664001465
2018-01-10,12.089478492736816
2018-01-11,12.336268424987793
2018-01-12,12.704883575439453
2018-01-15,13.01414966583252
2018-01-16,13.395264625549316
2018-01-17,12.948549270629883
2018-01-18,12.995403289794922
2018-01-19,13.104744911193848
2018-01-22,13.248440742492676
2018-01-23,13.282805442810059
2018-01-24,13.551461219787598
2018-01-25,13.551461219787598
2018-01-26,13.635805130004883
2018-01-29,13.620183944702148
2018-01-30,13.601444244384766
2018-01-31,13.801371574401855
2018-02-01,14.276204109191895
2018-02-02,13.738895416259766
2018-02-05,13.46399211883545
2018-02-06,13.770133972167969
2018-02-07,14.120009422302246
2018-02-08,13.39214038848877
2018-02-09,13.148478507995605
2018-02-14,13.498353004455566
2018-02-15,13.526464462280273
2018-02-16,13.498353004455566
2018-02-19,13.43274974822998
2018-02-20,13.214076042175293
2018-02-21,13.526464462280273
2018-02-22,13.398388862609863
2018-02-23,13.682666778564453
2018-02-26,13.938822746276855
2018-02-27,14.02004337310791
2018-02-28,14.304317474365234
2018-03-01,14.154370307922363
2018-03-02,14.20123291015625
2018-03-05,14.28869915008545
2018-03-06,14.169992446899414
2018-03-07,14.463637351989746
2018-03-08,14.635451316833496
2018-03-09,15.010319709777832
2018-03-12,15.266477584838867
2018-03-13,15.025938987731934
2018-03-14,14.93847370147705
2018-03-15,14.713546752929688
2018-03-16,15.075920104980469
2018-03-19,15.357069969177246
2018-03-20,15.500770568847656
2018-03-21,15.32270336151123
2018-03-22,15.516390800476074
2018-03-23,15.163390159606934
2018-03-26,15.575748443603516
2018-03-27,15.566370010375977
2018-03-28,15.313338279724121
2018-03-29,15.169638633728027
2018-04-02,14.708094596862793
2018-04-03,14.642380714416504
2018-04-04,14.629862785339355
2018-04-05,14.551626205444336
2018-04-06,14.733134269714355
2018-04-09,14.651772499084473
2018-04-10,14.379514694213867
2018-04-11,14.40141773223877
2018-04-12,14.332569122314453
2018-04-13,13.906974792480469
2018-04-16,13.725475311279297
2018-04-17,13.797450065612793
2018-04-18,14.08222484588623
2018-04-19,14.110386848449707
2018-04-20,14.113517761230469
2018-04-23,14.163583755493164
2018-04-24,13.835000038146973
2018-04-25,14.044669151306152
2018-04-26,14.022762298583984
2018-04-27,14.06970500946045
2018-04-30,14.14480972290039
2018-05-02,14.917767524719238
2018-05-03,14.592313766479492
2018-05-04,14.119772911071777
2018-05-07,14.266855239868164
2018-05-08,14.614219665527344
2018-05-09,15.09926700592041
2018-05-10,15.427854537963867
2018-05-11,15.177507400512695
2018-05-14,14.632989883422852
2018-05-15,14.194884300231934
2018-05-16,14.845791816711426
2018-05-17,14.366995811462402
2018-05-18,14.298148155212402
2018-05-21,13.885068893432617
2018-05-22,14.223048210144043
2018-05-23,14.30440902709961
2018-05-24,14.276243209838867
2018-05-25,14.263726234436035
2018-05-28,13.950790405273438
2018-05-29,13.586594581604004
2018-05-30,13.781107902526855
2018-06-01,14.241449356079102
2018-06-04,13.943197250366211
2018-06-05,13.229990005493164
2018-06-06,13.097074508666992
2018-06-07,13.317519187927246
2018-06-08,13.505546569824219
2018-06-11,13.330486297607422
2018-06-12,13.100313186645508
2018-06-13,13.314279556274414
2018-06-14,13.191088676452637
2018-06-15,12.652939796447754
2018-06-18,12.539473533630371
2018-06-19,12.967399597167969
2018-06-20,12.805307388305664
2018-06-21,12.750197410583496
2018-06-22,12.578378677368164
2018-06-25,12.831243515014648
2018-06-26,13.071139335632324
2018-06-27,12.815032958984375
2018-06-28,12.926438331604004
2018-06-29,13.428177833557129
2018-07-02,13.137696266174316
2018-07-03,13.550313949584961
2018-07-04,13.292842864990234
2018-07-05,13.26313304901123
2018-07-06,13.299445152282715
2018-07-10,12.933039665222168
2018-07-11,13.018861770629883
2018-07-12,13.679048538208008
2018-07-13,14.091666221618652
2018-07-16,14.494379043579102
2018-07-17,14.794764518737793
2018-07-18,14.748555183410645
2018-07-19,14.560395240783691
2018-07-20,14.90699577331543
2018-07-23,14.887188911437988
2018-07-24,15.154568672180176
2018-07-25,15.834559440612793
2018-07-26,15.382328987121582
2018-07-27,15.05223560333252
2018-07-30,15.844453811645508
2018-07-31,16.372608184814453
2018-08-01,16.167953491210938
2018-08-02,16.00620460510254
2018-08-03,16.37590789794922
2018-08-06,16.636680603027344
2018-08-07,17.194536209106445
2018-08-08,17.33648109436035
2018-08-09,17.511425018310547
2018-08-10,17.098812103271484
2018-08-13,17.032787322998047
2018-08-14,17.49492835998535
2018-08-15,17.69628143310547
2018-08-16,17.659969329833984
2018-08-17,17.900938034057617
2018-08-20,18.643646240234375
2018-08-21,18.689861297607422
2018-08-22,18.712966918945312
2018-08-23,18.148509979248047
2018-08-24,18.122095108032227
2018-08-27,18.528118133544922
2018-08-28,18.518207550048828
2018-08-29,18.56772804260254
2018-08-30,18.270645141601562
2018-08-31,18.115503311157227
2018-09-03,18.511611938476562
2018-09-04,18.08909034729004
2018-09-05,18.637039184570312
2018-09-06,19.112382888793945
2018-09-10,18.64694595336914
2018-09-11,18.782289505004883
2018-09-12,18.356468200683594
2018-09-13,18.89451789855957
2018-09-14,18.960533142089844
2018-09-17,18.927526473999023
2018-09-18,19.052961349487305
2018-09-19,19.293930053710938
2018-09-20,18.848299026489258
2018-09-21,18.653549194335938
2018-09-24,18.94732666015625
2018-09-25,18.957233428955078
2018-09-26,19.87489128112793
2018-09-27,19.455671310424805
2018-09-28,19.571208953857422
2018-10-01,19.558002471923828
2018-10-02,19.904600143432617
2018-10-03,19.66693878173828
2018-10-04,19.50849151611328
2018-10-05,19.48208236694336
2018-10-08,18.72617530822754
2018-10-09,18.320154190063477
2018-10-10,18.056076049804688
2018-10-11,17.95374870300293
2018-10-15,18.046178817749023
2018-10-16,18.085790634155273
2018-10-17,17.709482192993164
2018-10-18,17.23084831237793
2018-10-19,17.613759994506836
2018-10-22,17.825016021728516
2018-10-23,17.735891342163086
2018-10-24,17.49492835998535
2018-10-25,17.273761749267578
2018-10-26,17.31667137145996
2018-10-29,17.372787475585938
2018-10-30,17.742496490478516
2018-10-31,17.95045280456543
2018-11-01,18.844999313354492
2018-11-05,19.09587287902832
2018-11-06,18.211225509643555
2018-11-07,17.769376754760742
2018-11-08,18.010406494140625
2018-11-09,17.752634048461914
2018-11-12,18.000362396240234
2018-11-13,18.33513069152832
2018-11-14,18.204570770263672
2018-11-16,18.15435791015625
2018-11-19,17.65555191040039
2018-11-21,17.809545516967773
2018-11-22,17.936756134033203
2018-11-23,18.06731605529785
2018-11-26,18.157699584960938
2018-11-27,17.83967399597168
2018-11-28,18.07401466369629
2018-11-29,17.89323616027832
2018-11-30,17.360958099365234
2018-12-03,17.809545516967773
2018-12-04,17.628772735595703
2018-12-05,18.29830551147461
2018-12-06,18.505857467651367
2018-12-07,18.512556076049805
2018-12-10,18.49581527709961
2018-12-11,18.077356338500977
2018-12-12,18.037189483642578
2018-12-13,17.575210571289062
2018-12-14,17.35761260986328
2018-12-17,17.106536865234375
2018-12-18,17.18688201904297
2018-12-19,17.07306671142578
2018-12-20,17.079755783081055
2018-12-21,17.136669158935547
2018-12-26,16.878896713256836
2018-12-27,17.123275756835938
2018-12-28,17.458038330078125
2019-01-02,17.411174774169922
2019-01-03,16.858808517456055
2019-01-04,16.14241600036621
2019-01-07,16.46713638305664
2019-01-08,16.872203826904297
2019-01-09,16.805246353149414
2019-01-10,17.089801788330078
2019-01-11,18.013755798339844
2019-01-14,18.361906051635742
2019-01-15,18.110837936401367
2019-01-16,17.776071548461914
2019-01-17,17.759334564208984
2019-01-18,18.211265563964844
2019-01-21,18.107484817504883
2019-01-22,18.254789352416992
2019-01-23,18.33513069152832
2019-01-24,18.291608810424805
2019-01-28,18.288265228271484
2019-01-29,17.65555191040039
2019-01-30,18.412126541137695
2019-01-31,18.7736759185791
2019-02-01,18.937711715698242
2019-02-04,19.238998413085938
2019-02-05,19.480030059814453
2019-02-06,19.26578140258789
2019-02-07,19.37290382385254
2019-02-08,20.32363510131836
2019-02-11,20.129474639892578
2019-02-12,21.083555221557617
2019-02-13,20.236602783203125
2019-02-14,20.085954666137695
2019-02-15,19.764575958251953
2019-02-18,19.811447143554688
2019-02-19,19.828184127807617
2019-02-20,19.526897430419922
2019-02-21,19.550329208374023
2019-02-22,19.975482940673828
2019-02-25,19.751192092895508
2019-02-26,19.26578140258789
2019-02-27,19.178739547729492
2019-02-28,18.76028060913086
2019-03-01,18.64311408996582
2019-03-06,18.612985610961914
2019-03-07,18.288265228271484
2019-03-08,18.412126541137695
2019-03-11,18.519250869750977
2019-03-12,18.66319465637207
2019-03-13,18.753582000732422
2019-03-14,18.418821334838867
2019-03-15,18.4422550201416
2019-03-18,18.582853317260742
2019-03-19,18.854015350341797
2019-03-20,18.412126541137695
2019-03-21,18.07401466369629
2019-03-22,17.923370361328125
2019-03-25,17.936756134033203
2019-03-26,18.241392135620117
2019-03-27,17.792804718017578
2019-03-28,17.983623504638672
2019-03-29,18.020450592041016
2019-04-01,18.105247497558594
2019-04-02,18.074678421020508
2019-04-03,18.397323608398438
2019-04-04,18.179962158203125
2019-04-05,18.679210662841797
2019-04-08,18.947509765625
2019-04-09,18.489017486572266
2019-04-10,18.047510147094727
2019-04-11,18.21053123474121
2019-04-12,18.21053123474121
2019-04-15,18.434677124023438
2019-04-16,19.018829345703125
2019-04-17,19.1580753326416
2019-04-18,18.787887573242188
2019-04-22,18.984867095947266
2019-04-23,19.113922119140625
2019-04-24,19.069772720336914
2019-04-25,19.093547821044922
2019-04-26,19.219205856323242
2019-04-29,18.781097412109375
2019-04-30,18.380342483520508
2019-05-02,18.451662063598633
2019-05-03,17.77921485900879
2019-05-06,17.745248794555664
2019-05-07,18.027135848999023
2019-05-08,18.17656707763672
2019-05-09,17.70789337158203
2019-05-10,17.660341262817383
2019-05-13,17.456567764282227
2019-05-14,17.422605514526367
2019-05-15,17.1169490814209
2019-05-16,16.811290740966797
2019-05-17,16.706005096435547
2019-05-20,16.879213333129883
2019-05-21,17.222230911254883
2019-05-22,17.327512741088867
2019-05-23,17.68071937561035
2019-05-24,17.524494171142578
2019-05-27,17.385250091552734
2019-05-28,17.79958724975586
2019-05-29,17.456567764282227
2019-05-30,17.758838653564453
2019-05-31,17.999961853027344
2019-06-03,18.315814971923828
2019-06-04,18.237699508666992
2019-06-05,18.543359756469727
2019-06-06,18.512792587280273
2019-06-07,18.852415084838867
2019-06-10,18.849021911621094
2019-06-11,18.2988338470459
2019-06-12,18.1460018157959
2019-06-13,17.999961853027344
2019-06-14,17.965999603271484
2019-06-17,18.190155029296875
2019-06-18,18.264869689941406
2019-06-19,18.28864097595215
2019-06-21,18.390525817871094
2019-06-24,18.28185272216797
2019-06-25,17.94562530517578
2019-06-26,18.0401554107666
2019-06-27,17.84047508239746
2019-06-28,17.792272567749023
2019-07-01,17.730308532714844
2019-07-02,17.898996353149414
2019-07-03,17.923097610473633
2019-07-04,18.418855667114258
2019-07-05,18.763132095336914
2019-07-08,18.85264778137207
2019-07-10,18.93527603149414
2019-07-11,18.93527603149414
2019-07-12,18.33622932434082
2019-07-15,18.005720138549805
2019-07-16,17.902441024780273
2019-07-17,17.971298217773438
2019-07-18,18.11244773864746
2019-07-19,17.70620346069336
2019-07-22,17.547834396362305
2019-07-23,17.58226203918457
2019-07-24,17.77505874633789
2019-07-25,17.823261260986328
2019-07-26,17.733741760253906
2019-07-29,17.799158096313477
2019-07-30,17.812931060791016
2019-07-31,17.93686866760254
2019-08-01,18.21228790283203
2019-08-02,18.26393699645996
2019-08-05,17.861127853393555
2019-08-06,18.153766632080078
2019-08-07,18.67707061767578
2019-08-08,18.85264778137207
2019-08-09,19.152172088623047
2019-08-12,19.20725440979004
2019-08-13,18.911170959472656
2019-08-14,18.504932403564453
2019-08-15,18.21228790283203
2019-08-16,18.522140502929688
2019-08-19,18.422300338745117
2019-08-20,18.515256881713867
2019-08-21,18.418855667114258
2019-08-22,18.418855667114258
2019-08-23,18.80789566040039
2019-08-26,18.749361038208008
2019-08-27,18.683950424194336
2019-08-28,18.797563552856445
2019-08-29,18.93527603149414
2019-08-30,19.279552459716797
2019-09-02,19.623828887939453
2019-09-03,19.572185516357422
2019-09-04,19.2451229095459
2019-09-05,19.124624252319336
2019-09-06,19.630714416503906
2019-09-09,19.310537338256836
2019-09-10,19.159053802490234
2019-09-11,19.733997344970703
2019-09-12,20.08171844482422
2019-09-13,19.675472259521484
2019-09-16,19.413820266723633
2019-09-17,19.703014373779297
2019-09-18,19.90269660949707
2019-09-19,20.06795310974121
2019-09-20,19.86482810974121
2019-09-23,20.140247344970703
2019-09-24,20.48452377319336
2019-09-25,20.105817794799805
2019-09-26,20.22287368774414
2019-09-27,20.23320198059082
2019-09-30,20.274517059326172
2019-10-01,19.906139373779297
2019-10-02,19.348405838012695
2019-10-03,19.520544052124023
2019-10-04,19.641040802001953
2019-10-07,19.241683959960938
2019-10-08,18.907732009887695
2019-10-09,19.045448303222656
2019-10-10,19.13495445251465
2019-10-11,19.462018966674805
2019-10-14,19.520544052124023
2019-10-15,19.520544052124023
2019-10-16,19.775312423706055
2019-10-17,19.51021385192871
2019-10-18,19.520544052124023
2019-10-21,19.634159088134766
2019-10-22,19.634159088134766
2019-10-23,19.651371002197266
2019-10-24,19.554977416992188
2019-10-25,19.54120635986328
2019-10-28,19.730560302734375
2019-10-29,19.517101287841797
2019-10-30,19.568315505981445
2019-10-31,19.986148834228516
2019-11-01,20.195058822631836
2019-11-04,20.282106399536133
2019-11-05,19.498682022094727
2019-11-06,19.49519920349121
2019-11-07,19.554391860961914
2019-11-08,19.634475708007812
2019-11-11,19.62750816345215
2019-11-12,19.90258026123047
2019-11-13,19.707592010498047
2019-11-14,19.543941497802734
2019-11-18,20.108016967773438
2019-11-19,20.386566162109375
2019-11-21,20.82180404663086
2019-11-22,21.023752212524414
2019-11-25,20.936708450317383
2019-11-26,20.41442108154297
2019-11-27,20.644224166870117
2019-11-28,20.543251037597656
2019-11-29,20.89143943786621
2019-12-02,20.69645881652832
2019-12-03,20.82180404663086
2019-12-04,20.91581916809082
2019-12-05,20.898408889770508
2019-12-06,20.77305793762207
2019-12-09,20.762611389160156
2019-12-10,20.550212860107422
2019-12-11,20.654672622680664
2019-12-12,20.89143943786621
2019-12-13,20.981969833374023
2019-12-16,21.100357055664062
2019-12-17,21.295345306396484
2019-12-18,21.608718872070312
2019-12-19,21.681838989257812
2019-12-20,21.8977108001709
2019-12-23,22.0369873046875
2019-12-26,22.124038696289062
2019-12-27,21.866376876831055
2019-12-30,21.845487594604492
2020-01-02,22.332950592041016
2020-01-03,21.761920928955078
2020-01-06,22.186710357666016
2020-01-07,22.172780990600586
2020-01-08,21.936010360717773
2020-01-09,22.009132385253906
2020-01-10,22.263317108154297
2020-01-13,22.231975555419922
2020-01-14,22.663732528686523
2020-01-15,22.50704574584961
2020-01-16,22.677656173706055
2020-01-17,22.63935661315918
2020-01-20,23.1407527923584
2020-01-21,22.95621681213379
2020-01-22,22.997997283935547
2020-01-23,23.001476287841797
2020-01-24,22.63587760925293
2020-01-27,22.09617805480957
2020-01-28,22.621950149536133
2020-01-29,23.325288772583008
2020-01-30,22.77863311767578
2020-01-31,23.025848388671875
2020-02-03,22.77863311767578
2020-02-04,22.75774383544922
2020-02-05,22.79952621459961
2020-02-06,22.928356170654297
2020-02-07,23.154678344726562
2020-02-10,23.02933120727539
2020-02-11,23.39841079711914
2020-02-12,23.607328414916992
2020-02-13,23.109418869018555
2020-02-14,22.997997283935547
2020-02-17,23.440200805664062
2020-02-18,23.105934143066406
2020-02-19,22.72988510131836
2020-02-20,22.761228561401367
2020-02-21,22.632396697998047
2020-02-26,21.504257202148438
2020-02-27,21.16999053955078
2020-02-28,21.232666015625
2020-03-02,21.445066452026367
2020-03-03,21.584341049194336
2020-03-04,20.77654266357422
2020-03-05,19.404666900634766
2020-03-06,19.25146484375
2020-03-09,18.412321090698242
2020-03-10,18.97987174987793
2020-03-11,18.607309341430664
2020-03-12,17.409534454345703
2020-03-13,18.63516616821289
2020-03-16,16.434600830078125
2020-03-17,16.35451889038086
2020-03-18,16.747966766357422
2020-03-19,17.702016830444336
2020-03-20,16.90813636779785
2020-03-23,16.05855369567871
2020-03-24,16.218725204467773
2020-03-25,16.229171752929688
2020-03-26,16.674854278564453
2020-03-27,15.912317276000977
2020-03-30,15.773037910461426
2020-03-31,15.640724182128906
2020-04-01,15.63303279876709
2020-04-02,16.022676467895508
2020-04-03,15.34899616241455
2020-04-06,16.492431640625
2020-04-07,16.918489456176758
2020-04-08,17.624940872192383
2020-04-09,17.570323944091797
2020-04-13,17.41373634338379
2020-04-14,16.750978469848633
2020-04-15,17.30813217163086
2020-04-16,16.87479019165039
2020-04-17,17.016807556152344
2020-04-20,17.12605857849121
2020-04-22,16.678150177001953
2020-04-23,16.506999969482422
2020-04-24,15.964412689208984
2020-04-27,16.372262954711914
2020-04-28,16.40503692626953
2020-04-29,16.823810577392578
2020-04-30,16.492431640625
2020-05-04,15.614827156066895
2020-05-05,15.196050643920898
2020-05-06,15.0358247756958
2020-05-07,14.966635704040527
2020-05-08,14.802766799926758
2020-05-11,14.507805824279785
2020-05-12,14.63161849975586
2020-05-13,14.646184921264648
2020-05-14,15.148710250854492
2020-05-15,14.766350746154785
2020-05-18,15.694939613342285
2020-05-19,16.252092361450195
2020-05-20,16.02631378173828
2020-05-21,16.124635696411133
2020-05-22,15.662166595458984
2020-05-25,16.459657669067383
2020-05-26,16.13556480407715
2020-05-27,16.39410972595215
2020-05-28,16.663585662841797
2020-05-29,17.224380493164062
2020-06-01,17.071434020996094
2020-06-02,17.428302764892578
2020-06-03,19.016002655029297
2020-06-04,18.74653434753418
2020-06-05,18.990510940551758
2020-06-08,18.946813583374023
2020-06-09,19.139814376831055
2020-06-10,18.83393096923828
2020-06-12,18.331398010253906
2020-06-15,18.608154296875
2020-06-16,18.18937873840332
2020-06-17,18.49526596069336
2020-06-18,19.30004119873047
2020-06-19,19.817134857177734
2020-06-22,19.595006942749023
2020-06-23,19.80985450744629
2020-06-24,19.24541664123535
2020-06-25,19.60957145690918
2020-06-26,18.994152069091797
2020-06-29,19.005081176757812
2020-06-30,18.572912216186523
2020-07-01,19.055469512939453
2020-07-02,19.02968978881836
2020-07-03,19.357528686523438
2020-07-06,19.515926361083984
2020-07-07,19.243335723876953
2020-07-08,19.331741333007812
2020-07-09,19.714841842651367
2020-07-10,19.655906677246094
2020-07-13,20.13109588623047
2020-07-14,19.946914672851562
2020-07-15,20.086891174316406
2020-07-16,20.079519271850586
2020-07-17,20.013219833374023
2020-07-20,20.201082229614258
2020-07-21,20.234233856201172
2020-07-22,20.344743728637695
2020-07-23,20.086891174316406
2020-07-24,19.759042739868164
2020-07-27,19.921125411987305
2020-07-28,19.799570083618164
2020-07-29,19.902706146240234
2020-07-30,19.891658782958984
2020-07-31,19.902706146240234
2020-08-03,19.943227767944336
2020-08-04,21.0114803314209
2020-08-05,21.250919342041016
2020-08-06,21.608232498168945
2020-08-07,21.2803897857666
2020-08-10,21.457202911376953
2020-08-11,21.545610427856445
2020-08-12,21.457202911376953
2020-08-13,21.49404525756836
2020-08-14,20.98201560974121
2020-08-17,20.25634002685547
2020-08-18,20.867820739746094
2020-08-19,20.702056884765625
2020-08-20,20.923078536987305
2020-08-21,20.84571647644043
2020-08-24,20.72784423828125
2020-08-25,20.889923095703125
2020-08-26,20.63943862915039
2020-08-27,20.388948440551758
2020-08-28,20.624704360961914
2020-08-31,19.47171974182129
2020-09-01,19.75536346435547
2020-09-02,19.899023056030273
2020-09-03,19.666954040527344
2020-09-04,19.799570083618164
2020-09-08,19.331741333007812
2020-09-09,19.431201934814453
2020-09-10,19.055469512939453
2020-09-11,18.676057815551758
2020-09-14,19.05915641784668
2020-09-15,18.948646545410156
2020-09-16,18.76078224182129
2020-09-17,18.889707565307617
2020-09-18,18.521343231201172
2020-09-21,18.182449340820312
2020-09-22,18.274539947509766
2020-09-23,18.141925811767578
2020-09-24,18.141925811767578
2020-09-25,18.112457275390625
2020-09-28,17.861970901489258
2020-09-29,17.681472778320312
2020-09-30,17.7735652923584
2020-10-01,18.156665802001953
2020-10-02,18.090354919433594
2020-10-05,17.976160049438477
2020-10-06,17.762514114379883
2020-10-07,17.850919723510742
2020-10-08,17.795665740966797
2020-10-09,17.71462631225586
2020-10-13,17.795665740966797
2020-10-14,18.149295806884766
2020-10-15,18.05352210998535
2020-10-16,17.7735652923584
2020-10-19,18.532394409179688
2020-10-20,18.716577529907227
2020-10-21,19.162294387817383
2020-10-22,19.247018814086914
2020-10-23,18.919174194335938
2020-10-26,19.26543617248535
2020-10-27,19.037052154541016
2020-10-28,18.34453010559082
2020-10-29,18.101409912109375
2020-10-30,17.46782112121582
2020-11-03,17.982091903686523
2020-11-04,18.418224334716797
2020-11-05,18.947551727294922
2020-11-06,18.936368942260742
2020-11-09,19.08547592163086
2020-11-10,19.420957565307617
2020-11-11,18.56733512878418
2020-11-12,18.023096084594727
2020-11-13,18.209476470947266
2020-11-16,18.578514099121094
2020-11-17,18.876726150512695
2020-11-18,19.01091957092285
2020-11-19,18.936368942260742
2020-11-23,18.638154983520508
2020-11-24,18.414499282836914
2020-11-25,18.04173469543457
2020-11-26,17.914995193481445
2020-11-27,17.8553524017334
2020-11-30,17.66897201538086
2020-12-01,18.11256217956543
2020-12-02,18.19084358215332
2020-12-03,17.732343673706055
2020-12-04,17.769617080688477
2020-12-07,17.467676162719727
2020-12-08,17.937358856201172
2020-12-09,17.680158615112305
2020-12-10,18.1051082611084
2020-12-11,18.511415481567383
2020-12-14,18.28403091430664
2020-12-15,18.6605224609375
2020-12-16,18.544965744018555
2020-12-17,18.511415481567383
2020-12-18,18.37721824645996
2020-12-21,17.926179885864258
2020-12-22,17.907543182373047
2020-12-23,17.99700355529785
2020-12-28,18.455501556396484
2020-12-29,18.466684341430664
2020-12-30,18.265392303466797
2021-01-04,17.810623168945312
2021-01-05,17.654064178466797
2021-01-06,17.318574905395508
2021-01-07,17.713706970214844
2021-01-08,18.936368942260742
2021-01-11,18.44805145263672
2021-01-12,18.410770416259766
2021-01-13,18.3138484954834
2021-01-14,18.53005599975586
2021-01-15,18.474140167236328
2021-01-18,18.634431838989258
2021-01-19,18.53005599975586
2021-01-20,18.578514099121094
2021-01-21,18.64933967590332
2021-01-22,18.4033145904541
2021-01-26,18.175926208496094
2021-01-27,17.918725967407227
2021-01-28,18.6530704498291
2021-01-29,17.959728240966797
2021-02-01,18.175926208496094
2021-02-02,18.373493194580078
2021-02-03,18.582242965698242
2021-02-04,18.459232330322266
2021-02-05,19.119022369384766
2021-02-08,18.585969924926758
2021-02-09,18.429407119750977
2021-02-10,18.321306228637695
2021-02-11,18.131196975708008
2021-02-12,17.95600128173828
2021-02-17,17.821800231933594
2021-02-18,17.784526824951172
2021-02-19,17.941085815429688
2021-02-22,17.490047454833984
2021-02-23,17.381942749023438
2021-02-24,17.240293502807617
2021-02-25,16.6252384185791
2021-02-26,16.248743057250977
2021-03-01,16.06608772277832
2021-03-02,16.286020278930664
2021-03-03,16.245018005371094
2021-03-04,16.207740783691406
2021-03-05,16.24129295349121
2021-03-08,16.010177612304688
2021-03-09,15.879704475402832
2021-03-10,16.15928077697754
2021-03-11,16.524587631225586
2021-03-12,16.43512535095215
2021-03-15,16.737064361572266
2021-03-16,16.737064361572266
2021-03-17,17.49750328063965
2021-03-18,17.121007919311523
2021-03-19,18.175926208496094
2021-03-22,17.918725967407227
2021-03-23,17.422948837280273
2021-03-24,17.143373489379883
2021-03-25,17.33721160888672
2021-03-26,17.534778594970703
2021-03-29,17.452768325805664
2021-03-30,17.55341339111328
2021-03-31,17.51241111755371
2021-04-01,17.301212310791016
2021-04-05,18.042858123779297
2021-04-06,18.788366317749023
2021-04-07,18.475486755371094
2021-04-08,18.21282196044922
2021-04-09,18.40209197998047
2021-04-12,18.328704833984375
2021-04-13,18.120113372802734
2021-04-14,17.92697525024414
2021-04-15,17.869035720825195
2021-04-16,18.073760986328125
2021-04-19,18.599092483520508
2021-04-20,18.463897705078125
2021-04-22,18.16646385192871
2021-04-23,18.67635154724121
2021-04-26,18.6068172454834
2021-04-27,18.35960578918457
2021-04-28,18.57592010498047
2021-04-29,18.53342628479004
2021-04-30,19.070344924926758
2021-05-03,19.22871971130371
2021-05-04,19.31369972229004
2021-05-05,19.893110275268555
2021-05-06,20.1905460357666
2021-05-07,20.356639862060547
2021-05-10,20.414581298828125
2021-05-11,20.851070404052734
2021-05-12,20.522737503051758
2021-05-13,20.723604202270508
2021-05-14,20.565231323242188
2021-05-17,20.445484161376953
2021-05-18,19.90083885192871
2021-05-19,19.98967933654785
2021-05-20,19.924013137817383
2021-05-21,19.60340690612793
2021-05-24,19.67293357849121
2021-05-25,19.858346939086914
2021-05-26,19.850622177124023
2021-05-27,20.202133178710938
2021-05-28,20.45320701599121
2021-05-31,20.53046226501465
2021-06-01,20.88970184326172
2021-06-02,20.39140510559082
2021-06-04,20.766094207763672
2021-06-07,21.133054733276367
2021-06-08,21.125322341918945
2021-06-09,20.88583755493164
2021-06-10,20.97467803955078
2021-06-11,20.955364227294922
2021-06-14,21.21030616760254
2021-06-15,21.113737106323242
2021-06-16,21.337779998779297
2021-06-17,21.380266189575195
2021-06-18,21.106016159057617
2021-06-21,21.245071411132812
2021-06-22,21.136917114257812
2021-06-23,20.990131378173828
2021-06-24,20.78154182434082
2021-06-25,20.090112686157227
2021-06-28,20.5034236907959
2021-06-29,20.49955940246582
2021-06-30,20.65407371520996
2021-07-01,20.939918518066406
2021-07-02,20.804719924926758
2021-07-05,20.843345642089844
2021-07-06,20.49955940246582
2021-07-07,20.766094207763672
2021-07-08,20.287113189697266
2021-07-12,20.526601791381836
2021-07-13,20.545913696289062
2021-07-14,20.472524642944336
2021-07-15,20.325740814208984
2021-07-16,20.051483154296875
2021-07-19,20.229171752929688
2021-07-20,20.48410987854004
2021-07-21,19.970367431640625
2021-07-22,19.81972312927246
2021-07-23,19.958776473999023
2021-07-26,19.931739807128906
2021-07-27,19.788814544677734
2021-07-28,19.98581886291504
2021-07-29,20.09783935546875
2021-07-30,20.22369956970215
2021-08-02,21.155414581298828
2021-08-03,21.09278106689453
2021-08-04,20.920530319213867
2021-08-05,20.74828338623047
2021-08-06,20.740447998046875
2021-08-09,20.92444610595703
2021-08-10,20.728708267211914
2021-08-11,21.601701736450195
2021-08-12,21.750459671020508
2021-08-13,21.863988876342773
2021-08-16,22.255464553833008
2021-08-17,21.589956283569336
2021-08-18,22.525585174560547
2021-08-19,22.881832122802734
2021-08-20,22.917064666748047
2021-08-23,22.807451248168945
2021-08-24,22.760473251342773
2021-08-25,22.498184204101562
2021-08-26,22.45120620727539
2021-08-27,22.70174789428711
2021-08-30,22.639116287231445
2021-08-31,22.3807430267334
2021-09-01,22.134113311767578
2021-09-02,21.758291244506836
2021-09-03,21.327665328979492
2021-09-06,21.425537109375
2021-09-08,20.595603942871094
2021-09-09,20.74828338623047
2021-09-10,20.865720748901367
2021-09-13,20.732620239257812
2021-09-14,20.51730728149414
2021-09-15,20.133657455444336
2021-09-16,20.36463165283203
2021-09-17,20.431184768676758
2021-09-20,19.84787940979004
2021-09-21,20.024049758911133
2021-09-22,20.23935890197754
2021-09-23,20.168893814086914
2021-09-24,20.145401000976562
2021-09-27,20.12583351135254
2021-09-28,19.789159774780273
2021-09-29,19.644311904907227
2021-09-30,19.36245346069336
2021-10-01,19.425086975097656
2021-10-04,19.061012268066406
2021-10-05,19.154970169067383
2021-10-06,18.485544204711914
2021-10-07,18.007946014404297
2021-10-08,18.46596908569336
2021-10-11,17.820032119750977
2021-10-13,18.109725952148438
2021-10-14,17.694761276245117
2021-10-15,17.953134536743164
2021-10-18,18.08232307434082
2021-10-19,18.305469512939453
2021-10-20,18.571666717529297
2021-10-21,18.72825813293457
2021-10-22,18.642135620117188
2021-10-25,18.853530883789062
2021-10-26,18.41507911682129
2021-10-27,18.618642807006836
2021-10-28,18.53251838684082
2021-10-29,18.274147033691406
2021-11-01,18.541412353515625
2021-11-03,18.834585189819336
2021-11-04,18.699886322021484
2021-11-05,19.103992462158203
2021-11-08,19.088146209716797
2021-11-09,19.468482971191406
2021-11-10,19.73788833618164
2021-11-11,19.531875610351562
2021-11-12,19.58733558654785
2021-11-16,19.452634811401367
2021-11-17,19.159460067749023
2021-11-18,18.882129669189453
2021-11-19,18.192771911621094
2021-11-22,17.51926040649414
2021-11-23,17.733196258544922
2021-11-24,17.84412956237793
2021-11-25,18.65234375
2021-11-26,18.137304306030273
2021-11-29,18.10561180114746
2021-11-30,17.638113021850586
2021-12-01,17.19438934326172
2021-12-02,17.859975814819336
2021-12-03,17.796585083007812
2021-12-06,17.72527503967285
2021-12-07,17.550952911376953
2021-12-08,17.392478942871094
2021-12-09,17.130998611450195
2021-12-10,17.21816062927246
2021-12-13,16.996295928955078
2021-12-14,16.655576705932617
2021-12-15,17.11514663696289
2021-12-16,16.956676483154297
2021-12-17,16.623882293701172
2021-12-20,16.497100830078125
2021-12-21,16.409942626953125
2021-12-22,16.322782516479492
2021-12-23,16.560489654541016
2021-12-27,16.63973045349121
2021-12-28,16.54464340209961
2021-12-29,16.536720275878906
2021-12-30,16.576339721679688
2022-01-03,15.910747528076172
2022-01-04,15.72850513458252
2022-01-05,15.284783363342285
2022-01-06,15.134228706359863
2022-01-07,15.300628662109375
2022-01-10,15.12630558013916
2022-01-11,15.110458374023438
2022-01-12,15.37193775177002
2022-01-13,15.43532943725586
2022-01-14,15.340245246887207
2022-01-17,15.364014625549316
2022-01-18,14.959908485412598
2022-01-19,15.29270076751709
2022-01-20,15.379860877990723
2022-01-21,15.316474914550781
2022-01-24,14.817282676696777
2022-01-25,14.959908485412598
2022-01-26,15.27685546875
2022-01-27,15.839435577392578
2022-01-28,15.680962562561035
2022-01-31,15.712658882141113
2022-02-01,15.799818992614746
2022-02-02,15.712658882141113
2022-02-03,15.673039436340332
2022-02-04,15.197619438171387
2022-02-07,15.712658882141113
2022-02-08,16.275238037109375
2022-02-09,16.893287658691406
2022-02-10,16.726892471313477
2022-02-11,16.861591339111328
2022-02-14,16.869516372680664
2022-02-15,16.758583068847656
2022-02-16,17.17061424255371
2022-02-17,17.130998611450195
2022-02-18,17.059682846069336
2022-02-21,16.774429321289062
2022-02-22,16.718969345092773
2022-02-23,16.663503646850586
2022-02-24,16.5208797454834
2022-02-25,16.623882293701172
2022-03-02,16.58426284790039
2022-03-03,16.80612564086914
2022-03-04,16.465410232543945
2022-03-07,15.459099769592285
2022-03-08,15.554183006286621
2022-03-09,16.219776153564453
2022-03-10,15.403636932373047
2022-03-11,15.379860877990723
2022-03-14,15.245161056518555
2022-03-15,15.37193775177002
2022-03-16,15.514565467834473
2022-03-17,15.57003116607666
2022-03-18,15.847356796264648
2022-03-21,15.91867446899414
2022-03-22,16.196002960205078
2022-03-23,16.029600143432617
2022-03-24,16.100915908813477
2022-03-25,16.528799057006836
2022-03-28,16.512948989868164
2022-03-29,16.845739364624023
2022-03-30,16.821975708007812
2022-03-31,16.726892471313477
2022-04-01,16.927248001098633
2022-04-04,16.870580673217773
2022-04-05,16.692485809326172
2022-04-06,16.57105827331543
2022-04-07,16.708677291870117
2022-04-08,17.25106430053711
2022-04-11,17.493919372558594
2022-04-12,17.340106964111328
2022-04-13,16.894866943359375
2022-04-14,16.854389190673828
2022-04-18,17.105344772338867
2022-04-19,17.064868927001953
2022-04-20,17.064868927001953
2022-04-22,16.822011947631836
2022-04-25,16.846294403076172
2022-04-26,16.635820388793945
2022-04-27,16.409147262573242
2022-04-28,16.668201446533203
2022-04-29,16.47391128540039
2022-05-02,16.328197479248047
2022-05-03,16.222959518432617
2022-05-04,16.530576705932617
2022-05-05,16.29581642150879
2022-05-06,16.17438316345215
2022-05-09,15.640096664428711
2022-05-10,15.300094604492188
2022-05-11,14.6767578125
2022-05-12,15.542952537536621
2022-05-13,16.04486083984375
2022-05-16,16.312002182006836
2022-05-17,16.741060256958008
2022-05-18,16.5953426361084
2022-05-19,16.117717742919922
2022-05-20,16.336294174194336
2022-05-23,16.498197555541992
2022-05-24,16.457719802856445
2022-05-25,16.41724395751953
2022-05-26,16.627721786499023
2022-05-27,16.64391326904297
2022-05-30,16.716772079467773
2022-05-31,16.78962516784668
2022-06-01,17.07296371459961
2022-06-02,16.72486686706543
2022-06-03,16.239147186279297
2022-06-06,15.834383964538574
2022-06-07,15.640096664428711
2022-06-08,15.445809364318848
2022-06-09,15.510573387145996
2022-06-10,15.16247272491455
2022-06-13,15.138189315795898
2022-06-14,14.992477416992188
2022-06-15,15.17056941986084
2022-06-17,14.992477416992188
2022-06-20,15.008667945861816
2022-06-21,15.421524047851562
2022-06-22,15.227235794067383
2022-06-23,15.113903045654297
2022-06-24,14.830568313598633
2022-06-27,14.86295223236084
2022-06-28,14.781996726989746
2022-06-29,14.701045036315918
2022-06-30,14.377233505249023
2022-07-01,14.579615592956543
2022-07-04,14.433900833129883
2022-07-05,14.871047019958496
2022-07-06,14.660566329956055
2022-07-07,14.701045036315918
2022-07-08,14.636282920837402
2022-07-11,14.514852523803711
2022-07-12,14.692948341369629
2022-07-13,14.288183212280273
2022-07-14,14.344849586486816
2022-07-15,14.23151683807373
2022-07-18,14.352945327758789
2022-07-19,14.255804061889648
2022-07-20,14.73342514038086
2022-07-21,14.660566329956055
2022-07-22,14.9196195602417
2022-07-25,14.879140853881836
2022-07-26,14.692948341369629
2022-07-27,14.9196195602417
2022-07-28,15.121999740600586
2022-07-29,14.911521911621094
2022-08-01,14.992477416992188
2022-08-02,15.194856643676758
2022-08-03,15.656285285949707
2022-08-04,15.785810470581055
2022-08-05,16.21486473083496
2022-08-08,17.34820556640625
2022-08-09,17.599159240722656
2022-08-10,17.51010513305664
2022-08-11,17.25106430053711
2022-08-12,17.37249183654785
2022-08-15,17.72058868408203
2022-08-16,17.445344924926758
2022-08-17,17.28343963623047
2022-08-18,16.603435516357422
2022-08-19,16.781536102294922
2022-08-22,16.919151306152344
2022-08-23,17.048681259155273
2022-08-24,17.404869079589844
2022-08-25,17.882492065429688
2022-08-26,17.842016220092773
2022-08-29,18.13344383239746
2022-08-30,17.906782150268555
2022-08-31,17.58466148376465
2022-09-01,18.092788696289062
2022-09-02,18.226070404052734
2022-09-05,18.234399795532227
2022-09-06,17.909530639648438
2022-09-08,17.634639739990234
2022-09-09,18.176088333129883
2022-09-12,18.134441375732422
2022-09-13,18.084457397460938
2022-09-14,18.525951385498047
2022-09-15,18.76752471923828
2022-09-16,18.792510986328125
2022-09-19,18.825830459594727
2022-09-20,19.075729370117188
2022-09-21,18.600921630859375
2022-09-22,18.809171676635742
2022-09-23,18.409334182739258
2022-09-26,17.884540557861328
2022-09-27,17.742931365966797
2022-09-28,17.709606170654297
2022-09-29,17.676286697387695
2022-09-30,17.601322174072266
2022-10-03,18.10944938659668
2022-10-04,18.02614974975586
2022-10-05,17.91786003112793
2022-10-06,17.826231002807617
2022-10-07,17.867881774902344
2022-10-10,17.959508895874023
2022-10-11,17.9511775970459
2022-10-13,18.24272918701172
2022-10-14,18.092788696289062
2022-10-17,18.45098304748535
2022-10-18,18.72587013244629
2022-10-19,18.292709350585938
2022-10-20,18.31770133972168
2022-10-21,18.600921630859375
2022-10-24,18.24272918701172
2022-10-25,18.051137924194336
2022-10-26,17.76792335510254
2022-10-27,18.392671585083008
2022-10-28,18.667558670043945
2022-10-31,19.35895347595215
2022-11-01,19.574493408203125
2022-11-03,20.65313720703125
2022-11-04,20.65313720703125
2022-11-07,20.14307975769043
2022-11-08,20.117990493774414
2022-11-09,19.992570877075195
2022-11-10,18.679798126220703
2022-11-11,19.022621154785156
2022-11-14,18.696523666381836
2022-11-16,18.5627384185791
2022-11-17,18.353696823120117
2022-11-18,18.153017044067383
2022-11-21,18.713245391845703
2022-11-22,18.646350860595703
2022-11-23,19.08115577697754
2022-11-24,19.666467666625977
2022-11-25,19.390535354614258
2022-11-28,19.674829483032227
2022-11-29,19.80861473083496
2022-11-30,20.24341583251953
2022-12-01,20.042741775512695
2022-12-02,19.93404197692871
2022-12-05,19.415620803833008
2022-12-06,19.398897171020508
2022-12-07,19.223304748535156
2022-12-08,18.955730438232422
2022-12-09,19.05607032775879
2022-12-12,18.5125675201416
2022-12-13,17.684770584106445
2022-12-14,17.442283630371094
2022-12-15,17.634599685668945
2022-12-16,17.659687042236328
2022-12-19,17.87708854675293
2022-12-20,18.479122161865234
2022-12-21,18.763416290283203
2022-12-22,19.08115577697754
2022-12-23,19.139686584472656
2022-12-26,18.82194709777832
2022-12-27,19.11460304260254
2022-12-28,19.607938766479492
2022-12-29,19.357088088989258
2023-01-02,18.930648803710938
2023-01-03,18.57109832763672
2023-01-04,18.629629135131836
2023-01-05,18.813583374023438
2023-01-06,19.064428329467773
2023-01-09,19.24003028869629
2023-01-10,19.683191299438477
2023-01-11,19.75008773803711
2023-01-12,19.599576950073242
2023-01-13,19.457426071166992
2023-01-16,19.373811721801758
2023-01-17,19.566131591796875
2023-01-18,20.042741775512695
2023-01-19,19.858783721923828
2023-01-20,19.541044235229492
2023-01-23,19.398897171020508
2023-01-24,19.725000381469727
2023-01-25,19.942401885986328
2023-01-26,20.26013946533203
2023-01-27,20.31867218017578
2023-01-30,20.82036590576172
2023-01-31,21.656526565551758
2023-02-01,21.288612365722656
2023-02-02,21.263532638549805
2023-02-03,21.07957649230957
2023-02-06,21.213363647460938
2023-02-07,21.322065353393555
2023-02-08,21.606359481811523
2023-02-09,21.213363647460938
2023-02-10,22.24184226989746
2023-02-13,22.492685317993164
2023-02-14,22.492685317993164
2023-02-15,22.392349243164062
2023-02-16,23.04454803466797
2023-02-17,23.320480346679688
2023-02-22,22.325454711914062
2023-02-23,22.63483238220215
2023-02-24,22.6097469329834
2023-02-27,22.45088005065918
2023-02-28,22.133136749267578
2023-03-01,21.832124710083008
2023-03-02,21.940820693969727
2023-03-03,21.572912216186523
2023-03-06,21.82375717163086
2023-03-07,22.074609756469727
2023-03-08,22.36726188659668
2023-03-09,22.467601776123047
2023-03-10,21.882291793823242
2023-03-13,21.154829025268555
2023-03-14,20.8454532623291
2023-03-15,20.870534896850586
2023-03-16,20.72003173828125
2023-03-17,20.51934814453125
2023-03-20,20.092910766601562
2023-03-21,20.051101684570312
2023-03-22,20.26013946533203
2023-03-23,20.16816520690918
2023-03-24,20.176525115966797
2023-03-27,19.967483520507812
2023-03-28,20.109630584716797
2023-03-29,19.80025291442871
2023-03-30,19.791889190673828
2023-03-31,19.666467666625977
2023-04-03,19.030986785888672
2023-04-04,19.574493408203125
2023-04-05,19.31528091430664
2023-04-06,19.557769775390625
2023-04-10,19.733362197875977
2023-04-11,19.83370018005371
2023-04-12,19.93404197692871
2023-04-13,20.017654418945312
2023-04-14,20.22669792175293
2023-04-17,20.29358673095703
2023-04-18,20.310312271118164
2023-04-19,20.561161041259766
2023-04-20,20.36884307861328
2023-04-24,20.527708053588867
2023-04-25,20.510990142822266
2023-04-26,20.82872772216797
2023-04-27,21.046131134033203
2023-04-28,21.012683868408203
2023-05-02,20.669857025146484
2023-05-03,20.218334197998047
2023-05-04,19.649744033813477
2023-05-05,19.967483520507812
2023-05-08,19.725000381469727
2023-05-09,19.65810775756836
2023-05-10,19.959121704101562
2023-05-11,19.959121704101562
2023-05-12,18.84703254699707
2023-05-15,19.181493759155273
2023-05-16,19.164772033691406
2023-05-17,19.11460304260254
2023-05-18,18.813583374023438
2023-05-19,19.11460304260254
2023-05-22,19.189857482910156
2023-05-23,19.306917190551758
2023-05-24,19.398897171020508
2023-05-25,19.641382217407227
2023-05-26,19.515960693359375
2023-05-29,19.900596618652344
2023-05-30,19.984209060668945
2023-05-31,19.992570877075195
2023-06-01,19.875505447387695
2023-06-02,19.975847244262695
2023-06-05,20.067827224731445
2023-06-06,20.251781463623047
2023-06-07,21.59799575805664
2023-06-09,22.659915924072266
2023-06-12,22.200029373168945
2023-06-13,22.37562370300293
2023-06-14,22.676639556884766
2023-06-15,22.72681427001953
2023-06-16,22.8104305267334
2023-06-19,23.0278263092041
2023-06-20,22.8438720703125
2023-06-21,23.12816619873047
2023-06-22,23.03618812561035
2023-06-23,23.195056915283203
2023-06-26,23.303760528564453
2023-06-27,23.62150001525879
2023-06-28,23.696754455566406
2023-06-29,23.964330673217773
2023-06-30,24.00650978088379
2023-07-03,24.450443267822266
2023-07-04,24.595569610595703
2023-07-05,24.612646102905273
2023-07-06,24.544347763061523
2023-07-07,24.69801902770996
2023-07-10,25.039506912231445
2023-07-11,24.885839462280273
2023-07-12,24.979740142822266
2023-07-13,24.757781982421875
2023-07-14,24.416292190551758
2023-07-17,24.68094253540039
2023-07-18,24.68094253540039
2023-07-19,24.296770095825195
2023-07-20,24.356529235839844
2023-07-21,24.860227584838867
2023-07-24,24.73216438293457
2023-07-25,24.92852210998535
2023-07-26,24.774852752685547
2023-07-27,24.64679718017578
2023-07-28,25.005359649658203
2023-07-31,24.44190216064453
2023-08-01,24.02358055114746
2023-08-02,23.997970581054688
2023-08-03,23.63941192626953
2023-08-04,23.647945404052734
2023-08-07,23.758928298950195
2023-08-08,23.55404281616211
2023-08-09,23.45159339904785
2023-08-10,23.44305419921875
2023-08-11,24.160175323486328
2023-08-14,23.690631866455078
2023-08-15,23.34061050415039
2023-08-16,23.02473258972168
2023-08-17,23.22109031677246
2023-08-18,23.494277954101562
2023-08-21,22.7088623046875
2023-08-22,22.66617202758789
2023-08-23,22.743005752563477
2023-08-24,23.144254684448242
2023-08-25,23.1015682220459
2023-08-28,23.01619529724121
2023-08-29,23.05888557434082
2023-08-30,22.657636642456055
2023-08-31,22.281999588012695
2023-09-01,22.281999588012695
2023-09-04,22.205167770385742
2023-09-05,22.205167770385742
2023-09-06,22.22224235534668
2023-09-08,22.299076080322266
2023-09-11,22.717395782470703
2023-09-12,22.794231414794922
2023-09-13,23.093029022216797
2023-09-14,23.075958251953125
2023-09-15,23.29792594909668
2023-09-18,23.075958251953125
2023-09-19,23.22109031677246
2023-09-20,23.289390563964844
2023-09-21,23.186939239501953
2023-09-22,23.08449363708496
2023-09-25,23.169864654541016
2023-09-26,22.888139724731445
2023-09-27,22.623491287231445
2023-09-28,22.905214309692383
2023-09-29,22.655803680419922
2023-10-02,22.56962776184082
2023-10-03,22.483449935913086
2023-10-04,22.655803680419922
2023-10-05,22.802305221557617
2023-10-06,22.845394134521484
2023-10-09,22.767833709716797
2023-10-10,22.638565063476562
2023-10-11,22.5782470703125
2023-10-13,22.259389877319336
2023-10-16,22.36280632019043
2023-10-17,22.207685470581055
2023-10-18,21.93191909790039
2023-10-19,21.957773208618164
2023-10-20,21.888832092285156
2023-10-23,21.802656173706055
2023-10-24,21.992244720458984
2023-10-25,22.380041122436523
2023-10-26,22.181833267211914
2023-10-27,21.7681884765625
2023-10-30,21.7681884765625
2023-10-31,21.725093841552734
2023-11-01,22.069805145263672
2023-11-03,22.414512634277344
2023-11-06,22.88847541809082
2023-11-07,23.28489112854004
2023-11-08,23.129776000976562
2023-11-09,22.966039657592773
2023-11-10,23.638216018676758
2023-11-13,23.75886344909668
2023-11-14,23.939834594726562
2023-11-16,24.275920867919922
2023-11-17,23.448627471923828
2023-11-20,23.500335693359375
2023-11-21,23.388303756713867
2023-11-22,23.72439193725586
2023-11-23,24.05186653137207
2023-11-24,23.836421966552734
2023-11-27,23.931217193603516
2023-11-28,24.138042449951172
2023-11-29,23.879512786865234
2023-11-30,24.129423141479492
2023-12-01,24.551687240600586
2023-12-04,24.732656478881836
2023-12-05,24.81883430480957
2023-12-06,24.663719177246094
2023-12-07,24.603389739990234
2023-12-08,24.250070571899414
2023-12-11,24.241451263427734
2023-12-12,24.344863891601562
2023-12-13,24.491363525390625
2023-12-14,24.37933349609375
2023-12-15,24.88777732849121
2023-12-18,24.680950164794922
2023-12-19,24.594776153564453
2023-12-20,24.405187606811523
2023-12-21,24.646482467651367
2023-12-22,25.034276962280273
2023-12-26,24.991188049316406
2023-12-27,25.335893630981445
2023-12-28,25.222002029418945
2024-01-02,25.06403350830078
2024-01-03,25.17812156677246
2024-01-04,24.96750259399414
2024-01-05,25.06403350830078
2024-01-08,25.125469207763672
2024-01-09,24.976274490356445
2024-01-10,24.634016036987305
2024-01-11,24.405838012695312
2024-01-12,24.133787155151367
2024-01-15,24.39706039428711
2024-01-16,23.931941986083984
2024-01-17,23.730093002319336
2024-01-18,24.089908599853516
2024-01-19,24.309309005737305
2024-01-22,24.265426635742188
2024-01-23,24.063579559326172
2024-01-24,24.160112380981445
2024-01-25,23.791526794433594
2024-01-26,23.537025451660156
2024-01-29,23.589679718017578
2024-01-30,23.282522201538086
2024-01-31,23.414161682128906
2024-02-01,23.510696411132812
2024-02-02,23.589679718017578
2024-02-05,23.730093002319336
2024-02-06,24.116233825683594
2024-02-07,24.265426635742188
2024-02-08,23.247421264648438
2024-02-09,23.38783073425293
2024-02-14,22.738414764404297
2024-02-15,22.957813262939453
2024-02-16,22.92270851135254
2024-02-19,22.817399978637695
2024-02-20,23.063121795654297
2024-02-21,23.098228454589844
2024-02-22,23.37027931213379
2024-02-23,23.47559356689453
2024-02-26,23.431713104248047
2024-02-27,24.16888999938965
2024-02-28,25.60814094543457
2024-02-29,25.06403350830078
2024-03-01,25.1079158782959
2024-03-04,25.011381149291992
2024-03-05,25.222002029418945
2024-03-06,25.652021408081055
2024-03-07,27.091272354125977
2024-03-08,27.293115615844727
2024-03-11,27.170257568359375
2024-03-12,27.345775604248047
2024-03-13,26.924531936645508
2024-03-14,27.056167602539062
2024-03-15,26.9859619140625
2024-03-18,27.161479949951172
2024-03-19,27.530071258544922
2024-03-20,27.731914520263672
2024-03-21,27.486186981201172
2024-03-22,27.161479949951172
2024-03-25,27.14392852783203
2024-03-26,27.336999893188477
2024-03-27,27.68803596496582
2024-03-28,27.45108413696289
2024-04-01,27.427043914794922
2024-04-02,27.729225158691406
2024-04-03,27.898090362548828
2024-04-04,27.995853424072266
2024-04-05,27.818099975585938
2024-04-08,27.82698631286621
2024-04-09,27.68478775024414
2024-04-10,27.533695220947266
2024-04-11,27.551471710205078
2024-04-12,27.23151969909668
2024-04-15,27.00933074951172
2024-04-16,26.564950942993164
2024-04-17,26.40497589111328
2024-04-18,26.333873748779297
2024-04-19,26.324989318847656
2024-04-22,26.244998931884766
2024-04-23,25.99614715576172
2024-04-24,26.342761993408203
2024-04-25,26.60938835144043
2024-04-26,26.929344177246094
2024-04-29,26.716039657592773
2024-04-30,26.627164840698242
2024-05-02,26.547178268432617
2024-05-03,26.60938835144043
2024-05-06,26.48496437072754
2024-05-07,26.191673278808594
2024-05-08,26.209449768066406
2024-05-09,25.56954574584961
2024-05-10,25.356243133544922
2024-05-13,24.974075317382812
2024-05-14,25.39179229736328
2024-05-15,27.773662567138672
2024-05-16,27.471485137939453
2024-05-17,27.84476089477539
2024-05-20,27.729225158691406
2024-05-21,27.782550811767578
2024-05-22,26.662717819213867
2024-05-23,26.84046745300293
2024-05-24,27.062658309936523
2024-05-27,26.929344177246094
2024-05-28,26.74270248413086
2024-05-29,26.920455932617188
2024-05-31,26.97378158569336
2024-06-03,26.787141799926758
2024-06-04,26.80491828918457
2024-06-05,26.680492401123047
2024-06-06,26.769371032714844
2024-06-07,26.591615676879883
2024-06-10,26.48496437072754
2024-06-11,26.74270248413086
2024-06-12,26.298324584960938
2024-06-13,26.360536575317383
2024-06-14,26.333873748779297
2024-06-17,26.1116886138916
2024-06-18,25.99614715576172
2024-06-19,26.049474716186523
2024-06-20,26.218338012695312
2024-06-21,26.44052505493164
2024-06-24,27.000442504882812
2024-06-25,27.062658309936523
2024-06-26,27.169307708740234
2024-06-27,27.489261627197266
2024-06-28,27.507034301757812
2024-07-01,27.169307708740234
2024-07-02,27.000442504882812
2024-07-03,26.716039657592773
2024-07-04,26.787141799926758
2024-07-05,26.573843002319336
2024-07-08,26.298324584960938
2024-07-09,26.12946128845215
2024-07-10,26.16501235961914
2024-07-11,26.28055191040039
2024-07-12,27.284847259521484
2024-07-15,27.32928466796875
2024-07-16,27.22263526916504
2024-07-17,27.41815757751465
2024-07-18,27.489261627197266
2024-07-19,26.938230514526367
2024-07-22,27.018218994140625
2024-07-23,26.84046745300293
2024-07-24,26.662717819213867
2024-07-25,26.751588821411133
2024-07-26,26.849355697631836
2024-07-29,26.902679443359375
2024-07-30,26.867130279541016
2024-07-31,27.195972442626953
2024-08-01,27.41815757751465
2024-08-02,27.338171005249023
2024-08-05,27.240407943725586
2024-08-06,27.32928466796875
2024-08-07,27.311508178710938
2024-08-08,27.391498565673828
2024-08-09,27.711448669433594
2024-08-12,27.995853424072266
2024-08-13,29.186782836914062
2024-08-14,29.204561233520508
2024-08-15,29.355648040771484
2024-08-16,29.09791374206543
2024-08-19,29.195674896240234
2024-08-20,29.355648040771484
2024-08-21,29.54228973388672
2024-08-22,29.65782928466797
2024-08-23,30.342172622680664
2024-08-26,30.217744827270508
2024-08-27,30.119983673095703
2024-08-28,30.102201461791992
2024-08-29,30.013328552246094
2024-08-30,30.27107048034668
2024-09-02,30.919862747192383
2024-09-03,30.87542724609375
2024-09-04,30.964298248291016
2024-09-05,31.115386962890625
2024-09-06,30.69767189025879
2024-09-09,30.50214958190918
2024-09-10,30.671009063720703
2024-09-11,30.555477142333984
2024-09-12,30.848758697509766
2024-09-13,31.026508331298828
2024-09-16,31.05317497253418
2024-09-17,30.857650756835938
2024-09-18,31.8175048828125
2024-09-19,31.639753341674805
2024-09-20,31.613094329833984
2024-09-23,31.835285186767578
2024-09-24,31.924163818359375
2024-09-25,31.897497177124023
2024-09-26,32.25300216674805
2024-09-27,32.395198822021484
2024-09-30,32.77256393432617
2024-10-01,32.65571212768555
2024-10-02,33.42872619628906
2024-10-03,33.248958587646484
2024-10-04,33.70738220214844
2024-10-07,33.437721252441406
2024-10-08,33.56356430053711
2024-10-09,33.16806411743164
2024-10-10,33.1141357421875
2024-10-11,32.5927848815918
2024-10-14,32.90739059448242
2024-10-15,33.213008880615234
2024-10-16,33.4556999206543
2024-10-17,33.25795364379883
2024-10-18,33.17705154418945
2024-10-21,33.06019973754883
2024-10-22,33.52760696411133
2024-10-23,34.004005432128906
2024-10-24,34.516361236572266
2024-10-25,34.462432861328125
2024-10-28,34.70512008666992
2024-10-29,34.59725570678711
2024-10-30,34.830963134765625
2024-10-31,34.29164123535156
2024-11-01,34.15681457519531
2024-11-04,33.79726791381836
2024-11-05,34.246700286865234
2024-11-06,34.57029724121094
2024-11-07,34.48040771484375
2024-11-08,34.678157806396484
2024-11-11,34.66916275024414
2024-11-12,35.24443817138672
2024-11-13,34.84893798828125
2024-11-14,34.678157806396484
2024-11-18,34.84893798828125
2024-11-19,34.9837646484375
2024-11-21,34.56130599975586
2024-11-22,34.65119171142578
2024-11-25,34.696128845214844
2024-11-26,34.992759704589844
2024-11-27,34.29164123535156
2024-11-28,33.73434829711914
2024-11-29,34.01299285888672
2024-12-02,34.05794143676758
2024-12-03,35.09163284301758
2024-12-04,35.86465072631836
2024-12-05,35.684879302978516
2024-12-06,35.235450744628906
2024-12-09,35.0556755065918
2024-12-10,35.046688079833984
2024-12-11,36.15229034423828
2024-12-12,35.75679016113281
2024-12-13,34.7410774230957
2024-12-16,34.38153076171875
2024-12-17,34.37253952026367
2024-12-18,34.147823333740234
2024-12-19,34.12984848022461
2024-12-20,33.73434829711914
2024-12-23,33.38378143310547
2024-12-26,32.98829650878906
2024-12-27,32.871437072753906
2024-12-30,32.85346221923828
2025-01-02,32.93626022338867
2025-01-03,31.617719650268555
2025-01-06,32.89078903198242
2025-01-07,33.64554214477539
2025-01-08,33.1999626159668
2025-01-09,33.26362228393555
2025-01-10,33.11811828613281
2025-01-13,33.21814727783203
2025-01-14,33.27271270751953
2025-01-15,34.263893127441406
2025-01-16,33.93653106689453
2025-01-17,33.43639373779297
2025-01-20,33.37274169921875
2025-01-21,34.46394729614258
2025-01-22,34.46394729614258
2025-01-23,34.66399383544922
2025-01-24,34.55487823486328
2025-01-27,34.87315368652344
2025-01-28,35.009552001953125
2025-01-29,35.336910247802734
2025-01-30,36.273529052734375
2025-01-31,36.36445999145508
2025-02-03,37.019187927246094
2025-02-04,37.019187927246094
2025-02-05,37.910335540771484
2025-02-06,37.555694580078125
2025-02-07,37.05555725097656
2025-02-10,37.87397003173828
2025-02-11,37.692100524902344
2025-02-12,36.246246337890625
2025-02-13,35.90979766845703
2025-02-14,35.72793197631836
2025-02-17,35.41874694824219
2025-02-18,35.81886291503906
2025-02-19,35.7824821472168
2025-02-20,35.591522216796875
2025-02-21,35.3187255859375
2025-02-24,34.84586715698242
2025-02-25,35.21869659423828
2025-02-26,34.84586715698242
2025-02-27,35.1732292175293
2025-02-28,34.573062896728516
2025-03-05,34.93680191040039
2025-03-06,34.18205642700195
2025-03-07,34.25479507446289
2025-03-10,34.009273529052734
2025-03-11,33.90924835205078
2025-03-12,34.46394729614258
2025-03-13,34.954994201660156
2025-03-14,35.41874694824219
2025-03-17,36.36445999145508
2025-03-18,36.70092010498047
2025-03-19,37.77393341064453
2025-03-20,37.73756408691406
2025-03-21,37.80121994018555
2025-03-24,37.592071533203125
2025-03-25,38.08311462402344
2025-03-26,38.0467414855957
2025-03-27,37.78303146362305
2025-03-28,37.17378234863281
2025-03-31,37.32170486450195
2025-04-01,37.95616912841797
2025-04-02,38.32005310058594
2025-04-03,38.282737731933594
2025-04-04,37.694915771484375
2025-04-07,36.52861785888672
2025-04-08,36.57526779174805
2025-04-09,37.0137939453125
2025-04-10,36.20204544067383
2025-04-11,36.37932586669922
2025-04-14,36.948486328125
2025-04-15,37.71358108520508
2025-04-16,37.694915771484375
2025-04-17,37.78822326660156
2025-04-22,38.35737991333008
2025-04-23,38.81456756591797
2025-04-24,39.05716323852539
2025-04-25,39.55167007446289
2025-04-28,39.93422317504883
2025-04-29,40.29810333251953
2025-04-30,41.0445442199707
2025-05-02,40.78328323364258
2025-05-05,40.503379821777344
2025-05-06,40.5127067565918
2025-05-07,40.69931411743164
2025-05-08,41.19382858276367
2025-05-09,43.52643585205078
2025-05-12,42.294822692871094
2025-05-13,43.13455581665039
2025-05-14,45.09394836425781
2025-05-15,44.40349578857422
2025-05-16,45.85904312133789
2025-05-19,45.9616813659668
2025-05-20,46.55882263183594
2025-05-21,44.52478790283203
2025-05-22,45.103275299072266
2025-05-23,46.185604095458984
2025-05-26,46.24159240722656
2025-05-27,46.71743392944336
2025-05-28,47.2026252746582
2025-05-29,48.05168914794922
2025-05-30,48.583526611328125
2025-06-02,48.87276840209961
2025-06-03,48.947410583496094
2025-06-04,48.85411071777344
2025-06-05,49.07802963256836
2025-06-06,48.99406051635742
2025-06-09,48.6861572265625
2025-06-10,48.77946090698242
2025-06-11,48.93808364868164
2025-06-12,49.81513977050781
2025-06-13,49.44192886352539
2025-06-16,50.09505081176758
2025-06-17,50.300323486328125
2025-06-18,50.048404693603516
2025-06-20,49.91777801513672
2025-06-23,49.8431282043457
2025-06-24,50.37496566772461
2025-06-25,50.29099655151367
2025-06-26,50.878807067871094
2025-06-27,51.004207611083984
2025-06-30,51.96442413330078
2025-07-01,51.55962371826172
2025-07-02,51.39958953857422
2025-07-03,53.291770935058594
2025-07-04,53.33884048461914
2025-07-07,52.01149368286133
2025-07-08,51.15483093261719
2025-07-09,49.78041076660156
2025-07-10,49.949859619140625
2025-07-11,49.28147888183594
2025-07-14,49.71451187133789
2025-07-15,49.497989654541016
2025-07-16,48.500125885009766
2025-07-17,48.95199203491211
2025-07-18,48.773128509521484
2025-07-21,48.999061584472656
2025-07-22,48.57543182373047
2025-07-23,49.04612731933594
2025-07-24,48.603675842285156
2025-07-25,48.29301834106445
2025-07-28,47.765846252441406
2025-07-29,48.11416244506836
2025-07-30,48.678985595703125
2025-07-31,48.84843826293945
2025-08-01,49.2061653137207
2025-08-04,50.15696334838867
2025-08-05,49.855716705322266
2025-08-06,49.92161178588867
2025-08-07,49.74275207519531
2025-08-08,50.37348175048828
2025-08-11,50.269927978515625
2025-08-12,51.785552978515625
2025-08-13,51.785552978515625
2025-08-14,50.20403289794922
2025-08-15,49.290889739990234
2025-08-18,49.996925354003906
2025-08-19,48.773128509521484
2025-08-20,49.54505920410156
2025-08-21,47.822330474853516
2025-08-22,48.038848876953125
2025-08-25,48.52836608886719
2025-08-26,48.00119400024414
2025-08-27,48.46247100830078
2025-08-28,49.705101013183594
2025-08-29,48.71664047241211
2025-09-01,48.78254318237305
2025-09-02,48.443641662597656
2025-09-03,47.765846252441406
2025-09-04,48.42481231689453
2025-09-05,47.96353530883789
2025-09-08,47.11628723144531
2025-09-09,47.106876373291016
2025-09-10,47.60580825805664
2025-09-11,47.464603424072266
2025-09-12,47.144535064697266
2025-09-15,47.35163879394531
2025-09-16,47.59640121459961
2025-09-17,47.91646957397461
2025-09-18,48.1800537109375
2025-09-19,48.660160064697266
2025-09-22,48.217716217041016
2025-09-23,48.057674407958984
2025-09-24,48.18947219848633
2025-09-25,47.16335678100586
2025-09-26,46.491397857666016
2025-09-29,47.22407150268555
2025-09-30,47.44291687011719
2025-10-01,46.719764709472656
2025-10-02,46.491397857666016
2025-10-03,45.68260192871094
2025-10-06,44.7310791015625
2025-10-07,43.865196228027344
2025-10-08,43.37040710449219
2025-10-09,44.12210464477539
2025-10-10,44.09355926513672
2025-10-13,44.40755844116211
2025-10-14,44.35047149658203
2025-10-15,44.417076110839844
2025-10-16,44.11259460449219
2025-10-17,44.084049224853516
2025-10-20,44.9023551940918
2025-10-21,44.7501106262207
2025-10-22,44.93090057373047
2025-10-23,45.0831413269043
2025-10-24,44.797691345214844
2025-10-27,45.282962799072266
2025-10-28,45.67308807373047
2025-10-29,45.59696578979492
2025-10-30,46.20594024658203
2025-10-31,45.72066116333008
2025-11-03,45.70163345336914
2025-11-04,46.41527557373047
2025-11-05,46.55800247192383
2025-11-06,47.21455383300781
2025-11-07,47.18600845336914
2025-11-10,47.47146224975586
2025-11-11,43.84616470336914
2025-11-12,43.579734802246094
2025-11-13,44.24580001831055
2025-11-14,44.264835357666016
2025-11-17,43.865196228027344
2025-11-18,43.684410095214844
2025-11-19,43.065914154052734
2025-11-21,43.484588623046875
2025-11-24,44.24580001831055
2025-11-25,44.33143615722656
2025-11-26,45.20683670043945
2025-11-27,45.19732666015625
2025-11-28,44.9023551940918
2025-12-01,45.42569351196289
2025-12-02,45.72066116333008
2025-12-03,45.73969268798828
2025-12-04,46.2344856262207
2025-12-05,44.99750900268555
2025-12-08,45.72066116333008
2025-12-09,46.2344856262207
2025-12-10,45.891937255859375
2025-12-11,46.43430709838867
2025-12-12,47.043277740478516
2025-12-15,47.20504379272461
2025-12-16,46.79588317871094
2025-12-17,44.7310791015625
2025-12-18,45.21635818481445
2025-12-19,44.22677230834961
2025-12-22,44.24580001831055
2025-12-23,45.46375274658203
2025-12-26,45.58745193481445
2025-12-29,45.748741149902344
2025-12-30,46.537841796875
