date,close
2011-06-29,9.172918319702148
2011-06-30,9.08149242401123
2011-07-01,9.14244270324707
2011-07-04,8.990069389343262
2011-07-05,9.075399398803711
2011-07-06,8.898645401000977
2011-07-07,9.04492473602295
2011-07-08,8.990069389343262
2011-07-11,8.8316011428833
2011-07-12,8.411046981811523
2011-07-13,8.490281105041504
2011-07-14,8.502472877502441
2011-07-15,8.59389591217041
2011-07-18,8.520758628845215
2011-07-19,8.502472877502441
2011-07-20,8.380572319030762
2011-07-21,8.776745796203613
2011-07-22,8.990069389343262
2011-07-25,8.788933753967285
2011-07-26,8.990069389343262
2011-07-27,9.020543098449707
2011-07-28,8.959593772888184
2011-07-29,9.111968040466309
2011-08-01,8.83769416809082
2011-08-02,8.98397445678711
2011-08-03,8.776745796203613
2011-08-04,8.532946586608887
2011-08-05,7.929546356201172
2011-08-08,7.313954830169678
2011-08-09,8.471999168395996
2011-08-10,8.136774063110352
2011-08-11,8.319622993469238
2011-08-12,8.319622993469238
2011-08-15,8.234292030334473
2011-08-16,8.35009765625
2011-08-17,8.228200912475586
2011-08-18,7.86859655380249
2011-08-19,7.533374309539795
2011-08-22,7.618700981140137
2011-08-23,7.618700981140137
2011-08-24,7.6613664627075195
2011-08-25,7.679653644561768
2011-08-26,7.771076202392578
2011-08-29,8.106298446655273
2011-08-30,8.532946586608887
2011-08-31,8.776745796203613
2011-09-01,9.14244270324707
2011-09-02,9.020543098449707
2011-09-05,8.83769416809082
2011-09-06,8.715795516967773
2011-09-08,9.203392028808594
2011-09-09,9.14244270324707
2011-09-12,9.14244270324707
2011-09-13,9.623946189880371
2011-09-14,9.538615226745605
2011-09-15,9.63003921508789
2011-09-16,10.361435890197754
2011-09-19,9.873839378356934
2011-09-20,9.751938819885254
2011-09-21,9.569090843200684
2011-09-22,8.898645401000977
2011-09-23,9.14244270324707
2011-09-26,9.14244270324707
2011-09-27,8.898645401000977
2011-09-28,8.947404861450195
2011-09-29,8.532946586608887
2011-09-30,8.532946586608887
2011-10-03,8.532946586608887
2011-10-04,8.776745796203613
2011-10-05,8.532946586608887
2011-10-06,8.228200912475586
2011-10-07,8.532946586608887
2011-10-10,8.587801933288574
2011-10-11,8.411046981811523
2011-10-13,8.289149284362793
2011-10-14,8.234292030334473
2011-10-17,8.289149284362793
2011-10-18,8.289149284362793
2011-10-19,8.526850700378418
2011-10-20,8.502472877502441
2011-10-21,9.14244270324707
2011-10-24,8.776745796203613
2011-10-25,8.776745796203613
2011-10-26,8.83769416809082
2011-10-27,8.703604698181152
2011-10-28,8.959593772888184
2011-10-31,9.63003921508789
2011-11-01,9.355765342712402
2011-11-03,9.3070068359375
2011-11-04,8.959593772888184
2011-11-07,8.709700584411621
2011-11-08,8.98397445678711
2011-11-09,9.04492473602295
2011-11-10,9.099778175354004
2011-11-11,9.294816970825195
2011-11-14,8.959593772888184
2011-11-16,8.959593772888184
2011-11-17,8.959593772888184
2011-11-18,9.258246421813965
2011-11-21,9.08149242401123
2011-11-22,9.087589263916016
2011-11-23,9.172918319702148
2011-11-24,9.422810554504395
2011-11-25,9.14244270324707
2011-11-28,9.10587215423584
2011-11-29,8.953497886657715
2011-11-30,9.294816970825195
2011-12-01,9.447193145751953
2011-12-02,9.294816970825195
2011-12-05,9.14244270324707
2011-12-06,9.093683242797852
2011-12-07,9.051018714904785
2011-12-08,9.325291633605957
2011-12-09,9.111968040466309
2011-12-12,9.111968040466309
2011-12-13,9.209486961364746
2011-12-14,9.14244270324707
2011-12-15,9.447193145751953
2011-12-16,8.959593772888184
2011-12-19,9.215581893920898
2011-12-20,9.233868598937988
2011-12-21,9.319198608398438
2011-12-22,9.264342308044434
2011-12-23,9.751938819885254
2011-12-26,9.855552673339844
2011-12-27,9.81289005279541
2011-12-28,9.831171989440918
2011-12-29,10.209062576293945
2012-01-02,10.483335494995117
2012-01-03,10.513808250427246
2012-01-04,10.452857971191406
2012-01-05,10.477240562438965
2012-01-06,10.513808250427246
2012-01-09,10.361435890197754
2012-01-10,10.391908645629883
2012-01-11,10.23953628540039
2012-01-12,10.227346420288086
2012-01-13,9.904313087463379
2012-01-16,10.300485610961914
2012-01-17,10.440668106079102
2012-01-18,10.544283866882324
2012-01-19,10.422385215759277
2012-01-20,10.5260009765625
2012-01-23,10.361435890197754
2012-01-24,10.422385215759277
2012-01-26,10.458954811096191
2012-01-27,10.544283866882324
2012-01-30,10.538190841674805
2012-01-31,10.538190841674805
2012-02-01,10.422385215759277
2012-02-02,10.068879127502441
2012-02-03,10.422385215759277
2012-02-06,10.599139213562012
2012-02-07,10.318769454956055
2012-02-08,10.355340957641602
2012-02-09,10.416290283203125
2012-02-10,10.361435890197754
2012-02-13,10.361435890197754
2012-02-14,10.251725196838379
2012-02-15,10.330962181091309
2012-02-16,10.422385215759277
2012-02-17,10.37972354888916
2012-02-23,9.751938819885254
2012-02-24,9.721465110778809
2012-02-27,9.751938819885254
2012-02-28,9.63003921508789
2012-02-29,9.14244270324707
2012-03-01,9.441096305847168
2012-03-02,9.233868598937988
2012-03-05,9.349671363830566
2012-03-06,8.776745796203613
2012-03-07,8.929121017456055
2012-03-08,8.83769416809082
2012-03-09,8.92302417755127
2012-03-12,9.136347770690918
2012-03-13,9.690988540649414
2012-03-14,9.721465110778809
2012-03-15,9.758034706115723
2012-03-16,9.690988540649414
2012-03-19,9.690988540649414
2012-03-20,9.599564552307129
2012-03-21,9.569090843200684
2012-03-22,9.569090843200684
2012-03-23,9.441096305847168
2012-03-26,9.520332336425781
2012-03-27,9.538615226745605
2012-03-28,9.343578338623047
2012-03-29,9.447193145751953
2012-03-30,9.538615226745605
2012-04-02,9.508140563964844
2012-04-03,9.477665901184082
2012-04-04,9.325291633605957
2012-04-05,9.81289005279541
2012-04-09,10.056687355041504
2012-04-10,10.056687355041504
2012-04-11,9.873839378356934
2012-04-12,9.93478775024414
2012-04-13,10.050593376159668
2012-04-16,10.129827499389648
2012-04-17,10.18468189239502
2012-04-18,10.361435890197754
2012-04-19,10.361435890197754
2012-04-20,10.452857971191406
2012-04-23,10.330962181091309
2012-04-24,10.330962181091309
2012-04-25,10.294390678405762
2012-04-26,10.178586959838867
2012-04-27,10.105445861816406
2012-04-30,10.117637634277344
2012-05-02,10.117637634277344
2012-05-03,10.660089492797852
2012-05-04,10.849030494689941
2012-05-07,11.184258460998535
2012-05-08,11.092830657958984
2012-05-09,11.123306274414062
2012-05-10,11.263487815856934
2012-05-11,11.641380310058594
2012-05-14,11.214730262756348
2012-05-15,11.208635330200195
2012-05-16,10.757609367370605
2012-05-17,10.276104927062988
2012-05-18,10.544283866882324
2012-05-21,10.544283866882324
2012-05-22,10.696656227111816
2012-05-23,10.696656227111816
2012-05-24,10.727134704589844
2012-05-25,10.556474685668945
2012-05-28,10.629613876342773
2012-05-29,10.483335494995117
2012-05-30,10.544283866882324
2012-05-31,10.483335494995117
2012-06-01,10.361435890197754
2012-06-04,10.117637634277344
2012-06-05,10.178586959838867
2012-06-06,10.142016410827637
2012-06-08,10.142016410827637
2012-06-11,10.233444213867188
2012-06-12,10.178586959838867
2012-06-13,10.50162124633789
2012-06-14,10.495525360107422
2012-06-15,10.78808307647705
2012-06-18,10.78808307647705
2012-06-19,10.714943885803223
2012-06-20,10.78808307647705
2012-06-21,10.666183471679688
2012-06-22,10.78808307647705
2012-06-25,10.635709762573242
2012-06-26,10.78808307647705
2012-06-27,10.666183471679688
2012-06-28,10.666183471679688
2012-06-29,10.702754020690918
2012-07-02,10.452857971191406
2012-07-03,10.355340957641602
2012-07-04,10.361435890197754
2012-07-05,10.361435890197754
2012-07-06,10.300485610961914
2012-07-10,10.23953628540039
2012-07-11,10.117637634277344
2012-07-12,10.117637634277344
2012-07-13,9.995737075805664
2012-07-16,9.995737075805664
2012-07-17,9.721465110778809
2012-07-18,9.861648559570312
2012-07-19,10.081069946289062
2012-07-20,10.099352836608887
2012-07-23,10.105445861816406
2012-07-24,10.172490119934082
2012-07-25,10.18468189239502
2012-07-26,10.178586959838867
2012-07-27,10.78808307647705
2012-07-30,10.78808307647705
2012-07-31,11.123306274414062
2012-08-01,10.970931053161621
2012-08-02,10.849030494689941
2012-08-03,10.879509925842285
2012-08-06,10.830748558044434
2012-08-07,10.940457344055176
2012-08-08,10.5260009765625
2012-08-09,10.970931053161621
2012-08-10,10.970931053161621
2012-08-13,10.879509925842285
2012-08-14,11.580427169799805
2012-08-15,11.970502853393555
2012-08-16,12.189925193786621
2012-08-17,12.250874519348145
2012-08-20,11.946127891540527
2012-08-21,11.7023286819458
2012-08-22,11.885174751281738
2012-08-23,11.671853065490723
2012-08-24,11.641380310058594
2012-08-27,11.751086235046387
2012-08-28,11.65356731414795
2012-08-29,11.793754577636719
2012-08-30,11.793754577636719
2012-08-31,12.159448623657227
2012-09-03,11.824226379394531
2012-09-04,11.629186630249023
2012-09-05,11.641380310058594
2012-09-06,12.342294692993164
2012-09-10,12.488578796386719
2012-09-11,12.799419403076172
2012-09-12,12.068025588989258
2012-09-13,12.494672775268555
2012-09-14,11.946127891540527
2012-09-17,11.830322265625
2012-09-18,11.470717430114746
2012-09-19,11.726707458496094
2012-09-20,11.76937198638916
2012-09-21,12.189925193786621
2012-09-24,12.068025588989258
2012-09-25,12.03145694732666
2012-09-26,12.128972053527832
2012-09-27,12.007075309753418
2012-09-28,12.068025588989258
2012-10-01,12.037549018859863
2012-10-02,11.946127891540527
2012-10-03,11.824226379394531
2012-10-04,11.885174751281738
2012-10-05,11.854703903198242
2012-10-08,12.189925193786621
2012-10-09,11.885174751281738
2012-10-10,11.97659969329834
2012-10-11,12.007075309753418
2012-10-15,12.110689163208008
2012-10-16,11.793754577636719
2012-10-17,11.428055763244629
2012-10-18,11.50119400024414
2012-10-19,11.580427169799805
2012-10-22,11.7023286819458
2012-10-23,11.671853065490723
2012-10-24,12.183829307556152
2012-10-25,12.122878074645996
2012-10-26,12.07412052154541
2012-10-29,12.183829307556152
2012-10-30,12.366680145263672
2012-10-31,12.701900482177734
2012-11-01,12.738471031188965
2012-11-05,12.732375144958496
2012-11-06,12.95179271697998
2012-11-07,13.104166984558105
2012-11-08,13.201688766479492
2012-11-09,13.287019729614258
2012-11-12,13.652714729309082
2012-11-13,13.104166984558105
2012-11-14,13.073695182800293
2012-11-16,12.982268333435059
2012-11-19,13.165119171142578
2012-11-21,13.561290740966797
2012-11-22,13.957464218139648
2012-11-23,13.37234878540039
2012-11-26,13.317495346069336
2012-11-27,13.19559097290039
2012-11-28,12.903036117553711
2012-11-29,12.183829307556152
2012-11-30,12.647047996520996
2012-12-03,12.82989501953125
2012-12-04,12.622665405273438
2012-12-05,12.653143882751465
2012-12-06,12.677519798278809
2012-12-07,12.750661849975586
2012-12-10,12.781136512756348
2012-12-11,12.726280212402344
2012-12-12,12.720187187194824
2012-12-13,12.525146484375
2012-12-14,12.555621147155762
2012-12-17,12.58609676361084
2012-12-18,12.616573333740234
2012-12-19,12.738471031188965
2012-12-20,13.024935722351074
2012-12-21,12.982268333435059
2012-12-26,13.06760025024414
2012-12-27,12.835988998413086
2012-12-28,12.927411079406738
2013-01-02,13.104166984558105
2013-01-03,13.165119171142578
2013-01-04,13.360156059265137
2013-01-07,13.408915519714355
2013-01-08,13.695379257202148
2013-01-09,13.652714729309082
2013-01-10,13.469864845275879
2013-01-11,13.408915519714355
2013-01-14,13.591763496398926
2013-01-15,13.445487022399902
2013-01-16,13.219976425170898
2013-01-17,13.445487022399902
2013-01-18,13.591763496398926
2013-01-21,13.622238159179688
2013-01-22,13.585673332214355
2013-01-23,13.408915519714355
2013-01-24,13.000555992126465
2013-01-28,12.799419403076172
2013-01-29,12.372773170471191
2013-01-30,12.177733421325684
2013-01-31,12.555621147155762
2013-02-01,12.555621147155762
2013-02-04,12.921319961547852
2013-02-05,13.06760025024414
2013-02-06,13.104166984558105
2013-02-07,12.921319961547852
2013-02-08,12.70799732208252
2013-02-13,11.885174751281738
2013-02-14,12.189925193786621
2013-02-15,12.250874519348145
2013-02-18,12.250874519348145
2013-02-19,12.525146484375
2013-02-20,13.104166984558105
2013-02-21,13.469864845275879
2013-02-22,13.408915519714355
2013-02-25,13.219976425170898
2013-02-26,13.244351387023926
2013-02-27,13.1346435546875
2013-02-28,13.48814868927002
2013-03-01,13.549099922180176
2013-03-04,13.56738567352295
2013-03-05,13.817278861999512
2013-03-06,14.079361915588379
2013-03-07,13.835561752319336
2013-03-08,13.530817031860352
2013-03-11,13.165119171142578
2013-03-12,13.104166984558105
2013-03-13,12.842084884643555
2013-03-14,13.024935722351074
2013-03-15,12.799419403076172
2013-03-18,12.945697784423828
2013-03-19,12.921319961547852
2013-03-20,12.799419403076172
2013-03-21,12.555621147155762
2013-03-22,12.342294692993164
2013-03-25,12.476387023925781
2013-03-26,12.09850025177002
2013-03-27,11.946127891540527
2013-03-28,12.378867149353027
2013-04-01,12.653143882751465
2013-04-02,12.799419403076172
2013-04-03,12.494672775268555
2013-04-04,12.068025588989258
2013-04-05,12.007075309753418
2013-04-08,11.970502853393555
2013-04-09,11.757181167602539
2013-04-10,11.80594253540039
2013-04-11,11.781559944152832
2013-04-12,11.421960830688477
2013-04-15,10.916077613830566
2013-04-16,11.275680541992188
2013-04-17,11.105021476745605
2013-04-18,11.306151390075684
2013-04-19,11.379295349121094
2013-04-22,11.409767150878906
2013-04-23,11.763276100158691
2013-04-24,12.07412052154541
2013-04-25,11.842510223388672
2013-04-26,11.842510223388672
2013-04-29,11.891271591186523
2013-04-30,11.854703903198242
2013-05-02,11.6109037399292
2013-05-03,11.793754577636719
2013-05-06,11.720612525939941
2013-05-07,11.787657737731934
2013-05-08,11.793754577636719
2013-05-09,11.763276100158691
2013-05-10,11.604808807373047
2013-05-13,11.549954414367676
2013-05-14,11.293966293334961
2013-05-15,11.519476890563965
2013-05-16,11.665757179260254
2013-05-17,11.489004135131836
2013-05-20,11.568239212036133
2013-05-21,11.65356731414795
2013-05-22,11.836416244506836
2013-05-23,11.6109037399292
2013-05-24,11.677947044372559
2013-05-27,11.641380310058594
2013-05-28,11.6962308883667
2013-05-29,11.665757179260254
2013-05-31,11.507287979125977
2013-06-03,11.397581100463867
2013-06-04,11.403672218322754
2013-06-05,11.330533027648926
2013-06-06,11.665757179260254
2013-06-07,11.330533027648926
2013-06-10,11.184258460998535
2013-06-11,10.970931053161621
2013-06-12,10.909979820251465
2013-06-13,10.940457344055176
2013-06-14,10.714943885803223
2013-06-17,10.629613876342773
2013-06-18,10.458954811096191
2013-06-19,10.18468189239502
2013-06-20,9.98354721069336
2013-06-21,9.904313087463379
2013-06-24,9.904313087463379
2013-06-25,9.904313087463379
2013-06-26,9.770222663879395
2013-06-27,10.294390678405762
2013-06-28,10.276104927062988
2013-07-01,10.324864387512207
2013-07-02,9.690988540649414
2013-07-03,9.514236450195312
2013-07-04,9.38624382019043
2013-07-05,9.294816970825195
2013-07-08,9.300912857055664
2013-07-10,9.111968040466309
2013-07-11,9.209486961364746
2013-07-12,9.14244270324707
2013-07-15,9.233868598937988
2013-07-16,9.508140563964844
2013-07-17,9.453285217285156
2013-07-18,9.550806045532227
2013-07-19,9.526424407958984
2013-07-22,9.599564552307129
2013-07-23,9.508140563964844
2013-07-24,9.733654022216797
2013-07-25,10.007925987243652
2013-07-26,10.007925987243652
2013-07-29,10.178586959838867
2013-07-30,10.117637634277344
2013-07-31,10.178586959838867
2013-08-01,10.014022827148438
2013-08-02,9.745842933654785
2013-08-05,9.690988540649414
2013-08-06,9.7885103225708
2013-08-07,9.508140563964844
2013-08-08,9.800700187683105
2013-08-09,9.904313087463379
2013-08-12,9.904313087463379
2013-08-13,10.483335494995117
2013-08-14,10.629613876342773
2013-08-15,10.708847045898438
2013-08-16,11.001405715942383
2013-08-19,10.727134704589844
2013-08-20,10.58695125579834
2013-08-21,10.605234146118164
2013-08-22,10.879509925842285
2013-08-23,10.85512924194336
2013-08-26,10.757609367370605
2013-08-27,10.635709762573242
2013-08-28,10.666183471679688
2013-08-29,10.964838027954102
2013-08-30,11.275680541992188
2013-09-02,11.233016014099121
2013-09-03,11.50119400024414
2013-09-04,11.6109037399292
2013-09-05,11.793754577636719
2013-09-06,11.915651321411133
2013-09-09,12.116786003112793
2013-09-10,11.824226379394531
2013-09-11,11.933937072753906
2013-09-12,12.05583667755127
2013-09-13,12.250874519348145
2013-09-16,12.171637535095215
2013-09-17,12.128972053527832
2013-09-18,12.378867149353027
2013-09-19,12.433722496032715
2013-09-20,12.354491233825684
2013-09-23,12.500768661499023
2013-09-24,12.494672775268555
2013-09-25,12.46419906616211
2013-09-26,12.348392486572266
2013-09-27,12.324012756347656
2013-09-30,12.342294692993164
2013-10-01,12.494672775268555
2013-10-02,12.555621147155762
2013-10-03,12.58000373840332
2013-10-04,12.647047996520996
2013-10-07,12.701900482177734
2013-10-08,12.677519798278809
2013-10-09,12.665329933166504
2013-10-10,12.738471031188965
2013-10-11,12.768946647644043
2013-10-14,12.750661849975586
2013-10-15,12.762849807739258
2013-10-16,12.738471031188965
2013-10-17,12.799419403076172
2013-10-18,12.768946647644043
2013-10-21,12.756753921508789
2013-10-22,12.695806503295898
2013-10-23,12.610477447509766
2013-10-24,12.549527168273926
2013-10-25,12.768946647644043
2013-10-28,12.555621147155762
2013-10-29,12.494672775268555
2013-10-30,12.647047996520996
2013-10-31,12.78722858428955
2013-11-01,12.890843391418457
2013-11-04,12.9152250289917
2013-11-05,13.01274585723877
2013-11-06,12.768946647644043
2013-11-07,12.738471031188965
2013-11-08,12.647047996520996
2013-11-11,12.677519798278809
2013-11-12,12.677519798278809
2013-11-13,12.744566917419434
2013-11-14,13.408915519714355
2013-11-18,13.482056617736816
2013-11-19,13.165119171142578
2013-11-21,13.165119171142578
2013-11-22,13.104166984558105
2013-11-25,12.957889556884766
2013-11-26,13.244351387023926
2013-11-27,13.165119171142578
2013-11-28,13.104166984558105
2013-11-29,13.280921936035156
2013-12-02,13.15902328491211
2013-12-03,13.21387767791748
2013-12-04,13.091976165771484
2013-12-05,12.957889556884766
2013-12-06,12.799419403076172
2013-12-09,12.811610221862793
2013-12-10,12.738471031188965
2013-12-11,12.720187187194824
2013-12-12,12.677519798278809
2013-12-13,12.860372543334961
2013-12-16,12.9152250289917
2013-12-17,12.927411079406738
2013-12-18,12.945697784423828
2013-12-19,13.024935722351074
2013-12-20,13.17730712890625
2013-12-23,13.37844181060791
2013-12-26,13.408915519714355
2013-12-27,13.555194854736328
2013-12-30,13.713666915893555
2014-01-02,13.89041805267334
2014-01-03,13.457676887512207
2014-01-06,13.475959777832031
2014-01-07,13.39672565460205
2014-01-08,13.335779190063477
2014-01-09,12.9152250289917
2014-01-10,12.70799732208252
2014-01-13,12.311824798583984
2014-01-14,12.738471031188965
2014-01-15,12.82989501953125
2014-01-16,12.519054412841797
2014-01-17,12.525146484375
2014-01-20,12.555621147155762
2014-01-21,12.805513381958008
2014-01-22,12.750661849975586
2014-01-23,12.768946647644043
2014-01-24,12.750661849975586
2014-01-27,12.70799732208252
2014-01-28,12.592191696166992
2014-01-29,12.720187187194824
2014-01-30,12.470290184020996
2014-01-31,12.488578796386719
2014-02-03,12.348392486572266
2014-02-04,12.799419403076172
2014-02-05,12.653143882751465
2014-02-06,12.519054412841797
2014-02-07,12.817704200744629
2014-02-10,12.494672775268555
2014-02-11,12.653143882751465
2014-02-12,12.70799732208252
2014-02-13,12.634856224060059
2014-02-14,12.409341812133789
2014-02-17,12.068025588989258
2014-02-18,11.946127891540527
2014-02-19,12.0497407913208
2014-02-20,12.171637535095215
2014-02-21,12.208210945129395
2014-02-24,12.470290184020996
2014-02-25,12.720187187194824
2014-02-26,12.640951156616211
2014-02-27,13.024935722351074
2014-02-28,12.945697784423828
2014-03-05,12.610477447509766
2014-03-06,12.982268333435059
2014-03-07,12.70799732208252
2014-03-10,12.525146484375
2014-03-11,12.452007293701172
2014-03-12,12.196019172668457
2014-03-13,12.403247833251953
2014-03-14,12.342294692993164
2014-03-17,12.183829307556152
2014-03-18,12.415438652038574
2014-03-19,12.921319961547852
2014-03-20,13.408915519714355
2014-03-21,13.439393043518066
2014-03-24,13.762423515319824
2014-03-25,13.811185836791992
2014-03-26,13.713666915893555
2014-03-27,13.866037368774414
2014-03-28,13.841658592224121
2014-03-31,13.987937927246094
2014-04-01,13.994034767150879
2014-04-02,14.323161125183105
2014-04-03,14.250022888183594
2014-04-04,14.018414497375488
2014-04-07,13.920897483825684
2014-04-08,13.975748062133789
2014-04-09,13.841658592224121
2014-04-10,14.10983943939209
2014-04-11,14.23173713684082
2014-04-14,14.1768798828125
2014-04-15,13.74413776397705
2014-04-16,13.805087089538574
2014-04-17,14.006226539611816
2014-04-22,13.695379257202148
2014-04-23,13.707572937011719
2014-04-24,13.445487022399902
2014-04-25,13.104166984558105
2014-04-28,12.963984489440918
2014-04-29,13.226068496704102
2014-04-30,13.165119171142578
2014-05-02,13.536909103393555
2014-05-05,13.104166984558105
2014-05-06,13.31139850616455
2014-05-07,13.17730712890625
2014-05-08,13.335779190063477
2014-05-09,13.226068496704102
2014-05-12,13.543007850646973
2014-05-13,13.774615287780762
2014-05-14,14.274399757385254
2014-05-15,13.914799690246582
2014-05-16,14.048888206481934
2014-05-19,14.036697387695312
2014-05-20,13.957464218139648
2014-05-21,14.012319564819336
2014-05-22,14.213451385498047
2014-05-23,14.384108543395996
2014-05-26,14.499918937683105
2014-05-27,14.512106895446777
2014-05-28,14.47553539276123
2014-05-29,14.499918937683105
2014-05-30,14.384108543395996
2014-06-02,14.256114959716797
2014-06-03,13.969651222229004
2014-06-04,14.018414497375488
2014-06-05,13.957464218139648
2014-06-06,14.140315055847168
2014-06-09,14.323161125183105
2014-06-10,14.804664611816406
2014-06-11,14.774187088012695
2014-06-13,14.749804496765137
2014-06-16,15.121599197387695
2014-06-17,15.16426944732666
2014-06-18,15.328828811645508
2014-06-20,15.292262077331543
2014-06-23,15.542152404785156
2014-06-24,15.725000381469727
2014-06-25,15.420249938964844
2014-06-26,15.810332298278809
2014-06-27,15.725000381469727
2014-06-30,15.907851219177246
2014-07-01,15.694525718688965
2014-07-02,15.542152404785156
2014-07-03,15.877375602722168
2014-07-04,16.34668731689453
2014-07-07,16.40764045715332
2014-07-08,15.962703704833984
2014-07-10,16.33449363708496
2014-07-11,16.34668731689453
2014-07-14,16.5295352935791
2014-07-15,16.383256912231445
2014-07-16,16.84646987915039
2014-07-17,16.456401824951172
2014-07-18,16.499061584472656
2014-07-21,16.4442081451416
2014-07-22,16.639245986938477
2014-07-23,16.511253356933594
2014-07-24,16.273548126220703
2014-07-25,16.486867904663086
2014-07-28,16.651437759399414
2014-07-29,16.730674743652344
2014-07-30,16.48077964782715
2014-07-31,15.999277114868164
2014-08-01,16.16993522644043
2014-08-04,16.566104888916016
2014-08-05,16.468584060668945
2014-08-06,16.200407028198242
2014-08-07,16.24307632446289
2014-08-08,16.121173858642578
2014-08-11,16.285737991333008
2014-08-12,16.328405380249023
2014-08-13,16.33449363708496
2014-08-14,16.456401824951172
2014-08-15,17.157320022583008
2014-08-18,16.9561824798584
2014-08-19,16.901330947875977
2014-08-20,17.126840591430664
2014-08-21,16.889141082763672
2014-08-22,16.7001953125
2014-08-25,16.937902450561523
2014-08-26,16.943998336791992
2014-08-27,17.059797286987305
2014-08-28,17.004945755004883
2014-08-29,17.071989059448242
2014-09-01,17.01103973388672
2014-09-02,16.456401824951172
2014-09-03,16.20650291442871
2014-09-04,15.938324928283691
2014-09-05,16.4442081451416
2014-09-08,15.907851219177246
2014-09-09,16.22479248046875
2014-09-10,16.115081787109375
2014-09-11,16.1821231842041
2014-09-12,15.481203079223633
2014-09-15,15.420249938964844
2014-09-16,15.834710121154785
2014-09-17,15.420249938964844
2014-09-18,15.133787155151367
2014-09-19,15.328828811645508
2014-09-22,14.847325325012207
2014-09-23,14.822945594787598
2014-09-24,14.920463562011719
2014-09-25,14.627909660339355
2014-09-26,14.591339111328125
2014-09-29,14.749804496765137
2014-09-30,14.761995315551758
2014-10-01,14.445060729980469
2014-10-02,14.74371337890625
2014-10-03,14.865610122680664
2014-10-06,15.4446382522583
2014-10-07,15.749383926391602
2014-10-08,15.688432693481445
2014-10-09,15.773762702941895
2014-10-10,15.0484619140625
2014-10-13,15.11550521850586
2014-10-14,14.79857063293457
2014-10-15,14.566961288452148
2014-10-16,14.506007194519043
2014-10-17,14.627909660339355
2014-10-20,14.536483764648438
2014-10-21,14.018414497375488
2014-10-22,14.152502059936523
2014-10-23,13.652714729309082
2014-10-24,13.969651222229004
2014-10-27,14.34144401550293
2014-10-28,15.14598274230957
2014-10-29,15.054557800292969
2014-10-30,15.06674861907959
2014-10-31,15.359307289123535
2014-11-03,15.706717491149902
2014-11-04,15.627479553222656
2014-11-05,15.542152404785156
2014-11-06,15.11550521850586
2014-11-07,15.072839736938477
2014-11-10,15.11550521850586
2014-11-11,14.963132858276367
2014-11-12,14.981415748596191
2014-11-13,15.054557800292969
2014-11-14,14.963132858276367
2014-11-17,15.206930160522461
2014-11-18,15.481203079223633
2014-11-19,15.542152404785156
2014-11-21,16.20650291442871
2014-11-24,16.15165138244629
2014-11-25,16.541725158691406
2014-11-26,16.645339965820312
2014-11-27,16.767240524291992
2014-11-28,16.77333641052246
2014-12-01,16.310121536254883
2014-12-02,16.852567672729492
2014-12-03,16.895235061645508
2014-12-04,16.7001953125
2014-12-05,16.91352081298828
2014-12-08,17.004945755004883
2014-12-09,16.974468231201172
2014-12-10,16.69409942626953
2014-12-11,16.974468231201172
2014-12-12,16.584392547607422
2014-12-15,16.33449363708496
2014-12-16,16.01146697998047
2014-12-17,16.267452239990234
2014-12-18,16.261356353759766
2014-12-19,16.499061584472656
2014-12-22,16.456401824951172
2014-12-23,16.541725158691406
2014-12-26,16.797714233398438
2014-12-29,16.590484619140625
2014-12-30,16.742856979370117
2015-01-02,16.304025650024414
2015-01-05,16.450302124023438
2015-01-06,16.69409942626953
2015-01-07,16.456401824951172
2015-01-08,16.176029205322266
2015-01-09,16.322309494018555
2015-01-12,16.456401824951172
2015-01-13,16.04803466796875
2015-01-14,16.462491989135742
2015-01-15,16.261356353759766
2015-01-16,16.468584060668945
2015-01-19,16.383256912231445
2015-01-20,16.395448684692383
2015-01-21,16.60877227783203
2015-01-22,16.24307632446289
2015-01-23,16.163843154907227
2015-01-26,16.08460235595703
2015-01-27,16.51734733581543
2015-01-28,16.383256912231445
2015-01-29,16.328405380249023
2015-01-30,16.04803466796875
2015-02-02,16.33449363708496
2015-02-03,16.450302124023438
2015-02-04,16.15165138244629
2015-02-05,15.51168155670166
2015-02-06,14.170788764953613
2015-02-09,13.561290740966797
2015-02-10,14.19516372680664
2015-02-11,14.487720489501953
2015-02-12,14.048888206481934
2015-02-13,14.335351943969727
2015-02-18,15.121599197387695
2015-02-19,14.512106895446777
2015-02-20,14.68276596069336
2015-02-23,14.963132858276367
2015-02-24,15.11550521850586
2015-02-25,15.475110054016113
2015-02-26,15.694525718688965
2015-02-27,15.66405200958252
2015-03-02,15.542152404785156
2015-03-03,15.725000381469727
2015-03-04,15.712812423706055
2015-03-05,15.292262077331543
2015-03-06,15.060652732849121
2015-03-09,14.451152801513672
2015-03-10,14.506007194519043
2015-03-11,14.536483764648438
2015-03-12,14.524295806884766
2015-03-13,14.164691925048828
2015-03-16,14.506007194519043
2015-03-17,15.011893272399902
2015-03-18,15.14598274230957
2015-03-19,14.950942993164062
2015-03-20,15.127694129943848
2015-03-23,15.633575439453125
2015-03-24,15.231311798095703
2015-03-25,15.042366027832031
2015-03-26,14.780282020568848
2015-03-27,14.371919631958008
2015-03-30,14.018414497375488
2015-03-31,13.878232955932617
2015-04-01,14.201261520385742
2015-04-02,14.35363483428955
2015-04-06,14.585243225097656
2015-04-07,14.329255104064941
2015-04-08,14.061074256896973
2015-04-09,14.012319564819336
2015-04-10,13.866037368774414
2015-04-13,13.902606010437012
2015-04-14,14.012319564819336
2015-04-15,14.536483764648438
2015-04-16,14.487720489501953
2015-04-17,14.49382209777832
2015-04-20,14.396302223205566
2015-04-22,14.774187088012695
2015-04-23,14.755902290344238
2015-04-24,14.902182579040527
2015-04-27,15.322732925415039
2015-04-28,15.091124534606934
2015-04-29,14.883895874023438
2015-04-30,15.11550521850586
2015-05-04,15.179998397827148
2015-05-05,15.155200958251953
2015-05-06,14.752137184143066
2015-05-07,14.603309631347656
2015-05-08,15.335023880004883
2015-05-11,14.95056438446045
2015-05-12,15.316425323486328
2015-05-13,15.421841621398926
2015-05-14,15.806300163269043
2015-05-15,15.57686710357666
2015-05-18,14.888554573059082
2015-05-19,14.876151084899902
2015-05-20,15.099387168884277
2015-05-21,14.962967872619629
2015-05-22,14.6281156539917
2015-05-25,14.572304725646973
2015-05-26,14.200247764587402
2015-05-27,14.20644760131836
2015-05-28,14.634313583374023
2015-05-29,12.017499923706055
2015-06-01,13.220491409301758
2015-06-02,13.394120216369629
2015-06-03,13.214292526245117
2015-06-05,13.437524795532227
2015-06-08,13.257694244384766
2015-06-09,13.208086967468262
2015-06-10,13.08407211303711
2015-06-11,12.960050582885742
2015-06-12,13.053064346313477
2015-06-15,13.096473693847656
2015-06-16,12.966252326965332
2015-06-17,12.321348190307617
2015-06-18,12.091912269592285
2015-06-19,12.246935844421387
2015-06-22,12.377157211303711
2015-06-23,12.098114013671875
2015-06-24,12.104316711425781
2015-06-25,11.905884742736816
2015-06-26,12.054707527160645
2015-06-29,11.96789264678955
2015-06-30,12.222132682800293
2015-07-01,12.68720531463623
2015-07-02,13.139878273010254
2015-07-03,13.263898849487305
2015-07-06,13.958409309387207
2015-07-07,13.456130027770996
2015-07-08,13.456130027770996
2015-07-10,13.642157554626465
2015-07-13,13.493330955505371
2015-07-14,13.933603286743164
2015-07-15,13.716569900512695
2015-07-16,13.828185081481934
2015-07-17,13.226694107055664
2015-07-20,13.524340629577637
2015-07-21,13.673164367675781
2015-07-22,13.48713207244873
2015-07-23,12.743016242980957
2015-07-24,12.370956420898438
2015-07-27,12.135321617126465
2015-07-28,12.153923988342285
2015-07-29,12.482574462890625
2015-07-30,12.42056655883789
2015-07-31,12.650001525878906
2015-08-03,12.792623519897461
2015-08-04,12.743016242980957
2015-08-05,12.426767349243164
2015-08-06,11.905884742736816
2015-08-07,11.59583568572998
2015-08-10,11.695049285888672
2015-08-11,11.893481254577637
2015-08-12,11.5834321975708
2015-08-13,12.234533309936523
2015-08-14,12.091912269592285
2015-08-17,12.339949607849121
2015-08-18,11.936888694763184
2015-08-19,11.571030616760254
2015-08-20,11.936888694763184
2015-08-21,11.47181510925293
2015-08-24,10.938529968261719
2015-08-25,11.062551498413086
2015-08-26,11.13076114654541
2015-08-27,11.180373191833496
2015-08-28,10.98193645477295
2015-08-31,10.585075378417969
2015-09-01,10.473456382751465
2015-09-02,10.095199584960938
2015-09-03,10.299830436706543
2015-09-04,10.566471099853516
2015-09-08,10.182008743286133
2015-09-09,10.510663986206055
2015-09-10,10.609878540039062
2015-09-11,10.368040084838867
2015-09-14,11.031545639038086
2015-09-15,10.293627738952637
2015-09-16,10.696691513061523
2015-09-17,10.926129341125488
2015-09-18,10.405245780944824
2015-09-21,10.479658126831055
2015-09-22,10.0145845413208
2015-09-23,9.592918395996094
2015-09-24,9.54951286315918
2015-09-25,9.462697982788086
2015-09-28,9.11544132232666
2015-09-29,9.05343246459961
2015-09-30,9.202256202697754
2015-10-01,9.177450180053711
2015-10-02,9.599119186401367
2015-10-05,9.933972358703613
2015-10-06,10.35563850402832
2015-10-07,10.287428855895996
2015-10-08,10.467254638671875
2015-10-09,10.752500534057617
2015-10-13,10.262622833251953
2015-10-14,10.380441665649414
2015-10-15,10.330833435058594
2015-10-16,10.38664436340332
2015-10-19,10.572670936584473
2015-10-20,10.687320709228516
2015-10-21,10.8026762008667
2015-10-22,10.38196849822998
2015-10-23,10.721248626708984
2015-10-26,10.721248626708984
2015-10-27,10.734818458557129
2015-10-28,10.823034286499023
2015-10-29,10.809463500976562
2015-10-30,10.992674827575684
2015-11-03,10.789103507995605
2015-11-04,10.890890121459961
2015-11-05,11.467665672302246
2015-11-06,11.128384590148926
2015-11-09,11.114813804626465
2015-11-10,10.55160903930664
2015-11-11,11.04017448425293
2015-11-12,11.182670593261719
2015-11-13,11.331954002380371
2015-11-16,11.298025131225586
2015-11-17,11.43373966217041
2015-11-18,11.589805603027344
2015-11-19,11.711947441101074
2015-11-23,11.834089279174805
2015-11-24,11.56944751739502
2015-11-25,10.856961250305176
2015-11-26,10.856961250305176
2015-11-27,10.687320709228516
2015-11-30,10.022335052490234
2015-12-01,9.839120864868164
2015-12-02,9.995190620422363
2015-12-03,10.246256828308105
2015-12-04,10.178401947021484
2015-12-07,10.191974639892578
2015-12-08,10.1444730758667
2015-12-09,10.395541191101074
2015-12-10,10.26661491394043
2015-12-11,9.995190620422363
2015-12-14,10.205544471740723
2015-12-15,10.178401947021484
2015-12-16,9.628767967224121
2015-12-17,9.567696571350098
2015-12-18,9.431986808776855
2015-12-21,9.506627082824707
2015-12-22,9.49984073638916
2015-12-23,9.520196914672852
2015-12-28,9.49984073638916
2015-12-29,9.533768653869629
2015-12-30,9.588053703308105
2016-01-04,9.3302001953125
2016-01-05,9.581269264221191
2016-01-06,9.533768653869629
2016-01-07,9.3302001953125
2016-01-08,9.27591609954834
2016-01-11,9.601624488830566
2016-01-12,9.628767967224121
2016-01-13,9.533768653869629
2016-01-14,9.49305534362793
2016-01-15,9.425199508666992
2016-01-18,8.821281433105469
2016-01-19,8.543070793151855
2016-01-20,8.475214958190918
2016-01-21,8.61092758178711
2016-01-22,8.651640892028809
2016-01-26,8.495573043823242
2016-01-27,8.373431205749512
2016-01-28,8.529499053955078
2016-01-29,9.153776168823242
2016-02-01,9.49984073638916
2016-02-02,9.05877685546875
2016-02-03,8.821281433105469
2016-02-04,8.821281433105469
2016-02-05,8.685569763183594
2016-02-10,8.56342887878418
2016-02-11,8.319146156311035
2016-02-12,8.346287727355957
2016-02-15,8.536285400390625
2016-02-16,8.604141235351562
2016-02-17,8.821281433105469
2016-02-18,8.787354469299316
2016-02-19,8.821281433105469
2016-02-22,8.746639251708984
2016-02-23,8.753423690795898
2016-02-24,8.746639251708984
2016-02-25,8.590570449829102
2016-02-26,8.631284713745117
2016-02-29,8.739852905273438
2016-03-01,8.895922660827637
2016-03-02,8.950209617614746
2016-03-03,9.09949016571045
2016-03-04,9.805192947387695
2016-03-07,10.083402633666992
2016-03-08,9.825549125671387
2016-03-09,9.913763046264648
2016-03-10,9.09270191192627
2016-03-11,9.391271591186523
2016-03-14,8.861995697021484
2016-03-15,8.570213317871094
2016-03-16,9.024847984313965
2016-03-17,9.309844970703125
2016-03-18,9.377697944641113
2016-03-21,9.194489479064941
2016-03-22,9.235200881958008
2016-03-23,9.241989135742188
2016-03-24,9.06556224822998
2016-03-28,9.398056983947754
2016-03-29,9.479486465454102
2016-03-30,9.89340591430664
2016-03-31,9.89340591430664
2016-04-01,10.490538597106934
2016-04-04,10.212328910827637
2016-04-05,10.592323303222656
2016-04-06,10.6466064453125
2016-04-07,10.612680435180664
2016-04-08,10.97910213470459
2016-04-11,10.958745956420898
2016-04-12,10.639822959899902
2016-04-13,10.639822959899902
2016-04-14,10.619464874267578
2016-04-15,10.517683029174805
2016-04-18,10.178401947021484
2016-04-19,10.483753204345703
2016-04-20,10.449827194213867
2016-04-22,10.117331504821777
2016-04-25,10.00876235961914
2016-04-26,10.164830207824707
2016-04-27,10.232687950134277
2016-04-28,10.130901336669922
2016-04-29,10.110544204711914
2016-05-02,10.03599739074707
2016-05-03,9.820941925048828
2016-05-04,9.964311599731445
2016-05-05,9.749256134033203
2016-05-06,9.7850980758667
2016-05-09,10.215211868286133
2016-05-10,11.147125244140625
2016-05-11,10.75285530090332
2016-05-12,11.362183570861816
2016-05-13,11.147125244140625
2016-05-16,10.87472152709961
2016-05-17,10.946406364440918
2016-05-18,11.398025512695312
2016-05-19,12.014522552490234
2016-05-20,11.763622283935547
2016-05-23,11.376519203186035
2016-05-24,11.55573558807373
2016-05-25,11.684769630432129
2016-05-27,10.860382080078125
2016-05-30,11.290495872497559
2016-05-31,10.93206787109375
2016-06-01,11.7134428024292
2016-06-02,11.770792007446289
2016-06-03,11.820972442626953
2016-06-06,12.07187271118164
2016-06-07,12.466141700744629
2016-06-08,12.838907241821289
2016-06-09,12.688369750976562
2016-06-10,12.186568260192871
2016-06-13,12.365781784057617
2016-06-14,11.820972442626953
2016-06-15,12.444636344909668
2016-06-16,12.989450454711914
2016-06-17,12.774388313293457
2016-06-20,13.039627075195312
2016-06-21,12.6525239944458
2016-06-22,13.190168380737305
2016-06-23,13.505585670471191
2016-06-24,13.154326438903809
2016-06-27,13.333540916442871
2016-06-28,12.996617317199707
2016-06-29,12.953606605529785
2016-06-30,13.34070873260498
2016-07-01,12.803065299987793
2016-07-04,12.996617317199707
2016-07-05,12.695538520812988
2016-07-06,12.903424263000488
2016-07-07,13.168663024902344
2016-07-08,13.87118148803711
2016-07-11,14.165094375610352
2016-07-12,14.380149841308594
2016-07-13,14.774421691894531
2016-07-14,14.616715431213379
2016-07-15,14.795927047729492
2016-07-18,15.30489730834961
2016-07-19,15.699162483215332
2016-07-20,15.290557861328125
2016-07-21,15.505613327026367
2016-07-22,15.35507583618164
2016-07-25,15.577303886413574
2016-07-26,15.699162483215332
2016-07-27,15.26905345916748
2016-07-28,15.053994178771973
2016-07-29,15.41242504119873
2016-08-01,15.555798530578613
2016-08-02,15.2977294921875
2016-08-03,15.161524772644043
2016-08-04,14.932132720947266
2016-08-05,14.946466445922852
2016-08-08,14.451837539672852
2016-08-09,14.924960136413574
2016-08-10,15.319238662719727
2016-08-11,15.398089408874512
2016-08-12,15.47694206237793
2016-08-15,15.627479553222656
2016-08-16,16.129281997680664
2016-08-17,16.831804275512695
2016-08-18,16.34433937072754
2016-08-19,16.4160213470459
2016-08-22,16.43036651611328
2016-08-23,15.914226531982422
2016-08-24,16.2368106842041
2016-08-25,15.735010147094727
2016-08-26,15.720673561096191
2016-08-29,16.22247314453125
2016-08-30,16.22247314453125
2016-08-31,16.258317947387695
2016-09-01,16.0289249420166
2016-09-02,16.172290802001953
2016-09-05,16.2368106842041
2016-09-06,16.06476593017578
2016-09-08,15.914226531982422
2016-09-09,15.64898681640625
2016-09-12,15.770855903625488
2016-09-13,14.982311248779297
2016-09-14,14.602375984191895
2016-09-15,14.46617317199707
2016-09-16,14.071901321411133
2016-09-19,14.251117706298828
2016-09-20,14.537858963012695
2016-09-21,14.157925605773926
2016-09-22,14.143586158752441
2016-09-23,13.419562339782715
2016-09-26,13.555763244628906
2016-09-27,13.233179092407227
2016-09-28,13.87118148803711
2016-09-29,13.362213134765625
2016-09-30,13.749316215515137
2016-10-03,14.32280158996582
2016-10-04,14.100578308105469
2016-10-05,14.70273494720459
2016-10-06,14.645389556884766
2016-10-07,15.053994178771973
2016-10-10,14.709905624389648
2016-10-11,14.60954475402832
2016-10-13,14.566535949707031
2016-10-14,14.83893871307373
2016-10-17,14.22961139678955
2016-10-18,14.193766593933105
2016-10-19,14.337140083312988
2016-10-20,14.95363712310791
2016-10-21,15.053994178771973
2016-10-24,14.831770896911621
2016-10-25,14.545028686523438
2016-10-26,14.559364318847656
2016-10-27,14.60954475402832
2016-10-28,14.717076301574707
2016-10-31,14.724245071411133
2016-11-01,14.086238861083984
2016-11-03,13.792326927185059
2016-11-04,14.114912986755371
2016-11-07,14.889120101928711
2016-11-08,14.473342895507812
2016-11-09,14.043229103088379
2016-11-10,12.903424263000488
2016-11-11,12.953606605529785
2016-11-14,13.019289016723633
2016-11-16,13.720792770385742
2016-11-17,13.781134605407715
2016-11-18,13.728334426879883
2016-11-21,13.683076858520508
2016-11-22,13.894282341003418
2016-11-23,13.04191780090332
2016-11-24,13.366268157958984
2016-11-25,13.124893188476562
2016-11-28,13.615189552307129
2016-11-29,13.117345809936523
2016-11-30,13.841480255126953
2016-12-01,13.758506774902344
2016-12-02,13.615189552307129
2016-12-05,13.192777633666992
2016-12-06,13.268209457397461
2016-12-07,13.268209457397461
2016-12-08,13.924449920654297
2016-12-09,13.607645988464355
2016-12-12,13.600101470947266
2016-12-13,13.53221607208252
2016-12-14,12.830713272094727
2016-12-15,13.464325904846191
2016-12-16,13.162606239318848
2016-12-19,13.358721733093262
2016-12-20,13.260663986206055
2016-12-21,13.577473640441895
2016-12-22,13.9093656539917
2016-12-23,13.96216869354248
2016-12-26,14.24126148223877
2016-12-27,14.022513389587402
2016-12-28,14.075312614440918
2016-12-29,14.520354270935059
2017-01-02,14.195999145507812
2017-01-03,14.814530372619629
2017-01-04,14.942763328552246
2017-01-05,14.852246284484863
2017-01-06,14.701386451721191
2017-01-09,14.867328643798828
2017-01-10,14.497723579406738
2017-01-11,14.980478286743164
2017-01-12,15.146424293518066
2017-01-13,14.558065414428711
2017-01-16,14.693840980529785
2017-01-17,14.98802375793457
2017-01-18,14.874876976013184
2017-01-19,14.701386451721191
2017-01-20,14.897505760192871
2017-01-23,15.727240562438965
2017-01-24,15.689523696899414
2017-01-26,15.651810646057129
2017-01-27,15.57637882232666
2017-01-30,15.146424293518066
2017-01-31,15.546204566955566
2017-02-01,14.98802375793457
2017-02-02,14.927681922912598
2017-02-03,15.214314460754395
2017-02-06,15.055907249450684
2017-02-07,14.731558799743652
2017-02-08,15.086082458496094
2017-02-09,15.078536987304688
2017-02-10,15.010649681091309
2017-02-13,15.500948905944824
2017-02-14,15.221854209899902
2017-02-15,15.16151237487793
2017-02-16,15.048367500305176
2017-02-17,14.972933769226074
2017-02-20,14.867328643798828
2017-02-21,14.927681922912598
2017-02-22,15.16151237487793
2017-02-23,14.980478286743164
2017-02-24,14.867328643798828
2017-03-01,15.614100456237793
2017-03-02,15.365172386169434
2017-03-03,15.123794555664062
2017-03-06,15.153966903686523
2017-03-07,14.995562553405762
2017-03-08,14.44492244720459
2017-03-09,14.007423400878906
2017-03-10,14.067768096923828
2017-03-13,14.256348609924316
2017-03-14,14.014970779418945
2017-03-15,14.294061660766602
2017-03-16,14.641042709350586
2017-03-17,14.143200874328613
2017-03-20,14.143200874328613
2017-03-21,14.03005599975586
2017-03-22,14.520354270935059
2017-03-23,14.542984008789062
2017-03-24,14.633500099182129
2017-03-27,14.78436279296875
2017-03-28,14.85978889465332
2017-03-29,15.23694133758545
2017-03-30,15.357632637023926
2017-03-31,15.57637882232666
2017-04-03,15.387802124023438
2017-04-04,15.440601348876953
2017-04-05,15.23694133758545
2017-04-06,15.417973518371582
2017-04-07,15.546204566955566
2017-04-10,15.108712196350098
2017-04-11,15.131341934204102
2017-04-12,14.9653959274292
2017-04-13,14.897505760192871
2017-04-17,14.897505760192871
2017-04-18,15.697065353393555
2017-04-19,16.096845626831055
2017-04-20,16.1119327545166
2017-04-24,16.67011833190918
2017-04-25,16.42120361328125
2017-04-26,16.519254684448242
2017-04-27,16.617319107055664
2017-04-28,17.047271728515625
2017-05-02,17.27276039123535
2017-05-03,17.45782470703125
2017-05-04,17.349872589111328
2017-05-05,17.473251342773438
2017-05-08,17.889646530151367
2017-05-09,18.75328254699707
2017-05-10,18.660751342773438
2017-05-11,19.123414993286133
2017-05-12,20.704179763793945
2017-05-15,20.534536361694336
2017-05-16,21.660350799560547
2017-05-17,21.7683048248291
2017-05-18,19.663185119628906
2017-05-19,20.64249038696289
2017-05-22,20.318622589111328
2017-05-23,21.035757064819336
2017-05-24,21.452152252197266
2017-05-25,21.47528648376465
2017-05-26,22.053613662719727
2017-05-29,22.053613662719727
2017-05-30,21.922527313232422
2017-05-31,21.60637664794922
2017-06-01,21.698909759521484
2017-06-02,22.076749801635742
2017-06-05,22.215547561645508
2017-06-06,22.554832458496094
2017-06-07,22.940383911132812
2017-06-08,22.786163330078125
2017-06-09,22.83243179321289
2017-06-12,22.446880340576172
2017-06-13,22.90182876586914
2017-06-14,23.711490631103516
2017-06-15,23.711490631103516
2017-06-16,23.904268264770508
2017-06-19,24.282114028930664
2017-06-20,24.251264572143555
2017-06-21,23.595827102661133
2017-06-22,23.595827102661133
2017-06-23,23.634376525878906
2017-06-26,23.217985153198242
2017-06-27,22.83243179321289
2017-06-28,22.42374610900879
2017-06-29,22.0921688079834
2017-06-30,22.13072395324707
2017-07-03,22.986652374267578
2017-07-04,22.909543991088867
2017-07-05,23.464736938476562
2017-07-06,23.140872955322266
2017-07-07,23.210275650024414
2017-07-10,23.68064308166504
2017-07-11,23.634376525878906
2017-07-12,24.36693000793457
2017-07-13,23.919689178466797
2017-07-14,24.343799591064453
2017-07-17,24.436328887939453
2017-07-18,25.022371292114258
2017-07-19,24.58283805847168
2017-07-20,24.58283805847168
2017-07-21,24.58283805847168
2017-07-24,24.521150588989258
2017-07-25,23.703781127929688
2017-07-26,24.390064239501953
2017-07-27,24.72934913635254
2017-07-28,25.292253494262695
2017-07-31,25.292253494262695
2017-08-01,25.353946685791016
2017-08-02,25.639253616333008
2017-08-03,25.724075317382812
2017-08-04,25.6007022857666
2017-08-07,26.294692993164062
2017-08-08,26.7882022857666
2017-08-09,26.7882022857666
2017-08-10,26.603139877319336
2017-08-11,27.135202407836914
2017-08-14,27.5670166015625
2017-08-15,26.626262664794922
2017-08-16,25.67780876159668
2017-08-17,26.371810913085938
2017-08-18,26.826753616333008
2017-08-21,26.695669174194336
2017-08-22,27.35881805419922
2017-08-23,27.759796142578125
2017-08-24,28.50005531311035
2017-08-25,28.307283401489258
2017-08-28,28.129926681518555
2017-08-29,27.991125106811523
2017-08-30,26.757356643676758
2017-08-31,26.873023986816406
2017-09-01,26.209871292114258
2017-09-04,26.703378677368164
2017-09-05,27.297130584716797
2017-09-06,27.659549713134766
2017-09-07,27.659549713134766
2017-09-08,28.037391662597656
2017-09-11,28.419527053833008
2017-09-12,28.240446090698242
2017-09-13,27.91342544555664
2017-09-14,27.952363967895508
2017-09-15,28.653108596801758
2017-09-18,28.871135711669922
2017-09-19,29.369447708129883
2017-09-20,29.750959396362305
2017-09-21,29.276010513305664
2017-09-22,29.213720321655273
2017-09-25,29.8210391998291
2017-09-26,29.14364242553711
2017-09-27,28.544109344482422
2017-09-28,28.544109344482422
2017-09-29,29.509593963623047
2017-10-02,28.9178409576416
2017-10-03,29.291580200195312
2017-10-04,29.392805099487305
2017-10-05,29.58745574951172
2017-10-06,29.28380012512207
2017-10-09,29.213720321655273
2017-10-10,30.062414169311523
2017-10-11,29.509593963623047
2017-10-12,29.509593963623047
2017-10-13,29.229293823242188
2017-10-16,28.660905838012695
2017-10-17,28.022436141967773
2017-10-18,28.419527053833008
2017-10-19,28.302732467651367
2017-10-20,28.23265838623047
2017-10-23,27.290531158447266
2017-10-24,27.274965286254883
2017-10-25,26.870079040527344
2017-10-26,26.86229705810547
2017-10-27,27.251604080200195
2017-10-30,27.251604080200195
2017-10-31,27.251604080200195
2017-11-01,27.718772888183594
2017-11-02,27.718772888183594
2017-11-03,27.018020629882812
2017-11-06,26.472984313964844
2017-11-07,26.254974365234375
2017-11-08,27.095882415771484
2017-11-09,26.278329849243164
2017-11-10,25.65544319152832
2017-11-13,25.600936889648438
2017-11-14,24.876821517944336
2017-11-15,24.876821517944336
2017-11-16,24.978046417236328
2017-11-17,25.188264846801758
2017-11-20,25.188264846801758
2017-11-21,25.694372177124023
2017-11-22,25.49971580505371
2017-11-23,25.741086959838867
2017-11-24,25.694372177124023
2017-11-27,25.585363388061523
2017-11-28,24.954679489135742
2017-11-29,23.981412887573242
2017-11-30,23.880189895629883
2017-12-01,23.817899703979492
2017-12-04,23.77897071838379
2017-12-05,23.358516693115234
2017-12-06,23.903547286987305
2017-12-07,23.43638038635254
2017-12-08,23.17165184020996
2017-12-11,22.813486099243164
2017-12-12,22.75897979736328
2017-12-13,22.034866333007812
2017-12-14,22.229520797729492
2017-12-15,21.886932373046875
2017-12-18,23.04707145690918
2017-12-19,22.190589904785156
2017-12-20,22.540969848632812
2017-12-21,22.774553298950195
2017-12-22,22.881887435913086
2017-12-25,22.881887435913086
2017-12-26,22.834314346313477
2017-12-27,23.428953170776367
2017-12-28,24.57859992980957
2017-12-29,24.57859992980957
2018-01-02,24.388317108154297
2018-01-03,24.57859992980957
2018-01-04,24.903669357299805
2018-01-05,25.093957901000977
2018-01-08,24.81645393371582
2018-01-09,24.150455474853516
2018-01-10,24.198026657104492
2018-01-11,24.348669052124023
2018-01-12,24.277315139770508
2018-01-15,24.42795753479004
2018-01-16,24.959171295166016
2018-01-17,25.450740814208984
2018-01-18,25.728246688842773
2018-01-19,25.974027633666992
2018-01-22,26.370458602905273
2018-01-23,25.93438720703125
2018-01-24,26.560745239257812
2018-01-25,26.560745239257812
2018-01-26,26.87788963317871
2018-01-29,25.90267562866211
2018-01-30,24.879884719848633
2018-01-31,24.25352668762207
2018-02-01,24.72924041748047
2018-02-02,24.063243865966797
2018-02-05,23.468599319458008
2018-02-06,24.499313354492188
2018-02-07,24.546886444091797
2018-02-08,23.61131477355957
2018-02-09,23.2703857421875
2018-02-14,23.500314712524414
2018-02-15,23.555816650390625
2018-02-16,23.389314651489258
2018-02-19,23.476526260375977
2018-02-20,23.032527923583984
2018-02-21,23.468599319458008
2018-02-22,22.87395477294922
2018-02-23,23.294170379638672
2018-02-26,23.127670288085938
2018-02-27,22.63609504699707
2018-02-28,22.79467010498047
2018-03-01,22.755027770996094
2018-03-02,22.683671951293945
2018-03-05,22.67574119567871
2018-03-06,22.73917007446289
2018-03-07,22.755027770996094
2018-03-08,21.6608829498291
2018-03-09,21.256526947021484
2018-03-12,21.145523071289062
2018-03-13,21.26445198059082
2018-03-14,20.582595825195312
2018-03-15,19.75009536743164
2018-03-16,17.44287872314453
2018-03-19,18.077163696289062
2018-03-20,18.94930648803711
2018-03-21,18.766948699951172
2018-03-22,18.196090698242188
2018-03-23,18.061309814453125
2018-03-26,17.95030403137207
2018-03-27,17.545949935913086
2018-03-28,17.831377029418945
2018-03-29,17.66487693786621
2018-04-02,17.538021087646484
2018-04-03,17.76795196533203
2018-04-04,17.44287872314453
2018-04-05,17.355663299560547
2018-04-06,17.117807388305664
2018-04-09,16.967164993286133
2018-04-10,16.998878479003906
2018-04-11,17.450807571411133
2018-04-12,18.132659912109375
2018-04-13,17.958234786987305
2018-04-16,17.807592391967773
2018-04-17,17.752090454101562
2018-04-18,17.59351921081543
2018-04-19,17.68866539001465
2018-04-20,17.60145378112793
2018-04-23,17.51423454284668
2018-04-24,18.418094635009766
2018-04-25,19.417095184326172
2018-04-26,19.21095085144043
2018-04-27,19.27437973022461
2018-04-30,19.596956253051758
2018-05-02,19.162363052368164
2018-05-03,18.88872718811035
2018-05-04,19.0496883392334
2018-05-07,18.872634887695312
2018-05-08,18.49437713623047
2018-05-09,18.75191307067871
2018-05-10,19.32332420349121
2018-05-11,19.226743698120117
2018-05-14,18.011493682861328
2018-05-15,16.916963577270508
2018-05-16,17.73785972595215
2018-05-17,16.916963577270508
2018-05-18,16.755998611450195
2018-05-21,16.377744674682617
2018-05-22,17.246929168701172
2018-05-23,15.870715141296387
2018-05-24,15.6936616897583
2018-05-25,15.37978744506836
2018-05-28,14.63132095336914
2018-05-29,14.985434532165527
2018-05-30,15.331498146057129
2018-06-01,15.669515609741211
2018-06-04,15.43612289428711
2018-06-05,14.566932678222656
2018-06-06,14.164536476135254
2018-06-07,14.405322074890137
2018-06-08,14.462845802307129
2018-06-11,14.240971565246582
2018-06-12,14.364233016967773
2018-06-13,14.569671630859375
2018-06-14,14.42175579071045
2018-06-15,14.109489440917969
2018-06-18,13.89583683013916
2018-06-19,14.55323600769043
2018-06-20,14.881936073303223
2018-06-21,14.545018196105957
2018-06-22,14.380668640136719
2018-06-25,14.380668640136719
2018-06-26,14.816198348999023
2018-06-27,14.766891479492188
2018-06-28,15.202422142028809
2018-06-29,15.169548034667969
2018-07-02,14.898371696472168
2018-07-03,15.333901405334473
2018-07-04,15.613298416137695
2018-07-05,15.563990592956543
2018-07-06,16.26248550415039
2018-07-10,16.35287094116211
2018-07-11,16.393964767456055
2018-07-12,16.16387176513672
2018-07-13,16.015953063964844
2018-07-16,15.835171699523926
2018-07-17,15.818737983703613
2018-07-18,15.711908340454102
2018-07-19,16.328222274780273
2018-07-20,16.57474708557129
2018-07-23,16.114564895629883
2018-07-24,15.93377685546875
2018-07-25,16.024171829223633
2018-07-26,16.402179718017578
2018-07-27,16.681575775146484
2018-07-30,16.50079345703125
2018-07-31,16.47613525390625
2018-08-01,17.010278701782227
2018-08-02,16.985624313354492
2018-08-03,17.1335391998291
2018-08-06,16.780187606811523
2018-08-07,16.147436141967773
2018-08-08,15.761214256286621
2018-08-09,15.325682640075684
2018-08-10,14.577890396118164
2018-08-13,15.0791597366333
2018-08-14,15.572212219238281
2018-08-15,14.783327102661133
2018-08-16,14.676499366760254
2018-08-17,14.545018196105957
2018-08-20,14.216316223144531
2018-08-21,13.567133903503418
2018-08-22,13.978010177612305
2018-08-23,13.106952667236328
2018-08-24,13.065863609313965
2018-08-27,13.435653686523438
2018-08-28,13.337042808532715
2018-08-29,13.731484413146973
2018-08-30,13.115169525146484
2018-08-31,12.950819969177246
2018-09-03,12.885080337524414
2018-09-04,12.597467422485352
2018-09-05,12.564597129821777
2018-09-06,12.62211799621582
2018-09-10,13.139822006225586
2018-09-11,13.131603240966797
2018-09-12,13.082301139831543
2018-09-13,12.581031799316406
2018-09-14,12.712512016296387
2018-09-17,13.287738800048828
2018-09-18,13.31239128112793
2018-09-19,13.271302223205566
2018-09-20,13.517828941345215
2018-09-21,13.805441856384277
2018-09-24,13.558917045593262
2018-09-25,13.583569526672363
2018-09-26,13.39456558227539
2018-09-27,13.542481422424316
2018-09-28,13.542481422424316
2018-10-01,9.565200805664062
2018-10-02,10.608824729919434
2018-10-03,10.354082107543945
2018-10-04,10.18973159790039
2018-10-05,10.682783126831055
2018-10-08,11.29909610748291
2018-10-09,11.134746551513672
2018-10-10,10.888219833374023
2018-10-11,10.978612899780273
2018-10-15,11.093659400939941
2018-10-16,11.266228675842285
2018-10-17,11.66066837310791
2018-10-18,11.586710929870605
2018-10-19,11.61136245727539
2018-10-22,11.677103996276855
2018-10-23,12.161938667297363
2018-10-24,12.153719902038574
2018-10-25,12.137284278869629
2018-10-26,11.709973335266113
2018-10-29,11.677103996276855
2018-10-30,12.038675308227539
2018-10-31,11.833236694335938
2018-11-01,11.956499099731445
2018-11-05,11.997587203979492
2018-11-06,11.98936939239502
2018-11-07,11.6688871383667
2018-11-08,11.438796997070312
2018-11-09,11.3319673538208
2018-11-12,11.652449607849121
2018-11-13,11.438796997070312
2018-11-14,11.315531730651855
2018-11-16,11.751062393188477
2018-11-19,11.751062393188477
2018-11-21,11.52918815612793
2018-11-22,11.422358512878418
2018-11-23,11.126529693603516
2018-11-26,10.83069896697998
2018-11-27,10.945744514465332
2018-11-28,11.47988224029541
2018-11-29,11.6688871383667
2018-11-30,11.389490127563477
2018-12-03,11.52096939086914
2018-12-04,11.364836692810059
2018-12-05,11.98115348815918
2018-12-06,12.129067420959473
2018-12-07,11.751062393188477
2018-12-10,11.504534721374512
2018-12-11,11.52096939086914
2018-12-12,11.455229759216309
2018-12-13,11.463446617126465
2018-12-14,11.545622825622559
2018-12-17,11.20870590209961
2018-12-18,11.175834655761719
2018-12-19,10.896438598632812
2018-12-20,10.806044578552246
2018-12-21,10.600606918334961
2018-12-26,10.428038597106934
2018-12-27,10.354082107543945
2018-12-28,10.592390060424805
2019-01-02,11.20870590209961
2019-01-03,11.274444580078125
2019-01-04,11.077223777770996
2019-01-07,10.748522758483887
2019-01-08,10.929308891296387
2019-01-09,11.20870590209961
2019-01-10,11.24157428741455
2019-01-11,11.6688871383667
2019-01-14,12.161938667297363
2019-01-15,12.038675308227539
2019-01-16,11.841453552246094
2019-01-17,12.556377410888672
2019-01-18,12.81933879852295
2019-01-21,13.041213989257812
2019-01-22,12.868644714355469
2019-01-23,13.057646751403809
2019-01-24,13.02477741241455
2019-01-28,12.597467422485352
2019-01-29,12.852209091186523
2019-01-30,12.967253684997559
2019-01-31,13.02477741241455
2019-02-01,13.320608139038086
2019-02-04,13.304173469543457
2019-02-05,13.517828941345215
2019-02-06,13.221999168395996
2019-02-07,12.827557563781738
2019-02-08,12.457767486572266
2019-02-11,12.194807052612305
2019-02-12,12.53172492980957
2019-02-13,12.712512016296387
2019-02-14,12.852209091186523
2019-02-15,12.835772514343262
2019-02-18,12.449549674987793
2019-02-19,12.753600120544434
2019-02-20,12.515290260314941
2019-02-21,12.326288223266602
2019-02-22,12.383809089660645
2019-02-25,12.424898147583008
2019-02-26,12.334506034851074
2019-02-27,12.745381355285645
2019-02-28,12.728946685791016
2019-03-01,12.53172492980957
2019-03-06,12.40024471282959
2019-03-07,12.244112968444824
2019-03-08,12.786469459533691
2019-03-11,12.778251647949219
2019-03-12,13.00012493133545
2019-03-13,13.378130912780762
2019-03-14,13.386348724365234
2019-03-15,13.31239128112793
2019-03-18,13.39456558227539
2019-03-19,13.304173469543457
2019-03-20,13.230216026306152
2019-03-21,13.106952667236328
2019-03-22,12.613900184631348
2019-03-25,12.449549674987793
2019-03-26,12.712512016296387
2019-03-27,11.972933769226074
2019-03-28,12.605684280395508
2019-03-29,12.885080337524414
2019-04-01,12.81112289428711
2019-04-02,12.917951583862305
2019-04-03,12.704294204711914
2019-04-04,12.90151309967041
2019-04-05,13.123387336730957
2019-04-08,13.123387336730957
2019-04-09,13.189126014709473
2019-04-10,13.230216026306152
2019-04-11,13.065863609313965
2019-04-12,12.852209091186523
2019-04-15,12.90151309967041
2019-04-16,12.81112289428711
2019-04-17,12.99190616607666
2019-04-18,13.106952667236328
2019-04-22,13.197345733642578
2019-04-23,13.337042808532715
2019-04-24,13.189126014709473
2019-04-25,14.060186386108398
2019-04-26,14.298495292663574
2019-04-29,14.577890396118164
2019-04-30,14.67972469329834
2019-05-02,14.67972469329834
2019-05-03,14.722396850585938
2019-05-06,14.543168067932129
2019-05-07,14.739469528198242
2019-05-08,15.114994049072266
2019-05-09,15.336898803710938
2019-05-10,15.39664077758789
2019-05-13,14.893091201782227
2019-05-14,15.089391708374023
2019-05-15,15.56733512878418
2019-05-16,15.56733512878418
2019-05-17,15.541730880737305
2019-05-20,16.002607345581055
2019-05-21,16.56589698791504
2019-05-22,16.84754753112793
2019-05-23,16.76219367980957
2019-05-24,16.685386657714844
2019-05-27,16.668317794799805
2019-05-28,16.540292739868164
2019-05-29,16.38667106628418
2019-05-30,16.932889938354492
2019-05-31,17.197465896606445
2019-06-03,17.359628677368164
2019-06-04,17.393766403198242
2019-06-05,17.487648010253906
2019-06-06,17.453510284423828
2019-06-07,17.316951751708984
2019-06-10,17.59006118774414
2019-06-11,17.41083335876465
2019-06-12,17.888776779174805
2019-06-13,18.25577163696289
2019-06-14,18.68250846862793
2019-06-17,18.52035140991211
2019-06-18,18.844667434692383
2019-06-19,19.07510757446289
2019-06-21,19.032428741455078
2019-06-24,19.26287078857422
2019-06-25,18.90441131591797
2019-06-26,19.151920318603516
2019-06-27,19.356752395629883
2019-06-28,19.604257583618164
2019-07-01,18.955617904663086
2019-07-02,19.484773635864258
2019-07-03,19.356752395629883
2019-07-04,19.868839263916016
2019-07-05,19.851764678955078
2019-07-08,20.29557228088379
2019-07-10,19.97125244140625
2019-07-11,20.07366943359375
2019-07-12,19.58719253540039
2019-07-15,19.62986183166504
2019-07-16,19.672534942626953
2019-07-17,19.467702865600586
2019-07-18,19.621328353881836
2019-07-19,19.407962799072266
2019-07-22,19.715211868286133
2019-07-23,19.18605613708496
2019-07-24,19.331146240234375
2019-07-25,19.645029067993164
2019-07-26,19.618669509887695
2019-07-29,19.451740264892578
2019-07-30,19.776813507080078
2019-07-31,19.52202796936035
2019-08-01,19.48688507080078
2019-08-02,19.10030746459961
2019-08-05,18.90702247619629
2019-08-06,19.469310760498047
2019-08-07,19.3550968170166
2019-08-08,19.328739166259766
2019-08-09,26.410083770751953
2019-08-12,25.311859130859375
2019-08-13,24.512357711791992
2019-08-14,23.853422164916992
2019-08-15,23.326274871826172
2019-08-16,24.160924911499023
2019-08-19,23.756778717041016
2019-08-20,24.160924911499023
2019-08-21,25.962013244628906
2019-08-22,26.66487693786621
2019-08-23,26.093799591064453
2019-08-26,24.661714553833008
2019-08-27,25.38214683532715
2019-08-28,25.663293838500977
2019-08-29,25.680862426757812
2019-08-30,25.118576049804688
2019-09-02,25.91808319091797
2019-09-03,25.13614845275879
2019-09-04,25.478796005249023
2019-09-05,25.522722244262695
2019-09-06,25.083431243896484
2019-09-09,24.037927627563477
2019-09-10,24.494781494140625
2019-09-11,25.021930694580078
2019-09-12,24.828643798828125
2019-09-13,24.266353607177734
2019-09-16,24.76714515686035
2019-09-17,24.573856353759766
2019-09-18,24.98678970336914
2019-09-19,24.863786697387695
2019-09-20,25.39093017578125
2019-09-23,25.373363494873047
2019-09-24,25.39093017578125
2019-09-25,26.46280288696289
2019-09-26,25.93565559387207
2019-09-27,26.673662185668945
2019-09-30,27.323810577392578
2019-10-01,27.227163314819336
2019-10-02,27.03388023376465
2019-10-03,26.779090881347656
2019-10-04,26.884519577026367
2019-10-07,26.093799591064453
2019-10-08,26.5330867767334
2019-10-09,27.209592819213867
2019-10-10,26.647300720214844
2019-10-11,28.202383041381836
2019-10-14,28.518674850463867
2019-10-15,28.307817459106445
2019-10-16,30.073762893676758
2019-10-17,29.66961669921875
2019-10-18,29.775043487548828
2019-10-21,28.114532470703125
2019-10-22,27.596168518066406
2019-10-23,27.499521255493164
2019-10-24,27.868528366088867
2019-10-25,28.070600509643555
2019-10-28,27.938814163208008
2019-10-29,27.982742309570312
2019-10-30,28.64167594909668
2019-10-31,28.02667236328125
2019-11-01,27.90367317199707
2019-11-04,27.938814163208008
2019-11-05,27.481956481933594
2019-11-06,27.947599411010742
2019-11-07,28.72075080871582
2019-11-08,28.5362491607666
2019-11-11,28.78224754333496
2019-11-12,28.545034408569336
2019-11-13,28.711965560913086
2019-11-14,29.687191009521484
2019-11-18,30.091331481933594
2019-11-19,29.968326568603516
2019-11-21,29.915618896484375
2019-11-22,31.03141212463379
2019-11-25,32.287784576416016
2019-11-26,31.62885093688965
2019-11-27,31.62885093688965
2019-11-28,31.8045654296875
2019-11-29,32.33171081542969
2019-12-02,31.4531307220459
2019-12-03,31.013843536376953
2019-12-04,30.653627395629883
2019-12-05,30.56576919555664
2019-12-06,30.88205337524414
2019-12-09,30.592119216918945
2019-12-10,30.205547332763672
2019-12-11,30.22312355041504
2019-12-12,29.898042678833008
2019-12-13,30.06497573852539
2019-12-16,29.8277587890625
2019-12-17,30.003477096557617
2019-12-18,31.347705841064453
2019-12-19,32.50743103027344
2019-12-20,32.41957473754883
2019-12-23,31.980281829833984
2019-12-26,33.491432189941406
2019-12-27,33.096065521240234
2019-12-30,32.59528350830078
2020-01-02,34.4402961730957
2020-01-03,35.15195083618164
2020-01-06,36.59282302856445
2020-01-07,35.66151809692383
2020-01-08,34.97623062133789
2020-01-09,35.23101806640625
2020-01-10,35.71424102783203
2020-01-13,36.85639190673828
2020-01-14,37.74375534057617
2020-01-15,37.24296569824219
2020-01-16,36.575252532958984
2020-01-17,36.7333984375
2020-01-20,37.427467346191406
2020-01-21,38.06882858276367
2020-01-22,39.087989807128906
2020-01-23,39.52727127075195
2020-01-24,38.63990783691406
2020-01-27,36.777320861816406
2020-01-28,38.24454879760742
2020-01-29,37.286895751953125
2020-01-30,36.636741638183594
2020-01-31,36.42588806152344
2020-02-03,38.49933624267578
2020-02-04,38.411476135253906
2020-02-05,38.30604934692383
2020-02-06,38.3499755859375
2020-02-07,37.0760383605957
2020-02-10,35.49459457397461
2020-02-11,37.26932144165039
2020-02-12,38.007328033447266
2020-02-13,37.29568099975586
2020-02-14,36.636741638183594
2020-02-17,37.427467346191406
2020-02-18,36.26774215698242
2020-02-19,36.7245979309082
2020-02-20,34.97623062133789
2020-02-21,34.4315185546875
2020-02-26,31.444347381591797
2020-02-27,30.66240882873535
2020-02-28,30.091331481933594
2020-03-02,30.802982330322266
2020-03-03,32.235069274902344
2020-03-04,31.62885093688965
2020-03-05,29.13368034362793
2020-03-06,28.755891799926758
2020-03-09,25.127361297607422
2020-03-10,27.12173843383789
2020-03-11,25.34700584411621
2020-03-12,21.57790184020996
2020-03-13,22.84305763244629
2020-03-16,19.328739166259766
2020-03-17,20.488462448120117
2020-03-18,17.580368041992188
2020-03-19,18.450162887573242
2020-03-20,18.880664825439453
2020-03-23,18.274442672729492
2020-03-24,19.469310760498047
2020-03-25,20.734464645385742
2020-03-26,22.711267471313477
2020-03-27,20.672964096069336
2020-03-30,21.15618324279785
2020-03-31,20.734464645385742
2020-04-01,19.671384811401367
2020-04-02,19.864673614501953
2020-04-03,18.766447067260742
2020-04-06,20.16339111328125
2020-04-07,22.113834381103516
2020-04-08,22.148977279663086
2020-04-09,21.129825592041016
2020-04-13,20.725679397583008
2020-04-14,22.25440788269043
2020-04-15,21.79754638671875
2020-04-16,21.9820499420166
2020-04-17,22.263195037841797
2020-04-20,23.247201919555664
2020-04-22,24.68807029724121
2020-04-23,23.888565063476562
2020-04-24,22.561908721923828
2020-04-27,22.008403778076172
2020-04-28,22.500410079956055
2020-04-29,23.405345916748047
2020-04-30,22.772768020629883
2020-05-04,21.555049896240234
2020-05-05,21.32657814025879
2020-05-06,21.23870849609375
2020-05-07,20.693897247314453
2020-05-08,20.122732162475586
2020-05-11,19.094627380371094
2020-05-12,18.32135009765625
2020-05-13,17.310819625854492
2020-05-14,17.60958480834961
2020-05-15,17.310819625854492
2020-05-18,17.504138946533203
2020-05-19,17.9962215423584
2020-05-20,18.954029083251953
2020-05-21,19.604284286499023
2020-05-22,19.604284286499023
2020-05-25,20.58845329284668
2020-05-26,20.667539596557617
2020-05-27,20.939943313598633
2020-05-28,20.465431213378906
2020-05-29,20.843280792236328
2020-06-01,21.29142951965332
2020-06-02,21.449600219726562
2020-06-03,23.56732177734375
2020-06-04,22.97857666015625
2020-06-05,23.59368133544922
2020-06-08,24.454832077026367
2020-06-09,23.80457878112793
2020-06-10,23.58489227294922
2020-06-12,22.829191207885742
2020-06-15,22.671024322509766
2020-06-16,22.741323471069336
2020-06-17,23.892446517944336
2020-06-18,24.34059715270996
2020-06-19,25.482934951782227
2020-06-22,25.83442497253418
2020-06-23,25.5708065032959
2020-06-24,24.560277938842773
2020-06-25,25.30718994140625
2020-06-26,24.323022842407227
2020-06-29,24.859041213989258
2020-06-30,25.482934951782227
2020-07-01,25.658676147460938
2020-07-02,24.999637603759766
2020-07-03,25.131446838378906
2020-07-06,26.985546112060547
2020-07-07,26.519826889038086
2020-07-08,27.02069664001465
2020-07-09,26.7307186126709
2020-07-10,26.05410385131836
2020-07-13,26.1771240234375
2020-07-14,25.658676147460938
2020-07-15,26.185909271240234
2020-07-16,25.579593658447266
2020-07-17,26.94161033630371
2020-07-20,27.98729133605957
2020-07-21,26.194700241088867
2020-07-22,24.69208335876465
2020-07-23,25.06114959716797
2020-07-24,24.77995491027832
2020-07-27,25.131446838378906
2020-07-28,24.665719985961914
2020-07-29,24.946914672851562
2020-07-30,25.24567985534668
2020-07-31,24.604211807250977
2020-08-03,24.595422744750977
2020-08-04,24.53391456604004
2020-08-05,24.718442916870117
2020-08-06,25.377485275268555
2020-08-07,25.201744079589844
2020-08-10,24.867828369140625
2020-08-11,25.04357147216797
2020-08-12,24.516342163085938
2020-08-13,24.867828369140625
2020-08-14,24.718442916870117
2020-08-17,23.980321884155273
2020-08-18,24.946914672851562
2020-08-19,24.4636173248291
2020-08-20,24.182424545288086
2020-08-21,26.071678161621094
2020-08-24,26.43195152282715
2020-08-25,26.976760864257812
2020-08-26,26.273784637451172
2020-08-27,26.21227264404297
2020-08-28,27.679737091064453
2020-08-31,27.45127296447754
2020-09-01,27.521568298339844
2020-09-02,28.294843673706055
2020-09-03,27.706100463867188
2020-09-04,29.832605361938477
2020-09-08,30.245603561401367
2020-09-09,30.315906524658203
2020-09-10,29.31416130065918
2020-09-11,28.34756851196289
2020-09-14,29.129627227783203
2020-09-15,28.962675094604492
2020-09-16,29.06812286376953
2020-09-17,28.681480407714844
2020-09-18,28.092735290527344
2020-09-21,28.286056518554688
2020-09-22,28.083948135375977
2020-09-23,27.45127296447754
2020-09-24,28.813291549682617
2020-09-25,29.217500686645508
2020-09-28,28.365140914916992
2020-09-29,28.409080505371094
2020-09-30,29.867753982543945
2020-10-01,28.82207489013672
2020-10-02,28.224546432495117
2020-10-05,28.79571533203125
2020-10-06,28.400287628173828
2020-10-07,27.670948028564453
2020-10-08,28.233333587646484
2020-10-09,27.793970108032227
2020-10-13,27.9521427154541
2020-10-14,29.038150787353516
2020-10-15,29.002817153930664
2020-10-16,28.40208625793457
2020-10-19,28.048715591430664
2020-10-20,28.71128273010254
2020-10-21,30.363283157348633
2020-10-22,30.478134155273438
2020-10-23,29.65654754638672
2020-10-26,29.356182098388672
2020-10-27,28.70244789123535
2020-10-28,27.52749252319336
2020-10-29,28.198898315429688
2020-10-30,28.119386672973633
2020-11-03,27.61583709716797
2020-11-04,28.181228637695312
2020-11-05,28.976308822631836
2020-11-06,29.753721237182617
2020-11-09,29.86857032775879
2020-11-10,30.054086685180664
2020-11-11,29.89507293701172
2020-11-12,29.250171661376953
2020-11-13,30.94634246826172
2020-11-16,30.478134155273438
2020-11-17,30.2661075592041
2020-11-18,30.23077392578125
2020-11-19,30.486963272094727
2020-11-23,30.610645294189453
2020-11-24,30.707822799682617
2020-11-25,30.88450813293457
2020-11-26,30.44278907775879
2020-11-27,30.142425537109375
2020-11-30,29.30317497253418
2020-12-01,29.312015533447266
2020-12-02,29.88623809814453
2020-12-03,31.149532318115234
2020-12-04,31.220205307006836
2020-12-07,30.87567710876465
2020-12-08,30.566471099853516
2020-12-09,30.4339656829834
2020-12-10,30.22193717956543
2020-12-11,30.478134155273438
2020-12-14,30.478134155273438
2020-12-15,30.64598274230957
2020-12-16,30.725486755371094
2020-12-17,31.07002067565918
2020-12-18,30.478134155273438
2020-12-21,30.566471099853516
2020-12-22,31.078859329223633
2020-12-23,31.608917236328125
2020-12-28,31.105361938476562
2020-12-29,31.511737823486328
2020-12-30,30.902175903320312
2021-01-04,30.54734230041504
2021-01-05,29.97114372253418
2021-01-06,28.898530960083008
2021-01-07,28.49962615966797
2021-01-08,30.006601333618164
2021-01-11,29.563373565673828
2021-01-12,29.598833084106445
2021-01-13,29.572237014770508
2021-01-14,29.29743766784668
2021-01-15,29.45699691772461
2021-01-18,29.50132179260254
2021-01-19,28.82761573791504
2021-01-20,28.676918029785156
2021-01-21,29.12014389038086
2021-01-22,28.61486053466797
2021-01-26,28.180500030517578
2021-01-27,28.43757438659668
2021-01-28,28.75669288635254
2021-01-29,27.57771110534668
2021-02-01,27.373823165893555
2021-02-02,28.14504051208496
2021-02-03,28.029802322387695
2021-02-04,27.754995346069336
2021-02-05,27.976613998413086
2021-02-08,28.428707122802734
2021-02-09,28.242551803588867
2021-02-10,28.481897354125977
2021-02-11,28.694643020629883
2021-02-12,28.570539474487305
2021-02-17,29.26197624206543
2021-02-18,28.99604034423828
2021-02-19,29.031496047973633
2021-02-22,28.020938873291016
2021-02-23,28.375518798828125
2021-02-24,28.065261840820312
2021-02-25,27.92342758178711
2021-02-26,28.003210067749023
2021-03-01,28.189361572265625
2021-03-02,28.623729705810547
2021-03-03,29.155603408813477
2021-03-04,29.917959213256836
2021-03-05,30.387779235839844
2021-03-08,28.641456604003906
2021-03-09,28.402114868164062
2021-03-10,29.19992446899414
2021-03-11,29.652019500732422
2021-03-12,29.784988403320312
2021-03-15,29.598833084106445
2021-03-16,28.747833251953125
2021-03-17,29.146738052368164
2021-03-18,28.871938705444336
2021-03-19,29.013771057128906
2021-03-22,29.253114700317383
2021-03-23,28.8453426361084
2021-03-24,28.348926544189453
2021-03-25,28.552810668945312
2021-03-26,27.57771110534668
2021-03-29,27.25858497619629
2021-03-30,27.48019790649414
2021-03-31,26.90399932861328
2021-04-01,25.716144561767578
2021-04-05,25.38815689086914
2021-04-06,26.23915672302246
2021-04-07,26.05299949645996
2021-04-08,25.769332885742188
2021-04-09,25.62750244140625
2021-04-12,25.689552307128906
2021-04-13,26.310075759887695
2021-04-14,25.928895950317383
2021-04-15,25.98208236694336
2021-04-16,25.866844177246094
2021-04-19,25.62750244140625
2021-04-20,25.397022247314453
2021-04-22,24.82082176208496
2021-04-23,24.678991317749023
2021-04-26,24.572614669799805
2021-04-27,23.898906707763672
2021-04-28,23.854583740234375
2021-04-29,23.916635513305664
2021-04-30,23.97869110107422
2021-05-03,23.890043258666992
2021-05-04,24.466243743896484
2021-05-05,24.891740798950195
2021-05-06,24.785364151000977
2021-05-07,25.202001571655273
2021-05-10,24.323575973510742
2021-05-11,24.848201751708984
2021-05-12,24.123266220092773
2021-05-13,23.942031860351562
2021-05-14,25.66852569580078
2021-05-17,25.420522689819336
2021-05-18,25.401443481445312
2021-05-19,25.344213485717773
2021-05-20,25.744836807250977
2021-05-21,25.782995223999023
2021-05-24,26.355310440063477
2021-05-25,26.708242416381836
2021-05-26,27.738414764404297
2021-05-27,27.63348960876465
2021-05-28,27.63348960876465
2021-05-31,27.871957778930664
2021-06-01,27.643030166625977
2021-06-02,27.204252243041992
2021-06-04,27.137483596801758
2021-06-07,27.042095184326172
2021-06-08,27.042095184326172
2021-06-09,27.33779525756836
2021-06-10,27.099327087402344
2021-06-11,26.7177791595459
2021-06-14,26.841781616210938
2021-06-15,26.87040138244629
2021-06-16,26.765474319458008
2021-06-17,27.099327087402344
2021-06-18,27.194711685180664
2021-06-21,27.02301788330078
2021-06-22,27.223329544067383
2021-06-23,27.1851749420166
2021-06-24,27.232868194580078
2021-06-25,27.127944946289062
2021-06-28,28.034114837646484
2021-06-29,27.690723419189453
2021-06-30,27.57625961303711
2021-07-01,27.070711135864258
2021-07-02,27.051633834838867
2021-07-05,26.679624557495117
2021-07-06,25.91653060913086
2021-07-07,26.059614181518555
2021-07-08,25.39190673828125
2021-07-12,25.563600540161133
2021-07-13,25.725757598876953
2021-07-14,25.976472854614258
2021-07-15,25.766138076782227
2021-07-16,25.823503494262695
2021-07-19,25.536680221557617
2021-07-20,25.546239852905273
2021-07-21,25.45063591003418
2021-07-22,25.412391662597656
2021-07-23,24.963041305541992
2021-07-26,24.848308563232422
2021-07-27,24.63797378540039
2021-07-28,24.924793243408203
2021-07-29,25.221176147460938
2021-07-30,24.618852615356445
2021-08-02,24.95347785949707
2021-08-03,24.666656494140625
2021-08-04,24.15993881225586
2021-08-05,23.672340393066406
2021-08-06,23.70102310180664
2021-08-09,23.500247955322266
2021-08-10,23.213428497314453
2021-08-11,19.59947395324707
2021-08-12,18.6816463470459
2021-08-13,18.12712287902832
2021-08-16,18.825056076049805
2021-08-17,18.863298416137695
2021-08-18,19.092756271362305
2021-08-19,19.389137268066406
2021-08-20,19.675962448120117
2021-08-23,19.551671981811523
2021-08-24,20.029708862304688
2021-08-25,20.698957443237305
2021-08-26,20.622472763061523
2021-08-27,20.746761322021484
2021-08-30,20.555545806884766
2021-08-31,20.431259155273438
2021-09-01,21.15787124633789
2021-09-02,21.11962890625
2021-09-03,21.492496490478516
2021-09-06,21.30128288269043
2021-09-08,21.51161766052246
2021-09-09,21.932289123535156
2021-09-10,21.502058029174805
2021-09-13,22.525054931640625
2021-09-14,22.35296058654785
2021-09-15,21.70283317565918
2021-09-16,21.980093002319336
2021-09-17,21.358646392822266
2021-09-20,20.660715103149414
2021-09-21,20.565107345581055
2021-09-22,20.230480194091797
2021-09-23,20.259164810180664
2021-09-24,20.077512741088867
2021-09-27,19.991464614868164
2021-09-28,19.10231590270996
2021-09-29,19.59947395324707
2021-09-30,19.111879348754883
2021-10-01,19.111879348754883
2021-10-04,18.29921531677246
2021-10-05,17.89766502380371
2021-10-06,17.524797439575195
2021-10-07,17.572603225708008
2021-10-08,18.366140365600586
2021-10-11,18.06975746154785
2021-10-13,18.385263442993164
2021-10-14,18.52867317199707
2021-10-15,18.57647705078125
2021-10-18,18.442628860473633
2021-10-19,17.524797439575195
2021-10-20,17.763816833496094
2021-10-21,17.018077850341797
2021-10-22,17.496116638183594
2021-10-25,17.496116638183594
2021-10-26,17.19017219543457
2021-10-27,17.496116638183594
2021-10-28,16.750381469726562
2021-10-29,16.3583927154541
2021-11-01,16.119373321533203
2021-11-03,17.209293365478516
2021-11-04,17.123247146606445
2021-11-05,17.496116638183594
2021-11-08,17.333581924438477
2021-11-09,17.82118034362793
2021-11-10,18.4139461517334
2021-11-11,18.71988868713379
2021-11-12,18.165367126464844
2021-11-16,17.400510787963867
2021-11-17,16.253223419189453
2021-11-18,16.750381469726562
2021-11-19,16.903350830078125
2021-11-22,16.195859909057617
2021-11-23,16.16717529296875
2021-11-24,16.148054122924805
2021-11-25,16.425315856933594
2021-11-26,15.765625953674316
2021-11-29,15.488365173339844
2021-11-30,15.03901195526123
2021-12-01,14.446246147155762
2021-12-02,15.163301467895508
2021-12-03,15.507484436035156
2021-12-06,15.832550048828125
2021-12-07,15.861234664916992
2021-12-08,16.062007904052734
2021-12-09,15.698699951171875
2021-12-10,15.93772029876709
2021-12-13,16.138492584228516
2021-12-14,15.57441234588623
2021-12-15,15.52660846710205
2021-12-16,16.387075424194336
2021-12-17,16.377511978149414
2021-12-20,15.870794296264648
2021-12-21,15.899477005004883
2021-12-22,15.507484436035156
2021-12-23,15.17286205291748
2021-12-27,15.918598175048828
2021-12-28,16.08112907409668
2021-12-29,15.316272735595703
2021-12-30,16.157615661621094
2022-01-03,15.459684371948242
2022-01-04,14.77131175994873
2022-01-05,14.532293319702148
2022-01-06,14.618340492248535
2022-01-07,14.799993515014648
2022-01-10,13.97777271270752
2022-01-11,14.532293319702148
2022-01-12,15.287590026855469
2022-01-13,14.838237762451172
2022-01-14,15.230226516723633
2022-01-17,15.650897979736328
2022-01-18,15.354515075683594
2022-01-19,15.909035682678223
2022-01-20,16.195859909057617
2022-01-21,16.26278305053711
2022-01-24,15.517046928405762
2022-01-25,16.683456420898438
2022-01-26,16.826866149902344
2022-01-27,17.008522033691406
2022-01-28,17.085006713867188
2022-01-31,17.591724395751953
2022-02-01,17.285781860351562
2022-02-02,17.56304168701172
2022-02-03,17.400510787963867
2022-02-04,16.43487548828125
2022-02-07,16.04288673400879
2022-02-08,16.071569442749023
2022-02-09,15.746503829956055
2022-02-10,16.052446365356445
2022-02-11,16.02376365661621
2022-02-14,15.94727897644043
2022-02-15,16.57828712463379
2022-02-16,16.501800537109375
2022-02-17,16.67389488220215
2022-02-18,16.49224090576172
2022-02-21,15.067693710327148
2022-02-22,15.536168098449707
2022-02-23,15.536168098449707
2022-02-24,13.241596221923828
2022-02-25,12.295084953308105
2022-03-02,13.059942245483398
2022-03-03,12.820924758911133
2022-03-04,12.601027488708496
2022-03-07,12.122992515563965
2022-03-08,12.648831367492676
2022-03-09,13.939528465270996
2022-03-10,14.52273178100586
2022-03-11,14.006454467773438
2022-03-14,14.092500686645508
2022-03-15,14.369760513305664
2022-03-16,14.742630004882812
2022-03-17,14.398444175720215
2022-03-18,14.905160903930664
2022-03-21,14.360200881958008
2022-03-22,14.99120807647705
2022-03-23,15.153739929199219
2022-03-24,15.450121879577637
2022-03-25,15.650897979736328
2022-03-28,15.411880493164062
2022-03-29,16.128934860229492
2022-03-30,15.163301467895508
2022-03-31,15.325833320617676
2022-04-01,16.224538803100586
2022-04-04,15.756065368652344
2022-04-05,14.599220275878906
2022-04-06,14.073379516601562
2022-04-07,13.92040729522705
2022-04-08,13.910846710205078
2022-04-11,13.767436027526855
2022-04-12,13.604902267456055
2022-04-13,13.929966926574707
2022-04-14,13.681389808654785
2022-04-18,13.585783004760742
2022-04-19,13.423250198364258
2022-04-20,13.537979125976562
2022-04-22,13.423250198364258
2022-04-25,13.681389808654785
2022-04-26,13.451931953430176
2022-04-27,13.394567489624023
2022-04-28,13.203353881835938
2022-04-29,12.687074661254883
2022-05-02,12.352450370788574
2022-05-03,12.23772144317627
2022-05-04,12.973896980285645
2022-05-05,12.323768615722656
2022-05-06,12.173001289367676
2022-05-09,11.860873222351074
2022-05-10,11.734070777893066
2022-05-11,10.231953620910645
2022-05-12,11.304895401000977
2022-05-13,11.890134811401367
2022-05-16,11.792594909667969
2022-05-17,11.890134811401367
2022-05-18,11.69505500793457
2022-05-19,11.685300827026367
2022-05-20,11.802349090576172
2022-05-23,11.26587963104248
2022-05-24,10.953749656677246
2022-05-25,10.973258018493652
2022-05-26,11.26587963104248
2022-05-27,10.992766380310059
2022-05-30,10.826949119567871
2022-05-31,10.94399642944336
2022-06-01,11.236618041992188
2022-06-02,11.246371269226074
2022-06-03,11.441450119018555
2022-06-06,10.89522647857666
2022-06-07,10.680638313293457
2022-06-08,11.022028923034668
2022-06-09,11.080552101135254
2022-06-10,11.899889945983887
2022-06-13,11.480467796325684
2022-06-14,11.392681121826172
2022-06-15,13.060616493225098
2022-06-17,13.655611038208008
2022-06-20,13.441021919250488
2022-06-21,14.338391304016113
2022-06-22,13.772658348083496
2022-06-23,13.177664756774902
2022-06-24,12.72898006439209
2022-06-27,12.68021011352539
2022-06-28,12.338818550109863
2022-06-29,11.304895401000977
2022-06-30,10.875718116760254
2022-07-01,11.041536331176758
2022-07-04,11.217108726501465
2022-07-05,11.636530876159668
2022-07-06,11.977920532226562
2022-07-07,12.163248062133789
2022-07-08,11.831611633300781
2022-07-11,11.568252563476562
2022-07-12,11.51948356628418
2022-07-13,11.012273788452148
2022-07-14,10.875718116760254
2022-07-15,10.495311737060547
2022-07-18,10.222199440002441
2022-07-19,10.163676261901855
2022-07-20,10.290477752685547
2022-07-21,10.202692031860352
2022-07-22,10.173430442810059
2022-07-25,9.754007339477539
2022-07-26,8.963932991027832
2022-07-27,9.305322647094727
2022-07-28,10.017367362976074
2022-07-29,9.607698440551758
2022-08-01,9.91007137298584
2022-08-02,9.988102912902832
2022-08-03,10.11490535736084
2022-08-04,11.10006046295166
2022-08-05,11.031783103942871
2022-08-08,11.041536331176758
2022-08-09,11.421942710876465
2022-08-10,11.304895401000977
2022-08-11,10.690393447875977
2022-08-12,11.26587963104248
2022-08-15,11.607268333435059
2022-08-16,11.324402809143066
2022-08-17,10.807440757751465
2022-08-18,10.583098411560059
2022-08-19,10.192937850952148
2022-08-22,10.14416790008545
2022-08-23,10.183183670043945
2022-08-24,10.153922080993652
2022-08-25,10.183183670043945
2022-08-26,9.88080883026123
2022-08-29,9.91007137298584
2022-08-30,9.763761520385742
2022-08-31,9.383355140686035
2022-09-01,9.276061058044434
2022-09-02,9.441879272460938
2022-09-05,9.344338417053223
2022-09-06,8.729836463928223
2022-09-08,8.798114776611328
2022-09-09,9.119997024536133
2022-09-12,9.305322647094727
2022-09-13,8.778606414794922
2022-09-14,8.632296562194824
2022-09-15,8.261645317077637
2022-09-16,8.232381820678711
2022-09-19,8.300661087036133
2022-09-20,8.378692626953125
2022-09-21,8.534756660461426
2022-09-22,8.963932991027832
2022-09-23,8.70057487487793
2022-09-26,8.72008228302002
2022-09-27,8.329922676086426
2022-09-28,8.320168495178223
2022-09-29,7.890991687774658
2022-09-30,7.959270000457764
2022-10-03,8.788360595703125
2022-10-04,8.72008228302002
2022-10-05,8.564018249511719
2022-10-06,8.817623138427734
2022-10-07,8.749344825744629
2022-10-10,8.924917221069336
2022-10-11,8.427462577819824
2022-10-13,8.047056198120117
2022-10-14,7.608125686645508
2022-10-17,7.530093669891357
2022-10-18,7.627634048461914
2022-10-19,7.120425701141357
2022-10-20,7.081409454345703
2022-10-21,7.110671043395996
2022-10-24,7.061901092529297
2022-10-25,6.915591716766357
2022-10-26,6.730265140533447
2022-10-27,7.217965602874756
2022-10-28,7.325259685516357
2022-10-31,7.686157703399658
2022-11-01,7.998285293579102
2022-11-03,7.900745868682861
2022-11-04,7.900745868682861
2022-11-07,7.5496015548706055
2022-11-08,7.939762592315674
2022-11-09,6.701003074645996
2022-11-10,6.564447402954102
2022-11-11,6.622971057891846
2022-11-14,6.5742011070251465
2022-11-16,6.349859237670898
2022-11-17,5.676832675933838
2022-11-18,5.871912479400635
2022-11-21,6.0279765129089355
2022-11-22,5.86215877532959
2022-11-23,5.676832675933838
2022-11-24,6.047484397888184
2022-11-25,5.540276050567627
2022-11-28,5.559783935546875
2022-11-29,5.901174545288086
2022-11-30,5.998714447021484
2022-12-01,5.998714447021484
2022-12-02,6.310842514038086
2022-12-05,5.696340560913086
2022-12-06,5.745110511779785
2022-12-07,5.65732479095459
2022-12-08,5.296425819396973
2022-12-09,5.15986967086792
2022-12-12,5.0623297691345215
2022-12-13,4.935527324676514
2022-12-14,5.15986967086792
2022-12-15,5.003806114196777
2022-12-16,4.984297752380371
2022-12-19,5.715848445892334
2022-12-20,5.540276050567627
2022-12-21,5.598799705505371
2022-12-22,5.598799705505371
2022-12-23,6.037730693817139
2022-12-26,5.910928726196289
2022-12-27,5.754864692687988
2022-12-28,5.998714447021484
2022-12-29,5.725602149963379
2023-01-02,5.384212017059326
2023-01-03,5.793880462646484
2023-01-04,5.891419887542725
2023-01-05,5.784126281738281
2023-01-06,6.164532661437988
2023-01-09,6.203548431396484
2023-01-10,6.4181365966796875
2023-01-11,6.564447402954102
2023-01-12,6.262073040008545
2023-01-13,6.0279765129089355
2023-01-16,5.774372100830078
2023-01-17,5.462244033813477
2023-01-18,5.325688362121582
2023-01-19,5.345196723937988
2023-01-20,5.345196723937988
2023-01-23,5.520768165588379
2023-01-24,5.745110511779785
2023-01-25,5.647570610046387
2023-01-26,5.774372100830078
2023-01-27,5.793880462646484
2023-01-30,5.774372100830078
2023-01-31,6.154778480529785
2023-02-01,6.2133026123046875
2023-02-02,5.9596991539001465
2023-02-03,5.589046001434326
2023-02-06,5.306180477142334
2023-02-07,5.296425819396973
2023-02-08,5.384212017059326
2023-02-09,5.247655868530273
2023-02-10,5.286672115325928
2023-02-13,5.208640098571777
2023-02-14,4.916019916534424
2023-02-15,5.0623297691345215
2023-02-16,5.15986967086792
2023-02-17,5.2671637535095215
2023-02-22,5.072083950042725
2023-02-23,4.886757850646973
2023-02-24,4.789217948913574
2023-02-27,4.613645076751709
2023-02-28,4.555121421813965
2023-03-01,4.56487512588501
2023-03-02,4.330779075622559
2023-03-03,4.145453453063965
2023-03-06,4.223484992980957
2023-03-07,4.399057388305664
2023-03-08,4.808725833892822
2023-03-09,4.769709587097168
2023-03-10,4.730693340301514
2023-03-13,4.633153438568115
2023-03-14,4.408811569213867
2023-03-15,4.330779075622559
2023-03-16,4.223484992980957
2023-03-17,4.02840518951416
2023-03-20,3.7650468349456787
2023-03-21,3.813817024230957
2023-03-22,3.813817024230957
2023-03-23,3.5504586696624756
2023-03-24,3.58947491645813
2023-03-27,3.687014579772949
2023-03-28,3.9211111068725586
2023-03-29,3.687014579772949
2023-03-30,3.833325147628784
2023-03-31,3.58947491645813
2023-04-03,3.5114426612854004
2023-04-04,3.5211966037750244
2023-04-05,3.618736982345581
2023-04-06,3.599228858947754
2023-04-10,3.657752752304077
2023-04-11,3.843078851699829
2023-04-12,3.843078851699829
2023-04-13,3.9503729343414307
2023-04-14,3.9211111068725586
2023-04-17,3.960127115249634
2023-04-18,3.804062843322754
2023-04-19,3.618736982345581
2023-04-20,3.608982801437378
2023-04-24,3.63824462890625
2023-04-25,3.608982801437378
2023-04-26,3.628490686416626
2023-04-27,3.687014579772949
2023-04-28,3.8723411560058594
2023-05-02,3.687014579772949
2023-05-03,3.7650468349456787
2023-05-04,3.9113571643829346
2023-05-05,4.077175140380859
2023-05-08,4.145453453063965
2023-05-09,4.23323917388916
2023-05-10,4.2917633056640625
2023-05-11,4.399057388305664
2023-05-12,4.623399257659912
2023-05-15,4.73159646987915
2023-05-16,4.344736576080322
2023-05-17,4.562964916229248
2023-05-18,4.6819987297058105
2023-05-19,4.543126106262207
2023-05-22,4.622481822967529
2023-05-23,4.523286819458008
2023-05-24,4.434011459350586
2023-05-25,4.602643013000488
2023-05-26,4.6621599197387695
2023-05-29,4.543126106262207
2023-05-30,4.463769912719727
2023-05-31,4.314978122711182
2023-06-01,4.652240753173828
2023-06-02,4.672079563140869
2023-06-05,4.632401466369629
2023-06-06,4.880389213562012
2023-06-07,4.910147190093994
2023-06-09,5.128376007080078
2023-06-12,5.128376007080078
2023-06-13,4.70183801651001
2023-06-14,4.850630283355713
2023-06-15,4.910147190093994
2023-06-16,4.751435279846191
2023-06-19,4.810952186584473
2023-06-20,4.801033020019531
2023-06-21,4.761355400085449
2023-06-22,4.652240753173828
2023-06-23,4.810952186584473
2023-06-26,5.168054103851318
2023-06-27,4.4042534828186035
2023-06-28,4.434011459350586
2023-06-29,4.73159646987915
2023-06-30,4.801033020019531
2023-07-03,4.810952186584473
2023-07-04,4.721677303314209
2023-07-05,4.900228023529053
2023-07-06,4.632401466369629
2023-07-07,4.73159646987915
2023-07-10,4.652240753173828
2023-07-11,4.622481822967529
2023-07-12,4.553045749664307
2023-07-13,4.533206939697266
2023-07-14,4.493528842926025
2023-07-17,4.543126106262207
2023-07-18,4.493528842926025
2023-07-19,4.553045749664307
2023-07-20,4.493528842926025
2023-07-21,4.562964916229248
2023-07-24,4.543126106262207
2023-07-25,4.572884559631348
2023-07-26,4.483609199523926
2023-07-27,4.3645758628845215
2023-07-28,4.245541572570801
2023-07-31,4.2554612159729
2023-08-01,4.2554612159729
2023-08-02,4.186024188995361
2023-08-03,4.265380859375
2023-08-04,4.3645758628845215
2023-08-07,4.344736576080322
2023-08-08,4.3844146728515625
2023-08-09,4.314978122711182
2023-08-10,4.414172172546387
2023-08-11,4.305058479309082
2023-08-14,4.13642692565918
2023-08-15,3.957876443862915
2023-08-16,3.8388421535491943
2023-08-17,3.868600845336914
2023-08-18,3.8090837001800537
2023-08-21,3.650372266769409
2023-08-22,3.7892448902130127
2023-08-23,3.799164295196533
2023-08-24,3.828922748565674
2023-08-25,3.799164295196533
2023-08-28,3.650372266769409
2023-08-29,3.650372266769409
2023-08-30,3.590855121612549
2023-08-31,3.4420628547668457
2023-09-01,3.4916603565216064
2023-09-04,3.4916603565216064
2023-09-05,3.412304401397705
2023-09-06,3.303189754486084
2023-09-08,3.2039952278137207
2023-09-11,3.1444783210754395
2023-09-12,3.213914632797241
2023-09-13,3.303189754486084
2023-09-14,3.283350944519043
2023-09-15,3.104800224304199
2023-09-18,2.995685577392578
2023-09-19,2.936168909072876
2023-09-20,3.0155246257781982
2023-09-21,2.8766520023345947
2023-09-22,2.7774569988250732
2023-09-25,2.936168909072876
2023-09-26,2.8568131923675537
2023-09-27,2.866732597351074
2023-09-28,2.975847005844116
2023-09-29,3.0552027225494385
2023-10-02,2.9857661724090576
2023-10-03,2.846893310546875
2023-10-04,2.9064104557037354
2023-10-05,2.9064104557037354
2023-10-06,2.866732597351074
2023-10-09,2.8865716457366943
2023-10-10,3.0552027225494385
2023-10-11,2.916330099105835
2023-10-13,2.8369739055633545
2023-10-16,2.8766520023345947
2023-10-17,2.8171348571777344
2023-10-18,2.807215452194214
2023-10-19,2.956007957458496
2023-10-20,3.0552027225494385
2023-10-23,3.2932703495025635
2023-10-24,3.3131093978881836
2023-10-25,3.0948805809020996
2023-10-26,3.213914632797241
2023-10-27,3.114719867706299
2023-10-30,2.827054262161255
2023-10-31,2.846893310546875
2023-11-01,2.8568131923675537
2023-11-03,3.13455867767334
2023-11-06,2.8369739055633545
2023-11-07,2.916330099105835
2023-11-08,3.1246392726898193
2023-11-09,3.0948805809020996
2023-11-10,3.065122127532959
2023-11-13,2.9857661724090576
2023-11-14,3.13455867767334
2023-11-16,3.0750415325164795
2023-11-17,3.045283079147339
2023-11-20,3.0353636741638184
2023-11-21,2.916330099105835
2023-11-22,2.8171348571777344
2023-11-23,2.866732597351074
2023-11-24,2.7476985454559326
2023-11-27,2.737778902053833
2023-11-28,2.7972958087921143
2023-11-29,2.757617950439453
2023-11-30,2.7873764038085938
2023-12-01,2.8865716457366943
2023-12-04,2.9064104557037354
2023-12-05,3.1940758228302
2023-12-06,3.114719867706299
2023-12-07,3.213914632797241
2023-12-08,3.15439772605896
2023-12-11,3.1246392726898193
2023-12-12,3.213914632797241
2023-12-13,3.2535924911499023
2023-12-14,3.342867851257324
2023-12-15,3.1246392726898193
2023-12-18,3.0750415325164795
2023-12-19,3.1246392726898193
2023-12-20,3.0552027225494385
2023-12-21,3.045283079147339
2023-12-22,3.213914632797241
2023-12-26,3.323028802871704
2023-12-27,3.3825459480285645
2023-12-28,3.372626543045044
2024-01-02,3.2039952278137207
2024-01-03,3.2535924911499023
2024-01-04,3.114719867706299
2024-01-05,3.2535924911499023
2024-01-08,3.2932703495025635
2024-01-09,3.2337536811828613
2024-01-10,3.1940758228302
2024-01-11,3.1643171310424805
2024-01-12,3.2436728477478027
2024-01-15,3.213914632797241
2024-01-16,3.0750415325164795
2024-01-17,2.956007957458496
2024-01-18,2.866732597351074
2024-01-19,2.6584231853485107
2024-01-22,2.5592281818389893
2024-01-23,2.58898663520813
2024-01-24,2.479872226715088
2024-01-25,2.5691475868225098
2024-01-26,2.4302749633789062
2024-01-29,2.301321506500244
2024-01-30,2.1624488830566406
2024-01-31,2.1624488830566406
2024-02-01,2.2318849563598633
2024-02-02,2.08309268951416
2024-02-05,1.9640589952468872
2024-02-06,2.08309268951416
2024-02-07,2.0930120944976807
2024-02-08,2.0731732845306396
2024-02-09,1.9938174486160278
2024-02-14,1.944219946861267
2024-02-15,2.0136563777923584
2024-02-16,2.1227707862854004
2024-02-19,2.1822879314422607
2024-02-20,2.2715630531311035
2024-02-21,2.261643409729004
2024-02-22,2.4005165100097656
2024-02-23,2.301321506500244
2024-02-26,2.2914018630981445
2024-02-27,2.390597105026245
2024-02-28,2.4203555583953857
2024-02-29,2.3409993648529053
2024-03-01,2.539389133453369
2024-03-04,2.4699528217315674
2024-03-05,2.3806777000427246
2024-03-06,2.4005165100097656
2024-03-07,2.350919008255005
2024-03-08,2.370758056640625
2024-03-11,2.4203555583953857
2024-03-12,2.4302749633789062
2024-03-13,2.350919008255005
2024-03-14,2.3310799598693848
2024-03-15,2.241804599761963
2024-03-18,2.3112409114837646
2024-03-19,2.350919008255005
2024-03-20,2.4897916316986084
2024-03-21,2.460033416748047
2024-03-22,2.2021267414093018
2024-03-25,2.1227707862854004
2024-03-26,2.0334951877593994
2024-03-27,2.06325364112854
2024-03-28,2.023575782775879
2024-04-01,1.8251861333847046
2024-04-02,1.7557495832443237
2024-04-03,1.6565546989440918
2024-04-04,1.6367156505584717
2024-04-05,1.5573599338531494
2024-04-08,1.6565546989440918
2024-04-09,1.676393747329712
2024-04-10,1.56727933883667
2024-04-11,1.5474402904510498
2024-04-12,1.4581650495529175
2024-04-15,1.3589701652526855
2024-04-16,1.3490506410598755
2024-04-17,1.3391311168670654
2024-04-18,1.3391311168670654
2024-04-19,1.4581650495529175
2024-04-22,1.6069573163986206
2024-04-23,1.5970379114151
2024-04-24,1.56727933883667
2024-04-25,1.686313271522522
2024-04-26,1.696232795715332
2024-04-29,1.676393747329712
2024-04-30,1.58711838722229
2024-05-02,1.6069573163986206
2024-05-03,1.686313271522522
2024-05-06,1.676393747329712
2024-05-07,1.696232795715332
2024-05-08,1.6664741039276123
2024-05-09,1.6466351747512817
2024-05-10,1.6168768405914307
2024-05-13,1.6466351747512817
2024-05-14,1.6168768405914307
2024-05-15,1.6367156505584717
2024-05-16,1.6168768405914307
2024-05-17,1.6069573163986206
2024-05-20,1.686313271522522
2024-05-21,1.696232795715332
2024-05-22,1.5970379114151
2024-05-23,1.5970379114151
2024-05-24,1.6367156505584717
2024-05-27,1.6664741039276123
2024-05-28,1.6466351747512817
2024-05-29,1.6664741039276123
2024-05-31,1.6267962455749512
2024-06-03,1.7359106540679932
2024-06-04,1.7656689882278442
2024-06-05,1.5970379114151
2024-06-06,1.7061522006988525
2024-06-07,1.6565546989440918
2024-06-10,1.6664741039276123
2024-06-11,1.7359106540679932
2024-06-12,1.7061522006988525
2024-06-13,1.7160717248916626
2024-06-14,1.7259912490844727
2024-06-17,1.5276013612747192
2024-06-18,1.3986479043960571
2024-06-19,1.4184869527816772
2024-06-20,1.3986479043960571
2024-06-21,1.3788089752197266
2024-06-24,1.478003978729248
2024-06-25,1.4581650495529175
2024-06-26,1.3986479043960571
2024-06-27,1.4284065961837769
2024-06-28,1.3887284994125366
2024-07-01,1.3986479043960571
2024-07-02,1.3887284994125366
2024-07-03,1.5474402904510498
2024-07-04,1.7656689882278442
2024-07-05,1.7557495832443237
2024-07-08,1.7557495832443237
2024-07-09,1.7954275608062744
2024-07-10,1.8251861333847046
2024-07-11,1.8747835159301758
2024-07-12,1.835105538368225
2024-07-15,1.7954275608062744
2024-07-16,1.7755885124206543
2024-07-17,1.7755885124206543
2024-07-18,1.6267962455749512
2024-07-19,1.6069573163986206
2024-07-22,1.6466351747512817
2024-07-23,1.57719886302948
2024-07-24,1.5474402904510498
2024-07-25,1.5276013612747192
2024-07-26,1.5573599338531494
2024-07-29,1.5077623128890991
2024-07-30,1.478003978729248
2024-07-31,1.487923502922058
2024-08-01,1.478003978729248
2024-08-02,1.5176818370819092
2024-08-05,1.4284065961837769
2024-08-06,1.4482455253601074
2024-08-07,1.5077623128890991
2024-08-08,1.57719886302948
2024-08-09,1.6267962455749512
2024-08-12,1.6069573163986206
2024-08-13,1.6168768405914307
2024-08-14,1.56727933883667
2024-08-15,1.6069573163986206
2024-08-16,1.57719886302948
2024-08-19,1.7755885124206543
2024-08-20,1.8450250625610352
2024-08-21,1.8648641109466553
2024-08-22,1.8053470849990845
2024-08-23,1.9640589952468872
2024-08-26,2.003736734390259
2024-08-27,2.0930120944976807
2024-08-28,2.06325364112854
2024-08-29,1.9640589952468872
2024-08-30,2.2517240047454834
2024-09-02,2.2219655513763428
2024-09-03,2.1822879314422607
2024-09-04,2.1822879314422607
2024-09-05,2.2021267414093018
2024-09-06,2.1227707862854004
2024-09-09,2.06325364112854
2024-09-10,2.0731732845306396
2024-09-11,2.0731732845306396
2024-09-12,2.0930120944976807
2024-09-13,2.1326904296875
2024-09-16,2.1922073364257812
2024-09-17,2.152529239654541
2024-09-18,2.1029317378997803
2024-09-19,1.9838979244232178
2024-09-20,1.8549445867538452
2024-09-23,1.7656689882278442
2024-09-24,1.9045418500900269
2024-09-25,1.8847029209136963
2024-09-26,1.9640589952468872
2024-09-27,2.2914018630981445
2024-09-30,2.2219655513763428
2024-10-01,2.152529239654541
2024-10-02,2.4203555583953857
2024-10-03,2.0334951877593994
2024-10-04,2.0334951877593994
2024-10-07,2.003736734390259
2024-10-08,2.043414831161499
2024-10-09,2.043414831161499
2024-10-10,2.0533342361450195
2024-10-11,2.1922073364257812
2024-10-14,2.2219655513763428
2024-10-15,2.2517240047454834
2024-10-16,2.2517240047454834
2024-10-17,2.1822879314422607
2024-10-18,2.11285138130188
2024-10-21,2.1822879314422607
2024-10-22,2.11285138130188
2024-10-23,2.152529239654541
2024-10-24,2.152529239654541
2024-10-25,2.11285138130188
2024-10-28,2.2120461463928223
2024-10-29,2.06325364112854
2024-10-30,2.2517240047454834
2024-10-31,2.2517240047454834
2024-11-01,2.2914018630981445
2024-11-04,2.5294697284698486
2024-11-05,2.5790672302246094
2024-11-06,2.6187453269958496
2024-11-07,2.241804599761963
2024-11-08,2.2517240047454834
2024-11-11,2.2318849563598633
2024-11-12,2.2715630531311035
2024-11-13,2.261643409729004
2024-11-14,2.2517240047454834
2024-11-18,2.321160316467285
2024-11-19,2.4104361534118652
2024-11-21,2.2021267414093018
2024-11-22,2.281482458114624
2024-11-25,2.3806777000427246
2024-11-26,2.4104361534118652
2024-11-27,2.261643409729004
2024-11-28,2.152529239654541
2024-11-29,2.1326904296875
2024-12-02,2.3409993648529053
2024-12-03,2.3112409114837646
2024-12-04,2.3310799598693848
2024-12-05,2.301321506500244
2024-12-06,2.281482458114624
2024-12-09,2.1822879314422607
2024-12-10,2.301321506500244
2024-12-11,2.281482458114624
2024-12-12,2.152529239654541
2024-12-13,2.0930120944976807
2024-12-16,2.152529239654541
2024-12-17,1.7755885124206543
2024-12-18,1.497842788696289
2024-12-19,1.7557495832443237
2024-12-20,1.6664741039276123
2024-12-23,1.5573599338531494
2024-12-26,1.57719886302948
2024-12-27,1.5276013612747192
2024-12-30,1.5077623128890991
2025-01-02,1.487923502922058
2025-01-03,1.487923502922058
2025-01-06,1.487923502922058
2025-01-07,1.5375207662582397
2025-01-08,1.5474402904510498
2025-01-09,1.487923502922058
2025-01-10,1.487923502922058
2025-01-13,1.4581650495529175
2025-01-14,1.478003978729248
2025-01-15,1.58711838722229
2025-01-16,1.5375207662582397
2025-01-17,1.58711838722229
2025-01-20,1.58711838722229
2025-01-21,1.6267962455749512
2025-01-22,1.686313271522522
2025-01-23,1.696232795715332
2025-01-24,1.6664741039276123
2025-01-27,1.7259912490844727
2025-01-28,1.7755885124206543
2025-01-29,1.8152666091918945
2025-01-30,1.934300422668457
2025-01-31,1.9243810176849365
2025-02-03,1.8450250625610352
2025-02-04,1.8450250625610352
2025-02-05,1.7954275608062744
2025-02-06,1.7656689882278442
2025-02-07,1.7458301782608032
2025-02-10,1.7855080366134644
2025-02-11,1.7755885124206543
2025-02-12,1.676393747329712
2025-02-13,1.7557495832443237
2025-02-14,1.9541394710540771
2025-02-17,2.043414831161499
2025-02-18,2.0334951877593994
2025-02-19,2.003736734390259
2025-02-20,1.9938174486160278
2025-02-21,2.0136563777923584
2025-02-24,1.9045418500900269
2025-02-25,1.8847029209136963
2025-02-26,1.8549445867538452
2025-02-27,1.7855080366134644
2025-02-28,1.7656689882278442
2025-03-05,1.6664741039276123
2025-03-06,1.7855080366134644
2025-03-07,1.8549445867538452
2025-03-10,1.8053470849990845
2025-03-11,1.7557495832443237
2025-03-12,1.7954275608062744
2025-03-13,1.7656689882278442
2025-03-14,1.7259912490844727
2025-03-17,1.8053470849990845
2025-03-18,1.8152666091918945
2025-03-19,1.7954275608062744
2025-03-20,1.8152666091918945
2025-03-21,1.7755885124206543
2025-03-24,1.7359106540679932
2025-03-25,1.8251861333847046
2025-03-26,1.914461374282837
2025-03-27,1.8946224451065063
2025-03-28,1.8946224451065063
2025-03-31,1.8251861333847046
2025-04-01,1.8152666091918945
2025-04-02,1.8747835159301758
2025-04-03,1.8946224451065063
2025-04-04,1.7954275608062744
2025-04-07,1.7855080366134644
2025-04-08,1.7557495832443237
2025-04-09,1.9243810176849365
2025-04-10,1.914461374282837
2025-04-11,1.9938174486160278
2025-04-14,1.914461374282837
2025-04-15,1.9938174486160278
2025-04-16,1.9739784002304077
2025-04-17,2.08309268951416
2025-04-22,2.0930120944976807
2025-04-23,2.1624488830566406
2025-04-24,2.2120461463928223
2025-04-25,2.2120461463928223
2025-04-28,2.2120461463928223
2025-04-29,2.1227707862854004
2025-04-30,2.043414831161499
2025-05-02,2.08309268951416
2025-05-05,1.9541394710540771
2025-05-06,1.934300422668457
2025-05-07,1.9541394710540771
2025-05-08,2.0533342361450195
2025-05-09,2.023575782775879
2025-05-12,2.023575782775879
2025-05-13,2.152529239654541
2025-05-14,2.0731732845306396
2025-05-15,2.2219655513763428
2025-05-16,2.281482458114624
2025-05-19,2.2517240047454834
2025-05-20,2.2517240047454834
2025-05-21,2.1326904296875
2025-05-22,2.152529239654541
2025-05-23,2.172368288040161
2025-05-26,2.1922073364257812
2025-05-27,2.2318849563598633
2025-05-28,2.1822879314422607
2025-05-29,2.1426098346710205
2025-05-30,2.11285138130188
2025-06-02,2.0930120944976807
2025-06-03,2.172368288040161
2025-06-04,2.1624488830566406
2025-06-05,2.1227707862854004
2025-06-06,2.08309268951416
2025-06-09,2.043414831161499
2025-06-10,2.0731732845306396
2025-06-11,2.043414831161499
2025-06-12,1.9838979244232178
2025-06-13,1.8946224451065063
2025-06-16,1.914461374282837
2025-06-17,1.8549445867538452
2025-06-18,1.8251861333847046
2025-06-20,1.7557495832443237
2025-06-23,1.7557495832443237
2025-06-24,1.8152666091918945
2025-06-25,1.7855080366134644
2025-06-26,1.8847029209136963
2025-06-27,1.8152666091918945
2025-06-30,1.880462884902954
2025-07-01,1.8406647443771362
2025-07-02,1.7909170389175415
2025-07-03,1.8008666038513184
2025-07-04,1.8406647443771362
2025-07-07,1.820765733718872
2025-07-08,1.8705134391784668
2025-07-09,1.8008666038513184
2025-07-10,1.8008666038513184
2025-07-11,1.7610684633255005
2025-07-14,1.7909170389175415
2025-07-15,1.7710179090499878
2025-07-16,1.7511188983917236
2025-07-17,1.7710179090499878
2025-07-18,1.661573052406311
2025-07-21,1.6516234874725342
2025-07-22,1.6416739225387573
2025-07-23,1.661573052406311
2025-07-24,1.6914217472076416
2025-07-25,1.6516234874725342
2025-07-28,1.5919263362884521
2025-07-29,1.6118253469467163
2025-07-30,1.63172447681427
2025-07-31,1.6217749118804932
2025-08-01,1.63172447681427
2025-08-04,1.63172447681427
2025-08-05,1.601875901222229
2025-08-06,1.6416739225387573
2025-08-07,1.8108161687850952
2025-08-08,1.7411693334579468
2025-08-11,1.7113207578659058
2025-08-12,1.7511188983917236
2025-08-13,1.7212703227996826
2025-08-14,1.7411693334579468
2025-08-15,1.820765733718872
2025-08-18,1.86056387424469
2025-08-19,1.820765733718872
2025-08-20,1.7710179090499878
2025-08-21,1.7113207578659058
2025-08-22,1.8108161687850952
2025-08-25,1.830715298652649
2025-08-26,1.8008666038513184
2025-08-27,1.8406647443771362
2025-08-28,1.880462884902954
2025-08-29,1.86056387424469
2025-09-01,1.9302107095718384
2025-09-02,1.8705134391784668
2025-09-03,1.86056387424469
2025-09-04,1.9700088500976562
2025-09-05,1.9501097202301025
2025-09-08,1.9103114604949951
2025-09-09,1.880462884902954
2025-09-10,1.9401601552963257
2025-09-11,1.9998574256896973
2025-09-12,1.9302107095718384
2025-09-15,1.9799582958221436
2025-09-16,2.0993525981903076
2025-09-17,2.1292014122009277
2025-09-18,2.0993525981903076
2025-09-19,2.2983434200286865
2025-09-22,2.3182425498962402
2025-09-23,2.417738199234009
2025-09-24,2.537132501602173
2025-09-25,2.487384796142578
2025-09-26,2.507283926010132
2025-09-29,2.4973342418670654
2025-09-30,2.517233371734619
2025-10-01,2.4674856662750244
2025-10-02,2.3878896236419678
2025-10-03,2.3182425498962402
2025-10-06,2.308293104171753
2025-10-07,2.1789491176605225
2025-10-08,2.198848247528076
2025-10-09,2.258545398712158
2025-10-10,2.2386462688446045
2025-10-13,2.278444528579712
2025-10-14,2.2684948444366455
2025-10-15,2.3480911254882812
2025-10-16,2.367990493774414
2025-10-17,2.477435350418091
2025-10-20,2.477435350418091
2025-10-21,2.517233371734619
2025-10-22,2.4376370906829834
2025-10-23,2.5868802070617676
2025-10-24,2.6366279125213623
2025-10-27,2.6764261722564697
2025-10-28,2.7062747478485107
2025-10-29,2.6664764881134033
2025-10-30,2.686375617980957
2025-10-31,2.6963253021240234
2025-11-03,2.6167290210723877
2025-11-04,2.6366279125213623
2025-11-05,2.5271830558776855
2025-11-06,2.517233371734619
2025-11-07,2.457536220550537
2025-11-10,2.477435350418091
2025-11-11,2.606779098510742
2025-11-12,2.457536220550537
2025-11-13,2.3182425498962402
2025-11-14,2.278444528579712
2025-11-17,2.2386462688446045
2025-11-18,2.198848247528076
2025-11-19,2.0993525981903076
2025-11-21,2.109302282333374
2025-11-24,2.109302282333374
2025-11-25,2.0993525981903076
2025-11-26,2.109302282333374
2025-11-27,2.1491005420684814
2025-11-28,2.228696823120117
2025-12-01,2.3580408096313477
2025-12-02,2.367990493774414
2025-12-03,2.367990493774414
2025-12-04,2.44758677482605
2025-12-05,2.1789491176605225
2025-12-08,2.338141679763794
2025-12-09,2.2087976932525635
2025-12-10,2.2684948444366455
2025-12-11,2.258545398712158
2025-12-12,2.278444528579712
2025-12-15,2.278444528579712
2025-12-16,2.228696823120117
2025-12-17,2.1789491176605225
2025-12-18,2.139151096343994
2025-12-19,2.168999671936035
2025-12-22,2.0993525981903076
2025-12-23,2.1590499877929688
2025-12-26,2.21874737739563
2025-12-29,2.1789491176605225
2025-12-30,2.2684948444366455
