date,close
2010-12-01,2.239426612854004
2010-12-02,2.23681378364563
2010-12-03,2.2990057468414307
2010-12-06,2.273397207260132
2010-12-07,2.2477874755859375
2010-12-08,2.2592861652374268
2010-12-09,2.265556812286377
2010-12-10,2.273397207260132
2010-12-13,2.2838478088378906
2010-12-14,2.3517894744873047
2010-12-15,2.378552198410034
2010-12-16,2.3444983959198
2010-12-17,2.289486885070801
2010-12-20,2.2947278022766113
2010-12-21,2.2491464614868164
2010-12-22,2.2711501121520996
2010-12-23,2.2632923126220703
2010-12-27,2.2648634910583496
2010-12-28,2.2334303855895996
2010-12-29,2.184706211090088
2010-12-30,2.1218361854553223
2011-01-03,2.2114248275756836
2011-01-04,2.2161402702331543
2011-01-05,2.197279930114746
2011-01-06,2.2161402702331543
2011-01-07,2.1627018451690674
2011-01-10,2.2475745677948
2011-01-11,2.1957080364227295
2011-01-12,2.190992832183838
2011-01-13,2.200423002243042
2011-01-14,2.1627018451690674
2011-01-17,2.192563772201538
2011-01-18,2.184706211090088
2011-01-19,2.146984815597534
2011-01-20,2.082542657852173
2011-01-21,2.082542657852173
2011-01-24,2.0589678287506104
2011-01-26,2.0511085987091064
2011-01-27,2.0118160247802734
2011-01-28,1.9143686294555664
2011-01-31,1.886077642440796
2011-02-01,1.9332298040390015
2011-02-02,1.8735036849975586
2011-02-03,1.886077642440796
2011-02-04,1.8232074975967407
2011-02-07,1.8467841148376465
2011-02-08,1.8184922933578491
2011-02-09,1.7760549783706665
2011-02-10,1.8247803449630737
2011-02-11,1.8892202377319336
2011-02-14,1.909652590751648
2011-02-15,1.909652590751648
2011-02-16,1.9237987995147705
2011-02-17,1.901794195175171
2011-02-18,1.980380892753601
2011-02-21,1.9332298040390015
2011-02-22,1.980380892753601
2011-02-23,1.903365969657898
2011-02-24,1.903365969657898
2011-02-25,1.9175113439559937
2011-02-28,1.9960978031158447
2011-03-01,2.0275330543518066
2011-03-02,1.9646625518798828
2011-03-03,2.0070996284484863
2011-03-04,1.9646625518798828
2011-03-09,1.9646625518798828
2011-03-10,1.8467841148376465
2011-03-11,1.8939354419708252
2011-03-14,1.901794195175171
2011-03-15,1.8782179355621338
2011-03-16,1.901794195175171
2011-03-17,1.9646625518798828
2011-03-18,1.9568054676055908
2011-03-21,1.9410876035690308
2011-03-22,2.0031373500823975
2011-03-23,2.0031373500823975
2011-03-24,1.962128758430481
2011-03-25,2.048879384994507
2011-03-28,2.0378384590148926
2011-03-29,1.9968290328979492
2011-03-30,2.018911123275757
2011-03-31,2.012600898742676
2011-04-01,2.102506160736084
2011-04-04,2.129319906234741
2011-04-05,2.129319906234741
2011-04-06,1.9873653650283813
2011-04-07,1.9873653650283813
2011-04-08,1.9715919494628906
2011-04-11,1.9747463464736938
2011-04-12,1.9823144674301147
2011-04-13,1.9586215019226074
2011-04-14,1.966520071029663
2011-04-15,1.9744166135787964
2011-04-18,1.9064977169036865
2011-04-19,1.8338395357131958
2011-04-20,1.8164631128311157
2011-04-25,1.8322584629058838
2011-04-26,1.8512135744094849
2011-04-27,1.7975094318389893
2011-04-28,1.7374861240386963
2011-04-29,1.7848728895187378
2011-05-02,1.8085660934448242
2011-05-03,1.8164631128311157
2011-05-04,1.8448954820632935
2011-05-05,1.8322584629058838
2011-05-06,1.8322584629058838
2011-05-09,1.7896113395690918
2011-05-10,1.7896113395690918
2011-05-11,1.7706571817398071
2011-05-12,1.84173583984375
2011-05-13,1.8638496398925781
2011-05-16,1.8638496398925781
2011-05-17,1.7659181356430054
2011-05-18,1.7406458854675293
2011-05-19,1.7232714891433716
2011-05-20,1.682202935218811
2011-05-23,1.6885216236114502
2011-05-24,1.6995781660079956
2011-05-25,1.7343279123306274
2011-05-26,1.745384931564331
2011-05-27,1.7295894622802734
2011-05-30,1.7738157510757446
2011-05-31,1.7690775394439697
2011-06-01,1.7374861240386963
2011-06-02,1.7137936353683472
2011-06-03,1.6585110425949097
2011-06-06,1.6632492542266846
2011-06-07,1.6743055582046509
2011-06-08,1.6600896120071411
2011-06-09,1.7295894622802734
2011-06-10,1.7374861240386963
2011-06-13,1.6901006698608398
2011-06-14,1.7201119661331177
2011-06-15,1.7137936353683472
2011-06-16,1.6585110425949097
2011-06-17,1.6585110425949097
2011-06-20,1.6837824583053589
2011-06-21,1.6506125926971436
2011-06-22,1.6577085256576538
2011-06-24,1.633913516998291
2011-06-27,1.6085325479507446
2011-06-28,1.633913516998291
2011-06-29,1.6894350051879883
2011-06-30,1.6894350051879883
2011-07-01,1.6672269105911255
2011-07-04,1.7370250225067139
2011-07-05,1.7290931940078735
2011-07-06,1.7449558973312378
2011-07-07,1.7005404233932495
2011-07-08,1.67039954662323
2011-07-11,1.659294843673706
2011-07-12,1.6577085256576538
2011-07-13,1.6894350051879883
2011-07-14,1.681503415107727
2011-07-15,1.7290931940078735
2011-07-18,1.649776816368103
2011-07-19,1.6037732362747192
2011-07-20,1.6101198196411133
2011-07-21,1.665640950202942
2011-07-22,1.6735719442367554
2011-07-25,1.6117056608200073
2011-07-26,1.8797938823699951
2011-07-27,1.9432462453842163
2011-07-28,2.0130455493927
2011-07-29,1.935315728187561
2011-08-01,2.0574634075164795
2011-08-02,1.9511789083480835
2011-08-03,1.9987684488296509
2011-08-04,1.974974513053894
2011-08-05,1.9575241804122925
2011-08-08,1.7449558973312378
2011-08-09,1.8084098100662231
2011-08-10,1.7608201503753662
2011-08-11,1.9020034074783325
2011-08-12,1.7766828536987305
2011-08-15,1.8639309406280518
2011-08-16,1.9511789083480835
2011-08-17,2.014631748199463
2011-08-18,1.9670418500900269
2011-08-19,1.935315728187561
2011-08-22,1.948005199432373
2011-08-23,1.9337290525436401
2011-08-24,1.9829051494598389
2011-08-25,1.9829051494598389
2011-08-26,2.001941442489624
2011-08-29,1.9591096639633179
2011-08-30,1.9606972932815552
2011-08-31,1.9829051494598389
2011-09-01,1.9035898447036743
2011-09-02,1.9702143669128418
2011-09-05,1.9432462453842163
2011-09-06,1.9369028806686401
2011-09-08,1.9670418500900269
2011-09-09,1.9575241804122925
2011-09-12,1.9289709329605103
2011-09-13,1.8433088064193726
2011-09-14,1.8480678796768188
2011-09-15,1.8797938823699951
2011-09-16,1.911521077156067
2011-09-19,1.8797938823699951
2011-09-20,1.8797938823699951
2011-09-21,1.875035047531128
2011-09-22,1.7957193851470947
2011-09-23,1.7735103368759155
2011-09-26,1.7909601926803589
2011-09-27,1.792546272277832
2011-09-28,1.7814418077468872
2011-09-29,1.7782694101333618
2011-09-30,1.78461492061615
2011-10-03,1.7132304906845093
2011-10-04,1.649776816368103
2011-10-05,1.7290931940078735
2011-10-06,1.7449558973312378
2011-10-07,1.7354389429092407
2011-10-10,1.7750968933105469
2011-10-11,1.78461492061615
2011-10-13,1.7893732786178589
2011-10-14,1.8702759742736816
2011-10-17,1.8084098100662231
2011-10-18,1.8433088064193726
2011-10-19,1.8591723442077637
2011-10-20,1.8718626499176025
2011-10-21,1.8655173778533936
2011-10-24,1.8766223192214966
2011-10-25,1.8766223192214966
2011-10-26,1.8782082796096802
2011-10-27,1.851240873336792
2011-10-28,1.8163414001464844
2011-10-31,1.7132304906845093
2011-11-01,1.7132304906845093
2011-11-03,1.749714970588684
2011-11-04,1.659294843673706
2011-11-07,1.703711748123169
2011-11-08,1.705298900604248
2011-11-09,1.7100573778152466
2011-11-10,1.7465429306030273
2011-11-11,1.7893732786178589
2011-11-14,1.8337910175323486
2011-11-16,1.803651213645935
2011-11-17,1.7862017154693604
2011-11-18,1.8242723941802979
2011-11-21,1.827445387840271
2011-11-22,1.8004778623580933
2011-11-23,1.8559989929199219
2011-11-24,1.8242723941802979
2011-11-25,1.8591723442077637
2011-11-28,1.8607584238052368
2011-11-29,1.8686904907226562
2011-11-30,1.9987684488296509
2011-12-01,1.9194518327713013
2011-12-02,1.9765595197677612
2011-12-05,2.0209763050079346
2011-12-06,1.935315728187561
2011-12-07,1.9432462453842163
2011-12-08,1.9511789083480835
2011-12-09,1.9908366203308105
2011-12-12,1.9591096639633179
2011-12-13,1.8908991813659668
2011-12-14,1.9035898447036743
2011-12-15,1.9987684488296509
2011-12-16,2.1177446842193604
2011-12-19,2.0622215270996094
2011-12-20,2.0622215270996094
2011-12-21,2.052703619003296
2011-12-22,1.9146941900253296
2011-12-23,2.0061886310577393
2011-12-26,2.06669282913208
2011-12-27,2.069877862930298
2011-12-28,2.052363157272339
2011-12-29,2.0651016235351562
2012-01-02,2.10172176361084
2012-01-03,2.13356614112854
2012-01-04,2.13356614112854
2012-01-05,2.1176438331604004
2012-01-06,2.10968279838562
2012-01-09,2.1176438331604004
2012-01-10,2.10172176361084
2012-01-11,2.10172176361084
2012-01-12,2.0858006477355957
2012-01-13,2.1176438331604004
2012-01-16,2.1494879722595215
2012-01-17,2.1256065368652344
2012-01-18,2.1622257232666016
2012-01-19,2.1494879722595215
2012-01-20,2.2211382389068604
2012-01-23,2.2211382389068604
2012-01-24,2.2290985584259033
2012-01-26,2.2689037322998047
2012-01-27,2.3087096214294434
2012-01-30,2.2927887439727783
2012-01-31,2.3087096214294434
2012-02-01,2.3517005443573
2012-02-02,2.3708062171936035
2012-02-03,2.420163631439209
2012-02-06,2.3803598880767822
2012-02-07,2.364436388015747
2012-02-08,2.3723974227905273
2012-02-09,2.407426118850708
2012-02-10,2.388320207595825
2012-02-13,2.3962812423706055
2012-02-14,2.388320207595825
2012-02-15,2.415389060974121
2012-02-16,2.4743001461029053
2012-02-17,2.4918148517608643
2012-02-23,2.5570943355560303
2012-02-24,2.5746099948883057
2012-02-27,2.5873472690582275
2012-02-28,2.658996820449829
2012-02-29,2.6621813774108887
2012-03-01,2.6510348320007324
2012-03-02,2.6828794479370117
2012-03-05,2.6733264923095703
2012-03-06,2.5953080654144287
2012-03-07,2.623967409133911
2012-03-08,2.64785099029541
2012-03-09,2.6828794479370117
2012-03-12,2.719501495361328
2012-03-13,2.7529373168945312
2012-03-14,2.705170154571533
2012-03-15,2.701986074447632
2012-03-16,2.627152442932129
2012-03-19,2.627152442932129
2012-03-20,2.7067630290985107
2012-03-21,2.7545292377471924
2012-03-22,2.78350567817688
2012-03-23,2.7111012935638428
2012-03-26,2.831775665283203
2012-03-27,2.8559083938598633
2012-03-28,2.8398196697235107
2012-03-29,2.799595832824707
2012-03-30,2.8559083938598633
2012-04-02,2.9283125400543213
2012-04-03,2.907396078109741
2012-04-04,2.8800439834594727
2012-04-05,2.8961329460144043
2012-04-09,2.831775665283203
2012-04-10,2.823730230331421
2012-04-11,2.815685272216797
2012-04-12,2.9283125400543213
2012-04-13,2.992671251296997
2012-04-16,3.0409393310546875
2012-04-17,2.976580858230591
2012-04-18,3.1326513290405273
2012-04-19,3.217926263809204
2012-04-20,3.266195774078369
2012-04-23,3.2581498622894287
2012-04-24,3.217926263809204
2012-04-25,3.2340145111083984
2012-04-26,3.250105619430542
2012-04-27,3.3144633769989014
2012-04-30,3.304810047149658
2012-05-02,3.304810047149658
2012-05-03,3.3788223266601562
2012-05-04,3.2822840213775635
2012-05-07,3.217926263809204
2012-05-08,3.2275798320770264
2012-05-09,3.362732410430908
2012-05-10,3.407782554626465
2012-05-11,3.2999820709228516
2012-05-14,3.198617696762085
2012-05-15,3.161612033843994
2012-05-16,3.121387481689453
2012-05-17,2.976580858230591
2012-05-18,3.0248498916625977
2012-05-21,3.0248498916625977
2012-05-22,3.0602471828460693
2012-05-23,2.939575672149658
2012-05-24,2.9427924156188965
2012-05-25,2.952446460723877
2012-05-28,2.9991068840026855
2012-05-29,2.9669275283813477
2012-05-30,2.952446460723877
2012-05-31,3.000715494155884
2012-06-01,2.9170491695404053
2012-06-04,3.0168039798736572
2012-06-05,3.069901466369629
2012-06-06,3.0972542762756348
2012-06-08,3.1374757289886475
2012-06-11,3.1374757289886475
2012-06-12,3.1374757289886475
2012-06-13,3.1374757289886475
2012-06-14,3.0570297241210938
2012-06-15,3.129432439804077
2012-06-18,3.129432439804077
2012-06-19,3.18574595451355
2012-06-20,3.256540536880493
2012-06-21,3.217926263809204
2012-06-22,3.251162528991699
2012-06-25,3.188236951828003
2012-06-26,3.2269604206085205
2012-06-27,3.2463221549987793
2012-06-28,3.202758550643921
2012-06-29,3.26729679107666
2012-07-02,3.2205066680908203
2012-07-03,3.338289737701416
2012-07-04,3.3963751792907715
2012-07-05,3.5480425357818604
2012-07-06,3.5173864364624023
2012-07-10,3.501251220703125
2012-07-11,3.6093554496765137
2012-07-12,3.5060930252075195
2012-07-13,3.52384090423584
2012-07-16,3.52384090423584
2012-07-17,3.7916781902313232
2012-07-18,3.654531955718994
2012-07-19,3.5899949073791504
2012-07-20,3.594834327697754
2012-07-23,3.549654483795166
2012-07-24,3.594834327697754
2012-07-25,3.7239110469818115
2012-07-26,3.7674758434295654
2012-07-27,3.7916781902313232
2012-07-30,3.836854934692383
2012-07-31,3.775543451309204
2012-08-01,3.6625988483428955
2012-08-02,3.7110047340393066
2012-08-03,3.7674758434295654
2012-08-06,3.775543451309204
2012-08-07,3.6690547466278076
2012-08-08,3.7110047340393066
2012-08-09,3.725525379180908
2012-08-10,3.725525379180908
2012-08-13,3.578697443008423
2012-08-14,3.468981981277466
2012-08-15,3.4044432640075684
2012-08-16,3.336677312850952
2012-08-17,3.3399038314819336
2012-08-20,3.3399038314819336
2012-08-21,3.2592291831970215
2012-08-22,3.3399038314819336
2012-08-23,3.3076345920562744
2012-08-24,3.2592291831970215
2012-08-27,3.2931129932403564
2012-08-28,3.428645133972168
2012-08-29,3.488344430923462
2012-08-30,3.5335216522216797
2012-08-31,3.4851174354553223
2012-09-03,3.5141594409942627
2012-09-04,3.565791606903076
2012-09-05,3.549654483795166
2012-09-06,3.6464645862579346
2012-09-10,3.565791606903076
2012-09-11,3.6222634315490723
2012-09-12,3.549654483795166
2012-09-13,3.5335216522216797
2012-09-14,3.5980613231658936
2012-09-17,3.6432387828826904
2012-09-18,3.7577953338623047
2012-09-19,3.7110047340393066
2012-09-20,3.725525379180908
2012-09-21,3.630331039428711
2012-09-24,3.776454448699951
2012-09-25,3.732806921005249
2012-09-26,3.718257427215576
2012-09-27,3.718257427215576
2012-09-28,3.76513934135437
2012-10-01,3.8023223876953125
2012-10-02,3.8071722984313965
2012-10-03,3.8395040035247803
2012-10-04,3.9106380939483643
2012-10-05,3.8960864543914795
2012-10-08,3.912252902984619
2012-10-09,3.912252902984619
2012-10-10,3.913869857788086
2012-10-11,3.815253973007202
2012-10-15,3.687542200088501
2012-10-16,3.734423875808716
2012-10-17,3.8217220306396484
2012-10-18,3.7990901470184326
2012-10-19,3.718257427215576
2012-10-22,3.76513934135437
2012-10-23,3.705324411392212
2012-10-24,3.6940085887908936
2012-10-25,3.6212594509124756
2012-10-26,3.6293420791625977
2012-10-29,3.7166407108306885
2012-10-30,3.6535937786102295
2012-10-31,3.613175630569458
2012-11-01,3.7570571899414062
2012-11-05,3.6859259605407715
2012-11-06,3.5856926441192627
2012-11-07,3.572761058807373
2012-11-08,3.6277270317077637
2012-11-09,3.597011089324951
2012-11-12,3.5565929412841797
2012-11-13,3.443429946899414
2012-11-14,3.5485122203826904
2012-11-16,3.6778414249420166
2012-11-19,3.651975631713867
2012-11-21,3.6778414249420166
2012-11-22,3.5889265537261963
2012-11-23,3.5582101345062256
2012-11-26,3.498394250869751
2012-11-27,3.5210273265838623
2012-11-28,3.453129768371582
2012-11-29,3.443429946899414
2012-11-30,3.3949315547943115
2012-12-03,3.3868472576141357
2012-12-04,3.451512336730957
2012-12-05,3.56467604637146
2012-12-06,3.6050925254821777
2012-12-07,3.5759940147399902
2012-12-10,3.6697592735290527
2012-12-11,3.724724292755127
2012-12-12,3.702091693878174
2012-12-13,3.7780725955963135
2012-12-14,3.718257427215576
2012-12-17,3.718257427215576
2012-12-18,3.734423875808716
2012-12-19,3.7586727142333984
2012-12-20,3.734423875808716
2012-12-21,3.7263410091400146
2012-12-26,3.718257427215576
2012-12-27,3.7505910396575928
2012-12-28,3.7295732498168945
2013-01-02,3.7990901470184326
2013-01-03,3.7829227447509766
2013-01-04,3.734423875808716
2013-01-07,3.718257427215576
2013-01-08,3.718257427215576
2013-01-09,3.742506980895996
2013-01-10,3.718257427215576
2013-01-11,3.7505910396575928
2013-01-14,3.791006326675415
2013-01-15,3.8395040035247803
2013-01-16,3.8314218521118164
2013-01-17,3.727957248687744
2013-01-18,3.7505910396575928
2013-01-21,3.737656593322754
2013-01-22,3.737656593322754
2013-01-23,3.7489731311798096
2013-01-24,3.702091693878174
2013-01-28,3.6859259605407715
2013-01-29,3.546893835067749
2013-01-30,3.580843210220337
2013-01-31,3.597011089324951
2013-02-01,3.671375036239624
2013-02-04,3.6374258995056152
2013-02-05,3.647124767303467
2013-02-06,3.6212594509124756
2013-02-07,3.6212594509124756
2013-02-08,3.6034762859344482
2013-02-13,3.532343626022339
2013-02-14,3.5565929412841797
2013-02-15,3.62449312210083
2013-02-18,3.5307281017303467
2013-02-19,3.477379322052002
2013-02-20,3.4789955615997314
2013-02-21,3.475762128829956
2013-02-22,3.5889265537261963
2013-02-25,3.645510196685791
2013-02-26,3.718257427215576
2013-02-27,3.6778414249420166
2013-02-28,3.6891582012176514
2013-03-01,3.718257427215576
2013-03-04,3.592160224914551
2013-03-05,3.6050925254821777
2013-03-06,3.6374258995056152
2013-03-07,3.656824827194214
2013-03-08,3.718257427215576
2013-03-11,3.791006326675415
2013-03-12,3.7570571899414062
2013-03-13,3.7958552837371826
2013-03-14,3.834655284881592
2013-03-15,3.774839162826538
2013-03-18,3.6778414249420166
2013-03-19,3.718257427215576
2013-03-20,3.6535937786102295
2013-03-21,3.5016286373138428
2013-03-22,3.391697883605957
2013-03-25,3.4289448261260986
2013-03-26,3.396597146987915
2013-03-27,3.445120096206665
2013-03-28,3.485556125640869
2013-04-01,3.585834503173828
2013-04-02,3.558337688446045
2013-04-03,3.550252676010132
2013-04-04,3.5421648025512695
2013-04-05,3.5356948375701904
2013-04-08,3.5648083686828613
2013-04-09,3.7119953632354736
2013-04-10,3.655385971069336
2013-04-11,3.589069366455078
2013-04-12,3.558337688446045
2013-04-15,3.558337688446045
2013-04-16,3.5276079177856445
2013-04-17,3.492023468017578
2013-04-18,3.4532055854797363
2013-04-19,3.4418842792510986
2013-04-22,3.5179030895233154
2013-04-23,3.5826003551483154
2013-04-24,3.558337688446045
2013-04-25,3.585834503173828
2013-04-26,3.585834503173828
2013-04-29,3.492023468017578
2013-04-30,3.5114331245422363
2013-05-02,3.5292255878448486
2013-05-03,3.550252676010132
2013-05-06,3.558337688446045
2013-05-07,3.598776340484619
2013-05-08,3.6715598106384277
2013-05-09,3.6392111778259277
2013-05-10,3.6230361461639404
2013-05-13,3.6812639236450195
2013-05-14,3.647298812866211
2013-05-15,3.7216989994049072
2013-05-16,3.8009541034698486
2013-05-17,3.8090405464172363
2013-05-20,3.8090405464172363
2013-05-21,3.851093053817749
2013-05-22,3.9238779544830322
2013-05-23,3.876971960067749
2013-05-24,3.8009541034698486
2013-05-27,3.7362568378448486
2013-05-28,3.7831614017486572
2013-05-29,3.7475781440734863
2013-05-31,3.7168467044830322
2013-06-03,3.7637510299682617
2013-06-04,3.838153600692749
2013-06-05,3.741107225418091
2013-06-06,3.7491941452026367
2013-06-07,3.7394907474517822
2013-06-10,3.742725133895874
2013-06-11,3.6958212852478027
2013-06-12,3.574514389038086
2013-06-13,3.464528799057007
2013-06-14,3.4079184532165527
2013-06-17,3.4143881797790527
2013-06-18,3.485556125640869
2013-06-19,3.3658649921417236
2013-06-20,3.317342519760132
2013-06-21,3.2752890586853027
2013-06-24,3.273857831954956
2013-06-25,3.424583911895752
2013-06-26,3.508861780166626
2013-06-27,3.5347936153411865
2013-06-28,3.484550952911377
2013-07-01,3.403515338897705
2013-07-02,3.346790313720703
2013-07-03,3.322479009628296
2013-07-04,3.403515338897705
2013-07-05,3.3662376403808594
2013-07-08,3.2884433269500732
2013-07-10,3.3062705993652344
2013-07-11,3.2981679439544678
2013-07-12,3.277099370956421
2013-07-15,3.354893684387207
2013-07-16,3.354893684387207
2013-07-17,3.2819607257843018
2013-07-18,3.176614284515381
2013-07-19,3.0307507514953613
2013-07-22,3.0842320919036865
2013-07-23,3.09557843208313
2013-07-24,3.0826125144958496
2013-07-25,3.1231305599212646
2013-07-26,3.1231305599212646
2013-07-29,3.126370906829834
2013-07-30,3.118267774581909
2013-07-31,3.127992630004883
2013-08-01,3.144199848175049
2013-08-02,3.127992630004883
2013-08-05,3.144199848175049
2013-08-06,3.200924873352051
2013-08-07,3.168510675430298
2013-08-08,3.168510675430298
2013-08-09,3.0469555854797363
2013-08-12,3.0388529300689697
2013-08-13,3.0469555854797363
2013-08-14,2.9983339309692383
2013-08-15,2.923781394958496
2013-08-16,2.9010918140411377
2013-08-19,2.8719184398651123
2013-08-20,2.8524703979492188
2013-08-21,2.8038485050201416
2013-08-22,2.787641763687134
2013-08-23,2.787641763687134
2013-08-26,2.7649497985839844
2013-08-27,2.632052421569824
2013-08-28,2.6579840183258057
2013-08-29,2.735776901245117
2013-08-30,2.735776901245117
2013-09-02,2.7795372009277344
2013-09-03,2.7471230030059814
2013-09-04,2.868677854537964
2013-09-05,2.8848841190338135
2013-09-06,2.8735406398773193
2013-09-09,2.9335062503814697
2013-09-10,2.8119513988494873
2013-09-11,2.7730553150177
2013-09-12,2.7568471431732178
2013-09-13,2.787641763687134
2013-09-16,2.8038485050201416
2013-09-17,2.7552268505096436
2013-09-18,2.8767802715301514
2013-09-19,2.8281588554382324
2013-09-20,2.8524703979492188
2013-09-23,2.8800227642059326
2013-09-24,2.9086790084838867
2013-09-25,2.9200353622436523
2013-09-26,2.975189447402954
2013-09-27,3.018991231918335
2013-09-30,2.9735677242279053
2013-10-01,2.923279047012329
2013-10-02,2.881101131439209
2013-10-03,2.855145215988159
2013-10-04,2.895700216293335
2013-10-07,2.871368408203125
2013-10-08,2.838923215866089
2013-10-09,2.8048551082611084
2013-10-10,2.895700216293335
2013-10-11,2.9119231700897217
2013-10-14,2.871368408203125
2013-10-15,2.78214430809021
2013-10-16,2.7659223079681396
2013-10-17,2.7740323543548584
2013-10-18,2.790255546569824
2013-10-21,2.827566146850586
2013-10-22,2.825944662094116
2013-10-23,2.709144115447998
2013-10-24,2.757810354232788
2013-10-25,2.7350995540618896
2013-10-28,2.790255546569824
2013-10-29,2.749699115753174
2013-10-30,2.717254161834717
2013-10-31,2.6604769229888916
2013-11-01,2.6880545616149902
2013-11-04,2.780522346496582
2013-11-05,2.757810354232788
2013-11-06,2.7415878772735596
2013-11-07,2.6604769229888916
2013-11-08,2.652364492416382
2013-11-11,2.626408338546753
2013-11-12,2.595585823059082
2013-11-13,2.6036977767944336
2013-11-14,2.595585823059082
2013-11-18,2.6864311695098877
2013-11-19,2.702653169631958
2013-11-21,2.6296539306640625
2013-11-22,2.678321361541748
2013-11-25,2.66372013092041
2013-11-26,2.7042763233184814
2013-11-27,2.7740323543548584
2013-11-28,2.743211030960083
2013-11-29,2.7415878772735596
2013-12-02,2.676698923110962
2013-12-03,2.6393871307373047
2013-12-04,2.6507415771484375
2013-12-05,2.6929209232330322
2013-12-06,2.658853769302368
2013-12-09,2.618297576904297
2013-12-10,2.6474990844726562
2013-12-11,2.649120569229126
2013-12-12,2.522584915161133
2013-12-13,2.4725444316864014
2013-12-16,2.44814395904541
2013-12-17,2.3863320350646973
2013-12-18,2.3733177185058594
2013-12-19,2.451397180557251
2013-12-20,2.5213451385498047
2013-12-23,2.5050790309906006
2013-12-26,2.4139838218688965
2013-12-27,2.4367566108703613
2013-12-30,2.4042251110076904
2014-01-02,2.4644110202789307
2014-01-03,2.4269981384277344
2014-01-06,2.4676644802093506
2014-01-07,2.4806785583496094
2014-01-08,2.4806785583496094
2014-01-09,2.3912107944488525
2014-01-10,2.4139838218688965
2014-01-13,2.326143980026245
2014-01-14,2.3993442058563232
2014-01-15,2.392838478088379
2014-01-16,2.337531089782715
2014-01-17,2.3196375370025635
2014-01-20,2.3537967205047607
2014-01-21,2.2936105728149414
2014-01-22,2.3196375370025635
2014-01-23,2.2301697731018066
2014-01-24,2.2854769229888916
2014-01-27,2.3391571044921875
2014-01-28,2.405850648880005
2014-01-29,2.3407838344573975
2014-01-30,2.3912107944488525
2014-01-31,2.3635566234588623
2014-02-03,2.2854769229888916
2014-02-04,2.334277391433716
2014-02-05,2.309877634048462
2014-02-06,2.358677387237549
2014-02-07,2.3424105644226074
2014-02-10,2.3180103302001953
2014-02-11,2.3131301403045654
2014-02-12,2.3180103302001953
2014-02-13,2.308251142501831
2014-02-14,2.2871036529541016
2014-02-17,2.3115041255950928
2014-02-18,2.2871036529541016
2014-02-19,2.334277391433716
2014-02-20,2.326143980026245
2014-02-21,2.4318785667419434
2014-02-24,2.5766515731811523
2014-02-25,2.5961713790893555
2014-02-26,2.664491891860962
2014-02-27,2.714918851852417
2014-02-28,2.688892126083374
2014-03-05,2.6840124130249023
2014-03-06,2.6840124130249023
2014-03-07,2.698652505874634
2014-03-10,2.688892126083374
2014-03-11,2.73281192779541
2014-03-12,2.6352109909057617
2014-03-13,2.602678060531616
2014-03-14,2.602678060531616
2014-03-17,2.6677465438842773
2014-03-18,2.760467290878296
2014-03-19,2.84342622756958
2014-03-20,2.928014039993286
2014-03-21,2.9117467403411865
2014-03-24,2.951390504837036
2014-03-25,2.956277370452881
2014-03-26,2.980710506439209
2014-03-27,3.029573678970337
2014-03-28,3.099611520767212
2014-03-31,3.197340250015259
2014-04-01,3.153362274169922
2014-04-02,3.119157075881958
2014-04-03,3.1761653423309326
2014-04-04,3.2413182258605957
2014-04-07,3.2201430797576904
2014-04-08,3.1761653423309326
2014-04-09,3.172907590866089
2014-04-10,3.132188081741333
2014-04-11,3.093096971511841
2014-04-14,3.029573678970337
2014-04-15,2.9627928733825684
2014-04-16,2.990482807159424
2014-04-17,2.9921107292175293
2014-04-22,3.081695795059204
2014-04-23,3.01654314994812
2014-04-24,2.956277370452881
2014-04-25,2.9872236251831055
2014-04-28,2.975823402404785
2014-04-29,3.0947256088256836
2014-04-30,3.0947256088256836
2014-05-02,3.0654075145721436
2014-05-05,3.1289303302764893
2014-05-06,3.0947256088256836
2014-05-07,3.07029390335083
2014-05-08,3.101240873336792
2014-05-09,2.9969964027404785
2014-05-12,3.063779354095459
2014-05-13,3.0523765087127686
2014-05-14,3.151733636856079
2014-05-15,3.1419601440429688
2014-05-16,3.156620740890503
2014-05-19,3.1484763622283936
2014-05-20,3.0768094062805176
2014-05-21,3.101240873336792
2014-05-22,3.078437089920044
2014-05-23,3.101240873336792
2014-05-26,3.111013650894165
2014-05-27,3.0865819454193115
2014-05-28,3.0947256088256836
2014-05-29,3.0947256088256836
2014-05-30,3.0947256088256836
2014-06-02,3.0035126209259033
2014-06-03,2.988854169845581
2014-06-04,2.943246603012085
2014-06-05,2.980710506439209
2014-06-06,3.0426042079925537
2014-06-09,3.073551654815674
2014-06-10,3.12730073928833
2014-06-11,3.0328314304351807
2014-06-13,3.0963547229766846
2014-06-16,3.159877300262451
2014-06-17,3.156620740890503
2014-06-18,3.12730073928833
2014-06-20,3.0751802921295166
2014-06-23,2.9921107292175293
2014-06-24,3.089329957962036
2014-06-25,3.038658618927002
2014-06-26,3.0108721256256104
2014-06-27,2.978179693222046
2014-06-30,2.9814493656158447
2014-07-01,3.055004596710205
2014-07-02,3.0239474773406982
2014-07-03,3.102407217025757
2014-07-04,3.1056764125823975
2014-07-07,3.059908390045166
2014-07-08,3.1056764125823975
2014-07-10,3.048466205596924
2014-07-11,3.025583028793335
2014-07-14,3.077888250350952
2014-07-15,3.0402932167053223
2014-07-16,3.015775203704834
2014-07-17,2.9552969932556152
2014-07-18,3.035390615463257
2014-07-21,3.1056764125823975
2014-07-22,3.182502031326294
2014-07-23,3.1841349601745605
2014-07-24,3.174328327178955
2014-07-25,3.179232120513916
2014-07-28,3.143270969390869
2014-07-29,3.1547136306762695
2014-07-30,3.1350975036621094
2014-07-31,3.1007723808288574
2014-08-01,3.1220219135284424
2014-08-04,3.2527875900268555
2014-08-05,3.344322919845581
2014-08-06,3.26259446144104
2014-08-07,3.2936511039733887
2014-08-08,3.287113666534424
2014-08-11,3.3802847862243652
2014-08-12,3.4848952293395996
2014-08-13,3.571528196334839
2014-08-14,3.494703531265259
2014-08-15,3.4832613468170166
2014-08-18,3.5306639671325684
2014-08-19,3.5388362407684326
2014-08-20,3.5960452556610107
2014-08-21,3.597679376602173
2014-08-22,3.6205646991729736
2014-08-25,3.628737688064575
2014-08-26,3.6614291667938232
2014-08-27,3.7676758766174316
2014-08-28,3.6745049953460693
2014-08-29,3.5780651569366455
2014-09-01,3.4293198585510254
2014-09-02,3.4178783893585205
2014-09-03,3.450570583343506
2014-09-04,3.4799911975860596
2014-09-05,3.476722478866577
2014-09-08,3.5110490322113037
2014-09-09,3.440762519836426
2014-09-10,3.4881649017333984
2014-09-11,3.475088119506836
2014-09-12,3.365571975708008
2014-09-15,3.3721110820770264
2014-09-16,3.344322919845581
2014-09-17,3.3933589458465576
2014-09-18,3.3835525512695312
2014-09-19,3.3492274284362793
2014-09-22,3.336150884628296
2014-09-23,3.404503583908081
2014-09-24,3.555377721786499
2014-09-25,3.5832576751708984
2014-09-26,3.5881762504577637
2014-09-29,3.5504579544067383
2014-09-30,3.4340224266052246
2014-10-01,3.4274635314941406
2014-10-02,3.378265619277954
2014-10-03,3.465181350708008
2014-10-06,3.509460210800171
2014-10-07,3.507819652557373
2014-10-08,3.5422589778900146
2014-10-09,3.5750577449798584
2014-10-10,3.4799413681030273
2014-10-13,3.5258591175079346
2014-10-14,3.56685733795166
2014-10-15,3.624255657196045
2014-10-16,3.6898539066314697
2014-10-17,3.6898539066314697
2014-10-20,3.7144503593444824
2014-10-21,3.716092109680176
2014-10-22,3.616055727005005
2014-10-23,3.476660966873169
2014-10-24,3.558657646179199
2014-10-27,3.6078548431396484
2014-10-28,3.56685733795166
2014-10-29,3.573418140411377
2014-10-30,3.6570541858673096
2014-10-31,3.6882128715515137
2014-11-03,3.737412452697754
2014-11-04,3.7144503593444824
2014-11-05,3.799729824066162
2014-11-06,3.7734878063201904
2014-11-07,4.108035087585449
2014-11-10,4.099835395812988
2014-11-11,4.050637722015381
2014-11-12,4.055558204650879
2014-11-13,4.085076332092285
2014-11-14,3.8866450786590576
2014-11-17,3.8866450786590576
2014-11-18,3.9686410427093506
2014-11-19,3.942404270172119
2014-11-21,4.017839431762695
2014-11-24,4.060477256774902
2014-11-25,3.9948818683624268
2014-11-26,4.017839431762695
2014-11-27,3.9850401878356934
2014-11-28,4.00636100769043
2014-12-01,3.9768426418304443
2014-12-02,4.075239658355713
2014-12-03,4.099835395812988
2014-12-04,4.083438396453857
2014-12-05,4.039157867431641
2014-12-08,3.971921920776367
2014-12-09,3.903043270111084
2014-12-10,3.8505661487579346
2014-12-11,3.8915648460388184
2014-12-12,3.9296212196350098
2014-12-15,3.9411380290985107
2014-12-16,3.8572468757629395
2014-12-17,3.811189651489258
2014-12-18,3.798030138015747
2014-12-19,3.9065933227539062
2014-12-22,3.9723896980285645
2014-12-23,3.9378461837768555
2014-12-26,4.0151567459106445
2014-12-29,4.191157817840576
2014-12-30,4.169773101806641
2015-01-02,4.110559463500977
2015-01-05,4.082597255706787
2015-01-06,4.201026916503906
2015-01-07,4.273402214050293
2015-01-08,4.284916877746582
2015-01-09,4.219120979309082
2015-01-12,4.411572456359863
2015-01-13,4.317814826965332
2015-01-14,4.278335094451904
2015-01-15,4.276691436767578
2015-01-16,4.419795989990234
2015-01-19,4.29478645324707
2015-01-20,4.3638715744018555
2015-01-21,4.317814826965332
2015-01-22,4.293140888214111
2015-01-23,4.263530731201172
2015-01-26,4.301366329193115
2015-01-27,4.227346897125244
2015-01-28,4.263530731201172
2015-01-29,4.260244369506836
2015-01-30,4.252017498016357
2015-02-02,4.260244369506836
2015-02-03,4.342486381530762
2015-02-04,4.174710273742676
2015-02-05,4.1944475173950195
2015-02-06,4.238858699798584
2015-02-09,4.326039791107178
2015-02-10,4.276691436767578
2015-02-11,4.2470855712890625
2015-02-12,4.3589372634887695
2015-02-13,4.309589862823486
2015-02-18,4.4658522605896
2015-02-19,4.5431623458862305
2015-02-20,4.544808864593506
2015-02-23,4.564547061920166
2015-02-24,4.539871692657471
2015-02-25,4.612248420715332
2015-02-26,4.643500804901123
2015-02-27,4.702561378479004
2015-03-02,4.603559494018555
2015-03-03,4.626661777496338
2015-03-04,4.620059967041016
2015-03-05,4.621710300445557
2015-03-06,4.544161319732666
2015-03-09,4.504557132720947
2015-03-10,4.422059535980225
2015-03-11,4.455060005187988
2015-03-12,4.4385576248168945
2015-03-13,4.379156112670898
2015-03-16,4.304907321929932
2015-03-17,4.260354518890381
2015-03-18,4.273556232452393
2015-03-19,4.347808361053467
2015-03-20,4.389057636260986
2015-03-23,4.3131561279296875
2015-03-24,4.427121162414551
2015-03-25,4.564589977264404
2015-03-26,4.579495429992676
2015-03-27,4.562933444976807
2015-03-30,4.6457438468933105
2015-03-31,4.743462085723877
2015-04-01,4.7368388175964355
2015-04-02,5.015084743499756
2015-04-06,5.0349602699279785
2015-04-07,5.073055267333984
2015-04-08,5.157520771026611
2015-04-09,5.119428634643555
2015-04-10,5.06146240234375
2015-04-13,5.1243977546691895
2015-04-14,5.381114959716797
2015-04-15,5.280084609985352
2015-04-16,5.2668328285217285
2015-04-17,5.160834789276123
2015-04-20,5.207208633422852
2015-04-22,5.232051372528076
2015-04-23,5.255239963531494
2015-04-24,5.392707824707031
2015-04-27,5.432457447052002
2015-04-28,5.303269863128662
2015-04-29,5.432457447052002
2015-04-30,5.649423599243164
2015-05-04,5.67261266708374
2015-05-05,5.71567440032959
2015-05-06,5.87798547744751
2015-05-07,5.962450981140137
2015-05-08,6.061826229095459
2015-05-11,6.17776346206665
2015-05-12,6.003857135772705
2015-05-13,6.053546905517578
2015-05-14,6.126420021057129
2015-05-15,6.32185697555542
2015-05-18,6.389760971069336
2015-05-19,6.103233337402344
2015-05-20,6.161202430725098
2015-05-21,6.277137279510498
2015-05-22,6.179420471191406
2015-05-25,6.287076473236084
2015-05-26,6.235733509063721
2015-05-27,6.088327884674072
2015-05-28,6.033671855926514
2015-05-29,5.8978590965271
2015-06-01,5.9906110763549805
2015-06-02,5.960794925689697
2015-06-03,6.013794898986816
2015-06-05,6.055202484130859
2015-06-08,6.045263290405273
2015-06-09,6.073421001434326
2015-06-10,5.975703239440918
2015-06-11,5.987297058105469
2015-06-12,6.1065449714660645
2015-06-15,6.189358711242676
2015-06-16,6.2108893394470215
2015-06-17,6.204263210296631
2015-06-18,6.240701675415039
2015-06-19,6.204263210296631
2015-06-22,6.452699184417725
2015-06-23,6.485602378845215
2015-06-24,6.477299690246582
2015-06-25,6.468994140625
2015-06-26,6.552036285400391
2015-06-29,6.327821731567383
2015-06-30,6.716459274291992
2015-07-01,6.819431781768799
2015-07-02,6.965587139129639
2015-07-03,7.125030040740967
2015-07-06,7.078524589538574
2015-07-07,7.347579002380371
2015-07-08,6.988837718963623
2015-07-10,6.882545471191406
2015-07-13,6.958942413330078
2015-07-14,6.955621719360352
2015-07-15,7.141636371612549
2015-07-16,7.10509729385376
2015-07-17,6.973891735076904
2015-07-20,6.917422771453857
2015-07-21,7.208068370819092
2015-07-22,7.266199588775635
2015-07-23,6.917422771453857
2015-07-24,6.950638294219971
2015-07-27,6.834381103515625
2015-07-28,6.802824020385742
2015-07-29,6.973891735076904
2015-07-30,7.050289154052734
2015-07-31,7.193123817443848
2015-08-03,6.975552082061768
2015-08-04,6.917422771453857
2015-08-05,6.9905009269714355
2015-08-06,6.84932804107666
2015-08-07,6.812790393829346
2015-08-10,7.025378227233887
2015-08-11,6.9340314865112305
2015-08-12,6.7264251708984375
2015-08-13,6.731409072875977
2015-08-14,6.7098164558410645
2015-08-17,6.761303424835205
2015-08-18,6.759642124176025
2015-08-19,6.432455539703369
2015-08-20,6.460690498352051
2015-08-21,6.415847301483154
2015-08-24,6.289623737335205
2015-08-25,6.087001323699951
2015-08-26,6.593558311462402
2015-08-27,6.445742607116699
2015-08-28,6.62677526473999
2015-08-31,6.593558311462402
2015-09-01,6.492246150970459
2015-09-02,6.3494133949279785
2015-09-03,6.475637912750244
2015-09-04,6.362698078155518
2015-09-08,6.457367897033691
2015-09-09,6.462350368499756
2015-09-10,6.62677526473999
2015-09-11,6.62677526473999
2015-09-14,6.701512336730957
2015-09-15,6.855970859527588
2015-09-16,7.043647289276123
2015-09-17,6.905797481536865
2015-09-18,6.731409072875977
2015-09-21,6.593558311462402
2015-09-22,6.71510648727417
2015-09-23,6.548520565032959
2015-09-24,6.60849142074585
2015-09-25,6.496881008148193
2015-09-28,6.421915531158447
2015-09-29,6.383601188659668
2015-09-30,6.513537883758545
2015-10-01,6.60849142074585
2015-10-02,6.768416404724121
2015-10-05,6.555185794830322
2015-10-06,6.701781272888184
2015-10-07,6.9449968338012695
2015-10-08,7.036620616912842
2015-10-09,6.885026454925537
2015-10-13,6.788404941558838
2015-10-14,6.656802654266357
2015-10-15,6.721771240234375
2015-10-16,6.771748065948486
2015-10-19,6.7767462730407715
2015-10-20,6.946662425994873
2015-10-21,6.911680221557617
2015-10-22,7.246519088745117
2015-10-23,7.069937229156494
2015-10-26,6.996639728546143
2015-10-27,6.963321685791016
2015-10-28,6.966653347015381
2015-10-29,6.580173015594482
2015-10-30,6.661800384521484
2015-11-03,6.863368988037109
2015-11-04,7.013298988342285
2015-11-05,7.038286209106445
2015-11-06,6.969986915588379
2015-11-09,6.8283867835998535
2015-11-10,6.70011568069458
2015-11-11,6.913346767425537
2015-11-12,6.9183430671691895
2015-11-13,7.024958610534668
2015-11-16,7.0266265869140625
2015-11-17,7.174887180328369
2015-11-18,7.161560535430908
2015-11-19,7.134905815124512
2015-11-23,7.148233413696289
2015-11-24,7.221531391143799
2015-11-25,7.164892196655273
2015-11-26,7.123244762420654
2015-11-27,6.743428707122803
2015-11-30,6.605162143707275
2015-12-01,6.761752605438232
2015-12-02,6.580173015594482
2015-12-03,6.54685640335083
2015-12-04,6.496881008148193
2015-12-07,6.585171222686768
2015-12-08,6.491880416870117
2015-12-09,6.871699333190918
2015-12-10,6.601830005645752
2015-12-11,6.57351016998291
2015-12-14,6.484997272491455
2015-12-15,6.301146030426025
2015-12-16,6.184145450592041
2015-12-17,6.429842472076416
2015-12-18,6.017007827758789
2015-12-21,5.928427696228027
2015-12-22,5.849870681762695
2015-12-23,6.040409088134766
2015-12-28,6.134004592895508
2015-12-29,6.057123184204102
2015-12-30,5.93009614944458
2016-01-04,5.876611709594727
2016-01-05,6.150720596313477
2016-01-06,6.207548141479492
2016-01-07,6.287775039672852
2016-01-08,6.237632751464844
2016-01-11,6.229275703430176
2016-01-12,6.326216697692871
2016-01-13,6.321201801300049
2016-01-14,6.368000030517578
2016-01-15,6.376357078552246
2016-01-18,6.192503929138184
2016-01-19,6.294460296630859
2016-01-20,6.1106061935424805
2016-01-21,6.319528579711914
2016-01-22,6.495028972625732
2016-01-26,6.458254814147949
2016-01-27,6.510068893432617
2016-01-28,6.63542366027832
2016-01-29,6.932931423187256
2016-02-01,7.078342914581299
2016-02-02,7.0616278648376465
2016-02-03,7.253836631774902
2016-02-04,7.295623302459717
2016-02-05,7.155226707458496
2016-02-10,7.337408065795898
2016-02-11,7.1702680587768555
2016-02-12,7.120126724243164
2016-02-15,7.128485679626465
2016-02-16,7.324036598205566
2016-02-17,7.3140082359313965
2016-02-18,7.437692165374756
2016-02-19,7.629901885986328
2016-02-22,7.663328647613525
2016-02-23,7.568059921264648
2016-02-24,7.554689407348633
2016-02-25,7.412619590759277
2016-02-26,7.487833499908447
2016-02-29,7.690071105957031
2016-03-01,7.773639678955078
2016-03-02,7.850524425506592
2016-03-03,7.76695442199707
2016-03-04,7.780327796936035
2016-03-07,7.808739185333252
2016-03-08,7.914036750793457
2016-03-09,7.877266883850098
2016-03-10,8.081174850463867
2016-03-11,8.027691841125488
2016-03-14,7.960836887359619
2016-03-15,7.813754081726074
2016-03-16,7.797037124633789
2016-03-17,8.143021583557129
2016-03-18,8.445541381835938
2016-03-21,8.657809257507324
2016-03-22,8.640182495117188
2016-03-23,8.757508277893066
2016-03-24,8.707226753234863
2016-03-28,8.866450309753418
2016-03-29,8.71895694732666
2016-03-30,8.787674903869629
2016-03-31,8.745774269104004
2016-04-01,8.858073234558105
2016-04-04,8.60330581665039
2016-04-05,8.408881187438965
2016-04-06,8.423969268798828
2016-04-07,8.827901840209961
2016-04-08,9.054170608520508
2016-04-11,8.936850547790527
2016-04-12,8.975395202636719
2016-04-13,8.856391906738281
2016-04-14,8.953605651855469
2016-04-15,9.392740249633789
2016-04-18,9.13630199432373
2016-04-19,9.305581092834473
2016-04-20,9.064229011535645
2016-04-22,8.963665962219238
2016-04-25,8.926790237426758
2016-04-26,8.933491706848145
2016-04-27,9.21507453918457
2016-04-28,9.218427658081055
2016-04-29,9.225131034851074
2016-05-02,9.191610336303711
2016-05-03,9.050820350646973
2016-05-04,9.067578315734863
2016-05-05,9.000537872314453
2016-05-06,9.042438507080078
2016-05-09,9.121216773986816
2016-05-10,9.218427658081055
2016-05-11,9.318991661071777
2016-05-12,9.645827293395996
2016-05-13,9.67934799194336
2016-05-16,9.738009452819824
2016-05-17,9.602250099182129
2016-05-18,9.402793884277344
2016-05-19,9.074283599853516
2016-05-20,9.394418716430664
2016-05-23,9.585488319396973
2016-05-24,9.53520679473877
2016-05-25,9.389386177062988
2016-05-27,9.365925788879395
2016-05-30,9.50503921508789
2016-05-31,9.67767333984375
2016-06-01,10.024622917175293
2016-06-02,10.038028717041016
2016-06-03,10.165411949157715
2016-06-06,10.214017868041992
2016-06-07,10.13021469116211
2016-06-08,10.224077224731445
2016-06-09,10.234129905700684
2016-06-10,10.133565902709961
2016-06-13,10.190552711486816
2016-06-14,9.863717079162598
2016-06-15,10.056465148925781
2016-06-16,10.123507499694824
2016-06-17,9.994450569152832
2016-06-20,10.25759506225586
2016-06-21,10.443642616271973
2016-06-22,10.224077224731445
2016-06-23,10.157032012939453
2016-06-24,10.006184577941895
2016-06-27,10.215388298034668
2016-06-28,10.252352714538574
2016-06-29,10.448929786682129
2016-06-30,10.60854721069336
2016-07-01,10.485891342163086
2016-07-04,10.460692405700684
2016-07-05,10.501015663146973
2016-07-06,10.366604804992676
2016-07-07,10.190185546875
2016-07-08,10.415325164794922
2016-07-11,10.574941635131836
2016-07-12,10.66063404083252
2016-07-13,10.645509719848633
2016-07-14,10.598464012145996
2016-07-15,10.53461742401123
2016-07-18,10.627028465270996
2016-07-19,10.756399154663086
2016-07-20,10.721116065979004
2016-07-21,10.736236572265625
2016-07-22,10.769842147827148
2016-07-25,10.749685287475586
2016-07-26,10.470769882202148
2016-07-27,10.443891525268555
2016-07-28,10.786640167236328
2016-07-29,11.136117935180664
2016-08-01,11.132755279541016
2016-08-02,10.98994255065918
2016-08-03,11.013466835021973
2016-08-04,10.996659278869629
2016-08-05,11.08234977722168
2016-08-08,11.025224685668945
2016-08-09,10.823606491088867
2016-08-10,10.60854721069336
2016-08-11,10.643832206726074
2016-08-12,10.53461742401123
2016-08-15,10.418689727783203
2016-08-16,10.030572891235352
2016-08-17,10.309476852416992
2016-08-18,10.252352714538574
2016-08-19,10.32964038848877
2016-08-22,10.077611923217773
2016-08-23,9.94992446899414
2016-08-24,9.844073295593262
2016-08-25,10.114574432373047
2016-08-26,10.023852348327637
2016-08-29,10.00536823272705
2016-08-30,9.9448823928833
2016-08-31,10.027212142944336
2016-09-01,10.00536823272705
2016-09-02,10.33299732208252
2016-09-05,10.433805465698242
2016-09-06,10.613584518432617
2016-09-08,10.610225677490234
2016-09-09,10.45901107788086
2016-09-12,10.759758949279785
2016-09-13,10.590065956115723
2016-09-14,10.704314231872559
2016-09-15,10.853848457336426
2016-09-16,10.956339836120605
2016-09-19,11.189882278442383
2016-09-20,11.500711441040039
2016-09-21,11.626723289489746
2016-09-22,11.35453987121582
2016-09-23,11.428466796875
2016-09-26,11.223485946655273
2016-09-27,11.216649055480957
2016-09-28,11.214964866638184
2016-09-29,11.157708168029785
2016-09-30,11.161078453063965
2016-10-03,11.226752281188965
2016-10-04,11.361467361450195
2016-10-05,11.577008247375488
2016-10-06,11.390091896057129
2016-10-07,11.509650230407715
2016-10-10,11.366517066955566
2016-10-11,11.299160957336426
2016-10-13,11.561853408813477
2016-10-14,11.610688209533691
2016-10-17,11.787497520446777
2016-10-18,11.770660400390625
2016-10-19,11.577008247375488
2016-10-20,11.619107246398926
2016-10-21,11.614054679870605
2016-10-24,11.787497520446777
2016-10-25,11.75382137298584
2016-10-26,11.614054679870605
2016-10-27,11.575323104858398
2016-10-28,11.787497520446777
2016-10-31,11.932315826416016
2016-11-01,11.684781074523926
2016-11-03,11.282316207885742
2016-11-04,11.289056777954102
2016-11-07,11.507967948913574
2016-11-08,11.282316207885742
2016-11-09,11.29578971862793
2016-11-10,11.022998809814453
2016-11-11,10.770408630371094
2016-11-14,10.903437614440918
2016-11-16,10.977530479431152
2016-11-17,10.768722534179688
2016-11-18,10.975846290588379
2016-11-21,11.097089767456055
2016-11-22,11.113927841186523
2016-11-23,10.935432434082031
2016-11-24,10.92195987701416
2016-11-25,10.827658653259277
2016-11-28,10.974164009094238
2016-11-29,10.807452201843262
2016-11-30,10.85965633392334
2016-12-01,10.541394233703613
2016-12-02,10.36963176727295
2016-12-05,10.290487289428711
2016-12-06,10.458882331848145
2016-12-07,10.5750732421875
2016-12-08,10.440356254577637
2016-12-09,10.34774112701416
2016-12-12,10.221445083618164
2016-12-13,10.027795791625977
2016-12-14,9.935179710388184
2016-12-15,9.802146911621094
2016-12-16,9.802456855773926
2016-12-19,9.810897827148438
2016-12-20,9.799078941345215
2016-12-21,10.038825035095215
2016-12-22,9.945962905883789
2016-12-23,9.859856605529785
2016-12-26,10.018562316894531
2016-12-27,10.048954963684082
2016-12-28,10.133366584777832
2016-12-29,10.330906867980957
2017-01-02,10.236356735229492
2017-01-03,10.6280517578125
2017-01-04,10.477789878845215
2017-01-05,10.320770263671875
2017-01-06,10.34272289276123
2017-01-09,10.325839042663574
2017-01-10,10.136744499206543
2017-01-11,10.290386199951172
2017-01-12,10.589219093322754
2017-01-13,10.59765911102295
2017-01-16,10.518309593200684
2017-01-17,10.805325508117676
2017-01-18,10.695581436157227
2017-01-19,10.774933815002441
2017-01-20,10.736104011535645
2017-01-23,10.80700969696045
2017-01-24,11.014678955078125
2017-01-26,11.197015762329102
2017-01-27,11.185198783874512
2017-01-30,11.058573722839355
2017-01-31,11.058573722839355
2017-02-01,10.678698539733887
2017-02-02,10.739481925964355
2017-02-03,10.83908748626709
2017-02-06,10.619608879089355
2017-02-07,10.6280517578125
2017-02-08,10.85766315460205
2017-02-09,10.634805679321289
2017-02-10,10.805325508117676
2017-02-13,10.67701244354248
2017-02-14,10.732726097106934
2017-02-15,11.141304016113281
2017-02-16,10.915071487426758
2017-02-17,10.687139511108398
2017-02-20,10.704025268554688
2017-02-21,10.670257568359375
2017-02-22,10.236356735229492
2017-02-23,10.265057563781738
2017-02-24,10.02868938446045
2017-03-01,9.809205055236816
2017-03-02,10.12999153137207
2017-03-03,10.045573234558105
2017-03-06,10.045573234558105
2017-03-07,9.986480712890625
2017-03-08,9.969597816467285
2017-03-09,9.620115280151367
2017-03-10,9.760248184204102
2017-03-13,9.898690223693848
2017-03-14,9.539074897766113
2017-03-15,9.73492431640625
2017-03-16,9.539074897766113
2017-03-17,9.572842597961426
2017-03-20,9.817648887634277
2017-03-21,9.733233451843262
2017-03-22,9.67414379119873
2017-03-23,9.748428344726562
2017-03-24,9.707907676696777
2017-03-27,9.686690330505371
2017-03-28,10.123454093933105
2017-03-29,10.055741310119629
2017-03-30,10.040509223937988
2017-03-31,9.932162284851074
2017-04-03,9.95755672454834
2017-04-04,9.981255531311035
2017-04-05,10.191170692443848
2017-04-06,10.199637413024902
2017-04-07,10.336761474609375
2017-04-10,10.372312545776367
2017-04-11,10.370619773864746
2017-04-12,10.497587203979492
2017-04-13,10.463728904724121
2017-04-17,10.512823104858398
2017-04-18,10.6990385055542
2017-04-19,10.563608169555664
2017-04-20,10.526365280151367
2017-04-24,10.834470748901367
2017-04-25,11.156121253967285
2017-04-26,11.28308391571045
2017-04-27,11.17304515838623
2017-04-28,11.418513298034668
2017-05-02,11.731696128845215
2017-05-03,11.706308364868164
2017-05-04,11.511621475219727
2017-05-05,11.565797805786133
2017-05-08,11.469300270080566
2017-05-09,11.682605743408203
2017-05-10,11.858663558959961
2017-05-11,11.711382865905762
2017-05-12,11.79941177368164
2017-05-15,11.884057998657227
2017-05-16,11.826502799987793
2017-05-17,11.71476936340332
2017-05-18,11.369421005249023
2017-05-19,11.393123626708984
2017-05-22,11.105334281921387
2017-05-23,11.21536922454834
2017-05-24,11.325408935546875
2017-05-25,11.426981925964355
2017-05-26,11.98563289642334
2017-05-29,11.98563289642334
2017-05-30,12.220945358276367
2017-05-31,12.188777923583984
2017-06-01,12.24464225769043
2017-06-02,12.237875938415527
2017-06-05,12.280196189880371
2017-06-06,12.632312774658203
2017-06-07,12.7406587600708
2017-06-08,12.457948684692383
2017-06-09,12.578142166137695
2017-06-12,12.349597930908203
2017-06-13,12.385153770446777
2017-06-14,12.078741073608398
2017-06-15,12.078741073608398
2017-06-16,12.188777923583984
2017-06-19,12.268345832824707
2017-06-20,11.919609069824219
2017-06-21,12.019492149353027
2017-06-22,12.273423194885254
2017-06-23,12.170157432556152
2017-06-26,12.273423194885254
2017-06-27,12.110339164733887
2017-06-28,11.94239616394043
2017-06-29,11.84909725189209
2017-06-30,11.893200874328613
2017-07-03,11.908469200134277
2017-07-04,11.95936107635498
2017-07-05,11.978022575378418
2017-07-06,11.816864013671875
2017-07-07,11.730353355407715
2017-07-10,11.874543190002441
2017-07-11,11.74392318725586
2017-07-12,11.840615272521973
2017-07-13,11.945789337158203
2017-07-14,11.823647499084473
2017-07-17,11.823647499084473
2017-07-18,11.906774520874023
2017-07-19,11.842310905456543
2017-07-20,11.85757827758789
2017-07-21,11.8864164352417
2017-07-24,12.018731117248535
2017-07-25,11.764277458190918
2017-07-26,11.74901008605957
2017-07-27,11.755794525146484
2017-07-28,11.569196701049805
2017-07-31,11.70490550994873
2017-08-01,11.891505241394043
2017-08-02,11.950876235961914
2017-08-03,11.83043384552002
2017-08-04,11.747313499450684
2017-08-07,11.871147155761719
2017-08-08,11.798205375671387
2017-08-09,11.827044486999512
2017-08-10,11.662495613098145
2017-08-11,11.755794525146484
2017-08-14,11.726957321166992
2017-08-15,11.883021354675293
2017-08-16,11.813472747802734
2017-08-17,11.650623321533203
2017-08-18,11.59124755859375
2017-08-21,11.696423530578613
2017-08-22,12.062836647033691
2017-08-23,12.018731117248535
2017-08-24,11.91186237335205
2017-08-25,11.945789337158203
2017-08-28,12.061140060424805
2017-08-29,11.957660675048828
2017-08-30,11.74392318725586
2017-08-31,11.764277458190918
2017-09-01,11.955968856811523
2017-09-04,11.908469200134277
2017-09-05,12.281668663024902
2017-09-06,12.44791316986084
2017-09-07,12.44791316986084
2017-09-08,12.637907028198242
2017-09-11,12.807540893554688
2017-09-12,12.917804718017578
2017-09-13,12.807540893554688
2017-09-14,12.909321784973145
2017-09-15,12.99923038482666
2017-09-18,12.977174758911133
2017-09-19,13.021282196044922
2017-09-20,12.7736177444458
2017-09-21,12.836381912231445
2017-09-22,12.663349151611328
2017-09-25,12.592105865478516
2017-09-26,12.603978157043457
2017-09-27,12.464877128601074
2017-09-28,12.477572441101074
2017-09-29,12.749561309814453
2017-10-02,12.858360290527344
2017-10-03,13.27994441986084
2017-10-04,13.414237976074219
2017-10-05,13.553634643554688
2017-10-06,13.390438079833984
2017-10-09,13.40403938293457
2017-10-10,13.409138679504395
2017-10-11,13.319040298461914
2017-10-12,13.319040298461914
2017-10-13,13.327544212341309
2017-10-16,13.407438278198242
2017-10-17,13.111648559570312
2017-10-18,13.354743957519531
2017-10-19,13.222146034240723
2017-10-20,12.989253997802734
2017-10-23,12.946754455566406
2017-10-24,13.060648918151855
2017-10-25,13.162650108337402
2017-10-26,12.749561309814453
2017-10-27,13.242545127868652
2017-10-30,13.118447303771973
2017-10-31,13.295243263244629
2017-11-01,13.415939331054688
2017-11-02,13.415939331054688
2017-11-03,13.597832679748535
2017-11-06,13.737229347229004
2017-11-07,13.769526481628418
2017-11-08,13.939521789550781
2017-11-09,13.815425872802734
2017-11-10,13.754230499267578
2017-11-13,13.604632377624512
2017-11-14,13.480536460876465
2017-11-15,13.480536460876465
2017-11-16,13.72702693939209
2017-11-17,14.347508430480957
2017-11-20,14.347508430480957
2017-11-21,14.72999095916748
2017-11-22,14.695999145507812
2017-11-23,14.7894926071167
2017-11-24,15.046183586120605
2017-11-27,15.273974418640137
2017-11-28,15.258676528930664
2017-11-29,15.059783935546875
2017-11-30,14.959482192993164
2017-12-01,14.90509033203125
2017-12-04,14.786088943481445
2017-12-05,14.840490341186523
2017-12-06,14.891487121582031
2017-12-07,14.959482192993164
2017-12-08,14.959482192993164
2017-12-11,14.90509033203125
2017-12-12,14.670495986938477
2017-12-13,14.704496383666992
2017-12-14,14.736794471740723
2017-12-15,14.92548656463623
2017-12-18,14.883968353271484
2017-12-19,14.841397285461426
2017-12-20,15.139416694641113
2017-12-21,15.292683601379395
2017-12-22,15.323334693908691
2017-12-25,15.323334693908691
2017-12-26,15.256921768188477
2017-12-27,15.435733795166016
2017-12-28,15.633277893066406
2017-12-29,15.633277893066406
2018-01-02,15.403372764587402
2018-01-03,15.0219087600708
2018-01-04,15.137710571289062
2018-01-05,15.403372764587402
2018-01-08,15.207530975341797
2018-01-09,14.994657516479492
2018-01-10,14.536561012268066
2018-01-11,14.739215850830078
2018-01-12,14.730701446533203
2018-01-15,14.754542350769043
2018-01-16,14.514422416687012
2018-01-17,14.737508773803711
2018-01-18,14.611495971679688
2018-01-19,14.526345252990723
2018-01-22,14.533154487609863
2018-01-23,14.11252212524414
2018-01-24,14.388401985168457
2018-01-25,14.388401985168457
2018-01-26,14.596168518066406
2018-01-29,14.390110969543457
2018-01-30,14.47525405883789
2018-01-31,14.378186225891113
2018-02-01,14.080169677734375
2018-02-02,13.886026382446289
2018-02-05,13.862186431884766
2018-02-06,13.782147407531738
2018-02-07,13.85367202758789
2018-02-08,13.768522262573242
2018-02-09,13.598225593566895
2018-02-14,14.01885986328125
2018-02-15,14.023966789245605
2018-02-16,13.955850601196289
2018-02-19,13.949041366577148
2018-02-20,14.006937980651855
2018-02-21,13.947336196899414
2018-02-22,13.96436595916748
2018-02-23,13.76682186126709
2018-02-26,13.545434951782227
2018-02-27,13.174185752868652
2018-02-28,13.238897323608398
2018-03-01,13.48923397064209
2018-03-02,13.470499992370605
2018-03-05,13.33426570892334
2018-03-06,13.145236015319824
2018-03-07,13.56927490234375
2018-03-08,13.419412612915039
2018-03-09,13.589710235595703
2018-03-12,13.3955717086792
2018-03-13,13.55905818939209
2018-03-14,13.45517635345459
2018-03-15,13.266144752502441
2018-03-16,13.02432632446289
2018-03-19,13.180996894836426
2018-03-20,13.177591323852539
2018-03-21,13.044760704040527
2018-03-22,13.061790466308594
2018-03-23,12.823376655578613
2018-03-26,12.993672370910645
2018-03-27,12.677103042602539
2018-03-28,12.427960395812988
2018-03-29,12.764130592346191
2018-04-02,12.700992584228516
2018-04-03,12.661741256713867
2018-04-04,12.31363296508789
2018-04-05,11.945040702819824
2018-04-06,11.586691856384277
2018-04-09,11.433106422424316
2018-04-10,11.774397850036621
2018-04-11,11.893845558166504
2018-04-12,12.1327486038208
2018-04-13,11.902379035949707
2018-04-16,11.859719276428223
2018-04-17,12.037187576293945
2018-04-18,11.834122657775879
2018-04-19,11.81535530090332
2018-04-20,11.641297340393066
2018-04-23,11.518434524536133
2018-04-24,11.620816230773926
2018-04-25,11.675426483154297
2018-04-26,11.946746826171875
2018-04-27,11.859719276428223
2018-04-30,11.736855506896973
2018-05-02,11.262463569641113
2018-05-03,11.156667709350586
2018-05-04,10.750535011291504
2018-05-07,10.470684051513672
2018-05-08,10.634500503540039
2018-05-09,10.784664154052734
2018-05-10,11.50136661529541
2018-05-11,11.876786231994629
2018-05-14,11.98599624633789
2018-05-15,11.92797565460205
2018-05-16,12.14639949798584
2018-05-17,11.817060470581055
2018-05-18,11.306836128234863
2018-05-21,11.10888385772705
2018-05-22,11.366559982299805
2018-05-23,10.89558219909668
2018-05-24,10.750535011291504
2018-05-25,10.566244125366211
2018-05-28,10.533821105957031
2018-05-29,10.494571685791016
2018-05-30,10.625967979431152
2018-06-01,11.062817573547363
2018-06-04,11.643004417419434
2018-06-05,11.433106422424316
2018-06-06,11.091826438903809
2018-06-07,10.962133407592773
2018-06-08,11.143017768859863
2018-06-11,11.03551197052002
2018-06-12,11.10888385772705
2018-06-13,11.318780899047852
2018-06-14,11.578158378601074
2018-06-15,11.803407669067383
2018-06-18,12.09862232208252
2018-06-19,12.168585777282715
2018-06-20,12.05595874786377
2018-06-21,11.643004417419434
2018-06-22,11.581572532653809
2018-06-25,11.649827003479004
2018-06-26,11.622526168823242
2018-06-27,11.262229919433594
2018-06-28,11.115141868591309
2018-06-29,11.356289863586426
2018-07-02,11.588890075683594
2018-07-03,11.97028636932373
2018-07-04,11.936079025268555
2018-07-05,11.681245803833008
2018-07-06,11.52219009399414
2018-07-10,11.621383666992188
2018-07-11,11.953181266784668
2018-07-12,12.160125732421875
2018-07-13,12.784379959106445
2018-07-16,12.861344337463379
2018-07-17,13.391529083251953
2018-07-18,12.946856498718262
2018-07-19,12.998167991638184
2018-07-20,13.348773002624512
2018-07-23,13.100785255432129
2018-07-24,13.117884635925293
2018-07-25,13.04947566986084
2018-07-26,12.827136039733887
2018-07-27,12.827136039733887
2018-07-30,12.674919128417969
2018-07-31,12.71767520904541
2018-08-01,12.974221229553223
2018-08-02,13.176031112670898
2018-08-03,13.208528518676758
2018-08-06,13.064867973327637
2018-08-07,12.869893074035645
2018-08-08,12.977643013000488
2018-08-09,13.083677291870117
2018-08-10,13.083677291870117
2018-08-13,13.047760963439941
2018-08-14,12.929756164550781
2018-08-15,12.856210708618164
2018-08-16,12.898967742919922
2018-08-17,12.951987266540527
2018-08-20,13.032369613647461
2018-08-21,12.965668678283691
2018-08-22,13.40863037109375
2018-08-23,13.6480712890625
2018-08-24,13.887516975402832
2018-08-27,13.740428924560547
2018-08-28,13.188008308410645
2018-08-29,13.524933815002441
2018-08-30,13.442839622497559
2018-08-31,13.169196128845215
2018-09-03,13.040922164916992
2018-09-04,12.85108470916748
2018-09-05,12.449162483215332
2018-09-06,12.698868751525879
2018-09-10,12.941727638244629
2018-09-11,12.560332298278809
2018-09-12,12.60479736328125
2018-09-13,12.64755630493164
2018-09-14,13.16235065460205
2018-09-17,13.249579429626465
2018-09-18,13.290624618530273
2018-09-19,13.169196128845215
2018-09-20,13.174321174621582
2018-09-21,13.28891658782959
2018-09-24,12.71425724029541
2018-09-25,12.560332298278809
2018-09-26,12.433772087097168
2018-09-27,12.717933654785156
2018-09-28,12.414555549621582
2018-10-01,12.220871925354004
2018-10-02,12.428268432617188
2018-10-03,12.68365478515625
2018-10-04,12.711079597473145
2018-10-05,12.469404220581055
2018-10-08,12.726506233215332
2018-10-09,12.5602445602417
2018-10-10,12.301430702209473
2018-10-11,11.566121101379395
2018-10-15,11.567835807800293
2018-10-16,11.485562324523926
2018-10-17,11.156476020812988
2018-10-18,11.363874435424805
2018-10-19,11.363874435424805
2018-10-22,11.449570655822754
2018-10-23,11.449570655822754
2018-10-24,10.997069358825684
2018-10-25,11.171903610229492
2018-10-26,11.30559253692627
2018-10-29,10.832527160644531
2018-10-30,11.141050338745117
2018-10-31,10.767395973205566
2018-11-01,10.823955535888672
2018-11-05,11.398150444030762
2018-11-06,11.440997123718262
2018-11-07,11.483848571777344
2018-11-08,11.312448501586914
2018-11-09,11.312448501586914
2018-11-12,11.233601570129395
2018-11-13,11.46670913696289
2018-11-14,11.415288925170898
2018-11-16,11.355297088623047
2018-11-19,10.883946418762207
2018-11-21,10.815386772155762
2018-11-22,10.832527160644531
2018-11-23,10.748541831970215
2018-11-26,10.655985832214355
2018-11-27,10.76396656036377
2018-11-28,10.695404052734375
2018-11-29,10.657699584960938
2018-11-30,10.649128913879395
2018-12-03,10.877090454101562
2018-12-04,10.969650268554688
2018-12-05,10.745115280151367
2018-12-06,10.76396656036377
2018-12-07,10.529149055480957
2018-12-10,10.43830394744873
2018-12-11,10.789674758911133
2018-12-12,10.978219985961914
2018-12-13,10.822242736816406
2018-12-14,10.733114242553711
2018-12-17,10.466726303100586
2018-12-18,10.133302688598633
2018-12-19,10.22783088684082
2018-12-20,9.927063941955566
2018-12-21,10.157366752624512
2018-12-26,9.93393611907959
2018-12-27,9.82394027709961
2018-12-28,9.822224617004395
2019-01-02,9.74488353729248
2019-01-03,9.722539901733398
2019-01-04,9.861756324768066
2019-01-07,9.641762733459473
2019-01-08,9.994088172912598
2019-01-09,10.502819061279297
2019-01-10,10.917015075683594
2019-01-11,10.999513626098633
2019-01-14,10.95998477935791
2019-01-15,11.123261451721191
2019-01-16,11.03388786315918
2019-01-17,10.831086158752441
2019-01-18,10.891239166259766
2019-01-21,10.721089363098145
2019-01-22,10.561251640319824
2019-01-23,10.636877059936523
2019-01-24,10.705622673034668
2019-01-28,11.190289497375488
2019-01-29,10.844833374023438
2019-01-30,10.717652320861816
2019-01-31,10.655781745910645
2019-02-01,10.73311996459961
2019-02-04,10.741711616516113
2019-02-05,10.538908958435059
2019-02-06,10.265641212463379
2019-02-07,10.355010986328125
2019-02-08,10.35157585144043
2019-02-11,10.183147430419922
2019-02-12,10.186583518981934
2019-02-13,9.978622436523438
2019-02-14,10.102368354797363
2019-02-15,10.055962562561035
2019-02-18,9.896123886108398
2019-02-19,10.181424140930176
2019-02-20,9.994088172912598
2019-02-21,10.131586074829102
2019-02-22,10.195175170898438
2019-02-25,10.140179634094238
2019-02-26,10.473601341247559
2019-02-27,11.255599021911621
2019-02-28,11.241850852966309
2019-03-01,10.973736763000488
2019-03-06,10.858586311340332
2019-03-07,10.789836883544922
2019-03-08,11.480742454528809
2019-03-11,11.515115737915039
2019-03-12,11.530587196350098
2019-03-13,12.047908782958984
2019-03-14,11.86744499206543
2019-03-15,11.800415992736816
2019-03-18,11.673235893249512
2019-03-19,11.772919654846191
2019-03-20,11.343250274658203
2019-03-21,11.429184913635254
2019-03-22,11.413715362548828
2019-03-25,11.417152404785156
2019-03-26,11.370749473571777
2019-03-27,11.085204124450684
2019-03-28,11.200654983520508
2019-03-29,11.252351760864258
2019-04-01,11.130008697509766
2019-04-02,11.317831039428711
2019-04-03,11.28681468963623
2019-04-04,11.605602264404297
2019-04-05,11.864078521728516
2019-04-08,11.7158842086792
2019-04-09,11.596985816955566
2019-04-10,11.467752456665039
2019-04-11,11.372971534729004
2019-04-12,11.372971534729004
2019-04-15,11.352298736572266
2019-04-16,11.510828971862793
2019-04-17,11.157574653625488
2019-04-18,11.214442253112793
2019-04-22,11.372971534729004
2019-04-23,11.545289993286133
2019-04-24,11.479813575744629
2019-04-25,11.708995819091797
2019-04-26,11.674530029296875
2019-04-29,11.76069164276123
2019-04-30,11.914051055908203
2019-05-02,11.907159805297852
2019-05-03,11.934727668762207
2019-05-06,11.81238842010498
2019-05-07,11.7227783203125
2019-05-08,11.910605430603027
2019-05-09,11.776199340820312
2019-05-10,11.7296724319458
2019-05-13,11.640069961547852
2019-05-14,11.640069961547852
2019-05-15,11.428118705749512
2019-05-16,11.086929321289062
2019-05-17,10.988704681396484
2019-05-20,11.200654983520508
2019-05-21,11.545289993286133
2019-05-22,11.450521469116211
2019-05-23,11.319559097290039
2019-05-24,11.304047584533691
2019-05-27,11.324728012084961
2019-05-28,11.667635917663574
2019-05-29,11.958853721618652
2019-05-30,12.019165992736816
2019-05-31,11.962300300598145
2019-06-03,11.993318557739258
2019-06-04,12.134618759155273
2019-06-05,11.924391746520996
2019-06-06,11.993318557739258
2019-06-07,12.329339027404785
2019-06-10,12.511993408203125
2019-06-11,12.556798934936523
2019-06-12,12.75151538848877
2019-06-13,12.689481735229492
2019-06-14,12.80321216583252
2019-06-17,12.923835754394531
2019-06-18,12.920392036437988
2019-06-19,13.09615421295166
2019-06-21,12.829061508178711
2019-06-24,12.978978157043457
2019-06-25,12.57919692993164
2019-06-26,12.648126602172852
2019-06-27,13.113085746765137
2019-06-28,13.14244270324707
2019-07-01,13.332413673400879
2019-07-02,13.157987594604492
2019-07-03,13.297877311706543
2019-07-04,13.91959285736084
2019-07-05,14.043940544128418
2019-07-08,14.07502269744873
2019-07-10,14.420421600341797
2019-07-11,14.446330070495605
2019-07-12,13.838422775268555
2019-07-15,13.88332748413086
2019-07-16,13.489574432373047
2019-07-17,13.392860412597656
2019-07-18,13.47057819366455
2019-07-19,13.384225845336914
2019-07-22,13.39976978302002
2019-07-23,13.396316528320312
2019-07-24,13.793522834777832
2019-07-25,13.783159255981445
2019-07-26,14.247722625732422
2019-07-29,14.524045944213867
2019-07-30,14.420421600341797
2019-07-31,14.335799217224121
2019-08-01,14.64838695526123
2019-08-02,15.197569847106934
2019-08-05,14.506772994995117
2019-08-06,14.938526153564453
2019-08-07,16.32011604309082
2019-08-08,15.862465858459473
2019-08-09,15.888370513916016
2019-08-12,15.525704383850098
2019-08-13,15.610329627990723
2019-08-14,15.199298858642578
2019-08-15,15.05941104888916
2019-08-16,15.29255485534668
2019-08-19,15.420354843139648
2019-08-20,15.527426719665527
2019-08-21,15.456624031066895
2019-08-22,15.422082901000977
2019-08-23,15.370272636413574
2019-08-26,15.194114685058594
2019-08-27,15.422082901000977
2019-08-28,16.161235809326172
2019-08-29,15.907370567321777
2019-08-30,15.895281791687012
2019-09-02,15.577513694763184
2019-09-03,15.663861274719238
2019-09-04,15.80201530456543
2019-09-05,15.710491180419922
2019-09-06,15.682855606079102
2019-09-09,15.684581756591797
2019-09-10,15.974725723266602
2019-09-11,16.31148910522461
2019-09-12,16.168148040771484
2019-09-13,15.991989135742188
2019-09-16,15.997174263000488
2019-09-17,16.24585723876953
2019-09-18,15.915999412536621
2019-09-19,16.071430206298828
2019-09-20,16.16641616821289
2019-09-23,16.199230194091797
2019-09-24,16.64824867248535
2019-09-25,16.565357208251953
2019-09-26,16.59297752380371
2019-09-27,16.63237953186035
2019-09-30,16.573562622070312
2019-10-01,16.59432029724121
2019-10-02,16.468048095703125
2019-10-03,16.53032112121582
2019-10-04,17.557844161987305
2019-10-07,17.66682243347168
2019-10-08,17.300098419189453
2019-10-09,17.550922393798828
2019-10-10,17.42118263244629
2019-10-11,17.467891693115234
2019-10-14,17.48000144958496
2019-10-15,17.492111206054688
2019-10-16,17.79656219482422
2019-10-17,17.549196243286133
2019-10-18,17.926300048828125
2019-10-21,18.2584285736084
2019-10-22,18.372596740722656
2019-10-23,17.883060455322266
2019-10-24,18.249773025512695
2019-10-25,18.517908096313477
2019-10-28,18.50925064086914
2019-10-29,18.924419403076172
2019-10-30,18.90711212158203
2019-10-31,19.02820587158203
2019-11-01,19.54197120666504
2019-11-04,19.685544967651367
2019-11-05,19.355148315429688
2019-11-06,19.484880447387695
2019-11-07,19.382823944091797
2019-11-08,19.287683486938477
2019-11-11,19.374176025390625
2019-11-12,19.02647590637207
2019-11-13,18.76700210571289
2019-11-14,19.408769607543945
2019-11-18,19.26173210144043
2019-11-19,19.339576721191406
2019-11-21,19.495264053344727
2019-11-22,19.676895141601562
2019-11-25,19.294599533081055
2019-11-26,19.356870651245117
2019-11-27,19.642297744750977
2019-11-28,19.82392692565918
2019-11-29,19.545427322387695
2019-12-02,19.02820587158203
2019-12-03,19.11296844482422
2019-12-04,18.552499771118164
2019-12-05,18.254968643188477
2019-12-06,18.14944839477539
2019-12-09,17.780990600585938
2019-12-10,17.973003387451172
2019-12-11,17.557844161987305
2019-12-12,17.95085906982422
2019-12-13,18.538131713867188
2019-12-16,18.247085571289062
2019-12-17,18.364896774291992
2019-12-18,18.177799224853516
2019-12-19,18.321584701538086
2019-12-20,18.58316993713379
2019-12-23,18.772001266479492
2019-12-26,19.012798309326172
2019-12-27,19.042255401611328
2019-12-30,19.34021759033203
2020-01-02,19.892850875854492
2020-01-03,19.449363708496094
2020-01-06,19.066511154174805
2020-01-07,18.804916381835938
2020-01-08,19.05611228942871
2020-01-09,19.62952995300293
2020-01-10,19.021459579467773
2020-01-13,19.46668815612793
2020-01-14,19.757720947265625
2020-01-15,19.816619873046875
2020-01-16,19.717876434326172
2020-01-17,20.04010009765625
2020-01-20,20.634305953979492
2020-01-21,21.741289138793945
2020-01-22,21.78460121154785
2020-01-23,21.393085479736328
2020-01-24,21.481435775756836
2020-01-27,21.65467071533203
2020-01-28,21.63214683532715
2020-01-29,22.276588439941406
2020-01-30,21.70664405822754
2020-01-31,21.51954460144043
2020-02-03,21.448516845703125
2020-02-04,21.328983306884766
2020-02-05,21.102041244506836
2020-02-06,21.005035400390625
2020-02-07,20.87510108947754
2020-02-10,20.739974975585938
2020-02-11,21.011959075927734
2020-02-12,21.162675857543945
2020-02-13,20.788482666015625
2020-02-14,21.16614532470703
2020-02-17,20.918415069580078
2020-02-18,20.771160125732422
2020-02-19,20.830060958862305
2020-02-20,20.630836486816406
2020-02-21,21.25102424621582
2020-02-26,20.648160934448242
2020-02-27,19.620864868164062
2020-02-28,20.771160125732422
2020-03-02,21.580177307128906
2020-03-03,21.63561248779297
2020-03-04,21.63735008239746
2020-03-05,21.51781463623047
2020-03-06,21.334177017211914
2020-03-09,20.07648277282715
2020-03-10,20.234128952026367
2020-03-11,19.92230224609375
2020-03-12,17.365314483642578
2020-03-13,18.18819236755371
2020-03-16,16.457550048828125
2020-03-17,17.888490676879883
2020-03-18,17.46232795715332
2020-03-19,18.565845489501953
2020-03-20,19.46495246887207
2020-03-23,19.904972076416016
2020-03-24,18.74774932861328
2020-03-25,19.5567626953125
2020-03-26,19.13579750061035
2020-03-27,18.588088989257812
2020-03-30,18.09893035888672
2020-03-31,17.66701316833496
2020-04-01,17.935880661010742
2020-04-02,18.187395095825195
2020-04-03,16.478805541992188
2020-04-06,16.825729370117188
2020-04-07,17.431100845336914
2020-04-08,17.587217330932617
2020-04-09,17.686094284057617
2020-04-13,17.533451080322266
2020-04-14,17.339258193969727
2020-04-15,17.740188598632812
2020-04-16,18.224437713623047
2020-04-17,18.035255432128906
2020-04-20,18.823240280151367
2020-04-22,19.26930809020996
2020-04-23,18.562896728515625
2020-04-24,18.144607543945312
2020-04-27,18.406686782836914
2020-04-28,19.187728881835938
2020-04-29,18.845802307128906
2020-04-30,18.186256408691406
2020-05-04,18.148067474365234
2020-05-05,18.069965362548828
2020-05-06,17.967565536499023
2020-05-07,17.997068405151367
2020-05-08,18.168899536132812
2020-05-11,18.224437713623047
2020-05-12,18.792003631591797
2020-05-13,18.32857894897461
2020-05-14,18.318164825439453
2020-05-15,17.847803115844727
2020-05-18,18.385862350463867
2020-05-19,17.880781173706055
2020-05-20,17.868633270263672
2020-05-21,18.642738342285156
2020-05-22,18.321638107299805
2020-05-25,18.56463050842285
2020-05-26,18.93779182434082
2020-05-27,19.432464599609375
2020-05-28,19.000282287597656
2020-05-29,18.99506950378418
2020-06-01,19.048879623413086
2020-06-02,19.67719078063965
2020-06-03,19.43419647216797
2020-06-04,19.404687881469727
2020-06-05,19.26583480834961
2020-06-08,19.205089569091797
2020-06-09,19.170379638671875
2020-06-10,19.369976043701172
2020-06-12,18.797208786010742
2020-06-15,18.8787841796875
2020-06-16,18.918704986572266
2020-06-17,19.328325271606445
2020-06-18,18.936063766479492
2020-06-19,19.82645606994629
2020-06-22,18.72430992126465
2020-06-23,18.96209144592285
2020-06-24,18.745136260986328
2020-06-25,19.107892990112305
2020-06-26,18.860837936401367
2020-06-29,19.15977668762207
2020-06-30,19.22582244873047
2020-07-01,20.155654907226562
2020-07-02,19.905380249023438
2020-07-03,19.921024322509766
2020-07-06,19.93492889404297
2020-07-07,19.59427833557129
2020-07-08,19.55083656311035
2020-07-09,19.552566528320312
2020-07-10,19.222347259521484
2020-07-13,19.036376953125
2020-07-14,19.144136428833008
2020-07-15,19.52997589111328
2020-07-16,19.465667724609375
2020-07-17,19.56647300720215
2020-07-20,20.146970748901367
2020-07-21,20.355527877807617
2020-07-22,20.499780654907227
2020-07-23,19.882787704467773
2020-07-24,19.839340209960938
2020-07-27,20.449384689331055
2020-07-28,20.421571731567383
2020-07-29,20.960355758666992
2020-07-30,21.772010803222656
2020-07-31,21.568653106689453
2020-08-03,20.588417053222656
2020-08-04,20.579729080200195
2020-08-05,20.499780654907227
2020-08-06,20.619709014892578
2020-08-07,20.684009552001953
2020-08-10,20.143497467041016
2020-08-11,19.87061882019043
2020-08-12,19.378768920898438
2020-08-13,19.133708953857422
2020-08-14,19.635997772216797
2020-08-17,19.18410873413086
2020-08-18,19.283174514770508
2020-08-19,18.620996475219727
2020-08-20,18.900815963745117
2020-08-21,18.68356704711914
2020-08-24,18.740921020507812
2020-08-25,18.671396255493164
2020-08-26,18.760034561157227
2020-08-27,18.72701644897461
2020-08-28,18.709630966186523
2020-08-31,18.735706329345703
2020-09-01,19.491737365722656
2020-09-02,19.57341766357422
2020-09-03,19.392669677734375
2020-09-04,19.52475929260254
2020-09-08,19.931453704833984
2020-09-09,19.71246910095215
2020-09-10,19.569950103759766
2020-09-11,19.72289276123047
2020-09-14,19.801105499267578
2020-09-15,19.809789657592773
2020-09-16,19.86714744567871
2020-09-17,19.813270568847656
2020-09-18,20.06875228881836
2020-09-21,19.86540985107422
2020-09-22,20.082658767700195
2020-09-23,19.839340209960938
2020-09-24,20.334671020507812
2020-09-25,20.056501388549805
2020-09-28,19.247283935546875
2020-09-29,19.081954956054688
2020-09-30,20.378456115722656
2020-10-01,20.96143913269043
2020-10-02,20.796119689941406
2020-10-05,21.370397567749023
2020-10-06,21.44001007080078
2020-10-07,21.674943923950195
2020-10-08,22.031696319580078
2020-10-09,21.970788955688477
2020-10-13,22.353647232055664
2020-10-14,22.962732315063477
2020-10-15,22.61468505859375
2020-10-16,22.54507827758789
2020-10-19,22.00559425354004
2020-10-20,22.797414779663086
2020-10-21,22.762603759765625
2020-10-22,22.310136795043945
2020-10-23,22.344942092895508
2020-10-26,22.249223709106445
2020-10-27,22.693004608154297
2020-10-28,21.057147979736328
2020-10-29,21.222482681274414
2020-10-30,20.935333251953125
2020-11-03,20.448060989379883
2020-11-04,21.309490203857422
2020-11-05,22.257938385009766
2020-11-06,22.02299690246582
2020-11-09,21.90117645263672
2020-11-10,22.266637802124023
2020-11-11,22.66689682006836
2020-11-12,22.04039764404297
2020-11-13,23.51961898803711
2020-11-16,23.51961898803711
2020-11-17,23.032352447509766
2020-11-18,22.684295654296875
2020-11-19,22.501571655273438
2020-11-23,22.901830673217773
2020-11-24,22.362348556518555
2020-11-25,22.301435470581055
2020-11-26,22.05780029296875
2020-11-27,22.344942092895508
2020-11-30,22.49286651611328
2020-12-01,21.735855102539062
2020-12-02,21.17027473449707
2020-12-03,21.152864456176758
2020-12-04,21.413908004760742
2020-12-07,21.031051635742188
2020-12-08,21.100662231445312
2020-12-09,21.100662231445312
2020-12-10,21.39650535583496
2020-12-11,21.579233169555664
2020-12-14,21.85767364501953
2020-12-15,21.9185848236084
2020-12-16,22.144819259643555
2020-12-17,22.561634063720703
2020-12-18,22.23932647705078
2020-12-21,21.69053077697754
2020-12-22,22.108654022216797
2020-12-23,21.73408317565918
2020-12-28,21.960573196411133
2020-12-29,22.038976669311523
2020-12-30,21.812477111816406
2021-01-04,21.803770065307617
2021-01-05,21.742795944213867
2021-01-06,21.2375545501709
2021-01-07,20.967514038085938
2021-01-08,21.577285766601562
2021-01-11,21.46404266357422
2021-01-12,21.847326278686523
2021-01-13,21.847326278686523
2021-01-14,22.55292510986328
2021-01-15,22.6835880279541
2021-01-18,23.485008239746094
2021-01-19,23.345632553100586
2021-01-20,22.83167839050293
2021-01-21,22.187063217163086
2021-01-22,21.812477111816406
2021-01-26,22.535505294799805
2021-01-27,21.85603904724121
2021-01-28,22.08252716064453
2021-01-29,21.70795249938965
2021-02-01,21.803770065307617
2021-02-02,22.01283836364746
2021-02-03,22.160924911499023
2021-02-04,21.673110961914062
2021-02-05,21.99541473388672
2021-02-08,22.091245651245117
2021-02-09,22.30901336669922
2021-02-10,22.169639587402344
2021-02-11,22.63132095336914
2021-02-12,22.544214248657227
2021-02-17,21.812477111816406
2021-02-18,21.585994720458984
2021-02-19,21.821195602416992
2021-02-22,21.36821937561035
2021-02-23,21.69053077697754
2021-02-24,21.420486450195312
2021-02-25,20.775869369506836
2021-02-26,20.23578643798828
2021-03-01,19.84378433227539
2021-03-02,19.93089485168457
2021-03-03,20.218360900878906
2021-03-04,20.558090209960938
2021-03-05,20.662620544433594
2021-03-08,19.408227920532227
2021-03-09,20.03542709350586
2021-03-10,21.211421966552734
2021-03-11,20.958799362182617
2021-03-12,21.095422744750977
2021-03-15,21.75819206237793
2021-03-16,22.534343719482422
2021-03-17,22.35992431640625
2021-03-18,22.33376693725586
2021-03-19,22.560503005981445
2021-03-22,22.73491668701172
2021-03-23,22.638988494873047
2021-03-24,21.8541259765625
2021-03-25,21.827959060668945
2021-03-26,21.67099380493164
2021-03-29,22.16806983947754
2021-03-30,22.447132110595703
2021-03-31,21.8541259765625
2021-04-01,21.357046127319336
2021-04-05,21.583784103393555
2021-04-06,21.418088912963867
2021-04-07,21.147750854492188
2021-04-08,21.487855911254883
2021-04-09,21.060537338256836
2021-04-12,21.452972412109375
2021-04-13,21.68842887878418
2021-04-14,21.60994529724121
2021-04-15,21.766916275024414
2021-04-16,21.583784103393555
2021-04-19,21.705875396728516
2021-04-20,21.66226577758789
2021-04-22,21.583784103393555
2021-04-23,21.73203468322754
2021-04-26,21.252391815185547
2021-04-27,21.409372329711914
2021-04-28,22.32504653930664
2021-04-29,22.054704666137695
2021-04-30,22.935497283935547
2021-05-03,23.284324645996094
2021-05-04,23.013986587524414
2021-05-05,23.214557647705078
2021-05-06,23.022705078125
2021-05-07,23.53722381591797
2021-05-10,23.886056900024414
2021-05-11,23.397695541381836
2021-05-12,22.15062713623047
2021-05-13,22.32504653930664
2021-05-14,22.569225311279297
2021-05-17,23.197120666503906
2021-05-18,23.275606155395508
2021-05-19,23.301759719848633
2021-05-20,23.58954620361328
2021-05-21,23.371530532836914
2021-05-24,24.505229949951172
2021-05-25,24.051746368408203
2021-05-26,23.763961791992188
2021-05-27,23.825008392333984
2021-05-28,23.833724975585938
2021-05-31,24.574993133544922
2021-06-01,24.644756317138672
2021-06-02,24.574993133544922
2021-06-04,24.44417953491211
2021-06-07,24.714519500732422
2021-06-08,24.383132934570312
2021-06-09,24.33953285217285
2021-06-10,24.4092960357666
2021-06-11,23.354089736938477
2021-06-14,23.65931510925293
2021-06-15,23.72036361694336
2021-06-16,23.624431610107422
2021-06-17,23.101184844970703
2021-06-18,22.22039794921875
2021-06-21,22.455852508544922
2021-06-22,22.67387580871582
2021-06-23,22.107032775878906
2021-06-24,22.351760864257812
2021-06-25,21.583415985107422
2021-06-28,22.046173095703125
2021-06-29,21.862815856933594
2021-06-30,21.574684143066406
2021-07-01,21.47864532470703
2021-07-02,21.65326690673828
2021-07-05,21.627077102661133
2021-07-06,21.522302627563477
2021-07-07,22.613689422607422
2021-07-08,22.377954483032227
2021-07-12,22.53510856628418
2021-07-13,23.076444625854492
2021-07-14,23.13756561279297
2021-07-15,23.31218910217285
2021-07-16,23.6527042388916
2021-07-19,23.216148376464844
2021-07-20,22.962940216064453
2021-07-21,23.259803771972656
2021-07-22,23.43442153930664
2021-07-23,23.18121910095215
2021-07-26,22.814512252807617
2021-07-27,22.76212501525879
2021-07-28,23.02405548095703
2021-07-29,22.701005935668945
2021-07-30,22.03743553161621
2021-08-02,22.21206283569336
2021-08-03,22.50019073486328
2021-08-04,22.20332908630371
2021-08-05,22.596235275268555
2021-08-06,22.701005935668945
2021-08-09,23.31218910217285
2021-08-10,22.84071159362793
2021-08-11,21.932666778564453
2021-08-12,22.53510856628418
2021-08-13,22.596235275268555
2021-08-16,22.491458892822266
2021-08-17,22.17713737487793
2021-08-18,22.089824676513672
2021-08-19,22.89309310913086
2021-08-20,23.285991668701172
2021-08-23,23.13756561279297
2021-08-24,22.526384353637695
2021-08-25,22.692270278930664
2021-08-26,22.456531524658203
2021-08-27,22.570039749145508
2021-08-30,22.596235275268555
2021-08-31,22.31683349609375
2021-09-01,22.928016662597656
2021-09-02,22.21206283569336
2021-09-03,22.779586791992188
2021-09-06,22.84071159362793
2021-09-08,22.159679412841797
2021-09-09,22.561311721801758
2021-09-10,22.308103561401367
2021-09-13,22.76212501525879
2021-09-14,22.701005935668945
2021-09-15,22.54384422302246
2021-09-16,22.788320541381836
2021-09-17,22.97167205810547
2021-09-20,22.6573486328125
2021-09-21,22.395421981811523
2021-09-22,22.089824676513672
2021-09-23,22.22079086303711
2021-09-24,22.159679412841797
2021-09-27,21.69692039489746
2021-09-28,21.155593872070312
2021-09-29,20.998430252075195
2021-09-30,20.404708862304688
2021-10-01,20.430904388427734
2021-10-04,19.4006290435791
2021-10-05,19.461748123168945
2021-10-06,19.697484970092773
2021-10-07,20.142778396606445
2021-10-08,20.273740768432617
2021-10-11,19.313323974609375
2021-10-13,19.706220626831055
2021-10-14,19.93323516845703
2021-10-15,20.099123001098633
2021-10-18,19.828453063964844
2021-10-19,19.43555450439453
2021-10-20,18.955341339111328
2021-10-21,18.658485412597656
2021-10-22,18.833101272583008
2021-10-25,19.55779457092285
2021-10-26,19.260934829711914
2021-10-27,20.06419563293457
2021-10-28,19.828453063964844
2021-10-29,20.299936294555664
2021-11-01,20.518220901489258
2021-11-03,20.82380485534668
2021-11-04,21.199247360229492
2021-11-05,21.13813018798828
2021-11-08,21.129398345947266
2021-11-09,21.286558151245117
2021-11-10,20.474557876586914
2021-11-11,19.985620498657227
2021-11-12,19.976886749267578
2021-11-16,20.1479549407959
2021-11-17,20.419864654541016
2021-11-18,20.288297653198242
2021-11-19,20.48126792907715
2021-11-22,20.47249412536621
2021-11-23,20.6917781829834
2021-11-24,20.568979263305664
2021-11-25,20.612842559814453
2021-11-26,19.87603759765625
2021-11-29,19.832183837890625
2021-11-30,19.63043785095215
2021-12-01,19.13046646118164
2021-12-02,19.49886703491211
2021-12-03,20.016380310058594
2021-12-06,19.990070343017578
2021-12-07,20.419864654541016
2021-12-08,20.83212661743164
2021-12-09,20.656343460083008
2021-12-10,21.113611221313477
2021-12-13,21.069643020629883
2021-12-14,21.22793197631836
2021-12-15,21.096025466918945
2021-12-16,21.157573699951172
2021-12-17,21.32465934753418
2021-12-20,21.236722946166992
2021-12-21,21.271892547607422
2021-12-22,21.175167083740234
2021-12-23,21.1927547454834
2021-12-27,21.16637420654297
2021-12-28,20.849803924560547
2021-12-29,20.91135597229004
2021-12-30,21.368623733520508
2022-01-03,20.445293426513672
2022-01-04,20.53322982788086
2022-01-05,19.58350944519043
2022-01-06,19.17021369934082
2022-01-07,18.888811111450195
2022-01-10,18.519485473632812
2022-01-11,18.89760971069336
2022-01-12,19.43402099609375
2022-01-13,18.466716766357422
2022-01-14,18.466716766357422
2022-01-17,18.062211990356445
2022-01-18,18.09737777709961
2022-01-19,18.062211990356445
2022-01-20,17.983060836791992
2022-01-21,18.466716766357422
2022-01-24,18.466716766357422
2022-01-25,18.994335174560547
2022-01-26,19.319705963134766
2022-01-27,19.68024253845215
2022-01-28,19.961645126342773
2022-01-31,20.36614990234375
2022-02-01,20.067167282104492
2022-02-02,20.190275192260742
2022-02-03,19.926464080810547
2022-02-04,19.328493118286133
2022-02-07,19.35487174987793
2022-02-08,19.258146286010742
2022-02-09,19.7857723236084
2022-02-10,19.697839736938477
2022-02-11,19.609893798828125
2022-02-14,20.225448608398438
2022-02-15,20.621164321899414
2022-02-16,20.66513442993164
2022-02-17,20.7179012298584
2022-02-18,20.84100341796875
2022-02-21,20.498056411743164
2022-02-22,20.884973526000977
2022-02-23,19.62748146057129
2022-02-24,20.392532348632812
2022-02-25,20.542022705078125
2022-03-02,20.295799255371094
2022-03-03,20.972909927368164
2022-03-04,20.920148849487305
2022-03-07,20.155101776123047
2022-03-08,19.75938606262207
2022-03-09,20.26062774658203
2022-03-10,19.66265106201172
2022-03-11,19.346086502075195
2022-03-14,19.302112579345703
2022-03-15,19.68024253845215
2022-03-16,19.697839736938477
2022-03-17,19.768177032470703
2022-03-18,19.996810913085938
2022-03-21,19.741796493530273
2022-03-22,20.0319881439209
2022-03-23,20.181486129760742
2022-03-24,20.48046875
2022-03-25,20.82341957092285
2022-03-28,20.81462860107422
2022-03-29,20.972909927368164
2022-03-30,21.148784637451172
2022-03-31,21.05205535888672
2022-04-01,21.22793197631836
2022-04-04,21.148784637451172
2022-04-05,20.805309295654297
2022-04-06,20.814119338989258
2022-04-07,20.532255172729492
2022-04-08,20.171106338500977
2022-04-11,19.98613166809082
2022-04-12,19.977325439453125
2022-04-13,19.730690002441406
2022-04-14,19.607372283935547
2022-04-18,19.448822021484375
2022-04-19,19.81877326965332
2022-04-20,19.774736404418945
2022-04-22,19.81877326965332
2022-04-25,20.188724517822266
2022-04-26,19.6866512298584
2022-04-27,19.510480880737305
2022-04-28,19.395971298217773
2022-04-29,18.43585968017578
2022-05-02,17.995445251464844
2022-05-03,17.72238540649414
2022-05-04,17.82808494567871
2022-05-05,17.04414176940918
2022-05-06,16.753469467163086
2022-05-09,16.6741943359375
2022-05-10,16.709428787231445
2022-05-11,16.260204315185547
2022-05-12,16.559688568115234
2022-05-13,16.242584228515625
2022-05-16,16.022375106811523
2022-05-17,16.330671310424805
2022-05-18,16.092845916748047
2022-05-19,16.163311004638672
2022-05-20,16.11927032470703
2022-05-23,16.445180892944336
2022-05-24,16.612537384033203
2022-05-25,16.938447952270508
2022-05-26,17.951404571533203
2022-05-27,18.136383056640625
2022-05-30,17.889745712280273
2022-05-31,18.18922996520996
2022-06-01,18.62964630126953
2022-06-02,18.620838165283203
2022-06-03,18.752965927124023
2022-06-06,19.25503921508789
2022-06-07,18.82342529296875
2022-06-08,18.47109603881836
2022-06-09,18.18922996520996
2022-06-10,18.321359634399414
2022-06-13,17.792850494384766
2022-06-14,17.114612579345703
2022-06-15,17.220312118530273
2022-06-17,16.83274269104004
2022-06-20,16.27782440185547
2022-06-21,16.56849479675293
2022-06-22,17.123416900634766
2022-06-23,17.31720733642578
2022-06-24,17.484560012817383
2022-06-27,17.44933319091797
2022-06-28,17.343631744384766
2022-06-29,16.92083168029785
2022-06-30,16.912015914916992
2022-07-01,16.70061683654785
2022-07-04,16.498023986816406
2022-07-05,16.841552734375
2022-07-06,17.216705322265625
2022-07-07,17.658164978027344
2022-07-08,17.622846603393555
2022-07-11,17.410951614379883
2022-07-12,17.74645233154297
2022-07-13,17.569868087768555
2022-07-14,18.214399337768555
2022-07-15,18.40863609313965
2022-07-18,18.1790828704834
2022-07-19,17.825916290283203
2022-07-20,17.313827514648438
2022-07-21,17.252025604248047
2022-07-22,17.684650421142578
2022-07-25,17.87889289855957
2022-07-26,17.419780731201172
2022-07-27,17.914207458496094
2022-07-28,18.249710083007812
2022-07-29,18.523414611816406
2022-08-01,19.24740219116211
2022-08-02,19.11496353149414
2022-08-03,19.423978805541992
2022-08-04,19.64470672607422
2022-08-05,19.600563049316406
2022-08-08,19.59172821044922
2022-08-09,19.609392166137695
2022-08-10,19.777145385742188
2022-08-11,19.600563049316406
2022-08-12,19.75948715209961
2022-08-15,19.68885040283203
2022-08-16,19.891925811767578
2022-08-17,20.695371627807617
2022-08-18,20.598243713378906
2022-08-19,20.13031005859375
2022-08-22,20.02436065673828
2022-08-23,20.156795501708984
2022-08-24,19.909578323364258
2022-08-25,19.971384048461914
2022-08-26,19.59172821044922
2022-08-29,19.529932022094727
2022-08-30,19.556415557861328
2022-08-31,19.212081909179688
2022-09-01,19.64470672607422
2022-09-02,19.909578323364258
2022-09-05,19.99787139892578
2022-09-06,19.909578323364258
2022-09-08,20.02436065673828
2022-09-09,20.08616065979004
2022-09-12,20.50112533569336
2022-09-13,20.298057556152344
2022-09-14,20.042015075683594
2022-09-15,19.980213165283203
2022-09-16,19.856603622436523
2022-09-19,20.192110061645508
2022-09-20,20.342206954956055
2022-09-21,20.218597412109375
2022-09-22,20.36869239807129
2022-09-23,20.704198837280273
2022-09-26,20.227426528930664
2022-09-27,20.209762573242188
2022-09-28,20.08616065979004
2022-09-29,19.53875732421875
2022-09-30,20.068504333496094
2022-10-03,21.23394012451172
2022-10-04,21.145647048950195
2022-10-05,20.98672866821289
2022-10-06,21.133119583129883
2022-10-07,20.769371032714844
2022-10-10,20.946807861328125
2022-10-11,20.795984268188477
2022-10-13,20.53870391845703
2022-10-14,19.855552673339844
2022-10-17,20.22817611694336
2022-10-18,20.636293411254883
2022-10-19,20.742755889892578
2022-10-20,20.90245246887207
2022-10-21,21.33717918395996
2022-10-24,21.57671546936035
2022-10-25,21.26620101928711
2022-10-26,20.81372833251953
2022-10-27,21.523488998413086
2022-10-28,22.038066864013672
2022-10-31,23.342256546020508
2022-11-01,23.15593910217285
2022-11-03,23.19142723083496
2022-11-04,23.493074417114258
2022-11-07,23.15593910217285
2022-11-08,22.996246337890625
2022-11-09,22.8631649017334
2022-11-10,21.629953384399414
2022-11-11,20.671777725219727
2022-11-14,21.15086555480957
2022-11-16,20.875835418701172
2022-11-17,20.405620574951172
2022-11-18,20.583059310913086
2022-11-21,20.866962432861328
2022-11-22,20.095094680786133
2022-11-23,19.962013244628906
2022-11-24,20.62741470336914
2022-11-25,19.935396194458008
2022-11-28,19.828937530517578
2022-11-29,19.935396194458008
2022-11-30,20.449974060058594
2022-12-01,20.272531509399414
2022-12-02,20.69839096069336
2022-12-05,20.84034538269043
2022-12-06,21.34604835510254
2022-12-07,21.11537742614746
2022-12-08,20.879390716552734
2022-12-09,20.9327449798584
2022-12-12,20.30138397216797
2022-12-13,19.5988826751709
2022-12-14,19.776731491088867
2022-12-15,19.643341064453125
2022-12-16,19.47439193725586
2022-12-19,20.372516632080078
2022-12-20,21.066133499145508
2022-12-21,21.16394805908203
2022-12-22,20.959421157836914
2022-12-23,21.235084533691406
2022-12-26,21.119483947753906
2022-12-27,21.021669387817383
2022-12-28,21.155054092407227
2022-12-29,21.092809677124023
2023-01-02,20.68376350402832
2023-01-03,20.29249382019043
2023-01-04,20.185779571533203
2023-01-05,20.81714630126953
2023-01-06,21.24397850036621
2023-01-09,21.03944969177246
2023-01-10,21.350688934326172
2023-01-11,21.581893920898438
2023-01-12,21.386260986328125
2023-01-13,21.324010848999023
2023-01-16,21.41293716430664
2023-01-17,21.324010848999023
2023-01-18,21.341800689697266
2023-01-19,21.572998046875
2023-01-20,21.39514923095703
2023-01-23,21.581893920898438
2023-01-24,21.973154067993164
2023-01-25,22.151004791259766
2023-01-26,22.20435905456543
2023-01-27,22.364423751831055
2023-01-30,22.435565948486328
2023-01-31,22.079866409301758
2023-02-01,21.848663330078125
2023-02-02,21.475181579589844
2023-02-03,21.003883361816406
2023-02-06,21.012775421142578
2023-02-07,21.08391761779785
2023-02-08,21.217304229736328
2023-02-09,21.10169792175293
2023-02-10,21.119483947753906
2023-02-13,20.9327449798584
2023-02-14,20.452558517456055
2023-02-15,20.861604690551758
2023-02-16,20.719327926635742
2023-02-17,21.128376007080078
2023-02-22,20.923856735229492
2023-02-23,20.692649841308594
2023-02-24,20.399202346801758
2023-02-27,20.27470588684082
2023-02-28,20.16799545288086
2023-03-01,20.007930755615234
2023-03-02,19.8923282623291
2023-03-03,20.007930755615234
2023-03-06,20.639297485351562
2023-03-07,20.799358367919922
2023-03-08,21.608570098876953
2023-03-09,21.341800689697266
2023-03-10,21.332904815673828
2023-03-13,21.49296760559082
2023-03-14,21.697490692138672
2023-03-15,21.786415100097656
2023-03-16,21.715274810791016
2023-03-17,21.137266159057617
2023-03-20,20.98609733581543
2023-03-21,21.092809677124023
2023-03-22,21.03055763244629
2023-03-23,20.959421157836914
2023-03-24,21.341800689697266
2023-03-27,21.16394805908203
2023-03-28,21.768634796142578
2023-03-29,21.688600540161133
2023-03-30,22.159902572631836
2023-03-31,21.74195671081543
2023-04-03,21.235084533691406
2023-04-04,21.786415100097656
2023-04-05,21.98112678527832
2023-04-06,22.275161743164062
2023-04-10,22.275161743164062
2023-04-11,22.631561279296875
2023-04-12,23.308727264404297
2023-04-13,22.889955520629883
2023-04-14,23.16616439819336
2023-04-17,22.97014808654785
2023-04-18,22.88104248046875
2023-04-19,22.453359603881836
2023-04-20,22.889955520629883
2023-04-24,23.210716247558594
2023-04-25,23.199939727783203
2023-04-26,23.46773338317871
2023-04-27,23.405248641967773
2023-04-28,23.45880699157715
2023-05-02,23.744455337524414
2023-05-03,23.369543075561523
2023-05-04,23.556997299194336
2023-05-05,23.726604461669922
2023-05-08,23.940834045410156
2023-05-09,24.21755599975586
2023-05-10,24.61032485961914
2023-05-11,24.887041091918945
2023-05-12,24.949533462524414
2023-05-15,25.1191349029541
2023-05-16,25.101276397705078
2023-05-17,25.065576553344727
2023-05-18,25.44048500061035
2023-05-19,25.574384689331055
2023-05-22,25.919658660888672
2023-05-23,26.077482223510742
2023-05-24,26.291000366210938
2023-05-25,26.170320510864258
2023-05-26,26.662343978881836
2023-05-29,26.643781661987305
2023-05-30,26.42096710205078
2023-05-31,26.3002872467041
2023-06-01,26.56950569152832
2023-06-02,25.613300323486328
2023-06-05,25.622591018676758
2023-06-06,26.272436141967773
2023-06-07,26.3002872467041
2023-06-09,26.606645584106445
2023-06-12,26.801597595214844
2023-06-13,26.55094337463379
2023-06-14,26.560222625732422
2023-06-15,26.680908203125
2023-06-16,26.458106994628906
2023-06-19,26.541658401489258
2023-06-20,26.643781661987305
2023-06-21,26.745893478393555
2023-06-22,26.55094337463379
2023-06-23,26.987268447875977
2023-06-26,26.73660659790039
2023-06-27,26.82944679260254
2023-06-28,26.541658401489258
2023-06-29,26.662343978881836
2023-06-30,27.47929573059082
2023-07-03,26.70876121520996
2023-07-04,26.402402877807617
2023-07-05,26.56950569152832
2023-07-06,26.094593048095703
2023-07-07,26.50391960144043
2023-07-10,26.494617462158203
2023-07-11,26.206226348876953
2023-07-12,26.355073928833008
2023-07-13,26.755094528198242
2023-07-14,26.438798904418945
2023-07-17,26.68997573852539
2023-07-18,26.206226348876953
2023-07-19,26.038776397705078
2023-07-20,26.401586532592773
2023-07-21,26.634159088134766
2023-07-24,26.56903839111328
2023-07-25,26.476011276245117
2023-07-26,26.736494064331055
2023-07-27,26.55043601989746
2023-07-28,27.08070182800293
2023-07-31,26.950458526611328
2023-08-01,26.866729736328125
2023-08-02,26.587644577026367
2023-08-03,26.364376068115234
2023-08-04,25.908533096313477
2023-08-07,25.973657608032227
2023-08-08,25.843416213989258
2023-08-09,25.536420822143555
2023-08-10,25.378271102905273
2023-08-11,25.499208450317383
2023-08-14,25.480607986450195
2023-08-15,25.39687728881836
2023-08-16,25.229427337646484
2023-08-17,24.838706970214844
2023-08-18,24.838706970214844
2023-08-21,24.82939910888672
2023-08-22,25.26663589477539
2023-08-23,25.424781799316406
2023-08-24,25.387575149536133
2023-08-25,25.155000686645508
2023-08-28,25.043365478515625
2023-08-29,25.871322631835938
2023-08-30,25.703872680664062
2023-08-31,25.5643310546875
2023-09-01,25.620149612426758
2023-09-04,25.713171005249023
2023-09-05,25.57362937927246
2023-09-06,24.95033836364746
2023-09-08,24.9410343170166
2023-09-11,25.313148498535156
2023-09-12,25.815507888793945
2023-09-13,25.89923095703125
2023-09-14,25.85271644592285
2023-09-15,25.666658401489258
2023-09-18,25.582931518554688
2023-09-19,25.117794036865234
2023-09-20,25.285240173339844
2023-09-21,24.987546920776367
2023-09-22,25.517810821533203
2023-09-25,25.173606872558594
2023-09-26,25.0340633392334
2023-09-27,25.2108154296875
2023-09-28,25.499208450317383
2023-09-29,25.694568634033203
2023-10-02,25.471298217773438
2023-10-03,25.229427337646484
2023-10-04,25.76898765563965
2023-10-05,25.73463249206543
2023-10-06,26.032899856567383
2023-10-09,25.855802536010742
2023-10-10,26.200674057006836
2023-10-11,26.12610626220703
2023-10-13,25.865129470825195
2023-10-16,25.949010848999023
2023-10-17,25.781238555908203
2023-10-18,24.513608932495117
2023-10-19,24.60682487487793
2023-10-20,24.289913177490234
2023-10-23,24.700029373168945
2023-10-24,24.578859329223633
2023-10-25,24.150104522705078
2023-10-26,24.457691192626953
2023-10-27,23.898441314697266
2023-10-30,23.618824005126953
2023-10-31,24.047571182250977
2023-11-01,23.143465042114258
2023-11-03,23.64678192138672
2023-11-06,23.842517852783203
2023-11-07,24.14078712463379
2023-11-08,24.36448097229004
2023-11-09,24.07554054260254
2023-11-10,24.933046340942383
2023-11-13,24.783916473388672
2023-11-14,25.46433448791504
2023-11-16,25.986295700073242
2023-11-17,25.492294311523438
2023-11-20,26.65738868713379
2023-11-21,26.340484619140625
2023-11-22,26.470979690551758
2023-11-23,26.424373626708984
2023-11-24,26.396408081054688
2023-11-27,27.123430252075195
2023-11-28,27.561504364013672
2023-11-29,26.405729293823242
2023-11-30,26.172712326049805
2023-12-01,26.144750595092773
2023-12-04,26.265918731689453
2023-12-05,26.629426956176758
2023-12-06,26.68535041809082
2023-12-07,26.36863899230957
2023-12-08,26.32194709777832
2023-12-11,26.377975463867188
2023-12-12,26.564716339111328
2023-12-13,27.601160049438477
2023-12-14,27.535799026489258
2023-12-15,27.52646255493164
2023-12-18,27.050260543823242
2023-12-19,27.386404037475586
2023-12-20,26.779483795166016
2023-12-21,27.142765045166016
2023-12-22,27.02117347717285
2023-12-26,27.51689338684082
2023-12-27,27.273710250854492
2023-12-28,27.498188018798828
2024-01-02,27.320472717285156
2024-01-03,27.31112289428711
2024-01-04,27.37659454345703
2024-01-05,27.59171485900879
2024-01-08,27.283065795898438
2024-01-09,27.142765045166016
2024-01-10,26.834110260009766
2024-01-11,26.34775161743164
2024-01-12,26.329042434692383
2024-01-15,26.151334762573242
2024-01-16,25.936216354370117
2024-01-17,25.72109031677246
2024-01-18,25.6275577545166
2024-01-19,25.15990447998047
2024-01-22,24.776424407958984
2024-01-23,25.19731330871582
2024-01-24,24.308767318725586
2024-01-25,24.31812286376953
2024-01-26,24.467775344848633
2024-01-29,24.598712921142578
2024-01-30,24.55194854736328
2024-01-31,23.66340446472168
2024-02-01,23.49504852294922
2024-02-02,23.251867294311523
2024-02-05,22.87774085998535
2024-02-06,23.523107528686523
2024-02-07,23.616636276245117
2024-02-08,23.485698699951172
2024-02-09,23.78499412536621
2024-02-14,23.66340446472168
2024-02-15,23.73822784423828
2024-02-16,23.60728645324707
2024-02-19,23.289276123046875
2024-02-20,23.96270751953125
2024-02-21,24.13105583190918
2024-02-22,24.196533203125
2024-02-23,24.486478805541992
2024-02-26,24.879304885864258
2024-02-27,24.8886661529541
2024-02-28,24.944780349731445
2024-02-29,24.91672134399414
2024-03-01,24.944780349731445
2024-03-04,24.168472290039062
2024-03-05,23.719524383544922
2024-03-06,24.31812286376953
2024-03-07,24.31812286376953
2024-03-08,24.280712127685547
2024-03-11,24.654836654663086
2024-03-12,24.851247787475586
2024-03-13,25.34696388244629
2024-03-14,25.20667266845703
2024-03-15,25.25343894958496
2024-03-18,25.31890869140625
2024-03-19,25.96427345275879
2024-03-20,26.37580680847168
2024-03-21,26.104572296142578
2024-03-22,25.4311466217041
2024-03-25,25.31890869140625
2024-03-26,25.421789169311523
2024-03-27,25.580791473388672
2024-03-28,25.599498748779297
2024-04-01,25.06637191772461
2024-04-02,24.86995506286621
2024-04-03,24.785778045654297
2024-04-04,24.817049026489258
2024-04-05,24.45168113708496
2024-04-08,24.723369598388672
2024-04-09,25.154314041137695
2024-04-10,24.713998794555664
2024-04-11,24.685890197753906
2024-04-12,24.695261001586914
2024-04-15,24.54536247253418
2024-04-16,23.627254486083984
2024-04-17,23.32746124267578
2024-04-18,23.37360382080078
2024-04-19,23.8898868560791
2024-04-22,23.964982986450195
2024-04-23,23.56134605407715
2024-04-24,23.260957717895508
2024-04-25,23.420536041259766
2024-04-26,24.04946517944336
2024-04-29,24.152721405029297
2024-04-30,24.01191520690918
2024-05-02,24.068239212036133
2024-05-03,24.631458282470703
2024-05-06,24.715938568115234
2024-05-07,24.556360244750977
2024-05-08,24.631458282470703
2024-05-09,24.565750122070312
2024-05-10,24.077625274658203
2024-05-13,24.922456741333008
2024-05-14,25.41057777404785
2024-05-15,25.401193618774414
2024-05-16,25.95502471923828
2024-05-17,25.9080867767334
2024-05-20,26.095829010009766
2024-05-21,25.992572784423828
2024-05-22,25.532609939575195
2024-05-23,25.025712966918945
2024-05-24,24.462493896484375
2024-05-27,24.331073760986328
2024-05-28,24.246593475341797
2024-05-29,24.21843147277832
2024-05-31,23.53318214416504
2024-06-03,23.636436462402344
2024-06-04,23.636436462402344
2024-06-05,23.420536041259766
2024-06-06,23.589500427246094
2024-06-07,23.767852783203125
2024-06-10,23.56134605407715
2024-06-11,23.53318214416504
2024-06-12,23.223407745361328
2024-06-13,23.42992401123047
2024-06-14,24.124563217163086
2024-06-17,23.53318214416504
2024-06-18,22.998125076293945
2024-06-19,23.25157356262207
2024-06-20,23.270343780517578
2024-06-21,24.21843147277832
2024-06-24,24.57513427734375
2024-06-25,24.753488540649414
2024-06-26,24.791038513183594
2024-06-27,24.913068771362305
2024-06-28,24.105791091918945
2024-07-01,24.03069496154785
2024-07-02,23.767852783203125
2024-07-03,24.068239212036133
2024-07-04,23.640338897705078
2024-07-05,23.781389236450195
2024-07-08,23.649742126464844
2024-07-09,23.687355041503906
2024-07-10,23.640338897705078
2024-07-11,23.89423370361328
2024-07-12,24.223352432250977
2024-07-15,24.33619499206543
2024-07-16,24.063495635986328
2024-07-17,24.08230209350586
2024-07-18,24.129316329956055
2024-07-19,24.232757568359375
2024-07-22,24.543071746826172
2024-07-23,24.533668518066406
2024-07-24,24.608896255493164
2024-07-25,24.496055603027344
2024-07-26,25.389385223388672
2024-07-29,25.67148780822754
2024-07-30,25.906572341918945
2024-07-31,25.953590393066406
2024-08-01,26.01941680908203
2024-08-02,26.705873489379883
2024-08-05,28.27625274658203
2024-08-06,27.61800765991211
2024-08-07,27.740253448486328
2024-08-08,27.176044464111328
2024-08-09,27.589799880981445
2024-08-12,27.176044464111328
2024-08-13,28.210426330566406
2024-08-14,28.210426330566406
2024-08-15,27.552183151245117
2024-08-16,27.599201202392578
2024-08-19,27.33590316772461
2024-08-20,26.593027114868164
2024-08-21,26.611839294433594
2024-08-22,26.235694885253906
2024-08-23,26.198081970214844
2024-08-26,26.075836181640625
2024-08-27,26.02882194519043
2024-08-28,26.329729080200195
2024-08-29,26.16046714782715
2024-08-30,25.915979385375977
2024-09-02,25.558645248413086
2024-09-03,25.464611053466797
2024-09-04,25.67148780822754
2024-09-05,26.245101928710938
2024-09-06,25.803136825561523
2024-09-09,25.812541961669922
2024-09-10,25.521034240722656
2024-09-11,25.370574951171875
2024-09-12,25.342365264892578
2024-09-13,25.10727882385254
2024-09-16,25.389385223388672
2024-09-17,25.41759490966797
2024-09-18,25.737314224243164
2024-09-19,25.77492904663086
2024-09-20,25.361173629760742
2024-09-23,25.24833106994629
2024-09-24,24.966228485107422
2024-09-25,24.637104034423828
2024-09-26,24.702930450439453
2024-09-27,24.166934967041016
2024-09-30,23.969459533691406
2024-10-01,24.731142044067383
2024-10-02,24.731142044067383
2024-10-03,24.129316329956055
2024-10-04,23.985977172851562
2024-10-07,23.730810165405273
2024-10-08,23.570146560668945
2024-10-09,23.589048385620117
2024-10-10,23.239368438720703
2024-10-11,23.040904998779297
2024-10-14,23.333879470825195
2024-10-15,23.494539260864258
2024-10-16,24.1844425201416
2024-10-17,23.94817543029785
2024-10-18,23.778059005737305
2024-10-21,23.94817543029785
2024-10-22,23.872570037841797
2024-10-23,23.29607582092285
2024-10-24,23.626850128173828
2024-10-25,23.09760856628418
2024-10-28,23.078706741333008
2024-10-29,22.662874221801758
2024-10-30,23.248821258544922
2024-10-31,23.003101348876953
2024-11-01,22.96529769897461
2024-11-04,23.79696273803711
2024-11-05,24.524669647216797
2024-11-06,24.10883903503418
2024-11-07,24.21279525756836
2024-11-08,24.052133560180664
2024-11-11,24.06158447265625
2024-11-12,23.834766387939453
2024-11-13,24.2978515625
2024-11-14,24.033231735229492
2024-11-18,24.278947830200195
2024-11-19,24.364009857177734
2024-11-21,23.976526260375977
2024-11-22,24.5908260345459
2024-11-25,23.891469955444336
2024-11-26,24.30730628967285
2024-11-27,23.541791915893555
2024-11-28,23.18266487121582
2024-11-29,22.71957778930664
2024-12-02,22.738479614257812
2024-12-03,22.738479614257812
2024-12-04,23.20156478881836
2024-12-05,23.412214279174805
2024-12-06,22.881412506103516
2024-12-09,22.93828582763672
2024-12-10,23.213163375854492
2024-12-11,23.886144638061523
2024-12-12,23.374300003051758
2024-12-13,22.369564056396484
2024-12-16,22.085206985473633
2024-12-17,22.616010665893555
2024-12-18,21.156301498413086
2024-12-19,21.507009506225586
2024-12-20,21.563880920410156
2024-12-23,21.44066047668457
2024-12-26,21.364831924438477
2024-12-27,20.852983474731445
2024-12-30,20.852983474731445
2025-01-02,20.625497817993164
2025-01-03,19.71554946899414
2025-01-06,20.76767921447754
2025-01-07,20.236875534057617
2025-01-08,20.028343200683594
2025-01-09,19.999908447265625
2025-01-10,19.876686096191406
2025-01-13,19.85772705078125
2025-01-14,19.943037033081055
2025-01-15,20.42644500732422
2025-01-16,19.71554946899414
2025-01-17,20.123130798339844
2025-01-20,20.331663131713867
2025-01-21,20.758195877075195
2025-01-22,19.81981658935547
2025-01-23,19.800857543945312
2025-01-24,19.69659423828125
2025-01-27,19.620759963989258
2025-01-28,19.90512466430664
2025-01-29,20.331663131713867
2025-01-30,20.900379180908203
2025-01-31,19.990427017211914
2025-02-03,19.459625244140625
2025-02-04,19.023609161376953
2025-02-05,18.720294952392578
2025-02-06,18.957258224487305
2025-02-07,19.07100486755371
2025-02-10,18.73925018310547
2025-02-11,18.938304901123047
2025-02-12,18.606552124023438
2025-02-13,18.492807388305664
2025-02-14,18.957258224487305
2025-02-17,18.67289924621582
2025-02-18,18.208444595336914
2025-02-19,17.876693725585938
2025-02-20,18.35062599182129
2025-02-21,18.066268920898438
2025-02-24,17.914609909057617
2025-02-25,17.450157165527344
2025-02-26,17.33641242980957
2025-02-27,17.48807144165039
2025-02-28,16.473857879638672
2025-03-05,16.900394439697266
2025-03-06,16.881439208984375
2025-03-07,16.881439208984375
2025-03-10,16.900394439697266
2025-03-11,16.7676944732666
2025-03-12,17.611295700073242
2025-03-13,17.658687591552734
2025-03-14,18.180009841918945
2025-03-17,19.175268173217773
2025-03-18,18.61602783203125
2025-03-19,18.786643981933594
2025-03-20,18.597070693969727
2025-03-21,18.76768684387207
2025-03-24,18.653942108154297
2025-03-25,18.180009841918945
2025-03-26,18.170534133911133
2025-03-27,18.1989688873291
2025-03-28,18.3316707611084
2025-03-31,18.05678939819336
2025-04-01,18.01887321472168
2025-04-02,18.464370727539062
2025-04-03,18.88142967224121
2025-04-04,18.57605743408203
2025-04-07,18.45240592956543
2025-04-08,18.43338394165039
2025-04-09,20.145463943481445
2025-04-10,19.58428192138672
2025-04-11,20.335691452026367
2025-04-14,20.39276123046875
2025-04-15,21.68633270263672
2025-04-16,20.297645568847656
2025-04-17,19.679399490356445
2025-04-22,19.165773391723633
2025-04-23,19.37502670288086
2025-04-24,19.118215560913086
2025-04-25,19.118215560913086
2025-04-28,18.966028213500977
2025-04-29,18.975540161132812
2025-04-30,18.928518295288086
2025-05-02,19.08116912841797
2025-05-05,19.04300308227539
2025-05-06,18.556434631347656
2025-05-07,15.81828784942627
2025-05-08,15.56069278717041
2025-05-09,14.787904739379883
2025-05-12,15.322178840637207
2025-05-13,15.455745697021484
2025-05-14,14.482605934143066
2025-05-15,14.59709358215332
2025-05-16,14.520768165588379
2025-05-19,14.120062828063965
2025-05-20,14.167767524719238
2025-05-21,13.585790634155273
2025-05-22,13.786144256591797
2025-05-23,13.9960355758667
2025-05-26,13.89108943939209
2025-05-27,14.31087589263916
2025-05-28,14.263172149658203
2025-05-29,14.158226013183594
2025-05-30,14.167767524719238
2025-06-02,13.709819793701172
2025-06-03,13.519006729125977
2025-06-04,13.843387603759766
2025-06-05,14.272712707519531
2025-06-06,14.453985214233398
2025-06-09,14.034198760986328
2025-06-10,14.081901550292969
2025-06-11,13.681197166442871
2025-06-12,13.948333740234375
2025-06-13,13.242331504821777
2025-06-16,13.423601150512695
2025-06-17,13.461764335632324
2025-06-18,13.662116050720215
2025-06-20,13.356817245483398
2025-06-23,13.843387603759766
2025-06-24,14.320415496826172
2025-06-25,14.787904739379883
2025-06-26,14.539850234985352
2025-06-27,14.301334381103516
2025-06-30,14.425362586975098
2025-07-01,14.492147445678711
2025-07-02,14.425362586975098
2025-07-03,14.520768165588379
2025-07-04,14.671260833740234
2025-07-07,14.153450965881348
2025-07-08,13.616463661193848
2025-07-09,13.242488861083984
2025-07-10,13.367148399353027
2025-07-11,13.204134941101074
2025-07-14,13.069887161254883
2025-07-15,12.810982704162598
2025-07-16,13.232900619506836
2025-07-17,13.434271812438965
2025-07-18,12.97399616241455
2025-07-21,13.434271812438965
2025-07-22,13.463038444519043
2025-07-23,13.587696075439453
2025-07-24,13.645230293273926
2025-07-25,13.463038444519043
2025-07-28,13.223312377929688
2025-07-29,13.28084659576416
2025-07-30,12.99317455291748
2025-07-31,12.916461944580078
2025-08-01,13.137009620666504
2025-08-04,14.258931159973145
2025-08-05,14.383588790893555
2025-08-06,17.068525314331055
2025-08-07,16.87674331665039
2025-08-08,16.9246883392334
2025-08-11,16.66578483581543
2025-08-12,16.867155075073242
2025-08-13,16.800031661987305
2025-08-14,16.857566833496094
2025-08-15,16.752084732055664
2025-08-18,16.732908248901367
2025-08-19,16.63701820373535
2025-08-20,17.164413452148438
2025-08-21,17.50962257385254
2025-08-22,17.90277099609375
2025-08-25,17.365785598754883
2025-08-26,17.3561954498291
2025-08-27,17.854829788208008
2025-08-28,18.075376510620117
2025-08-29,16.828800201416016
2025-09-01,16.9246883392334
2025-09-02,16.675371170043945
2025-09-03,16.358936309814453
2025-09-04,16.71373176574707
2025-09-05,16.63701820373535
2025-09-08,16.33016586303711
2025-09-09,16.541126251220703
2025-09-10,16.72332000732422
2025-09-11,16.83838653564453
2025-09-12,17.317840576171875
2025-09-15,16.63701820373535
2025-09-16,16.771263122558594
2025-09-17,17.787704467773438
2025-09-18,17.394554138183594
2025-09-19,17.375377655029297
2025-09-22,16.88633155822754
2025-09-23,17.547977447509766
2025-09-24,17.528799057006836
2025-09-25,16.905513763427734
2025-09-26,17.058935165405273
2025-09-29,17.3561954498291
2025-09-30,17.66304588317871
2025-10-01,17.49044418334961
2025-10-02,17.279483795166016
2025-10-03,18.056198120117188
2025-10-06,18.02936363220215
2025-10-07,17.7982177734375
2025-10-08,18.308664321899414
2025-10-09,18.193090438842773
2025-10-10,17.9812068939209
2025-10-13,17.961946487426758
2025-10-14,18.048625946044922
2025-10-15,18.867265701293945
2025-10-16,18.809478759765625
2025-10-17,18.857635498046875
2025-10-20,18.751693725585938
2025-10-21,18.857635498046875
2025-10-22,18.73242950439453
2025-10-23,18.674644470214844
2025-10-24,18.857635498046875
2025-10-27,19.069517135620117
2025-10-28,18.713167190551758
2025-10-29,18.97320556640625
2025-10-30,19.127304077148438
2025-10-31,19.26214027404785
2025-11-03,19.098411560058594
2025-11-04,18.761323928833008
2025-11-05,19.45475959777832
2025-11-06,20.186721801757812
2025-11-07,20.706798553466797
2025-11-10,21.303926467895508
2025-11-11,22.05514907836914
2025-11-12,22.006994247436523
2025-11-13,21.843265533447266
2025-11-14,22.016624450683594
2025-11-17,22.257400512695312
2025-11-18,22.77747917175293
2025-11-19,22.34408187866211
2025-11-21,22.035886764526367
2025-11-24,22.34408187866211
2025-11-25,22.084041595458984
2025-11-26,22.710063934326172
2025-11-27,22.787111282348633
2025-11-28,23.12419891357422
2025-12-01,22.59449005126953
2025-12-02,23.413129806518555
2025-12-03,23.172353744506836
2025-12-04,23.19161605834961
2025-12-05,22.035886764526367
2025-12-08,22.608888626098633
2025-12-09,22.919261932373047
2025-12-10,23.181142807006836
2025-12-11,23.927982330322266
2025-12-12,24.248056411743164
2025-12-15,23.957080841064453
2025-12-16,22.773775100708008
2025-12-17,22.647686004638672
2025-12-18,22.37610626220703
2025-12-19,22.40520477294922
2025-12-22,22.608888626098633
2025-12-23,22.685123443603516
2025-12-26,22.7939510345459
2025-12-29,23.09074592590332
2025-12-30,23.19957160949707
