date,close
2010-12-01,5.789056301116943
2010-12-02,5.890615940093994
2010-12-03,5.764679431915283
2010-12-06,5.687491416931152
2010-12-07,5.464053153991699
2010-12-08,5.56561803817749
2010-12-09,5.3421783447265625
2010-12-10,5.545304775238037
2010-12-13,5.5249924659729
2010-12-14,5.443741321563721
2010-12-15,5.189837455749512
2010-12-16,5.0781168937683105
2010-12-17,4.95624303817749
2010-12-20,4.935930252075195
2010-12-21,5.179681777954102
2010-12-22,5.189837455749512
2010-12-23,5.3218674659729
2010-12-27,5.281243324279785
2010-12-28,5.222336292266846
2010-12-29,5.382805347442627
2010-12-30,5.464053153991699
2011-01-03,5.593984127044678
2011-01-04,5.555322170257568
2011-01-05,5.697765350341797
2011-01-06,5.738464832305908
2011-01-07,5.6387529373168945
2011-01-10,5.573636054992676
2011-01-11,5.768989562988281
2011-01-12,5.768989562988281
2011-01-13,5.740499019622803
2011-01-14,5.748639106750488
2011-01-17,5.636719226837158
2011-01-18,5.779163837432861
2011-01-19,5.752707481384277
2011-01-20,5.697765350341797
2011-01-21,5.575671195983887
2011-01-24,5.575671195983887
2011-01-26,5.28671407699585
2011-01-27,5.04659366607666
2011-01-28,4.924497604370117
2011-01-31,5.097465515136719
2011-02-01,5.390495777130127
2011-02-02,5.23991060256958
2011-02-03,4.987578868865967
2011-02-04,4.914322853088379
2011-02-07,4.924497604370117
2011-02-08,4.902113437652588
2011-02-09,4.680307388305664
2011-02-10,4.721004486083984
2011-02-11,4.761703968048096
2011-02-14,4.820716857910156
2011-02-15,4.942811965942383
2011-02-16,4.944847106933594
2011-02-17,5.001824855804443
2011-02-18,5.107641220092773
2011-02-21,4.987578868865967
2011-02-22,4.836995601654053
2011-02-23,4.6192626953125
2011-02-24,4.6192626953125
2011-02-25,4.594842433929443
2011-02-28,4.782052993774414
2011-03-01,4.812577247619629
2011-03-02,4.721004486083984
2011-03-03,4.832927227020264
2011-03-04,4.824785232543945
2011-03-09,4.824785232543945
2011-03-10,4.798333168029785
2011-03-11,4.832927227020264
2011-03-14,4.782052993774414
2011-03-15,4.808508396148682
2011-03-16,4.822751522064209
2011-03-17,4.85327672958374
2011-03-18,4.843100070953369
2011-03-21,4.898044109344482
2011-03-22,4.883800029754639
2011-03-23,4.955022811889648
2011-03-24,5.026246070861816
2011-03-25,5.014034748077393
2011-03-28,5.016068935394287
2011-03-29,5.189037322998047
2011-03-30,5.189037322998047
2011-03-31,5.189037322998047
2011-04-01,5.343499660491943
2011-04-04,5.486264705657959
2011-04-05,5.486264705657959
2011-04-06,5.404685020446777
2011-04-07,5.439356327056885
2011-04-08,5.421000957489014
2011-04-11,5.50665807723999
2011-04-12,5.439356327056885
2011-04-13,5.312906742095947
2011-04-14,5.282314777374268
2011-04-15,5.272116661071777
2011-04-18,5.272116661071777
2011-04-19,5.286392688751221
2011-04-20,5.4556708335876465
2011-04-25,5.363892555236816
2011-04-26,5.46586799621582
2011-04-27,5.46586799621582
2011-04-28,5.363892555236816
2011-04-29,5.50665807723999
2011-05-02,5.592268943786621
2011-05-03,5.399714946746826
2011-05-04,5.325970649719238
2011-05-05,5.325970649719238
2011-05-06,5.627092361450195
2011-05-09,5.663964748382568
2011-05-10,5.663964748382568
2011-05-11,5.61275577545166
2011-05-12,5.64348030090332
2011-05-13,5.684451580047607
2011-05-16,5.684451580047607
2011-05-17,5.551300048828125
2011-05-18,5.428394317626953
2011-05-19,5.223548889160156
2011-05-20,5.137512683868408
2011-05-23,5.039188861846924
2011-05-24,5.223548889160156
2011-05-25,5.274760723114014
2011-05-26,5.387422561645508
2011-05-27,5.571785926818848
2011-05-30,5.3976664543151855
2011-05-31,5.387422561645508
2011-06-01,5.428394317626953
2011-06-02,5.428394317626953
2011-06-03,5.440682411193848
2011-06-06,5.44887638092041
2011-06-07,5.553349494934082
2011-06-08,5.559493541717529
2011-06-09,5.539010047912598
2011-06-10,5.653723239898682
2011-06-13,5.561541557312012
2011-06-14,5.735660076141357
2011-06-15,5.735660076141357
2011-06-16,5.5410590171813965
2011-06-17,5.420198917388916
2011-06-20,5.50213623046875
2011-06-21,5.633239269256592
2011-06-22,5.530816555023193
2011-06-24,5.489844799041748
2011-06-27,5.61275577545166
2011-06-28,5.817599296569824
2011-06-29,5.735660076141357
2011-06-30,5.715176582336426
2011-07-01,5.780726432800293
2011-07-04,5.737870216369629
2011-07-05,5.590062141418457
2011-07-06,5.522315502166748
2011-07-07,5.655754089355469
2011-07-08,5.48125696182251
2011-07-11,5.358082294464111
2011-07-12,5.382718086242676
2011-07-13,5.413512229919434
2011-07-14,5.358082294464111
2011-07-15,5.204113483428955
2011-07-18,5.317026138305664
2011-07-19,5.144579887390137
2011-07-20,5.093255996704102
2011-07-21,5.399140357971191
2011-07-22,5.421723365783691
2011-07-25,5.487416744232178
2011-07-26,5.337553024291992
2011-07-27,5.091207027435303
2011-07-28,5.173322677612305
2011-07-29,5.487416744232178
2011-08-01,5.039883136749268
2011-08-02,4.965976715087891
2011-08-03,4.736051559448242
2011-08-04,4.670360565185547
2011-08-05,4.824326038360596
2011-08-08,4.598506927490234
2011-08-09,4.78326940536499
2011-08-10,4.9680304527282715
2011-08-11,5.101468563079834
2011-08-12,4.926971912384033
2011-08-15,5.041936874389648
2011-08-16,5.132262706756592
2011-08-17,5.080941677093506
2011-08-18,4.988559722900391
2011-08-19,4.949555397033691
2011-08-22,5.019352436065674
2011-08-23,5.039883136749268
2011-08-24,4.978295803070068
2011-08-25,4.885913372039795
2011-08-26,4.988559722900391
2011-08-29,5.275966644287109
2011-08-30,5.429934501647949
2011-08-31,5.6824421882629395
2011-09-01,5.850780963897705
2011-09-02,5.707075595855713
2011-09-05,5.5633745193481445
2011-09-06,5.711183547973633
2011-09-08,5.932897090911865
2011-09-09,5.778929233551025
2011-09-12,5.5941667556762695
2011-09-13,5.532580852508545
2011-09-14,5.5387372970581055
2011-09-15,5.460725784301758
2011-09-16,5.512049674987793
2011-09-19,5.6146955490112305
2011-09-20,5.520262241363525
2011-09-21,5.491518974304199
2011-09-22,5.132262706756592
2011-09-23,5.138422966003418
2011-09-26,5.2964959144592285
2011-09-27,5.3806657791137695
2011-09-28,5.319077968597412
2011-09-29,5.224642753601074
2011-09-30,5.1117329597473145
2011-10-03,5.063508987426758
2011-10-04,5.073800086975098
2011-10-05,5.182891368865967
2011-10-06,5.331092834472656
2011-10-07,5.275514602661133
2011-10-10,5.380492210388184
2011-10-11,5.382552623748779
2011-10-13,5.27139949798584
2011-10-14,5.331092834472656
2011-10-17,5.176717281341553
2011-10-18,5.176717281341553
2011-10-19,5.310508728027344
2011-10-20,5.267283916473389
2011-10-21,5.431950569152832
2011-10-24,5.378434658050537
2011-10-25,5.378434658050537
2011-10-26,5.248761177062988
2011-10-27,5.30021858215332
2011-10-28,5.351675033569336
2011-10-31,5.413424968719482
2011-11-01,5.178775310516357
2011-11-03,5.1849493980407715
2011-11-04,5.228174209594727
2011-11-07,5.094384670257568
2011-11-08,5.001758575439453
2011-11-09,4.940008163452148
2011-11-10,5.034689426422119
2011-11-11,5.174656867980957
2011-11-14,5.207592010498047
2011-11-16,5.30021858215332
2011-11-17,5.331092834472656
2011-11-18,5.269342422485352
2011-11-21,5.3372673988342285
2011-11-22,5.261108875274658
2011-11-23,5.082035064697266
2011-11-24,5.2261176109313965
2011-11-25,5.30021858215332
2011-11-28,5.368143081665039
2011-11-29,5.392841339111328
2011-11-30,5.639843463897705
2011-12-01,5.74070405960083
2011-12-02,5.5245747566223145
2011-12-05,5.753050804138184
2011-12-06,5.8086256980896
2011-12-07,5.820976257324219
2011-12-08,5.701590538024902
2011-12-09,5.650134563446045
2011-12-12,5.629550457000732
2011-12-13,5.489585876464844
2011-12-14,5.27139949798584
2011-12-15,5.427834510803223
2011-12-16,5.516341209411621
2011-12-19,5.516341209411621
2011-12-20,5.516341209411621
2011-12-21,5.434009552001953
2011-12-22,5.351675033569336
2011-12-23,5.349617958068848
2011-12-26,5.382552623748779
2011-12-27,5.401077747344971
2011-12-28,5.427834510803223
2011-12-29,5.269342422485352
2012-01-02,5.550276756286621
2012-01-03,5.717465877532959
2012-01-04,5.500738143920898
2012-01-05,5.329420566558838
2012-01-06,5.366574287414551
2012-01-09,5.494546890258789
2012-01-10,5.48629093170166
2012-01-11,5.360382556915283
2012-01-12,5.387214183807373
2012-01-13,5.281948089599609
2012-01-16,5.281948089599609
2012-01-17,5.281948089599609
2012-01-18,5.624584674835205
2012-01-19,5.7835164070129395
2012-01-20,5.789707660675049
2012-01-23,5.680312156677246
2012-01-24,5.67618465423584
2012-01-26,5.816542625427246
2012-01-27,5.841311454772949
2012-01-30,5.789707660675049
2012-01-31,5.92180871963501
2012-02-01,6.088997840881348
2012-02-02,5.9300642013549805
2012-02-03,6.078678607940674
2012-02-06,6.254124641418457
2012-02-07,6.303662300109863
2012-02-08,6.1447272300720215
2012-02-09,6.1777520179748535
2012-02-10,6.192201137542725
2012-02-13,6.192201137542725
2012-02-14,6.2747650146484375
2012-02-15,6.450209140777588
2012-02-16,6.47910737991333
2012-02-17,6.491490840911865
2012-02-23,6.658681869506836
2012-02-24,6.708216667175293
2012-02-27,6.61533260345459
2012-02-28,6.677258491516113
2012-02-29,6.547219753265381
2012-03-01,6.7618818283081055
2012-03-02,6.7556915283203125
2012-03-05,6.656618595123291
2012-03-06,6.501812934875488
2012-03-07,6.559603214263916
2012-03-08,6.893984317779541
2012-03-09,6.945585250854492
2012-03-12,6.96829080581665
2012-03-13,7.024020671844482
2012-03-14,6.974484920501709
2012-03-15,6.8754096031188965
2012-03-16,7.060099124908447
2012-03-19,7.060099124908447
2012-03-20,6.971146106719971
2012-03-21,6.950463771820068
2012-03-22,6.950463771820068
2012-03-23,6.681546211242676
2012-03-26,6.8780622482299805
2012-03-27,6.950463771820068
2012-03-28,6.9442572593688965
2012-03-29,6.960803508758545
2012-03-30,6.950463771820068
2012-04-02,7.074576377868652
2012-04-03,7.211104869842529
2012-04-04,7.120086669921875
2012-04-05,7.078714370727539
2012-04-09,7.008386135101318
2012-04-10,7.012521266937256
2012-04-11,6.871854782104492
2012-04-12,6.681546211242676
2012-04-13,6.557430744171143
2012-04-16,6.57811975479126
2012-04-17,6.909091949462891
2012-04-18,7.064233779907227
2012-04-19,7.082852840423584
2012-04-20,6.964942455291748
2012-04-23,6.909091949462891
2012-04-24,6.784977912902832
2012-04-25,6.871854782104492
2012-04-26,6.764288902282715
2012-04-27,6.7229156494140625
2012-04-30,6.733260154724121
2012-05-02,6.760758399963379
2012-05-03,6.870839595794678
2012-05-04,6.648597717285156
2012-05-07,6.646522045135498
2012-05-08,6.521895408630371
2012-05-09,6.407660484313965
2012-05-10,6.407660484313965
2012-05-11,6.4803571701049805
2012-05-14,6.270577430725098
2012-05-15,6.148030757904053
2012-05-16,6.148030757904053
2012-05-17,6.060794830322266
2012-05-18,6.262265682220459
2012-05-21,6.262265682220459
2012-05-22,6.16049337387085
2012-05-23,6.054563045501709
2012-05-24,5.952789306640625
2012-05-25,6.1812639236450195
2012-05-28,6.206188201904297
2012-05-29,6.185418128967285
2012-05-30,6.366118907928467
2012-05-31,6.646522045135498
2012-06-01,6.438817977905273
2012-06-04,6.7025980949401855
2012-06-05,6.625749111175537
2012-06-06,6.372352123260498
2012-06-08,6.249806880950928
2012-06-11,6.501125335693359
2012-06-12,6.696370601654053
2012-06-13,6.56343936920166
2012-06-14,6.438817977905273
2012-06-15,6.4138922691345215
2012-06-18,6.3681960105896
2012-06-19,6.428431510925293
2012-06-20,6.274730205535889
2012-06-21,6.199957847595215
2012-06-22,6.231112003326416
2012-06-25,6.231112003326416
2012-06-26,6.179184436798096
2012-06-27,6.220728874206543
2012-06-28,6.0649495124816895
2012-06-29,6.303805828094482
2012-07-02,6.507394313812256
2012-07-03,6.426182746887207
2012-07-04,6.5490403175354
2012-07-05,6.601103782653809
2012-07-06,6.351219177246094
2012-07-10,6.188790321350098
2012-07-11,6.082591533660889
2012-07-12,6.184628486633301
2012-07-13,6.018039703369141
2012-07-16,6.018039703369141
2012-07-17,6.292911529541016
2012-07-18,6.313733100891113
2012-07-19,6.455337047576904
2012-07-20,6.455337047576904
2012-07-23,6.351219177246094
2012-07-24,6.496983051300049
2012-07-25,6.455337047576904
2012-07-26,6.850988388061523
2012-07-27,7.084209442138672
2012-07-30,7.107118129730225
2012-07-31,6.919704914093018
2012-08-01,6.663574695587158
2012-08-02,6.978011131286621
2012-08-03,7.215400218963623
2012-08-06,7.319519519805908
2012-08-07,7.111280918121338
2012-08-08,7.111280918121338
2012-08-09,7.117529392242432
2012-08-10,7.117529392242432
2012-08-13,6.930115699768066
2012-08-14,6.90512752532959
2012-08-15,6.871809959411621
2012-08-16,7.163341999053955
2012-08-17,7.163341999053955
2012-08-20,7.257044792175293
2012-08-21,7.184165954589844
2012-08-22,7.465284824371338
2012-08-23,7.515260219573975
2012-08-24,7.656863212585449
2012-08-27,7.600637435913086
2012-08-28,7.463204383850098
2012-08-29,7.373656749725342
2012-08-30,7.461117267608643
2012-08-31,7.469447135925293
2012-09-03,7.286197185516357
2012-09-04,7.300776481628418
2012-09-05,7.2445526123046875
2012-09-06,7.377827167510986
2012-09-10,7.284116744995117
2012-09-11,7.350753307342529
2012-09-12,7.502767086029053
2012-09-13,7.571480751037598
2012-09-14,7.6526947021484375
2012-09-17,7.754732608795166
2012-09-18,7.611049175262451
2012-09-19,7.371577739715576
2012-09-20,7.471529960632324
2012-09-21,7.367410182952881
2012-09-24,7.423635005950928
2012-09-25,7.363247394561768
2012-09-26,7.346585750579834
2012-09-27,7.3840718269348145
2012-09-28,7.396565914154053
2012-10-01,7.4706830978393555
2012-10-02,7.433122158050537
2012-10-03,7.512420177459717
2012-10-04,7.199404239654541
2012-10-05,7.387213706970215
2012-10-08,7.587540149688721
2012-10-09,7.510334491729736
2012-10-10,7.410170078277588
2012-10-11,7.474860668182373
2012-10-15,7.449818134307861
2012-10-16,7.324609756469727
2012-10-17,7.134711265563965
2012-10-18,7.220273971557617
2012-10-19,7.239051342010498
2012-10-22,7.284959316253662
2012-10-23,7.307919025421143
2012-10-24,7.159753322601318
2012-10-25,7.136797904968262
2012-10-26,7.195230484008789
2012-10-29,7.166014671325684
2012-10-30,7.282875061035156
2012-10-31,7.428947448730469
2012-11-01,7.616760730743408
2012-11-05,7.543720245361328
2012-11-06,7.637627601623535
2012-11-07,7.633452415466309
2012-11-08,7.345479488372803
2012-11-09,7.4164252281188965
2012-11-12,7.193140983581543
2012-11-13,7.531200885772705
2012-11-14,7.408079624176025
2012-11-16,7.506157398223877
2012-11-19,7.616760730743408
2012-11-21,7.537461757659912
2012-11-22,7.481118679046631
2012-11-23,7.510334491729736
2012-11-26,7.491549968719482
2012-11-27,7.529111385345459
2012-11-28,7.56458854675293
2012-11-29,7.539549827575684
2012-11-30,7.41851282119751
2012-12-03,7.616760730743408
2012-12-04,7.554152488708496
2012-12-05,7.481118679046631
2012-12-06,7.449818134307861
2012-12-07,7.554152488708496
2012-12-10,7.666840553283691
2012-12-11,7.627193927764893
2012-12-12,7.65849494934082
2012-12-13,7.72944974899292
2012-12-14,7.716926574707031
2012-12-17,7.75239896774292
2012-12-18,7.825440883636475
2012-12-19,7.888040065765381
2012-12-20,7.875519752502441
2012-12-21,7.821262836456299
2012-12-26,7.794136047363281
2012-12-27,7.883866310119629
2012-12-28,7.808741092681885
2013-01-02,8.061716079711914
2013-01-03,8.00943374633789
2013-01-04,8.042890548706055
2013-01-07,7.860951900482178
2013-01-08,7.8630475997924805
2013-01-09,7.748027801513672
2013-01-10,7.714571475982666
2013-01-11,7.570269584655762
2013-01-14,7.528449058532715
2013-01-15,7.538906097412109
2013-01-16,7.415525436401367
2013-01-17,7.4343438148498535
2013-01-18,7.413431167602539
2013-01-21,7.4573469161987305
2013-01-22,7.695747375488281
2013-01-23,7.787760257720947
2013-01-24,7.612098693847656
2013-01-28,7.570269584655762
2013-01-29,7.653922080993652
2013-01-30,7.568181991577148
2013-01-31,7.653922080993652
2013-02-01,7.633011817932129
2013-02-04,7.714571475982666
2013-02-05,7.9027838706970215
2013-02-06,8.049161911010742
2013-02-07,8.007343292236328
2013-02-08,7.842135429382324
2013-02-13,8.019887924194336
2013-02-14,7.927875995635986
2013-02-15,7.852589130401611
2013-02-18,7.800309181213379
2013-02-19,7.687385082244873
2013-02-20,7.633011817932129
2013-02-21,7.5493574142456055
2013-02-22,7.695747375488281
2013-02-25,7.708293914794922
2013-02-26,7.8944172859191895
2013-02-27,7.946696758270264
2013-02-28,7.850497245788574
2013-03-01,7.860951900482178
2013-03-04,7.925785541534424
2013-03-05,7.842135429382324
2013-03-06,7.758484363555908
2013-03-07,7.64764928817749
2013-03-08,7.712477207183838
2013-03-11,7.754300594329834
2013-03-12,7.737572193145752
2013-03-13,7.748027801513672
2013-03-14,7.699929237365723
2013-03-15,7.693657875061035
2013-03-18,7.762667179107666
2013-03-19,7.6894755363464355
2013-03-20,7.580730438232422
2013-03-21,7.627503395080566
2013-03-22,7.669408798217773
2013-03-25,7.543684959411621
2013-03-26,7.6484575271606445
2013-03-27,7.669408798217773
2013-03-28,7.564635276794434
2013-04-01,7.501771926879883
2013-04-02,7.459862232208252
2013-04-03,7.4179511070251465
2013-04-04,7.459862232208252
2013-04-05,7.438913345336914
2013-04-08,7.457767963409424
2013-04-09,7.3907151222229
2013-04-10,7.302704811096191
2013-04-11,7.1308794021606445
2013-04-12,7.093157768249512
2013-04-15,6.956955432891846
2013-04-16,7.017723083496094
2013-04-17,6.977905750274658
2013-04-18,6.959048271179199
2013-04-19,7.290134429931641
2013-04-22,7.264984130859375
2013-04-23,7.520628929138184
2013-04-24,7.587686538696289
2013-04-25,7.382336139678955
2013-04-26,7.382336139678955
2013-04-29,7.3990960121154785
2013-04-30,7.482100486755371
2013-05-02,7.378404140472412
2013-05-03,7.301340103149414
2013-05-06,7.250694751739502
2013-05-07,7.398219108581543
2013-05-08,7.411436080932617
2013-05-09,7.316756725311279
2013-05-10,7.367394924163818
2013-05-13,7.396020889282227
2013-05-14,7.321155548095703
2013-05-15,7.314549446105957
2013-05-16,7.310144901275635
2013-05-17,7.35418701171875
2013-05-20,7.431247711181641
2013-05-21,7.702079772949219
2013-05-22,7.816573619842529
2013-05-23,7.739509105682373
2013-05-24,7.752718448638916
2013-05-27,7.68666410446167
2013-05-28,7.647030353546143
2013-05-29,7.486295223236084
2013-05-31,7.224276065826416
2013-06-03,7.1890482902526855
2013-06-04,7.400425910949707
2013-06-05,7.156017780303955
2013-06-06,7.200052261352539
2013-06-07,7.034916400909424
2013-06-10,6.957851886749268
2013-06-11,6.847757816314697
2013-06-12,6.852160930633545
2013-06-13,6.995283126831055
2013-06-14,6.852160930633545
2013-06-17,6.7596845626831055
2013-06-18,6.7596845626831055
2013-06-19,6.552711009979248
2013-06-20,6.627573013305664
2013-06-21,6.4976654052734375
2013-06-24,6.572526454925537
2013-06-25,6.858771324157715
2013-06-26,7.019504547119141
2013-06-27,7.116381645202637
2013-06-28,6.96665620803833
2013-07-01,6.727031707763672
2013-07-02,6.62109375
2013-07-03,6.676270961761475
2013-07-04,6.797657012939453
2013-07-05,6.693924903869629
2013-07-08,6.855040073394775
2013-07-10,6.8307600021362305
2013-07-11,7.029392242431641
2013-07-12,6.841798782348633
2013-07-15,6.885937690734863
2013-07-16,6.841798782348633
2013-07-17,6.974218368530273
2013-07-18,7.05146598815918
2013-07-19,7.091194152832031
2013-07-22,7.086778163909912
2013-07-23,7.241269588470459
2013-07-24,7.084570407867432
2013-07-25,7.124294757843018
2013-07-26,7.124294757843018
2013-07-29,7.164024829864502
2013-07-30,7.216989994049072
2013-07-31,7.1728515625
2013-08-01,7.179471492767334
2013-08-02,7.029392242431641
2013-08-05,7.073538303375244
2013-08-06,7.1287102699279785
2013-08-07,7.122091293334961
2013-08-08,7.22140645980835
2013-08-09,7.283205509185791
2013-08-12,7.26113224029541
2013-08-13,7.382518291473389
2013-08-14,7.179471492767334
2013-08-15,7.040428638458252
2013-08-16,6.941112995147705
2013-08-19,6.896971225738525
2013-08-20,6.731443405151367
2013-08-21,6.841798782348633
2013-08-22,6.863866329193115
2013-08-23,7.027187347412109
2013-08-26,7.062498092651367
2013-08-27,6.802068710327148
2013-08-28,6.72261905670166
2013-08-29,6.8307600021362305
2013-08-30,6.949940204620361
2013-09-02,7.040428638458252
2013-09-03,7.084570407867432
2013-09-04,7.036017417907715
2013-09-05,7.020569324493408
2013-09-06,7.106642246246338
2013-09-09,7.283205509185791
2013-09-10,7.327342510223389
2013-09-11,7.148576259613037
2013-09-12,7.194921016693115
2013-09-13,7.2390618324279785
2013-09-16,7.234648704528809
2013-09-17,7.294238567352295
2013-09-18,7.404592990875244
2013-09-19,7.448729515075684
2013-09-20,7.280996799468994
2013-09-23,7.393553733825684
2013-09-24,7.437699317932129
2013-09-25,7.428870677947998
2013-09-26,7.448729515075684
2013-09-27,7.437699317932129
2013-09-30,7.267752170562744
2013-10-01,7.300859451293945
2013-10-02,7.325136184692383
2013-10-03,7.272166728973389
2013-10-04,7.230233192443848
2013-10-07,7.3494181632995605
2013-10-08,7.470798492431641
2013-10-09,7.658397674560547
2013-10-10,7.548046588897705
2013-10-11,7.713573455810547
2013-10-14,7.790821552276611
2013-10-15,7.757716655731201
2013-10-16,7.967385292053223
2013-10-17,7.91882848739624
2013-10-18,7.850409507751465
2013-10-21,7.956347465515137
2013-10-22,8.015935897827148
2013-10-23,7.890133857727051
2013-10-24,7.890133857727051
2013-10-25,7.901173114776611
2013-10-28,7.945310592651367
2013-10-29,7.967385292053223
2013-10-30,8.011523246765137
2013-10-31,8.099803924560547
2013-11-01,7.825894832611084
2013-11-04,7.814485549926758
2013-11-05,7.793947696685791
2013-11-06,7.663896560668945
2013-11-07,7.590885162353516
2013-11-08,7.529284477233887
2013-11-11,7.545254230499268
2013-11-12,7.465396881103516
2013-11-13,7.472246170043945
2013-11-14,7.645646572113037
2013-11-18,7.780259132385254
2013-11-19,7.643365859985352
2013-11-21,7.5863237380981445
2013-11-22,7.673027038574219
2013-11-25,7.780259132385254
2013-11-26,7.780259132385254
2013-11-27,7.643365859985352
2013-11-28,7.700405120849609
2013-11-29,7.709531307220459
2013-12-02,7.757444381713867
2013-12-03,7.438021659851074
2013-12-04,7.32850456237793
2013-12-05,7.472246170043945
2013-12-06,7.504185676574707
2013-12-09,7.565788745880127
2013-12-10,7.472246170043945
2013-12-11,7.36500883102417
2013-12-12,7.412921905517578
2013-12-13,7.36500883102417
2013-12-16,7.451709270477295
2013-12-17,7.399233341217041
2013-12-18,7.506465435028076
2013-12-19,7.460834980010986
2013-12-20,7.483657360076904
2013-12-23,7.536126613616943
2013-12-26,7.538408279418945
2013-12-27,7.561225414276123
2013-12-30,7.572630405426025
2014-01-02,7.49043607711792
2014-01-03,7.639096736907959
2014-01-06,7.481285572052002
2014-01-07,7.430966854095459
2014-01-08,7.456127643585205
2014-01-09,7.1473588943481445
2014-01-10,7.227410316467285
2014-01-13,7.124488353729248
2014-01-14,7.1473588943481445
2014-01-15,7.135923862457275
2014-01-16,7.124488353729248
2014-01-17,7.124488353729248
2014-01-20,7.090179443359375
2014-01-21,7.156508445739746
2014-01-22,7.2502827644348145
2014-01-23,7.2502827644348145
2014-01-24,7.067310333251953
2014-01-27,7.055875301361084
2014-01-28,7.170231819152832
2014-01-29,6.991833209991455
2014-01-30,7.000982284545898
2014-01-31,6.975822448730469
2014-02-03,6.861465930938721
2014-02-04,6.861465930938721
2014-02-05,6.872904300689697
2014-02-06,6.9438042640686035
2014-02-07,7.033000469207764
2014-02-10,7.264001369476318
2014-02-11,7.5018744468688965
2014-02-12,7.49043607711792
2014-02-13,7.193103790283203
2014-02-14,7.318896770477295
2014-02-17,7.129061222076416
2014-02-18,7.261715412139893
2014-02-19,7.284590721130371
2014-02-20,7.284590721130371
2014-02-21,7.364641189575195
2014-02-24,7.3257575035095215
2014-02-25,7.282301425933838
2014-02-26,7.222834587097168
2014-02-27,7.234271049499512
2014-02-28,7.126777172088623
2014-03-05,7.016991138458252
2014-03-06,7.058161735534668
2014-03-07,6.895771503448486
2014-03-10,6.870615005493164
2014-03-11,6.9415178298950195
2014-03-12,6.930081367492676
2014-03-13,6.964388847351074
2014-03-14,7.090179443359375
2014-03-17,7.101615905761719
2014-03-18,7.167943477630615
2014-03-19,7.273151397705078
2014-03-20,7.296024799346924
2014-03-21,7.211400032043457
2014-03-24,7.3326191902160645
2014-03-25,7.302887916564941
2014-03-26,7.227410316467285
2014-03-27,7.467562675476074
2014-03-28,7.554473400115967
2014-03-31,7.57735013961792
2014-04-01,7.44826078414917
2014-04-02,7.457430362701416
2014-04-03,7.539932727813721
2014-04-04,7.654521942138672
2014-04-07,7.908904552459717
2014-04-08,7.792028903961182
2014-04-09,7.610976696014404
2014-04-10,7.6751484870910645
2014-04-11,7.792028903961182
2014-04-14,7.897451877593994
2014-04-15,7.734736442565918
2014-04-16,7.918076038360596
2014-04-17,7.989123821258545
2014-04-22,7.998288631439209
2014-04-23,7.936408996582031
2014-04-24,8.0441255569458
2014-04-25,7.897451877593994
2014-04-28,7.723278045654297
2014-04-29,7.769110679626465
2014-04-30,7.643067836761475
2014-05-02,7.777877330780029
2014-05-05,7.835489273071289
2014-05-06,7.840099811553955
2014-05-07,7.7640461921691895
2014-05-08,7.927676200866699
2014-05-09,8.006031036376953
2014-05-12,8.24109172821045
2014-05-13,8.446194648742676
2014-05-14,8.515334129333496
2014-05-15,8.503809928894043
2014-05-16,8.607518196105957
2014-05-19,8.413935661315918
2014-05-20,8.25491714477539
2014-05-21,8.400107383728027
2014-05-22,8.466938972473145
2014-05-23,8.220354080200195
2014-05-26,8.259531021118164
2014-05-27,8.204219818115234
2014-05-28,8.296399116516113
2014-05-29,8.271051406860352
2014-05-30,8.18117618560791
2014-06-02,8.093602180480957
2014-06-03,8.169651985168457
2014-06-04,8.236481666564941
2014-06-05,8.282570838928223
2014-06-06,8.404717445373535
2014-06-09,8.529160499572754
2014-06-10,8.540681838989258
2014-06-11,8.665127754211426
2014-06-13,8.457720756530762
2014-06-16,8.556816101074219
2014-06-17,8.577558517456055
2014-06-18,8.757308006286621
2014-06-20,8.711223602294922
2014-06-23,8.554511070251465
2014-06-24,8.64208698272705
2014-06-25,8.552205085754395
2014-06-26,8.50611686706543
2014-06-27,8.427760124206543
2014-06-30,8.39780044555664
2014-07-01,8.24109172821045
2014-07-02,8.313105583190918
2014-07-03,8.407781600952148
2014-07-04,8.451655387878418
2014-07-07,8.440108299255371
2014-07-08,8.472439765930176
2014-07-10,8.456271171569824
2014-07-11,8.481677055358887
2014-07-14,8.668721199035645
2014-07-15,8.60637378692627
2014-07-16,8.617919921875
2014-07-17,8.474749565124512
2014-07-18,8.576356887817383
2014-07-21,8.578660011291504
2014-07-22,8.624845504760742
2014-07-23,8.682575225830078
2014-07-24,8.666409492492676
2014-07-25,8.647934913635254
2014-07-28,8.562496185302734
2014-07-29,8.55325984954834
2014-07-30,8.428563117980957
2014-07-31,8.340814590454102
2014-08-01,8.430871963500977
2014-08-04,8.417017936706543
2014-08-05,8.451655387878418
2014-08-06,8.389305114746094
2014-08-07,8.370834350585938
2014-08-08,8.467819213867188
2014-08-11,8.49783706665039
2014-08-12,8.555570602416992
2014-08-13,8.636391639709473
2014-08-14,8.647934913635254
2014-08-15,8.64332103729248
2014-08-18,8.756471633911133
2014-08-19,8.87885570526123
2014-08-20,9.00586223602295
2014-08-21,9.063591957092285
2014-08-22,9.15364933013916
2014-08-25,9.165196418762207
2014-08-26,9.151341438293457
2014-08-27,9.317605972290039
2014-08-28,9.179052352905273
2014-08-29,9.204452514648438
2014-09-01,9.299127578735352
2014-09-02,9.12363338470459
2014-09-03,9.098231315612793
2014-09-04,9.061278343200684
2014-09-05,8.994314193725586
2014-09-08,8.788797378540039
2014-09-09,8.578660011291504
2014-09-10,8.75877571105957
2014-09-11,8.786490440368652
2014-09-12,8.447036743164062
2014-09-15,8.40546989440918
2014-09-16,8.525551795959473
2014-09-17,8.474749565124512
2014-09-18,8.33619499206543
2014-09-19,8.580972671508789
2014-09-22,8.382375717163086
2014-09-23,8.366214752197266
2014-09-24,8.428563117980957
2014-09-25,8.19764518737793
2014-09-26,8.423948287963867
2014-09-29,8.079873085021973
2014-09-30,8.179165840148926
2014-10-01,8.083470344543457
2014-10-02,8.088094711303711
2014-10-03,8.122809410095215
2014-10-06,8.618046760559082
2014-10-07,8.678217887878418
2014-10-08,8.678217887878418
2014-10-09,8.851778030395508
2014-10-10,8.567133903503418
2014-10-13,8.898065567016602
2014-10-14,8.893437385559082
2014-10-15,8.594905853271484
2014-10-16,8.402826309204102
2014-10-17,8.562506675720215
2014-10-20,8.446795463562012
2014-10-21,8.041810035705566
2014-10-22,8.145951271057129
2014-10-23,7.6136884689331055
2014-10-24,7.914531707763672
2014-10-27,8.203807830810547
2014-10-28,8.069581031799316
2014-10-29,7.958498001098633
2014-10-30,8.05338191986084
2014-10-31,8.266289710998535
2014-11-03,8.192235946655273
2014-11-04,8.145951271057129
2014-11-05,7.9284162521362305
2014-11-06,7.706257343292236
2014-11-07,8.03255558013916
2014-11-10,7.775680065155029
2014-11-11,7.870560169219971
2014-11-12,7.882134914398193
2014-11-13,7.754855632781982
2014-11-14,7.555832862854004
2014-11-17,7.643772125244141
2014-11-18,7.764110565185547
2014-11-19,7.889078617095947
2014-11-21,8.294058799743652
2014-11-24,8.199180603027344
2014-11-25,8.034866333007812
2014-11-26,8.215377807617188
2014-11-27,8.122809410095215
2014-11-28,8.03255558013916
2014-12-01,7.787252426147461
2014-12-02,7.838161468505859
2014-12-03,7.845106601715088
2014-12-04,7.914531707763672
2014-12-05,8.055699348449707
2014-12-08,7.828908443450928
2014-12-09,8.05338191986084
2014-12-10,7.840477466583252
2014-12-11,7.650712013244629
2014-12-12,7.629883766174316
2014-12-15,7.386897087097168
2014-12-16,7.463263988494873
2014-12-17,7.553516864776611
2014-12-18,7.734027862548828
2014-12-19,8.263972282409668
2014-12-22,8.405141830444336
2014-12-23,8.375056266784668
2014-12-26,8.247777938842773
2014-12-29,8.541679382324219
2014-12-30,8.217686653137207
2015-01-02,8.146110534667969
2015-01-05,7.80746603012085
2015-01-06,7.965191841125488
2015-01-07,8.04869270324707
2015-01-08,7.911839962005615
2015-01-09,7.93967342376709
2015-01-12,7.967508792877197
2015-01-13,7.988383769989014
2015-01-14,8.160026550292969
2015-01-15,8.211055755615234
2015-01-16,8.350227355957031
2015-01-19,8.027814865112305
2015-01-20,8.2342529296875
2015-01-21,8.607690811157227
2015-01-22,8.728302001953125
2015-01-23,8.36646556854248
2015-01-26,8.558982849121094
2015-01-27,8.443002700805664
2015-01-28,8.231929779052734
2015-01-29,8.373424530029297
2015-01-30,8.122915267944336
2015-02-02,8.162345886230469
2015-02-03,8.115955352783203
2015-02-04,8.067246437072754
2015-02-05,8.169307708740234
2015-02-06,8.164667129516602
2015-02-09,8.187860488891602
2015-02-10,7.839935302734375
2015-02-11,7.6103034019470215
2015-02-12,7.654375076293945
2015-02-13,7.962869167327881
2015-02-18,7.904881477355957
2015-02-19,8.002299308776855
2015-02-20,7.96982479095459
2015-02-23,7.962869167327881
2015-02-24,7.96982479095459
2015-02-25,7.960550308227539
2015-02-26,8.21801471710205
2015-02-27,8.11827564239502
2015-03-02,8.044048309326172
2015-03-03,7.974462985992432
2015-03-04,7.849214553833008
2015-03-05,7.886326313018799
2015-03-06,7.900241851806641
2015-03-09,7.802820682525635
2015-03-10,7.628857612609863
2015-03-11,7.832979679107666
2015-03-12,7.730917930603027
2015-03-13,7.696125030517578
2015-03-16,7.763389587402344
2015-03-17,7.909519195556641
2015-03-18,8.171623229980469
2015-03-19,8.11827564239502
2015-03-20,8.11827564239502
2015-03-23,8.169307708740234
2015-03-24,8.327031135559082
2015-03-25,8.24584674835205
2015-03-26,8.111316680908203
2015-03-27,8.041733741760254
2015-03-30,8.443002700805664
2015-03-31,8.512594223022461
2015-04-01,8.581652641296387
2015-04-02,8.681679725646973
2015-04-06,8.97944450378418
2015-04-07,8.70494556427002
2015-04-08,8.930596351623535
2015-04-09,9.021321296691895
2015-04-10,9.025973320007324
2015-04-13,8.8515043258667
2015-04-14,8.937572479248047
2015-04-15,8.932921409606934
2015-04-16,8.94455337524414
2015-04-17,8.549083709716797
2015-04-20,8.497903823852539
2015-04-22,8.588629722595215
2015-04-23,8.807299613952637
2015-04-24,8.565367698669434
2015-04-27,8.388570785522461
2015-04-28,8.23038101196289
2015-04-29,8.100113868713379
2015-04-30,8.169902801513672
2015-05-04,8.257338523864746
2015-05-05,8.156699180603027
2015-05-06,8.084139823913574
2015-05-07,7.981155872344971
2015-05-08,8.180102348327637
2015-05-11,7.967113018035889
2015-05-12,8.016265869140625
2015-05-13,8.13328742980957
2015-05-14,8.191804885864258
2015-05-15,7.9881792068481445
2015-05-18,7.990518093109131
2015-05-19,7.793914794921875
2015-05-20,7.800936698913574
2015-05-21,7.793914794921875
2015-05-22,7.594970703125
2015-05-25,7.719022274017334
2015-05-26,7.4685821533203125
2015-05-27,7.590291976928711
2015-05-28,7.50369119644165
2015-05-29,7.452200889587402
2015-06-01,7.548161029815674
2015-06-02,7.5926289558410645
2015-06-03,7.606672763824463
2015-06-05,7.583268642425537
2015-06-08,7.501349925994873
2015-06-09,7.583268642425537
2015-06-10,7.707315444946289
2015-06-11,7.796258449554443
2015-06-12,7.730718612670898
2015-06-15,7.697955131530762
2015-06-16,7.648805618286133
2015-06-17,7.583268642425537
2015-06-18,7.6581645011901855
2015-06-19,7.571563243865967
2015-06-22,7.506032943725586
2015-06-23,7.494330406188965
2015-06-24,7.379645347595215
2015-06-25,7.337515830993652
2015-06-26,7.293045997619629
2015-06-29,7.257937431335449
2015-06-30,7.178361892700195
2015-07-01,7.385892868041992
2015-07-02,7.207297325134277
2015-07-03,7.132099628448486
2015-07-06,7.174396514892578
2015-07-07,7.054549694061279
2015-07-08,7.070999622344971
2015-07-10,7.038100242614746
2015-07-13,6.932352542877197
2015-07-14,7.056899547576904
2015-07-15,7.0592522621154785
2015-07-16,7.141496658325195
2015-07-17,7.049849033355713
2015-07-20,6.911202430725098
2015-07-21,6.930002689361572
2015-07-22,7.13444709777832
2015-07-23,6.601006984710693
2015-07-24,6.626858711242676
2015-07-27,6.596312522888184
2015-07-28,6.497612476348877
2015-07-29,6.5328593254089355
2015-07-30,6.474112510681152
2015-07-31,6.556358814239502
2015-08-03,6.398914337158203
2015-08-04,6.509361743927002
2015-08-05,6.509361743927002
2015-08-06,6.201517105102539
2015-08-07,6.187417984008789
2015-08-10,6.302567958831787
2015-08-11,6.3213653564453125
2015-08-12,6.2461676597595215
2015-08-13,6.037020683288574
2015-08-14,5.851375102996826
2015-08-17,5.945372581481934
2015-08-18,5.81377649307251
2015-08-19,5.7573771476745605
2015-08-20,5.585832118988037
2015-08-21,5.581131935119629
2015-08-24,5.524734020233154
2015-08-25,5.397836685180664
2015-08-26,5.489483833312988
2015-08-27,5.658679008483887
2015-08-28,5.670428276062012
2015-08-31,5.266236782073975
2015-09-01,5.040642261505127
2015-09-02,4.960747241973877
2015-09-03,5.120540618896484
2015-09-04,5.052393913269043
2015-09-08,5.085292816162109
2015-09-09,5.089991092681885
2015-09-10,4.958395481109619
2015-09-11,5.052393913269043
2015-09-14,5.134642124176025
2015-09-15,5.158140659332275
2015-09-16,5.386085033416748
2015-09-17,5.639880657196045
2015-09-18,5.259188175201416
2015-09-21,5.379034996032715
2015-09-22,5.733879566192627
2015-09-23,5.743278980255127
2015-09-24,5.886624813079834
2015-09-25,5.780876636505127
2015-09-28,5.818475723266602
2015-09-29,5.6422295570373535
2015-09-30,5.743278980255127
2015-10-01,5.601818561553955
2015-10-02,5.802726745605469
2015-10-05,6.010727882385254
2015-10-06,5.885454177856445
2015-10-07,5.980000019073486
2015-10-08,6.157273292541504
2015-10-09,6.289636135101318
2015-10-13,6.145455837249756
2015-10-14,6.003636837005615
2015-10-15,5.885454177856445
2015-10-16,5.980000019073486
2015-10-19,6.027273654937744
2015-10-20,5.909090995788574
2015-10-21,5.76727294921875
2015-10-22,5.790909767150879
2015-10-23,6.050909042358398
2015-10-26,6.081636428833008
2015-10-27,5.90200138092041
2015-10-28,6.027273654937744
2015-10-29,5.854727268218994
2015-10-30,6.145455837249756
2015-11-03,6.329817771911621
2015-11-04,6.627634525299072
2015-11-05,6.8994550704956055
2015-11-06,6.854546546936035
2015-11-09,6.648910045623779
2015-11-10,6.384182453155518
2015-11-11,6.445635795593262
2015-11-12,6.447999000549316
2015-11-13,6.592183589935303
2015-11-16,6.417272090911865
2015-11-17,6.393635272979736
2015-11-18,6.478726387023926
2015-11-19,6.672543048858643
2015-11-23,6.8119988441467285
2015-11-24,6.726909160614014
2015-11-25,6.60399866104126
2015-11-26,6.61818265914917
2015-11-27,6.500000953674316
2015-11-30,6.280182361602783
2015-12-01,6.003636837005615
2015-12-02,6.055635452270508
2015-12-03,6.145455837249756
2015-12-04,5.849999904632568
2015-12-07,6.027273654937744
2015-12-08,5.720000267028809
2015-12-09,6.027273654937744
2015-12-10,5.909090995788574
2015-12-11,5.788543701171875
2015-12-14,5.861817836761475
2015-12-15,5.835816860198975
2015-12-16,5.864181995391846
2015-12-17,6.003636837005615
2015-12-18,5.828727722167969
2015-12-21,5.790909767150879
2015-12-22,5.87600040435791
2015-12-23,6.074544906616211
2015-12-28,5.956364154815674
2015-12-29,5.783818244934082
2015-12-30,5.866546154022217
2016-01-04,5.5547075271606445
2016-01-05,5.69268274307251
2016-01-06,5.7450175285339355
2016-01-07,5.709336757659912
2016-01-08,5.709336757659912
2016-01-11,5.718851089477539
2016-01-12,5.371532440185547
2016-01-13,5.402458190917969
2016-01-14,5.49761438369751
2016-01-15,5.32395601272583
2016-01-18,5.212148189544678
2016-01-19,5.18597936630249
2016-01-20,5.024214744567871
2016-01-21,4.95046854019165
2016-01-22,4.874345302581787
2016-01-26,4.893376350402832
2016-01-27,5.033731460571289
2016-01-28,4.924302101135254
2016-01-29,5.216904163360596
2016-02-01,5.340606689453125
2016-02-02,5.233557224273682
2016-02-03,5.307302951812744
2016-02-04,5.352502346038818
2016-02-05,5.233557224273682
2016-02-10,5.126506805419922
2016-02-11,5.002805709838867
2016-02-12,5.00756311416626
2016-02-15,5.005184650421143
2016-02-16,5.162189960479736
2016-02-17,5.162189960479736
2016-02-18,5.188357830047607
2016-02-19,5.093203067779541
2016-02-22,5.519023895263672
2016-02-23,5.304924011230469
2016-02-24,5.338229656219482
2016-02-25,5.540432929992676
2016-02-26,5.404837131500244
2016-02-29,5.46906852722168
2016-03-01,5.680788516998291
2016-03-02,5.873477935791016
2016-03-03,6.0090765953063965
2016-03-04,6.5062642097473145
2016-03-07,6.684679985046387
2016-03-08,6.660892486572266
2016-03-09,6.637101173400879
2016-03-10,6.584765911102295
2016-03-11,6.46820068359375
2016-03-14,6.5015058517456055
2016-03-15,6.3896989822387695
2016-03-16,6.503884792327881
2016-03-17,6.7917304039001465
2016-03-18,7.0367560386657715
2016-03-21,7.062923908233643
2016-03-22,6.970146179199219
2016-03-23,6.834550380706787
2016-03-24,6.541946887969971
2016-03-28,6.706090927124023
2016-03-29,6.970146179199219
2016-03-30,7.16283655166626
2016-03-31,7.065304279327393
2016-04-01,7.249490261077881
2016-04-04,7.182493209838867
2016-04-05,7.450461387634277
2016-04-06,7.505489826202393
2016-04-07,7.536596775054932
2016-04-08,7.739963054656982
2016-04-11,7.675361633300781
2016-04-12,7.96725606918335
2016-04-13,7.811743259429932
2016-04-14,7.842844486236572
2016-04-15,7.9337615966796875
2016-04-18,7.773460388183594
2016-04-19,7.771065711975098
2016-04-20,7.907440185546875
2016-04-22,7.4624247550964355
2016-04-25,7.352367401123047
2016-04-26,7.883516311645508
2016-04-27,8.156269073486328
2016-04-28,8.158663749694824
2016-04-29,7.895479202270508
2016-05-02,8.138364791870117
2016-05-03,8.135969161987305
2016-05-04,8.25322151184082
2016-05-05,8.114429473876953
2016-05-06,8.308257102966309
2016-05-09,8.315439224243164
2016-05-10,8.650445938110352
2016-05-11,8.643270492553711
2016-05-12,8.794024467468262
2016-05-13,8.729412078857422
2016-05-16,8.430299758911133
2016-05-17,7.99717903137207
2016-05-18,7.968461513519287
2016-05-19,8.112039566040039
2016-05-20,8.112039566040039
2016-05-23,7.966072082519531
2016-05-24,8.088112831115723
2016-05-25,8.040249824523926
2016-05-27,7.822493553161621
2016-05-30,7.781814098358154
2016-05-31,7.956500053405762
2016-06-01,7.942140102386475
2016-06-02,7.908635139465332
2016-06-03,8.104859352111816
2016-06-06,8.016322135925293
2016-06-07,7.738740921020508
2016-06-08,7.956500053405762
2016-06-09,8.02110767364502
2016-06-10,7.994787693023682
2016-06-13,7.9636759757995605
2016-06-14,7.753098487854004
2016-06-15,7.844030857086182
2016-06-16,8.05221176147461
2016-06-17,8.15989875793457
2016-06-20,8.358510971069336
2016-06-21,8.796419143676758
2016-06-22,8.303474426269531
2016-06-23,8.447051048278809
2016-06-24,8.23886489868164
2016-06-27,8.241254806518555
2016-06-28,8.41355037689209
2016-06-29,8.344151496887207
2016-06-30,8.255613327026367
2016-07-01,8.370158195495605
2016-07-04,8.34129524230957
2016-07-05,7.973296642303467
2016-07-06,8.033425331115723
2016-07-07,8.107987403869629
2016-07-08,8.34610652923584
2016-07-11,8.329267501831055
2016-07-12,8.442313194274902
2016-07-13,8.40864372253418
2016-07-14,8.538520812988281
2016-07-15,8.706891059875488
2016-07-18,8.875251770019531
2016-07-19,8.925763130187988
2016-07-20,8.870445251464844
2016-07-21,8.843985557556152
2016-07-22,9.332242965698242
2016-07-25,9.224008560180664
2016-07-26,9.187928199768066
2016-07-27,9.175902366638184
2016-07-28,9.380348205566406
2016-07-29,9.69303035736084
2016-08-01,9.738725662231445
2016-08-02,9.582386016845703
2016-08-03,9.76999282836914
2016-08-04,9.909499168395996
2016-08-05,10.125967979431152
2016-08-08,10.085077285766602
2016-08-09,10.282306671142578
2016-08-10,10.241415977478027
2016-08-11,10.462696075439453
2016-08-12,10.150018692016602
2016-08-15,10.318384170532227
2016-08-16,10.101911544799805
2016-08-17,10.147613525390625
2016-08-18,9.98165225982666
2016-08-19,9.964818954467773
2016-08-22,9.731512069702148
2016-08-23,9.69303035736084
2016-08-24,9.721888542175293
2016-08-25,9.560741424560547
2016-08-26,9.536689758300781
2016-08-29,9.736320495605469
2016-08-30,9.786834716796875
2016-08-31,9.695430755615234
2016-09-01,9.774805068969727
2016-09-02,10.113940238952637
2016-09-05,10.150018692016602
2016-09-06,10.371295928955078
2016-09-08,10.421808242797852
2016-09-09,9.85658073425293
2016-09-12,9.909499168395996
2016-09-13,9.671381950378418
2016-09-14,9.531879425048828
2016-09-15,9.517449378967285
2016-09-16,9.596817016601562
2016-09-19,9.688215255737305
2016-09-20,9.947979927062988
2016-09-21,10.044189453125
2016-09-22,9.796453475952148
2016-09-23,9.685811042785645
2016-09-26,9.642518997192383
2016-09-27,9.579981803894043
2016-09-28,9.618467330932617
2016-09-29,9.546308517456055
2016-09-30,9.539093971252441
2016-10-03,9.884011268615723
2016-10-04,9.8767671585083
2016-10-05,9.961288452148438
2016-10-06,9.900915145874023
2016-10-07,10.019241333007812
2016-10-10,9.92989730834961
2016-10-11,9.925064086914062
2016-10-13,10.045807838439941
2016-10-14,9.852621078491211
2016-10-17,9.756023406982422
2016-10-18,9.900915145874023
2016-10-19,10.074784278869629
2016-10-20,10.2872953414917
2016-10-21,9.852621078491211
2016-10-24,9.422772407531738
2016-10-25,9.80673599243164
2016-10-26,9.659429550170898
2016-10-27,9.442092895507812
2016-10-28,9.683579444885254
2016-10-31,9.570080757141113
2016-11-01,9.11608600616455
2016-11-03,9.084695816040039
2016-11-04,9.212678909301758
2016-11-07,9.630452156066895
2016-11-08,9.357573509216309
2016-11-09,9.128161430358887
2016-11-10,8.720051765441895
2016-11-11,8.495469093322754
2016-11-14,8.439927101135254
2016-11-16,8.478565216064453
2016-11-17,8.128413200378418
2016-11-18,8.113922119140625
2016-11-21,8.435097694396973
2016-11-22,8.845623970031738
2016-11-23,8.867356300354004
2016-11-24,8.741787910461426
2016-11-25,8.645191192626953
2016-11-28,8.635533332824707
2016-11-29,8.043890953063965
2016-11-30,8.369895935058594
2016-12-01,7.848287105560303
2016-12-02,7.918318271636963
2016-12-05,7.727543830871582
2016-12-06,8.336091041564941
2016-12-07,8.62104320526123
2016-12-08,8.551013946533203
2016-12-09,8.452003479003906
2016-12-12,8.183952331542969
2016-12-13,8.377143859863281
2016-12-14,8.212933540344238
2016-12-15,8.02215576171875
2016-12-16,7.969029903411865
2016-12-19,8.01008129119873
2016-12-20,8.034234046936035
2016-12-21,8.200857162475586
2016-12-22,8.17187786102295
2016-12-23,8.384340286254883
2016-12-26,8.262796401977539
2016-12-27,8.231191635131836
2016-12-28,8.046441078186035
2016-12-29,8.318706512451172
2017-01-02,8.493735313415527
2017-01-03,8.851085662841797
2017-01-04,8.99207878112793
2017-01-05,8.855945587158203
2017-01-06,8.853516578674316
2017-01-09,8.958046913146973
2017-01-10,8.885117530822754
2017-01-11,8.846223831176758
2017-01-12,9.480700492858887
2017-01-13,9.288656234741211
2017-01-16,9.232745170593262
2017-01-17,9.176830291748047
2017-01-18,8.933736801147461
2017-01-19,8.994511604309082
2017-01-20,8.958046913146973
2017-01-23,8.872961044311523
2017-01-24,9.140366554260254
2017-01-26,9.347000122070312
2017-01-27,9.2376070022583
2017-01-30,8.936168670654297
2017-01-31,8.958046913146973
2017-02-01,9.20600414276123
2017-02-02,9.485559463500977
2017-02-03,9.300813674926758
2017-02-06,8.933736801147461
2017-02-07,9.176830291748047
2017-02-08,9.543904304504395
2017-02-09,9.385893821716309
2017-02-10,9.456391334533691
2017-02-13,9.456391334533691
2017-02-14,9.845338821411133
2017-02-15,9.901256561279297
2017-02-16,9.665450096130371
2017-02-17,9.444235801696777
2017-02-20,9.543904304504395
2017-02-21,9.602248191833496
2017-02-22,9.526890754699707
2017-02-23,9.602248191833496
2017-02-24,9.366446495056152
2017-03-01,9.322688102722168
2017-03-02,9.171971321105957
2017-03-03,9.42965316772461
2017-03-06,9.480700492858887
2017-03-07,9.475836753845215
2017-03-08,9.407771110534668
2017-03-09,9.288656234741211
2017-03-10,9.78213882446289
2017-03-13,9.789429664611816
2017-03-14,9.935288429260254
2017-03-15,10.1881103515625
2017-03-16,10.615763664245605
2017-03-17,10.40574836730957
2017-03-20,10.635300636291504
2017-03-21,10.342252731323242
2017-03-22,10.342252731323242
2017-03-23,10.256779670715332
2017-03-24,10.256779670715332
2017-03-27,10.281203269958496
2017-03-28,10.256779670715332
2017-03-29,10.251893997192383
2017-03-30,10.19572639465332
2017-03-31,10.176196098327637
2017-04-03,10.256779670715332
2017-04-04,10.41551399230957
2017-04-05,10.601114273071289
2017-04-06,10.488779067993164
2017-04-07,10.596232414245605
2017-04-10,10.50098991394043
2017-04-11,10.564482688903809
2017-04-12,10.674376487731934
2017-04-13,10.647513389587402
2017-04-17,10.964987754821777
2017-04-18,10.728105545043945
2017-04-19,10.698798179626465
2017-04-20,10.720780372619629
2017-04-24,10.845325469970703
2017-04-25,10.745197296142578
2017-04-26,10.740315437316895
2017-04-27,11.187217712402344
2017-04-28,11.55108642578125
2017-05-02,11.629233360290527
2017-05-03,11.792733192443848
2017-05-04,11.5388765335083
2017-05-05,11.718371391296387
2017-05-08,11.918375968933105
2017-05-09,11.949148178100586
2017-05-10,12.4235258102417
2017-05-11,12.231210708618164
2017-05-12,12.28249454498291
2017-05-15,12.233774185180664
2017-05-16,12.251726150512695
2017-05-17,11.974791526794434
2017-05-18,11.128607749938965
2017-05-19,11.023473739624023
2017-05-22,10.564482688903809
2017-05-23,10.867058753967285
2017-05-24,11.238869667053223
2017-05-25,11.120912551879883
2017-05-26,11.243993759155273
2017-05-29,11.243993759155273
2017-05-30,11.133734703063965
2017-05-31,11.14911937713623
2017-06-01,11.272202491760254
2017-06-02,11.328614234924316
2017-06-05,11.126042366027832
2017-06-06,11.179889678955078
2017-06-07,11.426054954528809
2017-06-08,11.251687049865723
2017-06-09,11.318354606628418
2017-06-12,11.164504051208496
2017-06-13,11.120912551879883
2017-06-14,11.020910263061523
2017-06-15,11.020910263061523
2017-06-16,11.077322959899902
2017-06-19,11.331180572509766
2017-06-20,11.164504051208496
2017-06-21,10.887571334838867
2017-06-22,11.054245948791504
2017-06-23,11.261943817138672
2017-06-26,11.456826210021973
2017-06-27,11.20553207397461
2017-06-28,11.28245735168457
2017-06-29,11.346561431884766
2017-06-30,11.577340126037598
2017-07-03,11.718371391296387
2017-07-04,11.646574020385742
2017-07-05,11.718371391296387
2017-07-06,11.644009590148926
2017-07-07,11.743953704833984
2017-07-10,11.808311462402344
2017-07-11,12.047723770141602
2017-07-12,12.25623893737793
2017-07-13,12.745355606079102
2017-07-14,12.660404205322266
2017-07-17,12.549708366394043
2017-07-18,12.665555000305176
2017-07-19,12.614067077636719
2017-07-20,12.693870544433594
2017-07-21,13.257637977600098
2017-07-24,13.373489379882812
2017-07-25,13.257637977600098
2017-07-26,13.301403999328613
2017-07-27,13.383782386779785
2017-07-28,13.347744941711426
2017-07-31,13.360611915588379
2017-08-01,13.422394752502441
2017-08-02,13.592297554016113
2017-08-03,13.270514488220215
2017-08-04,13.157245635986328
2017-08-07,13.206159591674805
2017-08-08,13.213879585266113
2017-08-09,13.6463623046875
2017-08-10,13.332298278808594
2017-08-11,13.386357307434082
2017-08-14,13.365761756896973
2017-08-15,13.450716018676758
2017-08-16,13.790523529052734
2017-08-17,13.78537368774414
2017-08-18,14.197261810302734
2017-08-21,14.210136413574219
2017-08-22,14.673511505126953
2017-08-23,14.673511505126953
2017-08-24,15.04677963256836
2017-08-25,15.16777229309082
2017-08-28,15.342823028564453
2017-08-29,15.427779197692871
2017-08-30,15.260445594787598
2017-08-31,15.329950332641602
2017-09-01,15.486985206604004
2017-09-04,15.752143859863281
2017-09-05,15.922045707702637
2017-09-06,15.955507278442383
2017-09-07,15.955507278442383
2017-09-08,16.282438278198242
2017-09-11,16.421451568603516
2017-09-12,16.40343475341797
2017-09-13,15.870551109313965
2017-09-14,15.79590129852295
2017-09-15,15.883424758911133
2017-09-18,15.716100692749023
2017-09-19,16.017295837402344
2017-09-20,15.726400375366211
2017-09-21,15.88599681854248
2017-09-22,15.700653076171875
2017-09-25,15.604106903076172
2017-09-26,15.392365455627441
2017-09-27,15.18579387664795
2017-09-28,14.976631164550781
2017-09-29,14.901752471923828
2017-10-02,15.064428329467773
2017-10-03,15.49306583404541
2017-10-04,15.60926342010498
2017-10-05,15.242594718933105
2017-10-06,15.18579387664795
2017-10-09,15.283917427062988
2017-10-10,15.294239044189453
2017-10-11,14.976631164550781
2017-10-12,14.976631164550781
2017-10-13,14.927566528320312
2017-10-16,15.038606643676758
2017-10-17,14.692594528198242
2017-10-18,15.100582122802734
2017-10-19,15.307157516479492
2017-10-20,15.234853744506836
2017-10-23,15.234853744506836
2017-10-24,15.338134765625
2017-10-25,15.299407005310059
2017-10-26,14.943066596984863
2017-10-27,15.234853744506836
2017-10-30,14.976631164550781
2017-10-31,14.943066596984863
2017-11-01,14.894002914428711
2017-11-02,14.894002914428711
2017-11-03,14.847525596618652
2017-11-06,14.759735107421875
2017-11-07,15.54987621307373
2017-11-08,15.779690742492676
2017-11-09,15.709966659545898
2017-11-10,15.764201164245605
2017-11-13,15.38978099822998
2017-11-14,15.270997047424316
2017-11-15,15.270997047424316
2017-11-16,15.78227424621582
2017-11-17,16.205753326416016
2017-11-20,16.205753326416016
2017-11-21,16.267724990844727
2017-11-22,16.15669822692871
2017-11-23,16.143781661987305
2017-11-24,16.167016983032227
2017-11-27,16.112791061401367
2017-11-28,16.275470733642578
2017-11-29,16.035322189331055
2017-11-30,15.516311645507812
2017-12-01,15.911375045776367
2017-12-04,16.019832611083984
2017-12-05,15.88039493560791
2017-12-06,16.3994140625
2017-12-07,16.267724990844727
2017-12-08,16.38391876220703
2017-12-11,16.38391876220703
2017-12-12,16.290966033935547
2017-12-13,16.13603401184082
2017-12-14,16.213504791259766
2017-12-15,16.41134262084961
2017-12-18,16.566747665405273
2017-12-19,16.37249183654785
2017-12-20,16.535676956176758
2017-12-21,16.78432273864746
2017-12-22,16.628917694091797
2017-12-25,16.628917694091797
2017-12-26,16.76878547668457
2017-12-27,17.351573944091797
2017-12-28,17.141773223876953
2017-12-29,17.141773223876953
2018-01-02,17.685707092285156
2018-01-03,17.92659568786621
2018-01-04,18.183021545410156
2018-01-05,17.918825149536133
2018-01-08,17.833345413208008
2018-01-09,17.685707092285156
2018-01-10,17.646862030029297
2018-01-11,18.027610778808594
2018-01-12,17.701248168945312
2018-01-15,18.260725021362305
2018-01-16,18.61039924621582
2018-01-17,19.10771369934082
2018-01-18,18.921226501464844
2018-01-19,18.64148712158203
2018-01-22,18.27627182006836
2018-01-23,17.646862030029297
2018-01-24,18.781347274780273
2018-01-25,18.781347274780273
2018-01-26,19.465160369873047
2018-01-29,19.535097122192383
2018-01-30,19.270893096923828
2018-01-31,20.032413482666016
2018-02-01,19.791521072387695
2018-02-02,19.73712921142578
2018-02-05,19.426305770874023
2018-02-06,19.185422897338867
2018-02-07,19.255359649658203
2018-02-08,19.006694793701172
2018-02-09,18.56377410888672
2018-02-14,19.418533325195312
2018-02-15,19.154338836669922
2018-02-16,19.232046127319336
2018-02-19,19.37190818786621
2018-02-20,19.72158432006836
2018-02-21,19.620567321777344
2018-02-22,20.032413482666016
2018-02-23,20.350997924804688
2018-02-26,20.281063079833984
2018-02-27,20.18781852722168
2018-02-28,20.1567325592041
2018-03-01,19.97024154663086
2018-03-02,20.102338790893555
2018-03-05,20.226667404174805
2018-03-06,20.553030014038086
2018-03-07,20.397619247436523
2018-03-08,21.485490798950195
2018-03-09,22.845333099365234
2018-03-12,23.078447341918945
2018-03-13,22.379104614257812
2018-03-14,22.037206649780273
2018-03-15,21.8273983001709
2018-03-16,21.524349212646484
2018-03-19,21.36116600036621
2018-03-20,21.096967697143555
2018-03-21,21.687536239624023
2018-03-22,21.912872314453125
2018-03-23,21.602054595947266
2018-03-26,22.068283081054688
2018-03-27,21.757463455200195
2018-03-28,21.842937469482422
2018-03-29,22.36740493774414
2018-04-02,22.040300369262695
2018-04-03,22.429710388183594
2018-04-04,22.896997451782227
2018-04-05,22.624418258666992
2018-04-06,22.59326171875
2018-04-09,22.429710388183594
2018-04-10,23.044967651367188
2018-04-11,22.920366287231445
2018-04-12,22.998239517211914
2018-04-13,22.967090606689453
2018-04-16,22.585474014282227
2018-04-17,22.608835220336914
2018-04-18,23.122848510742188
2018-04-19,23.146221160888672
2018-04-20,22.803543090820312
2018-04-23,22.585474014282227
2018-04-24,22.390775680541992
2018-04-25,23.130638122558594
2018-04-26,22.982666015625
2018-04-27,21.884538650512695
2018-04-30,21.720993041992188
2018-05-02,21.012283325195312
2018-05-03,20.70075798034668
2018-05-04,20.66181755065918
2018-05-07,20.16337776184082
2018-05-08,20.513837814331055
2018-05-09,20.91103744506836
2018-05-10,20.98111915588379
2018-05-11,20.241254806518555
2018-05-14,19.610422134399414
2018-05-15,20.054340362548828
2018-05-16,20.358081817626953
2018-05-17,19.3222599029541
2018-05-18,19.579273223876953
2018-05-21,19.563690185546875
2018-05-22,20.669597625732422
2018-05-23,20.25682830810547
2018-05-24,19.93752670288086
2018-05-25,19.298904418945312
2018-05-28,18.574604034423828
2018-05-29,19.010740280151367
2018-05-30,19.259958267211914
2018-06-01,20.241254806518555
2018-06-04,20.6072940826416
2018-06-05,19.3612003326416
2018-06-06,18.691423416137695
2018-06-07,18.14626693725586
2018-06-08,18.691423416137695
2018-06-11,17.99828338623047
2018-06-12,18.255294799804688
2018-06-13,18.613548278808594
2018-06-14,18.130678176879883
2018-06-15,17.632244110107422
2018-06-18,17.507638931274414
2018-06-19,18.636905670166016
2018-06-20,18.06838035583496
2018-06-21,17.289567947387695
2018-06-22,17.77243995666504
2018-06-25,17.99828338623047
2018-06-26,18.8549747467041
2018-06-27,18.052799224853516
2018-06-28,18.44999122619629
2018-06-29,18.531850814819336
2018-07-02,18.05547523498535
2018-07-03,18.313186645507812
2018-07-04,18.391279220581055
2018-07-05,18.11795425415039
2018-07-06,17.82119369506836
2018-07-10,18.274141311645508
2018-07-11,17.547861099243164
2018-07-12,17.868053436279297
2018-07-13,18.531850814819336
2018-07-16,18.266334533691406
2018-07-17,19.086322784423828
2018-07-18,19.28936767578125
2018-07-19,19.1722354888916
2018-07-20,19.75794219970703
2018-07-23,19.250324249267578
2018-07-24,19.976604461669922
2018-07-25,20.03127098083496
2018-07-26,19.859460830688477
2018-07-27,19.383089065551758
2018-07-30,19.500226974487305
2018-07-31,18.547468185424805
2018-08-01,18.703657150268555
2018-08-02,18.5240478515625
2018-08-03,19.398698806762695
2018-08-06,19.828224182128906
2018-08-07,19.828224182128906
2018-08-08,19.219083786010742
2018-08-09,18.750516891479492
2018-08-10,18.133569717407227
2018-08-13,18.38347816467285
2018-08-14,18.430328369140625
2018-08-15,17.78995132446289
2018-08-16,17.66499900817871
2018-08-17,17.44633674621582
2018-08-20,17.610334396362305
2018-08-21,16.79033851623535
2018-08-22,17.602523803710938
2018-08-23,16.77472496032715
2018-08-24,17.11052703857422
2018-08-27,17.78995132446289
2018-08-28,17.8992862701416
2018-08-29,17.610334396362305
2018-08-30,16.735681533813477
2018-08-31,16.813770294189453
2018-09-03,17.024627685546875
2018-09-04,16.3295841217041
2018-09-05,16.704435348510742
2018-09-06,17.08710289001465
2018-09-10,16.969959259033203
2018-09-11,17.055870056152344
2018-09-12,16.985578536987305
2018-09-13,16.360820770263672
2018-09-14,16.517017364501953
2018-09-17,17.430713653564453
2018-09-18,17.961761474609375
2018-09-19,17.78995132446289
2018-09-20,17.72747802734375
2018-09-21,18.41471290588379
2018-09-24,17.797761917114258
2018-09-25,17.55567169189453
2018-09-26,17.672813415527344
2018-09-27,18.008617401123047
2018-09-28,17.818477630615234
2018-10-01,17.121402740478516
2018-10-02,17.935962677001953
2018-10-03,19.228290557861328
2018-10-04,18.758350372314453
2018-10-05,18.914995193481445
2018-10-08,19.831378936767578
2018-10-09,19.392765045166016
2018-10-10,18.922836303710938
2018-10-11,18.87584114074707
2018-10-15,18.797515869140625
2018-10-16,19.78438377380371
2018-10-17,20.01152229309082
2018-10-18,19.54941177368164
2018-10-19,19.98802375793457
2018-10-22,20.403135299682617
2018-10-23,20.246492385864258
2018-10-24,19.77655029296875
2018-10-25,20.36397361755371
2018-10-26,20.849571228027344
2018-10-29,20.591106414794922
2018-10-30,21.742462158203125
2018-10-31,22.517854690551758
2018-11-01,22.611845016479492
2018-11-05,22.32205581665039
2018-11-06,22.24372673034668
2018-11-07,21.656301498413086
2018-11-08,20.849571228027344
2018-11-09,21.11587142944336
2018-11-12,21.32735252380371
2018-11-13,20.99839210510254
2018-11-14,21.014055252075195
2018-11-16,21.726795196533203
2018-11-19,22.220230102539062
2018-11-21,22.118408203125
2018-11-22,21.797279357910156
2018-11-23,21.85210609436035
2018-11-26,21.60931396484375
2018-11-27,21.930435180664062
2018-11-28,21.946102142333984
2018-11-29,21.78945541381836
2018-11-30,21.07671546936035
2018-12-03,20.802579879760742
2018-12-04,20.653770446777344
2018-12-05,20.755590438842773
2018-12-06,21.225522994995117
2018-12-07,21.2020320892334
2018-12-10,20.99839210510254
2018-12-11,21.32735252380371
2018-12-12,21.85995101928711
2018-12-13,21.89126968383789
2018-12-14,22.165395736694336
2018-12-17,21.711132049560547
2018-12-18,21.632810592651367
2018-12-19,21.797279357910156
2018-12-20,22.02061653137207
2018-12-21,22.743120193481445
2018-12-26,22.617467880249023
2018-12-27,22.7745304107666
2018-12-28,23.3635311126709
2019-01-02,24.243099212646484
2019-01-03,23.842575073242188
2019-01-04,23.599124908447266
2019-01-07,23.159347534179688
2019-01-08,23.175052642822266
2019-01-09,23.71692657470703
2019-01-10,23.599124908447266
2019-01-11,23.1514892578125
2019-01-14,23.06510353088379
2019-01-15,22.641027450561523
2019-01-16,22.805952072143555
2019-01-17,24.23524284362793
2019-01-18,24.486549377441406
2019-01-21,25.366117477416992
2019-01-22,24.973459243774414
2019-01-23,25.193349838256836
2019-01-24,25.30328941345215
2019-01-28,25.13836669921875
2019-01-29,25.051982879638672
2019-01-30,26.07291603088379
2019-01-31,26.151443481445312
2019-02-01,25.7587833404541
2019-02-04,25.79804801940918
2019-02-05,25.287586212158203
2019-02-06,24.627906799316406
2019-02-07,24.94203758239746
2019-02-08,26.1357364654541
2019-02-11,25.688098907470703
2019-02-12,26.12788963317871
2019-02-13,26.277099609375
2019-02-14,27.0074520111084
2019-02-15,26.84254264831543
2019-02-18,26.92892074584961
2019-02-19,26.83468246459961
2019-02-20,26.363487243652344
2019-02-21,26.701175689697266
2019-02-22,27.227352142333984
2019-02-25,27.360855102539062
2019-02-26,27.565032958984375
2019-02-27,27.18022918701172
2019-02-28,27.133108139038086
2019-03-01,26.38704490661621
2019-03-06,26.504846572875977
2019-03-07,26.010086059570312
2019-03-08,26.5833740234375
2019-03-11,27.63571548461914
2019-03-12,27.47079849243164
2019-03-13,26.97604751586914
2019-03-14,27.2194881439209
2019-03-15,27.01531219482422
2019-03-18,27.17237091064453
2019-03-19,26.897504806518555
2019-03-20,26.38704490661621
2019-03-21,26.025793075561523
2019-03-22,25.311141967773438
2019-03-25,25.421091079711914
2019-03-26,25.617422103881836
2019-03-27,24.724390029907227
2019-03-28,25.512046813964844
2019-03-29,26.03977394104004
2019-04-01,26.024019241333008
2019-04-02,26.11066246032715
2019-04-03,25.157604217529297
2019-04-04,25.1260929107666
2019-04-05,25.110342025756836
2019-04-08,24.700759887695312
2019-04-09,24.102149963378906
2019-04-10,24.874046325683594
2019-04-11,25.04733657836914
2019-04-12,25.00794792175293
2019-04-15,25.598682403564453
2019-04-16,25.74046516418457
2019-04-17,25.582931518554688
2019-04-18,25.803478240966797
2019-04-22,26.00826644897461
2019-04-23,26.83530044555664
2019-04-24,26.402095794677734
2019-04-25,27.016460418701172
2019-04-26,28.253068923950195
2019-04-29,28.552383422851562
2019-04-30,28.51299476623535
2019-05-02,28.32396125793457
2019-05-03,28.237319946289062
2019-05-06,27.811904907226562
2019-05-07,27.599178314208984
2019-05-08,28.914939880371094
2019-05-09,28.615535736083984
2019-05-10,28.946441650390625
2019-05-13,27.575544357299805
2019-05-14,28.339786529541016
2019-05-15,28.355539321899414
2019-05-16,28.12705421447754
2019-05-17,27.465246200561523
2019-05-20,28.678564071655273
2019-05-21,28.60765838623047
2019-05-22,28.363414764404297
2019-05-23,28.647058486938477
2019-05-24,28.639169692993164
2019-05-27,29.32461929321289
2019-05-28,29.805221557617188
2019-05-29,30.04159164428711
2019-05-30,30.065217971801758
2019-05-31,29.970678329467773
2019-06-03,30.159772872924805
2019-06-04,29.93916130065918
2019-06-05,29.584611892700195
2019-06-06,30.175518035888672
2019-06-07,30.5694522857666
2019-06-10,30.514314651489258
2019-06-11,30.963401794433594
2019-06-12,30.719148635864258
2019-06-13,31.057937622070312
2019-06-14,31.02642822265625
2019-06-17,31.317941665649414
2019-06-18,31.60944175720215
2019-06-19,32.27126693725586
2019-06-21,32.22399139404297
2019-06-24,32.75187683105469
2019-06-25,31.823589324951172
2019-06-26,31.863094329833984
2019-06-27,31.80779266357422
2019-06-28,32.36859893798828
2019-07-01,32.22641372680664
2019-07-02,32.45548629760742
2019-07-03,33.024169921875
2019-07-04,33.68767547607422
2019-07-05,33.86933517456055
2019-07-08,34.35905075073242
2019-07-10,34.856666564941406
2019-07-11,34.051002502441406
2019-07-12,33.37172317504883
2019-07-15,33.15845489501953
2019-07-16,33.964111328125
2019-07-17,34.11419677734375
2019-07-18,34.43803405761719
2019-07-19,33.853538513183594
2019-07-22,34.01941680908203
2019-07-23,33.56917953491211
2019-07-24,34.137882232666016
2019-07-25,34.201080322265625
2019-07-26,34.14579391479492
2019-07-29,34.596004486083984
2019-07-30,34.75397872924805
2019-07-31,34.75397872924805
2019-08-01,35.44906234741211
2019-08-02,36.10464859008789
2019-08-05,34.83297348022461
2019-08-06,35.4648551940918
2019-08-07,34.35115051269531
2019-08-08,35.54383850097656
2019-08-09,35.2278938293457
2019-08-12,34.690799713134766
2019-08-13,35.528045654296875
2019-08-14,34.80928039550781
2019-08-15,34.31956481933594
2019-08-16,35.535945892333984
2019-08-19,35.34638214111328
2019-08-20,34.97514343261719
2019-08-21,35.859798431396484
2019-08-22,35.2515983581543
2019-08-23,34.56441116333008
2019-08-26,33.89302444458008
2019-08-27,35.306880950927734
2019-08-28,35.59914016723633
2019-08-29,36.4916877746582
2019-08-30,37.15517044067383
2019-09-02,37.04458236694336
2019-09-03,36.776031494140625
2019-09-04,37.2657470703125
2019-09-05,37.3210334777832
2019-09-06,36.98930740356445
2019-09-09,35.95457077026367
2019-09-10,35.537750244140625
2019-09-11,36.13939666748047
2019-09-12,35.981075286865234
2019-09-13,34.83315658569336
2019-09-16,35.02315902709961
2019-09-17,35.22898864746094
2019-09-18,35.72773742675781
2019-09-19,36.313560485839844
2019-09-20,36.392730712890625
2019-09-23,35.181480407714844
2019-09-24,34.5164909362793
2019-09-25,35.33981704711914
2019-09-26,35.126075744628906
2019-09-27,34.95983123779297
2019-09-30,35.988990783691406
2019-10-01,35.15773391723633
2019-10-02,33.803993225097656
2019-10-03,34.15232849121094
2019-10-04,34.71440505981445
2019-10-07,34.199825286865234
2019-10-08,34.001914978027344
2019-10-09,34.104820251464844
2019-10-10,33.30525207519531
2019-10-11,34.278995513916016
2019-10-14,34.88066482543945
2019-10-15,35.553558349609375
2019-10-16,35.06272888183594
2019-10-17,35.02315902709961
2019-10-18,35.56940841674805
2019-10-21,35.30815887451172
2019-10-22,35.37939453125
2019-10-23,35.133995056152344
2019-10-24,32.9648323059082
2019-10-25,33.06775665283203
2019-10-28,32.798583984375
2019-10-29,32.798583984375
2019-10-30,33.9860725402832
2019-10-31,34.18400192260742
2019-11-01,34.278995513916016
2019-11-04,33.4477424621582
2019-11-05,33.39232635498047
2019-11-06,33.40024185180664
2019-11-07,33.526912689208984
2019-11-08,32.89359664916992
2019-11-11,33.35274887084961
2019-11-12,32.687747955322266
2019-11-13,32.58483123779297
2019-11-14,33.05192184448242
2019-11-18,32.57693099975586
2019-11-19,32.474002838134766
2019-11-21,34.29482650756836
2019-11-22,35.04690170288086
2019-11-25,34.88066482543945
2019-11-26,34.45315933227539
2019-11-27,34.25523376464844
2019-11-28,35.426910400390625
2019-11-29,35.656490325927734
2019-12-02,35.2764892578125
2019-12-03,35.49815368652344
2019-12-04,35.14982223510742
2019-12-05,35.656490325927734
2019-12-06,36.178977966308594
2019-12-09,35.73564147949219
2019-12-10,35.189395904541016
2019-12-11,36.10774230957031
2019-12-12,37.03398132324219
2019-12-13,37.07356262207031
2019-12-16,37.60396957397461
2019-12-17,37.445648193359375
2019-12-18,38.341739654541016
2019-12-19,38.79393005371094
2019-12-20,37.93714141845703
2019-12-23,38.984336853027344
2019-12-26,40.20050811767578
2019-12-27,39.95061492919922
2019-12-30,39.49246597290039
2020-01-02,41.33339309692383
2020-01-03,40.733638763427734
2020-01-06,40.25882339477539
2020-01-07,40.65032958984375
2020-01-08,40.450416564941406
2020-01-09,40.666988372802734
2020-01-10,39.85898971557617
2020-01-13,39.98392868041992
2020-01-14,40.150535583496094
2020-01-15,40.15885925292969
2020-01-16,40.9418830871582
2020-01-17,41.22510528564453
2020-01-20,41.316734313964844
2020-01-21,40.9835205078125
2020-01-22,41.50832748413086
2020-01-23,43.09934997558594
2020-01-24,42.82445526123047
2020-01-27,42.849449157714844
2020-01-28,44.06562805175781
2020-01-29,45.190162658691406
2020-01-30,44.840328216552734
2020-01-31,44.6737174987793
2020-02-03,45.365108489990234
2020-02-04,45.814918518066406
2020-02-05,46.24808120727539
2020-02-06,44.8486328125
2020-02-07,44.09061813354492
2020-02-10,43.582481384277344
2020-02-11,45.06522750854492
2020-02-12,46.21476364135742
2020-02-13,45.831581115722656
2020-02-14,45.814918518066406
2020-02-17,46.00651168823242
2020-02-18,46.064823150634766
2020-02-19,45.8565788269043
2020-02-20,45.58169174194336
2020-02-21,45.315128326416016
2020-02-26,42.174720764160156
2020-02-27,41.108482360839844
2020-02-28,41.26675033569336
2020-03-02,41.52497863769531
2020-03-03,41.3667106628418
2020-03-04,42.31632614135742
2020-03-05,40.19218063354492
2020-03-06,37.526588439941406
2020-03-09,33.153350830078125
2020-03-10,34.94429397583008
2020-03-11,32.4536247253418
2020-03-12,27.488948822021484
2020-03-13,29.987957000732422
2020-03-16,22.96411895751953
2020-03-17,23.13113021850586
2020-03-18,19.932861328125
2020-03-19,21.778331756591797
2020-03-20,23.005874633789062
2020-03-23,20.124919891357422
2020-03-24,22.696897506713867
2020-03-25,28.784475326538086
2020-03-26,28.968189239501953
2020-03-27,26.154041290283203
2020-03-30,23.966190338134766
2020-03-31,21.962047576904297
2020-04-01,19.7908935546875
2020-04-02,21.828439712524414
2020-04-03,19.46522331237793
2020-04-06,23.381643295288086
2020-04-07,24.400419235229492
2020-04-08,26.638376235961914
2020-04-09,25.177024841308594
2020-04-13,24.842998504638672
2020-04-14,25.46094512939453
2020-04-15,25.1519775390625
2020-04-16,24.68433952331543
2020-04-17,26.74693489074707
2020-04-20,28.391998291015625
2020-04-22,30.479642868041992
2020-04-23,29.210357666015625
2020-04-24,27.540246963500977
2020-04-27,27.974470138549805
2020-04-28,29.394067764282227
2020-04-29,30.187374114990234
2020-04-30,28.550661087036133
2020-05-04,27.899314880371094
2020-05-05,28.08303451538086
2020-05-06,27.139408111572266
2020-05-07,24.859703063964844
2020-05-08,24.759492874145508
2020-05-11,23.465147018432617
2020-05-12,22.97246742248535
2020-05-13,22.80545997619629
2020-05-14,24.458871841430664
2020-05-15,25.218778610229492
2020-05-18,27.982820510864258
2020-05-19,29.285512924194336
2020-05-20,29.477575302124023
2020-05-21,30.304290771484375
2020-05-22,30.220787048339844
2020-05-25,30.646656036376953
2020-05-26,30.796964645385742
2020-05-27,32.65081024169922
2020-05-28,31.164390563964844
2020-05-29,32.13307189941406
2020-06-01,31.406557083129883
2020-06-02,31.940998077392578
2020-06-03,34.254112243652344
2020-06-04,33.40235900878906
2020-06-05,34.10380172729492
2020-06-08,36.07453918457031
2020-06-09,35.82402420043945
2020-06-10,34.320919036865234
2020-06-12,33.64452362060547
2020-06-15,33.98689651489258
2020-06-16,33.5443115234375
2020-06-17,34.0954475402832
2020-06-18,34.412776947021484
2020-06-19,34.98896789550781
2020-06-22,34.43782424926758
2020-06-23,34.87205505371094
2020-06-24,34.2913703918457
2020-06-25,34.68464279174805
2020-06-26,33.680503845214844
2020-06-29,34.483821868896484
2020-06-30,34.23278045654297
2020-07-01,35.43775939941406
2020-07-02,35.471229553222656
2020-07-03,35.73062515258789
2020-07-06,36.19084930419922
2020-07-07,36.82680892944336
2020-07-08,37.16989517211914
2020-07-09,36.25779724121094
2020-07-10,36.43351745605469
2020-07-13,35.228553771972656
2020-07-14,36.73476791381836
2020-07-15,37.43766784667969
2020-07-16,37.3121452331543
2020-07-17,38.450172424316406
2020-07-20,38.66773223876953
2020-07-21,39.23674774169922
2020-07-22,38.818355560302734
2020-07-23,38.3915901184082
2020-07-24,37.40419006347656
2020-07-27,37.9983024597168
2020-07-28,37.56317901611328
2020-07-29,37.71379470825195
2020-07-30,41.805667877197266
2020-07-31,42.608985900878906
2020-08-03,42.081809997558594
2020-08-04,41.75546646118164
2020-08-05,42.68428421020508
2020-08-06,43.20310592651367
2020-08-07,42.516929626464844
2020-08-10,42.60062026977539
2020-08-11,42.50019836425781
2020-08-12,42.21569061279297
2020-08-13,41.01908874511719
2020-08-14,41.487701416015625
2020-08-17,39.931270599365234
2020-08-18,41.504425048828125
2020-08-19,41.010719299316406
2020-08-20,41.7889404296875
2020-08-21,40.977256774902344
2020-08-24,41.03583526611328
2020-08-25,41.14460372924805
2020-08-26,40.517024993896484
2020-08-27,41.09440612792969
2020-08-28,41.839134216308594
2020-08-31,40.35802459716797
2020-09-01,42.17384719848633
2020-09-02,42.7177619934082
2020-09-03,42.41652297973633
2020-09-04,42.46672439575195
2020-09-08,44.96035385131836
2020-09-09,45.914276123046875
2020-09-10,43.445762634277344
2020-09-11,42.36211395263672
2020-09-14,44.28157424926758
2020-09-15,44.273197174072266
2020-09-16,44.15583801269531
2020-09-17,44.38216018676758
2020-09-18,44.172607421875
2020-09-21,42.58842849731445
2020-09-22,43.36794662475586
2020-09-23,49.42805480957031
2020-09-24,48.60663604736328
2020-09-25,49.453208923339844
2020-09-28,47.48346710205078
2020-09-29,47.60080337524414
2020-09-30,47.50022506713867
2020-10-01,47.87740707397461
2020-10-02,47.525367736816406
2020-10-05,47.98637390136719
2020-10-06,48.03666305541992
2020-10-07,47.684635162353516
2020-10-08,50.25787353515625
2020-10-09,50.417137145996094
2020-10-13,49.763343811035156
2020-10-14,51.70793914794922
2020-10-15,52.286285400390625
2020-10-16,52.194091796875
2020-10-19,51.699554443359375
2020-10-20,54.03811264038086
2020-10-21,52.713768005371094
2020-10-22,53.64415740966797
2020-10-23,52.437156677246094
2020-10-26,52.713768005371094
2020-10-27,54.12193298339844
2020-10-28,52.42877960205078
2020-10-29,52.437156677246094
2020-10-30,50.86137008666992
2020-11-03,53.45137023925781
2020-11-04,55.57198715209961
2020-11-05,56.89633560180664
2020-11-06,56.996917724609375
2020-11-09,55.40435028076172
2020-11-10,55.58875274658203
2020-11-11,55.50493621826172
2020-11-12,54.859527587890625
2020-11-13,56.158729553222656
2020-11-16,56.007850646972656
2020-11-17,55.320533752441406
2020-11-18,54.05488204956055
2020-11-19,54.88465881347656
2020-11-23,54.78409194946289
2020-11-24,54.985267639160156
2020-11-25,55.11098098754883
2020-11-26,54.85115432739258
2020-11-27,55.6893424987793
2020-11-30,56.34313201904297
2020-12-01,54.859527587890625
2020-12-02,54.960113525390625
2020-12-03,57.072357177734375
2020-12-04,56.175498962402344
2020-12-07,54.44881820678711
2020-12-08,55.28701400756836
2020-12-09,53.53519058227539
2020-12-10,53.25020217895508
2020-12-11,53.392696380615234
2020-12-14,53.04903030395508
2020-12-15,54.23088836669922
2020-12-16,55.3595085144043
2020-12-17,56.341468811035156
2020-12-18,55.988975524902344
2020-12-21,55.17485809326172
2020-12-22,54.453060150146484
2020-12-23,55.89664840698242
2020-12-28,55.980567932128906
2020-12-29,56.282718658447266
2020-12-30,57.86896514892578
2021-01-04,56.88701248168945
2021-01-05,56.5512809753418
2021-01-06,53.29484939575195
2021-01-07,55.82110595703125
2021-01-08,59.589515686035156
2021-01-11,58.431304931640625
2021-01-12,59.656673431396484
2021-01-13,59.63148880004883
2021-01-14,62.04863739013672
2021-01-15,59.34611892700195
2021-01-18,59.32933807373047
2021-01-19,57.743080139160156
2021-01-20,58.38933563232422
2021-01-21,56.996116638183594
2021-01-22,56.660400390625
2021-01-26,55.3595085144043
2021-01-27,54.5369987487793
2021-01-28,56.43378448486328
2021-01-29,53.613765716552734
2021-02-01,53.67253112792969
2021-02-02,56.660400390625
2021-02-03,57.743080139160156
2021-02-04,58.41450881958008
2021-02-05,57.801822662353516
2021-02-08,58.129154205322266
2021-02-09,57.50807571411133
2021-02-10,56.526119232177734
2021-02-11,56.19878387451172
2021-02-12,56.1484375
2021-02-17,55.31753921508789
2021-02-18,54.226463317871094
2021-02-19,54.63771438598633
2021-02-22,51.27216339111328
2021-02-23,51.448421478271484
2021-02-24,50.8105583190918
2021-02-25,50.23984146118164
2021-02-26,48.67876052856445
2021-03-01,49.652339935302734
2021-03-02,49.18233871459961
2021-03-03,49.366981506347656
2021-03-04,51.129478454589844
2021-03-05,51.05394744873047
2021-03-08,46.2616081237793
2021-03-09,46.647682189941406
2021-03-10,47.45340347290039
2021-03-11,49.97966003417969
2021-03-12,49.93769073486328
2021-03-15,49.803409576416016
2021-03-16,48.67876052856445
2021-03-17,50.17270278930664
2021-03-18,48.46894073486328
2021-03-19,49.769840240478516
2021-03-22,48.54447937011719
2021-03-23,47.461795806884766
2021-03-24,46.2700080871582
2021-03-25,47.671607971191406
2021-03-26,48.20036697387695
2021-03-29,48.30108642578125
2021-03-30,50.26338195800781
2021-03-31,50.20455551147461
2021-04-01,50.46510314941406
2021-04-05,51.71749496459961
2021-04-06,52.415130615234375
2021-04-07,52.448753356933594
2021-04-08,53.457374572753906
2021-04-09,52.94466018676758
2021-04-12,52.93624496459961
2021-04-13,53.12116622924805
2021-04-14,53.499412536621094
2021-04-15,53.457374572753906
2021-04-16,53.94489288330078
2021-04-19,52.48236846923828
2021-04-20,51.9276237487793
2021-04-22,51.162750244140625
2021-04-23,51.860389709472656
2021-04-26,52.04530334472656
2021-04-27,51.305633544921875
2021-04-28,53.053932189941406
2021-04-29,53.26405715942383
2021-04-30,54.045745849609375
2021-05-03,53.90621566772461
2021-05-04,52.754268646240234
2021-05-05,51.795719146728516
2021-05-06,51.93864822387695
2021-05-07,53.14946365356445
2021-05-10,52.93084716796875
2021-05-11,52.838356018066406
2021-05-12,49.020938873291016
2021-05-13,49.43294906616211
2021-05-14,49.43294906616211
2021-05-17,50.38310241699219
2021-05-18,51.29120635986328
2021-05-19,50.248558044433594
2021-05-20,52.52723693847656
2021-05-21,52.871986389160156
2021-05-24,54.02394104003906
2021-05-25,53.14105224609375
2021-05-26,53.30922317504883
2021-05-27,51.91343688964844
2021-05-28,52.08159637451172
2021-05-31,52.678592681884766
2021-06-01,53.94825744628906
2021-06-02,54.42753601074219
2021-06-04,56.041954040527344
2021-06-07,56.336246490478516
2021-06-08,56.10080337524414
2021-06-09,55.10862731933594
2021-06-10,54.99089431762695
2021-06-11,53.84735870361328
2021-06-14,54.28459930419922
2021-06-15,54.15007019042969
2021-06-16,53.91463088989258
2021-06-17,52.61973190307617
2021-06-18,52.813133239746094
2021-06-21,53.157867431640625
2021-06-22,52.97288513183594
2021-06-23,53.8137321472168
2021-06-24,54.23414611816406
2021-06-25,53.477386474609375
2021-06-28,54.02394104003906
2021-06-29,54.259368896484375
2021-06-30,53.893898010253906
2021-07-01,52.63076400756836
2021-07-02,54.28125762939453
2021-07-05,53.98652648925781
2021-07-06,53.001285552978516
2021-07-07,55.872825622558594
2021-07-08,55.165470123291016
2021-07-12,55.67070770263672
2021-07-13,55.72124481201172
2021-07-14,57.75068283081055
2021-07-15,57.86015701293945
2021-07-16,57.0096321105957
2021-07-19,56.63069152832031
2021-07-20,56.84121322631836
2021-07-21,56.26018142700195
2021-07-22,57.51488494873047
2021-07-23,57.531734466552734
2021-07-26,57.27910232543945
2021-07-27,56.26018142700195
2021-07-28,55.69597244262695
2021-07-29,56.49595642089844
2021-07-30,52.336036682128906
2021-08-02,51.51077651977539
2021-08-03,51.46025466918945
2021-08-04,49.81817626953125
2021-08-05,49.26239013671875
2021-08-06,49.05186462402344
2021-08-09,49.34659957885742
2021-08-10,48.361358642578125
2021-08-11,48.327667236328125
2021-08-12,48.900299072265625
2021-08-13,48.37820053100586
2021-08-16,47.24137496948242
2021-08-17,45.97822952270508
2021-08-18,46.49190902709961
2021-08-19,48.95924377441406
2021-08-20,49.4560661315918
2021-08-23,47.51926803588867
2021-08-24,48.04136276245117
2021-08-25,48.44556427001953
2021-08-26,47.12347412109375
2021-08-27,49.093963623046875
2021-08-30,47.788734436035156
2021-08-31,46.70243453979492
2021-09-01,46.28980255126953
2021-09-02,45.658233642578125
2021-09-03,46.138240814208984
2021-09-06,46.67717361450195
2021-09-08,50.424468994140625
2021-09-09,50.525535583496094
2021-09-10,48.226619720458984
2021-09-13,49.683433532714844
2021-09-14,48.84134292602539
2021-09-15,48.336082458496094
2021-09-16,48.192935943603516
2021-09-17,47.94873046875
2021-09-20,46.68558883666992
2021-09-21,48.07503890991211
2021-09-22,48.60555648803711
2021-09-23,48.925559997558594
2021-09-24,47.87295150756836
2021-09-27,47.67083740234375
2021-09-28,46.76979064941406
2021-09-29,46.10454177856445
2021-09-30,45.960235595703125
2021-10-01,47.082454681396484
2021-10-04,44.80427169799805
2021-10-05,45.09959030151367
2021-10-06,45.27677536010742
2021-10-07,44.542701721191406
2021-10-08,46.449623107910156
2021-10-11,46.120548248291016
2021-10-13,46.86306381225586
2021-10-14,46.87995147705078
2021-10-15,47.78278350830078
2021-10-18,47.46215057373047
2021-10-19,45.20083999633789
2021-10-20,43.741119384765625
2021-10-21,41.69075012207031
2021-10-22,40.37446212768555
2021-10-25,40.91448211669922
2021-10-26,38.391605377197266
2021-10-27,39.11724853515625
2021-10-28,38.77130889892578
2021-10-29,38.22285079956055
2021-11-01,38.4591178894043
2021-11-03,40.75415802001953
2021-11-04,40.72040939331055
2021-11-05,42.26451873779297
2021-11-08,40.91448211669922
2021-11-09,41.851070404052734
2021-11-10,42.6104621887207
2021-11-11,44.82115173339844
2021-11-12,43.572364807128906
2021-11-16,42.93953323364258
2021-11-17,43.46267318725586
2021-11-18,44.399253845214844
2021-11-19,45.41178512573242
2021-11-22,44.534263610839844
2021-11-23,45.13333511352539
2021-11-24,44.61020278930664
2021-11-25,45.65647888183594
2021-11-26,44.179874420166016
2021-11-29,44.08706283569336
2021-11-30,43.12517547607422
2021-12-01,42.53452682495117
2021-12-02,45.327415466308594
2021-12-03,46.289302825927734
2021-12-06,46.21337127685547
2021-12-07,45.47085189819336
2021-12-08,47.22590255737305
2021-12-09,46.60993576049805
2021-12-10,47.84184265136719
2021-12-13,48.28904342651367
2021-12-14,48.508426666259766
2021-12-15,50.02721405029297
2021-12-16,50.39847946166992
2021-12-17,47.89247512817383
2021-12-20,47.35874938964844
2021-12-21,47.274173736572266
2021-12-22,47.05430221557617
2021-12-23,46.301631927490234
2021-12-27,46.55534362792969
2021-12-28,45.286808013916016
2021-12-29,44.06055450439453
2021-12-30,44.8216667175293
2022-01-03,43.03726577758789
2022-01-04,43.282508850097656
2022-01-05,42.03089141845703
2022-01-06,42.19157028198242
2022-01-07,41.83637237548828
2022-01-10,41.016056060791016
2022-01-11,41.608036041259766
2022-01-12,41.963233947753906
2022-01-13,41.8194694519043
2022-01-14,43.3586311340332
2022-01-17,42.69052505493164
2022-01-18,42.03935241699219
2022-01-19,42.157745361328125
2022-01-20,45.777305603027344
2022-01-21,46.428489685058594
2022-01-24,45.346004486083984
2022-01-25,47.14732360839844
2022-01-26,48.94865036010742
2022-01-27,48.85563278198242
2022-01-28,48.57654571533203
2022-01-31,49.55755615234375
2022-02-01,49.616756439208984
2022-02-02,49.439151763916016
2022-02-03,48.627296447753906
2022-02-04,48.39048767089844
2022-02-07,47.105037689208984
2022-02-08,47.451778411865234
2022-02-09,47.984561920166016
2022-02-10,48.11142349243164
2022-02-11,48.50044250488281
2022-02-14,49.574462890625
2022-02-15,51.240478515625
2022-02-16,50.78380584716797
2022-02-17,50.251014709472656
2022-02-18,49.422245025634766
2022-02-21,49.092411041259766
2022-02-22,52.07771301269531
2022-02-23,49.354583740234375
2022-02-24,49.337677001953125
2022-02-25,48.64419937133789
2022-03-02,47.832340240478516
2022-03-03,46.98664474487305
2022-03-04,44.999267578125
2022-03-07,43.13029861450195
2022-03-08,43.78993225097656
2022-03-09,47.17270278930664
2022-03-10,46.56379699707031
2022-03-11,45.422115325927734
2022-03-14,45.24451446533203
2022-03-15,44.94007873535156
2022-03-16,45.65045166015625
2022-03-17,46.174781799316406
2022-03-18,47.62937927246094
2022-03-21,46.724483489990234
2022-03-22,48.53425979614258
2022-03-23,48.64419937133789
2022-03-24,50.0311279296875
2022-03-25,51.44345474243164
2022-03-28,51.78171157836914
2022-03-29,52.559749603271484
2022-03-30,52.21761703491211
2022-03-31,51.79377365112305
2022-04-01,52.83643341064453
2022-04-04,52.58212661743164
2022-04-05,51.624237060546875
2022-04-06,50.07296371459961
2022-04-07,49.326995849609375
2022-04-08,48.970977783203125
2022-04-11,48.91163635253906
2022-04-12,49.15746307373047
2022-04-13,48.86924743652344
2022-04-14,48.47083282470703
2022-04-18,48.58103942871094
2022-04-19,49.462623596191406
2022-04-20,49.301570892333984
2022-04-22,47.38578796386719
2022-04-25,46.91956329345703
2022-04-26,45.088558197021484
2022-04-27,45.520877838134766
2022-04-28,46.28380584716797
2022-04-29,44.87663269042969
2022-05-02,43.85715866088867
2022-05-03,44.69220733642578
2022-05-04,46.609413146972656
2022-05-05,45.373878479003906
2022-05-06,44.376930236816406
2022-05-09,44.06166076660156
2022-05-10,44.77741622924805
2022-05-11,45.95329666137695
2022-05-12,47.129188537597656
2022-05-13,47.81085968017578
2022-05-16,47.63191223144531
2022-05-17,48.21134567260742
2022-05-18,47.205875396728516
2022-05-19,46.79686737060547
2022-05-20,47.129188537597656
2022-05-23,47.80234909057617
2022-05-24,47.0951042175293
2022-05-25,48.48401641845703
2022-05-26,49.30201721191406
2022-05-27,49.77919387817383
2022-05-30,48.569217681884766
2022-05-31,49.012306213378906
2022-06-01,48.90153503417969
2022-06-02,47.964237213134766
2022-06-03,46.58384704589844
2022-06-06,45.42501449584961
2022-06-07,45.620975494384766
2022-06-08,44.35136413574219
2022-06-09,45.084171295166016
2022-06-10,44.11278533935547
2022-06-13,41.65023422241211
2022-06-14,41.91438293457031
2022-06-15,43.925323486328125
2022-06-17,42.945411682128906
2022-06-20,42.527889251708984
2022-06-21,42.34894943237305
2022-06-22,42.99654006958008
2022-06-23,43.397029876708984
2022-06-24,42.86872482299805
2022-06-27,44.03609848022461
2022-06-28,44.044612884521484
2022-06-29,44.24911880493164
2022-06-30,44.658119201660156
2022-07-01,45.40583038330078
2022-07-04,45.0723991394043
2022-07-05,44.473934173583984
2022-07-06,45.60246276855469
2022-07-07,47.87659454345703
2022-07-08,47.748355865478516
2022-07-11,46.20091247558594
2022-07-12,46.115421295166016
2022-07-13,47.158451080322266
2022-07-14,46.59419631958008
2022-07-15,46.50870132446289
2022-07-18,46.42319869995117
2022-07-19,46.500144958496094
2022-07-20,46.13252258300781
2022-07-21,46.859214782714844
2022-07-22,47.3807258605957
2022-07-25,48.09033203125
2022-07-26,46.978904724121094
2022-07-27,49.15900802612305
2022-07-28,49.19321060180664
2022-07-29,49.253047943115234
2022-08-01,48.868324279785156
2022-08-02,49.09916687011719
2022-08-03,50.6295051574707
2022-08-04,53.12592697143555
2022-08-05,53.13446044921875
2022-08-08,54.203163146972656
2022-08-09,52.835243225097656
2022-08-10,54.58787155151367
2022-08-11,53.78423309326172
2022-08-12,54.280094146728516
2022-08-15,54.904197692871094
2022-08-16,53.861175537109375
2022-08-17,54.459625244140625
2022-08-18,54.71610641479492
2022-08-19,53.647438049316406
2022-08-22,52.989131927490234
2022-08-23,54.092010498046875
2022-08-24,54.59641647338867
2022-08-25,54.41687774658203
2022-08-26,52.62152099609375
2022-08-29,52.45052719116211
2022-08-30,53.2028694152832
2022-08-31,51.99740219116211
2022-09-01,53.51920700073242
2022-09-02,53.7072868347168
2022-09-05,54.28865051269531
2022-09-06,52.792503356933594
2022-09-08,53.07463455200195
2022-09-09,54.092010498046875
2022-09-12,55.48554992675781
2022-09-13,54.24589538574219
2022-09-14,54.6135139465332
2022-09-15,53.27126693725586
2022-09-16,52.88653564453125
2022-09-19,54.092010498046875
2022-09-20,54.89564895629883
2022-09-21,54.04926300048828
2022-09-22,55.65654754638672
2022-09-23,55.229068756103516
2022-09-26,53.416603088378906
2022-09-27,52.3222770690918
2022-09-28,51.80076599121094
2022-09-29,51.13435363769531
2022-09-30,52.5626335144043
2022-10-03,55.59128189086914
2022-10-04,56.48611831665039
2022-10-05,56.795860290527344
2022-10-06,57.363731384277344
2022-10-07,55.61709976196289
2022-10-10,56.21938705444336
2022-10-11,56.6065673828125
2022-10-13,56.71842956542969
2022-10-14,55.582679748535156
2022-10-17,57.045379638671875
2022-10-18,58.1467170715332
2022-10-19,59.523380279541016
2022-10-20,58.077884674072266
2022-10-21,58.637149810791016
2022-10-24,58.2929801940918
2022-10-25,56.6065673828125
2022-10-26,54.53297424316406
2022-10-27,57.24327850341797
2022-10-28,57.65627670288086
2022-10-31,60.693538665771484
2022-11-01,60.727962493896484
2022-11-03,62.276710510253906
2022-11-04,63.29197692871094
2022-11-07,61.33024978637695
2022-11-08,61.37326431274414
2022-11-09,60.4354133605957
2022-11-10,55.875213623046875
2022-11-11,55.341766357421875
2022-11-14,56.262413024902344
2022-11-16,52.13242721557617
2022-11-17,51.95174026489258
2022-11-18,51.81406784057617
2022-11-21,53.018653869628906
2022-11-22,52.158241271972656
2022-11-23,51.09993362426758
2022-11-24,52.82936477661133
2022-11-25,50.299747467041016
2022-11-28,50.3771858215332
2022-11-29,51.98615646362305
2022-11-30,51.71083068847656
2022-12-01,49.9383659362793
2022-12-02,50.65251922607422
2022-12-05,48.46706771850586
2022-12-06,48.26056671142578
2022-12-07,48.019649505615234
2022-12-08,46.178367614746094
2022-12-09,45.43840789794922
2022-12-12,44.32847213745117
2022-12-13,42.5560302734375
2022-12-14,43.20994186401367
2022-12-15,43.29598617553711
2022-12-16,42.76252365112305
2022-12-19,44.49196243286133
2022-12-20,46.46230697631836
2022-12-21,45.730953216552734
2022-12-22,46.001991271972656
2022-12-23,48.51670455932617
2022-12-26,47.189979553222656
2022-12-27,45.42967224121094
2022-12-28,47.077247619628906
2022-12-29,46.13206481933594
2023-01-02,44.44113540649414
2023-01-03,43.34852981567383
2023-01-04,43.860145568847656
2023-01-05,44.22434997558594
2023-01-06,45.06547546386719
2023-01-09,45.01344680786133
2023-01-10,46.46157455444336
2023-01-11,47.71026611328125
2023-01-12,47.285362243652344
2023-01-13,46.574302673339844
2023-01-16,46.60899353027344
2023-01-17,48.20453643798828
2023-01-18,50.25099563598633
2023-01-19,49.34917068481445
2023-01-20,47.86635971069336
2023-01-23,48.84622573852539
2023-01-24,50.49380111694336
2023-01-25,51.326255798339844
2023-01-26,51.412960052490234
2023-01-27,51.02275466918945
2023-01-30,50.72792434692383
2023-01-31,51.343605041503906
2023-02-01,50.753936767578125
2023-02-02,52.15871810913086
2023-02-03,50.2336540222168
2023-02-06,50.129600524902344
2023-02-07,49.67867660522461
2023-02-08,50.77128601074219
2023-02-09,49.14105224609375
2023-02-10,49.262454986572266
2023-02-13,49.080352783203125
2023-02-14,48.09180450439453
2023-02-15,49.097694396972656
2023-02-16,50.37239456176758
2023-02-17,50.02553939819336
2023-02-22,48.161190032958984
2023-02-23,47.97908020019531
2023-02-24,47.69292449951172
2023-02-27,47.536834716796875
2023-02-28,48.11782455444336
2023-03-01,46.236122131347656
2023-03-02,46.08002853393555
2023-03-03,45.915279388427734
2023-03-06,46.25346374511719
2023-03-07,46.31415939331055
2023-03-08,48.56006622314453
2023-03-09,48.52537155151367
2023-03-10,47.6148796081543
2023-03-13,47.46746063232422
2023-03-14,45.53373718261719
2023-03-15,45.87192153930664
2023-03-16,48.37796401977539
2023-03-17,46.60032272338867
2023-03-20,46.01065444946289
2023-03-21,45.152183532714844
2023-03-22,45.09148406982422
2023-03-23,43.40922546386719
2023-03-24,44.47581481933594
2023-03-27,44.978759765625
2023-03-28,46.34885025024414
2023-03-29,46.4303092956543
2023-03-30,48.091026306152344
2023-03-31,46.6750373840332
2023-04-03,45.538753509521484
2023-04-04,46.49148941040039
2023-04-05,46.15934371948242
2023-04-06,45.6611328125
2023-04-10,45.477569580078125
2023-04-11,49.6468620300293
2023-04-12,50.258705139160156
2023-04-13,50.65203857421875
2023-04-14,50.1975212097168
2023-04-17,50.59084701538086
2023-04-18,49.70804214477539
2023-04-19,47.94243621826172
2023-04-20,49.40211486816406
2023-04-24,49.384639739990234
2023-04-25,49.12242126464844
2023-04-26,49.4720458984375
2023-04-27,50.381072998046875
2023-04-28,50.70448303222656
2023-05-02,48.97382354736328
2023-05-03,49.5157470703125
2023-05-04,50.34611129760742
2023-05-05,51.00166320800781
2023-05-08,50.85306930541992
2023-05-09,51.50862121582031
2023-05-10,52.487579345703125
2023-05-11,54.052146911621094
2023-05-12,53.78118133544922
2023-05-15,53.54518508911133
2023-05-16,53.43156051635742
2023-05-17,54.4105110168457
2023-05-18,55.01361846923828
2023-05-19,55.33701705932617
2023-05-22,55.33701705932617
2023-05-23,55.06605911254883
2023-05-24,54.78635787963867
2023-05-25,55.88768005371094
2023-05-26,56.149898529052734
2023-05-29,56.14115524291992
2023-05-30,55.24961853027344
2023-05-31,54.226959228515625
2023-06-01,57.27743148803711
2023-06-02,57.819366455078125
2023-06-05,58.116539001464844
2023-06-06,59.26156234741211
2023-06-07,59.04305648803711
2023-06-09,59.59370803833008
2023-06-12,58.76335906982422
2023-06-13,57.53091049194336
2023-06-14,58.632240295410156
2023-06-15,58.24765396118164
2023-06-16,56.88411331176758
2023-06-19,59.10423278808594
2023-06-20,58.62350845336914
2023-06-21,58.89445877075195
2023-06-22,59.305267333984375
2023-06-23,58.99935531616211
2023-06-26,58.99935531616211
2023-06-27,58.186466217041016
2023-06-28,57.994171142578125
2023-06-29,59.698604583740234
2023-06-30,59.87339782714844
2023-07-03,60.733009338378906
2023-07-04,60.57487487792969
2023-07-05,61.391910552978516
2023-07-06,60.83842849731445
2023-07-07,61.62031555175781
2023-07-10,61.260128021240234
2023-07-11,61.03170394897461
2023-07-12,61.673038482666016
2023-07-13,61.60276412963867
2023-07-14,60.161964416503906
2023-07-17,60.952632904052734
2023-07-18,60.82963562011719
2023-07-19,61.022911071777344
2023-07-20,61.4797477722168
2023-07-21,61.78724670410156
2023-07-24,61.101985931396484
2023-07-25,59.880821228027344
2023-07-26,59.784183502197266
2023-07-27,58.11498260498047
2023-07-28,58.63331604003906
2023-07-31,59.05500411987305
2023-08-01,59.300994873046875
2023-08-02,59.432769775390625
2023-08-03,58.61573791503906
2023-08-04,58.87930679321289
2023-08-07,58.32582092285156
2023-08-08,58.30825424194336
2023-08-09,58.17647933959961
2023-08-10,58.466392517089844
2023-08-11,58.51909637451172
2023-08-14,56.46333694458008
2023-08-15,57.095882415771484
2023-08-16,56.305198669433594
2023-08-17,55.12795639038086
2023-08-18,55.32123947143555
2023-08-21,54.90833282470703
2023-08-22,56.841102600097656
2023-08-23,58.33460998535156
2023-08-24,57.57029342651367
2023-08-25,55.356380462646484
2023-08-28,55.224605560302734
2023-08-29,55.90986251831055
2023-08-30,55.76050567626953
2023-08-31,55.567230224609375
2023-09-01,55.988922119140625
2023-09-04,55.655086517333984
2023-09-05,54.6535530090332
2023-09-06,53.23033142089844
2023-09-08,53.01948928833008
2023-09-11,53.8013801574707
2023-09-12,54.618412017822266
2023-09-13,55.286102294921875
2023-09-14,54.3109245300293
2023-09-15,52.975555419921875
2023-09-18,52.67685317993164
2023-09-19,52.62413787841797
2023-09-20,52.492366790771484
2023-09-21,51.402976989746094
2023-09-22,51.08671188354492
2023-09-25,50.84071731567383
2023-09-26,50.37510299682617
2023-09-27,49.7161979675293
2023-09-28,50.606224060058594
2023-09-29,51.88201904296875
2023-10-02,50.05692672729492
2023-10-03,48.81657409667969
2023-10-04,49.20640182495117
2023-10-05,49.170963287353516
2023-10-06,48.338157653808594
2023-10-09,48.46219253540039
2023-10-10,49.675960540771484
2023-10-11,49.25069808959961
2023-10-13,47.65596008300781
2023-10-16,47.266143798828125
2023-10-17,46.94718933105469
2023-10-18,45.24614715576172
2023-10-19,45.24614715576172
2023-10-20,45.18413162231445
2023-10-23,45.822021484375
2023-10-24,46.610530853271484
2023-10-25,45.50306701660156
2023-10-26,46.2827262878418
2023-10-27,44.687992095947266
2023-10-30,44.57281494140625
2023-10-31,45.06895065307617
2023-11-01,45.99921417236328
2023-11-03,48.55964660644531
2023-11-06,47.85087585449219
2023-11-07,49.029212951660156
2023-11-08,49.170963287353516
2023-11-09,48.9494743347168
2023-11-10,50.216400146484375
2023-11-13,48.9937744140625
2023-11-14,52.27183532714844
2023-11-16,53.955162048339844
2023-11-17,53.86656951904297
2023-11-20,53.93744659423828
2023-11-21,53.19322967529297
2023-11-22,53.334991455078125
2023-11-23,53.795692443847656
2023-11-24,52.9806022644043
2023-11-27,52.27183532714844
2023-11-28,52.32499313354492
2023-11-29,52.47560501098633
2023-11-30,53.19322967529297
2023-12-01,53.813419342041016
2023-12-04,53.733673095703125
2023-12-05,53.86656951904297
2023-12-06,54.105777740478516
2023-12-07,54.477882385253906
2023-12-08,54.11464309692383
2023-12-11,54.158935546875
2023-12-12,53.61849594116211
2023-12-13,55.74481201171875
2023-12-14,57.86225891113281
2023-12-15,56.737091064453125
2023-12-18,57.029457092285156
2023-12-19,57.01173782348633
2023-12-20,56.001739501953125
2023-12-21,57.17121124267578
2023-12-22,57.16234588623047
2023-12-26,56.878841400146484
2023-12-27,56.744510650634766
2023-12-28,56.744510650634766
2024-01-02,54.656742095947266
2024-01-03,54.33555603027344
2024-01-04,53.20244216918945
2024-01-05,53.978668212890625
2024-01-08,56.03074645996094
2024-01-09,55.50434875488281
2024-01-10,56.209190368652344
2024-01-11,54.43369674682617
2024-01-12,54.424774169921875
2024-01-15,54.58536911010742
2024-01-16,53.782379150390625
2024-01-17,54.371238708496094
2024-01-18,52.961551666259766
2024-01-19,53.61286163330078
2024-01-22,52.38161087036133
2024-01-23,52.836647033691406
2024-01-24,52.31024169921875
2024-01-25,52.069339752197266
2024-01-26,50.177860260009766
2024-01-29,49.4730110168457
2024-01-30,48.616485595703125
2024-01-31,48.28636932373047
2024-02-01,48.60757064819336
2024-02-02,47.78673553466797
2024-02-05,47.94733428955078
2024-02-06,47.01051712036133
2024-02-07,47.75104522705078
2024-02-08,46.97482681274414
2024-02-09,46.84098815917969
2024-02-14,46.3948860168457
2024-02-15,46.5108757019043
2024-02-16,46.269981384277344
2024-02-19,46.894527435302734
2024-02-20,48.214996337890625
2024-02-21,48.13469696044922
2024-02-22,47.74211883544922
2024-02-23,47.45661544799805
2024-02-26,46.47518539428711
2024-02-27,48.62541198730469
2024-02-28,48.05439758300781
2024-02-29,47.2870979309082
2024-03-01,46.84098815917969
2024-03-04,45.65435028076172
2024-03-05,45.34208297729492
2024-03-06,45.79711151123047
2024-03-07,47.43877029418945
2024-03-08,47.42093276977539
2024-03-11,46.66254425048828
2024-03-12,47.82242202758789
2024-03-13,48.62541198730469
2024-03-14,48.107933044433594
2024-03-15,47.1086540222168
2024-03-18,46.86775588989258
2024-03-19,47.51015090942383
2024-03-20,48.80385208129883
2024-03-21,48.02763366699219
2024-03-22,47.153263092041016
2024-03-25,46.84098815917969
2024-03-26,48.11684799194336
2024-03-27,48.107933044433594
2024-03-28,48.7860107421875
2024-04-01,46.97482681274414
2024-04-02,47.130069732666016
2024-04-03,46.59981155395508
2024-04-04,48.001853942871094
2024-04-05,47.79513931274414
2024-04-08,48.442237854003906
2024-04-09,49.718448638916016
2024-04-10,48.16362380981445
2024-04-11,47.88501739501953
2024-04-12,46.59981155395508
2024-04-15,45.458404541015625
2024-04-16,45.00004959106445
2024-04-17,44.937137603759766
2024-04-18,45.75499725341797
2024-04-19,45.1797981262207
2024-04-22,44.523719787597656
2024-04-23,45.15283966064453
2024-04-24,44.50574493408203
2024-04-25,43.80472946166992
2024-04-26,45.386512756347656
2024-04-29,45.43144989013672
2024-04-30,44.06535720825195
2024-05-02,43.5980110168457
2024-05-03,44.82929229736328
2024-05-06,43.93054962158203
2024-05-07,44.6046028137207
2024-05-08,45.098907470703125
2024-05-09,44.532711029052734
2024-05-10,42.240909576416016
2024-05-13,41.61178970336914
2024-05-14,42.240909576416016
2024-05-15,43.03180694580078
2024-05-16,43.70586395263672
2024-05-17,43.499149322509766
2024-05-20,43.0677490234375
2024-05-21,41.899383544921875
2024-05-22,41.162418365478516
2024-05-23,41.07254409790039
2024-05-24,40.802921295166016
2024-05-27,40.389503479003906
2024-05-28,40.04798126220703
2024-05-29,39.544681549072266
2024-05-31,38.40327835083008
2024-06-03,38.331382751464844
2024-06-04,38.502140045166016
2024-06-05,38.663917541503906
2024-06-06,39.275062561035156
2024-06-07,38.4212532043457
2024-06-10,37.62137985229492
2024-06-11,37.3427619934082
2024-06-12,36.86642837524414
2024-06-13,36.111480712890625
2024-06-14,36.327178955078125
2024-06-17,35.41046905517578
2024-06-18,35.185787200927734
2024-06-19,35.88302230834961
2024-06-20,35.54222106933594
2024-06-21,37.398704528808594
2024-06-24,37.82919692993164
2024-06-25,37.8740348815918
2024-06-26,38.0265007019043
2024-06-27,38.876808166503906
2024-06-28,38.105628967285156
2024-07-01,37.89695358276367
2024-07-02,37.83344268798828
2024-07-03,38.24171829223633
2024-07-04,39.55727005004883
2024-07-05,39.68429183959961
2024-07-08,39.593563079833984
2024-07-09,40.301231384277344
2024-07-10,41.05427169799805
2024-07-11,42.27909469604492
2024-07-12,42.36982345581055
2024-07-15,42.13393783569336
2024-07-16,41.60771942138672
2024-07-17,40.94540786743164
2024-07-18,39.43932342529297
2024-07-19,39.384891510009766
2024-07-22,38.9675407409668
2024-07-23,39.357666015625
2024-07-24,39.28508377075195
2024-07-25,39.06734085083008
2024-07-26,39.856666564941406
2024-07-29,38.64999008178711
2024-07-30,38.14191818237305
2024-07-31,39.76594543457031
2024-08-01,39.70243453979492
2024-08-02,40.90003967285156
2024-08-05,39.86573791503906
2024-08-06,40.410118103027344
2024-08-07,44.04828643798828
2024-08-08,43.975704193115234
2024-08-09,44.320472717285156
2024-08-12,44.65616989135742
2024-08-13,43.640010833740234
2024-08-14,36.291072845458984
2024-08-15,35.56525421142578
2024-08-16,38.64999008178711
2024-08-19,40.146995544433594
2024-08-20,38.985687255859375
2024-08-21,39.64799880981445
2024-08-22,38.05118942260742
2024-08-23,38.377811431884766
2024-08-26,38.35966110229492
2024-08-27,38.922176361083984
2024-08-28,38.55926513671875
2024-08-29,37.878807067871094
2024-08-30,37.53403854370117
2024-09-02,37.4251708984375
2024-09-03,36.926170349121094
2024-09-04,38.04212188720703
2024-09-05,38.550193786621094
2024-09-06,38.12377166748047
2024-09-09,37.697349548339844
2024-09-10,38.105628967285156
2024-09-11,38.4322509765625
2024-09-12,38.33244323730469
2024-09-13,40.10163116455078
2024-09-16,39.729652404785156
2024-09-17,40.183292388916016
2024-09-18,40.664146423339844
2024-09-19,40.20143508911133
2024-09-20,39.012901306152344
2024-09-23,38.749794006347656
2024-09-24,39.085479736328125
2024-09-25,37.99674987792969
2024-09-26,38.28944396972656
2024-09-27,37.89555358886719
2024-09-30,37.55663299560547
2024-10-01,37.648231506347656
2024-10-02,38.2802848815918
2024-10-03,37.0986213684082
2024-10-04,38.38105010986328
2024-10-07,37.94135665893555
2024-10-08,39.26042175292969
2024-10-09,37.99631881713867
2024-10-10,37.66655349731445
2024-10-11,38.08791732788086
2024-10-14,38.894012451171875
2024-10-15,39.04057693481445
2024-10-16,39.52606201171875
2024-10-17,39.06806182861328
2024-10-18,38.7016487121582
2024-10-21,38.948978424072266
2024-10-22,38.97645568847656
2024-10-23,38.81157302856445
2024-10-24,39.84667205810547
2024-10-25,38.59172439575195
2024-10-28,38.82073211669922
2024-10-29,38.61005401611328
2024-10-30,39.04973602294922
2024-10-31,38.490970611572266
2024-11-01,37.33678436279297
2024-11-04,38.839054107666016
2024-11-05,38.774932861328125
2024-11-06,39.06806182861328
2024-11-07,38.51844787597656
2024-11-08,37.465030670166016
2024-11-11,38.99477767944336
2024-11-12,41.64206314086914
2024-11-13,41.38557434082031
2024-11-14,40.973365783691406
2024-11-18,39.70926284790039
2024-11-19,40.20391845703125
2024-11-21,39.8833122253418
2024-11-22,40.48788070678711
2024-11-25,39.8741455078125
2024-11-26,40.37795639038086
2024-11-27,38.06044006347656
2024-11-28,35.724605560302734
2024-11-29,34.423858642578125
2024-12-02,33.54448318481445
2024-12-03,34.00249099731445
2024-12-04,33.214717864990234
2024-12-05,33.892574310302734
2024-12-06,31.89565658569336
2024-12-09,30.640716552734375
2024-12-10,31.538414001464844
2024-12-11,32.45442581176758
2024-12-12,30.91551971435547
2024-12-13,29.523176193237305
2024-12-16,28.130834579467773
2024-12-17,28.56136131286621
2024-12-18,27.776865005493164
2024-12-19,30.208383560180664
2024-12-20,31.257091522216797
2024-12-23,30.5146427154541
2024-12-26,30.1898193359375
2024-12-27,30.16197967529297
2024-12-30,29.883562088012695
2025-01-02,29.883562088012695
2025-01-03,29.957801818847656
2025-01-06,29.976367950439453
2025-01-07,29.697948455810547
2025-01-08,28.528593063354492
2025-01-09,28.101686477661133
2025-01-10,26.793119430541992
2025-01-13,26.691030502319336
2025-01-14,27.117937088012695
2025-01-15,28.74204444885254
2025-01-16,28.06456184387207
2025-01-17,28.25017547607422
2025-01-20,28.380104064941406
2025-01-21,28.361541748046875
2025-01-22,28.33370018005371
2025-01-23,27.86966896057129
2025-01-24,28.138805389404297
2025-01-27,29.428810119628906
2025-01-28,29.113271713256836
2025-01-29,28.008878707885742
2025-01-30,29.382410049438477
2025-01-31,28.649240493774414
2025-02-03,29.215356826782227
2025-02-04,29.382410049438477
2025-02-05,29.31744384765625
2025-02-06,29.595861434936523
2025-02-07,27.786144256591797
2025-02-10,28.055278778076172
2025-02-11,28.797733306884766
2025-02-12,28.47290802001953
2025-02-13,27.60053062438965
2025-02-14,29.33600425720215
2025-02-17,30.134138107299805
2025-02-18,29.697948455810547
2025-02-19,28.25945472717285
2025-02-20,28.166648864746094
2025-02-21,27.13650131225586
2025-02-24,25.86505889892578
2025-02-25,26.301246643066406
2025-02-26,25.65160369873047
2025-02-27,25.614482879638672
2025-02-28,26.07851219177246
2025-03-05,26.07851219177246
2025-03-06,26.282684326171875
2025-03-07,27.674776077270508
2025-03-10,27.609813690185547
2025-03-11,27.860389709472656
2025-03-12,28.166648864746094
2025-03-13,29.011180877685547
2025-03-14,30.486799240112305
2025-03-17,30.969388961791992
2025-03-18,30.523921966552734
2025-03-19,31.18284797668457
2025-03-20,30.755939483642578
2025-03-21,31.05291748046875
2025-03-24,30.1991024017334
2025-03-25,30.848745346069336
2025-03-26,32.3150749206543
2025-03-27,32.67843246459961
2025-03-28,32.42452621459961
2025-03-31,31.587583541870117
2025-04-01,33.007568359375
2025-04-02,34.2770881652832
2025-04-03,35.019996643066406
2025-04-04,33.94795608520508
2025-04-07,33.67524719238281
2025-04-08,33.571800231933594
2025-04-09,34.76609420776367
2025-04-10,35.17046356201172
2025-04-11,36.27070999145508
2025-04-14,36.919578552246094
2025-04-15,37.05123519897461
2025-04-16,36.43998336791992
2025-04-17,37.85055923461914
2025-04-22,36.81613540649414
2025-04-23,37.95399856567383
2025-04-24,39.12008285522461
2025-04-25,40.25795364379883
2025-04-28,40.49304962158203
2025-04-29,40.605892181396484
2025-04-30,40.39900207519531
2025-05-02,40.53065872192383
2025-05-05,40.49304962158203
2025-05-06,39.496238708496094
2025-05-07,39.58087158203125
2025-05-08,41.2829704284668
2025-05-09,38.55584716796875
2025-05-12,39.02604293823242
2025-05-13,39.25173568725586
2025-05-14,37.342750549316406
2025-05-15,38.32075119018555
2025-05-16,39.34577178955078
2025-05-19,39.59027099609375
2025-05-20,39.214115142822266
2025-05-21,37.95399856567383
2025-05-22,38.1420783996582
2025-05-23,38.1702880859375
2025-05-26,38.414791107177734
2025-05-27,40.10749053955078
2025-05-28,40.737545013427734
2025-05-29,40.85039138793945
2025-05-30,40.39900207519531
2025-06-02,40.728145599365234
2025-06-03,40.54946517944336
2025-06-04,41.09489440917969
2025-06-05,41.565086364746094
2025-06-06,41.188934326171875
2025-06-09,41.057273864746094
2025-06-10,41.36760711669922
2025-06-11,41.377010345458984
2025-06-12,41.80958557128906
2025-06-13,41.39581298828125
2025-06-16,42.30799102783203
2025-06-17,41.94123840332031
2025-06-18,42.20454788208008
2025-06-20,40.68111801147461
2025-06-23,39.88179397583008
2025-06-24,40.91621780395508
2025-06-25,40.57768249511719
2025-06-26,37.62487030029297
2025-06-27,38.13267517089844
2025-06-30,38.586143493652344
2025-07-01,38.69089126586914
2025-07-02,36.46257019042969
2025-07-03,37.37675094604492
2025-07-04,37.310096740722656
2025-07-07,36.84347915649414
2025-07-08,36.45304489135742
2025-07-09,35.54838943481445
2025-07-10,36.424476623535156
2025-07-11,34.910362243652344
2025-07-14,34.71990966796875
2025-07-15,35.14842987060547
2025-07-16,35.234134674072266
2025-07-17,35.57695770263672
2025-07-18,34.091407775878906
2025-07-21,34.11045455932617
2025-07-22,34.091407775878906
2025-07-23,34.50088119506836
2025-07-24,34.2532958984375
2025-07-25,34.453269958496094
2025-07-28,33.49147415161133
2025-07-29,33.777156829833984
2025-07-30,33.89142990112305
2025-07-31,32.97725296020508
2025-08-01,32.72965621948242
2025-08-04,32.72013473510742
2025-08-05,32.93915557861328
2025-08-06,33.71050262451172
2025-08-07,33.948570251464844
2025-08-08,33.71050262451172
2025-08-11,32.92963790893555
2025-08-12,32.77726745605469
2025-08-13,33.139129638671875
2025-08-14,32.75822448730469
2025-08-15,32.586814880371094
2025-08-18,33.21531677246094
2025-08-19,32.186859130859375
2025-08-20,31.653587341308594
2025-08-21,31.13935661315918
2025-08-22,32.96772384643555
2025-08-25,32.96772384643555
2025-08-26,32.77726745605469
2025-08-27,33.329586029052734
2025-08-28,33.986656188964844
2025-08-29,34.12950134277344
2025-09-01,34.329471588134766
2025-09-02,34.281864166259766
2025-09-03,34.62467956542969
2025-09-04,35.234134674072266
2025-09-05,36.281639099121094
2025-09-08,35.624568939208984
2025-09-09,35.481727600097656
2025-09-10,35.55790710449219
2025-09-11,36.84347915649414
2025-09-12,36.0626106262207
2025-09-15,36.46257019042969
2025-09-16,37.233909606933594
2025-09-17,38.18618392944336
2025-09-18,37.99573516845703
2025-09-19,37.757667541503906
2025-09-22,37.262481689453125
2025-09-23,38.652801513671875
2025-09-24,38.614707946777344
2025-09-25,38.32902526855469
2025-09-26,38.66217803955078
2025-09-29,38.64288330078125
2025-09-30,38.05445861816406
2025-10-01,38.56571578979492
2025-10-02,37.40816116333008
2025-10-03,37.62037658691406
2025-10-06,36.86797332763672
2025-10-07,35.507850646972656
2025-10-08,35.469261169433594
2025-10-09,35.41138458251953
2025-10-10,34.53357696533203
2025-10-13,34.861549377441406
2025-10-14,34.601104736328125
2025-10-15,35.48855972290039
2025-10-16,34.82296371459961
2025-10-17,35.30527877807617
2025-10-20,35.662193298339844
2025-10-21,36.02874755859375
2025-10-22,36.453182220458984
2025-10-23,36.84867858886719
2025-10-24,37.37922286987305
2025-10-27,37.92905807495117
2025-10-28,37.784366607666016
2025-10-29,38.36314010620117
2025-10-30,37.851890563964844
2025-10-31,38.0448112487793
2025-11-03,38.24739074707031
2025-11-04,39.45317077636719
2025-11-05,40.099464416503906
2025-11-06,39.6943244934082
2025-11-07,39.44352340698242
2025-11-10,40.58177947998047
2025-11-11,41.72003936767578
2025-11-12,41.53675842285156
2025-11-13,40.5528450012207
2025-11-14,42.49173355102539
2025-11-17,41.64286422729492
2025-11-18,41.4788818359375
2025-11-19,41.23772048950195
2025-11-21,40.5528450012207
2025-11-24,41.4499397277832
2025-11-25,41.97083282470703
2025-11-26,43.17661666870117
2025-11-27,43.118743896484375
2025-11-28,43.649288177490234
2025-12-01,43.793983459472656
2025-12-02,45.867923736572266
2025-12-03,45.549598693847656
2025-12-04,47.84540557861328
2025-12-05,44.30522918701172
2025-12-08,44.392051696777344
2025-12-09,43.40813064575195
2025-12-10,44.36310958862305
2025-12-11,45.09622573852539
2025-12-12,45.8100471496582
2025-12-15,46.07049560546875
2025-12-16,43.69751739501953
2025-12-17,42.067298889160156
2025-12-18,42.28740310668945
2025-12-19,42.7364387512207
2025-12-22,42.39478302001953
2025-12-23,43.82974624633789
2025-12-26,43.81998062133789
2025-12-29,43.9078369140625
2025-12-30,42.53144836425781
