date,close
2010-12-01,2.27192759513855
2010-12-02,2.25736403465271
2010-12-03,2.25736403465271
2010-12-06,2.2209553718566895
2010-12-07,2.2209553718566895
2010-12-08,2.2209553718566895
2010-12-09,2.2209553718566895
2010-12-10,2.2209553718566895
2010-12-13,2.2209553718566895
2010-12-14,2.2209553718566895
2010-12-15,2.2209553718566895
2010-12-16,2.2209553718566895
2010-12-17,2.2209553718566895
2010-12-20,2.2209553718566895
2010-12-21,2.2209553718566895
2010-12-22,2.2209553718566895
2010-12-23,2.2209553718566895
2010-12-27,2.2209553718566895
2010-12-28,2.2216830253601074
2010-12-29,2.2216830253601074
2010-12-30,2.2216830253601074
2011-01-03,2.2216830253601074
2011-01-04,2.2216830253601074
2011-01-05,2.2216830253601074
2011-01-06,2.2216830253601074
2011-01-07,2.2216830253601074
2011-01-10,2.2216830253601074
2011-01-11,2.2216830253601074
2011-01-12,2.2216830253601074
2011-01-13,2.2231388092041016
2011-01-14,2.253723382949829
2011-01-17,2.253723382949829
2011-01-18,2.253723382949829
2011-01-19,2.253723382949829
2011-01-20,2.25736403465271
2011-01-21,2.25736403465271
2011-01-24,2.25736403465271
2011-01-26,2.25736403465271
2011-01-27,2.25736403465271
2011-01-28,2.25736403465271
2011-01-31,2.25736403465271
2011-02-01,2.25736403465271
2011-02-02,2.25736403465271
2011-02-03,2.224595308303833
2011-02-04,2.25736403465271
2011-02-07,2.25736403465271
2011-02-08,2.25736403465271
2011-02-09,2.25736403465271
2011-02-10,2.25736403465271
2011-02-11,2.25736403465271
2011-02-14,2.25736403465271
2011-02-15,2.264645576477051
2011-02-16,2.264645576477051
2011-02-17,2.264645576477051
2011-02-18,2.264645576477051
2011-02-21,2.264645576477051
2011-02-22,2.265374183654785
2011-02-23,2.265374183654785
2011-02-24,2.265374183654785
2011-02-25,2.265374183654785
2011-02-28,2.265374183654785
2011-03-01,2.265374183654785
2011-03-02,2.265374183654785
2011-03-03,2.265374183654785
2011-03-04,2.265374183654785
2011-03-09,2.265374183654785
2011-03-10,2.330181121826172
2011-03-11,2.5486366748809814
2011-03-14,2.5486366748809814
2011-03-15,2.5486366748809814
2011-03-16,2.5486366748809814
2011-03-17,2.5486366748809814
2011-03-18,2.5486366748809814
2011-03-21,2.5486366748809814
2011-03-22,2.5486366748809814
2011-03-23,2.5486366748809814
2011-03-24,2.5486366748809814
2011-03-25,2.5486366748809814
2011-03-28,2.5486366748809814
2011-03-29,2.5486366748809814
2011-03-30,2.5486366748809814
2011-03-31,2.5486366748809814
2011-04-01,2.5486366748809814
2011-04-04,2.5486366748809814
2011-04-05,2.5486366748809814
2011-04-06,2.5486366748809814
2011-04-07,2.5486366748809814
2011-04-08,2.5486366748809814
2011-04-11,2.5486366748809814
2011-04-12,2.5486366748809814
2011-04-13,2.5486366748809814
2011-04-14,2.603250503540039
2011-04-15,2.767090320587158
2011-04-18,2.767090320587158
2011-04-19,2.767090320587158
2011-04-20,2.767090320587158
2011-04-25,2.767090320587158
2011-04-26,2.767090320587158
2011-04-27,2.767090320587158
2011-04-28,2.548340082168579
2011-04-29,2.7505900859832764
2011-05-02,2.7505900859832764
2011-05-03,2.7505900859832764
2011-05-04,2.7505900859832764
2011-05-05,2.7505900859832764
2011-05-06,2.7505900859832764
2011-05-09,2.7505900859832764
2011-05-10,2.7505900859832764
2011-05-11,2.7505900859832764
2011-05-12,2.7505900859832764
2011-05-13,2.7505900859832764
2011-05-16,2.7505900859832764
2011-05-17,2.7505900859832764
2011-05-18,2.7505900859832764
2011-05-19,2.7505900859832764
2011-05-20,2.7505900859832764
2011-05-23,2.7505900859832764
2011-05-24,2.7489707469940186
2011-05-25,2.7505900859832764
2011-05-26,2.7505900859832764
2011-05-27,2.7505900859832764
2011-05-30,2.7505900859832764
2011-05-31,2.7505900859832764
2011-06-01,2.7505900859832764
2011-06-02,2.7505900859832764
2011-06-03,2.7505900859832764
2011-06-06,2.7505900859832764
2011-06-07,2.7505900859832764
2011-06-08,2.7505900859832764
2011-06-09,2.7505900859832764
2011-06-10,2.7505900859832764
2011-06-13,2.7505900859832764
2011-06-14,2.7505900859832764
2011-06-15,2.7505900859832764
2011-06-16,2.7505900859832764
2011-06-17,2.7505900859832764
2011-06-20,2.7505900859832764
2011-06-21,2.7910380363464355
2011-06-22,2.7910380363464355
2011-06-24,2.7910380363464355
2011-06-27,2.7910380363464355
2011-06-28,2.7910380363464355
2011-06-29,2.7910380363464355
2011-06-30,2.831488847732544
2011-07-01,2.831488847732544
2011-07-04,2.831488847732544
2011-07-05,2.6696906089782715
2011-07-06,2.6696906089782715
2011-07-07,2.6696906089782715
2011-07-08,2.6696906089782715
2011-07-11,2.6696906089782715
2011-07-12,2.6696906089782715
2011-07-13,2.6696906089782715
2011-07-14,2.6696906089782715
2011-07-15,2.6696906089782715
2011-07-18,2.6696906089782715
2011-07-19,2.6696906089782715
2011-07-20,2.6696906089782715
2011-07-21,2.6696906089782715
2011-07-22,2.6696906089782715
2011-07-25,2.6696906089782715
2011-07-26,2.6696906089782715
2011-07-27,2.648655891418457
2011-07-28,2.648655891418457
2011-07-29,2.648655891418457
2011-08-01,2.648655891418457
2011-08-02,2.648655891418457
2011-08-03,2.629239320755005
2011-08-04,2.5887889862060547
2011-08-05,2.6696906089782715
2011-08-08,2.629239320755005
2011-08-09,2.6696906089782715
2011-08-10,2.6696906089782715
2011-08-11,2.6696906089782715
2011-08-12,2.6696906089782715
2011-08-15,2.7505900859832764
2011-08-16,2.710139751434326
2011-08-17,2.7505900859832764
2011-08-18,2.7497804164886475
2011-08-19,2.746544122695923
2011-08-22,2.746544122695923
2011-08-23,2.746544122695923
2011-08-24,2.746544122695923
2011-08-25,2.7109487056732178
2011-08-26,2.710139751434326
2011-08-29,2.710139751434326
2011-08-30,2.710139751434326
2011-08-31,2.7505900859832764
2011-09-01,2.7505900859832764
2011-09-02,2.7433085441589355
2011-09-05,2.7433085441589355
2011-09-06,2.7433085441589355
2011-09-08,2.7433085441589355
2011-09-09,2.7489707469940186
2011-09-12,2.7344088554382324
2011-09-13,2.7344088554382324
2011-09-14,2.73360013961792
2011-09-15,2.7344088554382324
2011-09-16,2.7344088554382324
2011-09-19,2.7344088554382324
2011-09-20,2.7344088554382324
2011-09-21,2.7344088554382324
2011-09-22,2.7344088554382324
2011-09-23,2.7344088554382324
2011-09-26,2.7263193130493164
2011-09-27,2.7263193130493164
2011-09-28,2.7263193130493164
2011-09-29,2.7222747802734375
2011-09-30,2.7497804164886475
2011-10-03,2.7497804164886475
2011-10-04,2.7473526000976562
2011-10-05,2.7473526000976562
2011-10-06,2.7473526000976562
2011-10-07,2.7473526000976562
2011-10-10,2.7473526000976562
2011-10-11,2.7473526000976562
2011-10-13,2.7473526000976562
2011-10-14,2.7473526000976562
2011-10-17,2.7505900859832764
2011-10-18,2.7505900859832764
2011-10-19,2.7505900859832764
2011-10-20,2.7505900859832764
2011-10-21,2.7505900859832764
2011-10-24,2.7505900859832764
2011-10-25,2.7505900859832764
2011-10-26,2.7505900859832764
2011-10-27,2.7505900859832764
2011-10-28,2.7505900859832764
2011-10-31,2.7505900859832764
2011-11-01,2.7505900859832764
2011-11-03,2.7505900859832764
2011-11-04,2.7505900859832764
2011-11-07,2.7505900859832764
2011-11-08,2.7505900859832764
2011-11-09,2.7505900859832764
2011-11-10,2.7513978481292725
2011-11-11,2.790229558944702
2011-11-14,2.790229558944702
2011-11-16,2.7910380363464355
2011-11-17,2.7910380363464355
2011-11-18,2.8072192668914795
2011-11-21,2.8072192668914795
2011-11-22,2.8072192668914795
2011-11-23,2.7910380363464355
2011-11-24,2.8153088092803955
2011-11-25,2.831488847732544
2011-11-28,2.7910380363464355
2011-11-29,2.831488847732544
2011-11-30,2.888117551803589
2011-12-01,2.912389039993286
2011-12-02,2.912389039993286
2011-12-05,2.912389039993286
2011-12-06,2.912389039993286
2011-12-07,2.912389039993286
2011-12-08,2.912389039993286
2011-12-09,2.912389039993286
2011-12-12,2.912389039993286
2011-12-13,2.912389039993286
2011-12-14,2.912389039993286
2011-12-15,2.912389039993286
2011-12-16,2.912389039993286
2011-12-19,2.912389039993286
2011-12-20,2.9690184593200684
2011-12-21,2.9690184593200684
2011-12-22,3.009467601776123
2011-12-23,3.009467601776123
2011-12-26,3.009467601776123
2011-12-27,3.010277032852173
2011-12-28,3.010277032852173
2011-12-29,3.009467601776123
2012-01-02,3.009467601776123
2012-01-03,3.049917459487915
2012-01-04,3.049917459487915
2012-01-05,3.049917459487915
2012-01-06,3.049917459487915
2012-01-09,3.1105916500091553
2012-01-10,3.1105916500091553
2012-01-11,3.1105916500091553
2012-01-12,3.1105916500091553
2012-01-13,3.1105916500091553
2012-01-16,3.1105916500091553
2012-01-17,3.164794445037842
2012-01-18,3.1753132343292236
2012-01-19,3.1753132343292236
2012-01-20,3.1753132343292236
2012-01-23,3.1753132343292236
2012-01-24,3.1955361366271973
2012-01-26,3.2117161750793457
2012-01-27,3.2359864711761475
2012-01-30,3.316887378692627
2012-01-31,3.3896968364715576
2012-02-01,3.4042582511901855
2012-02-02,3.399404525756836
2012-02-03,3.438237190246582
2012-02-06,3.438237190246582
2012-02-07,3.438237190246582
2012-02-08,3.4544150829315186
2012-02-09,3.4544150829315186
2012-02-10,3.4544150829315186
2012-02-13,3.4544150829315186
2012-02-14,3.4786863327026367
2012-02-15,3.477876663208008
2012-02-16,3.4803051948547363
2012-02-17,3.4786863327026367
2012-02-23,3.657475233078003
2012-02-24,3.84354567527771
2012-02-27,3.802285671234131
2012-02-28,3.802285671234131
2012-02-29,3.8831849098205566
2012-03-01,4.004533290863037
2012-03-02,4.125883102416992
2012-03-05,4.125883102416992
2012-03-06,4.125883102416992
2012-03-07,4.19869327545166
2012-03-08,4.19869327545166
2012-03-09,4.2237725257873535
2012-03-12,4.2237725257873535
2012-03-13,4.368582248687744
2012-03-14,4.368582248687744
2012-03-15,4.368582248687744
2012-03-16,4.489932060241699
2012-03-19,4.489932060241699
2012-03-20,4.650924205780029
2012-03-21,4.894428253173828
2012-03-22,4.894428253173828
2012-03-23,4.894428253173828
2012-03-26,4.8539814949035645
2012-03-27,4.93488073348999
2012-03-28,4.93488073348999
2012-03-29,4.8539814949035645
2012-03-30,4.829710483551025
2012-04-02,4.853171348571777
2012-04-03,4.817575454711914
2012-04-04,4.8305206298828125
2012-04-05,4.91384744644165
2012-04-09,4.8539814949035645
2012-04-10,4.91384744644165
2012-04-11,4.894428253173828
2012-04-12,4.8539814949035645
2012-04-13,4.9267897605896
2012-04-16,4.894428253173828
2012-04-17,4.894428253173828
2012-04-18,4.894428253173828
2012-04-19,4.894428253173828
2012-04-20,4.895239353179932
2012-04-23,4.9211273193359375
2012-04-24,5.177577972412109
2012-04-25,5.25847864151001
2012-04-26,5.25847864151001
2012-04-27,5.339381217956543
2012-04-30,5.501464366912842
2012-05-02,5.501464366912842
2012-05-03,5.342695236206055
2012-05-04,5.308254241943359
2012-05-07,5.544307708740234
2012-05-08,5.544307708740234
2012-05-09,5.535066604614258
2012-05-10,5.543468475341797
2012-05-11,5.460301876068115
2012-05-14,5.5023040771484375
2012-05-15,5.544307708740234
2012-05-16,5.499786376953125
2012-05-17,5.460301876068115
2012-05-18,5.5023040771484375
2012-05-21,5.5023040771484375
2012-05-22,5.418300151824951
2012-05-23,5.410740852355957
2012-05-24,5.414100646972656
2012-05-25,5.376297473907471
2012-05-28,5.376297473907471
2012-05-29,5.5023040771484375
2012-05-30,5.124284744262695
2012-05-31,4.620256423950195
2012-06-01,5.207447528839111
2012-06-04,5.29229211807251
2012-06-05,5.41662073135376
2012-06-06,5.376297473907471
2012-06-08,5.418300151824951
2012-06-11,5.450220108032227
2012-06-12,5.459462642669678
2012-06-13,5.501464366912842
2012-06-14,5.54262638092041
2012-06-15,5.544307708740234
2012-06-18,5.544307708740234
2012-06-19,5.552709579467773
2012-06-20,5.544307708740234
2012-06-21,5.556909084320068
2012-06-22,5.556909084320068
2012-06-25,5.040279865264893
2012-06-26,5.603108882904053
2012-06-27,5.603108882904053
2012-06-28,5.670312881469727
2012-06-29,5.58630895614624
2012-07-02,5.58630895614624
2012-07-03,5.58630895614624
2012-07-04,5.544307708740234
2012-07-05,5.544307708740234
2012-07-06,5.543468475341797
2012-07-10,5.543468475341797
2012-07-11,5.544307708740234
2012-07-12,5.477102279663086
2012-07-13,5.544307708740234
2012-07-16,5.544307708740234
2012-07-17,5.669475078582764
2012-07-18,5.659395217895508
2012-07-19,5.6274733543396
2012-07-20,5.842525005340576
2012-07-23,5.918126583099365
2012-07-24,5.943329811096191
2012-07-25,5.962649822235107
2012-07-26,5.9609694480896
2012-07-27,5.9391279220581055
2012-07-30,6.005493640899658
2012-07-31,5.964329719543457
2012-08-01,5.964329719543457
2012-08-02,5.880325794219971
2012-08-03,5.754318714141846
2012-08-06,5.9214887619018555
2012-08-07,5.955089569091797
2012-08-08,5.846723556518555
2012-08-09,5.923169136047363
2012-08-10,5.923169136047363
2012-08-13,5.905527114868164
2012-08-14,5.930728435516357
2012-08-15,6.006333827972412
2012-08-16,6.023133754730225
2012-08-17,6.115540027618408
2012-08-20,6.115540027618408
2012-08-21,6.091179370880127
2012-08-22,6.132340431213379
2012-08-23,6.132340431213379
2012-08-24,6.174344539642334
2012-08-27,6.174344539642334
2012-08-28,6.174344539642334
2012-08-29,6.174344539642334
2012-08-30,6.174344539642334
2012-08-31,6.174344539642334
2012-09-03,6.006333827972412
2012-09-04,5.964329719543457
2012-09-05,5.880325794219971
2012-09-06,5.913925647735596
2012-09-10,6.04833459854126
2012-09-11,5.8929266929626465
2012-09-12,5.796320915222168
2012-09-13,5.863524436950684
2012-09-14,5.8971266746521
2012-09-17,6.003813743591309
2012-09-18,5.981132507324219
2012-09-19,5.990370273590088
2012-09-20,5.962649822235107
2012-09-21,5.838324069976807
2012-09-24,5.964329719543457
2012-09-25,5.922327995300293
2012-09-26,5.880325794219971
2012-09-27,6.023133754730225
2012-09-28,6.174344539642334
2012-10-01,6.045814514160156
2012-10-02,6.04833459854126
2012-10-03,6.046654224395752
2012-10-04,6.031534671783447
2012-10-05,6.022292137145996
2012-10-08,5.997093200683594
2012-10-09,5.922327995300293
2012-10-10,5.926529407501221
2012-10-11,5.855966091156006
2012-10-15,5.9214887619018555
2012-10-16,5.922327995300293
2012-10-17,5.880325794219971
2012-10-18,5.837482452392578
2012-10-19,5.769439220428467
2012-10-22,5.783719062805176
2012-10-23,5.733317852020264
2012-10-24,5.712316036224365
2012-10-25,5.653513431549072
2012-10-26,5.670312881469727
2012-10-29,5.729117393493652
2012-10-30,5.7081170082092285
2012-10-31,5.628310680389404
2012-11-01,5.607312202453613
2012-11-05,5.61991024017334
2012-11-06,5.615711688995361
2012-11-07,5.6274733543396
2012-11-08,5.594710350036621
2012-11-09,5.58630895614624
2012-11-12,5.603108882904053
2012-11-13,5.544307708740234
2012-11-14,5.544307708740234
2012-11-16,5.611510753631592
2012-11-19,5.461143970489502
2012-11-21,5.603108882904053
2012-11-22,5.510705471038818
2012-11-23,5.481303691864014
2012-11-26,5.460301876068115
2012-11-27,5.460301876068115
2012-11-28,5.544307708740234
2012-11-29,5.544307708740234
2012-11-30,5.628310680389404
2012-12-03,5.481303691864014
2012-12-04,5.841681480407715
2012-12-05,5.766079425811768
2012-12-06,5.735836505889893
2012-12-07,5.761040210723877
2012-12-10,5.660234451293945
2012-12-11,5.670312881469727
2012-12-12,5.531708240509033
2012-12-13,5.544307708740234
2012-12-14,5.556909084320068
2012-12-17,5.61991024017334
2012-12-18,5.4208221435546875
2012-12-19,5.535298824310303
2012-12-20,5.52499532699585
2012-12-21,5.5378737449646
2012-12-26,5.545603275299072
2012-12-27,5.548177242279053
2012-12-28,5.615145206451416
2013-01-02,5.589389801025391
2013-01-03,5.679540634155273
2013-01-04,5.885601997375488
2013-01-07,6.027267932891846
2013-01-08,5.921663284301758
2013-01-09,5.913933753967285
2013-01-10,5.898479461669922
2013-01-11,5.893327236175537
2013-01-14,5.872722625732422
2013-01-15,5.872722625732422
2013-01-16,5.8212056159973145
2013-01-17,5.872722625732422
2013-01-18,6.053022861480713
2013-01-21,5.975752353668213
2013-01-22,6.071056842803955
2013-01-23,6.12514591217041
2013-01-24,5.9628729820251465
2013-01-28,5.846963882446289
2013-01-29,5.743932247161865
2013-01-30,5.8701491355896
2013-01-31,6.053022861480713
2013-02-01,6.050447463989258
2013-02-04,5.926811695098877
2013-02-05,6.053022861480713
2013-02-06,6.027267932891846
2013-02-07,6.027267932891846
2013-02-08,5.898479461669922
2013-02-13,5.924236297607422
2013-02-14,5.9628729820251465
2013-02-15,5.9113569259643555
2013-02-18,5.913933753967285
2013-02-19,5.898479461669922
2013-02-20,5.864994049072266
2013-02-21,5.898479461669922
2013-02-22,5.898479461669922
2013-02-25,5.872722625732422
2013-02-26,5.9886298179626465
2013-02-27,6.027267932891846
2013-02-28,5.9886298179626465
2013-03-01,5.975752353668213
2013-03-04,5.924236297607422
2013-03-05,5.944844722747803
2013-03-06,5.929389953613281
2013-03-07,5.926811695098877
2013-03-08,5.939691066741943
2013-03-11,5.9499945640563965
2013-03-12,6.001509666442871
2013-03-13,5.924236297607422
2013-03-14,5.808328628540039
2013-03-15,5.64348030090332
2013-03-18,5.723329067230225
2013-03-19,5.674388408660889
2013-03-20,5.5275702476501465
2013-03-21,5.589389801025391
2013-03-22,5.602268218994141
2013-03-25,5.676964282989502
2013-03-26,5.743932247161865
2013-03-27,5.723329067230225
2013-03-28,5.723329067230225
2013-04-01,5.743932247161865
2013-04-02,5.718177318572998
2013-04-03,5.8212056159973145
2013-04-04,5.859842777252197
2013-04-05,5.924236297607422
2013-04-08,5.9087815284729
2013-04-09,5.8212056159973145
2013-04-10,5.808328628540039
2013-04-11,5.888177394866943
2013-04-12,5.888177394866943
2013-04-15,5.826359748840332
2013-04-16,5.849540710449219
2013-04-17,5.826359748840332
2013-04-18,5.795448303222656
2013-04-19,5.782572269439697
2013-04-22,5.723329067230225
2013-04-23,5.782572269439697
2013-04-24,5.7387824058532715
2013-04-25,5.743932247161865
2013-04-26,5.743932247161865
2013-04-29,5.885601997375488
2013-04-30,5.929389953613281
2013-05-02,5.868123531341553
2013-05-03,5.922084808349609
2013-05-06,5.8600287437438965
2013-05-07,5.889707565307617
2013-05-08,5.827653884887695
2013-05-09,5.854633331298828
2013-05-10,5.857329845428467
2013-05-13,5.881610870361328
2013-05-14,5.827653884887695
2013-05-15,5.830352783203125
2013-05-16,6.1190361976623535
2013-05-17,6.043490886688232
2013-05-20,6.097450256347656
2013-05-21,6.065075397491455
2013-05-22,6.097450256347656
2013-05-23,6.129828453063965
2013-05-24,6.151412010192871
2013-05-27,6.232351303100586
2013-05-28,6.307894706726074
2013-05-29,6.307894706726074
2013-05-31,6.259330749511719
2013-06-03,6.283613204956055
2013-06-04,6.340269565582275
2013-06-05,6.2566351890563965
2013-06-06,6.199975490570068
2013-06-07,6.097450256347656
2013-06-10,6.148716926574707
2013-06-11,6.067775249481201
2013-06-12,6.121735572814941
2013-06-13,6.070470809936523
2013-06-14,6.043490886688232
2013-06-17,6.11633825302124
2013-06-18,6.070470809936523
2013-06-19,6.016509532928467
2013-06-20,5.935573101043701
2013-06-21,5.690056800842285
2013-06-24,5.827653884887695
2013-06-25,5.749410629272461
2013-06-26,5.668471813201904
2013-06-27,5.665773868560791
2013-06-28,5.765600681304932
2013-07-01,5.8006720542907715
2013-07-02,5.7548089027404785
2013-07-03,5.841141700744629
2013-07-04,5.868123531341553
2013-07-05,5.868123531341553
2013-07-08,5.868123531341553
2013-07-10,5.854633331298828
2013-07-11,5.965250492095947
2013-07-12,5.924779415130615
2013-07-15,5.976043701171875
2013-07-16,5.970646858215332
2013-07-17,5.90859317779541
2013-07-18,5.989532947540283
2013-07-19,6.067775249481201
2013-07-22,6.046189308166504
2013-07-23,6.13792085647583
2013-07-24,6.154109954833984
2013-07-25,6.070470809936523
2013-07-26,6.070470809936523
2013-07-29,6.183786869049072
2013-07-30,6.21616268157959
2013-07-31,6.1595048904418945
2013-08-01,6.2296528816223145
2013-08-02,6.178391456604004
2013-08-05,6.167600631713867
2013-08-06,6.100150108337402
2013-08-07,6.083962440490723
2013-08-08,6.170298099517822
2013-08-09,6.124431133270264
2013-08-12,6.129828453063965
2013-08-13,6.218862533569336
2013-08-14,6.321386337280273
2013-08-15,6.248541355133057
2013-08-16,6.245840072631836
2013-08-19,6.232351303100586
2013-08-20,6.2566351890563965
2013-08-21,6.124431133270264
2013-08-22,6.205370903015137
2013-08-23,6.199975490570068
2013-08-26,6.151412010192871
2013-08-27,6.097450256347656
2013-08-28,6.043490886688232
2013-08-29,5.967948913574219
2013-08-30,5.935573101043701
2013-09-02,5.935573101043701
2013-09-03,5.835747241973877
2013-09-04,5.816862106323242
2013-09-05,5.897801876068115
2013-09-06,5.919384002685547
2013-09-09,6.054285049438477
2013-09-10,6.1190361976623535
2013-09-11,6.024606704711914
2013-09-12,5.8600287437438965
2013-09-13,5.873518943786621
2013-09-16,6.024606704711914
2013-09-17,5.989532947540283
2013-09-18,5.994929313659668
2013-09-19,5.962553024291992
2013-09-20,6.016509532928467
2013-09-23,5.884312629699707
2013-09-24,5.884312629699707
2013-09-25,5.897801876068115
2013-09-26,5.903195858001709
2013-09-27,5.87082052230835
2013-09-30,5.746714115142822
2013-10-01,5.8006720542907715
2013-10-02,5.833048343658447
2013-10-03,5.803371906280518
2013-10-04,5.841141700744629
2013-10-07,5.857329845428467
2013-10-08,5.913989067077637
2013-10-09,5.935573101043701
2013-10-10,6.056983470916748
2013-10-11,6.046189308166504
2013-10-14,6.043490886688232
2013-10-15,6.197278022766113
2013-10-16,6.164902687072754
2013-10-17,6.078567028045654
2013-10-18,6.13792085647583
2013-10-21,6.13792085647583
2013-10-22,6.016509532928467
2013-10-23,5.943666458129883
2013-10-24,5.976043701171875
2013-10-25,5.935573101043701
2013-10-28,5.935573101043701
2013-10-29,5.835747241973877
2013-10-30,5.935573101043701
2013-10-31,5.868123531341553
2013-11-01,5.784485340118408
2013-11-04,5.773692607879639
2013-11-05,5.841141700744629
2013-11-06,5.76290225982666
2013-11-07,5.735923767089844
2013-11-08,5.611813068389893
2013-11-11,5.55515718460083
2013-11-12,5.422954559326172
2013-11-13,5.636096477508545
2013-11-14,5.749410629272461
2013-11-18,5.814162731170654
2013-11-19,5.773692607879639
2013-11-21,5.692755222320557
2013-11-22,5.66037654876709
2013-11-25,5.768295764923096
2013-11-26,5.935573101043701
2013-11-27,5.784485340118408
2013-11-28,5.668471813201904
2013-11-29,5.8600287437438965
2013-12-02,5.768295764923096
2013-12-03,5.760202884674072
2013-12-04,5.611813068389893
2013-12-05,5.584834575653076
2013-12-06,5.56594705581665
2013-12-09,5.638793468475342
2013-12-10,5.49040412902832
2013-12-11,5.485008239746094
2013-12-12,5.188230037689209
2013-12-13,5.444097518920898
2013-12-16,5.45558500289917
2013-12-17,5.398157596588135
2013-12-18,5.277559280395508
2013-12-19,5.240233898162842
2013-12-20,5.28330135345459
2013-12-23,5.194291114807129
2013-12-26,5.260331153869629
2013-12-27,5.245975494384766
2013-12-30,5.225876808166504
2014-01-02,5.211518287658691
2014-01-03,5.334986686706543
2014-01-06,5.28330135345459
2014-01-07,5.225876808166504
2014-01-08,5.208646774291992
2014-01-09,5.168447971343994
2014-01-10,5.139735221862793
2014-01-13,5.139735221862793
2014-01-14,5.168447971343994
2014-01-15,5.1540913581848145
2014-01-16,5.1540913581848145
2014-01-17,5.139735221862793
2014-01-20,5.010524272918701
2014-01-21,5.019136905670166
2014-01-22,4.964583873748779
2014-01-23,4.83824348449707
2014-01-24,4.996164798736572
2014-01-27,5.19716215133667
2014-01-28,5.332115173339844
2014-01-29,5.294788360595703
2014-01-30,5.1339921951293945
2014-01-31,5.088050365447998
2014-02-03,5.050722599029541
2014-02-04,5.024881362915039
2014-02-05,4.993295669555664
2014-02-06,5.010524272918701
2014-02-07,5.010524272918701
2014-02-10,4.996164798736572
2014-02-11,4.984683036804199
2014-02-12,4.973196029663086
2014-02-13,4.878439903259277
2014-02-14,4.996164798736572
2014-02-17,4.9387407302856445
2014-02-18,4.932995796203613
2014-02-19,4.970324516296387
2014-02-20,4.964583873748779
2014-02-21,5.010524272918701
2014-02-24,5.013393878936768
2014-02-25,4.967451572418213
2014-02-26,5.036365032196045
2014-02-27,5.1311211585998535
2014-02-28,5.179934978485107
2014-03-05,5.168447971343994
2014-03-06,5.245975494384766
2014-03-07,5.211518287658691
2014-03-10,5.125378131866455
2014-03-11,5.208646774291992
2014-03-12,5.254587650299072
2014-03-13,5.4153852462768555
2014-03-14,5.312016487121582
2014-03-17,5.332115173339844
2014-03-18,5.398157596588135
2014-03-19,5.44984245300293
2014-03-20,5.599151611328125
2014-03-21,5.51301383972168
2014-03-24,5.659451007843018
2014-03-25,5.647965431213379
2014-03-26,5.527370452880859
2014-03-27,5.599151611328125
2014-03-28,5.498653888702393
2014-03-31,5.527370452880859
2014-04-01,5.446970462799072
2014-04-02,5.51301383972168
2014-04-03,5.398157596588135
2014-04-04,5.369443416595459
2014-04-07,5.421127796173096
2014-04-08,5.51301383972168
2014-04-09,5.54172420501709
2014-04-10,5.54172420501709
2014-04-11,5.56756591796875
2014-04-14,5.656579494476318
2014-04-15,5.785789966583252
2014-04-16,5.722621440887451
2014-04-17,5.777176856994629
2014-04-22,5.9092607498168945
2014-04-23,5.7829203605651855
2014-04-24,5.915003299713135
2014-04-25,5.768563270568848
2014-04-28,5.599151611328125
2014-04-29,5.426871299743652
2014-04-30,5.728365421295166
2014-05-02,5.9088616371154785
2014-05-05,5.94246768951416
2014-05-06,6.034128189086914
2014-05-07,6.024959564208984
2014-05-08,6.122730255126953
2014-05-09,6.046348571777344
2014-05-12,6.079956531524658
2014-05-13,6.217443466186523
2014-05-14,6.131894588470459
2014-05-15,6.107451915740967
2014-05-16,6.177721977233887
2014-05-19,6.186890125274658
2014-05-20,6.128839492797852
2014-05-21,6.061624526977539
2014-05-22,6.067733287811279
2014-05-23,6.040236473083496
2014-05-26,6.079956531524658
2014-05-27,6.015794277191162
2014-05-28,6.049402713775635
2014-05-29,6.049402713775635
2014-05-30,5.9271931648254395
2014-06-02,5.905806064605713
2014-06-03,5.96996545791626
2014-06-04,5.933302879333496
2014-06-05,5.8813652992248535
2014-06-06,5.939413547515869
2014-06-09,5.985244274139404
2014-06-10,6.009684085845947
2014-06-11,6.018850326538086
2014-06-13,6.018850326538086
2014-06-16,5.957744598388672
2014-06-17,5.991353511810303
2014-06-18,6.104397296905518
2014-06-20,5.988297462463379
2014-06-23,6.000519275665283
2014-06-24,6.064679145812988
2014-06-25,6.089121341705322
2014-06-26,6.089121341705322
2014-06-27,6.049402713775635
2014-06-30,6.079956531524658
2014-07-01,6.07689905166626
2014-07-02,6.0860676765441895
2014-07-03,6.095234394073486
2014-07-04,6.1166181564331055
2014-07-07,6.0982866287231445
2014-07-08,6.1105055809021
2014-07-10,6.156335830688477
2014-07-11,6.147171497344971
2014-07-14,6.10134220123291
2014-07-15,6.1166181564331055
2014-07-16,6.107451915740967
2014-07-17,6.1105055809021
2014-07-18,6.107451915740967
2014-07-21,6.202165603637695
2014-07-22,6.281599998474121
2014-07-23,6.269380569458008
2014-07-24,6.379369258880615
2014-07-25,6.443531513214111
2014-07-28,6.5229644775390625
2014-07-29,6.3060431480407715
2014-07-30,6.309100151062012
2014-07-31,6.244939804077148
2014-08-01,6.232717037200928
2014-08-04,6.354926109313965
2014-08-05,6.385481834411621
2014-08-06,6.336595058441162
2014-08-07,6.434364318847656
2014-08-08,6.513800144195557
2014-08-11,6.645175933837891
2014-08-12,6.727671146392822
2014-08-13,6.767386436462402
2014-08-14,6.813216686248779
2014-08-15,7.011807918548584
2014-08-18,7.036250591278076
2014-08-19,6.965978622436523
2014-08-20,6.813216686248779
2014-08-21,6.828492641448975
2014-08-22,6.8376569747924805
2014-08-25,6.944592475891113
2014-08-26,6.889599323272705
2014-08-27,6.898764133453369
2014-08-28,6.904874324798584
2014-08-29,7.130961894989014
2014-09-01,7.017917156219482
2014-09-02,6.904874324798584
2014-09-03,7.069857120513916
2014-09-04,7.045413970947266
2014-09-05,7.097354888916016
2014-09-08,6.932370185852051
2014-09-09,6.831547737121582
2014-09-10,6.862102031707764
2014-09-11,6.999585151672363
2014-09-12,6.822381973266602
2014-09-15,6.791828155517578
2014-09-16,6.874321460723877
2014-09-17,6.727671146392822
2014-09-18,6.574907302856445
2014-09-19,6.467971324920654
2014-09-22,6.339652061462402
2014-09-23,6.434364318847656
2014-09-24,6.431309700012207
2014-09-25,6.434364318847656
2014-09-26,6.009684085845947
2014-09-29,5.878307819366455
2014-09-30,5.979130268096924
2014-10-01,5.792760848999023
2014-10-02,5.841645240783691
2014-10-03,5.753042221069336
2014-10-06,5.753042221069336
2014-10-07,5.850812911987305
2014-10-08,5.893585681915283
2014-10-09,6.0127387046813965
2014-10-10,5.902749061584473
2014-10-13,5.911916732788086
2014-10-14,5.9271931648254395
2014-10-15,5.921082496643066
2014-10-16,5.951634407043457
2014-10-17,6.17161226272583
2014-10-20,6.156335830688477
2014-10-21,5.859975337982178
2014-10-22,5.930246829986572
2014-10-23,5.698050498962402
2014-10-24,5.801926612854004
2014-10-27,5.6063923835754395
2014-10-28,5.777485370635986
2014-10-29,5.94246768951416
2014-10-30,5.930246829986572
2014-10-31,5.621667385101318
2014-11-03,5.6613850593566895
2014-11-04,5.65833044052124
2014-11-05,5.65833044052124
2014-11-06,5.548341751098633
2014-11-07,5.5391740798950195
2014-11-10,5.530009746551514
2014-11-11,5.545287132263184
2014-11-12,5.572783470153809
2014-11-13,5.548341751098633
2014-11-14,5.643054485321045
2014-11-17,5.581948757171631
2014-11-18,5.664440155029297
2014-11-19,5.859975337982178
2014-11-21,6.018850326538086
2014-11-24,6.049402713775635
2014-11-25,6.131894588470459
2014-11-26,5.957744598388672
2014-11-27,6.1105055809021
2014-11-28,6.003573417663574
2014-12-01,5.921082496643066
2014-12-02,5.878307819366455
2014-12-03,5.7744293212890625
2014-12-04,5.759153366088867
2014-12-05,5.90782356262207
2014-12-08,5.917277812957764
2014-12-09,5.860562801361084
2014-12-10,5.8920722007751465
2014-12-11,6.040159225463867
2014-12-12,5.936182498931885
2014-12-15,6.0496134757995605
2014-12-16,5.684116840362549
2014-12-17,5.822751522064209
2014-12-18,5.725077152252197
2014-12-19,5.759735584259033
2014-12-22,5.8826165199279785
2014-12-23,5.863712310791016
2014-12-26,5.797544956207275
2014-12-29,5.90782356262207
2014-12-30,5.936182498931885
2015-01-02,5.939332485198975
2015-01-05,5.917277812957764
2015-01-06,5.92672872543335
2015-01-07,5.936182498931885
2015-01-08,5.992896556854248
2015-01-09,5.951934814453125
2015-01-12,5.885767936706543
2015-01-13,5.986595153808594
2015-01-14,6.071669101715088
2015-01-15,6.166192531585693
2015-01-16,6.254418849945068
2015-01-19,6.1756463050842285
2015-01-20,6.226058006286621
2015-01-21,6.2071533203125
2015-01-22,6.1977009773254395
2015-01-23,6.159891605377197
2015-01-26,6.081121921539307
2015-01-27,6.112628936767578
2015-01-28,6.081121921539307
2015-01-29,6.144136428833008
2015-01-30,6.128383636474609
2015-02-02,6.2386627197265625
2015-02-03,6.276472091674805
2015-02-04,6.285926342010498
2015-02-05,6.216607093811035
2015-02-06,6.163044452667236
2015-02-09,6.144136428833008
2015-02-10,6.2670207023620605
2015-02-11,6.222908973693848
2015-02-12,6.355244159698486
2015-02-13,6.304830074310303
2015-02-18,6.383601188659668
2015-02-19,6.52223539352417
2015-02-20,6.509633541107178
2015-02-23,6.474977016448975
2015-02-24,6.553743839263916
2015-02-25,6.679780960083008
2015-02-26,6.733344554901123
2015-02-27,6.566349983215332
2015-03-02,6.601009845733643
2015-03-03,6.56950044631958
2015-03-04,6.525390148162842
2015-03-05,6.506485462188721
2015-03-06,6.348941802978516
2015-03-09,6.317432880401611
2015-03-10,6.270171642303467
2015-03-11,6.270171642303467
2015-03-12,6.481278419494629
2015-03-13,6.380451679229736
2015-03-16,6.411959648132324
2015-03-17,6.512784957885742
2015-03-18,6.632518291473389
2015-03-19,6.648269176483154
2015-03-20,6.805813789367676
2015-03-23,6.761701583862305
2015-03-24,6.909793376922607
2015-03-25,6.7207417488098145
2015-03-26,6.774302959442139
2015-03-27,6.711288928985596
2015-03-30,6.742797374725342
2015-03-31,6.632518291473389
2015-04-01,6.632518291473389
2015-04-02,6.616763591766357
2015-04-06,6.607307434082031
2015-04-07,6.616763591766357
2015-04-08,6.616763591766357
2015-04-09,6.604161262512207
2015-04-10,6.648269176483154
2015-04-13,6.613610744476318
2015-04-14,6.59785795211792
2015-04-15,6.6356682777404785
2015-04-16,6.645120620727539
2015-04-17,6.6356682777404785
2015-04-20,6.616763591766357
2015-04-22,6.619915962219238
2015-04-23,6.5479021072387695
2015-04-24,6.678533554077148
2015-04-27,6.593625545501709
2015-04-28,6.623017311096191
2015-04-29,6.629546642303467
2015-04-30,6.528308391571045
2015-05-04,6.629546642303467
2015-05-05,6.498917579650879
2015-05-06,6.6197509765625
2015-05-07,6.580560684204102
2015-05-08,6.580560684204102
2015-05-11,6.525042533874512
2015-05-12,6.4956512451171875
2015-05-13,6.368283748626709
2015-05-14,6.446665287017822
2015-05-15,6.502182483673096
2015-05-18,6.498917579650879
2015-05-19,6.446665287017822
2015-05-20,6.335626602172852
2015-05-21,6.538105487823486
2015-05-22,6.662204265594482
2015-05-25,6.515246391296387
2015-05-26,6.4401326179504395
2015-05-27,6.629546642303467
2015-05-28,6.600156784057617
2015-05-29,6.737320423126221
2015-06-01,6.714457988739014
2015-06-02,6.838558197021484
2015-06-03,6.858152866363525
2015-06-05,6.929999351501465
2015-06-08,6.9234700202941895
2015-06-09,7.034507751464844
2015-06-10,6.907140254974365
2015-06-11,6.988785266876221
2015-06-12,6.887545108795166
2015-06-15,6.769977569580078
2015-06-16,6.773242950439453
2015-06-17,6.737320423126221
2015-06-18,6.874483108520508
2015-06-19,6.929999351501465
2015-06-22,6.965925693511963
2015-06-23,6.90387487411499
2015-06-24,6.881013870239258
2015-06-25,6.936530113220215
2015-06-26,7.034507751464844
2015-06-29,6.890809059143066
2015-06-30,6.711194038391113
2015-07-01,6.871216297149658
2015-07-02,6.854885578155518
2015-07-03,6.877748012542725
2015-07-06,7.01164436340332
2015-07-07,7.054100513458252
2015-07-08,6.982255458831787
2015-07-10,6.920204162597656
2015-07-13,6.916935443878174
2015-07-14,6.956127643585205
2015-07-15,6.907140254974365
2015-07-16,6.884278774261475
2015-07-17,6.796104431152344
2015-07-20,7.008378982543945
2015-07-21,6.9332661628723145
2015-07-22,6.874483108520508
2015-07-23,6.645877361297607
2015-07-24,6.632815837860107
2015-07-27,6.7830400466918945
2015-07-28,6.629546642303467
2015-07-29,6.596889495849609
2015-07-30,6.711194038391113
2015-07-31,6.926734924316406
2015-08-03,6.72425651550293
2015-08-04,6.83202600479126
2015-08-05,6.685067653656006
2015-08-06,6.541370868682861
2015-08-07,6.4564619064331055
2015-08-10,6.508714199066162
2015-08-11,6.515246391296387
2015-08-12,6.462993144989014
2015-08-13,6.430335521697998
2015-08-14,6.391143321990967
2015-08-17,6.351956844329834
2015-08-18,6.446665287017822
2015-08-19,6.394411563873291
2015-08-20,6.270312309265137
2015-08-21,6.204995632171631
2015-08-24,5.976391792297363
2015-08-25,5.963326930999756
2015-08-26,5.969860076904297
2015-08-27,6.080894947052002
2015-08-28,5.976391792297363
2015-08-31,6.041707515716553
2015-09-01,5.796772003173828
2015-09-02,5.813101291656494
2015-09-03,5.894744873046875
2015-09-04,5.734723091125488
2015-09-08,5.649809837341309
2015-09-09,5.731459140777588
2015-09-10,5.7477850914001465
2015-09-11,5.835962772369385
2015-09-14,6.022112846374512
2015-09-15,6.182135105133057
2015-09-16,6.32909631729126
2015-09-17,6.342159271240234
2015-09-18,6.438036918640137
2015-09-21,6.359273433685303
2015-09-22,6.427765369415283
2015-09-23,6.431188583374023
2015-09-24,6.3558478355407715
2015-09-25,6.116135120391846
2015-09-28,6.246266841888428
2015-09-29,6.393518924713135
2015-09-30,6.530498027801514
2015-10-01,6.424338340759277
2015-10-02,6.64350700378418
2015-10-05,6.797610759735107
2015-10-06,6.900341510772705
2015-10-07,6.9414381980896
2015-10-08,7.009928226470947
2015-10-09,7.201699256896973
2015-10-13,7.14005708694458
2015-10-14,7.174302101135254
2015-10-15,7.040745735168457
2015-10-16,7.174302101135254
2015-10-19,6.944861888885498
2015-10-20,6.780486583709717
2015-10-21,6.711996555328369
2015-10-22,6.814731121063232
2015-10-23,6.821580410003662
2015-10-26,6.797610759735107
2015-10-27,6.848974704742432
2015-10-28,6.783911228179932
2015-10-29,6.595564842224121
2015-10-30,6.814731121063232
2015-11-03,6.866097450256348
2015-11-04,6.968832492828369
2015-11-05,6.999653339385986
2015-11-06,6.746239185333252
2015-11-09,6.540771961212158
2015-11-10,6.660629749298096
2015-11-11,6.619535446166992
2015-11-12,6.660629749298096
2015-11-13,6.729118347167969
2015-11-16,6.602413177490234
2015-11-17,6.64350700378418
2015-11-18,6.636656761169434
2015-11-19,6.506527423858643
2015-11-23,6.551045894622803
2015-11-24,6.424338340759277
2015-11-25,6.277085781097412
2015-11-26,6.335302829742432
2015-11-27,6.116135120391846
2015-11-30,6.033947944641113
2015-12-01,6.023674964904785
2015-12-02,6.068194389343262
2015-12-03,6.164079666137695
2015-12-04,6.164079666137695
2015-12-07,6.167504787445068
2015-12-08,5.934637546539307
2015-12-09,5.890120029449463
2015-12-10,5.890120029449463
2015-12-11,5.821630001068115
2015-12-14,5.825055122375488
2015-12-15,5.725743770599365
2015-12-16,5.821630001068115
2015-12-17,5.773685932159424
2015-12-18,5.718894004821777
2015-12-21,5.6385955810546875
2015-12-22,5.711913108825684
2015-12-23,5.8026909828186035
2015-12-28,5.795708179473877
2015-12-29,5.795708179473877
2015-12-30,5.848076820373535
2016-01-04,5.6385955810546875
2016-01-05,5.551311492919922
2016-01-06,5.56876802444458
2016-01-07,5.383723735809326
2016-01-08,5.614154815673828
2016-01-11,5.673509120941162
2016-01-12,5.649069309234619
2016-01-13,5.673509120941162
2016-01-14,5.715407371520996
2016-01-15,5.464024543762207
2016-01-18,5.446568489074707
2016-01-19,5.498939514160156
2016-01-20,5.271997928619385
2016-01-21,5.3767409324646
2016-01-22,5.411653518676758
2016-01-26,5.488465785980225
2016-01-27,5.750319957733154
2016-01-28,5.862043857574463
2016-01-29,6.07152795791626
2016-02-01,6.1902337074279785
2016-02-02,5.942346096038818
2016-02-03,5.917906761169434
2016-02-04,6.179759979248047
2016-02-05,6.232133865356445
2016-02-10,6.21467399597168
2016-02-11,6.17626953125
2016-02-12,6.197216510772705
2016-02-15,6.144846439361572
2016-02-16,6.21467399597168
2016-02-17,6.36131477355957
2016-02-18,6.448598384857178
2016-02-19,6.452088832855225
2016-02-22,6.410192489624023
2016-02-23,6.490492820739746
2016-02-24,6.308942794799805
2016-02-25,6.417174816131592
2016-02-26,6.500968933105469
2016-02-29,6.584761619567871
2016-03-01,6.651098251342773
2016-03-02,6.319417953491211
2016-03-03,6.389245510101318
2016-03-04,6.48700475692749
2016-03-07,6.354331016540527
2016-03-08,6.267045021057129
2016-03-09,6.3508381843566895
2016-03-10,6.3508381843566895
2016-03-11,6.256572246551514
2016-03-14,6.392735958099365
2016-03-15,6.284503936767578
2016-03-16,6.305449962615967
2016-03-17,6.6196746826171875
2016-03-18,6.6092023849487305
2016-03-21,6.78377103805542
2016-03-22,6.748857021331787
2016-03-23,6.815193176269531
2016-03-24,6.734893798828125
2016-03-28,6.843123912811279
2016-03-29,7.000236511230469
2016-03-30,6.954850196838379
2016-03-31,7.010710716247559
2016-04-01,6.8501057624816895
2016-04-04,6.895495891571045
2016-04-05,6.808211326599121
2016-04-06,6.843123912811279
2016-04-07,6.818686485290527
2016-04-08,6.947866916656494
2016-04-11,6.965325832366943
2016-04-12,7.310970783233643
2016-04-13,7.206228256225586
2016-04-14,7.227175712585449
2016-04-15,7.331921100616455
2016-04-18,7.227175712585449
2016-04-19,7.478256702423096
2016-04-20,7.277130603790283
2016-04-22,7.313699722290039
2016-04-25,7.211309432983398
2016-04-26,7.328330039978027
2016-04-27,7.386836051940918
2016-04-28,7.405120372772217
2016-04-29,7.152799606323242
2016-05-02,7.211309432983398
2016-05-03,7.291759014129639
2016-05-04,7.229592323303223
2016-05-05,7.222280025482178
2016-05-06,6.999208927154541
2016-05-09,7.021152973175049
2016-05-10,7.130856513977051
2016-05-11,7.174736976623535
2016-05-12,7.280787467956543
2016-05-13,7.061378002166748
2016-05-16,7.013837814331055
2016-05-17,7.021152973175049
2016-05-18,7.156454086303711
2016-05-19,6.9480156898498535
2016-05-20,7.108917236328125
2016-05-23,7.013837814331055
2016-05-24,6.999208927154541
2016-05-25,6.932278156280518
2016-05-27,6.981471061706543
2016-05-30,6.924709796905518
2016-05-31,7.1328301429748535
2016-06-01,6.886870384216309
2016-06-02,6.724161148071289
2016-06-03,6.886870384216309
2016-06-06,6.64469575881958
2016-06-07,6.8225417137146
2016-06-08,6.962551116943359
2016-06-09,6.765782833099365
2016-06-10,6.7014546394348145
2016-06-13,6.8338942527771
2016-06-14,6.818759918212891
2016-06-15,6.924709796905518
2016-06-16,6.958766937255859
2016-06-17,6.898223876953125
2016-06-20,7.000391006469727
2016-06-21,7.072286128997803
2016-06-22,7.0571513175964355
2016-06-23,7.2274298667907715
2016-06-24,7.091205596923828
2016-06-27,7.000391006469727
2016-06-28,7.106342792510986
2016-06-29,7.197155475616455
2016-06-30,7.265273094177246
2016-07-01,7.435549736022949
2016-07-04,7.549070358276367
2016-07-05,7.677724361419678
2016-07-06,7.492311000823975
2016-07-07,7.416629314422607
2016-07-08,7.549070358276367
2016-07-11,7.795029163360596
2016-07-12,7.776109218597412
2016-07-13,7.870706081390381
2016-07-14,7.647453308105469
2016-07-15,7.636101245880127
2016-07-18,7.798816204071045
2016-07-19,8.056124687194824
2016-07-20,8.249107360839844
2016-07-21,8.120450973510742
2016-07-22,8.097747802734375
2016-07-25,8.16964340209961
2016-07-26,8.449660301208496
2016-07-27,8.828059196472168
2016-07-28,9.013477325439453
2016-07-29,9.800544738769531
2016-08-01,9.418364524841309
2016-08-02,8.97185230255127
2016-08-03,8.881036758422852
2016-08-04,8.143157958984375
2016-08-05,8.400470733642578
2016-08-08,8.884819984436035
2016-08-09,9.081586837768555
2016-08-10,9.142129898071289
2016-08-11,9.081586837768555
2016-08-12,8.835628509521484
2016-08-15,8.733460426330566
2016-08-16,8.888604164123535
2016-08-17,8.986987113952637
2016-08-18,9.307435989379883
2016-08-19,9.129045486450195
2016-08-22,8.931260108947754
2016-08-23,8.764505386352539
2016-08-24,8.706332206726074
2016-08-25,8.849822998046875
2016-08-26,8.679183959960938
2016-08-29,8.861456871032715
2016-08-30,8.772259712219238
2016-08-31,8.997188568115234
2016-09-01,8.570596694946289
2016-09-02,8.822675704956055
2016-09-05,8.636527061462402
2016-09-06,9.024336814880371
2016-09-08,8.80328369140625
2016-09-09,8.531817436218262
2016-09-12,8.721845626831055
2016-09-13,8.535696029663086
2016-09-14,8.609382629394531
2016-09-15,8.725724220275879
2016-09-16,8.760625839233398
2016-09-19,8.834306716918945
2016-09-20,8.68694019317627
2016-09-21,8.609382629394531
2016-09-22,8.551204681396484
2016-09-23,8.454255104064941
2016-09-26,8.357306480407715
2016-09-27,8.462011337280273
2016-09-28,8.341790199279785
2016-09-29,8.275861740112305
2016-09-30,8.136249542236328
2016-10-03,8.105226516723633
2016-10-04,8.112980842590332
2016-10-05,8.070323944091797
2016-10-06,8.089715957641602
2016-10-07,8.109105110168457
2016-10-10,8.240960121154785
2016-10-11,8.25647258758545
2016-10-13,8.299129486083984
2016-10-14,8.163397789001465
2016-10-17,8.14400863647461
2016-10-18,7.957859516143799
2016-10-19,8.105226516723633
2016-10-20,8.299129486083984
2016-10-21,8.322397232055664
2016-10-24,8.260351181030273
2016-10-25,8.237081527709961
2016-10-26,8.18278694152832
2016-10-27,8.252594947814941
2016-10-28,8.047054290771484
2016-10-31,8.047054290771484
2016-11-01,7.950101375579834
2016-11-03,7.953979969024658
2016-11-04,8.019909858703613
2016-11-07,8.105226516723633
2016-11-08,8.105226516723633
2016-11-09,7.87253999710083
2016-11-10,7.566171646118164
2016-11-11,7.2365312576293945
2016-11-14,7.232655048370361
2016-11-16,7.205507278442383
2016-11-17,7.329607009887695
2016-11-18,7.310215950012207
2016-11-21,7.476974010467529
2016-11-22,7.314093589782715
2016-11-23,7.37226676940918
2016-11-24,7.555164813995361
2016-11-25,7.555164813995361
2016-11-28,7.475301742553711
2016-11-29,7.327551364898682
2016-11-30,7.407415866851807
2016-12-01,7.227722644805908
2016-12-02,7.427382946014404
2016-12-05,7.487279891967773
2016-12-06,7.387451171875
2016-12-07,7.347517013549805
2016-12-08,7.571137428283691
2016-12-09,7.726874351501465
2016-12-12,7.8267035484313965
2016-12-13,7.786770820617676
2016-12-14,7.786770820617676
2016-12-15,7.778784275054932
2016-12-16,7.866635799407959
2016-12-19,7.994418621063232
2016-12-20,7.96646785736084
2016-12-21,8.122200012207031
2016-12-22,8.245989799499512
2016-12-23,8.186094284057617
2016-12-26,8.058310508728027
2016-12-27,8.106228828430176
2016-12-28,8.206060409545898
2016-12-29,8.281929016113281
2017-01-02,8.545483589172363
2017-01-03,8.561455726623535
2017-01-04,8.485583305358887
2017-01-05,8.525514602661133
2017-01-06,8.453639030456543
2017-01-09,8.301897048950195
2017-01-10,8.533503532409668
2017-01-11,8.409712791442871
2017-01-12,8.617359161376953
2017-01-13,8.761116981506348
2017-01-16,8.745145797729492
2017-01-17,8.765109062194824
2017-01-18,8.825007438659668
2017-01-19,8.697225570678711
2017-01-20,8.785076141357422
2017-01-23,8.665279388427734
2017-01-24,8.689241409301758
2017-01-26,8.725174903869629
2017-01-27,8.789071083068848
2017-01-30,8.64531421661377
2017-01-31,8.569439888000488
2017-02-01,8.685243606567383
2017-02-02,8.757123947143555
2017-02-03,8.773097038269043
2017-02-06,8.66128921508789
2017-02-07,8.605381965637207
2017-02-08,8.497562408447266
2017-02-09,8.513534545898438
2017-02-10,8.505548477172852
2017-02-13,8.729170799255371
2017-02-14,8.565447807312012
2017-02-15,8.60138988494873
2017-02-16,8.717190742492676
2017-02-17,8.813027381896973
2017-02-20,8.836987495422363
2017-02-21,8.805039405822754
2017-02-22,8.860947608947754
2017-02-23,8.805039405822754
2017-02-24,8.789071083068848
2017-03-01,9.112518310546875
2017-03-02,9.020675659179688
2017-03-03,9.132488250732422
2017-03-06,9.180403709411621
2017-03-07,9.240300178527832
2017-03-08,8.992722511291504
2017-03-09,8.825007438659668
2017-03-10,9.156444549560547
2017-03-13,9.068592071533203
2017-03-14,8.880911827087402
2017-03-15,8.96477222442627
2017-03-16,8.625348091125488
2017-03-17,8.621356010437012
2017-03-20,8.665279388427734
2017-03-21,8.745145797729492
2017-03-22,8.729170799255371
2017-03-23,8.641317367553711
2017-03-24,8.76910400390625
2017-03-27,8.805039405822754
2017-03-28,8.956780433654785
2017-03-29,9.084565162658691
2017-03-30,9.104533195495605
2017-03-31,9.16443157196045
2017-04-03,9.244293212890625
2017-04-04,9.252283096313477
2017-04-05,9.176410675048828
2017-04-06,9.024669647216797
2017-04-07,8.972757339477539
2017-04-10,9.076580047607422
2017-04-11,9.200371742248535
2017-04-12,9.26026725769043
2017-04-13,9.140472412109375
2017-04-17,9.192384719848633
2017-04-18,9.308185577392578
2017-04-19,9.44395637512207
2017-04-20,9.368088722229004
2017-04-24,9.028660774230957
2017-04-25,9.244293212890625
2017-04-26,9.204361915588379
2017-04-27,9.304193496704102
2017-04-28,9.188389778137207
2017-05-02,9.360095024108887
2017-05-03,9.208355903625488
2017-05-04,9.104533195495605
2017-05-05,9.189139366149902
2017-05-08,9.393342971801758
2017-05-09,9.638388633728027
2017-05-10,9.715986251831055
2017-05-11,9.773161888122559
2017-05-12,9.801751136779785
2017-05-15,9.793581008911133
2017-05-16,9.96511173248291
2017-05-17,9.875267028808594
2017-05-18,9.311661720275879
2017-05-19,9.556705474853516
2017-05-22,9.352503776550293
2017-05-23,9.464133262634277
2017-05-24,9.48084545135498
2017-05-25,9.413989067077637
2017-05-26,9.656338691711426
2017-05-29,9.656338691711426
2017-05-30,9.798407554626465
2017-05-31,9.485026359558105
2017-06-01,9.35966968536377
2017-06-02,9.334599494934082
2017-06-05,9.17164134979248
2017-06-06,9.35966968536377
2017-06-07,9.351312637329102
2017-06-08,9.192535400390625
2017-06-09,9.129858016967773
2017-06-12,9.221781730651855
2017-06-13,9.129858016967773
2017-06-14,9.100605964660645
2017-06-15,9.100605964660645
2017-06-16,9.108963966369629
2017-06-19,9.008682250976562
2017-06-20,8.97525405883789
2017-06-21,9.000325202941895
2017-06-22,9.021219253540039
2017-06-23,9.025396347045898
2017-06-26,9.205069541931152
2017-06-27,9.083891868591309
2017-06-28,8.983612060546875
2017-06-29,9.154926300048828
2017-06-30,9.209245681762695
2017-07-03,9.309531211853027
2017-07-04,9.455774307250977
2017-07-05,9.276102066040039
2017-07-06,9.06717586517334
2017-07-07,9.24267292022705
2017-07-10,9.593659400939941
2017-07-11,9.576949119567871
2017-07-12,9.589482307434082
2017-07-13,9.744085311889648
2017-07-14,9.539339065551758
2017-07-17,9.455774307250977
2017-07-18,9.443239212036133
2017-07-19,9.409810066223145
2017-07-20,9.443239212036133
2017-07-21,9.518447875976562
2017-07-24,9.606196403503418
2017-07-25,9.773331642150879
2017-07-26,9.673052787780762
2017-07-27,9.794224739074707
2017-07-28,9.71065902709961
2017-07-31,9.702300071716309
2017-08-01,9.881973266601562
2017-08-02,9.693946838378906
2017-08-03,9.777509689331055
2017-08-04,9.923758506774902
2017-08-07,10.095074653625488
2017-08-08,9.923758506774902
2017-08-09,9.9613618850708
2017-08-10,9.777509689331055
2017-08-11,9.681410789489746
2017-08-14,9.581127166748047
2017-08-15,9.639625549316406
2017-08-16,9.568592071533203
2017-08-17,9.569802284240723
2017-08-18,9.569802284240723
2017-08-21,9.485485076904297
2017-08-22,9.65411376953125
2017-08-23,9.70048999786377
2017-08-24,9.569802284240723
2017-08-25,9.611954689025879
2017-08-28,9.65411376953125
2017-08-29,9.569802284240723
2017-08-30,9.401167869567871
2017-08-31,9.485485076904297
2017-09-01,9.843828201293945
2017-09-04,9.675191879272461
2017-09-05,9.725783348083496
2017-09-06,9.603523254394531
2017-09-07,9.603523254394531
2017-09-08,9.696273803710938
2017-09-11,9.780588150024414
2017-09-12,9.71313762664795
2017-09-13,9.70048999786377
2017-09-14,9.70048999786377
2017-09-15,9.835393905639648
2017-09-18,9.822745323181152
2017-09-19,9.557150840759277
2017-09-20,9.569802284240723
2017-09-21,9.430678367614746
2017-09-22,9.455970764160156
2017-09-25,9.329501152038574
2017-09-26,9.14822006225586
2017-09-27,9.14822006225586
2017-09-28,9.190380096435547
2017-09-29,9.38008975982666
2017-10-02,9.418033599853516
2017-10-03,9.422246932983398
2017-10-04,9.363224983215332
2017-10-05,9.662549018859863
2017-10-06,9.611954689025879
2017-10-09,9.464406967163086
2017-10-10,9.422246932983398
2017-10-11,9.489701271057129
2017-10-12,9.489701271057129
2017-10-13,9.472837448120117
2017-10-16,9.232538223266602
2017-10-17,9.2999906539917
2017-10-18,9.295774459838867
2017-10-19,9.14822006225586
2017-10-20,9.14822006225586
2017-10-23,9.076554298400879
2017-10-24,9.01331901550293
2017-10-25,8.958513259887695
2017-10-26,8.730860710144043
2017-10-27,8.726646423339844
2017-10-30,8.642330169677734
2017-10-31,8.642330169677734
2017-11-01,8.579092979431152
2017-11-02,8.579092979431152
2017-11-03,8.714001655578613
2017-11-06,8.739291191101074
2017-11-07,8.553799629211426
2017-11-08,8.532720565795898
2017-11-09,8.545368194580078
2017-11-10,8.600173950195312
2017-11-13,8.570663452148438
2017-11-14,8.343011856079102
2017-11-15,8.343011856079102
2017-11-16,8.600173950195312
2017-11-17,8.714807510375977
2017-11-20,8.714807510375977
2017-11-21,8.78742790222168
2017-11-22,8.82160472869873
2017-11-23,8.842965126037598
2017-11-24,9.035202026367188
2017-11-27,9.218896865844727
2017-11-28,9.355598449707031
2017-11-29,9.270159721374512
2017-11-30,9.090738296508789
2017-12-01,8.979666709899902
2017-12-04,9.026660919189453
2017-12-05,9.026660919189453
2017-12-06,8.8899564743042
2017-12-07,8.757525444030762
2017-12-08,8.881410598754883
2017-12-11,8.80878734588623
2017-12-12,9.112100601196289
2017-12-13,8.9284029006958
2017-12-14,8.954034805297852
2017-12-15,8.88568115234375
2017-12-18,8.868597030639648
2017-12-19,8.699914932250977
2017-12-20,8.873051643371582
2017-12-21,8.899020195007324
2017-12-22,8.99856948852539
2017-12-25,8.99856948852539
2017-12-26,9.13275146484375
2017-12-27,9.115438461303711
2017-12-28,9.2366304397583
2017-12-29,9.2366304397583
2018-01-02,9.288569450378418
2018-01-03,9.301555633544922
2018-01-04,9.154390335083008
2018-01-05,9.197673797607422
2018-01-08,9.154390335083008
2018-01-09,8.985586166381836
2018-01-10,8.864395141601562
2018-01-11,8.799468040466309
2018-01-12,8.799468040466309
2018-01-15,8.894693374633789
2018-01-16,8.842751502990723
2018-01-17,8.873051643371582
2018-01-18,8.808124542236328
2018-01-19,8.799468040466309
2018-01-22,8.84708309173584
2018-01-23,8.795137405395508
2018-01-24,8.907676696777344
2018-01-25,8.907676696777344
2018-01-26,8.85573673248291
2018-01-29,8.85573673248291
2018-01-30,8.808124542236328
2018-01-31,8.721556663513184
2018-02-01,8.78215503692627
2018-02-02,8.769172668457031
2018-02-05,8.673948287963867
2018-02-06,8.717236518859863
2018-02-07,8.725890159606934
2018-02-08,8.561416625976562
2018-02-09,8.505145072937012
2018-02-14,8.825439453125
2018-02-15,8.916337966918945
2018-02-16,8.93797492980957
2018-02-19,8.842751502990723
2018-02-20,8.994245529174805
2018-02-21,9.089466094970703
2018-02-22,9.067826271057129
2018-02-23,9.093793869018555
2018-02-26,9.262600898742676
2018-02-27,9.167373657226562
2018-02-28,8.873051643371582
2018-03-01,8.851408958435059
2018-03-02,9.002898216247559
2018-03-05,8.903348922729492
2018-03-06,8.851408958435059
2018-03-07,8.851408958435059
2018-03-08,8.851408958435059
2018-03-09,8.959619522094727
2018-03-12,9.041853904724121
2018-03-13,8.959619522094727
2018-03-14,8.916337966918945
2018-03-15,8.916337966918945
2018-03-16,9.002898216247559
2018-03-19,8.968274116516113
2018-03-20,8.821109771728516
2018-03-21,8.743204116821289
2018-03-22,8.790812492370605
2018-03-23,9.037527084350586
2018-03-26,9.089466094970703
2018-03-27,9.21065902709961
2018-03-28,9.232305526733398
2018-03-29,9.405435562133789
2018-04-02,9.310211181640625
2018-04-03,9.357823371887207
2018-04-04,9.487672805786133
2018-04-05,9.401105880737305
2018-04-06,9.193345069885254
2018-04-09,8.873051643371582
2018-04-10,8.93797492980957
2018-04-11,9.002898216247559
2018-04-12,8.98991584777832
2018-04-13,8.873051643371582
2018-04-16,8.873051643371582
2018-04-17,9.015884399414062
2018-04-18,9.02021312713623
2018-04-19,8.942304611206055
2018-04-20,9.150063514709473
2018-04-23,9.076480865478516
2018-04-24,9.085139274597168
2018-04-25,9.158717155456543
2018-04-26,9.054842948913574
2018-04-27,9.219313621520996
2018-04-30,9.214988708496094
2018-05-02,9.189017295837402
2018-05-03,9.0927734375
2018-05-04,8.937908172607422
2018-05-07,9.075075149536133
2018-05-08,8.982157707214355
2018-05-09,8.893662452697754
2018-05-10,9.1104736328125
2018-05-11,9.026405334472656
2018-05-14,9.030826568603516
2018-05-15,8.721822738647461
2018-05-16,8.790681838989258
2018-05-17,8.712642669677734
2018-05-18,8.630014419555664
2018-05-21,8.616247177124023
2018-05-22,8.928391456604004
2018-05-23,8.675919532775879
2018-05-24,8.602473258972168
2018-05-25,8.597882270812988
2018-05-28,8.304092407226562
2018-05-29,8.501483917236328
2018-05-30,8.83199405670166
2018-06-01,9.084465980529785
2018-06-04,9.052332878112793
2018-06-05,8.983478546142578
2018-06-06,8.896259307861328
2018-06-07,8.776909828186035
2018-06-08,8.698871612548828
2018-06-11,8.76313591003418
2018-06-12,8.648375511169434
2018-06-13,8.740184783935547
2018-06-14,8.744775772094727
2018-06-15,8.726414680480957
2018-06-18,8.726414680480957
2018-06-19,8.675919532775879
2018-06-20,8.799861907958984
2018-06-21,8.570338249206543
2018-06-22,8.565749168395996
2018-06-25,8.652968406677246
2018-06-26,8.648375511169434
2018-06-27,8.533616065979004
2018-06-28,8.524434089660645
2018-06-29,8.584110260009766
2018-07-02,8.648375511169434
2018-07-03,8.731005668640137
2018-07-04,9.056926727294922
2018-07-05,9.033973693847656
2018-07-06,9.061517715454102
2018-07-10,9.089057922363281
2018-07-11,8.937572479248047
2018-07-12,8.88708209991455
2018-07-13,8.983478546142578
2018-07-16,9.176278114318848
2018-07-17,9.20841121673584
2018-07-18,9.194637298583984
2018-07-19,9.11201286315918
2018-07-20,9.061517715454102
2018-07-23,8.974295616149902
2018-07-24,9.089057922363281
2018-07-25,9.3048095703125
2018-07-26,9.23136043548584
2018-07-27,9.23136043548584
2018-07-30,9.22677230834961
2018-07-31,9.277266502380371
2018-08-01,9.286447525024414
2018-08-02,9.235952377319336
2018-08-03,9.346121788024902
2018-08-06,9.327760696411133
2018-08-07,9.22677230834961
2018-08-08,9.3048095703125
2018-08-09,9.254315376281738
2018-08-10,9.121289253234863
2018-08-13,9.21061897277832
2018-08-14,9.544442176818848
2018-08-15,9.661983489990234
2018-08-16,9.793630599975586
2018-08-17,9.591458320617676
2018-08-20,9.473918914794922
2018-08-21,9.285847663879395
2018-08-22,9.488021850585938
2018-08-23,9.35637378692627
2018-08-24,9.215320587158203
2018-08-27,9.370477676391602
2018-08-28,9.346968650817871
2018-08-29,9.40809440612793
2018-08-30,9.276443481445312
2018-08-31,9.450407028198242
2018-09-03,9.384583473205566
2018-09-04,9.252937316894531
2018-09-05,9.309356689453125
2018-09-06,9.285847663879395
2018-09-10,9.323461532592773
2018-09-11,9.125991821289062
2018-09-12,9.191814422607422
2018-09-13,9.093077659606934
2018-09-14,9.09778118133545
2018-09-17,9.14479923248291
2018-09-18,9.088377952575684
2018-09-19,9.121289253234863
2018-09-20,9.215320587158203
2018-09-21,9.365777015686035
2018-09-24,9.21061897277832
2018-09-25,9.121289253234863
2018-09-26,9.309356689453125
2018-09-27,9.318760871887207
2018-09-28,9.403389930725098
2018-10-01,9.276443481445312
2018-10-02,9.567948341369629
2018-10-03,9.868857383728027
2018-10-04,10.085135459899902
2018-10-05,10.047521591186523
2018-10-08,10.155660629272461
2018-10-09,10.17917251586914
2018-10-10,9.967595100402832
2018-10-11,9.967595100402832
2018-10-15,10.301412582397461
2018-10-16,10.343728065490723
2018-10-17,10.353135108947754
2018-10-18,10.390745162963867
2018-10-19,10.343728065490723
2018-10-22,10.343728065490723
2018-10-23,10.329622268676758
2018-10-24,10.296711921691895
2018-10-25,10.357836723327637
2018-10-26,10.5412015914917
2018-10-29,10.470674514770508
2018-10-30,10.50828742980957
2018-10-31,10.465974807739258
2018-11-01,10.555306434631348
2018-11-05,10.813899040222168
2018-11-06,10.809197425842285
2018-11-07,10.842110633850098
2018-11-08,10.56941032409668
2018-11-09,10.743371963500977
2018-11-12,10.860602378845215
2018-11-13,10.821784019470215
2018-11-14,10.909130096435547
2018-11-16,11.064419746398926
2018-11-19,11.040157318115234
2018-11-21,10.913984298706055
2018-11-22,11.040157318115234
2018-11-23,10.821784019470215
2018-11-26,10.661637306213379
2018-11-27,10.977069854736328
2018-11-28,10.991630554199219
2018-11-29,10.991630554199219
2018-11-30,10.909130096435547
2018-12-03,10.928542137145996
2018-12-04,11.025599479675293
2018-12-05,11.166328430175781
2018-12-06,11.098390579223633
2018-12-07,10.7732515335083
2018-12-10,10.802370071411133
2018-12-11,11.088685035705566
2018-12-12,11.438089370727539
2018-12-13,11.506026268005371
2018-12-14,11.704991340637207
2018-12-17,11.45265007019043
2018-12-18,11.254833221435547
2018-12-19,11.096871376037598
2018-12-20,11.180791854858398
2018-12-21,11.541143417358398
2018-12-26,11.491780281066895
2018-12-27,11.506584167480469
2018-12-28,11.649742126464844
2019-01-02,11.95085620880127
2019-01-03,11.985411643981934
2019-01-04,12.459299087524414
2019-01-07,12.251975059509277
2019-01-08,12.24209976196289
2019-01-09,12.24209976196289
2019-01-10,12.340829849243164
2019-01-11,12.582703590393066
2019-01-14,12.597515106201172
2019-01-15,12.414871215820312
2019-01-16,12.469171524047852
2019-01-17,12.370448112487793
2019-01-18,12.538283348083496
2019-01-21,12.469171524047852
2019-01-22,12.538283348083496
2019-01-23,12.513604164123535
2019-01-24,12.760416030883789
2019-01-28,12.617260932922363
2019-01-29,12.740671157836914
2019-01-30,12.671561241149902
2019-01-31,12.696244239807129
2019-02-01,12.696244239807129
2019-02-04,12.740671157836914
2019-02-05,12.957869529724121
2019-02-06,12.493853569030762
2019-02-07,12.479045867919922
2019-02-08,12.740671157836914
2019-02-11,12.582703590393066
2019-02-12,12.48891830444336
2019-02-13,12.577773094177246
2019-02-14,12.711052894592285
2019-02-15,12.715986251831055
2019-02-18,12.666626930236816
2019-02-19,12.839401245117188
2019-02-20,12.681436538696289
2019-02-21,12.37537956237793
2019-02-22,12.404997825622559
2019-02-25,12.365510940551758
2019-02-26,12.370448112487793
2019-02-27,12.479045867919922
2019-02-28,12.326020240783691
2019-03-01,12.227291107177734
2019-03-06,12.202609062194824
2019-03-07,12.089075088500977
2019-03-08,12.321083068847656
2019-03-11,12.607389450073242
2019-03-12,12.824591636657715
2019-03-13,12.92331314086914
2019-03-14,12.8295259475708
2019-03-15,12.888761520385742
2019-03-18,12.947994232177734
2019-03-19,12.8295259475708
2019-03-20,12.666626930236816
2019-03-21,12.3062744140625
2019-03-22,12.07426643371582
2019-03-25,12.187803268432617
2019-03-26,12.217418670654297
2019-03-27,11.896559715270996
2019-03-28,12.202609062194824
2019-03-29,12.261847496032715
2019-04-01,12.28159236907959
2019-04-02,12.24209976196289
2019-04-03,12.177929878234863
2019-04-04,12.227291107177734
2019-04-05,12.562965393066406
2019-04-08,12.720924377441406
2019-04-09,12.64194107055664
2019-04-10,12.706114768981934
2019-04-11,12.538283348083496
2019-04-12,12.326020240783691
2019-04-15,12.597515106201172
2019-04-16,12.681436538696289
2019-04-17,12.651819229125977
2019-04-18,12.844334602355957
2019-04-22,12.977618217468262
2019-04-23,12.908502578735352
2019-04-24,12.987489700317383
2019-04-25,12.888761520385742
2019-04-26,12.834460258483887
2019-04-29,12.908502578735352
2019-04-30,12.957869529724121
2019-05-02,13.056593894958496
2019-05-03,12.933187484741211
2019-05-06,12.891434669494629
2019-05-07,12.951045036315918
2019-05-08,13.110016822814941
2019-05-09,13.085176467895508
2019-05-10,12.911301612854004
2019-05-13,12.608267784118652
2019-05-14,12.767241477966309
2019-05-15,12.469170570373535
2019-05-16,12.320135116577148
2019-05-17,12.041939735412598
2019-05-20,12.509782791137695
2019-05-21,12.59019947052002
2019-05-22,12.630404472351074
2019-05-23,12.685690879821777
2019-05-24,12.615327835083008
2019-05-27,12.660561561584473
2019-05-28,12.936990737915039
2019-05-29,12.866626739501953
2019-05-30,12.901810646057129
2019-05-31,13.334050178527832
2019-06-03,13.288816452026367
2019-06-04,13.344100952148438
2019-06-05,13.39938735961914
2019-06-06,13.67581844329834
2019-06-07,13.796442985534668
2019-06-10,13.771310806274414
2019-06-11,13.61550521850586
2019-06-12,13.494882583618164
2019-06-13,13.50493335723877
2019-06-14,13.359180450439453
2019-06-17,13.3189697265625
2019-06-18,13.419493675231934
2019-06-19,13.545141220092773
2019-06-21,13.484833717346191
2019-06-24,13.645661354064941
2019-06-25,13.46975326538086
2019-06-26,13.555191040039062
2019-06-27,13.620532035827637
2019-06-28,13.650691032409668
2019-07-01,13.771310806274414
2019-07-02,13.771310806274414
2019-07-03,13.907013893127441
2019-07-04,13.962301254272461
2019-07-05,14.08795166015625
2019-07-08,14.243759155273438
2019-07-10,14.419670104980469
2019-07-11,14.555374145507812
2019-07-12,14.314126968383789
2019-07-15,14.08795166015625
2019-07-16,13.98240852355957
2019-07-17,14.012561798095703
2019-07-18,14.148263931274414
2019-07-19,14.153290748596191
2019-07-22,14.283967971801758
2019-07-23,14.288996696472168
2019-07-24,14.263866424560547
2019-07-25,14.123136520385742
2019-07-26,14.012561798095703
2019-07-29,13.912041664123535
2019-07-30,14.057794570922852
2019-07-31,13.98240852355957
2019-08-01,14.228680610656738
2019-08-02,14.223658561706543
2019-08-05,14.077901840209961
2019-08-06,14.469927787780762
2019-08-07,14.419670104980469
2019-08-08,14.525212287902832
2019-08-09,14.562337875366211
2019-08-12,14.582954406738281
2019-08-13,14.835540771484375
2019-08-14,14.469549179077148
2019-08-15,14.227274894714355
2019-08-16,14.227274894714355
2019-08-19,14.113866806030273
2019-08-20,13.917984962463379
2019-08-21,14.19118881225586
2019-08-22,14.26335620880127
2019-08-23,14.041699409484863
2019-08-26,13.835508346557617
2019-08-27,14.088092803955078
2019-08-28,14.129327774047852
2019-08-29,14.299440383911133
2019-08-30,14.485013008117676
2019-09-02,14.423154830932617
2019-09-03,14.433466911315918
2019-09-04,14.691205024719238
2019-09-05,14.639654159545898
2019-09-06,14.619040489196777
2019-09-09,14.485013008117676
2019-09-10,14.371603965759277
2019-09-11,14.7839937210083
2019-09-12,14.948946952819824
2019-09-13,14.773683547973633
2019-09-16,14.686050415039062
2019-09-17,14.866467475891113
2019-09-18,14.948946952819824
2019-09-19,15.129362106323242
2019-09-20,14.918017387390137
2019-09-23,14.851004600524902
2019-09-24,14.768527030944824
2019-09-25,14.701515197753906
2019-09-26,14.54171371459961
2019-09-27,14.588111877441406
2019-09-30,14.845850944519043
2019-10-01,14.768527030944824
2019-10-02,14.40769100189209
2019-10-03,14.531405448913574
2019-10-04,14.536563873291016
2019-10-07,14.119020462036133
2019-10-08,14.14995288848877
2019-10-09,14.1757230758667
2019-10-10,14.134488105773926
2019-10-11,14.418002128601074
2019-10-14,14.469549179077148
2019-10-15,14.33552360534668
2019-10-16,14.314908981323242
2019-10-17,14.345832824707031
2019-10-18,14.464393615722656
2019-10-21,14.490168571472168
2019-10-22,14.567487716674805
2019-10-23,14.526248931884766
2019-10-24,14.464393615722656
2019-10-25,14.304593086242676
2019-10-28,14.433466911315918
2019-10-29,14.381916046142578
2019-10-30,14.613885879516602
2019-10-31,14.794302940368652
2019-11-01,14.778840065002441
2019-11-04,14.851004600524902
2019-11-05,14.845850944519043
2019-11-06,14.727285385131836
2019-11-07,14.851004600524902
2019-11-08,14.696362495422363
2019-11-11,14.479856491088867
2019-11-12,14.490168571472168
2019-11-13,14.629348754882812
2019-11-14,14.515941619873047
2019-11-18,14.567487716674805
2019-11-19,14.562337875366211
2019-11-21,14.620933532714844
2019-11-22,14.715531349182129
2019-11-25,14.64195442199707
2019-11-26,14.64720344543457
2019-11-27,14.694510459899902
2019-11-28,14.783851623535156
2019-11-29,14.852173805236816
2019-12-02,15.015091896057129
2019-12-03,15.109696388244629
2019-12-04,15.083420753479004
2019-12-05,15.230573654174805
2019-12-06,15.209551811218262
2019-12-09,15.388237953186035
2019-12-10,15.514373779296875
2019-12-11,15.530141830444336
2019-12-12,15.714083671569824
2019-12-13,15.840215682983398
2019-12-16,15.976863861083984
2019-12-17,15.876627922058105
2019-12-18,16.08281707763672
2019-12-19,16.204418182373047
2019-12-20,16.024660110473633
2019-12-23,16.109254837036133
2019-12-26,16.347166061401367
2019-12-27,16.283721923828125
2019-12-30,16.421180725097656
2020-01-02,16.304868698120117
2020-01-03,16.283721923828125
2020-01-06,16.384172439575195
2020-01-07,16.18855857849121
2020-01-08,16.024660110473633
2020-01-09,15.823762893676758
2020-01-10,16.098678588867188
2020-01-13,16.1779842376709
2020-01-14,16.14626121520996
2020-01-15,16.2625732421875
2020-01-16,16.22556495666504
2020-01-17,16.55864143371582
2020-01-20,16.918149948120117
2020-01-21,16.881145477294922
2020-01-22,16.854705810546875
2020-01-23,17.002742767333984
2020-01-24,16.8917179107666
2020-01-27,16.733110427856445
2020-01-28,16.844131469726562
2020-01-29,16.812414169311523
2020-01-30,16.521635055541992
2020-01-31,16.458192825317383
2020-02-03,16.51634979248047
2020-02-04,16.50577163696289
2020-02-05,16.532207489013672
2020-02-06,16.33130645751953
2020-02-07,16.140975952148438
2020-02-10,15.770891189575195
2020-02-11,16.230854034423828
2020-02-12,16.59564781188965
2020-02-13,16.479339599609375
2020-02-14,16.40532112121582
2020-02-17,16.648521423339844
2020-02-18,16.47405242919922
2020-02-19,16.637948989868164
2020-02-20,16.204418182373047
2020-02-21,16.25728988647461
2020-02-26,15.612282752990723
2020-02-27,15.90306282043457
2020-02-28,15.527697563171387
2020-03-02,15.987652778625488
2020-03-03,15.982369422912598
2020-03-04,16.463476181030273
2020-03-05,15.807899475097656
2020-03-06,15.6069974899292
2020-03-09,15.332075119018555
2020-03-10,16.014089584350586
2020-03-11,15.728593826293945
2020-03-12,14.78752613067627
2020-03-13,15.24748706817627
2020-03-16,14.174239158630371
2020-03-17,14.560186386108398
2020-03-18,13.899320602416992
2020-03-19,13.724848747253418
2020-03-20,13.78300666809082
2020-03-23,12.974109649658203
2020-03-24,13.243743896484375
2020-03-25,13.333620071411133
2020-03-26,13.746001243591309
2020-03-27,13.465789794921875
2020-03-30,13.360052108764648
2020-03-31,13.597967147827148
2020-04-01,13.434072494506836
2020-04-02,13.93104362487793
2020-04-03,14.010345458984375
2020-04-06,14.32756233215332
2020-04-07,14.274688720703125
2020-04-08,14.295841217041016
2020-04-09,14.221824645996094
2020-04-13,14.274688720703125
2020-04-14,14.53903579711914
2020-04-15,14.49674129486084
2020-04-16,14.279977798461914
2020-04-17,14.158380508422852
2020-04-20,14.195388793945312
2020-04-22,14.639491081237793
2020-04-23,14.79280948638916
2020-04-24,14.375143051147461
2020-04-27,14.866827011108398
2020-04-28,14.961997985839844
2020-04-29,14.644773483276367
2020-04-30,14.53903579711914
2020-05-04,14.48616886138916
2020-05-05,14.618340492248535
2020-05-06,14.591906547546387
2020-05-07,14.288199424743652
2020-05-08,14.394628524780273
2020-05-11,14.15516471862793
2020-05-12,14.022123336791992
2020-05-13,14.117910385131836
2020-05-14,14.368022918701172
2020-05-15,14.31480598449707
2020-05-18,14.79905891418457
2020-05-19,14.815027236938477
2020-05-20,14.788664817810059
2020-05-21,15.241764068603516
2020-05-22,15.247220993041992
2020-05-25,15.56930923461914
2020-05-26,15.443750381469727
2020-05-27,15.492879867553711
2020-05-28,15.558391571044922
2020-05-29,15.694862365722656
2020-06-01,15.814967155456543
2020-06-02,15.831344604492188
2020-06-03,15.673032760620117
2020-06-04,15.427376747131348
2020-06-05,15.793129920959473
2020-06-08,15.798593521118164
2020-06-09,15.727622985839844
2020-06-10,15.858638763427734
2020-06-12,15.552933692932129
2020-06-15,15.498337745666504
2020-06-16,15.471051216125488
2020-06-17,15.820425033569336
2020-06-18,15.760377883911133
2020-06-19,15.814967155456543
2020-06-22,15.744000434875488
2020-06-23,15.580228805541992
2020-06-24,15.389158248901367
2020-06-25,15.449206352233887
2020-06-26,15.296353340148926
2020-06-29,15.651195526123047
2020-06-30,15.542012214660645
2020-07-01,15.558391571044922
2020-07-02,15.509259223937988
2020-07-03,15.50379753112793
2020-07-06,15.54747200012207
2020-07-07,15.536554336547852
2020-07-08,15.667571067810059
2020-07-09,15.585686683654785
2020-07-10,15.552933692932129
2020-07-13,15.531092643737793
2020-07-14,15.487422943115234
2020-07-15,15.465585708618164
2020-07-16,15.350944519042969
2020-07-17,15.416454315185547
2020-07-20,15.460125923156738
2020-07-21,15.427376747131348
2020-07-22,15.471051216125488
2020-07-23,15.378239631652832
2020-07-24,15.514719009399414
2020-07-27,15.63481616973877
2020-07-28,15.869558334350586
2020-07-29,15.798593521118164
2020-07-30,15.940526008605957
2020-07-31,15.847724914550781
2020-08-03,15.640274047851562
2020-08-04,15.623899459838867
2020-08-05,15.514719009399414
2020-08-06,15.771296501159668
2020-08-07,15.700328826904297
2020-08-10,15.793129920959473
2020-08-11,15.640274047851562
2020-08-12,15.465585708618164
2020-08-13,15.760377883911133
2020-08-14,16.022411346435547
2020-08-17,15.967823028564453
2020-08-18,15.912104606628418
2020-08-19,15.985091209411621
2020-08-20,16.086156845092773
2020-08-21,15.900871276855469
2020-08-24,15.861567497253418
2020-08-25,15.928943634033203
2020-08-26,15.867185592651367
2020-08-27,15.861567497253418
2020-08-28,15.945788383483887
2020-08-31,15.872796058654785
2020-09-01,16.03000831604004
2020-09-02,16.046852111816406
2020-09-03,15.906484603881836
2020-09-04,15.92332935333252
2020-09-08,16.147918701171875
2020-09-09,16.417423248291016
2020-09-10,16.119844436645508
2020-09-11,15.934558868408203
2020-09-14,16.05808448791504
2020-09-15,16.035625457763672
2020-09-16,16.119844436645508
2020-09-17,16.069313049316406
2020-09-18,15.878408432006836
2020-09-21,15.906484603881836
2020-09-22,15.906484603881836
2020-09-23,15.839110374450684
2020-09-24,16.001937866210938
2020-09-25,15.889641761779785
2020-09-28,15.687514305114746
2020-09-29,15.72120475769043
2020-09-30,15.69874095916748
2020-10-01,15.788578033447266
2020-10-02,15.72681713104248
2020-10-05,15.760506629943848
2020-10-06,15.732430458068848
2020-10-07,15.788578033447266
2020-10-08,15.788578033447266
2020-10-09,15.72120475769043
2020-10-13,15.70997142791748
2020-10-14,15.754888534545898
2020-10-15,15.72681713104248
2020-10-16,15.906484603881836
2020-10-19,15.979479789733887
2020-10-20,16.147918701171875
2020-10-21,16.063701629638672
2020-10-22,16.074928283691406
2020-10-23,16.04123878479004
2020-10-26,16.063701629638672
2020-10-27,16.159149169921875
2020-10-28,16.013166427612305
2020-10-29,15.979479789733887
2020-10-30,15.805419921875
2020-11-03,15.889641761779785
2020-11-04,16.321975708007812
2020-11-05,16.563411712646484
2020-11-06,16.900293350219727
2020-11-09,17.0855712890625
2020-11-10,17.1585693359375
2020-11-11,17.209102630615234
2020-11-12,17.680734634399414
2020-11-13,18.332042694091797
2020-11-16,18.71946144104004
2020-11-17,18.761571884155273
2020-11-18,18.978164672851562
2020-11-19,19.2591495513916
2020-11-23,18.89035415649414
2020-11-24,19.019140243530273
2020-11-25,19.29427146911621
2020-11-26,19.393783569335938
2020-11-27,19.393783569335938
2020-11-30,19.346961975097656
2020-12-01,19.370370864868164
2020-12-02,19.165489196777344
2020-12-03,19.48159408569336
2020-12-04,19.17719268798828
2020-12-07,19.686481475830078
2020-12-08,19.49915885925293
2020-12-09,19.440614700317383
2020-12-10,19.405498504638672
2020-12-11,19.838680267333984
2020-12-14,19.785995483398438
2020-12-15,19.680622100830078
2020-12-16,19.655555725097656
2020-12-17,19.614389419555664
2020-12-18,19.484996795654297
2020-12-21,19.3850154876709
2020-12-22,19.3850154876709
2020-12-23,19.37913703918457
2020-12-28,19.779069900512695
2020-12-29,19.743778228759766
2020-12-30,19.643796920776367
2021-01-04,19.40854263305664
2021-01-05,19.443832397460938
2021-01-06,19.479114532470703
2021-01-07,18.908628463745117
2021-01-08,19.320322036743164
2021-01-11,19.232099533081055
2021-01-12,19.5144100189209
2021-01-13,19.89081573486328
2021-01-14,19.85552215576172
2021-01-15,19.85552215576172
2021-01-18,19.673206329345703
2021-01-19,19.779069900512695
2021-01-20,19.537933349609375
2021-01-21,19.30855941772461
2021-01-22,18.979198455810547
2021-01-26,18.94979476928711
2021-01-27,19.026248931884766
2021-01-28,19.043895721435547
2021-01-29,19.143882751464844
2021-02-01,19.190935134887695
2021-02-02,19.526168823242188
2021-02-03,19.608510971069336
2021-02-04,19.39678192138672
2021-02-05,19.484996795654297
2021-02-08,19.290916442871094
2021-02-09,19.296796798706055
2021-02-10,19.143882751464844
2021-02-11,19.1203556060791
2021-02-12,19.073305130004883
2021-02-17,19.014493942260742
2021-02-18,18.796876907348633
2021-02-19,18.83216667175293
2021-02-22,18.40870475769043
2021-02-23,18.420473098754883
2021-02-24,18.48516273498535
2021-02-25,18.12639808654785
2021-02-26,18.091114044189453
2021-03-01,17.885269165039062
2021-03-02,17.926433563232422
2021-03-03,17.93819808959961
2021-03-04,19.038009643554688
2021-03-05,19.014493942260742
2021-03-08,18.655729293823242
2021-03-09,19.31443977355957
2021-03-10,19.532047271728516
2021-03-11,19.490880966186523
2021-03-12,19.432065963745117
2021-03-15,19.879053115844727
2021-03-16,20.184886932373047
2021-03-17,20.990631103515625
2021-03-18,20.67892074584961
2021-03-19,21.0788516998291
2021-03-22,21.055326461791992
2021-03-23,21.249412536621094
2021-03-24,21.014158248901367
2021-03-25,21.043563842773438
2021-03-26,21.231767654418945
2021-03-29,22.566837310791016
2021-03-30,23.049114227294922
2021-03-31,22.89031410217285
2021-04-01,22.28453826904297
2021-04-05,22.737401962280273
2021-04-06,22.86091423034668
2021-04-07,23.29024887084961
2021-04-08,23.337295532226562
2021-04-09,22.878557205200195
2021-04-12,23.01970672607422
2021-04-13,23.02558708190918
2021-04-14,23.13145637512207
2021-04-15,23.07263946533203
2021-04-16,23.613723754882812
2021-04-19,24.007780075073242
2021-04-20,24.101879119873047
2021-04-22,24.090116500854492
2021-04-23,23.92544174194336
2021-04-26,23.996017456054688
2021-04-27,23.92544174194336
2021-04-28,23.872507095336914
2021-04-29,24.084232330322266
2021-04-30,24.58415412902832
2021-05-03,24.860578536987305
2021-05-04,24.819412231445312
2021-05-05,24.526479721069336
2021-05-06,23.969757080078125
2021-05-07,23.853517532348633
2021-05-10,23.345731735229492
2021-05-11,23.39468002319336
2021-05-12,22.868541717529297
2021-05-13,23.30902671813965
2021-05-14,24.538713455200195
2021-05-17,24.856842041015625
2021-05-18,24.899675369262695
2021-05-19,24.83914566040039
2021-05-20,24.921415328979492
2021-05-21,25.010013580322266
2021-05-24,25.307451248168945
2021-05-25,25.20619773864746
2021-05-26,25.155567169189453
2021-05-27,24.99735450744629
2021-05-28,24.744218826293945
2021-05-31,24.516401290893555
2021-06-01,25.022674560546875
2021-06-02,24.972043991088867
2021-06-04,25.313777923583984
2021-06-07,25.50363540649414
2021-06-08,25.32644271850586
2021-06-09,25.2947940826416
2021-06-10,25.598562240600586
2021-06-11,25.263153076171875
2021-06-14,25.630203247070312
2021-06-15,25.750444412231445
2021-06-16,25.256824493408203
2021-06-17,25.136587142944336
2021-06-18,25.427692413330078
2021-06-21,24.978368759155273
2021-06-22,24.70625114440918
2021-06-23,24.370840072631836
2021-06-24,24.25693130493164
2021-06-25,23.85824203491211
2021-06-28,23.940507888793945
2021-06-29,23.624082565307617
2021-06-30,23.351964950561523
2021-07-01,23.193748474121094
2021-07-02,23.674718856811523
2021-07-05,23.807607650756836
2021-07-06,23.63673973083496
2021-07-07,24.003793716430664
2021-07-08,23.65572738647461
2021-07-12,23.662059783935547
2021-07-13,23.883554458618164
2021-07-14,24.0860595703125
2021-07-15,24.010116577148438
2021-07-16,24.174657821655273
2021-07-19,24.124032974243164
2021-07-20,24.427799224853516
2021-07-21,24.573352813720703
2021-07-22,24.49740982055664
2021-07-23,24.199974060058594
2021-07-26,23.9278507232666
2021-07-27,23.959495544433594
2021-07-28,24.250600814819336
2021-07-29,24.111371994018555
2021-07-30,24.06707763671875
2021-08-02,25.02899932861328
2021-08-03,24.826492309570312
2021-08-04,24.984703063964844
2021-08-05,24.73155975341797
2021-08-06,24.934070587158203
2021-08-09,25.40870475769043
2021-08-10,25.060638427734375
2021-08-11,25.035327911376953
2021-08-12,24.94672966003418
2021-08-13,24.99735450744629
2021-08-16,25.092283248901367
2021-08-17,25.263153076171875
2021-08-18,25.010013580322266
2021-08-19,25.28213882446289
2021-08-20,25.623870849609375
2021-08-23,25.13025665283203
2021-08-24,25.27581024169922
2021-08-25,25.066974639892578
2021-08-26,24.136686325073242
2021-08-27,24.073400497436523
2021-08-30,24.174657821655273
2021-08-31,23.991130828857422
2021-09-01,24.117706298828125
2021-09-02,23.883554458618164
2021-09-03,24.035432815551758
2021-09-06,23.90886688232422
2021-09-08,23.313993453979492
2021-09-09,23.472204208374023
2021-09-10,23.434232711791992
2021-09-13,23.75065040588379
2021-09-14,24.06707763671875
2021-09-15,23.719011306762695
2021-09-16,23.630416870117188
2021-09-17,23.491186141967773
2021-09-20,23.067184448242188
2021-09-21,23.313993453979492
2021-09-22,23.326644897460938
2021-09-23,23.4405574798584
2021-09-24,23.200077056884766
2021-09-27,23.345632553100586
2021-09-28,23.24437713623047
2021-09-29,23.257036209106445
2021-09-30,22.681148529052734
2021-10-01,22.71278953552246
2021-10-04,22.668493270874023
2021-10-05,22.446998596191406
2021-10-06,22.643178939819336
2021-10-07,22.744428634643555
2021-10-08,23.14945411682129
2021-10-11,23.130462646484375
2021-10-13,23.681039810180664
2021-10-14,23.744325637817383
2021-10-15,23.851911544799805
2021-10-18,24.029104232788086
2021-10-19,23.725339889526367
2021-10-20,23.86456298828125
2021-10-21,23.63673973083496
2021-10-22,23.301332473754883
2021-10-25,23.541810989379883
2021-10-26,23.238056182861328
2021-10-27,23.434232711791992
2021-10-28,23.24437713623047
2021-10-29,23.200077056884766
2021-11-01,23.288679122924805
2021-11-03,23.756982803344727
2021-11-04,23.383604049682617
2021-11-05,23.269691467285156
2021-11-08,23.054527282714844
2021-11-09,23.358293533325195
2021-11-10,23.725339889526367
2021-11-11,23.33297348022461
2021-11-12,23.155780792236328
2021-11-16,22.681148529052734
2021-11-17,22.409021377563477
2021-11-18,22.478635787963867
2021-11-19,22.478635787963867
2021-11-22,22.41534996032715
2021-11-23,22.371051788330078
2021-11-24,22.62418556213379
2021-11-25,22.769744873046875
2021-11-26,22.681148529052734
2021-11-29,23.0418701171875
2021-11-30,22.820371627807617
2021-12-01,22.662158966064453
2021-12-02,23.567129135131836
2021-12-03,23.71268653869629
2021-12-06,24.041765213012695
2021-12-07,23.829599380493164
2021-12-08,23.526371002197266
2021-12-09,23.434085845947266
2021-12-10,23.592294692993164
2021-12-13,23.6054744720459
2021-12-14,23.724130630493164
2021-12-15,24.020761489868164
2021-12-16,24.099870681762695
2021-12-17,24.119640350341797
2021-12-20,23.87574005126953
2021-12-21,23.895519256591797
2021-12-22,23.9152889251709
2021-12-23,23.849380493164062
2021-12-27,23.902109146118164
2021-12-28,23.921884536743164
2021-12-29,23.87574005126953
2021-12-30,23.921884536743164
2022-01-03,24.04713249206543
2022-01-04,24.165782928466797
2022-01-05,23.921884536743164
2022-01-06,23.8691463470459
2022-01-07,23.888931274414062
2022-01-10,23.842784881591797
2022-01-11,23.783456802368164
2022-01-12,23.829599380493164
2022-01-13,23.776866912841797
2022-01-14,23.763683319091797
2022-01-17,23.816421508789062
2022-01-18,23.888931274414062
2022-01-19,24.277849197387695
2022-01-20,24.82497215270996
2022-01-21,25.016132354736328
2022-01-24,25.09523582458496
2022-01-25,25.062280654907227
2022-01-26,24.89089012145996
2022-01-27,24.78542137145996
2022-01-28,24.90407371520996
2022-01-31,25.233671188354492
2022-02-01,24.89089012145996
2022-02-02,24.877708435058594
2022-02-03,25.022727966308594
2022-02-04,24.778831481933594
2022-02-07,24.969987869262695
2022-02-08,24.805198669433594
2022-02-09,24.94363021850586
2022-02-10,24.976587295532227
2022-02-11,24.77223777770996
2022-02-14,24.719505310058594
2022-02-15,24.930442810058594
2022-02-16,24.693132400512695
2022-02-17,24.666765213012695
2022-02-18,24.963397979736328
2022-02-21,25.02931785583496
2022-02-22,25.62258529663086
2022-02-23,26.209260940551758
2022-02-24,26.281774520874023
2022-02-25,25.945594787597656
2022-03-02,26.40042495727539
2022-03-03,26.261999130249023
2022-03-04,27.171680450439453
2022-03-07,26.723426818847656
2022-03-08,26.413610458374023
2022-03-09,26.960739135742188
2022-03-10,27.085987091064453
2022-03-11,26.82889747619629
2022-03-14,26.795936584472656
2022-03-15,27.03324317932129
2022-03-16,27.257366180419922
2022-03-17,27.521047592163086
2022-03-18,27.96270179748535
2022-03-21,27.96929359436035
2022-03-22,28.186824798583984
2022-03-23,28.23296546936035
2022-03-24,28.885562896728516
2022-03-25,29.26789093017578
2022-03-28,29.142641067504883
2022-03-29,28.81964683532715
2022-03-30,28.826242446899414
2022-03-31,29.09650421142578
2022-04-01,29.16901397705078
2022-04-04,29.38654327392578
2022-04-05,29.18219566345215
2022-04-06,28.99762535095215
2022-04-07,29.02399444580078
2022-04-08,29.221750259399414
2022-04-11,29.12286949157715
2022-04-12,29.34699249267578
2022-04-13,29.09650421142578
2022-04-14,29.201969146728516
2022-04-18,29.47882843017578
2022-04-19,29.10309410095215
2022-04-20,29.38654327392578
2022-04-22,29.11627769470215
2022-04-25,29.66999053955078
2022-04-26,29.966629028320312
2022-04-27,30.157794952392578
2022-04-28,29.72272491455078
2022-04-29,29.195377349853516
2022-05-02,28.70758056640625
2022-05-03,29.10309410095215
2022-05-04,29.762279510498047
2022-05-05,29.38654327392578
2022-05-06,29.47882843017578
2022-05-09,29.66999053955078
2022-05-10,28.56697654724121
2022-05-11,27.94837188720703
2022-05-12,28.302852630615234
2022-05-13,28.03178596496582
2022-05-16,28.04568099975586
2022-05-17,28.316749572753906
2022-05-18,28.497472763061523
2022-05-19,28.546125411987305
2022-05-20,28.358461380004883
2022-05-23,28.421016693115234
2022-05-24,29.088268280029297
2022-05-25,28.88670539855957
2022-05-26,28.087385177612305
2022-05-27,27.809358596801758
2022-05-30,27.823259353637695
2022-05-31,28.0665340423584
2022-06-01,27.93447494506836
2022-06-02,28.337602615356445
2022-06-03,28.685134887695312
2022-06-06,28.44881820678711
2022-06-07,28.0804386138916
2022-06-08,28.136037826538086
2022-06-09,28.16383934020996
2022-06-10,28.038738250732422
2022-06-13,28.122135162353516
2022-06-14,28.073484420776367
2022-06-15,28.0804386138916
2022-06-17,27.816314697265625
2022-06-20,27.93447494506836
2022-06-21,27.66339683532715
2022-06-22,27.58694076538086
2022-06-23,27.260263442993164
2022-06-24,27.107345581054688
2022-06-27,27.169902801513672
2022-06-28,27.336727142333984
2022-06-29,26.815425872802734
2022-06-30,26.843229293823242
2022-07-01,27.301969528198242
2022-07-04,26.86408233642578
2022-07-05,26.738967895507812
2022-07-06,26.926637649536133
2022-07-07,27.232460021972656
2022-07-08,27.162954330444336
2022-07-11,27.18381118774414
2022-07-12,27.22551155090332
2022-07-13,27.169902801513672
2022-07-14,27.503536224365234
2022-07-15,27.524383544921875
2022-07-18,27.434024810791016
2022-07-19,27.29501724243164
2022-07-20,27.434024810791016
2022-07-21,27.55913543701172
2022-07-22,27.976177215576172
2022-07-25,28.233352661132812
2022-07-26,28.087385177612305
2022-07-27,28.115184783935547
2022-07-28,28.21249771118164
2022-07-29,28.122135162353516
2022-08-01,28.393213272094727
2022-08-02,28.685134887695312
2022-08-03,28.685134887695312
2022-08-04,29.067419052124023
2022-08-05,29.303735733032227
2022-08-08,29.60261344909668
2022-08-09,29.957096099853516
2022-08-10,29.991849899291992
2022-08-11,29.296791076660156
2022-08-12,29.65127182006836
2022-08-15,30.151714324951172
2022-08-16,29.785465240478516
2022-08-17,30.24591064453125
2022-08-18,30.14518928527832
2022-08-19,29.857406616210938
2022-08-22,29.828630447387695
2022-08-23,29.742290496826172
2022-08-24,29.44011878967285
2022-08-25,29.04442596435547
2022-08-26,28.950891494750977
2022-08-29,29.296226501464844
2022-08-30,29.289033889770508
2022-08-31,29.986907958984375
2022-09-01,30.404186248779297
2022-09-02,30.303470611572266
2022-09-05,30.404186248779297
2022-09-06,30.217132568359375
2022-09-08,30.015684127807617
2022-09-09,29.857406616210938
2022-09-12,29.85021209716797
2022-09-13,29.6055965423584
2022-09-14,29.55523109436035
2022-09-15,29.382566452026367
2022-09-16,29.245866775512695
2022-09-19,29.45451545715332
2022-09-20,29.713518142700195
2022-09-21,29.972515106201172
2022-09-22,30.051664352416992
2022-09-23,30.094829559326172
2022-09-26,29.267454147338867
2022-09-27,28.74225616455078
2022-09-28,28.267410278320312
2022-09-29,27.720624923706055
2022-09-30,28.022794723510742
2022-10-03,28.814191818237305
2022-10-04,28.51921844482422
2022-10-05,28.483245849609375
2022-10-06,28.569580078125
2022-10-07,28.74944496154785
2022-10-10,28.807003021240234
2022-10-11,28.598358154296875
2022-10-13,28.1091251373291
2022-10-14,27.950849533081055
2022-10-17,27.85732078552246
2022-10-18,28.022794723510742
2022-10-19,28.094736099243164
2022-10-20,28.15229606628418
2022-10-21,28.727863311767578
2022-10-24,28.96528434753418
2022-10-25,28.871753692626953
2022-10-26,28.260215759277344
2022-10-27,28.512020111083984
2022-10-28,28.440078735351562
2022-10-31,28.9149227142334
2022-11-01,28.691890716552734
2022-11-03,28.38252067565918
2022-11-04,28.425691604614258
2022-11-07,28.209857940673828
2022-11-08,28.425691604614258
2022-11-09,28.38252067565918
2022-11-10,27.619895935058594
2022-11-11,28.432886123657227
2022-11-14,28.96528434753418
2022-11-16,27.57655906677246
2022-11-17,27.495275497436523
2022-11-18,27.266210556030273
2022-11-21,27.41400146484375
2022-11-22,27.288381576538086
2022-11-23,27.118427276611328
2022-11-24,27.561777114868164
2022-11-25,27.022363662719727
2022-11-28,26.652908325195312
2022-11-29,26.608566284179688
2022-11-30,25.869647979736328
2022-12-01,25.965709686279297
2022-12-02,26.054380416870117
2022-12-05,25.640581130981445
2022-12-06,25.84747886657715
2022-12-07,26.172603607177734
2022-12-08,25.950929641723633
2022-12-09,25.751415252685547
2022-12-12,25.330232620239258
2022-12-13,25.241565704345703
2022-12-14,24.702152252197266
2022-12-15,24.982940673828125
2022-12-16,24.45830535888672
2022-12-19,24.569149017333984
2022-12-20,24.7982120513916
2022-12-21,24.953384399414062
2022-12-22,25.61841583251953
2022-12-23,25.72187042236328
2022-12-26,25.588857650756836
2022-12-27,25.322847366333008
2022-12-28,25.707080841064453
2022-12-29,25.566686630249023
2023-01-02,25.35978889465332
2023-01-03,25.093778610229492
2023-01-04,25.064224243164062
2023-01-05,25.16767120361328
2023-01-06,26.13566017150879
2023-01-09,26.416444778442383
2023-01-10,26.44601058959961
2023-01-11,26.41167640686035
2023-01-12,26.887563705444336
2023-01-13,26.780107498168945
2023-01-16,26.787778854370117
2023-01-17,26.948972702026367
2023-01-18,26.9412899017334
2023-01-19,27.309722900390625
2023-01-20,27.033403396606445
2023-01-23,27.279022216796875
2023-01-24,27.417179107666016
2023-01-25,27.50161361694336
2023-01-26,27.83933448791504
2023-01-27,28.023548126220703
2023-01-30,27.969818115234375
2023-01-31,28.461055755615234
2023-02-01,27.900739669799805
2023-02-02,27.639766693115234
2023-02-03,27.42485237121582
2023-02-06,27.701175689697266
2023-02-07,27.271343231201172
2023-02-08,27.593719482421875
2023-02-09,27.309722900390625
2023-02-10,27.708847045898438
2023-02-13,27.862361907958984
2023-02-14,27.46323013305664
2023-02-15,27.570690155029297
2023-02-16,27.50929069519043
2023-02-17,27.678152084350586
2023-02-22,27.340417861938477
2023-02-23,27.409502029418945
2023-02-24,27.209943771362305
2023-02-27,27.102479934692383
2023-02-28,27.29436683654785
2023-03-01,27.40182876586914
2023-03-02,27.371126174926758
2023-03-03,27.40182876586914
2023-03-06,27.578365325927734
2023-03-07,27.563016891479492
2023-03-08,27.78560447692871
2023-03-09,27.708847045898438
2023-03-10,27.66280174255371
2023-03-13,27.900739669799805
2023-03-14,28.09262466430664
2023-03-15,28.591543197631836
2023-03-16,27.440208435058594
2023-03-17,27.232967376708984
2023-03-20,27.286693572998047
2023-03-21,26.749404907226562
2023-03-22,26.6265926361084
2023-03-23,26.480758666992188
2023-03-24,26.864538192749023
2023-03-27,26.84151268005371
2023-03-28,26.887563705444336
2023-03-29,26.803131103515625
2023-03-30,26.749404907226562
2023-03-31,26.734052658081055
2023-04-03,26.595897674560547
2023-04-04,27.00269889831543
2023-04-05,27.00269889831543
2023-04-06,26.90291404724121
2023-04-10,26.05860137939453
2023-04-11,26.05092430114746
2023-04-12,26.63426971435547
2023-04-13,26.82615852355957
2023-04-14,26.711021423339844
2023-04-17,27.14085578918457
2023-04-18,26.948972702026367
2023-04-19,26.65729331970215
2023-04-20,26.595897674560547
2023-04-24,27.202259063720703
2023-04-25,27.209943771362305
2023-04-26,26.964323043823242
2023-04-27,27.110153198242188
2023-04-28,27.946788787841797
2023-05-02,27.69350242614746
2023-05-03,27.701175689697266
2023-05-04,27.451663970947266
2023-05-05,27.636268615722656
2023-05-08,27.720874786376953
2023-05-09,27.88239860534668
2023-05-10,28.113155364990234
2023-05-11,28.513118743896484
2023-05-12,28.60542106628418
2023-05-15,28.590036392211914
2023-05-16,28.47465705871582
2023-05-17,28.52850341796875
2023-05-18,28.58234405517578
2023-05-19,28.520811080932617
2023-05-22,28.520811080932617
2023-05-23,28.65157127380371
2023-05-24,28.713102340698242
2023-05-25,28.9361629486084
2023-05-26,28.982311248779297
2023-05-29,29.120763778686523
2023-05-30,28.91309356689453
2023-05-31,28.397743225097656
2023-06-01,28.520811080932617
2023-06-02,28.405437469482422
2023-06-05,28.2054500579834
2023-06-06,28.73617935180664
2023-06-07,28.813095092773438
2023-06-09,29.236143112182617
2023-06-12,29.351511001586914
2023-06-13,28.959238052368164
2023-06-14,29.31305503845215
2023-06-15,29.236143112182617
2023-06-16,28.759252548217773
2023-06-19,29.082307815551758
2023-06-20,29.097692489624023
2023-06-21,29.113069534301758
2023-06-22,28.905397415161133
2023-06-23,29.266902923583984
2023-06-26,29.082307815551758
2023-06-27,28.813095092773438
2023-06-28,28.674644470214844
2023-06-29,28.590036392211914
2023-06-30,28.951549530029297
2023-07-03,28.851552963256836
2023-07-04,28.766948699951172
2023-07-05,28.55157470703125
2023-07-06,28.482357025146484
2023-07-07,28.590036392211914
2023-07-10,28.26698875427246
2023-07-11,28.059310913085938
2023-07-12,27.859325408935547
2023-07-13,27.859325408935547
2023-07-14,27.82086181640625
2023-07-17,28.005464553833008
2023-07-18,27.967010498046875
2023-07-19,27.83624839782715
2023-07-20,27.982389450073242
2023-07-21,28.1593017578125
2023-07-24,28.26698875427246
2023-07-25,27.874710083007812
2023-07-26,27.936241149902344
2023-07-27,27.76702117919922
2023-07-28,27.83624839782715
2023-07-31,27.690109252929688
2023-08-01,27.790102005004883
2023-08-02,27.84394073486328
2023-08-03,28.013158798217773
2023-08-04,28.074695587158203
2023-08-07,27.959318161010742
2023-08-08,27.856632232666016
2023-08-09,27.367507934570312
2023-08-10,27.517404556274414
2023-08-11,27.477954864501953
2023-08-14,27.470064163208008
2023-08-15,27.217615127563477
2023-08-16,27.178163528442383
2023-08-17,27.217615127563477
2023-08-18,27.391172409057617
2023-08-21,27.178163528442383
2023-08-22,27.217615127563477
2023-08-23,27.272836685180664
2023-08-24,27.533180236816406
2023-08-25,27.430620193481445
2023-08-28,27.399057388305664
2023-08-29,27.56473731994629
2023-08-30,27.462181091308594
2023-08-31,26.980937957763672
2023-09-01,27.541067123413086
2023-09-04,27.501623153686523
2023-09-05,27.059829711914062
2023-09-06,26.82315444946289
2023-09-08,27.020383834838867
2023-09-11,27.375398635864258
2023-09-12,27.438508987426758
2023-09-13,27.438508987426758
2023-09-14,27.548954010009766
2023-09-15,27.856632232666016
2023-09-18,27.73040771484375
2023-09-19,27.61996078491211
2023-09-20,27.683076858520508
2023-09-21,27.59629249572754
2023-09-22,27.556848526000977
2023-09-25,27.399057388305664
2023-09-26,27.193946838378906
2023-09-27,27.130836486816406
2023-09-28,27.25705909729004
2023-09-29,27.26494598388672
2023-10-02,27.217615127563477
2023-10-03,26.689043045043945
2023-10-04,27.020383834838867
2023-10-05,27.012493133544922
2023-10-06,26.933603286743164
2023-10-09,26.79948616027832
2023-10-10,26.949382781982422
2023-10-11,26.838932037353516
2023-10-13,26.428699493408203
2023-10-16,26.64959144592285
2023-10-17,26.397138595581055
2023-10-18,26.50758934020996
2023-10-19,26.64170265197754
2023-10-20,26.63381004333496
2023-10-23,26.73637580871582
2023-10-24,26.73637580871582
2023-10-25,26.67326545715332
2023-10-26,27.067720413208008
2023-10-27,26.791597366333008
2023-10-30,26.625919342041016
2023-10-31,26.657485961914062
2023-11-01,26.815265655517578
2023-11-03,27.399057388305664
2023-11-06,27.761962890625
2023-11-07,28.243206024169922
2023-11-08,28.17220115661621
2023-11-09,28.124868392944336
2023-11-10,28.424650192260742
2023-11-13,28.61399269104004
2023-11-14,29.186477661132812
2023-11-16,29.066173553466797
2023-11-17,29.034086227416992
2023-11-20,29.09023666381836
2023-11-21,29.074186325073242
2023-11-22,29.322824478149414
2023-11-23,29.539384841918945
2023-11-24,29.395015716552734
2023-11-27,29.45115089416504
2023-11-28,29.290742874145508
2023-11-29,29.194501876831055
2023-11-30,29.242626190185547
2023-12-01,29.266687393188477
2023-12-04,29.210538864135742
2023-12-05,29.30678939819336
2023-12-06,29.122314453125
2023-12-07,28.849618911743164
2023-12-08,28.95388412475586
2023-12-11,28.721288681030273
2023-12-12,28.785457611083984
2023-12-13,29.47521209716797
2023-12-14,29.635622024536133
2023-12-15,29.844160079956055
2023-12-18,29.67572593688965
2023-12-19,30.020610809326172
2023-12-20,29.932382583618164
2023-12-21,29.956439971923828
2023-12-22,30.172990798950195
2023-12-26,30.237159729003906
2023-12-27,30.2852840423584
2023-12-28,30.782556533813477
2024-01-02,30.58204460144043
2024-01-03,30.774532318115234
2024-01-04,30.52303695678711
2024-01-05,30.686256408691406
2024-01-08,30.52303695678711
2024-01-09,30.882123947143555
2024-01-10,30.784196853637695
2024-01-11,30.563838958740234
2024-01-12,30.669939041137695
2024-01-15,30.89028549194336
2024-01-16,30.727067947387695
2024-01-17,30.71074104309082
2024-01-18,30.376134872436523
2024-01-19,30.48222541809082
2024-01-22,30.13129234313965
2024-01-23,30.278194427490234
2024-01-24,30.13129234313965
2024-01-25,30.02519416809082
2024-01-26,30.114971160888672
2024-01-29,30.008874893188477
2024-01-30,29.73139762878418
2024-01-31,29.73139762878418
2024-02-01,30.212905883789062
2024-02-02,29.813005447387695
2024-02-05,29.617137908935547
2024-02-06,29.89461898803711
2024-02-07,30.041521072387695
2024-02-08,29.429426193237305
2024-02-09,29.44575309753418
2024-02-14,29.135622024536133
2024-02-15,29.298851013183594
2024-02-16,29.094818115234375
2024-02-19,28.89078712463379
2024-02-20,28.915273666381836
2024-02-21,28.482728958129883
2024-02-22,28.817331314086914
2024-02-23,28.727561950683594
2024-02-26,28.613300323486328
2024-02-27,28.849979400634766
2024-02-28,28.580659866333008
2024-02-29,28.89078712463379
2024-03-01,28.564334869384766
2024-03-04,28.3929500579834
2024-03-05,28.3929500579834
2024-03-06,28.26236915588379
2024-03-07,28.89078712463379
2024-03-08,28.874462127685547
2024-03-11,28.849979400634766
2024-03-12,28.874462127685547
2024-03-13,28.915273666381836
2024-03-14,28.907106399536133
2024-03-15,28.833660125732422
2024-03-18,28.809173583984375
2024-03-19,29.14378547668457
2024-03-20,29.339651107788086
2024-03-21,29.437591552734375
2024-03-22,29.38861656188965
2024-03-25,29.233558654785156
2024-03-26,29.315170288085938
2024-03-27,29.4212703704834
2024-03-28,29.63345718383789
2024-04-01,29.657939910888672
2024-04-02,29.502883911132812
2024-04-03,29.72323226928711
2024-04-04,29.68242645263672
2024-04-05,29.551849365234375
2024-04-08,29.543682098388672
2024-04-09,29.837486267089844
2024-04-10,29.706911087036133
2024-04-11,29.870132446289062
2024-04-12,29.127456665039062
2024-04-15,29.233558654785156
2024-04-16,29.217235565185547
2024-04-17,29.135622024536133
2024-04-18,29.06216812133789
2024-04-19,29.14378547668457
2024-04-22,29.217235565185547
2024-04-23,28.956077575683594
2024-04-24,28.858142852783203
2024-04-25,28.605148315429688
2024-04-26,28.768367767333984
2024-04-29,28.727561950683594
2024-04-30,28.743881225585938
2024-05-02,29.560007095336914
2024-05-03,29.82932472229004
2024-05-06,29.949684143066406
2024-05-07,29.764394760131836
2024-05-08,30.025487899780273
2024-05-09,29.31801414489746
2024-05-10,29.157991409301758
2024-05-13,29.47803497314453
2024-05-14,29.836578369140625
2024-05-15,29.845102310180664
2024-05-16,29.836578369140625
2024-05-17,29.70870590209961
2024-05-20,30.177570343017578
2024-05-21,30.475934982299805
2024-05-22,30.228715896606445
2024-05-23,29.811006546020508
2024-05-24,30.092321395874023
2024-05-27,29.896251678466797
2024-05-28,29.734281539916992
2024-05-29,29.46148681640625
2024-05-31,29.222795486450195
2024-06-03,29.120500564575195
2024-06-04,29.273950576782227
2024-06-05,28.941486358642578
2024-06-06,28.984107971191406
2024-06-07,28.71983528137207
2024-06-10,28.583438873291016
2024-06-11,28.805086135864258
2024-06-12,28.489673614501953
2024-06-13,28.42999839782715
2024-06-14,28.42999839782715
2024-06-17,28.32769775390625
2024-06-18,28.378847122192383
2024-06-19,28.43852424621582
2024-06-20,28.549348831176758
2024-06-21,28.64311408996582
2024-06-24,28.847707748413086
2024-06-25,28.86475944519043
2024-06-26,28.958534240722656
2024-06-27,29.120500564575195
2024-06-28,29.18017578125
2024-07-01,29.299518585205078
2024-07-02,29.325092315673828
2024-07-03,29.470016479492188
2024-07-04,29.49558448791504
2024-07-05,29.606412887573242
2024-07-08,29.41034507751465
2024-07-09,29.572311401367188
2024-07-10,29.742807388305664
2024-07-11,30.0070743560791
2024-07-12,30.06675148010254
2024-07-15,29.938879013061523
2024-07-16,29.94740104675293
2024-07-17,29.92182159423828
2024-07-18,29.308046340942383
2024-07-19,28.89885902404785
2024-07-22,29.052305221557617
2024-07-23,28.856229782104492
2024-07-24,28.813608169555664
2024-07-25,28.73688316345215
2024-07-26,28.856229782104492
2024-07-29,28.847707748413086
2024-07-30,28.87328338623047
2024-07-31,28.805086135864258
2024-08-01,29.08640480041504
2024-08-02,29.56378936767578
2024-08-05,29.41034507751465
2024-08-06,29.572311401367188
2024-08-07,29.87920570373535
2024-08-08,29.981496810913086
2024-08-09,30.169044494628906
2024-08-12,30.160518646240234
2024-08-13,30.160518646240234
2024-08-14,30.203149795532227
2024-08-15,30.228715896606445
2024-08-16,30.157621383666992
2024-08-19,30.730728149414062
2024-08-20,30.913082122802734
2024-08-21,31.017282485961914
2024-08-22,31.14753532409668
2024-08-23,31.043333053588867
2024-08-26,30.74809455871582
2024-08-27,30.16630744934082
2024-08-28,30.583106994628906
2024-08-29,30.50495719909668
2024-08-30,30.782827377319336
2024-09-02,30.765466690063477
2024-09-03,31.008596420288086
2024-09-04,31.494876861572266
2024-09-05,31.121479034423828
2024-09-06,31.104116439819336
2024-09-09,30.973861694335938
2024-09-10,30.79151153564453
2024-09-11,30.652576446533203
2024-09-12,30.392072677612305
2024-09-13,30.531007766723633
2024-09-16,30.52232551574707
2024-09-17,30.08815574645996
2024-09-18,29.897119522094727
2024-09-19,29.862380981445312
2024-09-20,29.775550842285156
2024-09-23,29.784231185913086
2024-09-24,29.662662506103516
2024-09-25,29.593196868896484
2024-09-26,29.714765548706055
2024-09-27,29.645296096801758
2024-09-30,29.732126235961914
2024-10-01,29.714765548706055
2024-10-02,29.931852340698242
2024-10-03,29.68003273010254
2024-10-04,29.749494552612305
2024-10-07,30.001319885253906
2024-10-08,29.914485931396484
2024-10-09,29.6887149810791
2024-10-10,29.897119522094727
2024-10-11,29.68003273010254
2024-10-14,29.914485931396484
2024-10-15,30.131572723388672
2024-10-16,30.400754928588867
2024-10-17,30.114206314086914
2024-10-18,30.305240631103516
2024-10-21,30.140249252319336
2024-10-22,29.827646255493164
2024-10-23,29.784231185913086
2024-10-24,29.914485931396484
2024-10-25,29.827646255493164
2024-10-28,29.97526741027832
2024-10-29,29.966583251953125
2024-10-30,30.201034545898438
2024-10-31,30.409442901611328
2024-11-01,30.062101364135742
2024-11-04,30.348655700683594
2024-11-05,30.114206314086914
2024-11-06,30.053421020507812
2024-11-07,30.244455337524414
2024-11-08,30.339969635009766
2024-11-11,30.67862892150879
2024-11-12,30.190933227539062
2024-11-13,30.182079315185547
2024-11-14,29.845746994018555
2024-11-18,30.164379119873047
2024-11-19,30.429914474487305
2024-11-21,29.96080207824707
2024-11-22,30.35025405883789
2024-11-25,30.323698043823242
2024-11-26,30.483015060424805
2024-11-27,30.102420806884766
2024-11-28,29.73067855834961
2024-11-29,30.17323112487793
2024-12-02,30.341400146484375
2024-12-03,30.1201229095459
2024-12-04,30.13782501220703
2024-12-05,30.465312957763672
2024-12-06,30.208637237548828
2024-12-09,30.305997848510742
2024-12-10,30.226337432861328
2024-12-11,30.367956161499023
2024-12-12,30.102420806884766
2024-12-13,29.845746994018555
2024-12-16,29.774934768676758
2024-12-17,30.04046630859375
2024-12-18,28.898683547973633
2024-12-19,29.243873596191406
2024-12-20,29.766084671020508
2024-12-23,28.845571517944336
2024-12-26,29.066850662231445
2024-12-27,29.09340476989746
2024-12-30,29.084552764892578
2025-01-02,29.137659072875977
2025-01-03,28.509231567382812
2025-01-06,28.925233840942383
2025-01-07,29.615615844726562
2025-01-08,29.208465576171875
2025-01-09,29.181915283203125
2025-01-10,28.978342056274414
2025-01-13,28.500381469726562
2025-01-14,28.69510269165039
2025-01-15,28.854421615600586
2025-01-16,28.588890075683594
2025-01-17,28.889829635620117
2025-01-20,29.128807067871094
2025-01-21,29.323532104492188
2025-01-22,29.119958877563477
2025-01-23,28.456127166748047
2025-01-24,28.14634132385254
2025-01-27,28.79246711730957
2025-01-28,28.686254501342773
2025-01-29,28.633148193359375
2025-01-30,29.376638412475586
2025-01-31,29.659870147705078
2025-02-03,29.606765747070312
2025-02-04,29.562511444091797
2025-02-05,29.26157569885254
2025-02-06,29.367786407470703
2025-02-07,29.19076156616211
2025-02-10,29.111103057861328
2025-02-11,29.41204071044922
2025-02-12,28.942935943603516
2025-02-13,29.013744354248047
2025-02-14,29.677568435668945
2025-02-17,29.28812599182129
2025-02-18,29.084552764892578
2025-02-19,29.04914665222168
2025-02-20,28.90753173828125
2025-02-21,29.111103057861328
2025-02-24,29.004894256591797
2025-02-25,29.394336700439453
2025-02-26,29.226167678833008
2025-02-27,29.181915283203125
2025-02-28,29.02259635925293
2025-03-05,29.28812599182129
2025-03-06,29.181915283203125
2025-03-07,29.420894622802734
2025-03-10,29.668724060058594
2025-03-11,29.473997116088867
2025-03-12,29.4031925201416
2025-03-13,29.68642807006836
2025-03-14,30.155527114868164
2025-03-17,30.491870880126953
2025-03-18,30.41221046447754
2025-03-19,30.483015060424805
2025-03-20,30.66888999938965
2025-03-21,30.615787506103516
2025-03-24,30.403356552124023
2025-03-25,30.022762298583984
2025-03-26,30.09357261657715
2025-03-27,30.0139102935791
2025-03-28,30.049318313598633
2025-03-31,29.79263687133789
2025-04-01,30.0670223236084
2025-04-02,29.94310760498047
2025-04-03,30.491870880126953
2025-04-04,30.35910415649414
2025-04-07,29.98736000061035
2025-04-08,30.111276626586914
2025-04-09,30.27059555053711
2025-04-10,30.244033813476562
2025-04-11,30.102420806884766
2025-04-14,30.456466674804688
2025-04-15,30.491870880126953
2025-04-16,30.447614669799805
2025-04-17,30.5361270904541
2025-04-22,30.819358825683594
2025-04-23,31.31501579284668
2025-04-24,31.961139678955078
2025-04-25,31.837230682373047
2025-04-28,31.987699508666992
2025-04-29,32.00539779663086
2025-04-30,32.58156967163086
2025-05-02,32.10989761352539
2025-05-05,32.09175491333008
2025-05-06,31.919414520263672
2025-05-07,31.638225555419922
2025-05-08,32.40016174316406
2025-05-09,32.27317428588867
2025-05-12,32.037330627441406
2025-05-13,32.15390396118164
2025-05-14,32.126258850097656
2025-05-15,32.62377166748047
2025-05-16,32.61455535888672
2025-05-19,32.82646179199219
2025-05-20,33.04757308959961
2025-05-21,32.62377166748047
2025-05-22,32.61455535888672
2025-05-23,32.73432540893555
2025-05-26,33.01993179321289
2025-05-27,33.64643096923828
2025-05-28,32.80803298950195
2025-05-29,32.697479248046875
2025-05-30,32.596134185791016
2025-06-02,32.11705017089844
2025-06-03,32.522422790527344
2025-06-04,31.969636917114258
2025-06-05,31.693241119384766
2025-06-06,31.665605545043945
2025-06-09,31.370779037475586
2025-06-10,31.490556716918945
2025-06-11,31.33392333984375
2025-06-12,31.30628776550293
2025-06-13,31.29707908630371
2025-06-16,31.748519897460938
2025-06-17,31.776161193847656
2025-06-18,31.54583168029785
2025-06-20,31.822229385375977
2025-06-23,31.564254760742188
2025-06-24,31.60110855102539
2025-06-25,31.748519897460938
2025-06-26,31.73931121826172
2025-06-27,31.693241119384766
2025-06-30,32.181541442871094
2025-07-01,32.310523986816406
2025-07-02,31.785375595092773
2025-07-03,32.30131149291992
2025-07-04,32.2736701965332
2025-07-07,31.997278213500977
2025-07-08,31.877504348754883
2025-07-09,31.536617279052734
2025-07-10,31.47212791442871
2025-07-11,31.324718475341797
2025-07-14,31.21415901184082
2025-07-15,31.048324584960938
2025-07-16,31.13123893737793
2025-07-17,30.93776512145996
2025-07-18,31.14966583251953
2025-07-21,31.13123893737793
2025-07-22,30.74428367614746
2025-07-23,31.048324584960938
2025-07-24,30.928550720214844
2025-07-25,30.854846954345703
2025-07-28,30.67979621887207
2025-07-29,30.74428367614746
2025-07-30,31.002254486083984
2025-07-31,30.735078811645508
2025-08-01,30.808778762817383
2025-08-04,30.7995662689209
2025-08-05,30.698223114013672
2025-08-06,30.781139373779297
2025-08-07,30.983827590942383
2025-08-08,30.93776512145996
2025-08-11,30.808778762817383
2025-08-12,30.928550720214844
2025-08-13,30.569236755371094
2025-08-14,30.707435607910156
2025-08-15,31.168092727661133
2025-08-18,31.555044174194336
2025-08-19,31.299028396606445
2025-08-20,31.421920776367188
2025-08-21,31.393558502197266
2025-08-22,31.913475036621094
2025-08-25,32.04582214355469
2025-08-26,32.31995391845703
2025-08-27,32.55628204345703
2025-08-28,32.830421447753906
2025-08-29,32.96276092529297
2025-09-01,32.688629150390625
2025-09-02,32.41448974609375
2025-09-03,32.40503692626953
2025-09-04,32.726436614990234
2025-09-05,32.89659118652344
2025-09-08,33.04784393310547
2025-09-09,33.06674575805664
2025-09-10,32.991127014160156
2025-09-11,32.93440628051758
2025-09-12,32.93440628051758
2025-09-15,33.0951042175293
2025-09-16,33.35979461669922
2025-09-17,33.59611892700195
2025-09-18,33.51104736328125
2025-09-19,33.851348876953125
2025-09-22,33.74736785888672
2025-09-23,34.12548828125
2025-09-24,34.06877136230469
2025-09-25,34.17275619506836
2025-09-26,34.361812591552734
2025-09-29,34.7493896484375
2025-09-30,34.65486145019531
2025-10-01,34.91009521484375
2025-10-02,34.50360870361328
2025-10-03,34.69267272949219
2025-10-06,34.38072204589844
2025-10-07,34.03096008300781
2025-10-08,34.229469299316406
2025-10-09,33.91752243041992
2025-10-10,33.87025451660156
2025-10-13,34.04986572265625
2025-10-14,33.889163970947266
2025-10-15,34.34291076660156
2025-10-16,34.28619384765625
2025-10-17,34.664310455322266
2025-10-20,34.475250244140625
2025-10-21,34.49415588378906
2025-10-22,34.54142379760742
2025-10-23,34.787200927734375
2025-10-24,34.94790267944336
2025-10-27,35.27876281738281
2025-10-28,35.600162506103516
2025-10-29,35.5907096862793
2025-10-30,36.035003662109375
2025-10-31,36.01609802246094
2025-11-03,36.49820327758789
2025-11-04,37.32061767578125
2025-11-05,37.831085205078125
2025-11-06,38.0390510559082
2025-11-07,38.332096099853516
2025-11-10,38.7102165222168
2025-11-11,40.118717193603516
2025-11-12,42.434715270996094
2025-11-13,42.49143600463867
2025-11-14,42.538700103759766
2025-11-17,43.44462585449219
2025-11-18,42.87501907348633
2025-11-19,41.69718551635742
2025-11-21,40.96345520019531
2025-11-24,41.45582580566406
2025-11-25,41.407554626464844
2025-11-26,41.9771614074707
2025-11-27,41.98681640625
2025-11-28,42.01578140258789
2025-12-01,41.031036376953125
2025-12-02,41.031036376953125
2025-12-03,40.538665771484375
2025-12-04,40.837947845458984
2025-12-05,39.785621643066406
2025-12-08,40.08490753173828
2025-12-09,39.9014778137207
2025-12-10,40.384193420410156
2025-12-11,40.104217529296875
2025-12-12,40.32626724243164
2025-12-15,41.031036376953125
2025-12-16,39.88216781616211
2025-12-17,39.19670486450195
2025-12-18,38.94569396972656
2025-12-19,39.4670295715332
2025-12-22,38.91672897338867
2025-12-23,39.36083221435547
2025-12-26,39.93043899536133
2025-12-29,40.055946350097656
2025-12-30,40.65451431274414
