date,close
2010-12-01,8.34576416015625
2010-12-02,8.825769424438477
2010-12-03,8.901642799377441
2010-12-06,9.07917594909668
2010-12-07,9.048829078674316
2010-12-08,8.800983428955078
2010-12-09,8.85156536102295
2010-12-10,8.902144432067871
2010-12-13,8.800983428955078
2010-12-14,8.800983428955078
2010-12-15,8.598662376403809
2010-12-16,8.649242401123047
2010-12-17,8.598662376403809
2010-12-20,8.497502326965332
2010-12-21,8.640137672424316
2010-12-22,8.381556510925293
2010-12-23,8.686339378356934
2010-12-27,8.549189567565918
2010-12-28,8.503471374511719
2010-12-29,8.496865272521973
2010-12-30,8.584744453430176
2011-01-03,8.838733673095703
2011-01-04,8.737135887145996
2011-01-05,8.635542869567871
2011-01-06,8.61014461517334
2011-01-07,8.559347152709961
2011-01-10,8.833144187927246
2011-01-11,8.7777738571167
2011-01-12,8.904769897460938
2011-01-13,8.884450912475586
2011-01-14,8.76761531829834
2011-01-17,8.787934303283691
2011-01-18,9.11811637878418
2011-01-19,9.0673189163208
2011-01-20,8.686339378356934
2011-01-21,8.53394889831543
2011-01-24,8.686339378356934
2011-01-26,8.7777738571167
2011-01-27,8.53394889831543
2011-01-28,8.0031156539917
2011-01-31,8.229162216186523
2011-02-01,8.638083457946777
2011-02-02,8.312474250793457
2011-02-03,8.35565185546875
2011-02-04,8.02597427368164
2011-02-07,7.914728164672852
2011-02-08,7.873582363128662
2011-02-09,7.822784423828125
2011-02-10,7.416407585144043
2011-02-11,7.74709939956665
2011-02-14,8.229162216186523
2011-02-15,8.330758094787598
2011-02-16,8.432354927062988
2011-02-17,8.41965389251709
2011-02-18,8.314502716064453
2011-02-21,8.152969360351562
2011-02-22,8.02597427368164
2011-02-23,7.881711483001709
2011-02-24,7.881711483001709
2011-02-25,7.721190929412842
2011-02-28,7.972638130187988
2011-03-01,8.00057601928711
2011-03-02,8.203763961791992
2011-03-03,8.279961585998535
2011-03-04,8.015816688537598
2011-03-09,8.015816688537598
2011-03-10,8.457751274108887
2011-03-11,8.427461624145508
2011-03-14,8.504549026489258
2011-03-15,8.298996925354004
2011-03-16,8.298996925354004
2011-03-17,8.067756652832031
2011-03-18,7.887904167175293
2011-03-21,8.192625999450684
2011-03-22,8.247611045837402
2011-03-23,8.067756652832031
2011-03-24,8.298996925354004
2011-03-25,8.247611045837402
2011-03-28,8.180807113647461
2011-03-29,8.116576194763184
2011-03-30,8.116576194763184
2011-03-31,8.067756652832031
2011-04-01,8.054912567138672
2011-04-04,8.157682418823242
2011-04-05,8.157682418823242
2011-04-06,8.193653106689453
2011-04-07,8.196222305297852
2011-04-08,8.131990432739258
2011-04-11,8.119142532348633
2011-04-12,8.054912567138672
2011-04-13,7.964980602264404
2011-04-14,8.283578872680664
2011-04-15,8.12171459197998
2011-04-18,8.131990432739258
2011-04-19,8.07032585144043
2011-04-20,8.093449592590332
2011-04-25,8.008661270141602
2011-04-26,8.01636791229248
2011-04-27,7.9392876625061035
2011-04-28,7.708047866821289
2011-04-29,7.708047866821289
2011-05-02,7.836514949798584
2011-05-03,8.07032585144043
2011-05-04,8.324689865112305
2011-05-05,8.221916198730469
2011-05-06,8.478854179382324
2011-05-09,8.422327041625977
2011-05-10,8.422327041625977
2011-05-11,8.219350814819336
2011-05-12,7.977827548980713
2011-05-13,8.067756652832031
2011-05-16,8.067756652832031
2011-05-17,7.913594722747803
2011-05-18,7.900749683380127
2011-05-19,7.810819149017334
2011-05-20,7.708047866821289
2011-05-23,7.836514949798584
2011-05-24,8.075465202331543
2011-05-25,8.096015930175781
2011-05-26,8.060049057006836
2011-05-27,8.029213905334473
2011-05-30,7.895606994628906
2011-05-31,8.093449592590332
2011-06-01,8.067756652832031
2011-06-02,7.762002944946289
2011-06-03,7.823668956756592
2011-06-06,7.964980602264404
2011-06-07,7.785128593444824
2011-06-08,7.810819149017334
2011-06-09,7.964980602264404
2011-06-10,8.006092071533203
2011-06-13,8.067756652832031
2011-06-14,8.04206371307373
2011-06-15,8.067756652832031
2011-06-16,8.067756652832031
2011-06-17,7.746588230133057
2011-06-20,7.55645751953125
2011-06-21,7.720894813537598
2011-06-22,7.630967617034912
2011-06-24,7.708047866821289
2011-06-27,7.582149982452393
2011-06-28,7.374030113220215
2011-06-29,7.322645664215088
2011-06-30,7.399725437164307
2011-07-01,7.643815040588379
2011-07-04,7.6566572189331055
2011-07-05,7.654090881347656
2011-07-06,7.5359015464782715
2011-07-07,7.386878967285156
2011-07-08,7.384308815002441
2011-07-11,7.117095470428467
2011-07-12,7.194176197052002
2011-07-13,7.258410930633545
2011-07-14,7.194176197052002
2011-07-15,6.911547660827637
2011-07-18,6.870440483093262
2011-07-19,6.8858561515808105
2011-07-20,7.0708489418029785
2011-07-21,6.975783824920654
2011-07-22,7.271257400512695
2011-07-25,7.296950340270996
2011-07-26,7.191608428955078
2011-07-27,7.027167797088623
2011-07-28,6.878147602081299
2011-07-29,6.834470748901367
2011-08-01,6.8421759605407715
2011-08-02,7.093973636627197
2011-08-03,7.040014743804932
2011-08-04,6.8421759605407715
2011-08-05,6.744541168212891
2011-08-08,6.449066162109375
2011-08-09,6.590380668640137
2011-08-10,6.6803083419799805
2011-08-11,6.6803083419799805
2011-08-12,6.5775322914123535
2011-08-15,6.713708400726318
2011-08-16,6.934674263000488
2011-08-17,6.873010635375977
2011-08-18,6.860161781311035
2011-08-19,6.708569049835205
2011-08-22,6.618643283843994
2011-08-23,6.834470748901367
2011-08-24,6.829329490661621
2011-08-25,6.718846797943115
2011-08-26,6.623782634735107
2011-08-29,7.040014743804932
2011-08-30,6.962939262390137
2011-08-31,7.348339557647705
2011-09-01,7.117095470428467
2011-09-02,7.127374172210693
2011-09-05,6.973212242126465
2011-09-06,7.168484687805176
2011-09-08,7.620689868927002
2011-09-09,7.597563743591309
2011-09-12,7.654090881347656
2011-09-13,7.546177864074707
2011-09-14,7.68235445022583
2011-09-15,7.738879203796387
2011-09-16,8.078034400939941
2011-09-19,7.913594722747803
2011-09-20,7.913594722747803
2011-09-21,8.01636791229248
2011-09-22,7.859636306762695
2011-09-23,7.9675493240356445
2011-09-26,7.977827548980713
2011-09-27,7.905884742736816
2011-09-28,7.993239879608154
2011-09-29,8.04206371307373
2011-09-30,8.221916198730469
2011-10-03,8.067756652832031
2011-10-04,7.551318645477295
2011-10-05,7.332921981811523
2011-10-06,7.1068196296691895
2011-10-07,7.165915489196777
2011-10-10,7.309797286987305
2011-10-11,7.320077419281006
2011-10-13,7.181331157684326
2011-10-14,7.145357608795166
2011-10-17,7.399725437164307
2011-10-18,7.399725437164307
2011-10-19,7.661798000335693
2011-10-20,7.528190612792969
2011-10-21,7.6566572189331055
2011-10-24,7.636105537414551
2011-10-25,7.636105537414551
2011-10-26,7.579580783843994
2011-10-27,7.45111083984375
2011-10-28,7.181331157684326
2011-10-31,7.219872951507568
2011-11-01,7.425419330596924
2011-11-03,7.528190612792969
2011-11-04,7.579580783843994
2011-11-07,7.68235445022583
2011-11-08,7.643815040588379
2011-11-09,7.630967617034912
2011-11-10,7.628396987915039
2011-11-11,7.6977691650390625
2011-11-14,7.764571666717529
2011-11-16,7.977827548980713
2011-11-17,7.900749683380127
2011-11-18,7.849360466003418
2011-11-21,7.849360466003418
2011-11-22,7.625829696655273
2011-11-23,7.823668956756592
2011-11-24,7.862205982208252
2011-11-25,8.003520965576172
2011-11-28,8.01636791229248
2011-11-29,8.003520965576172
2011-11-30,8.37607479095459
2011-12-01,8.473713874816895
2011-12-02,8.221916198730469
2011-12-05,8.363228797912598
2011-12-06,8.263026237487793
2011-12-07,8.466004371643066
2011-12-08,8.437746047973633
2011-12-09,8.591899871826172
2011-12-12,8.756341934204102
2011-12-13,8.504549026489258
2011-12-14,8.555933952331543
2011-12-15,8.49170207977295
2011-12-16,8.738357543945312
2011-12-19,8.478854179382324
2011-12-20,8.535375595092773
2011-12-21,8.355523109436035
2011-12-22,8.096710205078125
2011-12-23,8.076014518737793
2011-12-26,8.213114738464355
2011-12-27,8.345039367675781
2011-12-28,8.42264175415039
2011-12-29,8.60372257232666
2012-01-02,8.676154136657715
2012-01-03,8.79773235321045
2012-01-04,8.614068031311035
2012-01-05,8.251914978027344
2012-01-06,8.006172180175781
2012-01-09,8.13292407989502
2012-01-10,7.863895893096924
2012-01-11,7.825094223022461
2012-01-12,7.742316722869873
2012-01-13,7.796638011932373
2012-01-16,7.863895893096924
2012-01-17,7.954435348510742
2012-01-18,8.122574806213379
2012-01-19,8.143271446228027
2012-01-20,8.119986534118652
2012-01-23,8.04497241973877
2012-01-24,7.889762878417969
2012-01-26,7.889762878417969
2012-01-27,7.925981044769287
2012-01-30,7.830270767211914
2012-01-31,7.7707719802856445
2012-02-01,8.034627914428711
2012-02-02,8.135514259338379
2012-02-03,8.088947296142578
2012-02-06,8.145858764648438
2012-02-07,8.316588401794434
2012-02-08,8.342455863952637
2012-02-09,8.469205856323242
2012-02-10,8.391602516174316
2012-02-13,8.391602516174316
2012-02-14,8.355390548706055
2012-02-15,8.306239128112793
2012-02-16,8.200180053710938
2012-02-17,8.277786254882812
2012-02-23,8.019102096557617
2012-02-24,7.977713584899902
2012-02-27,8.019102096557617
2012-02-28,8.148444175720215
2012-02-29,8.246742248535156
2012-03-01,8.238984107971191
2012-03-02,8.440755844116211
2012-03-05,8.182075500488281
2012-03-06,8.024276733398438
2012-03-07,8.148444175720215
2012-03-08,8.277786254882812
2012-03-09,8.430407524108887
2012-03-12,8.55716323852539
2012-03-13,8.629592895507812
2012-03-14,8.629592895507812
2012-03-15,8.637351989746094
2012-03-16,8.588203430175781
2012-03-19,8.588203430175781
2012-03-20,8.792559623718262
2012-03-21,8.541640281677246
2012-03-22,8.64758014678955
2012-03-23,8.32283878326416
2012-03-26,8.37521743774414
2012-03-27,8.511399269104004
2012-03-28,8.642342567443848
2012-03-29,8.642342567443848
2012-03-30,8.825666427612305
2012-04-02,8.639725685119629
2012-04-03,8.563776969909668
2012-04-04,8.498305320739746
2012-04-05,8.456402778625488
2012-04-09,8.380453109741211
2012-04-10,8.461639404296875
2012-04-11,8.576873779296875
2012-04-12,8.752338409423828
2012-04-13,8.9042329788208
2012-04-16,8.967085838317871
2012-04-17,8.98279857635498
2012-04-18,9.375632286071777
2012-04-19,9.139928817749023
2012-04-20,9.048273086547852
2012-04-23,8.9042329788208
2012-04-24,9.113744735717773
2012-04-25,9.008989334106445
2012-04-26,9.244690895080566
2012-04-27,9.611336708068848
2012-04-30,9.7291841506958
2012-05-02,9.7291841506958
2012-05-03,9.951793670654297
2012-05-04,9.820845603942871
2012-05-07,9.663711547851562
2012-05-08,9.590385437011719
2012-05-09,9.684662818908691
2012-05-10,9.684662818908691
2012-05-11,9.794660568237305
2012-05-14,9.663711547851562
2012-05-15,9.532769203186035
2012-05-16,9.61919116973877
2012-05-17,9.079696655273438
2012-05-18,9.035176277160645
2012-05-21,9.035176277160645
2012-05-22,8.956610679626465
2012-05-23,8.867565155029297
2012-05-24,8.85185432434082
2012-05-25,8.930420875549316
2012-05-28,9.06136703491211
2012-05-29,8.838762283325195
2012-05-30,8.993276596069336
2012-05-31,9.558955192565918
2012-06-01,9.572053909301758
2012-06-04,9.383489608764648
2012-06-05,9.100650787353516
2012-06-06,9.297067642211914
2012-06-08,9.213262557983398
2012-06-11,9.050889015197754
2012-06-12,9.28397274017334
2012-06-13,9.249927520751953
2012-06-14,9.166119575500488
2012-06-15,9.45419979095459
2012-06-18,9.67156982421875
2012-06-19,9.637524604797363
2012-06-20,9.663711547851562
2012-06-21,9.689902305603027
2012-06-22,9.89155387878418
2012-06-25,10.004166603088379
2012-06-26,9.873222351074219
2012-06-27,10.04607105255127
2012-06-28,9.713468551635742
2012-06-29,10.135112762451172
2012-07-02,10.18748950958252
2012-07-03,10.179633140563965
2012-07-04,10.1822509765625
2012-07-05,10.292245864868164
2012-07-06,10.252964973449707
2012-07-10,10.397002220153809
2012-07-11,10.140352249145508
2012-07-12,9.833941459655762
2012-07-13,9.80774974822998
2012-07-16,9.80774974822998
2012-07-17,9.812989234924316
2012-07-18,9.964887619018555
2012-07-19,9.96750545501709
2012-07-20,9.951793670654297
2012-07-23,10.266058921813965
2012-07-24,10.49128246307373
2012-07-25,10.737459182739258
2012-07-26,10.397002220153809
2012-07-27,10.449378967285156
2012-07-30,10.423190116882324
2012-07-31,9.899412155151367
2012-08-01,9.93869686126709
2012-08-02,9.951793670654297
2012-08-03,9.802508354187012
2012-08-06,9.852272987365723
2012-08-07,10.292245864868164
2012-08-08,10.318435668945312
2012-08-09,10.213682174682617
2012-08-10,10.213682174682617
2012-08-13,9.820845603942871
2012-08-14,10.10368537902832
2012-08-15,10.370813369750977
2012-08-16,10.370813369750977
2012-08-17,10.161300659179688
2012-08-20,9.996309280395508
2012-08-21,10.279152870178223
2012-08-22,10.043449401855469
2012-08-23,10.122017860412598
2012-08-24,10.01726245880127
2012-08-27,10.082735061645508
2012-08-28,10.056548118591309
2012-08-29,10.122017860412598
2012-08-30,10.370813369750977
2012-08-31,10.331530570983887
2012-09-03,10.266058921813965
2012-09-04,10.318435668945312
2012-09-05,10.279152870178223
2012-09-06,10.2398681640625
2012-09-10,10.370813369750977
2012-09-11,10.423190116882324
2012-09-12,10.344624519348145
2012-09-13,10.488661766052246
2012-09-14,10.737459182739258
2012-09-17,10.567230224609375
2012-09-18,10.988874435424805
2012-09-19,10.685080528259277
2012-09-20,10.719124794006348
2012-09-21,10.868402481079102
2012-09-24,10.818644523620605
2012-09-25,10.747934341430664
2012-09-26,10.868402481079102
2012-09-27,10.87101936340332
2012-09-28,11.028155326843262
2012-10-01,11.337183952331543
2012-10-02,11.457651138305664
2012-10-03,11.405275344848633
2012-10-04,11.261238098144531
2012-10-05,11.169576644897461
2012-10-08,11.0386323928833
2012-10-09,11.096246719360352
2012-10-10,11.130290031433105
2012-10-11,10.855306625366211
2012-10-15,10.732219696044922
2012-10-16,10.999348640441895
2012-10-17,10.960063934326172
2012-10-18,11.03601360321045
2012-10-19,11.130290031433105
2012-10-22,11.064817428588867
2012-10-23,10.868402481079102
2012-10-24,10.784600257873535
2012-10-25,10.632702827453613
2012-10-26,10.802929878234863
2012-10-29,11.117197036743164
2012-10-30,10.740076065063477
2012-10-31,10.816024780273438
2012-11-01,10.737459182739258
2012-11-05,10.42842960357666
2012-11-06,10.802929878234863
2012-11-07,10.802929878234863
2012-11-08,10.677225112915039
2012-11-09,10.538418769836426
2012-11-12,10.708647727966309
2012-11-13,10.596037864685059
2012-11-14,10.716506958007812
2012-11-16,10.73483657836914
2012-11-19,10.462472915649414
2012-11-21,10.122017860412598
2012-11-22,10.627464294433594
2012-11-23,10.449378967285156
2012-11-26,10.197965621948242
2012-11-27,10.082735061645508
2012-11-28,9.954405784606934
2012-11-29,10.344624519348145
2012-11-30,10.47294807434082
2012-12-03,10.556753158569336
2012-12-04,10.802929878234863
2012-12-05,10.40485668182373
2012-12-06,10.606513023376465
2012-12-07,10.737459182739258
2012-12-10,10.802929878234863
2012-12-11,10.868402481079102
2012-12-12,11.051726341247559
2012-12-13,10.878875732421875
2012-12-14,10.8945894241333
2012-12-17,10.567230224609375
2012-12-18,10.436284065246582
2012-12-19,10.865785598754883
2012-12-20,10.745315551757812
2012-12-21,10.514852523803711
2012-12-26,10.720059394836426
2012-12-27,10.746414184570312
2012-12-28,10.643638610839844
2013-01-02,10.799118995666504
2013-01-03,10.778035163879395
2013-01-04,10.514513969421387
2013-01-07,10.511877059936523
2013-01-08,10.58039379119873
2013-01-09,10.612016677856445
2013-01-10,10.593571662902832
2013-01-11,10.606744766235352
2013-01-14,10.646276473999023
2013-01-15,10.698979377746582
2013-01-16,10.778035163879395
2013-01-17,11.123247146606445
2013-01-18,11.423661231994629
2013-01-21,11.684549331665039
2013-01-22,11.697723388671875
2013-01-23,11.526435852050781
2013-01-24,11.349875450134277
2013-01-28,11.476366996765137
2013-01-29,11.608126640319824
2013-01-30,10.933515548706055
2013-01-31,11.428933143615723
2013-02-01,11.331432342529297
2013-02-04,11.594953536987305
2013-02-05,11.621304512023926
2013-02-06,11.597583770751953
2013-02-07,11.552789688110352
2013-02-08,11.357783317565918
2013-02-13,11.384133338928223
2013-02-14,11.146965026855469
2013-02-15,11.19703483581543
2013-02-18,11.141694068908691
2013-02-19,11.305078506469727
2013-02-20,11.526435852050781
2013-02-21,11.463191986083984
2013-02-22,11.515892028808594
2013-02-25,11.489542961120605
2013-02-26,11.381497383117676
2013-02-27,11.423661231994629
2013-02-28,11.529071807861328
2013-03-01,11.529071807861328
2013-03-04,11.431571006774902
2013-03-05,11.378865242004395
2013-03-06,11.459173202514648
2013-03-07,11.459173202514648
2013-03-08,11.459173202514648
2013-03-11,11.459173202514648
2013-03-12,11.301939010620117
2013-03-13,11.392548561096191
2013-03-14,11.63772201538086
2013-03-15,11.413867950439453
2013-03-18,11.563103675842285
2013-03-19,11.485822677612305
2013-03-20,11.451175689697266
2013-03-21,11.309934616088867
2013-03-22,10.539776802062988
2013-03-25,10.683675765991211
2013-03-26,10.958168029785156
2013-03-27,11.083417892456055
2013-03-28,11.043441772460938
2013-04-01,10.89953899383545
2013-04-02,10.83824348449707
2013-04-03,10.827585220336914
2013-04-04,10.819589614868164
2013-04-05,10.739644050598145
2013-04-08,10.699666976928711
2013-04-09,10.819589614868164
2013-04-10,10.872889518737793
2013-04-11,10.888879776000977
2013-04-12,10.830251693725586
2013-04-15,10.555764198303223
2013-04-16,10.673016548156738
2013-04-17,10.606395721435547
2013-04-18,10.526447296142578
2013-04-19,10.593071937561035
2013-04-22,10.353226661682129
2013-04-23,10.403861045837402
2013-04-24,10.313257217407227
2013-04-25,10.124043464660645
2013-04-26,10.124043464660645
2013-04-29,10.073409080505371
2013-04-30,10.073409080505371
2013-05-02,10.489141464233398
2013-05-03,10.046762466430664
2013-05-06,9.702986717224121
2013-05-07,9.460479736328125
2013-05-08,9.447153091430664
2013-05-09,9.655019760131836
2013-05-10,9.692330360412598
2013-05-13,9.79892635345459
2013-05-14,9.860218048095703
2013-05-15,10.174676895141602
2013-05-16,10.121380805969238
2013-05-17,9.974808692932129
2013-05-20,10.137371063232422
2013-05-21,10.166685104370117
2013-05-22,10.3399019241333
2013-05-23,10.422517776489258
2013-05-24,10.55309772491455
2013-05-27,10.433175086975098
2013-05-28,10.395867347717285
2013-05-29,10.22797679901123
2013-05-31,10.060087203979492
2013-06-03,9.76427936553955
2013-06-04,9.85222339630127
2013-06-05,9.473804473876953
2013-06-06,9.3139066696167
2013-06-07,9.127363204956055
2013-06-10,9.047416687011719
2013-06-11,8.794244766235352
2013-06-12,8.751609802246094
2013-06-13,8.97546100616455
2013-06-14,8.71696662902832
2013-06-17,8.799575805664062
2013-06-18,8.740948677062988
2013-06-19,8.578387260437012
2013-06-20,8.60770034790039
2013-06-21,8.565065383911133
2013-06-24,8.5250883102417
2013-06-25,8.634350776672363
2013-06-26,8.767600059509277
2013-06-27,9.3139066696167
2013-06-28,9.324568748474121
2013-07-01,9.505782127380371
2013-07-02,9.273934364318848
2013-07-03,9.060738563537598
2013-07-04,9.252613067626953
2013-07-05,9.159339904785156
2013-07-08,8.983457565307617
2013-07-10,9.114036560058594
2013-07-11,9.060738563537598
2013-07-12,9.039420127868652
2013-07-15,9.292590141296387
2013-07-16,9.487129211425781
2013-07-17,9.468473434448242
2013-07-18,9.631036758422852
2013-07-19,9.401849746704102
2013-07-22,9.599053382873535
2013-07-23,9.620375633239746
2013-07-24,9.60971450805664
2013-07-25,9.644359588623047
2013-07-26,9.644359588623047
2013-07-29,9.460479736328125
2013-07-30,9.460479736328125
2013-07-31,9.593724250793457
2013-08-01,9.7562837600708
2013-08-02,9.917491912841797
2013-08-05,9.936213493347168
2013-08-06,9.78376293182373
2013-08-07,9.543044090270996
2013-08-08,9.652704238891602
2013-08-09,9.802486419677734
2013-08-12,9.604561805725098
2013-08-13,9.642005920410156
2013-08-14,9.68212604522705
2013-08-15,9.748990058898926
2013-08-16,9.831907272338867
2013-08-19,9.941564559936523
2013-08-20,9.93889045715332
2013-08-21,9.668754577636719
2013-08-22,9.532347679138184
2013-08-23,9.628633499145508
2013-08-26,9.762362480163574
2013-08-27,9.486878395080566
2013-08-28,9.39059066772461
2013-08-29,9.535022735595703
2013-08-30,9.984359741210938
2013-09-02,9.896097183227539
2013-09-03,9.652704238891602
2013-09-04,9.722246170043945
2013-09-05,9.722246170043945
2013-09-06,9.94423770904541
2013-09-09,10.123440742492676
2013-09-10,10.243800163269043
2013-09-11,10.19832706451416
2013-09-12,10.094016075134277
2013-09-13,10.166231155395508
2013-09-16,10.163558006286621
2013-09-17,9.96831226348877
2013-09-18,10.056571006774902
2013-09-19,10.00308609008789
2013-09-20,9.679452896118164
2013-09-23,9.78376293182373
2013-09-24,9.722246170043945
2013-09-25,9.815860748291016
2013-09-26,9.866677284240723
2013-09-27,9.925515174865723
2013-09-30,10.027153015136719
2013-10-01,9.922842979431152
2013-10-02,9.754341125488281
2013-10-03,9.834582328796387
2013-10-04,9.68480110168457
2013-10-07,9.708874702453613
2013-10-08,9.668754577636719
2013-10-09,9.577818870544434
2013-10-10,9.620613098144531
2013-10-11,9.577818870544434
2013-10-14,9.757014274597168
2013-10-15,9.700845718383789
2013-10-16,9.855977058410645
2013-10-17,9.866677284240723
2013-10-18,9.976337432861328
2013-10-21,9.882722854614258
2013-10-22,9.949589729309082
2013-10-23,9.987031936645508
2013-10-24,9.882722854614258
2013-10-25,9.896097183227539
2013-10-28,10.102043151855469
2013-10-29,9.829231262207031
2013-10-30,10.09669303894043
2013-10-31,10.158209800720215
2013-11-01,9.85330581665039
2013-11-04,9.642005920410156
2013-11-05,9.722246170043945
2013-11-06,9.631307601928711
2013-11-07,9.588517189025879
2013-11-08,9.454784393310547
2013-11-11,9.540371894836426
2013-11-12,9.481529235839844
2013-11-13,9.468155860900879
2013-11-14,9.708874702453613
2013-11-18,9.949589729309082
2013-11-19,9.770389556884766
2013-11-21,9.601889610290527
2013-11-22,9.909468650817871
2013-11-25,9.847952842712402
2013-11-26,10.005758285522461
2013-11-27,9.936213493347168
2013-11-28,9.8452787399292
2013-11-29,9.855977058410645
2013-12-02,9.831907272338867
2013-12-03,9.628633499145508
2013-12-04,9.76504135131836
2013-12-05,9.896097183227539
2013-12-06,9.762362480163574
2013-12-09,9.930870056152344
2013-12-10,9.810505867004395
2013-12-11,9.628633499145508
2013-12-12,9.50827693939209
2013-12-13,9.548395156860352
2013-12-16,9.68212604522705
2013-12-17,9.778412818908691
2013-12-18,9.732943534851074
2013-12-19,9.588517189025879
2013-12-20,9.679452896118164
2013-12-23,9.660727500915527
2013-12-26,9.688212394714355
2013-12-27,9.739189147949219
2013-12-30,9.916263580322266
2014-01-02,9.819679260253906
2014-01-03,9.723093032836914
2014-01-06,9.623822212219238
2014-01-07,9.685532569885254
2014-01-08,9.605040550231934
2014-01-09,9.470894813537598
2014-01-10,9.537967681884766
2014-01-13,9.452113151550293
2014-01-14,9.484309196472168
2014-01-15,9.54333209991455
2014-01-16,9.521866798400879
2014-01-17,9.441380500793457
2014-01-20,9.45479679107666
2014-01-21,9.417234420776367
2014-01-22,9.234790802001953
2014-01-23,9.06844711303711
2014-01-24,8.877959251403809
2014-01-27,8.682100296020508
2014-01-28,8.996006965637207
2014-01-29,8.886006355285645
2014-01-30,8.580145835876465
2014-01-31,8.507704734802246
2014-02-03,8.317214012145996
2014-02-04,8.419169425964355
2014-02-05,8.585511207580566
2014-02-06,8.478192329406738
2014-02-07,8.601611137390137
2014-02-10,8.641854286193848
2014-02-11,8.695514678955078
2014-02-12,8.719658851623535
2014-02-13,8.770636558532715
2014-02-14,8.912834167480469
2014-02-17,8.974540710449219
2014-02-18,8.93430233001709
2014-02-19,8.738441467285156
2014-02-20,8.585511207580566
2014-02-21,8.655268669128418
2014-02-24,8.671367645263672
2014-02-25,8.437948226928711
2014-02-26,8.676734924316406
2014-02-27,8.62575626373291
2014-02-28,8.682100296020508
2014-03-05,8.826979637145996
2014-03-06,8.8430757522583
2014-03-07,8.692829132080078
2014-03-10,8.585511207580566
2014-03-11,8.609659194946289
2014-03-12,8.813565254211426
2014-03-13,8.7169771194458
2014-03-14,8.42453384399414
2014-03-17,8.5042142868042
2014-03-18,8.92969799041748
2014-03-19,9.33047866821289
2014-03-20,9.223422050476074
2014-03-21,9.374399185180664
2014-03-24,9.371655464172363
2014-03-25,9.371655464172363
2014-03-26,9.654397010803223
2014-03-27,9.646161079406738
2014-03-28,9.484200477600098
2014-03-31,9.772435188293457
2014-04-01,9.799884796142578
2014-04-02,9.799884796142578
2014-04-03,9.882238388061523
2014-04-04,9.684592247009277
2014-04-07,9.676356315612793
2014-04-08,9.690081596374512
2014-04-09,9.868509292602539
2014-04-10,9.860276222229004
2014-04-11,9.79439640045166
2014-04-14,9.772435188293457
2014-04-15,9.530869483947754
2014-04-16,9.555573463439941
2014-04-17,9.662633895874023
2014-04-22,9.676356315612793
2014-04-23,9.377144813537598
2014-04-24,9.481460571289062
2014-04-25,9.401853561401367
2014-04-28,9.497925758361816
2014-04-29,9.70380687713623
2014-04-30,10.005764961242676
2014-05-02,10.112826347351074
2014-05-05,10.197919845581055
2014-05-06,10.156746864318848
2014-05-07,10.195174217224121
2014-05-08,10.409287452697754
2014-05-09,10.486150741577148
2014-05-12,10.4998779296875
2014-05-13,10.719486236572266
2014-05-14,10.788107872009277
2014-05-15,10.856738090515137
2014-05-16,10.801833152770996
2014-05-19,10.62340259552002
2014-05-20,10.582230567932129
2014-05-21,10.631643295288086
2014-05-22,10.681051254272461
2014-05-23,10.78261947631836
2014-05-26,10.78261947631836
2014-05-27,10.790853500366211
2014-05-28,10.843009948730469
2014-05-29,10.911637306213379
2014-05-30,10.72222900390625
2014-06-02,10.716736793518066
2014-06-03,10.917126655578613
2014-06-04,10.950065612792969
2014-06-05,11.04888916015625
2014-06-06,11.144970893859863
2014-06-09,11.199868202209473
2014-06-10,11.446924209594727
2014-06-11,11.405749320983887
2014-06-13,11.356337547302246
2014-06-16,11.260260581970215
2014-06-17,10.925363540649414
2014-06-18,11.18889045715332
2014-06-20,11.117515563964844
2014-06-23,11.035165786743164
2014-06-24,11.117515563964844
2014-06-25,10.708503723144531
2014-06-26,10.788107872009277
2014-06-27,10.563011169433594
2014-06-30,10.431248664855957
2014-07-01,10.439486503601074
2014-07-02,10.403800964355469
2014-07-03,10.62340259552002
2014-07-04,10.637129783630371
2014-07-07,10.692034721374512
2014-07-08,10.804577827453613
2014-07-10,10.4998779296875
2014-07-11,10.370861053466797
2014-07-14,10.225374221801758
2014-07-15,10.129290580749512
2014-07-16,10.074392318725586
2014-07-17,10.219879150390625
2014-07-18,10.211645126342773
2014-07-21,10.52458381652832
2014-07-22,10.458698272705078
2014-07-23,10.428502082824707
2014-07-24,10.41203498840332
2014-07-25,10.530073165893555
2014-07-28,10.45046615600586
2014-07-29,10.678302764892578
2014-07-30,10.472428321838379
2014-07-31,10.757912635803223
2014-08-01,10.908893585205078
2014-08-04,11.017247200012207
2014-08-05,11.259627342224121
2014-08-06,10.807918548583984
2014-08-07,10.741816520690918
2014-08-08,10.796902656555176
2014-08-11,11.03101634979248
2014-08-12,11.193523406982422
2014-08-13,11.526796340942383
2014-08-14,11.320221900939941
2014-08-15,11.262383460998535
2014-08-18,11.014493942260742
2014-08-19,10.951142311096191
2014-08-20,11.003477096557617
2014-08-21,11.223820686340332
2014-08-22,11.265134811401367
2014-08-25,11.391833305358887
2014-08-26,11.499251365661621
2014-08-27,11.375306129455566
2014-08-28,11.408357620239258
2014-08-29,11.405606269836426
2014-09-01,11.427643775939941
2014-09-02,11.419377326965332
2014-09-03,11.402853012084961
2014-09-04,11.292680740356445
2014-09-05,11.165980339050293
2014-09-08,11.237591743469238
2014-09-09,11.088861465454102
2014-09-10,10.805166244506836
2014-09-11,11.017247200012207
2014-09-12,10.686728477478027
2014-09-15,10.604100227355957
2014-09-16,10.648171424865723
2014-09-17,10.689483642578125
2014-09-18,10.739063262939453
2014-09-19,10.5490140914917
2014-09-22,10.323159217834473
2014-09-23,10.347949028015137
2014-09-24,10.518718719482422
2014-09-25,10.190956115722656
2014-09-26,10.44434928894043
2014-09-29,10.336932182312012
2014-09-30,10.254302024841309
2014-10-01,10.163408279418945
2014-10-02,10.011923789978027
2014-10-03,10.246042251586914
2014-10-06,10.190956115722656
2014-10-07,10.46638298034668
2014-10-08,10.46638298034668
2014-10-09,10.49943733215332
2014-10-10,10.46638298034668
2014-10-13,10.60960865020752
2014-10-14,10.471892356872559
2014-10-15,10.383756637573242
2014-10-16,10.452611923217773
2014-10-17,10.741816520690918
2014-10-20,10.433330535888672
2014-10-21,10.163408279418945
2014-10-22,9.794330596923828
2014-10-23,9.915523529052734
2014-10-24,10.000906944274902
2014-10-27,9.777807235717773
2014-10-28,9.70895004272461
2014-10-29,10.094551086425781
2014-10-30,9.403221130371094
2014-10-31,9.948576927185059
2014-11-03,9.832893371582031
2014-11-04,9.887978553771973
2014-11-05,9.728226661682129
2014-11-06,9.419745445251465
2014-11-07,9.425256729125977
2014-11-10,9.472078323364258
2014-11-11,9.315081596374512
2014-11-12,9.510640144348145
2014-11-13,9.502374649047852
2014-11-14,9.549199104309082
2014-11-17,9.381185531616211
2014-11-18,9.474832534790039
2014-11-19,9.598775863647461
2014-11-21,9.560216903686523
2014-11-24,9.835647583007812
2014-11-25,9.612548828125
2014-11-26,9.750265121459961
2014-11-27,9.984379768371582
2014-11-28,9.780561447143555
2014-12-01,9.92103099822998
2014-12-02,9.7227201461792
2014-12-03,9.915523529052734
2014-12-04,9.529914855957031
2014-12-05,9.428009033203125
2014-12-08,9.367415428161621
2014-12-09,9.185630798339844
2014-12-10,8.979056358337402
2014-12-11,8.929479598999023
2014-12-12,8.957024574279785
2014-12-15,8.733925819396973
2014-12-16,8.970794677734375
2014-12-17,9.301309585571289
2014-12-18,9.777807235717773
2014-12-19,9.832893371582031
2014-12-22,9.55746078491211
2014-12-23,9.535496711730957
2014-12-26,9.44152545928955
2014-12-29,10.002601623535156
2014-12-30,9.662639617919922
2015-01-02,9.894808769226074
2015-01-05,9.590775489807129
2015-01-06,8.991006851196289
2015-01-07,8.927434921264648
2015-01-08,9.134730339050293
2015-01-09,9.04075813293457
2015-01-12,9.590775489807129
2015-01-13,9.259106636047363
2015-01-14,9.190010070800781
2015-01-15,9.010354995727539
2015-01-16,9.67369556427002
2015-01-19,8.92190933227539
2015-01-20,9.176190376281738
2015-01-21,9.67369556427002
2015-01-22,9.665400505065918
2015-01-23,9.535496711730957
2015-01-26,9.342022895812988
2015-01-27,9.245287895202637
2015-01-28,9.466402053833008
2015-01-29,9.10708999633789
2015-01-30,9.278451919555664
2015-02-02,9.397300720214844
2015-02-03,9.833998680114746
2015-02-04,9.742792129516602
2015-02-05,10.033004760742188
2015-02-06,10.088278770446777
2015-02-09,10.24858570098877
2015-02-10,10.17672348022461
2015-02-11,9.947319030761719
2015-02-12,9.98878002166748
2015-02-13,10.115917205810547
2015-02-18,10.254112243652344
2015-02-19,10.24029541015625
2015-02-20,9.999834060668945
2015-02-23,9.986014366149902
2015-02-24,10.102097511291504
2015-02-25,10.129737854003906
2015-02-26,10.0164213180542
2015-02-27,9.590775489807129
2015-03-02,9.626819610595703
2015-03-03,9.609859466552734
2015-03-04,9.468541145324707
2015-03-05,9.663562774658203
2015-03-06,9.519415855407715
2015-03-09,9.519415855407715
2015-03-10,9.40635871887207
2015-03-11,9.40635871887207
2015-03-12,9.525066375732422
2015-03-13,9.338523864746094
2015-03-16,9.42614459991455
2015-03-17,9.355483055114746
2015-03-18,9.680521965026855
2015-03-19,9.779444694519043
2015-03-20,9.748356819152832
2015-03-23,9.89250373840332
2015-03-24,9.864236831665039
2015-03-25,9.88119888305664
2015-03-26,9.89250373840332
2015-03-27,9.999910354614258
2015-03-30,9.960338592529297
2015-03-31,10.401263236999512
2015-04-01,10.146882057189941
2015-04-02,10.429523468017578
2015-04-06,10.429523468017578
2015-04-07,10.330599784851074
2015-04-08,10.339081764221191
2015-04-09,10.274073600769043
2015-04-10,10.240159034729004
2015-04-13,10.217546463012695
2015-04-14,10.344731330871582
2015-04-15,10.37299919128418
2015-04-16,10.11861801147461
2015-04-17,10.206239700317383
2015-04-20,10.37299919128418
2015-04-22,10.45779037475586
2015-04-23,10.46343994140625
2015-04-24,10.528450965881348
2015-04-27,10.500184059143066
2015-04-28,10.254286766052246
2015-04-29,10.231674194335938
2015-04-30,9.835979461669922
2015-05-04,10.316465377807617
2015-05-05,10.542580604553223
2015-05-06,10.698037147521973
2015-05-07,10.910017013549805
2015-05-08,11.02307415008545
2015-05-11,10.774351119995117
2015-05-12,10.751738548278809
2015-05-13,10.666945457458496
2015-05-14,10.89588451385498
2015-05-15,11.017420768737793
2015-05-18,11.048514366149902
2015-05-19,11.02307415008545
2015-05-20,10.683905601501465
2015-05-21,10.949590682983398
2015-05-22,11.305718421936035
2015-05-25,11.277454376220703
2015-05-26,10.853490829467773
2015-05-27,11.082430839538574
2015-05-28,10.74325942993164
2015-05-29,10.51148796081543
2015-06-01,10.910017013549805
2015-06-02,11.209623336791992
2015-06-03,11.220928192138672
2015-06-05,11.107869148254395
2015-06-08,10.977851867675781
2015-06-09,10.924152374267578
2015-06-10,11.076777458190918
2015-06-11,11.059818267822266
2015-06-12,10.955241203308105
2015-06-15,10.480403900146484
2015-06-16,10.38430118560791
2015-06-17,10.330599784851074
2015-06-18,10.627375602722168
2015-06-19,10.737607955932617
2015-06-22,10.782830238342285
2015-06-23,11.181355476379395
2015-06-24,11.02307415008545
2015-06-25,10.966547966003418
2015-06-26,11.29158878326416
2015-06-29,11.164396286010742
2015-06-30,11.02307415008545
2015-07-01,11.02307415008545
2015-07-02,11.09938907623291
2015-07-03,11.025901794433594
2015-07-06,10.924152374267578
2015-07-07,10.845006942749023
2015-07-08,10.59628677368164
2015-07-10,10.610416412353516
2015-07-13,10.683905601501465
2015-07-14,10.813920974731445
2015-07-15,10.548234939575195
2015-07-16,10.531277656555176
2015-07-17,10.409738540649414
2015-07-20,10.316465377807617
2015-07-21,10.29951286315918
2015-07-22,10.254286766052246
2015-07-23,10.200583457946777
2015-07-24,9.934898376464844
2015-07-27,9.835979461669922
2015-07-28,9.858586311340332
2015-07-29,9.779444694519043
2015-07-30,9.708786010742188
2015-07-31,10.104485511779785
2015-08-03,9.90380859375
2015-08-04,10.022943496704102
2015-08-05,9.9973726272583
2015-08-06,9.792823791503906
2015-08-07,9.548501014709473
2015-08-10,9.65929889678955
2015-08-11,9.602478981018066
2015-08-12,9.30701732635498
2015-08-13,9.122354507446289
2015-08-14,9.034285545349121
2015-08-17,9.295654296875
2015-08-18,9.51724910736084
2015-08-19,9.258721351623535
2015-08-20,9.119514465332031
2015-08-21,8.792800903320312
2015-08-24,8.522909164428711
2015-08-25,8.727458953857422
2015-08-26,8.770075798034668
2015-08-27,8.8382568359375
2015-08-28,9.164970397949219
2015-08-31,9.005874633789062
2015-09-01,8.480297088623047
2015-09-02,8.463250160217285
2015-09-03,8.807007789611816
2015-09-04,8.409272193908691
2015-09-08,8.522909164428711
2015-09-09,8.630868911743164
2015-09-10,8.324042320251465
2015-09-11,8.522909164428711
2015-09-14,8.522909164428711
2015-09-15,8.522909164428711
2015-09-16,8.960418701171875
2015-09-17,8.659278869628906
2015-09-18,8.522909164428711
2015-09-21,8.503024101257324
2015-09-22,8.491659164428711
2015-09-23,8.409272193908691
2015-09-24,8.295632362365723
2015-09-25,8.289952278137207
2015-09-28,8.1990385055542
2015-09-29,8.329721450805664
2015-09-30,8.562682151794434
2015-10-01,8.380863189697266
2015-10-02,8.716096878051758
2015-10-05,8.923487663269043
2015-10-06,8.775758743286133
2015-10-07,9.091102600097656
2015-10-08,9.116674423217773
2015-10-09,9.3837251663208
2015-10-13,9.417815208435059
2015-10-14,9.162129402160645
2015-10-15,9.460430145263672
2015-10-16,9.233152389526367
2015-10-19,9.750208854675293
2015-10-20,9.772937774658203
2015-10-21,9.51724910736084
2015-10-22,9.914987564086914
2015-10-23,9.846802711486816
2015-10-26,9.920669555664062
2015-10-27,9.94339656829834
2015-10-28,9.653616905212402
2015-10-29,9.45759105682373
2015-10-30,9.707596778869629
2015-11-03,10.3610200881958
2015-11-04,10.065555572509766
2015-11-05,10.440564155578613
2015-11-06,10.386590003967285
2015-11-09,10.48317813873291
2015-11-10,10.363862037658691
2015-11-11,10.224650382995605
2015-11-12,10.298516273498535
2015-11-13,10.255900382995605
2015-11-16,10.028624534606934
2015-11-17,10.128063201904297
2015-11-18,10.156469345092773
2015-11-19,10.000216484069824
2015-11-23,10.267267227172852
2015-11-24,10.128063201904297
2015-11-25,10.113852500915527
2015-11-26,10.227494239807129
2015-11-27,10.085445404052734
2015-11-30,9.508727073669434
2015-12-01,9.772937774658203
2015-12-02,9.971807479858398
2015-12-03,10.36954116821289
2015-12-04,9.832594871520996
2015-12-07,9.929189682006836
2015-12-08,9.588275909423828
2015-12-09,9.559865951538086
2015-12-10,8.951898574829102
2015-12-11,9.091102600097656
2015-12-14,9.00871753692627
2015-12-15,8.957578659057617
2015-12-16,8.86098575592041
2015-12-17,9.076898574829102
2015-12-18,9.003035545349121
2015-12-21,8.610980987548828
2015-12-22,8.86303997039795
2015-12-23,9.148943901062012
2015-12-28,8.963109970092773
2015-12-29,8.963109970092773
2015-12-30,8.871620178222656
2016-01-04,8.774410247802734
2016-01-05,8.731524467468262
2016-01-06,8.94881534576416
2016-01-07,8.714370727539062
2016-01-08,8.734380722045898
2016-01-11,8.22547435760498
2016-01-12,8.505660057067871
2016-01-13,8.562841415405273
2016-01-14,8.491365432739258
2016-01-15,8.291232109069824
2016-01-18,8.342694282531738
2016-01-19,8.525673866271973
2016-01-20,8.291232109069824
2016-01-21,8.113970756530762
2016-01-22,8.17686939239502
2016-01-26,8.291232109069824
2016-01-27,8.437044143676758
2016-01-28,8.620022773742676
2016-01-29,9.263310432434082
2016-02-01,9.160382270812988
2016-02-02,9.034584999084473
2016-02-03,8.694356918334961
2016-02-04,8.805861473083496
2016-02-05,8.9202241897583
2016-02-10,8.805861473083496
2016-02-11,8.665765762329102
2016-02-12,8.620022773742676
2016-02-15,8.314102172851562
2016-02-16,8.579996109008789
2016-02-17,8.577136039733887
2016-02-18,8.780130386352539
2016-02-19,8.90306568145752
2016-02-22,9.274744033813477
2016-02-23,9.434849739074707
2016-02-24,8.9202241897583
2016-02-25,8.777271270751953
2016-02-26,8.7372407913208
2016-02-29,9.005993843078613
2016-03-01,9.377668380737305
2016-03-02,9.463438034057617
2016-03-03,9.306193351745605
2016-03-04,9.429130554199219
2016-03-07,9.620689392089844
2016-03-08,9.63498592376709
2016-03-09,9.314766883850098
2016-03-10,9.334783554077148
2016-03-11,9.340502738952637
2016-03-14,9.29189682006836
2016-03-15,9.091766357421875
2016-03-16,9.23471736907959
2016-03-17,8.86303997039795
2016-03-18,8.577136039733887
2016-03-21,8.600010871887207
2016-03-22,8.434185028076172
2016-03-23,8.185450553894043
2016-03-24,8.136841773986816
2016-03-28,8.288374900817871
2016-03-29,8.136841773986816
2016-03-30,8.053932189941406
2016-03-31,7.788039684295654
2016-04-01,7.888105869293213
2016-04-04,7.845224380493164
2016-04-05,7.748015403747559
2016-04-06,7.776603698730469
2016-04-07,8.053932189941406
2016-04-08,8.105395317077637
2016-04-11,8.062507629394531
2016-04-12,8.148279190063477
2016-04-13,7.788039684295654
2016-04-14,7.905261993408203
2016-04-15,8.005327224731445
2016-04-18,8.008187294006348
2016-04-19,8.0453519821167
2016-04-20,8.108254432678223
2016-04-22,8.059648513793945
2016-04-25,8.065366744995117
2016-04-26,8.205460548400879
2016-04-27,8.108988761901855
2016-04-28,8.309104919433594
2016-04-29,8.178597450256348
2016-05-02,8.448314666748047
2016-05-03,8.341007232666016
2016-05-04,8.349706649780273
2016-05-05,8.465717315673828
2016-05-06,8.407712936401367
2016-05-09,8.488919258117676
2016-05-10,8.744133949279785
2016-05-11,8.445412635803223
2016-05-12,8.921048164367676
2016-05-13,8.561423301696777
2016-05-16,8.570123672485352
2016-05-17,8.45411491394043
2016-05-18,8.332305908203125
2016-05-19,8.222099304199219
2016-05-20,7.9958815574646
2016-05-23,7.816068649291992
2016-05-24,8.227897644042969
2016-05-25,8.07999038696289
2016-05-27,8.28010082244873
2016-05-30,8.265600204467773
2016-05-31,8.590424537658691
2016-06-01,8.613626480102539
2016-06-02,8.889145851135254
2016-06-03,9.530091285705566
2016-06-06,9.179167747497559
2016-06-07,9.077659606933594
2016-06-08,8.93265151977539
2016-06-09,8.900747299194336
2016-06-10,8.793437957763672
2016-06-13,8.93265151977539
2016-06-14,8.70063304901123
2016-06-15,8.758638381958008
2016-06-16,8.828242301940918
2016-06-17,8.70063304901123
2016-06-20,8.61652660369873
2016-06-21,8.877546310424805
2016-06-22,8.70063304901123
2016-06-23,8.816641807556152
2016-06-24,8.633929252624512
2016-06-27,8.520819664001465
2016-06-28,8.54401969909668
2016-06-29,8.787639617919922
2016-06-30,8.857242584228516
2016-07-01,8.95295238494873
2016-07-04,9.039958000183105
2016-07-05,8.871746063232422
2016-07-06,8.883344650268555
2016-07-07,8.958754539489746
2016-07-08,9.008058547973633
2016-07-11,8.95295238494873
2016-07-12,9.216872215270996
2016-07-13,9.179167747497559
2016-07-14,9.280675888061523
2016-07-15,9.173369407653809
2016-07-18,9.332879066467285
2016-07-19,9.61419677734375
2016-07-20,9.486591339111328
2016-07-21,9.570697784423828
2016-07-22,9.498191833496094
2016-07-25,9.483689308166504
2016-07-26,9.669302940368652
2016-07-27,9.5242919921875
2016-07-28,9.649002075195312
2016-07-29,9.541694641113281
2016-08-01,9.480790138244629
2016-08-02,9.440186500549316
2016-08-03,9.350281715393066
2016-08-04,9.112464904785156
2016-08-05,9.231521606445312
2016-08-08,9.301724433898926
2016-08-09,9.322200775146484
2016-08-10,9.205196380615234
2016-08-11,9.51233196258545
2016-08-12,9.439204216003418
2016-08-15,9.275400161743164
2016-08-16,9.067716598510742
2016-08-17,9.17302131652832
2016-08-18,9.096969604492188
2016-08-19,9.047245025634766
2016-08-22,8.722561836242676
2016-08-23,8.848340034484863
2016-08-24,8.585082054138184
2016-08-25,8.833711624145508
2016-08-26,8.918540954589844
2016-08-29,8.775212287902832
2016-08-30,8.810317039489746
2016-08-31,8.775212287902832
2016-09-01,8.693312644958496
2016-09-02,8.977038383483887
2016-09-05,8.994592666625977
2016-09-06,9.14377212524414
2016-09-08,9.070645332336426
2016-09-09,8.628960609436035
2016-09-12,8.775212287902832
2016-09-13,8.775212287902832
2016-09-14,8.827860832214355
2016-09-15,9.129144668579102
2016-09-16,9.272475242614746
2016-09-19,9.199346542358398
2016-09-20,9.404102325439453
2016-09-21,9.257848739624023
2016-09-22,9.497705459594727
2016-09-23,9.360228538513184
2016-09-26,9.14377212524414
2016-09-27,9.345601081848145
2016-09-28,9.360228538513184
2016-09-29,8.959490776062012
2016-09-30,8.886364936828613
2016-10-03,9.26662540435791
2016-10-04,9.272475242614746
2016-10-05,9.056018829345703
2016-10-06,9.307576179504395
2016-10-07,9.178868293762207
2016-10-10,9.129144668579102
2016-10-11,8.819087982177734
2016-10-13,8.775212287902832
2016-10-14,8.67868423461914
2016-10-17,8.74596118927002
2016-10-18,8.775212287902832
2016-10-19,8.740113258361816
2016-10-20,8.795685768127441
2016-10-21,8.687458992004395
2016-10-24,8.819087982177734
2016-10-25,8.555832862854004
2016-10-26,8.549982070922852
2016-10-27,8.509028434753418
2016-10-28,8.25455093383789
2016-10-31,8.4710054397583
2016-11-01,8.263323783874512
2016-11-03,8.131699562072754
2016-11-04,7.546684741973877
2016-11-07,7.561307907104492
2016-11-08,7.473555564880371
2016-11-09,7.365326881408691
2016-11-10,7.283426284790039
2016-11-11,7.0874457359313965
2016-11-14,6.900242328643799
2016-11-16,6.800788879394531
2016-11-17,6.987994194030762
2016-11-18,6.873916149139404
2016-11-21,6.821264743804932
2016-11-22,6.86514139175415
2016-11-23,6.841739177703857
2016-11-24,6.847591400146484
2016-11-25,6.873916149139404
2016-11-28,6.698411464691162
2016-11-29,6.584334850311279
2016-11-30,6.291827201843262
2016-12-01,6.347402572631836
2016-12-02,6.30352783203125
2016-12-05,6.321078777313232
2016-12-06,6.6837873458862305
2016-12-07,6.786164283752441
2016-12-08,6.803714275360107
2016-12-09,6.987994194030762
2016-12-12,6.888541221618652
2016-12-13,6.990919589996338
2016-12-14,6.663310527801514
2016-12-15,6.727663516998291
2016-12-16,6.727663516998291
2016-12-19,6.742287635803223
2016-12-20,6.777390003204346
2016-12-21,6.859291076660156
2016-12-22,7.056970119476318
2016-12-23,7.059926986694336
2016-12-26,7.074707984924316
2016-12-27,7.086533546447754
2016-12-28,7.136793613433838
2016-12-29,7.107228755950928
2017-01-02,6.974191665649414
2017-01-03,7.331916809082031
2017-01-04,7.287570476531982
2017-01-05,7.3260040283203125
2017-01-06,7.098360538482666
2017-01-09,7.127923965454102
2017-01-10,7.136793613433838
2017-01-11,7.107228755950928
2017-01-12,7.2491350173950195
2017-01-13,7.361481189727783
2017-01-16,7.464955806732178
2017-01-17,7.58616828918457
2017-01-18,7.645298004150391
2017-01-19,7.538865566253662
2017-01-20,7.689645290374756
2017-01-23,7.790162563323975
2017-01-24,7.86702823638916
2017-01-26,8.100584030151367
2017-01-27,8.0266752243042
2017-01-30,7.772425651550293
2017-01-31,7.713294506072998
2017-02-01,7.7310333251953125
2017-02-02,7.834507942199707
2017-02-03,7.840421676635742
2017-02-06,7.855203628540039
2017-02-07,7.822682857513428
2017-02-08,7.902505397796631
2017-02-09,7.790162563323975
2017-02-10,7.597992897033691
2017-02-13,7.5625176429748535
2017-02-14,7.544778347015381
2017-02-15,7.784250259399414
2017-02-16,7.642340660095215
2017-02-17,7.657125473022461
2017-02-20,7.5181708335876465
2017-02-21,7.450173377990723
2017-02-22,7.39104700088501
2017-02-23,7.39104700088501
2017-02-24,7.491563320159912
2017-03-01,7.668948173522949
2017-03-02,7.742858409881592
2017-03-03,7.887725353240967
2017-03-06,7.955719470977783
2017-03-07,8.304580688476562
2017-03-08,8.32231616973877
2017-03-09,7.988241195678711
2017-03-10,8.07102108001709
2017-03-13,8.053282737731934
2017-03-14,8.041457176208496
2017-03-15,8.242494583129883
2017-03-16,8.283884048461914
2017-03-17,8.334141731262207
2017-03-20,8.464229583740234
2017-03-21,8.366663932800293
2017-03-22,8.207015037536621
2017-03-23,8.218843460083008
2017-03-24,8.254317283630371
2017-03-27,8.130148887634277
2017-03-28,8.118325233459473
2017-03-29,7.911375045776367
2017-03-30,8.059196472167969
2017-03-31,8.204060554504395
2017-04-03,8.292753219604492
2017-04-04,8.337099075317383
2017-04-05,8.307534217834473
2017-04-06,8.307534217834473
2017-04-07,8.260232925415039
2017-04-10,8.230669975280762
2017-04-11,8.307534217834473
2017-04-12,8.277970314025879
2017-04-13,8.289796829223633
2017-04-17,8.345968246459961
2017-04-18,8.328227996826172
2017-04-19,8.393267631530762
2017-04-20,8.286842346191406
2017-04-24,8.409773826599121
2017-04-25,8.297248840332031
2017-04-26,8.232105255126953
2017-04-27,8.143266677856445
2017-04-28,8.232105255126953
2017-05-02,8.389044761657715
2017-05-03,8.409773826599121
2017-05-04,9.135265350341797
2017-05-05,8.972399711608887
2017-05-08,8.720702171325684
2017-05-09,8.52822208404541
2017-05-10,8.735503196716309
2017-05-11,9.01681900024414
2017-05-12,8.705892562866211
2017-05-15,8.913175582885742
2017-05-16,8.987204551696777
2017-05-17,9.022740364074707
2017-05-18,8.63186264038086
2017-05-19,8.705892562866211
2017-05-22,8.557830810546875
2017-05-23,8.63186264038086
2017-05-24,8.68220329284668
2017-05-25,8.63186264038086
2017-05-26,8.883563041687012
2017-05-29,8.883563041687012
2017-05-30,9.046429634094238
2017-05-31,8.936863899230957
2017-06-01,8.797690391540527
2017-06-02,8.750311851501465
2017-06-05,8.563756942749023
2017-06-06,8.608173370361328
2017-06-07,8.79472827911377
2017-06-08,8.913175582885742
2017-06-09,8.972399711608887
2017-06-12,8.762154579162598
2017-06-13,8.759193420410156
2017-06-14,8.791768074035645
2017-06-15,8.791768074035645
2017-06-16,9.144149780273438
2017-06-19,9.38104248046875
2017-06-20,9.3691987991333
2017-06-21,9.238906860351562
2017-06-22,9.055312156677246
2017-06-23,9.043469429016113
2017-06-26,9.27148151397705
2017-06-27,9.073079109191895
2017-06-28,8.886528015136719
2017-06-29,8.765117645263672
2017-06-30,8.930941581726074
2017-07-03,8.889486312866211
2017-07-04,9.019780158996582
2017-07-05,8.901331901550293
2017-07-06,8.806572914123535
2017-07-07,8.596329689025879
2017-07-10,8.705892562866211
2017-07-11,8.628899574279785
2017-07-12,8.507493019104004
2017-07-13,8.59040641784668
2017-07-14,8.717738151550293
2017-07-17,8.809536933898926
2017-07-18,8.883563041687012
2017-07-19,8.883563041687012
2017-07-20,8.92798137664795
2017-07-21,8.96351432800293
2017-07-24,8.933902740478516
2017-07-25,8.735503196716309
2017-07-26,8.925019264221191
2017-07-27,8.901331901550293
2017-07-28,8.975360870361328
2017-07-31,8.883563041687012
2017-08-01,8.868757247924805
2017-08-02,8.92798137664795
2017-08-03,9.29813003540039
2017-08-04,9.626384735107422
2017-08-07,9.477372169494629
2017-08-08,9.26874828338623
2017-08-09,9.200204849243164
2017-08-10,9.238945960998535
2017-08-11,9.46843147277832
2017-08-14,9.26874828338623
2017-08-15,9.298554420471191
2017-08-16,9.340278625488281
2017-08-17,9.387962341308594
2017-08-18,9.49227237701416
2017-08-21,9.504193305969238
2017-08-22,9.450549125671387
2017-08-23,9.373061180114746
2017-08-24,9.522074699401855
2017-08-25,9.250865936279297
2017-08-28,9.387962341308594
2017-08-29,9.346237182617188
2017-08-30,9.349217414855957
2017-08-31,9.256826400756836
2017-09-01,9.33431625366211
2017-09-04,9.361139297485352
2017-09-05,9.277688980102539
2017-09-06,9.250865936279297
2017-09-07,9.250865936279297
2017-09-08,9.34325885772705
2017-09-11,9.45352840423584
2017-09-12,9.393921852111816
2017-09-13,9.43564510345459
2017-09-14,9.489291191101074
2017-09-15,9.59658145904541
2017-09-18,9.411806106567383
2017-09-19,9.593605041503906
2017-09-20,9.536979675292969
2017-09-21,9.328356742858887
2017-09-22,9.545917510986328
2017-09-25,9.253849029541016
2017-09-26,9.256826400756836
2017-09-27,9.161458969116211
2017-09-28,9.238945960998535
2017-09-29,9.328356742858887
2017-10-02,9.238945960998535
2017-10-03,9.200204849243164
2017-10-04,9.277688980102539
2017-10-05,9.35219955444336
2017-10-06,9.089930534362793
2017-10-09,9.203182220458984
2017-10-10,9.289612770080566
2017-10-11,9.34325885772705
2017-10-12,9.34325885772705
2017-10-13,9.271730422973633
2017-10-16,9.402863502502441
2017-10-17,9.283650398254395
2017-10-18,9.536979675292969
2017-10-19,9.59062385559082
2017-10-20,9.685993194580078
2017-10-23,9.626384735107422
2017-10-24,9.605522155761719
2017-10-25,9.566781044006348
2017-10-26,9.498231887817383
2017-10-27,9.614465713500977
2017-10-30,9.581680297851562
2017-10-31,9.70983600616455
2017-11-01,10.058530807495117
2017-11-02,10.058530807495117
2017-11-03,9.93931770324707
2017-11-06,10.133036613464355
2017-11-07,10.326754570007324
2017-11-08,10.24032974243164
2017-11-09,9.685993194580078
2017-11-10,9.641286849975586
2017-11-13,9.775402069091797
2017-11-14,9.775402069091797
2017-11-15,9.775402069091797
2017-11-16,10.052569389343262
2017-11-17,9.909515380859375
2017-11-20,9.909515380859375
2017-11-21,10.133036613464355
2017-11-22,9.805205345153809
2017-11-23,9.775402069091797
2017-11-24,9.688972473144531
2017-11-27,9.835007667541504
2017-11-28,9.65618896484375
2017-11-29,9.43266773223877
2017-11-30,9.021383285522461
2017-12-01,9.250865936279297
2017-12-04,9.304512977600098
2017-12-05,9.179340362548828
2017-12-06,9.188279151916504
2017-12-07,9.078011512756348
2017-12-08,9.206162452697754
2017-12-11,9.045225143432617
2017-12-12,8.96773910522461
2017-12-13,8.809782028198242
2017-12-14,8.851507186889648
2017-12-15,9.12569522857666
2017-12-18,9.030324935913086
2017-12-19,9.030324935913086
2017-12-20,9.119734764099121
2017-12-21,9.033304214477539
2017-12-22,9.00052261352539
2017-12-25,9.00052261352539
2017-12-26,9.030324935913086
2017-12-27,8.958795547485352
2017-12-28,8.939864158630371
2017-12-29,8.939864158630371
2018-01-02,9.017627716064453
2018-01-03,9.20904541015625
2018-01-04,9.152216911315918
2018-01-05,9.349617958068848
2018-01-08,9.343636512756348
2018-01-09,9.346631050109863
2018-01-10,9.322702407836914
2018-01-11,9.310735702514648
2018-01-12,9.295783042907715
2018-01-15,9.283817291259766
2018-01-16,9.427383422851562
2018-01-17,9.385510444641113
2018-01-18,9.36457347869873
2018-01-19,9.61581039428711
2018-01-22,9.777321815490723
2018-01-23,9.72348403930664
2018-01-24,9.92088508605957
2018-01-25,9.92088508605957
2018-01-26,10.06445026397705
2018-01-29,9.840130805969238
2018-01-30,9.74441909790039
2018-01-31,9.720494270324707
2018-02-01,9.75040340423584
2018-02-02,9.645721435546875
2018-02-05,9.475237846374512
2018-02-06,9.158201217651367
2018-02-07,8.883036613464355
2018-02-08,9.032581329345703
2018-02-09,8.924905776977539
2018-02-14,9.035571098327637
2018-02-15,8.975751876831055
2018-02-16,8.987719535827637
2018-02-19,8.957809448242188
2018-02-20,9.361583709716797
2018-02-21,9.271854400634766
2018-02-22,9.517108917236328
2018-02-23,9.526084899902344
2018-02-26,9.466264724731445
2018-02-27,9.42140007019043
2018-02-28,9.134273529052734
2018-03-01,9.122309684753418
2018-03-02,9.071465492248535
2018-03-05,9.011645317077637
2018-03-06,9.077445983886719
2018-03-07,9.017627716064453
2018-03-08,8.942854881286621
2018-03-09,8.868082046508789
2018-03-12,8.972761154174805
2018-03-13,8.915934562683105
2018-03-14,8.799290657043457
2018-03-15,8.868082046508789
2018-03-16,8.933880805969238
2018-03-19,8.906964302062988
2018-03-20,8.868082046508789
2018-03-21,8.80826473236084
2018-03-22,8.69460678100586
2018-03-23,8.682646751403809
2018-03-26,8.65871524810791
2018-03-27,8.661706924438477
2018-03-28,8.598899841308594
2018-03-29,8.616843223571777
2018-04-02,8.494215965270996
2018-04-03,8.721525192260742
2018-04-04,8.85312557220459
2018-04-05,9.002674102783203
2018-04-06,8.883889198303223
2018-04-09,8.695255279541016
2018-04-10,8.815024375915527
2018-04-11,8.689268112182617
2018-04-12,8.907844543457031
2018-04-13,8.9527587890625
2018-04-16,8.877902030944824
2018-04-17,9.174330711364746
2018-04-18,9.44980239868164
2018-04-19,9.581547737121582
2018-04-20,9.566576957702637
2018-04-23,9.566576957702637
2018-04-24,9.566576957702637
2018-04-25,9.49471664428711
2018-04-26,9.587536811828613
2018-04-27,9.59951400756836
2018-04-30,9.581547737121582
2018-05-02,9.327035903930664
2018-05-03,9.324043273925781
2018-05-04,9.327035903930664
2018-05-07,8.958748817443848
2018-05-08,9.123428344726562
2018-05-09,9.132412910461426
2018-05-10,9.461777687072754
2018-05-11,9.141396522521973
2018-05-14,8.94377613067627
2018-05-15,8.800052642822266
2018-05-16,9.00365924835205
2018-05-17,8.812028884887695
2018-05-18,8.707228660583496
2018-05-21,8.695255279541016
2018-05-22,8.680283546447754
2018-05-23,8.596444129943848
2018-05-24,8.668304443359375
2018-05-25,8.740167617797852
2018-05-28,8.15928840637207
2018-05-29,8.308999061584473
2018-05-30,8.398825645446777
2018-06-01,8.548540115356445
2018-06-04,8.683277130126953
2018-06-05,8.45272159576416
2018-06-06,8.383853912353516
2018-06-07,8.15928840637207
2018-06-08,8.264083862304688
2018-06-11,8.21318244934082
2018-06-12,8.19222354888916
2018-06-13,8.264083862304688
2018-06-14,8.177252769470215
2018-06-15,8.308999061584473
2018-06-18,7.952683448791504
2018-06-19,7.934719562530518
2018-06-20,8.111380577087402
2018-06-21,8.12934398651123
2018-06-22,8.084428787231445
2018-06-25,7.9975972175598145
2018-06-26,8.317981719970703
2018-06-27,8.294027328491211
2018-06-28,8.270073890686035
2018-06-29,8.144314765930176
2018-07-02,8.08742618560791
2018-07-03,8.189228057861328
2018-07-04,8.234143257141113
2018-07-05,8.323970794677734
2018-07-06,8.279056549072266
2018-07-10,8.44074535369873
2018-07-11,8.383853912353516
2018-07-12,8.404813766479492
2018-07-13,8.458711624145508
2018-07-16,8.458711624145508
2018-07-17,8.716216087341309
2018-07-18,8.800052642822266
2018-07-19,8.758131980895996
2018-07-20,8.931797981262207
2018-07-23,8.955754280090332
2018-07-24,9.039590835571289
2018-07-25,9.324043273925781
2018-07-26,9.147381782531738
2018-07-27,9.147381782531738
2018-07-30,9.237211227416992
2018-07-31,8.821012496948242
2018-08-01,8.907844543457031
2018-08-02,8.678742408752441
2018-08-03,8.630512237548828
2018-08-06,8.500887870788574
2018-08-07,8.395380973815918
2018-08-08,8.380309104919434
2018-08-09,8.452652931213379
2018-08-10,8.320016860961914
2018-08-13,8.341120719909668
2018-08-14,8.49485969543457
2018-08-15,8.440597534179688
2018-08-16,8.332074165344238
2018-08-17,8.289873123168945
2018-08-20,8.31700325012207
2018-08-21,8.151205062866211
2018-08-22,8.35920524597168
2018-08-23,8.169290542602539
2018-08-24,8.08488941192627
2018-08-27,8.31097412109375
2018-08-28,8.31398868560791
2018-08-29,8.139145851135254
2018-08-30,7.9884233474731445
2018-08-31,8.030625343322754
2018-09-03,7.8527703285217285
2018-09-04,7.864828109741211
2018-09-05,7.928134441375732
2018-09-06,7.714103698730469
2018-09-10,7.816595554351807
2018-09-11,7.536247730255127
2018-09-12,7.445814609527588
2018-09-13,7.358392238616943
2018-09-14,7.174508094787598
2018-09-17,7.295088768005371
2018-09-18,7.406625747680664
2018-09-19,7.382508277893066
2018-09-20,7.460886001586914
2018-09-21,7.439784526824951
2018-09-24,7.292073726654053
2018-09-25,7.340306282043457
2018-09-26,7.611610412597656
2018-09-27,7.5844807624816895
2018-09-28,7.566391944885254
2018-10-01,7.596538066864014
2018-10-02,7.686971664428711
2018-10-03,7.795494556427002
2018-10-04,7.641755104064941
2018-10-05,7.587494850158691
2018-10-08,7.801523685455322
2018-10-09,7.73219108581543
2018-10-10,7.566391944885254
2018-10-11,7.566391944885254
2018-10-15,7.370450496673584
2018-10-16,7.3493499755859375
2018-10-17,7.460886001586914
2018-10-18,7.60256814956665
2018-10-19,7.837697505950928
2018-10-22,8.241641998291016
2018-10-23,7.686971664428711
2018-10-24,7.723148345947266
2018-10-25,7.783437728881836
2018-10-26,7.650798320770264
2018-10-29,7.469929218292236
2018-10-30,7.6899871826171875
2018-10-31,7.566391944885254
2018-11-01,8.00952434539795
2018-11-05,7.91306209564209
2018-11-06,7.750276565551758
2018-11-07,7.656828880310059
2018-11-08,7.41566801071167
2018-11-09,7.5784502029418945
2018-11-12,7.234797954559326
2018-11-13,7.159435749053955
2018-11-14,7.581463813781738
2018-11-16,7.720131874084473
2018-11-19,7.8527703285217285
2018-11-21,7.759320259094238
2018-11-22,7.867841720581055
2018-11-23,7.807554244995117
2018-11-26,8.42854118347168
2018-11-27,8.470743179321289
2018-11-28,8.802337646484375
2018-11-29,8.832481384277344
2018-11-30,8.742047309875488
2018-12-03,8.995265007019043
2018-12-04,8.832481384277344
2018-12-05,8.78425121307373
2018-12-06,8.742047309875488
2018-12-07,8.742047309875488
2018-12-10,8.561176300048828
2018-12-11,8.500887870788574
2018-12-12,8.624482154846191
2018-12-13,8.440597534179688
2018-12-14,8.54610538482666
2018-12-17,8.440597534179688
2018-12-18,8.2567138671875
2018-12-19,8.365236282348633
2018-12-20,8.449642181396484
2018-12-21,8.139145851135254
2018-12-26,8.241641998291016
2018-12-27,8.115031242370605
2018-12-28,8.184365272521973
2019-01-02,8.662064552307129
2019-01-03,8.861607551574707
2019-01-04,9.10650634765625
2019-01-07,8.909982681274414
2019-01-08,8.547175407409668
2019-01-09,8.876726150512695
2019-01-10,9.039990425109863
2019-01-11,9.127670288085938
2019-01-14,9.393729209899902
2019-01-15,9.680952072143555
2019-01-16,9.58420467376709
2019-01-17,9.826077461242676
2019-01-18,10.276565551757812
2019-01-21,10.067947387695312
2019-01-22,10.234236717224121
2019-01-23,10.291683197021484
2019-01-24,10.158651351928711
2019-01-28,9.795842170715332
2019-01-29,9.910733222961426
2019-01-30,9.937941551208496
2019-01-31,10.055854797363281
2019-02-01,10.022597312927246
2019-02-04,10.098182678222656
2019-02-05,10.409592628479004
2019-02-06,10.194931983947754
2019-02-07,9.892590522766113
2019-02-08,9.765607833862305
2019-02-11,9.789794921875
2019-02-12,9.520710945129395
2019-02-13,9.614439010620117
2019-02-14,9.850261688232422
2019-02-15,10.08004379272461
2019-02-18,10.249357223510742
2019-02-19,10.143532752990723
2019-02-20,10.388431549072266
2019-02-21,10.12841510772705
2019-02-22,10.2523775100708
2019-02-25,10.40052318572998
2019-02-26,10.60914134979248
2019-02-27,10.81473159790039
2019-02-28,11.020322799682617
2019-03-01,11.14730453491211
2019-03-06,11.458718299865723
2019-03-07,11.150330543518066
2019-03-08,11.05660343170166
2019-03-11,10.99915885925293
2019-03-12,10.94473648071289
2019-03-13,11.186612129211426
2019-03-14,11.443599700927734
2019-03-15,11.219866752624512
2019-03-18,11.395224571228027
2019-03-19,11.126142501831055
2019-03-20,11.156373977661133
2019-03-21,11.126142501831055
2019-03-22,11.504066467285156
2019-03-25,11.488950729370117
2019-03-26,11.794317245483398
2019-03-27,11.61593246459961
2019-03-28,11.912227630615234
2019-03-29,11.912227630615234
2019-04-01,11.866877555847168
2019-04-02,11.791292190551758
2019-04-03,12.157123565673828
2019-04-04,12.767852783203125
2019-04-05,12.577374458312988
2019-04-08,12.655984878540039
2019-04-09,12.613659858703613
2019-04-10,12.662034034729004
2019-04-11,12.743664741516113
2019-04-12,12.78901481628418
2019-04-15,12.776921272277832
2019-04-16,12.734596252441406
2019-04-17,12.813202857971191
2019-04-18,12.305273056030273
2019-04-22,12.577374458312988
2019-04-23,12.937164306640625
2019-04-24,13.06112289428711
2019-04-25,13.082284927368164
2019-04-26,13.182061195373535
2019-04-29,13.333229064941406
2019-04-30,13.469283103942871
2019-05-02,13.315088272094727
2019-05-03,12.846460342407227
2019-05-06,12.728549003601074
2019-05-07,12.365738868713379
2019-05-08,11.942461967468262
2019-05-09,12.154102325439453
2019-05-10,12.495254516601562
2019-05-13,12.534632682800293
2019-05-14,12.119641304016113
2019-05-15,12.07723331451416
2019-05-16,11.813694953918457
2019-05-17,11.662237167358398
2019-05-20,11.707674980163574
2019-05-21,12.425581932067871
2019-05-22,12.510400772094727
2019-05-23,12.068145751953125
2019-05-24,12.11661148071289
2019-05-27,12.11661148071289
2019-05-28,12.137812614440918
2019-05-29,12.204456329345703
2019-05-30,11.965152740478516
2019-05-31,11.965152740478516
2019-06-03,11.850048065185547
2019-06-04,12.092376708984375
2019-06-05,12.346827507019043
2019-06-06,12.174163818359375
2019-06-07,12.434671401977539
2019-06-10,12.855724334716797
2019-06-11,13.010209083557129
2019-06-12,13.040502548217773
2019-06-13,13.367650985717773
2019-06-14,13.716001510620117
2019-06-17,13.628157615661621
2019-06-18,13.555456161499023
2019-06-19,13.628157615661621
2019-06-21,13.173784255981445
2019-06-24,13.204075813293457
2019-06-25,12.928421974182129
2019-06-26,13.14349365234375
2019-06-27,13.207107543945312
2019-06-28,13.319183349609375
2019-07-01,13.237396240234375
2019-07-02,13.691770553588867
2019-07-03,13.858370780944824
2019-07-04,14.146142959594727
2019-07-05,14.854964256286621
2019-07-08,14.751970291137695
2019-07-10,14.842850685119629
2019-07-11,15.015511512756348
2019-07-12,14.621720314025879
2019-07-15,14.455116271972656
2019-07-16,14.503582954406738
2019-07-17,14.573254585266113
2019-07-18,14.358181953430176
2019-07-19,14.509641647338867
2019-07-22,14.539929389953613
2019-07-23,14.579310417175293
2019-07-24,14.712594032287598
2019-07-25,14.615660667419434
2019-07-26,14.7216796875
2019-07-29,14.803468704223633
2019-07-30,14.648981094360352
2019-07-31,14.691391944885254
2019-08-01,14.891314506530762
2019-08-02,14.842850685119629
2019-08-05,14.718653678894043
2019-08-06,14.833761215209961
2019-08-07,15.02156925201416
2019-08-08,16.20596694946289
2019-08-09,17.075336456298828
2019-08-12,16.630050659179688
2019-08-13,16.62700843811035
2019-08-14,16.57533836364746
2019-08-15,16.323040008544922
2019-08-16,16.198415756225586
2019-08-19,16.21665382385254
2019-08-20,16.32607650756836
2019-08-21,16.54493522644043
2019-08-22,16.201452255249023
2019-08-23,16.22881317138672
2019-08-26,15.918766021728516
2019-08-27,15.803255081176758
2019-08-28,16.022111892700195
2019-08-29,16.17105484008789
2019-08-30,16.37775230407715
2019-09-02,16.42030906677246
2019-09-03,15.98867416381836
2019-09-04,16.28656578063965
2019-09-05,16.380796432495117
2019-09-06,16.231847763061523
2019-09-09,15.47193431854248
2019-09-10,15.645193099975586
2019-09-11,16.195371627807617
2019-09-12,16.231847763061523
2019-09-13,16.119384765625
2019-09-16,16.213611602783203
2019-09-17,16.41118812561035
2019-09-18,16.47502326965332
2019-09-19,16.903623580932617
2019-09-20,17.189350128173828
2019-09-23,17.32613182067871
2019-09-24,17.46291732788086
2019-09-25,17.210628509521484
2019-09-26,17.44771957397461
2019-09-27,17.63010025024414
2019-09-30,17.55107307434082
2019-10-01,17.76688575744629
2019-10-02,17.569305419921875
2019-10-03,18.238035202026367
2019-10-04,18.0860538482666
2019-10-07,17.873275756835938
2019-10-08,17.842880249023438
2019-10-09,17.876314163208008
2019-10-10,17.57842445373535
2019-10-11,17.478116989135742
2019-10-14,17.44771957397461
2019-10-15,17.310935974121094
2019-10-16,17.323091506958008
2019-10-17,17.456836700439453
2019-10-18,17.277498245239258
2019-10-21,17.086000442504883
2019-10-22,17.389963150024414
2019-10-23,17.751689910888672
2019-10-24,17.63010025024414
2019-10-25,17.554107666015625
2019-10-28,17.715208053588867
2019-10-29,18.84596824645996
2019-10-30,19.225927352905273
2019-10-31,18.931079864501953
2019-11-01,19.244171142578125
2019-11-04,18.824689865112305
2019-11-05,18.207637786865234
2019-11-06,18.700061798095703
2019-11-07,18.563278198242188
2019-11-08,18.648393630981445
2019-11-11,18.90068244934082
2019-11-12,18.8186092376709
2019-11-13,18.754777908325195
2019-11-14,19.180335998535156
2019-11-18,19.56333351135254
2019-11-19,19.915935516357422
2019-11-21,20.24421501159668
2019-11-22,19.83082389831543
2019-11-25,19.891613006591797
2019-11-26,19.776105880737305
2019-11-27,19.958492279052734
2019-11-28,19.900732040405273
2019-11-29,19.66667938232422
2019-12-02,19.29888153076172
2019-12-03,18.997953414916992
2019-12-04,19.408308029174805
2019-12-05,19.542049407958984
2019-12-06,19.882497787475586
2019-12-09,19.770029067993164
2019-12-10,19.7122745513916
2019-12-11,19.67884063720703
2019-12-12,20.365808486938477
2019-12-13,20.88254737854004
2019-12-16,20.669771194458008
2019-12-17,20.639373779296875
2019-12-18,20.578582763671875
2019-12-19,20.669771194458008
2019-12-20,20.809602737426758
2019-12-23,20.5694637298584
2019-12-26,20.432212829589844
2019-12-27,19.77035140991211
2019-12-30,19.687999725341797
2020-01-02,21.09101676940918
2020-01-03,21.539379119873047
2020-01-06,21.04831886291504
2020-01-07,21.13677406311035
2020-01-08,20.853120803833008
2020-01-09,21.197771072387695
2020-01-10,21.03917121887207
2020-01-13,21.24352264404297
2020-01-14,21.24352264404297
2020-01-15,21.295373916625977
2020-01-16,21.29842758178711
2020-01-17,22.070085525512695
2020-01-20,22.228683471679688
2020-01-21,22.021284103393555
2020-01-22,22.59468650817871
2020-01-23,22.835643768310547
2020-01-24,22.40558433532715
2020-01-27,22.039583206176758
2020-01-28,22.738040924072266
2020-01-29,22.41778564453125
2020-01-30,22.173784255981445
2020-01-31,22.768543243408203
2020-02-03,23.91840362548828
2020-02-04,23.790306091308594
2020-02-05,23.866554260253906
2020-02-06,23.3846435546875
2020-02-07,23.015592575073242
2020-02-10,22.73194122314453
2020-02-11,22.939342498779297
2020-02-12,23.91230583190918
2020-02-13,23.820804595947266
2020-02-14,23.698801040649414
2020-02-17,25.534929275512695
2020-02-18,25.193323135375977
2020-02-19,25.086572647094727
2020-02-20,25.08352279663086
2020-02-21,25.324472427368164
2020-02-26,23.91230583190918
2020-02-27,22.460487365722656
2020-02-28,21.658327102661133
2020-03-02,22.62519073486328
2020-03-03,22.353734970092773
2020-03-04,22.570289611816406
2020-03-05,21.197771072387695
2020-03-06,19.80695152282715
2020-03-09,17.787824630737305
2020-03-10,18.995647430419922
2020-03-11,17.903730392456055
2020-03-12,15.631446838378906
2020-03-13,17.580427169799805
2020-03-16,15.103793144226074
2020-03-17,15.445399284362793
2020-03-18,13.075516700744629
2020-03-19,12.840662002563477
2020-03-20,13.337820053100586
2020-03-23,13.334769248962402
2020-03-24,14.002728462219238
2020-03-25,16.77521514892578
2020-03-26,16.217060089111328
2020-03-27,13.883774757385254
2020-03-30,14.316883087158203
2020-03-31,14.237582206726074
2020-04-01,13.655025482177734
2020-04-02,13.908178329467773
2020-04-03,13.401870727539062
2020-04-06,14.246734619140625
2020-04-07,15.524697303771973
2020-04-08,16.619661331176758
2020-04-09,16.393957138061523
2020-04-13,16.973468780517578
2020-04-14,16.778261184692383
2020-04-15,17.202220916748047
2020-04-16,17.71462631225586
2020-04-17,18.00438117980957
2020-04-20,18.001331329345703
2020-04-22,18.391738891601562
2020-04-23,17.876279830932617
2020-04-24,16.19570541381836
2020-04-27,17.82442855834961
2020-04-28,17.717479705810547
2020-04-29,17.974262237548828
2020-04-30,18.081247329711914
2020-05-04,18.341075897216797
2020-05-05,18.588682174682617
2020-05-06,18.056791305541992
2020-05-07,16.699552536010742
2020-05-08,16.965497970581055
2020-05-11,16.47945785522461
2020-05-12,15.828350067138672
2020-05-13,16.140151977539062
2020-05-14,16.26853370666504
2020-05-15,17.148906707763672
2020-05-18,17.552413940429688
2020-05-19,17.54323959350586
2020-05-20,17.809186935424805
2020-05-21,18.460294723510742
2020-05-22,18.093477249145508
2020-05-25,18.616193771362305
2020-05-26,18.95550537109375
2020-05-27,18.634538650512695
2020-05-28,18.799606323242188
2020-05-29,18.441953659057617
2020-06-01,18.744585037231445
2020-06-02,19.028871536254883
2020-06-03,19.698320388793945
2020-06-04,19.890897750854492
2020-06-05,19.038042068481445
2020-06-08,19.285642623901367
2020-06-09,19.3590087890625
2020-06-10,19.707489013671875
2020-06-12,19.76251220703125
2020-06-15,19.41403579711914
2020-06-16,19.285642623901367
2020-06-17,20.312744140625
2020-06-18,20.85380744934082
2020-06-19,20.71624755859375
2020-06-22,20.762102127075195
2020-06-23,20.945510864257812
2020-06-24,20.55117416381836
2020-06-25,21.15643310546875
2020-06-26,20.413616180419922
2020-06-29,20.560348510742188
2020-06-30,21.229795455932617
2020-07-01,21.780033111572266
2020-07-02,22.128507614135742
2020-07-03,22.192705154418945
2020-07-06,22.339435577392578
2020-07-07,22.486164093017578
2020-07-08,22.302753448486328
2020-07-09,23.008878707885742
2020-07-10,22.990537643432617
2020-07-13,22.623720169067383
2020-07-14,22.632890701293945
2020-07-15,22.926345825195312
2020-07-16,23.054738998413086
2020-07-17,23.577455520629883
2020-07-20,24.2010498046875
2020-07-21,24.09100341796875
2020-07-22,24.118520736694336
2020-07-23,24.054323196411133
2020-07-24,24.173540115356445
2020-07-27,24.063495635986328
2020-07-28,23.797550201416016
2020-07-29,23.925935745239258
2020-07-30,23.953449249267578
2020-07-31,23.687501907348633
2020-08-03,23.687501907348633
2020-08-04,23.788375854492188
2020-08-05,23.843400955200195
2020-08-06,26.42949676513672
2020-08-07,26.392810821533203
2020-08-10,24.439485549926758
2020-08-11,25.29458999633789
2020-08-12,25.74513053894043
2020-08-13,25.643991470336914
2020-08-14,25.533658981323242
2020-08-17,24.82566261291504
2020-08-18,25.74513053894043
2020-08-19,25.469289779663086
2020-08-20,25.322175979614258
2020-08-21,25.837080001831055
2020-08-24,25.5704345703125
2020-08-25,25.598018646240234
2020-08-26,25.837080001831055
2020-08-27,25.938215255737305
2020-08-28,26.4807071685791
2020-08-31,26.535873413085938
2020-09-01,26.526681900024414
2020-09-02,27.44614601135254
2020-09-03,25.855466842651367
2020-09-04,25.38653564453125
2020-09-08,25.469289779663086
2020-09-09,26.554264068603516
2020-09-10,25.965803146362305
2020-09-11,25.423316955566406
2020-09-14,26.526681900024414
2020-09-15,26.664600372314453
2020-09-16,26.802520751953125
2020-09-17,26.085338592529297
2020-09-18,26.020973205566406
2020-09-21,25.800302505493164
2020-09-22,26.112918853759766
2020-09-23,24.926803588867188
2020-09-24,25.726743698120117
2020-09-25,26.030166625976562
2020-09-28,25.129087448120117
2020-09-29,25.046335220336914
2020-09-30,24.917612075805664
2020-10-01,25.29458999633789
2020-10-02,24.87163734436035
2020-10-05,24.82566261291504
2020-10-06,24.54982566833496
2020-10-07,24.779691696166992
2020-10-08,25.2302303314209
2020-10-09,24.82566261291504
2020-10-13,25.598018646240234
2020-10-14,26.06694793701172
2020-10-15,26.14969825744629
2020-10-16,26.554264068603516
2020-10-19,26.554264068603516
2020-10-20,26.269229888916016
2020-10-21,26.499099731445312
2020-10-22,26.67379379272461
2020-10-23,26.15889549255371
2020-10-26,25.993389129638672
2020-10-27,26.204866409301758
2020-10-28,25.285396575927734
2020-10-29,26.204866409301758
2020-10-30,24.82566261291504
2020-11-03,25.460098266601562
2020-11-04,26.29681396484375
2020-11-05,28.034610748291016
2020-11-06,28.567899703979492
2020-11-09,27.004804611206055
2020-11-10,25.165868759155273
2020-11-11,25.524456024169922
2020-11-12,25.147476196289062
2020-11-13,25.92902374267578
2020-11-16,25.29458999633789
2020-11-17,24.963586807250977
2020-11-18,25.2302303314209
2020-11-19,25.10150146484375
2020-11-23,24.650964736938477
2020-11-24,24.200428009033203
2020-11-25,24.30156135559082
2020-11-26,25.027944564819336
2020-11-27,25.44170570373535
2020-11-30,24.595800399780273
2020-12-01,23.68552017211914
2020-12-02,23.621156692504883
2020-12-03,23.28095817565918
2020-12-04,24.007333755493164
2020-12-07,23.75908088684082
2020-12-08,24.246397018432617
2020-12-09,23.657936096191406
2020-12-10,23.979753494262695
2020-12-11,23.29014778137207
2020-12-14,23.667131423950195
2020-12-15,23.998144149780273
2020-12-16,24.71532440185547
2020-12-17,26.03936195373535
2020-12-18,25.947416305541992
2020-12-21,25.837080001831055
2020-12-22,25.52334213256836
2020-12-23,25.661758422851562
2020-12-28,25.95703125
2020-12-29,25.89244270324707
2020-12-30,26.501462936401367
2021-01-04,25.615612030029297
2021-01-05,25.49565887451172
2021-01-06,24.286855697631836
2021-01-07,24.22226333618164
2021-01-08,25.83707618713379
2021-01-11,25.79094123840332
2021-01-12,26.455322265625
2021-01-13,26.39073371887207
2021-01-14,26.003173828125
2021-01-15,25.88321304321289
2021-01-18,26.575281143188477
2021-01-19,27.239660263061523
2021-01-20,27.562623977661133
2021-01-21,27.45189666748047
2021-01-22,27.74717903137207
2021-01-26,27.784088134765625
2021-01-27,26.519916534423828
2021-01-28,27.184295654296875
2021-01-29,26.206178665161133
2021-02-01,26.169269561767578
2021-02-02,27.94095230102539
2021-02-03,27.295026779174805
2021-02-04,27.424211502075195
2021-02-05,27.276569366455078
2021-02-08,28.097822189331055
2021-02-09,28.448471069335938
2021-02-10,28.983661651611328
2021-02-11,31.235183715820312
2021-02-12,31.964162826538086
2021-02-17,31.447418212890625
2021-02-18,31.281314849853516
2021-02-19,32.04720687866211
2021-02-22,30.902992248535156
2021-02-23,30.93067741394043
2021-02-24,30.57080078125
2021-02-25,29.47272491455078
2021-02-26,28.955984115600586
2021-03-01,29.048255920410156
2021-03-02,28.62379264831543
2021-03-03,28.540748596191406
2021-03-04,28.245460510253906
2021-03-05,27.793315887451172
2021-03-08,26.178497314453125
2021-03-09,27.239660263061523
2021-03-10,25.94780731201172
2021-03-11,25.431072235107422
2021-03-12,25.52334213256836
2021-03-15,26.501462936401367
2021-03-16,26.916698455810547
2021-03-17,27.396526336669922
2021-03-18,26.08622169494629
2021-03-19,26.676782608032227
2021-03-22,26.981292724609375
2021-03-23,26.575281143188477
2021-03-24,25.689435958862305
2021-03-25,26.030855178833008
2021-03-26,26.003173828125
2021-03-29,25.717117309570312
2021-03-30,26.759830474853516
2021-03-31,26.695241928100586
2021-04-01,26.51068687438965
2021-04-05,27.590309143066406
2021-04-06,27.72871971130371
2021-04-07,28.31928253173828
2021-04-08,28.69761085510254
2021-04-09,28.208553314208984
2021-04-12,28.87293243408203
2021-04-13,28.900615692138672
2021-04-14,28.540748596191406
2021-04-15,28.891389846801758
2021-04-16,28.74374771118164
2021-04-19,28.854480743408203
2021-04-20,28.688383102416992
2021-04-22,28.568077087402344
2021-04-23,29.067811965942383
2021-04-26,28.88272476196289
2021-04-27,28.382991790771484
2021-04-28,28.642114639282227
2021-04-29,28.873472213745117
2021-04-30,28.780927658081055
2021-05-03,30.030258178710938
2021-05-04,29.965482711791992
2021-05-05,30.141313552856445
2021-05-06,30.594776153564453
2021-05-07,31.446165084838867
2021-05-10,30.557758331298828
2021-05-11,29.428728103637695
2021-05-12,28.160888671875
2021-05-13,28.43851661682129
2021-05-14,28.6976375579834
2021-05-17,28.105363845825195
2021-05-18,28.836450576782227
2021-05-19,28.29970359802246
2021-05-20,29.39171028137207
2021-05-21,28.577333450317383
2021-05-24,30.122798919677734
2021-05-25,30.650297164916992
2021-05-26,30.483720779418945
2021-05-27,31.094507217407227
2021-05-28,31.04823112487793
2021-05-31,31.899633407592773
2021-06-01,31.5017032623291
2021-06-02,31.899633407592773
2021-06-04,32.28831100463867
2021-06-07,33.45436477661133
2021-06-08,33.167476654052734
2021-06-09,32.58445358276367
2021-06-10,33.13045883178711
2021-06-11,32.5751953125
2021-06-14,33.34330749511719
2021-06-15,33.1582145690918
2021-06-16,32.871341705322266
2021-06-17,33.463619232177734
2021-06-18,33.5098876953125
2021-06-21,34.01887512207031
2021-06-22,34.842498779296875
2021-06-23,35.05535125732422
2021-06-24,34.7407112121582
2021-06-25,34.11141586303711
2021-06-28,34.805484771728516
2021-06-29,34.611148834228516
2021-06-30,34.842498779296875
2021-07-01,33.74123764038086
2021-07-02,35.064613342285156
2021-07-05,34.45382308959961
2021-07-06,34.32426452636719
2021-07-07,35.444034576416016
2021-07-08,34.5833854675293
2021-07-12,34.92579650878906
2021-07-13,35.24969482421875
2021-07-14,35.05535125732422
2021-07-15,35.610618591308594
2021-07-16,35.05535125732422
2021-07-19,34.62965393066406
2021-07-20,34.675926208496094
2021-07-21,34.463077545166016
2021-07-22,35.258949279785156
2021-07-23,34.7407112121582
2021-07-26,35.05535125732422
2021-07-27,34.12066650390625
2021-07-28,33.68571853637695
2021-07-29,32.84357833862305
2021-07-30,32.7232666015625
2021-08-02,34.213218688964844
2021-08-03,33.778255462646484
2021-08-04,34.18545150756836
2021-08-05,34.816280364990234
2021-08-06,34.5658073425293
2021-08-09,34.6214714050293
2021-08-10,34.120521545410156
2021-08-11,33.39691162109375
2021-08-12,32.979454040527344
2021-08-13,33.35053634643555
2021-08-16,32.20946502685547
2021-08-17,32.11669921875
2021-08-18,32.09814453125
2021-08-19,33.953529357910156
2021-08-20,34.69568634033203
2021-08-23,34.278221130371094
2021-08-24,34.807003021240234
2021-08-25,36.254207611083984
2021-08-26,36.133602142333984
2021-08-27,36.625282287597656
2021-08-30,37.00563430786133
2021-08-31,36.73660659790039
2021-09-01,37.66429138183594
2021-09-02,36.45829772949219
2021-09-03,36.33769989013672
2021-09-06,36.179996490478516
2021-09-08,34.69568634033203
2021-09-09,35.178070068359375
2021-09-10,35.43783950805664
2021-09-13,35.33890914916992
2021-09-14,35.85039520263672
2021-09-15,36.26888656616211
2021-09-16,36.082889556884766
2021-09-17,35.208709716796875
2021-09-20,34.31593704223633
2021-09-21,34.50193786621094
2021-09-22,36.343284606933594
2021-09-23,36.3897819519043
2021-09-24,35.33890914916992
2021-09-27,34.28804397583008
2021-09-28,33.10697555541992
2021-09-29,32.99538040161133
2021-09-30,33.571964263916016
2021-10-01,34.19504165649414
2021-10-04,32.4281005859375
2021-10-05,31.433027267456055
2021-10-06,31.014541625976562
2021-10-07,31.033143997192383
2021-10-08,32.23280715942383
2021-10-11,31.693429946899414
2021-10-13,33.2371711730957
2021-10-14,33.68356704711914
2021-10-15,32.81869125366211
2021-10-18,33.29296875
2021-10-19,31.981714248657227
2021-10-20,31.11684226989746
2021-10-21,30.27986717224121
2021-10-22,29.647483825683594
2021-10-25,31.042448043823242
2021-10-26,31.061046600341797
2021-10-27,30.875051498413086
2021-10-28,30.6053524017334
2021-10-29,30.46586036682129
2021-11-01,30.782052993774414
2021-11-03,31.916624069213867
2021-11-04,32.037513732910156
2021-11-05,32.54899597167969
2021-11-08,32.08401107788086
2021-11-09,32.65129089355469
2021-11-10,32.641990661621094
2021-11-11,33.813758850097656
2021-11-12,33.06977462768555
2021-11-16,32.335105895996094
2021-11-17,32.09330368041992
2021-11-18,32.88378143310547
2021-11-19,32.846588134765625
2021-11-22,30.782052993774414
2021-11-23,29.24759864807129
2021-11-24,29.870676040649414
2021-11-25,30.121774673461914
2021-11-26,29.136001586914062
2021-11-29,29.8892765045166
2021-11-30,29.470792770385742
2021-12-01,27.722448348999023
2021-12-02,28.15023422241211
2021-12-03,28.36412811279297
2021-12-06,28.475723266601562
2021-12-07,29.1825008392334
2021-12-08,29.90787696838379
2021-12-09,29.331298828125
2021-12-10,30.06597328186035
2021-12-13,29.777681350708008
2021-12-14,28.736114501953125
2021-12-15,29.573087692260742
2021-12-16,28.215333938598633
2021-12-17,27.610851287841797
2021-12-20,27.127262115478516
2021-12-21,27.08077049255371
2021-12-22,27.22026252746582
2021-12-23,26.72737693786621
2021-12-27,26.792476654052734
2021-12-28,26.336788177490234
2021-12-29,26.0565128326416
2021-12-30,26.757204055786133
2022-01-03,25.692150115966797
2022-01-04,24.655118942260742
2022-01-05,23.562034606933594
2022-01-06,24.290761947631836
2022-01-07,23.449926376342773
2022-01-10,22.88936996459961
2022-01-11,23.646120071411133
2022-01-12,23.646120071411133
2022-01-13,23.562034606933594
2022-01-14,23.543350219726562
2022-01-17,23.627437591552734
2022-01-18,22.58106231689453
2022-01-19,23.63677406311035
2022-01-20,24.63643455505371
2022-01-21,24.879343032836914
2022-01-24,24.150619506835938
2022-01-25,24.64577293395996
2022-01-26,25.234363555908203
2022-01-27,26.08454132080078
2022-01-28,25.95374298095703
2022-01-31,27.158939361572266
2022-02-01,27.03748321533203
2022-02-02,26.738523483276367
2022-02-03,26.346132278442383
2022-02-04,26.5983829498291
2022-02-07,26.570354461669922
2022-02-08,26.112564086914062
2022-02-09,26.62641143798828
2022-02-10,25.87900161743164
2022-02-11,25.813600540161133
2022-02-14,26.785234451293945
2022-02-15,28.233335494995117
2022-02-16,28.44821548461914
2022-02-17,30.101858139038086
2022-02-18,29.728153228759766
2022-02-21,29.111541748046875
2022-02-22,30.466217041015625
2022-02-23,30.456867218017578
2022-02-24,30.66240692138672
2022-02-25,30.87729263305664
2022-03-02,31.15756607055664
2022-03-03,31.28836441040039
2022-03-04,30.344762802124023
2022-03-07,28.96206283569336
2022-03-08,29.382474899291992
2022-03-09,30.867948532104492
2022-03-10,30.438188552856445
2022-03-11,30.382139205932617
2022-03-14,29.92434310913086
2022-03-15,30.02711296081543
2022-03-16,30.73715591430664
2022-03-17,30.895971298217773
2022-03-18,31.46587562561035
2022-03-21,30.76518440246582
2022-03-22,31.904979705810547
2022-03-23,32.32538986206055
2022-03-24,32.5589599609375
2022-03-25,32.11985778808594
2022-03-28,32.44685363769531
2022-03-29,33.782840728759766
2022-03-30,34.13785171508789
2022-03-31,33.98837661743164
2022-04-01,34.371429443359375
2022-04-04,35.03474426269531
2022-04-05,34.57695388793945
2022-04-06,33.717437744140625
2022-04-07,33.3624267578125
2022-04-08,33.3811149597168
2022-04-11,33.11951446533203
2022-04-12,33.446502685546875
2022-04-13,34.08180236816406
2022-04-14,32.6990966796875
2022-04-18,31.87694549560547
2022-04-19,33.642696380615234
2022-04-20,33.00740432739258
2022-04-22,32.52159118652344
2022-04-25,32.35342788696289
2022-04-26,30.2513370513916
2022-04-27,30.438188552856445
2022-04-28,30.952035903930664
2022-04-29,29.86829376220703
2022-05-02,29.634723663330078
2022-05-03,29.22365379333496
2022-05-04,30.06448745727539
2022-05-05,26.719837188720703
2022-05-06,25.45858383178711
2022-05-09,23.356502532958984
2022-05-10,24.290761947631836
2022-05-11,24.1693058013916
2022-05-12,23.79560089111328
2022-05-13,24.720521926879883
2022-05-16,24.402870178222656
2022-05-17,24.935396194458008
2022-05-18,24.720521926879883
2022-05-19,25.019481658935547
2022-05-20,25.14093780517578
2022-05-23,25.28107261657715
2022-05-24,24.449583053588867
2022-05-25,24.795263290405273
2022-05-26,25.682804107666016
2022-05-27,25.935056686401367
2022-05-30,25.99110984802246
2022-05-31,26.504955291748047
2022-06-01,27.03748321533203
2022-06-02,27.4392147064209
2022-06-03,27.07485008239746
2022-06-06,27.000110626220703
2022-06-07,26.1966495513916
2022-06-08,26.243364334106445
2022-06-09,25.70149040222168
2022-06-10,24.505640029907227
2022-06-13,23.057533264160156
2022-06-14,23.356502532958984
2022-06-15,23.692834854125977
2022-06-17,22.805282592773438
2022-06-20,21.67483139038086
2022-06-21,22.450265884399414
2022-06-22,22.198017120361328
2022-06-23,22.496980667114258
2022-06-24,22.40355110168457
2022-06-27,22.665145874023438
2022-06-28,22.216699600219727
2022-06-29,21.74022674560547
2022-06-30,21.730884552001953
2022-07-01,22.001821517944336
2022-07-04,21.852340698242188
2022-07-05,22.702516555786133
2022-07-06,23.580720901489258
2022-07-07,24.001140594482422
2022-07-08,23.28175926208496
2022-07-11,22.459613800048828
2022-07-12,22.132619857788086
2022-07-13,22.057878494262695
2022-07-14,21.712202072143555
2022-07-15,21.730884552001953
2022-07-18,21.852340698242188
2022-07-19,23.048192977905273
2022-07-20,24.17864418029785
2022-07-21,24.63643455505371
2022-07-22,24.187990188598633
2022-07-25,24.150619506835938
2022-07-26,23.431241989135742
2022-07-27,24.421552658081055
2022-07-28,24.64577293395996
2022-07-29,24.63643455505371
2022-08-01,24.47761344909668
2022-08-02,24.67380142211914
2022-08-03,25.38384437561035
2022-08-04,25.785572052001953
2022-08-05,25.279239654541016
2022-08-08,26.4606876373291
2022-08-09,26.348169326782227
2022-08-10,28.326627731323242
2022-08-11,27.951562881469727
2022-08-12,28.63605499267578
2022-08-15,28.336002349853516
2022-08-16,27.745277404785156
2022-08-17,28.19535255432129
2022-08-18,29.14238739013672
2022-08-19,28.879844665527344
2022-08-22,28.223482131958008
2022-08-23,28.579795837402344
2022-08-24,28.982986450195312
2022-08-25,29.001739501953125
2022-08-26,27.651514053344727
2022-08-29,27.698396682739258
2022-08-30,27.163928985595703
2022-08-31,26.770116806030273
2022-09-01,26.807621002197266
2022-09-02,27.163928985595703
2022-09-05,27.27644920349121
2022-09-06,26.42318344116211
2022-09-08,26.967023849487305
2022-09-09,27.435850143432617
2022-09-12,27.660890579223633
2022-09-13,27.58587646484375
2022-09-14,27.989070892333984
2022-09-15,27.46398162841797
2022-09-16,27.839046478271484
2022-09-19,27.810914993286133
2022-09-20,27.839046478271484
2022-09-21,28.129716873168945
2022-09-22,28.064085006713867
2022-09-23,27.726524353027344
2022-09-26,26.4606876373291
2022-09-27,26.938892364501953
2022-09-28,27.388967514038086
2022-09-29,26.78886604309082
2022-09-30,27.52024269104004
2022-10-03,29.02049446105957
2022-10-04,29.18927001953125
2022-10-05,29.358049392700195
2022-10-06,29.2174015045166
2022-10-07,29.254907608032227
2022-10-10,29.479944229125977
2022-10-11,28.411014556884766
2022-10-13,28.24223518371582
2022-10-14,27.942188262939453
2022-10-17,29.06737518310547
2022-10-18,29.676855087280273
2022-10-19,29.611217498779297
2022-10-20,29.62059211730957
2022-10-21,29.358049392700195
2022-10-24,29.161142349243164
2022-10-25,28.185977935791016
2022-10-26,27.58587646484375
2022-10-27,28.84233856201172
2022-10-28,29.74248695373535
2022-10-31,31.092714309692383
2022-11-01,30.10817527770996
2022-11-03,30.314462661743164
2022-11-04,30.38947296142578
2022-11-07,29.845630645751953
2022-11-08,30.098796844482422
2022-11-09,31.308372497558594
2022-11-10,29.601839065551758
2022-11-11,29.2174015045166
2022-11-14,30.623886108398438
2022-11-16,28.382884979248047
2022-11-17,27.651514053344727
2022-11-18,27.670265197753906
2022-11-21,28.486024856567383
2022-11-22,27.642139434814453
2022-11-23,27.37959098815918
2022-11-24,28.5610408782959
2022-11-25,27.051410675048828
2022-11-28,27.070165634155273
2022-11-29,27.388967514038086
2022-11-30,28.93610191345215
2022-12-01,27.604629516601562
2022-12-02,28.317249298095703
2022-12-05,26.048120498657227
2022-12-06,26.470067977905273
2022-12-07,25.851211547851562
2022-12-08,25.354251861572266
2022-12-09,25.09170913696289
2022-12-12,24.4541015625
2022-12-13,24.388465881347656
2022-12-14,24.547868728637695
2022-12-15,24.510360717773438
2022-12-16,23.844621658325195
2022-12-19,24.979190826416016
2022-12-20,25.616796493530273
2022-12-21,26.638843536376953
2022-12-22,26.198143005371094
2022-12-23,26.582584381103516
2022-12-26,25.36362648010254
2022-12-27,25.09170913696289
2022-12-28,26.16063690185547
2022-12-29,25.898096084594727
2023-01-02,24.46193504333496
2023-01-03,23.621028900146484
2023-01-04,24.310762405395508
2023-01-05,25.41622543334961
2023-01-06,25.83195686340332
2023-01-09,26.32326889038086
2023-01-10,27.23976707458496
2023-01-11,27.542116165161133
2023-01-12,27.01300621032715
2023-01-13,26.606725692749023
2023-01-16,26.11540412902832
2023-01-17,27.646047592163086
2023-01-18,28.127920150756836
2023-01-19,28.014535903930664
2023-01-20,27.494871139526367
2023-01-23,28.00508689880371
2023-01-24,28.553096771240234
2023-01-25,28.335784912109375
2023-01-26,27.891704559326172
2023-01-27,27.494871139526367
2023-01-30,27.98619270324707
2023-01-31,28.41136932373047
2023-02-01,28.477508544921875
2023-02-02,28.82710075378418
2023-02-03,28.071226119995117
2023-02-06,28.420820236206055
2023-02-07,27.683839797973633
2023-02-08,28.789308547973633
2023-02-09,28.042882919311523
2023-02-10,28.401920318603516
2023-02-13,28.26019859313965
2023-02-14,28.194059371948242
2023-02-15,27.0224552154541
2023-02-16,26.927968978881836
2023-02-17,27.15473175048828
2023-02-22,26.653966903686523
2023-02-23,27.1641788482666
2023-02-24,26.257131576538086
2023-02-27,26.427204132080078
2023-02-28,25.78471565246582
2023-03-01,25.652433395385742
2023-03-02,25.954782485961914
2023-03-03,26.18154525756836
2023-03-06,26.35161781311035
2023-03-07,26.068164825439453
2023-03-08,26.48389434814453
2023-03-09,26.17209815979004
2023-03-10,25.88864517211914
2023-03-13,26.502790451049805
2023-03-14,26.965763092041016
2023-03-15,27.23976707458496
2023-03-16,27.353147506713867
2023-03-17,26.93741798400879
2023-03-20,26.276029586791992
2023-03-21,26.408306121826172
2023-03-22,26.3421688079834
2023-03-23,24.84931755065918
2023-03-24,25.576847076416016
2023-03-27,25.746917724609375
2023-03-28,26.087060928344727
2023-03-29,26.285472869873047
2023-03-30,27.003555297851562
2023-03-31,26.606725692749023
2023-04-03,26.62561798095703
2023-04-04,27.51377296447754
2023-04-05,26.833484649658203
2023-04-06,25.737468719482422
2023-04-10,25.746917724609375
2023-04-11,26.644519805908203
2023-04-12,26.833484649658203
2023-04-13,25.208358764648438
2023-04-14,25.274499893188477
2023-04-17,25.62409019470215
2023-04-18,24.991046905517578
2023-04-19,24.14069175720215
2023-04-20,24.254072189331055
2023-04-24,24.376895904541016
2023-04-25,24.216278076171875
2023-04-26,23.970619201660156
2023-04-27,24.036758422851562
2023-04-28,24.24462127685547
2023-05-02,24.036758422851562
2023-05-03,24.055654525756836
2023-05-04,24.528072357177734
2023-05-05,25.085527420043945
2023-05-08,25.83195686340332
2023-05-09,26.379961013793945
2023-05-10,26.48389434814453
2023-05-11,26.48389434814453
2023-05-12,26.3894100189209
2023-05-15,27.01300621032715
2023-05-16,26.73900032043457
2023-05-17,27.06024742126465
2023-05-18,27.457077026367188
2023-05-19,27.315357208251953
2023-05-22,27.315357208251953
2023-05-23,27.230318069458008
2023-05-24,26.653966903686523
2023-05-25,28.194059371948242
2023-05-26,28.118471145629883
2023-05-29,27.683839797973633
2023-05-30,27.504323959350586
2023-05-31,27.173627853393555
2023-06-01,28.430267333984375
2023-06-02,27.23976707458496
2023-06-05,27.1169376373291
2023-06-06,27.938945770263672
2023-06-07,28.061779022216797
2023-06-09,28.212955474853516
2023-06-12,28.82710075378418
2023-06-13,28.297990798950195
2023-06-14,28.250749588012695
2023-06-15,28.675928115844727
2023-06-16,28.23185157775879
2023-06-19,28.335784912109375
2023-06-20,28.279090881347656
2023-06-21,27.87281036376953
2023-06-22,27.37204360961914
2023-06-23,28.127920150756836
2023-06-26,27.749982833862305
2023-06-27,27.617704391479492
2023-06-28,27.390939712524414
2023-06-29,27.938945770263672
2023-06-30,28.326337814331055
2023-07-03,28.893239974975586
2023-07-04,28.619237899780273
2023-07-05,29.12944984436035
2023-07-06,28.297990798950195
2023-07-07,28.817651748657227
2023-07-10,28.3641300201416
2023-07-11,28.042882919311523
2023-07-12,27.98619270324707
2023-07-13,28.288543701171875
2023-07-14,27.806671142578125
2023-07-17,27.948400497436523
2023-07-18,27.542116165161133
2023-07-19,27.409839630126953
2023-07-20,26.956315994262695
2023-07-21,27.655498504638672
2023-07-24,27.901153564453125
2023-07-25,27.82556915283203
2023-07-26,28.090124130249023
2023-07-27,27.608257293701172
2023-07-28,27.817768096923828
2023-07-31,28.16061019897461
2023-08-01,28.19870376586914
2023-08-02,28.06537437438965
2023-08-03,28.16061019897461
2023-08-04,27.91300392150879
2023-08-07,28.208229064941406
2023-08-08,28.06537437438965
2023-08-09,26.941621780395508
2023-08-10,26.570205688476562
2023-08-11,26.027376174926758
2023-08-14,26.198795318603516
2023-08-15,26.189273834228516
2023-08-16,26.084518432617188
2023-08-17,26.398786544799805
2023-08-18,26.589252471923828
2023-08-21,26.313074111938477
2023-08-22,26.551158905029297
2023-08-23,26.913047790527344
2023-08-24,26.846385955810547
2023-08-25,26.522594451904297
2023-08-28,26.913047790527344
2023-08-29,27.26541519165039
2023-08-30,27.15113067626953
2023-08-31,26.417835235595703
2023-09-01,26.4749755859375
2023-09-04,26.608301162719727
2023-09-05,26.408308029174805
2023-09-06,26.43688201904297
2023-09-08,26.379743576049805
2023-09-11,26.694011688232422
2023-09-12,27.255891799926758
2023-09-13,27.33207893371582
2023-09-14,27.67491912841797
2023-09-15,28.09394645690918
2023-09-18,26.941621780395508
2023-09-19,25.617870330810547
2023-09-20,25.722625732421875
2023-09-21,25.084562301635742
2023-09-22,25.160749435424805
2023-09-25,25.65596580505371
2023-09-26,25.151226043701172
2023-09-27,25.18932342529297
2023-09-28,25.475021362304688
2023-09-29,25.713104248046875
2023-10-02,25.8940486907959
2023-10-03,25.008377075195312
2023-10-04,25.52263641357422
2023-10-05,25.37026023864746
2023-10-06,25.2464599609375
2023-10-09,25.713104248046875
2023-10-10,26.189273834228516
2023-10-11,26.17022705078125
2023-10-13,25.484546661376953
2023-10-16,25.59882354736328
2023-10-17,25.44645118713379
2023-10-18,24.817907333374023
2023-10-19,24.894094467163086
2023-10-20,24.503637313842773
2023-10-23,24.52268409729004
2023-10-24,24.379833221435547
2023-10-25,24.28459930419922
2023-10-26,25.14170265197754
2023-10-27,24.341739654541016
2023-10-30,23.913190841674805
2023-10-31,24.103656768798828
2023-11-01,25.008377075195312
2023-11-03,26.38926124572754
2023-11-06,26.379743576049805
2023-11-07,27.322555541992188
2023-11-08,28.865339279174805
2023-11-09,29.503408432006836
2023-11-10,30.284320831298828
2023-11-13,31.141429901123047
2023-11-14,31.074764251708984
2023-11-16,31.836627960205078
2023-11-17,30.97952651977539
2023-11-20,31.45570182800293
2023-11-21,31.4176025390625
2023-11-22,31.817584991455078
2023-11-23,31.4271297454834
2023-11-24,30.7890625
2023-11-27,31.51283836364746
2023-11-28,31.960439682006836
2023-11-29,31.884248733520508
2023-11-30,31.722354888916016
2023-12-01,32.22709274291992
2023-12-04,32.53184127807617
2023-12-05,32.790565490722656
2023-12-06,32.99179458618164
2023-12-07,33.154685974121094
2023-12-08,32.924713134765625
2023-12-11,32.33061218261719
2023-12-12,31.190317153930664
2023-12-13,32.53184509277344
2023-12-14,32.761817932128906
2023-12-15,32.50308609008789
2023-12-18,32.33061218261719
2023-12-19,33.010955810546875
2023-12-20,31.679019927978516
2023-12-21,31.956897735595703
2023-12-22,31.47779083251953
2023-12-26,32.1293830871582
2023-12-27,32.56058883666992
2023-12-28,32.2827033996582
2024-01-02,31.621522903442383
2024-01-03,31.583187103271484
2024-01-04,30.759119033813477
2024-01-05,30.931598663330078
2024-01-08,31.132829666137695
2024-01-09,31.17115592956543
2024-01-10,31.084917068481445
2024-01-11,31.075334548950195
2024-01-12,31.38196563720703
2024-01-15,31.084917068481445
2024-01-16,30.87410545349121
2024-01-17,30.922014236450195
2024-01-18,30.09794044494629
2024-01-19,30.394990921020508
2024-01-22,29.139711380004883
2024-01-23,29.66673469543457
2024-01-24,29.61882781982422
2024-01-25,29.609243392944336
2024-01-26,29.590078353881836
2024-01-29,30.11710548400879
2024-01-30,29.877548217773438
2024-01-31,30.203344345092773
2024-02-01,30.68246078491211
2024-02-02,30.356664657592773
2024-02-05,30.46207046508789
2024-02-06,30.998672485351562
2024-02-07,31.47779083251953
2024-02-08,28.40187644958496
2024-02-09,29.340940475463867
2024-02-14,28.73725700378418
2024-02-15,29.360105514526367
2024-02-16,29.5517520904541
2024-02-19,29.580495834350586
2024-02-20,29.75297737121582
2024-02-21,29.75297737121582
2024-02-22,30.45248794555664
2024-02-23,30.212928771972656
2024-02-26,30.203344345092773
2024-02-27,29.954208374023438
2024-02-28,29.5517520904541
2024-02-29,29.408016204833984
2024-03-01,29.85838508605957
2024-03-04,29.4750919342041
2024-03-05,29.168458938598633
2024-03-06,29.89671516418457
2024-03-07,28.82349967956543
2024-03-08,28.871408462524414
2024-03-11,28.948068618774414
2024-03-12,29.906293869018555
2024-03-13,29.89671516418457
2024-03-14,29.70506477355957
2024-03-15,29.695486068725586
2024-03-18,28.813913345336914
2024-03-19,28.842660903930664
2024-03-20,29.388853073120117
2024-03-21,29.70506477355957
2024-03-22,29.2451171875
2024-03-25,28.976816177368164
2024-03-26,27.299911499023438
2024-03-27,27.817359924316406
2024-03-28,27.194509506225586
2024-04-01,26.954952239990234
2024-04-02,26.6866512298584
2024-04-03,26.667484283447266
2024-04-04,27.069942474365234
2024-04-05,27.07952117919922
2024-04-08,27.232839584350586
2024-04-09,26.907041549682617
2024-04-10,26.5716609954834
2024-04-11,26.32252311706543
2024-04-12,26.236282348632812
2024-04-15,25.776334762573242
2024-04-16,25.354713439941406
2024-04-17,25.958396911621094
2024-04-18,26.600406646728516
2024-04-19,26.926206588745117
2024-04-22,27.68320655822754
2024-04-23,27.22325897216797
2024-04-24,26.935791015625
2024-04-25,26.792055130004883
2024-04-26,26.907041549682617
2024-04-29,26.782472610473633
2024-04-30,26.38960075378418
2024-05-02,26.59082794189453
2024-05-03,27.00286102294922
2024-05-06,26.744144439697266
2024-05-07,26.715396881103516
2024-05-08,26.974117279052734
2024-05-09,27.32866096496582
2024-05-10,26.830381393432617
2024-05-13,26.897457122802734
2024-05-14,27.194509506225586
2024-05-15,27.319080352783203
2024-05-16,27.951509475708008
2024-05-17,27.510723114013672
2024-05-20,27.817359924316406
2024-05-21,28.363548278808594
2024-05-22,28.698928833007812
2024-05-23,28.440208435058594
2024-05-24,27.84610366821289
2024-05-27,27.61612892150879
2024-05-28,27.309497833251953
2024-05-29,27.213672637939453
2024-05-31,27.520307540893555
2024-06-03,27.1082706451416
2024-06-04,26.8782901763916
2024-06-05,26.830381393432617
2024-06-06,27.75028419494629
2024-06-07,27.309497833251953
2024-06-10,27.347829818725586
2024-06-11,27.884435653686523
2024-06-12,27.788612365722656
2024-06-13,28.353967666625977
2024-06-14,29.312192916870117
2024-06-17,29.149293899536133
2024-06-18,28.49770164489746
2024-06-19,28.20064926147461
2024-06-20,28.258142471313477
2024-06-21,28.583938598632812
2024-06-24,28.93848419189453
2024-06-25,29.00556182861328
2024-06-26,28.995981216430664
2024-06-27,29.599660873413086
2024-06-28,29.15888023376465
2024-07-01,28.641433715820312
2024-07-02,28.047334671020508
2024-07-03,28.411457061767578
2024-07-04,28.430625915527344
2024-07-05,28.267724990844727
2024-07-08,28.651018142700195
2024-07-09,28.651018142700195
2024-07-10,28.91931915283203
2024-07-11,28.593523025512695
2024-07-12,28.056915283203125
2024-07-15,28.373130798339844
2024-07-16,27.366992950439453
2024-07-17,27.721532821655273
2024-07-18,26.86871337890625
2024-07-19,26.88787841796875
2024-07-22,27.319080352783203
2024-07-23,26.954952239990234
2024-07-24,26.667484283447266
2024-07-25,26.427927017211914
2024-07-26,26.954952239990234
2024-07-29,26.52375030517578
2024-07-30,26.370433807373047
2024-07-31,26.59082794189453
2024-08-01,26.466257095336914
2024-08-02,26.466257095336914
2024-08-05,25.852991104125977
2024-08-06,26.111711502075195
2024-08-07,26.507932662963867
2024-08-08,27.590280532836914
2024-08-09,28.62431526184082
2024-08-12,28.50834846496582
2024-08-13,28.30540657043457
2024-08-14,28.662967681884766
2024-08-15,28.121793746948242
2024-08-16,28.527673721313477
2024-08-19,28.894901275634766
2024-08-20,29.010866165161133
2024-08-21,30.006240844726562
2024-08-22,29.542377471923828
2024-08-23,30.4024600982666
2024-08-26,30.537755966186523
2024-08-27,30.315486907958984
2024-08-28,29.725990295410156
2024-08-29,29.474729537963867
2024-08-30,28.962549209594727
2024-09-02,28.276412963867188
2024-09-03,28.363388061523438
2024-09-04,28.962549209594727
2024-09-05,28.778934478759766
2024-09-06,28.37305450439453
2024-09-09,28.22809410095215
2024-09-10,28.35372543334961
2024-09-11,28.392377853393555
2024-09-12,28.37305450439453
2024-09-13,29.16548728942871
2024-09-16,29.242801666259766
2024-09-17,28.972213745117188
2024-09-18,28.633974075317383
2024-09-19,28.78860092163086
2024-09-20,27.976835250854492
2024-09-23,27.638601303100586
2024-09-24,28.034818649291992
2024-09-25,27.66758918762207
2024-09-26,27.136079788208008
2024-09-27,27.329357147216797
2024-09-30,27.59994888305664
2024-10-01,27.696582794189453
2024-10-02,28.46002960205078
2024-10-03,27.17473793029785
2024-10-04,27.049104690551758
2024-10-07,27.068435668945312
2024-10-08,27.348684310913086
2024-10-09,27.25204849243164
2024-10-10,27.09742546081543
2024-10-11,27.05876922607422
2024-10-14,27.31969451904297
2024-10-15,27.213388442993164
2024-10-16,27.638601303100586
2024-10-17,27.416332244873047
2024-10-18,27.58061981201172
2024-10-21,27.860868453979492
2024-10-22,27.880197525024414
2024-10-23,27.706249237060547
2024-10-24,27.66758918762207
2024-10-25,27.899526596069336
2024-10-28,28.28607940673828
2024-10-29,28.218433380126953
2024-10-30,28.50834846496582
2024-10-31,28.836915969848633
2024-11-01,29.909603118896484
2024-11-04,32.06464767456055
2024-11-05,33.26295852661133
2024-11-06,32.857078552246094
2024-11-07,30.083553314208984
2024-11-08,29.8226318359375
2024-11-11,28.991540908813477
2024-11-12,28.972213745117188
2024-11-13,28.68229866027832
2024-11-14,28.991540908813477
2024-11-18,28.827251434326172
2024-11-19,29.416749954223633
2024-11-21,28.914230346679688
2024-11-22,28.81758689880371
2024-11-25,28.769269943237305
2024-11-26,29.32010841369629
2024-11-27,27.79322052001953
2024-11-28,26.604570388793945
2024-11-29,26.536922454833984
2024-12-02,25.966754913330078
2024-12-03,26.082721710205078
2024-12-04,26.41399383544922
2024-12-05,27.339603424072266
2024-12-06,26.647830963134766
2024-12-09,26.99858856201172
2024-12-10,28.167783737182617
2024-12-11,30.24309730529785
2024-12-12,29.5220947265625
2024-12-13,28.42110252380371
2024-12-16,27.173965454101562
2024-12-17,27.37857437133789
2024-12-18,25.887855529785156
2024-12-19,26.745264053344727
2024-12-20,26.803720474243164
2024-12-23,26.940128326416016
2024-12-26,26.608858108520508
2024-12-27,26.336048126220703
2024-12-30,26.063234329223633
2025-01-02,25.702733993530273
2025-01-03,25.468896865844727
2025-01-06,26.667316436767578
2025-01-07,26.316560745239258
2025-01-08,25.44940948486328
2025-01-09,25.965803146362305
2025-01-10,26.024259567260742
2025-01-13,26.04374885559082
2025-01-14,26.8621826171875
2025-01-15,28.041118621826172
2025-01-16,27.77804946899414
2025-01-17,27.476009368896484
2025-01-20,27.719589233398438
2025-01-21,28.304183959960938
2025-01-22,28.557512283325195
2025-01-23,28.489307403564453
2025-01-24,29.142107009887695
2025-01-27,30.408729553222656
2025-01-28,29.999515533447266
2025-01-29,30.35027313232422
2025-01-30,31.772789001464844
2025-01-31,33.18556594848633
2025-02-03,33.37067794799805
2025-02-04,32.6107177734375
2025-02-05,31.35382843017578
2025-02-06,31.821504592895508
2025-02-07,32.67891311645508
2025-02-10,33.01992416381836
2025-02-11,33.12710189819336
2025-02-12,32.20149612426758
2025-02-13,33.08812713623047
2025-02-14,33.5168342590332
2025-02-17,33.62400817871094
2025-02-18,33.41939926147461
2025-02-19,33.16607666015625
2025-02-20,34.18912124633789
2025-02-21,34.159889221191406
2025-02-24,33.44862747192383
2025-02-25,34.5691032409668
2025-02-26,34.8906364440918
2025-02-27,34.8906364440918
2025-02-28,34.06245803833008
2025-03-05,33.80913162231445
2025-03-06,33.89681625366211
2025-03-07,33.2440185546875
2025-03-10,33.36094284057617
2025-03-11,32.63993835449219
2025-03-12,32.34764099121094
2025-03-13,32.34764099121094
2025-03-14,32.6107177734375
2025-03-17,32.834800720214844
2025-03-18,33.77989959716797
2025-03-19,34.0916862487793
2025-03-20,33.80913162231445
2025-03-21,33.5168342590332
2025-03-24,32.7178840637207
2025-03-25,33.01140594482422
2025-03-26,32.395015716552734
2025-03-27,32.40479278564453
2025-03-28,32.67875289916992
2025-03-31,32.64939880371094
2025-04-01,33.13859558105469
2025-04-02,33.01140594482422
2025-04-03,33.7549934387207
2025-04-04,33.41255569458008
2025-04-07,32.75701904296875
2025-04-08,33.07989501953125
2025-04-09,33.500614166259766
2025-04-10,33.12881851196289
2025-04-11,33.950679779052734
2025-04-14,35.01714324951172
2025-04-15,35.38893127441406
2025-04-16,35.21282196044922
2025-04-17,35.848785400390625
2025-04-22,36.1618766784668
2025-04-23,36.17165756225586
2025-04-24,36.17165756225586
2025-04-25,36.70977783203125
2025-04-28,36.38690185546875
2025-04-29,36.42604446411133
2025-04-30,36.807621002197266
2025-05-02,36.58258056640625
2025-05-05,36.57280731201172
2025-05-06,35.848785400390625
2025-05-07,36.36733627319336
2025-05-08,37.1989860534668
2025-05-09,37.502288818359375
2025-05-12,38.15782165527344
2025-05-13,39.576507568359375
2025-05-14,39.76240539550781
2025-05-15,39.7917594909668
2025-05-16,40.682106018066406
2025-05-19,41.18109893798828
2025-05-20,40.89735794067383
2025-05-21,40.87778854370117
2025-05-22,40.89735794067383
2025-05-23,41.582244873046875
2025-05-26,41.973602294921875
2025-05-27,42.65848159790039
2025-05-28,42.41388702392578
2025-05-29,41.87575912475586
2025-05-30,41.29850387573242
2025-06-02,41.11260986328125
2025-06-03,40.613616943359375
2025-06-04,40.80929946899414
2025-06-05,39.87981033325195
2025-06-06,40.095062255859375
2025-06-09,40.01679229736328
2025-06-10,40.065711975097656
2025-06-11,40.00700759887695
2025-06-12,40.417938232421875
2025-06-13,40.153770446777344
2025-06-16,40.574485778808594
2025-06-17,40.858219146728516
2025-06-18,41.49418640136719
2025-06-20,40.00700759887695
2025-06-23,40.82887268066406
2025-06-24,41.16272735595703
2025-06-25,40.59320068359375
2025-06-26,41.10380935668945
2025-06-27,40.76995086669922
2025-06-30,41.447486877441406
2025-07-01,41.712608337402344
2025-07-02,41.044891357421875
2025-07-03,42.02682876586914
2025-07-04,42.33123016357422
2025-07-07,40.22006607055664
2025-07-08,40.97615432739258
2025-07-09,41.34929275512695
2025-07-10,40.84850311279297
2025-07-11,40.347721099853516
2025-07-14,40.720855712890625
2025-07-15,41.67333221435547
2025-07-16,41.65369415283203
2025-07-17,41.49658203125
2025-07-18,40.94670104980469
2025-07-21,41.34929275512695
2025-07-22,40.90742492675781
2025-07-23,42.09556198120117
2025-07-24,42.242855072021484
2025-07-25,42.22321701049805
2025-07-28,41.97773361206055
2025-07-29,42.27231216430664
2025-07-30,42.9891242980957
2025-07-31,42.822200775146484
2025-08-01,43.00876235961914
2025-08-04,42.969482421875
2025-08-05,43.10696029663086
2025-08-06,43.31316375732422
2025-08-07,42.075923919677734
2025-08-08,42.17411804199219
2025-08-11,42.04646682739258
2025-08-12,42.13484573364258
2025-08-13,41.575138092041016
2025-08-14,40.553924560546875
2025-08-15,41.39839172363281
2025-08-18,41.43766403198242
2025-08-19,40.74049377441406
2025-08-20,40.75031661987305
2025-08-21,40.28880310058594
2025-08-22,41.53586196899414
2025-08-25,41.55550003051758
2025-08-26,40.603023529052734
2025-08-27,41.34929275512695
2025-08-28,41.5653190612793
2025-08-29,42.321407318115234
2025-09-01,41.82061767578125
2025-09-02,41.388572692871094
2025-09-03,41.15290451049805
2025-09-04,41.457305908203125
2025-09-05,42.31159210205078
2025-09-08,42.242855072021484
2025-09-09,41.339473724365234
2025-09-10,42.03664779663086
2025-09-11,41.447486877441406
2025-09-12,42.115203857421875
2025-09-15,42.841835021972656
2025-09-16,43.63719940185547
2025-09-17,44.246002197265625
2025-09-18,44.48167037963867
2025-09-19,45.159202575683594
2025-09-22,44.89408493041992
2025-09-23,44.422752380371094
2025-09-24,45.338985443115234
2025-09-25,44.74786376953125
2025-09-26,44.3242301940918
2025-09-29,45.171504974365234
2025-09-30,45.25031661987305
2025-10-01,44.15674591064453
2025-10-02,43.22079849243164
2025-10-03,44.01881408691406
2025-10-06,43.47695541381836
2025-10-07,42.777462005615234
2025-10-08,42.895687103271484
2025-10-09,41.94989776611328
2025-10-10,42.28486251831055
2025-10-13,42.1666374206543
2025-10-14,41.99915313720703
2025-10-15,41.68388748168945
2025-10-16,41.427738189697266
2025-10-17,40.7183952331543
2025-10-20,40.728240966796875
2025-10-21,41.082916259765625
2025-10-22,40.88587951660156
2025-10-23,41.358768463134766
2025-10-24,41.713443756103516
2025-10-27,41.78240966796875
2025-10-28,42.85628128051758
2025-10-29,42.5705680847168
2025-10-30,43.0828742980957
2025-10-31,43.713401794433594
2025-11-03,42.65924072265625
2025-11-04,42.8070182800293
2025-11-05,43.66414260864258
2025-11-06,44.974464416503906
2025-11-07,44.501564025878906
2025-11-10,45.41780090332031
2025-11-11,45.989219665527344
2025-11-12,46.797088623046875
2025-11-13,46.40300750732422
2025-11-14,47.427616119384766
2025-11-17,46.255226135253906
2025-11-18,46.37344741821289
2025-11-19,45.68380355834961
2025-11-21,42.6395378112793
2025-11-24,42.08782196044922
2025-11-25,42.65924072265625
2025-11-26,42.3045654296875
2025-11-27,41.89078140258789
2025-11-28,42.1666374206543
2025-12-01,42.67893981933594
2025-12-02,43.32917404174805
2025-12-03,43.66414260864258
2025-12-04,46.83649826049805
2025-12-05,45.230613708496094
2025-12-08,44.806976318359375
2025-12-09,44.53112030029297
2025-12-10,44.521270751953125
2025-12-11,44.78727340698242
2025-12-12,45.55573272705078
2025-12-15,45.99907302856445
2025-12-16,44.9212760925293
2025-12-17,44.41698455810547
2025-12-18,43.91270065307617
2025-12-19,42.96344757080078
2025-12-22,42.08341979980469
2025-12-23,42.29106521606445
2025-12-26,41.905433654785156
2025-12-29,41.33192443847656
2025-12-30,41.60879135131836
