date,close
2010-12-01,1.77743661403656
2010-12-02,1.77743661403656
2010-12-03,1.77743661403656
2010-12-06,1.77743661403656
2010-12-07,1.77743661403656
2010-12-08,1.77743661403656
2010-12-09,1.77743661403656
2010-12-10,1.77743661403656
2010-12-13,1.77743661403656
2010-12-14,1.77743661403656
2010-12-15,1.77743661403656
2010-12-16,1.77743661403656
2010-12-17,1.77743661403656
2010-12-20,1.77743661403656
2010-12-21,1.77743661403656
2010-12-22,1.77743661403656
2010-12-23,1.77743661403656
2010-12-27,1.77743661403656
2010-12-28,1.77743661403656
2010-12-29,1.77743661403656
2010-12-30,1.77743661403656
2011-01-03,1.77743661403656
2011-01-04,1.77743661403656
2011-01-05,1.77743661403656
2011-01-06,1.77743661403656
2011-01-07,1.77743661403656
2011-01-10,1.77743661403656
2011-01-11,1.77743661403656
2011-01-12,1.77743661403656
2011-01-13,1.77743661403656
2011-01-14,1.77743661403656
2011-01-17,1.77743661403656
2011-01-18,1.77743661403656
2011-01-19,1.77743661403656
2011-01-20,1.77743661403656
2011-01-21,1.77743661403656
2011-01-24,1.77743661403656
2011-01-26,1.77743661403656
2011-01-27,1.77743661403656
2011-01-28,1.77743661403656
2011-01-31,1.77743661403656
2011-02-01,1.77743661403656
2011-02-02,1.77743661403656
2011-02-03,1.77743661403656
2011-02-04,1.77743661403656
2011-02-07,1.77743661403656
2011-02-08,1.77743661403656
2011-02-09,1.77743661403656
2011-02-10,1.77743661403656
2011-02-11,1.77743661403656
2011-02-14,1.77743661403656
2011-02-15,1.77743661403656
2011-02-16,1.77743661403656
2011-02-17,1.77743661403656
2011-02-18,1.77743661403656
2011-02-21,1.77743661403656
2011-02-22,1.77743661403656
2011-02-23,1.77743661403656
2011-02-24,1.77743661403656
2011-02-25,1.77743661403656
2011-02-28,1.77743661403656
2011-03-01,1.77743661403656
2011-03-02,1.77743661403656
2011-03-03,1.8467638492584229
2011-03-04,1.8467638492584229
2011-03-09,1.8467638492584229
2011-03-10,1.8467638492584229
2011-03-11,1.8467638492584229
2011-03-14,1.8467638492584229
2011-03-15,1.8467638492584229
2011-03-16,1.8467638492584229
2011-03-17,1.8467638492584229
2011-03-18,1.8467638492584229
2011-03-21,1.8467638492584229
2011-03-22,1.8467638492584229
2011-03-23,1.8467638492584229
2011-03-24,1.8467638492584229
2011-03-25,2.950100898742676
2011-03-28,2.950100898742676
2011-03-29,2.950100898742676
2011-03-30,2.950100898742676
2011-03-31,2.950100898742676
2011-04-01,2.950100898742676
2011-04-04,2.950100898742676
2011-04-05,2.950100898742676
2011-04-06,2.950100898742676
2011-04-07,2.950100898742676
2011-04-08,2.950100898742676
2011-04-11,2.950100898742676
2011-04-12,2.950100898742676
2011-04-13,2.950100898742676
2011-04-14,2.950100898742676
2011-04-15,2.950100898742676
2011-04-18,2.950100898742676
2011-04-19,2.950100898742676
2011-04-20,2.950100898742676
2011-04-25,2.950100898742676
2011-04-26,2.950100898742676
2011-04-27,2.950100898742676
2011-04-28,2.950100898742676
2011-04-29,2.950100898742676
2011-05-02,2.950100898742676
2011-05-03,2.950100898742676
2011-05-04,2.950100898742676
2011-05-05,2.950100898742676
2011-05-06,2.950100898742676
2011-05-09,2.950100898742676
2011-05-10,2.950100898742676
2011-05-11,2.950100898742676
2011-05-12,2.950100898742676
2011-05-13,2.950100898742676
2011-05-16,2.950100898742676
2011-05-17,2.950100898742676
2011-05-18,2.950100898742676
2011-05-19,2.950100898742676
2011-05-20,2.950100898742676
2011-05-23,2.950100898742676
2011-05-24,2.950100898742676
2011-05-25,2.950100898742676
2011-05-26,2.950100898742676
2011-05-27,2.950100898742676
2011-05-30,2.950100898742676
2011-05-31,2.950100898742676
2011-06-01,2.950100898742676
2011-06-02,2.950100898742676
2011-06-03,2.950100898742676
2011-06-06,2.950100898742676
2011-06-07,2.950100898742676
2011-06-08,2.950100898742676
2011-06-09,2.950100898742676
2011-06-10,2.950100898742676
2011-06-13,2.950100898742676
2011-06-14,2.950100898742676
2011-06-15,2.950100898742676
2011-06-16,2.950100898742676
2011-06-17,2.950100898742676
2011-06-20,2.950100898742676
2011-06-21,2.950100898742676
2011-06-22,2.950100898742676
2011-06-24,2.950100898742676
2011-06-27,2.950100898742676
2011-06-28,2.950100898742676
2011-06-29,2.950100898742676
2011-06-30,2.950100898742676
2011-07-01,2.950100898742676
2011-07-04,2.950100898742676
2011-07-05,2.950100898742676
2011-07-06,2.950100898742676
2011-07-07,2.950100898742676
2011-07-08,2.950100898742676
2011-07-11,2.950100898742676
2011-07-12,2.950100898742676
2011-07-13,2.950100898742676
2011-07-14,2.950100898742676
2011-07-15,2.950100898742676
2011-07-18,2.950100898742676
2011-07-19,2.950100898742676
2011-07-20,2.950100898742676
2011-07-21,2.950100898742676
2011-07-22,2.950100898742676
2011-07-25,2.950100898742676
2011-07-26,2.950100898742676
2011-07-27,2.950100898742676
2011-07-28,2.950100898742676
2011-07-29,2.950100898742676
2011-08-01,2.950100898742676
2011-08-02,2.950100898742676
2011-08-03,2.950100898742676
2011-08-04,2.950100898742676
2011-08-05,2.9515771865844727
2011-08-08,2.9515771865844727
2011-08-09,2.9515771865844727
2011-08-10,2.9515771865844727
2011-08-11,2.9515771865844727
2011-08-12,2.9515771865844727
2011-08-15,2.9515771865844727
2011-08-16,2.9515771865844727
2011-08-17,4.0858917236328125
2011-08-18,4.028871536254883
2011-08-19,4.028871536254883
2011-08-22,4.1113996505737305
2011-08-23,4.126404762268066
2011-08-24,4.051380157470703
2011-08-25,3.9883580207824707
2011-08-26,3.991358757019043
2011-08-29,4.081389427185059
2011-08-30,4.105396747589111
2011-08-31,4.169919967651367
2011-09-01,4.351480484008789
2011-09-02,4.255448818206787
2011-09-05,4.126404762268066
2011-09-06,4.216434955596924
2011-09-08,4.373988628387451
2011-09-09,4.276455879211426
2011-09-12,4.235941410064697
2011-09-13,4.276455879211426
2011-09-14,4.321471214294434
2011-09-15,4.366485595703125
2011-09-16,4.396495342254639
2011-09-19,4.42650842666626
2011-09-20,4.42650842666626
2011-09-21,4.410000801086426
2011-09-22,4.273454666137695
2011-09-23,4.2539472579956055
2011-09-26,4.336476802825928
2011-09-27,4.441511631011963
2011-09-28,4.42650842666626
2011-09-29,4.452016353607178
2011-09-30,4.42650842666626
2011-10-03,4.387493133544922
2011-10-04,4.441511631011963
2011-10-05,4.513535499572754
2011-10-06,4.536043643951416
2011-10-07,4.447514533996582
2011-10-10,4.480525016784668
2011-10-11,4.471523284912109
2011-10-13,4.614071369171143
2011-10-14,4.5840606689453125
2011-10-17,4.666588306427002
2011-10-18,4.666588306427002
2011-10-19,4.650083065032959
2011-10-20,4.606567859649658
2011-10-21,4.756619930267334
2011-10-24,4.674090385437012
2011-10-25,4.674090385437012
2011-10-26,4.674090385437012
2011-10-27,4.674090385437012
2011-10-28,4.591564178466797
2011-10-31,4.591564178466797
2011-11-01,4.633577823638916
2011-11-03,4.704102039337158
2011-11-04,4.683094024658203
2011-11-07,4.84814977645874
2011-11-08,4.839147567749023
2011-11-09,4.758119583129883
2011-11-10,4.758119583129883
2011-11-11,4.762622356414795
2011-11-14,4.708603382110596
2011-11-16,4.719106197357178
2011-11-17,4.666588306427002
2011-11-18,4.594564437866211
2011-11-21,4.5390448570251465
2011-11-22,4.561553001403809
2011-11-23,4.5840606689453125
2011-11-24,4.456517696380615
2011-11-25,4.527040481567383
2011-11-28,4.5840606689453125
2011-11-29,4.554049968719482
2011-11-30,4.774624824523926
2011-12-01,4.869158744812012
2011-12-02,4.752119064331055
2011-12-05,4.78212833404541
2011-12-06,4.876659870147705
2011-12-07,4.876659870147705
2011-12-08,4.876659870147705
2011-12-09,4.801634788513184
2011-12-12,4.801634788513184
2011-12-13,4.779126167297363
2011-12-14,4.65158224105835
2011-12-15,4.681593894958496
2011-12-16,4.689096927642822
2011-12-19,4.681593894958496
2011-12-20,4.678593158721924
2011-12-21,4.704102039337158
2011-12-22,4.693597793579102
2011-12-23,4.749118328094482
2011-12-26,4.698099613189697
2011-12-27,4.839147567749023
2011-12-28,4.824141502380371
2011-12-29,4.803134918212891
2012-01-02,4.803134918212891
2012-01-03,4.941181659698486
2012-01-04,5.071727275848389
2012-01-05,5.035714149475098
2012-01-06,4.995201110839844
2012-01-09,5.086731910705566
2012-01-10,4.984696388244629
2012-01-11,5.056721210479736
2012-01-12,5.154254913330078
2012-01-13,5.169259548187256
2012-01-16,5.178263187408447
2012-01-17,5.178263187408447
2012-01-18,5.400339126586914
2012-01-19,5.341818332672119
2012-01-20,5.239782810211182
2012-01-23,5.214273929595947
2012-01-24,5.167759418487549
2012-01-26,5.158756256103516
2012-01-27,5.139248847961426
2012-01-30,5.146753311157227
2012-01-31,5.304305553436279
2012-02-01,5.424347400665283
2012-02-02,5.446854591369629
2012-02-03,5.461859226226807
2012-02-06,5.431849002838135
2012-02-07,5.4918694496154785
2012-02-08,5.401839733123779
2012-02-09,5.476864337921143
2012-02-10,5.386834621429443
2012-02-13,5.379332065582275
2012-02-14,5.349321365356445
2012-02-15,5.373328685760498
2012-02-16,5.514377117156982
2012-02-17,5.628415584564209
2012-02-23,5.727293014526367
2012-02-24,5.795746803283691
2012-02-27,5.815523624420166
2012-02-28,5.880935192108154
2012-02-29,5.931132793426514
2012-03-01,6.06195592880249
2012-03-02,6.00871467590332
2012-03-05,5.995023727416992
2012-03-06,5.900710582733154
2012-03-07,5.9478654861450195
2012-03-08,6.017841815948486
2012-03-09,6.054350852966309
2012-03-12,6.069563388824463
2012-03-13,6.1851725578308105
2012-03-14,6.191256999969482
2012-03-15,6.133451461791992
2012-03-16,6.075646877288818
2012-03-19,6.075646877288818
2012-03-20,5.97068452835083
2012-03-21,6.131930828094482
2012-03-22,6.131930828094482
2012-03-23,6.0999860763549805
2012-03-26,6.0999860763549805
2012-03-27,6.159311771392822
2012-03-28,6.11519718170166
2012-03-29,6.084772109985352
2012-03-30,6.084772109985352
2012-04-02,6.130409240722656
2012-04-03,6.236894130706787
2012-04-04,6.169960975646973
2012-04-05,6.160834312438965
2012-04-09,6.086295127868652
2012-04-10,6.031531810760498
2012-04-11,6.084772109985352
2012-04-12,6.212554454803467
2012-04-13,6.084772109985352
2012-04-16,6.1456217765808105
2012-04-17,6.282528877258301
2012-04-18,6.4772419929504395
2012-04-19,6.510707378387451
2012-04-20,6.518313407897949
2012-04-23,6.541131973266602
2012-04-24,6.419435501098633
2012-04-25,6.487889766693115
2012-04-26,6.509187698364258
2012-04-27,6.617191791534424
2012-04-30,6.586767196655273
2012-05-02,6.586767196655273
2012-05-03,6.525920391082764
2012-05-04,6.312952518463135
2012-05-07,6.252106189727783
2012-05-08,6.2946977615356445
2012-05-09,6.282528877258301
2012-05-10,6.389012336730957
2012-05-11,6.35858678817749
2012-05-14,6.315996170043945
2012-05-15,6.262754440307617
2012-05-16,6.151706695556641
2012-05-17,5.99045991897583
2012-05-18,6.022405624389648
2012-05-21,6.022405624389648
2012-05-22,6.229287624359131
2012-05-23,6.06195592880249
2012-05-24,5.978290557861328
2012-05-25,5.955472469329834
2012-05-28,6.069563388824463
2012-05-29,6.1456217765808105
2012-05-30,6.084772109985352
2012-05-31,6.311430931091309
2012-06-01,6.2749223709106445
2012-06-04,6.250583171844482
2012-06-05,6.255148887634277
2012-06-06,6.50614595413208
2012-06-08,6.312952518463135
2012-06-11,6.315996170043945
2012-06-12,6.632403373718262
2012-06-13,6.693251609802246
2012-06-14,6.541131973266602
2012-06-15,6.589810371398926
2012-06-18,6.640008926391602
2012-06-19,6.8986124992370605
2012-06-20,6.859063148498535
2012-06-21,6.676517486572266
2012-06-22,6.601978302001953
2012-06-25,6.586767196655273
2012-06-26,6.700857639312744
2012-06-27,6.837764739990234
2012-06-28,6.842329025268555
2012-06-29,6.87579345703125
2012-07-02,7.020308017730713
2012-07-03,6.982276916503906
2012-07-04,6.849933624267578
2012-07-05,7.119185924530029
2012-07-06,7.119185924530029
2012-07-10,6.9305572509765625
2012-07-11,6.974672794342041
2012-07-12,7.142003059387207
2012-07-13,7.157215595245361
2012-07-16,7.157215595245361
2012-07-17,7.081156253814697
2012-07-18,7.052253723144531
2012-07-19,7.073549270629883
2012-07-20,7.026393890380859
2012-07-23,6.9853196144104
2012-07-24,6.977714538574219
2012-07-25,6.997490882873535
2012-07-26,7.047690391540527
2012-07-27,7.323025703430176
2012-07-30,7.453845977783203
2012-07-31,7.347365379333496
2012-08-01,7.1876397132873535
2012-08-02,7.294122219085693
2012-08-03,7.347365379333496
2012-08-06,7.347365379333496
2012-08-07,7.122226715087891
2012-08-08,7.012702941894531
2012-08-09,7.041929721832275
2012-08-10,7.041929721832275
2012-08-13,7.106534004211426
2012-08-14,7.069615364074707
2012-08-15,7.045004367828369
2012-08-16,6.9296393394470215
2012-08-17,6.84657621383667
2012-08-20,6.77581787109375
2012-08-21,6.6373796463012695
2012-08-22,6.757358551025391
2012-08-23,6.731210231781006
2012-08-24,6.891183376312256
2012-08-27,6.911181926727295
2012-08-28,6.875800609588623
2012-08-29,6.860419273376465
2012-08-30,6.814272403717041
2012-08-31,6.72197961807251
2012-09-03,6.9988579750061035
2012-09-04,6.92656135559082
2012-09-05,6.921947956085205
2012-09-06,6.93733024597168
2012-09-10,6.921947956085205
2012-09-11,6.921947956085205
2012-09-12,7.0526957511901855
2012-09-13,7.126530170440674
2012-09-14,6.921947956085205
2012-09-17,6.914256572723389
2012-09-18,6.888106822967529
2012-09-19,7.075769901275635
2012-09-20,7.07884407043457
2012-09-21,7.026546001434326
2012-09-24,6.9988579750061035
2012-09-25,6.96655797958374
2012-09-26,7.032696723937988
2012-09-27,6.985014915466309
2012-09-28,7.015777111053467
2012-10-01,6.9988579750061035
2012-10-02,7.045004367828369
2012-10-03,7.00193452835083
2012-10-04,7.051156520843506
2012-10-05,7.106534004211426
2012-10-08,7.086536884307861
2012-10-09,7.014242172241211
2012-10-10,6.92348575592041
2012-10-11,7.075769901275635
2012-10-15,6.568159580230713
2012-10-16,6.48355770111084
2012-10-17,6.55277681350708
2012-10-18,6.522012233734131
2012-10-19,6.383573532104492
2012-10-22,6.497402667999268
2012-10-23,6.48355770111084
2012-10-24,6.6589131355285645
2012-10-25,6.629687309265137
2012-10-26,6.51893424987793
2012-10-29,6.652761936187744
2012-10-30,6.668142795562744
2012-10-31,6.55277681350708
2012-11-01,6.568159580230713
2012-11-05,6.522012233734131
2012-11-06,6.598923683166504
2012-11-07,6.652761936187744
2012-11-08,6.772740840911865
2012-11-09,6.714288234710693
2012-11-12,6.845037460327148
2012-11-13,6.743516445159912
2012-11-14,6.691215515136719
2012-11-16,6.675832271575928
2012-11-19,6.798890113830566
2012-11-21,6.76812744140625
2012-11-22,6.737362384796143
2012-11-23,6.814272403717041
2012-11-26,6.94502067565918
2012-11-27,6.8342695236206055
2012-11-28,6.917331218719482
2012-11-29,6.93733024597168
2012-11-30,6.76812744140625
2012-12-03,6.85888147354126
2012-12-04,6.814272403717041
2012-12-05,6.814272403717041
2012-12-06,6.837344646453857
2012-12-07,6.798890113830566
2012-12-10,6.780432224273682
2012-12-11,6.76812744140625
2012-12-12,6.737362384796143
2012-12-13,6.72197961807251
2012-12-14,6.691215515136719
2012-12-17,6.706597328186035
2012-12-18,6.72197961807251
2012-12-19,6.898873329162598
2012-12-20,6.821963310241699
2012-12-21,6.95271110534668
2012-12-26,6.878876686096191
2012-12-27,6.9711713790893555
2012-12-28,7.120377540588379
2013-01-02,7.045004367828369
2013-01-03,6.965017318725586
2013-01-04,7.106534004211426
2013-01-07,7.229588985443115
2013-01-08,7.260356426239014
2013-01-09,7.244973182678223
2013-01-10,7.1526780128479
2013-01-11,7.135760307312012
2013-01-14,7.121915340423584
2013-01-15,7.106534004211426
2013-01-16,7.075769901275635
2013-01-17,7.05731201171875
2013-01-18,6.9988579750061035
2013-01-21,7.06807804107666
2013-01-22,7.029623031616211
2013-01-23,7.140373229980469
2013-01-24,6.9988579750061035
2013-01-28,7.198826313018799
2013-01-29,7.423404693603516
2013-01-30,7.491086483001709
2013-01-31,7.394176959991455
2013-02-01,7.541847229003906
2013-02-04,7.401869297027588
2013-02-05,7.4218668937683105
2013-02-06,7.414175987243652
2013-02-07,7.468011856079102
2013-02-08,7.597222328186035
2013-02-13,7.629522800445557
2013-02-14,7.598761081695557
2013-02-15,7.598761081695557
2013-02-18,7.460321426391602
2013-02-19,7.598761081695557
2013-02-20,7.752582550048828
2013-02-21,8.104830741882324
2013-02-22,8.103292465209961
2013-02-25,8.020230293273926
2013-02-26,7.860255718231201
2013-02-27,7.861794471740723
2013-02-28,7.994254112243652
2013-03-01,7.924129009246826
2013-03-04,7.886725425720215
2013-03-05,7.89919376373291
2013-03-06,7.861795425415039
2013-03-07,7.698169708251953
2013-03-08,7.701286315917969
2013-03-11,7.6280436515808105
2013-03-12,7.854001998901367
2013-03-13,7.854001998901367
2013-03-14,7.7885518074035645
2013-03-15,7.822838306427002
2013-03-18,7.830628871917725
2013-03-19,7.900753021240234
2013-03-20,7.857118606567383
2013-03-21,7.791670799255371
2013-03-22,7.707520008087158
2013-03-25,7.833744049072266
2013-03-26,7.869586944580078
2013-03-27,7.914780139923096
2013-03-28,7.963086128234863
2013-04-01,7.967761516571045
2013-04-02,8.033209800720215
2013-04-03,8.025419235229492
2013-04-04,7.961525917053223
2013-04-05,7.822838306427002
2013-04-08,7.791670799255371
2013-04-09,7.939711570739746
2013-04-10,8.051910400390625
2013-04-11,8.019186019897461
2013-04-12,8.014511108398438
2013-04-15,7.854001998901367
2013-04-16,8.1033353805542
2013-04-17,8.087754249572754
2013-04-18,8.376044273376465
2013-04-19,8.368250846862793
2013-04-22,8.335528373718262
2013-04-23,8.383837699890137
2013-04-24,8.44773006439209
2013-04-25,8.399421691894531
2013-04-26,8.399421691894531
2013-04-29,8.290336608886719
2013-04-30,8.3199462890625
2013-05-02,8.26072883605957
2013-05-03,8.365135192871094
2013-05-06,8.337085723876953
2013-05-07,8.45240306854248
2013-05-08,8.449286460876465
2013-05-09,8.399421691894531
2013-05-10,8.563042640686035
2013-05-13,8.508501052856445
2013-05-14,8.556809425354004
2013-05-15,8.578629493713379
2013-05-16,8.563042640686035
2013-05-17,8.626934051513672
2013-05-20,8.695504188537598
2013-05-21,8.664336204528809
2013-05-22,8.656542778015137
2013-05-23,8.575511932373047
2013-05-24,8.485129356384277
2013-05-27,8.499154090881348
2013-05-28,8.516292572021484
2013-05-29,8.446168899536133
2013-05-31,8.376044273376465
2013-06-03,8.383837699890137
2013-06-04,8.376044273376465
2013-06-05,8.337085723876953
2013-06-06,8.274751663208008
2013-06-07,8.08307933807373
2013-06-10,8.20618724822998
2013-06-11,8.11424446105957
2013-06-12,7.994254112243652
2013-06-13,7.885169506072998
2013-06-14,7.947503566741943
2013-06-17,7.919452667236328
2013-06-18,7.9926958084106445
2013-06-19,7.903870105743408
2013-06-20,7.9662041664123535
2013-06-21,7.77764368057251
2013-06-24,7.671677112579346
2013-06-25,7.682586193084717
2013-06-26,7.916335582733154
2013-06-27,8.256051063537598
2013-06-28,8.25916862487793
2013-07-01,8.335528373718262
2013-07-02,8.164111137390137
2013-07-03,8.165668487548828
2013-07-04,8.150087356567383
2013-07-05,8.173460960388184
2013-07-08,8.1033353805542
2013-07-10,8.190603256225586
2013-07-11,8.383837699890137
2013-07-12,8.368250846862793
2013-07-15,8.383837699890137
2013-07-16,8.298129081726074
2013-07-17,8.374486923217773
2013-07-18,8.394743919372559
2013-07-19,8.344878196716309
2013-07-22,8.405652046203613
2013-07-23,8.436820983886719
2013-07-24,8.461750984191895
2013-07-25,8.461750984191895
2013-07-26,8.461750984191895
2013-07-29,8.430585861206055
2013-07-30,8.402536392211914
2013-07-31,8.438377380371094
2013-08-01,8.461750984191895
2013-08-02,8.570837020874023
2013-08-05,8.670570373535156
2013-08-06,8.516292572021484
2013-08-07,8.352672576904297
2013-08-08,8.519911766052246
2013-08-09,8.60511302947998
2013-08-12,8.557777404785156
2013-08-13,8.543577194213867
2013-08-14,8.488358497619629
2013-08-15,8.33057975769043
2013-08-16,8.311646461486816
2013-08-19,8.125471115112305
2013-08-20,8.103384017944336
2013-08-21,8.308491706848145
2013-08-22,8.384225845336914
2013-08-23,8.494668960571289
2013-08-26,8.425244331359863
2013-08-27,8.190160751342773
2013-08-28,8.21540641784668
2013-08-29,8.26746940612793
2013-08-30,8.234336853027344
2013-09-02,8.488358497619629
2013-09-03,8.245380401611328
2013-09-04,8.335311889648438
2013-09-05,8.417357444763184
2013-09-06,8.551467895507812
2013-09-09,8.810220718383789
2013-09-10,8.958529472351074
2013-09-11,8.803911209106445
2013-09-12,8.661910057067871
2013-09-13,8.878061294555664
2013-09-16,8.808642387390137
2013-09-17,8.778665542602539
2013-09-18,8.972728729248047
2013-09-19,9.103684425354004
2013-09-20,8.843353271484375
2013-09-23,9.013751983642578
2013-09-24,9.018485069274902
2013-09-25,8.841773986816406
2013-09-26,8.756577491760254
2013-09-27,8.772353172302246
2013-09-30,8.624044418334961
2013-10-01,8.99166202545166
2013-10-02,9.097373962402344
2013-10-03,9.016904830932617
2013-10-04,9.087907791137695
2013-10-07,9.113150596618652
2013-10-08,9.032683372497559
2013-10-09,9.146285057067871
2013-10-10,9.124195098876953
2013-10-11,9.204660415649414
2013-10-14,9.308793067932129
2013-10-15,9.343504905700684
2013-10-16,9.322993278503418
2013-10-17,9.229903221130371
2013-10-18,9.327728271484375
2013-10-21,9.466569900512695
2013-10-22,9.498124122619629
2013-10-23,9.474457740783691
2013-10-24,9.450789451599121
2013-10-25,9.321416854858398
2013-10-28,9.302483558654785
2013-10-29,9.359278678894043
2013-10-30,9.433436393737793
2013-10-31,9.423972129821777
2013-11-01,9.453948020935059
2013-11-04,9.441326141357422
2013-11-05,9.368746757507324
2013-11-06,9.373483657836914
2013-11-07,9.151015281677246
2013-11-08,8.977463722229004
2013-11-11,9.144705772399902
2013-11-12,9.152594566345215
2013-11-13,9.143128395080566
2013-11-14,9.225171089172363
2013-11-18,9.259881019592285
2013-11-19,9.245680809020996
2013-11-21,9.229903221130371
2013-11-22,9.13524055480957
2013-11-25,9.127349853515625
2013-11-26,9.10683822631836
2013-11-27,9.163640022277832
2013-11-28,9.095794677734375
2013-11-29,9.155749320983887
2013-12-02,8.993241310119629
2013-12-03,8.833888053894043
2013-12-04,8.756577491760254
2013-12-05,8.756577491760254
2013-12-06,8.849664688110352
2013-12-09,8.859128952026367
2013-12-10,8.835465431213379
2013-12-11,8.734488487243652
2013-12-12,8.75342082977295
2013-12-13,8.630353927612305
2013-12-16,8.797598838806152
2013-12-17,8.930130004882812
2013-12-18,8.76446533203125
2013-12-19,8.889110565185547
2013-12-20,8.89542007446289
2013-12-23,8.77550983428955
2013-12-26,8.784977912902832
2013-12-27,8.781820297241211
2013-12-30,8.827574729919434
2014-01-02,8.594066619873047
2014-01-03,8.543577194213867
2014-01-06,8.41104507446289
2014-01-07,8.445756912231445
2014-01-08,8.57513427734375
2014-01-09,8.422090530395508
2014-01-10,8.507291793823242
2014-01-13,8.441023826599121
2014-01-14,8.549891471862793
2014-01-15,8.507291793823242
2014-01-16,8.519911766052246
2014-01-17,8.36213493347168
2014-01-20,8.445756912231445
2014-01-21,8.48677921295166
2014-01-22,8.560933113098145
2014-01-23,8.425244331359863
2014-01-24,8.327425956726074
2014-01-27,8.180694580078125
2014-01-28,8.33057975769043
2014-01-29,8.436290740966797
2014-01-30,8.41104507446289
2014-01-31,8.409468650817871
2014-02-03,8.150716781616211
2014-02-04,8.273781776428223
2014-02-05,8.0386962890625
2014-02-06,8.314802169799805
2014-02-07,8.19647216796875
2014-02-10,8.095491409301758
2014-02-11,8.256425857543945
2014-02-12,8.204360008239746
2014-02-13,8.12704849243164
2014-02-14,8.139671325683594
2014-02-17,8.276937484741211
2014-02-18,8.182272911071777
2014-02-19,8.335311889648438
2014-02-20,8.204360008239746
2014-02-21,8.314802169799805
2014-02-24,8.308491706848145
2014-02-25,8.190160751342773
2014-02-26,8.29902458190918
2014-02-27,8.47655200958252
2014-02-28,8.340609550476074
2014-03-05,8.257441520690918
2014-03-06,8.356603622436523
2014-03-07,8.316619873046875
2014-03-10,8.302225112915039
2014-03-11,8.235053062438965
2014-03-12,8.212661743164062
2014-03-13,8.107104301452637
2014-03-14,8.004744529724121
2014-03-17,8.083114624023438
2014-03-18,8.30382251739502
2014-03-19,8.420577049255371
2014-03-20,8.412579536437988
2014-03-21,8.479750633239746
2014-03-24,8.532530784606934
2014-03-25,8.566119194030762
2014-03-26,8.54052734375
2014-03-27,8.71645450592041
2014-03-28,8.751641273498535
2014-03-31,8.782028198242188
2014-04-01,8.90198040008545
2014-04-02,9.068313598632812
2014-04-03,8.86039924621582
2014-04-04,8.893983840942383
2014-04-07,9.02833080291748
2014-04-08,8.924371719360352
2014-04-09,8.988348007202148
2014-04-10,9.015535354614258
2014-04-11,9.14828109741211
2014-04-14,9.068313598632812
2014-04-15,8.96275520324707
2014-04-16,9.108297348022461
2014-04-17,9.16427230834961
2014-04-22,9.077908515930176
2014-04-23,9.015535354614258
2014-04-24,8.972352027893066
2014-04-25,8.95156192779541
2014-04-28,8.88918685913086
2014-04-29,8.956358909606934
2014-04-30,8.882787704467773
2014-05-02,9.079506874084473
2014-05-05,9.170670509338379
2014-05-06,9.340202331542969
2014-05-07,9.241040229797363
2014-05-08,9.116292953491211
2014-05-09,9.0587158203125
2014-05-12,9.157876014709473
2014-05-13,9.129088401794434
2014-05-14,9.276229858398438
2014-05-15,9.177068710327148
2014-05-16,9.001140594482422
2014-05-19,8.63648796081543
2014-05-20,8.54052734375
2014-05-21,8.553321838378906
2014-05-22,8.719655990600586
2014-05-23,8.615696907043457
2014-05-26,8.633288383483887
2014-05-27,8.466957092285156
2014-05-28,8.508541107177734
2014-05-29,8.604500770568848
2014-05-30,8.612499237060547
2014-06-02,8.54212760925293
2014-06-03,8.652482986450195
2014-06-04,8.554920196533203
2014-06-05,8.43497085571289
2014-06-06,8.527729988098145
2014-06-09,8.694067001342773
2014-06-10,8.708457946777344
2014-06-11,8.526135444641113
2014-06-13,8.431771278381348
2014-06-16,8.425373077392578
2014-06-17,8.450963020324707
2014-06-18,8.63008975982666
2014-06-20,8.642887115478516
2014-06-23,8.652482986450195
2014-06-24,8.63648796081543
2014-06-25,8.54212760925293
2014-06-26,8.460559844970703
2014-06-27,8.465357780456543
2014-06-30,8.412579536437988
2014-07-01,8.284631729125977
2014-07-02,8.172677040100098
2014-07-03,8.212661743164062
2014-07-04,8.380596160888672
2014-07-07,8.267037391662598
2014-07-08,8.27023696899414
2014-07-10,8.335811614990234
2014-07-11,8.37099838256836
2014-07-14,8.47655200958252
2014-07-15,8.572514533996582
2014-07-16,8.436570167541504
2014-07-17,8.396588325500488
2014-07-18,8.420577049255371
2014-07-21,8.604500770568848
2014-07-22,8.713255882263184
2014-07-23,8.532530784606934
2014-07-24,8.668473243713379
2014-07-25,8.63648796081543
2014-07-28,8.658880233764648
2014-07-29,8.575713157653809
2014-07-30,8.426973342895508
2014-07-31,8.356603622436523
2014-08-01,8.214261054992676
2014-08-04,8.36619758605957
2014-08-05,8.172677040100098
2014-08-06,8.22225570678711
2014-08-07,8.420577049255371
2014-08-08,8.452564239501953
2014-08-11,8.63648796081543
2014-08-12,8.790024757385254
2014-08-13,8.650883674621582
2014-08-14,8.879389762878418
2014-08-15,9.034972190856934
2014-08-18,9.051177024841309
2014-08-19,9.180824279785156
2014-08-20,9.17758560180664
2014-08-21,9.209997177124023
2014-08-22,9.17758560180664
2014-08-25,9.35909652709961
2014-08-26,9.221343994140625
2014-08-27,9.140311241149902
2014-08-28,9.086830139160156
2014-08-29,9.350990295410156
2014-09-01,9.085208892822266
2014-09-02,9.049555778503418
2014-09-03,9.198652267456055
2014-09-04,9.237548828125
2014-09-05,9.237548828125
2014-09-08,9.075484275817871
2014-09-09,9.075484275817871
2014-09-10,9.062520027160645
2014-09-11,9.116000175476074
2014-09-12,8.832390785217285
2014-09-15,8.759468078613281
2014-09-16,9.004179954528809
2014-09-17,8.87777042388916
2014-09-18,8.751361846923828
2014-09-19,8.762706756591797
2014-09-22,8.633056640625
2014-09-23,8.532578468322754
2014-09-24,8.618470191955566
2014-09-25,8.470993995666504
2014-09-26,8.652504920959473
2014-09-29,8.427237510681152
2014-09-30,8.396444320678711
2014-10-01,8.143628120422363
2014-10-02,8.06907844543457
2014-10-03,8.201969146728516
2014-10-06,8.67194938659668
2014-10-07,8.487200736999512
2014-10-08,8.542302131652832
2014-10-09,8.490442276000977
2014-10-10,8.240864753723145
2014-10-13,8.427237510681152
2014-10-14,8.346205711364746
2014-10-15,8.103113174438477
2014-10-16,8.025321960449219
2014-10-17,8.394824028015137
2014-10-20,8.18252182006836
2014-10-21,7.988049507141113
2014-10-22,8.082045555114746
2014-10-23,7.778985977172852
2014-10-24,8.062597274780273
2014-10-27,7.91998291015625
2014-10-28,8.338102340698242
2014-10-29,8.057732582092285
2014-10-30,8.292725563049316
2014-10-31,8.759468078613281
2014-11-03,8.540680885314941
2014-11-04,8.564990043640137
2014-11-05,8.642780303955078
2014-11-06,8.25869083404541
2014-11-07,8.328378677368164
2014-11-10,8.376997947692871
2014-11-11,8.394824028015137
2014-11-12,8.532578468322754
2014-11-13,8.427237510681152
2014-11-14,8.415892601013184
2014-11-17,8.443443298339844
2014-11-18,8.624954223632812
2014-11-19,8.751361846923828
2014-11-21,9.075484275817871
2014-11-24,8.751361846923828
2014-11-25,8.890735626220703
2014-11-26,8.796740531921387
2014-11-27,8.804841995239258
2014-11-28,8.892354011535645
2014-12-01,8.427237510681152
2014-12-02,8.355928421020508
2014-12-03,8.470993995666504
2014-12-04,8.338102340698242
2014-12-05,8.338102340698242
2014-12-08,8.086905479431152
2014-12-09,8.167938232421875
2014-12-10,8.023702621459961
2014-12-11,8.13714599609375
2014-12-12,7.981566429138184
2014-12-15,7.979945182800293
2014-12-16,7.94429349899292
2014-12-17,8.248968124389648
2014-12-18,8.189005851745605
2014-12-19,8.26517391204834
2014-12-22,8.362412452697754
2014-12-23,8.359170913696289
2014-12-26,8.302449226379395
2014-12-29,8.427237510681152
2014-12-30,8.299208641052246
2015-01-02,8.210075378417969
2015-01-05,7.991288661956787
2015-01-06,8.002634048461914
2015-01-07,8.21979808807373
2015-01-08,8.135527610778809
2015-01-09,8.036664962768555
2015-01-12,7.882706642150879
2015-01-13,7.958878517150879
2015-01-14,8.023702621459961
2015-01-15,8.048011779785156
2015-01-16,8.159835815429688
2015-01-19,8.103113174438477
2015-01-20,8.221418380737305
2015-01-21,8.464512825012207
2015-01-22,8.503405570983887
2015-01-23,8.498544692993164
2015-01-26,8.425618171691895
2015-01-27,8.509888648986816
2015-01-28,8.43696117401123
2015-01-29,8.516369819641113
2015-01-30,8.576334953308105
2015-02-02,8.825909614562988
2015-02-03,8.840496063232422
2015-02-04,8.845359802246094
2015-02-05,9.059284210205078
2015-02-06,9.077107429504395
2015-02-09,9.150033950805664
2015-02-10,9.099796295166016
2015-02-11,9.018763542175293
2015-02-12,9.231066703796387
2015-02-13,9.383406639099121
2015-02-18,9.391507148742676
2015-02-19,9.404472351074219
2015-02-20,9.245649337768555
2015-02-23,9.300753593444824
2015-02-24,9.396369934082031
2015-02-25,9.462815284729004
2015-02-26,9.59732723236084
2015-02-27,9.641080856323242
2015-03-02,9.560051918029785
2015-03-03,9.744804382324219
2015-03-04,9.543848037719727
2015-03-05,9.593057632446289
2015-03-06,9.547126770019531
2015-03-09,9.383087158203125
2015-03-10,9.310909271240234
2015-03-11,9.427379608154297
2015-03-12,9.612743377685547
2015-03-13,9.51431941986084
2015-03-16,9.694764137268066
2015-03-17,9.819433212280273
2015-03-18,10.086817741394043
2015-03-19,10.070413589477539
2015-03-20,10.173760414123535
2015-03-23,10.170480728149414
2015-03-24,10.201647758483887
2015-03-25,10.309913635253906
2015-03-26,10.147515296936035
2015-03-27,10.21969223022461
2015-03-30,10.521524429321289
2015-03-31,10.654396057128906
2015-04-01,10.93654727935791
2015-04-02,10.777429580688477
2015-04-06,10.895536422729492
2015-04-07,10.736416816711426
2015-04-08,10.859448432922363
2015-04-09,10.870928764343262
2015-04-10,10.785630226135254
2015-04-13,10.921782493591309
2015-04-14,10.905378341674805
2015-04-15,11.046454429626465
2015-04-16,10.985756874084473
2015-04-17,10.828279495239258
2015-04-20,10.788908004760742
2015-04-22,10.944748878479004
2015-04-23,11.125192642211914
2015-04-24,11.194087982177734
2015-04-27,10.966073036193848
2015-04-28,10.946386337280273
2015-04-29,11.154719352722168
2015-04-30,11.37617301940918
2015-05-04,11.482799530029297
2015-05-05,11.515608787536621
2015-05-06,11.687849044799805
2015-05-07,11.472955703735352
2015-05-08,11.748543739318848
2015-05-11,11.646836280822754
2015-05-12,11.745262145996094
2015-05-13,11.774791717529297
2015-05-14,11.856810569763184
2015-05-15,12.073344230651855
2015-05-18,11.906021118164062
2015-05-19,11.86665153503418
2015-05-20,11.835485458374023
2015-05-21,12.04709529876709
2015-05-22,11.90766429901123
2015-05-25,11.692770957946777
2015-05-26,11.648478507995605
2015-05-27,11.499201774597168
2015-05-28,11.44835090637207
2015-05-29,11.289231300354004
2015-06-01,11.400778770446777
2015-06-02,11.528730392456055
2015-06-03,11.417181968688965
2015-06-05,11.417181968688965
2015-06-08,11.326961517333984
2015-06-09,11.269547462463379
2015-06-10,11.18752670288086
2015-06-11,11.16948413848877
2015-06-12,11.203933715820312
2015-06-15,11.154719352722168
2015-06-16,11.284311294555664
2015-06-17,11.269547462463379
2015-06-18,11.274467468261719
2015-06-19,11.135032653808594
2015-06-22,11.09238338470459
2015-06-23,11.056295394897461
2015-06-24,10.975916862487793
2015-06-25,10.956230163574219
2015-06-26,10.85616683959961
2015-06-29,10.790552139282227
2015-06-30,10.790552139282227
2015-07-01,10.687207221984863
2015-07-02,10.815154075622559
2015-07-03,10.739697456359863
2015-07-06,10.826639175415039
2015-07-07,10.823357582092285
2015-07-08,10.66588020324707
2015-07-10,10.952950477600098
2015-07-13,11.008724212646484
2015-07-14,11.120271682739258
2015-07-15,11.236737251281738
2015-07-16,11.18752670288086
2015-07-17,11.038252830505371
2015-07-20,10.990678787231445
2015-07-21,11.007084846496582
2015-07-22,11.213773727416992
2015-07-23,10.974273681640625
2015-07-24,11.110428810119629
2015-07-27,10.925064086914062
2015-07-28,10.905378341674805
2015-07-29,11.130111694335938
2015-07-30,11.322040557861328
2015-07-31,11.528730392456055
2015-08-03,11.382735252380371
2015-08-04,11.563177108764648
2015-08-05,11.553337097167969
2015-08-06,11.481159210205078
2015-08-07,10.86928939819336
2015-08-10,10.941466331481934
2015-08-11,11.031688690185547
2015-08-12,11.118629455566406
2015-08-13,10.927729606628418
2015-08-14,10.851371765136719
2015-08-17,10.809870719909668
2015-08-18,10.610672950744629
2015-08-19,10.589090347290039
2015-08-20,10.487833023071289
2015-08-21,10.194013595581055
2015-08-24,10.044614791870117
2015-08-25,9.959955215454102
2015-08-26,10.366652488708496
2015-08-27,10.740151405334473
2015-08-28,10.62893009185791
2015-08-31,10.535974502563477
2015-09-01,10.42309284210205
2015-09-02,10.604032516479492
2015-09-03,10.776673316955566
2015-09-04,10.781651496887207
2015-09-08,10.771693229675293
2015-09-09,10.574151039123535
2015-09-10,10.599050521850586
2015-09-11,10.638891220092773
2015-09-14,10.980851173400879
2015-09-15,10.929389953613281
2015-09-16,11.146851539611816
2015-09-17,11.15183162689209
2015-09-18,10.922752380371094
2015-09-21,10.927729606628418
2015-09-22,11.0040922164917
2015-09-23,10.723549842834473
2015-09-24,10.642213821411133
2015-09-25,10.640552520751953
2015-09-28,10.584113121032715
2015-09-29,10.499451637268066
2015-09-30,11.088751792907715
2015-10-01,11.196649551391602
2015-10-02,11.492127418518066
2015-10-05,11.453948974609375
2015-10-06,11.41244888305664
2015-10-07,11.429047584533691
2015-10-08,11.405805587768555
2015-10-09,11.424067497253418
2015-10-13,11.287948608398438
2015-10-14,11.165109634399414
2015-10-15,11.038949966430664
2015-10-16,11.2813081741333
2015-10-19,11.370945930480957
2015-10-20,11.41244888305664
2015-10-21,11.453948974609375
2015-10-22,11.601688385009766
2015-10-23,11.545248031616211
2015-10-26,11.48714828491211
2015-10-27,11.565168380737305
2015-10-28,11.435686111450195
2015-10-29,11.1302490234375
2015-10-30,11.121949195861816
2015-11-03,11.526986122131348
2015-11-04,11.5087308883667
2015-11-05,11.346048355102539
2015-11-06,11.140210151672363
2015-11-09,11.180049896240234
2015-11-10,11.141868591308594
2015-11-11,11.337749481201172
2015-11-12,11.248106956481934
2015-11-13,11.211588859558105
2015-11-16,11.304549217224121
2015-11-17,11.332770347595215
2015-11-18,11.420746803283691
2015-11-19,11.453948974609375
2015-11-23,11.2896089553833
2015-11-24,11.26802921295166
2015-11-25,10.889549255371094
2015-11-26,11.150171279907227
2015-11-27,10.789952278137207
2015-11-30,10.41313362121582
2015-12-01,10.597392082214355
2015-12-02,10.5575532913208
2015-12-03,10.846388816833496
2015-12-04,10.630593299865723
2015-12-07,10.449652671813965
2015-12-08,10.398194313049316
2015-12-09,10.789952278137207
2015-12-10,10.640552520751953
2015-12-11,10.562532424926758
2015-12-14,10.328474998474121
2015-12-15,10.368314743041992
2015-12-16,10.399853706359863
2015-12-17,10.384912490844727
2015-12-18,10.308554649353027
2015-12-21,10.301911354064941
2015-12-22,10.25875473022461
2015-12-23,10.4828519821167
2015-12-28,10.479531288146973
2015-12-29,10.300253868103027
2015-12-30,10.034652709960938
2016-01-04,9.544958114624023
2016-01-05,9.764076232910156
2016-01-06,9.694356918334961
2016-01-07,9.304256439208984
2016-01-08,9.453660011291504
2016-01-11,9.204657554626465
2016-01-12,9.26939868927002
2016-01-13,9.13161849975586
2016-01-14,9.324177742004395
2016-01-15,9.262757301330566
2016-01-18,9.022059440612793
2016-01-19,9.080159187316895
2016-01-20,9.093441009521484
2016-01-21,9.153199195861816
2016-01-22,9.508438110351562
2016-01-26,9.189719200134277
2016-01-27,9.490177154541016
2016-01-28,9.568197250366211
2016-01-29,9.857033729553223
2016-02-01,9.707634925842285
2016-02-02,9.42377758026123
2016-02-03,9.543298721313477
2016-02-04,9.67775821685791
2016-02-05,9.594756126403809
2016-02-10,9.574837684631348
2016-02-11,9.460296630859375
2016-02-12,9.709296226501465
2016-02-15,9.686056137084961
2016-02-16,9.81055736541748
2016-02-17,9.976553916931152
2016-02-18,10.275352478027344
2016-02-19,10.099394798278809
2016-02-22,10.331794738769531
2016-02-23,10.28199291229248
2016-02-24,10.345070838928223
2016-02-25,10.358526229858398
2016-02-26,10.350117683410645
2016-02-29,10.568723678588867
2016-03-01,10.762104988098145
2016-03-02,10.886542320251465
2016-03-03,10.987435340881348
2016-03-04,11.20604133605957
2016-03-07,11.174092292785645
2016-03-08,11.076560020446777
2016-03-09,11.06310749053955
2016-03-10,11.231264114379883
2016-03-11,11.227900505065918
2016-03-14,11.083284378051758
2016-03-15,11.130370140075684
2016-03-16,11.157275199890137
2016-03-17,11.663430213928223
2016-03-18,11.468369483947754
2016-03-21,11.510405540466309
2016-03-22,11.589441299438477
2016-03-23,11.715559005737305
2016-03-24,11.723967552185059
2016-03-28,11.73405647277832
2016-03-29,11.922395706176758
2016-03-30,11.939208030700684
2016-03-31,11.750873565673828
2016-04-01,11.688654899597168
2016-04-04,11.370835304260254
2016-04-05,11.5087251663208
2016-04-06,11.732375144958496
2016-04-07,11.89885425567627
2016-04-08,12.040103912353516
2016-04-11,11.888762474060059
2016-04-12,12.08887004852295
2016-04-13,11.982929229736328
2016-04-14,12.107369422912598
2016-04-15,12.258708000183105
2016-04-18,12.394918441772461
2016-04-19,12.339425086975098
2016-04-20,12.146042823791504
2016-04-22,12.393238067626953
2016-04-25,12.292342185974121
2016-04-26,12.129226684570312
2016-04-27,12.19312858581543
2016-04-28,12.290658950805664
2016-04-29,12.177993774414062
2016-05-02,12.053557395935059
2016-05-03,12.006470680236816
2016-05-04,12.142683029174805
2016-05-05,12.0855073928833
2016-05-06,12.045148849487305
2016-05-09,12.056921005249023
2016-05-10,12.236848831176758
2016-05-11,12.241893768310547
2016-05-12,12.23348617553711
2016-05-13,11.939208030700684
2016-05-16,12.031695365905762
2016-05-17,11.98965835571289
2016-05-18,11.692018508911133
2016-05-19,11.762643814086914
2016-05-20,11.821497917175293
2016-05-23,11.871947288513184
2016-05-24,11.865221977233887
2016-05-25,11.828225135803223
2016-05-27,11.866900444030762
2016-05-30,11.804682731628418
2016-05-31,11.476776123046875
2016-06-01,11.513771057128906
2016-06-02,11.644932746887207
2016-06-03,11.655022621154785
2016-06-06,11.586078643798828
2016-06-07,11.434736251831055
2016-06-08,11.310298919677734
2016-06-09,11.266579627990723
2016-06-10,11.090011596679688
2016-06-13,11.634843826293945
2016-06-14,11.45155143737793
2016-06-15,11.744147300720215
2016-06-16,11.834953308105469
2016-06-17,11.905579566955566
2016-06-20,12.078780174255371
2016-06-21,12.341107368469238
2016-06-22,11.940892219543457
2016-06-23,12.20826244354248
2016-06-24,12.006470680236816
2016-06-27,11.78114128112793
2016-06-28,11.786185264587402
2016-06-29,11.924074172973633
2016-06-30,11.957706451416016
2016-07-01,11.722284317016602
2016-07-04,11.61130142211914
2016-07-05,11.668475151062012
2016-07-06,11.629799842834473
2016-07-07,11.723967552185059
2016-07-08,11.89716911315918
2016-07-11,11.991337776184082
2016-07-12,12.014880180358887
2016-07-13,11.754237174987793
2016-07-14,11.961068153381348
2016-07-15,11.986292839050293
2016-07-18,12.149408340454102
2016-07-19,12.225078582763672
2016-07-20,12.285613059997559
2016-07-21,12.24693775177002
2016-07-22,12.309157371520996
2016-07-25,12.241893768310547
2016-07-26,12.174631118774414
2016-07-27,12.329334259033203
2016-07-28,12.405006408691406
2016-07-29,12.450408935546875
2016-08-01,12.161176681518555
2016-08-02,12.10400390625
2016-08-03,11.930800437927246
2016-08-04,12.056921005249023
2016-08-05,12.265436172485352
2016-08-08,12.443682670593262
2016-08-09,12.346151351928711
2016-08-10,12.169587135314941
2016-08-11,12.64547348022461
2016-08-12,12.682467460632324
2016-08-15,12.939745903015137
2016-08-16,13.16003704071045
2016-08-17,13.292882919311523
2016-08-18,13.124703407287598
2016-08-19,13.099220275878906
2016-08-22,12.851201057434082
2016-08-23,12.832513809204102
2016-08-24,12.713600158691406
2016-08-25,12.625262260437012
2016-08-26,12.604878425598145
2016-08-29,12.808733940124512
2016-08-30,12.7407808303833
2016-08-31,12.643950462341309
2016-09-01,12.367051124572754
2016-09-02,12.367051124572754
2016-09-05,12.373846054077148
2016-09-06,12.42141056060791
2016-09-08,12.553915977478027
2016-09-09,12.102042198181152
2016-09-12,12.197173118591309
2016-09-13,12.061270713806152
2016-09-14,12.005212783813477
2016-09-15,12.0697660446167
2016-09-16,11.865913391113281
2016-09-19,12.027297019958496
2016-09-20,12.139415740966797
2016-09-21,12.008610725402832
2016-09-22,11.908382415771484
2016-09-23,12.012007713317871
2016-09-26,11.984827995300293
2016-09-27,12.005212783813477
2016-09-28,12.064671516418457
2016-09-29,12.005212783813477
2016-09-30,12.071465492248535
2016-10-03,12.1614990234375
2016-10-04,12.18358325958252
2016-10-05,12.246438026428223
2016-10-06,12.300798416137695
2016-10-07,12.401028633117676
2016-10-10,12.426506996154785
2016-10-11,12.146211624145508
2016-10-13,12.23284912109375
2016-10-14,12.12922191619873
2016-10-17,12.392532348632812
2016-10-18,12.468978881835938
2016-10-19,12.300798416137695
2016-10-20,12.300798416137695
2016-10-21,12.31608772277832
2016-10-24,12.282114028930664
2016-10-25,12.35855770111084
2016-10-26,12.35855770111084
2016-10-27,12.319487571716309
2016-10-28,12.333074569702148
2016-10-31,12.287209510803223
2016-11-01,11.95254898071289
2016-11-03,11.89139461517334
2016-11-04,11.789466857910156
2016-11-07,11.89139461517334
2016-11-08,11.908382415771484
2016-11-09,11.560134887695312
2016-11-10,11.279840469360352
2016-11-11,11.109959602355957
2016-11-14,11.147333145141602
2016-11-16,11.629782676696777
2016-11-17,11.551640510559082
2016-11-18,11.75719165802002
2016-11-21,11.738503456115723
2016-11-22,11.93216609954834
2016-11-23,11.862515449523926
2016-11-24,11.89139461517334
2016-11-25,12.086753845214844
2016-11-28,12.04428482055664
2016-11-29,11.814949035644531
2016-11-30,11.738503456115723
2016-12-01,11.568628311157227
2016-12-02,11.602604866027832
2016-12-05,11.492182731628418
2016-12-06,11.534653663635254
2016-12-07,11.434425354003906
2016-12-08,11.211886405944824
2016-12-09,11.177909851074219
2016-12-12,11.094672203063965
2016-12-13,11.337594985961914
2016-12-14,11.145634651184082
2016-12-15,11.074285507202148
2016-12-16,11.262846946716309
2016-12-19,11.126947402954102
2016-12-20,11.179610252380371
2016-12-21,11.11335563659668
2016-12-22,11.208489418029785
2016-12-23,11.194897651672363
2016-12-26,11.211886405944824
2016-12-27,11.273042678833008
2016-12-28,11.422533988952637
2016-12-29,11.628084182739258
2017-01-02,11.534653663635254
2017-01-03,11.721518516540527
2017-01-04,11.534653663635254
2017-01-05,11.602604866027832
2017-01-06,11.551640510559082
2017-01-09,11.509170532226562
2017-01-10,11.53805160522461
2017-01-11,11.500679016113281
2017-01-12,11.466702461242676
2017-01-13,11.40384578704834
2017-01-16,11.349486351013184
2017-01-17,11.262846946716309
2017-01-18,11.152429580688477
2017-01-19,11.237367630004883
2017-01-20,11.347789764404297
2017-01-23,11.361379623413086
2017-01-24,11.34099292755127
2017-01-26,11.444616317749023
2017-01-27,11.398751258850098
2017-01-30,11.169418334960938
2017-01-31,11.239068031311035
2017-02-01,10.96556568145752
2017-02-02,11.043708801269531
2017-02-03,11.313814163208008
2017-02-06,11.159226417541504
2017-02-07,11.177909851074219
2017-02-08,11.364774703979492
2017-02-09,11.381763458251953
2017-02-10,11.383461952209473
2017-02-13,11.381763458251953
2017-02-14,11.313814163208008
2017-02-15,11.68924331665039
2017-02-16,11.668855667114258
2017-02-17,11.543145179748535
2017-02-20,11.517664909362793
2017-02-21,11.568628311157227
2017-02-22,11.568628311157227
2017-02-23,11.344391822814941
2017-02-24,11.109959602355957
2017-03-01,10.940082550048828
2017-03-02,10.983134269714355
2017-03-03,11.153616905212402
2017-03-06,11.275879859924316
2017-03-07,11.169112205505371
2017-03-08,11.158782005310059
2017-03-09,11.253493309020996
2017-03-10,11.708109855651855
2017-03-13,11.799379348754883
2017-03-14,11.79593276977539
2017-03-15,11.847594261169434
2017-03-16,11.890645980834961
2017-03-17,11.968138694763184
2017-03-20,11.968138694763184
2017-03-21,11.92164134979248
2017-03-22,11.830374717712402
2017-03-23,12.052517890930176
2017-03-24,12.150672912597656
2017-03-27,12.283268928527832
2017-03-28,12.309102058410645
2017-03-29,12.484747886657715
2017-03-30,12.439976692199707
2017-03-31,12.333207130432129
2017-04-03,12.388315200805664
2017-04-04,12.359039306640625
2017-04-05,12.317710876464844
2017-04-06,12.310822486877441
2017-04-07,12.336651802062988
2017-04-10,12.340097427368164
2017-04-11,12.085237503051758
2017-04-12,12.06629467010498
2017-04-13,12.071459770202637
2017-04-17,12.291879653930664
2017-04-18,12.20061206817627
2017-04-19,12.080071449279785
2017-04-20,12.116231918334961
2017-04-24,12.253994941711426
2017-04-25,12.372817039489746
2017-04-26,12.229888916015625
2017-04-27,12.147229194641113
2017-04-28,12.126565933227539
2017-05-02,12.390035629272461
2017-05-03,12.398646354675293
2017-05-04,12.760273933410645
2017-05-05,12.739609718322754
2017-05-08,12.72583293914795
2017-05-09,12.729276657104492
2017-05-10,13.042689323425293
2017-05-11,12.880819320678711
2017-05-12,13.035797119140625
2017-05-15,13.077128410339355
2017-05-16,13.171839714050293
2017-05-17,12.997912406921387
2017-05-18,12.383149147033691
2017-05-19,12.620787620544434
2017-05-22,12.625954627990723
2017-05-23,12.88598346710205
2017-05-24,12.898036003112793
2017-05-25,12.992748260498047
2017-05-26,13.128787994384766
2017-05-29,13.128787994384766
2017-05-30,12.99963665008545
2017-05-31,12.889426231384277
2017-06-01,13.173561096191406
2017-06-02,13.41464614868164
2017-06-05,13.445643424987793
2017-06-06,13.650564193725586
2017-06-07,13.664339065551758
2017-06-08,13.63851261138916
2017-06-09,13.483530044555664
2017-06-12,13.35954475402832
2017-06-13,13.438752174377441
2017-06-14,13.226945877075195
2017-06-15,13.226945877075195
2017-06-16,13.259664535522461
2017-06-19,13.342318534851074
2017-06-20,13.183894157409668
2017-06-21,13.0960693359375
2017-06-22,13.164953231811523
2017-06-23,13.023744583129883
2017-06-26,13.187335968017578
2017-06-27,13.208002090454102
2017-06-28,13.084015846252441
2017-06-29,13.104681968688965
2017-06-30,13.34920597076416
2017-07-03,13.357818603515625
2017-07-04,13.326822280883789
2017-07-05,13.395702362060547
2017-07-06,13.220056533813477
2017-07-07,13.19078254699707
2017-07-10,13.113289833068848
2017-07-11,13.238996505737305
2017-07-12,13.354373931884766
2017-07-13,13.445643424987793
2017-07-14,13.526579856872559
2017-07-17,13.035797119140625
2017-07-18,12.675895690917969
2017-07-19,12.734440803527832
2017-07-20,12.910089492797852
2017-07-21,12.941086769104004
2017-07-24,12.872204780578613
2017-07-25,12.787824630737305
2017-07-26,12.51918888092041
2017-07-27,12.72583293914795
2017-07-28,12.700000762939453
2017-07-31,12.743050575256348
2017-08-01,12.88598346710205
2017-08-02,12.252273559570312
2017-08-03,12.407257080078125
2017-08-04,12.29704761505127
2017-08-07,12.386592864990234
2017-08-08,12.338375091552734
2017-08-09,12.309102058410645
2017-08-10,11.985357284545898
2017-08-11,12.267770767211914
2017-08-14,12.479580879211426
2017-08-15,12.39520263671875
2017-08-16,12.39520263671875
2017-08-17,12.273219108581543
2017-08-18,12.196542739868164
2017-08-21,12.320270538330078
2017-08-22,12.478848457336426
2017-08-23,12.511957168579102
2017-08-24,12.815168380737305
2017-08-25,12.761148452758789
2017-08-28,12.891847610473633
2017-08-29,12.897073745727539
2017-08-30,12.797744750976562
2017-08-31,12.79948616027832
2017-09-01,12.888360023498535
2017-09-04,12.984206199645996
2017-09-05,12.721070289611816
2017-09-06,12.85002326965332
2017-09-07,12.85002326965332
2017-09-08,12.931928634643555
2017-09-11,13.024286270141602
2017-09-12,13.219456672668457
2017-09-13,13.365837097167969
2017-09-14,13.433797836303711
2017-09-15,13.548811912536621
2017-09-18,13.484333038330078
2017-09-19,13.505244255065918
2017-09-20,13.6098051071167
2017-09-21,13.548811912536621
2017-09-22,13.622002601623535
2017-09-25,13.587148666381836
2017-09-26,13.6098051071167
2017-09-27,13.310075759887695
2017-09-28,13.154982566833496
2017-09-29,13.123614311218262
2017-10-02,13.156722068786621
2017-10-03,13.567977905273438
2017-10-04,13.698678016662598
2017-10-05,13.61851692199707
2017-10-06,13.541841506958008
2017-10-09,13.278706550598145
2017-10-10,13.45993709564209
2017-10-11,13.45296859741211
2017-10-12,13.45296859741211
2017-10-13,13.597603797912598
2017-10-16,13.684735298156738
2017-10-17,13.6951904296875
2017-10-18,13.745728492736816
2017-10-19,13.63942813873291
2017-10-20,13.630714416503906
2017-10-23,13.597603797912598
2017-10-24,13.763153076171875
2017-10-25,13.775351524353027
2017-10-26,13.811944961547852
2017-10-27,13.904305458068848
2017-10-30,13.771868705749512
2017-10-31,13.6098051071167
2017-11-01,13.400688171386719
2017-11-02,13.400688171386719
2017-11-03,13.350152015686035
2017-11-06,13.559266090393066
2017-11-07,13.310075759887695
2017-11-08,13.442510604858398
2017-11-09,12.904043197631836
2017-11-10,12.206999778747559
2017-11-13,12.503244400024414
2017-11-14,12.407401084899902
2017-11-15,12.407401084899902
2017-11-16,12.590375900268555
2017-11-17,12.640910148620605
2017-11-20,12.640910148620605
2017-11-21,12.877903938293457
2017-11-22,12.719326972961426
2017-11-23,12.802970886230469
2017-11-24,12.623483657836914
2017-11-27,12.546810150146484
2017-11-28,12.426568984985352
2017-11-29,12.261019706726074
2017-11-30,12.233139991760254
2017-12-01,12.18086051940918
2017-12-04,12.355122566223145
2017-12-05,12.34292221069336
2017-12-06,12.367321014404297
2017-12-07,12.3638334274292
2017-12-08,12.283673286437988
2017-12-11,12.301100730895996
2017-12-12,12.703643798828125
2017-12-13,12.719326972961426
2017-12-14,12.675763130187988
2017-12-15,12.607799530029297
2017-12-18,12.57991886138916
2017-12-19,12.606057167053223
2017-12-20,12.70712947845459
2017-12-21,12.88487434387207
2017-12-22,12.874419212341309
2017-12-25,12.874419212341309
2017-12-26,12.851765632629395
2017-12-27,12.902301788330078
2017-12-28,13.069594383239746
2017-12-29,13.069594383239746
2018-01-02,13.412886619567871
2018-01-03,13.280448913574219
2018-01-04,13.435540199279785
2018-01-05,13.463422775268555
2018-01-08,13.557523727416992
2018-01-09,13.505244255065918
2018-01-10,13.400688171386719
2018-01-11,13.45296859741211
2018-01-12,13.482590675354004
2018-01-15,13.520928382873535
2018-01-16,13.548811912536621
2018-01-17,13.665568351745605
2018-01-18,13.749213218688965
2018-01-19,13.716102600097656
2018-01-22,13.798005104064941
2018-01-23,13.871192932128906
2018-01-24,14.116903305053711
2018-01-25,14.116903305053711
2018-01-26,14.05765438079834
2018-01-29,13.843313217163086
2018-01-30,13.932182312011719
2018-01-31,14.209261894226074
2018-02-01,14.26328182220459
2018-02-02,14.104703903198242
2018-02-05,13.827628135681152
2018-02-06,13.940897941589355
2018-02-07,13.923474311828613
2018-02-08,13.627229690551758
2018-02-09,13.468650817871094
2018-02-14,13.656853675842285
2018-02-15,13.76663875579834
2018-02-16,13.72307014465332
2018-02-19,13.716102600097656
2018-02-20,13.710870742797852
2018-02-21,13.686479568481445
2018-02-22,13.703906059265137
2018-02-23,13.813688278198242
2018-02-26,13.517444610595703
2018-02-27,13.317042350769043
2018-02-28,13.128843307495117
2018-03-01,12.930184364318848
2018-03-02,12.92136287689209
2018-03-05,12.789063453674316
2018-03-06,12.803174018859863
2018-03-07,12.863150596618652
2018-03-08,12.827872276306152
2018-03-09,13.103055000305176
2018-03-12,12.961936950683594
2018-03-13,12.866681098937988
2018-03-14,12.854331970214844
2018-03-15,12.67440414428711
2018-03-16,12.524459838867188
2018-03-19,12.52093505859375
2018-03-20,12.429207801818848
2018-03-21,12.489181518554688
2018-03-22,12.351590156555176
2018-03-23,12.215761184692383
2018-03-26,12.238694190979004
2018-03-27,12.270442962646484
2018-03-28,12.436262130737305
2018-03-29,12.51034927368164
2018-04-02,12.400980949401855
2018-04-03,12.118739128112793
2018-04-04,12.18753719329834
2018-04-05,12.189299583435059
2018-04-06,12.171661376953125
2018-04-09,12.065818786621094
2018-04-10,11.995260238647461
2018-04-11,11.818860054016113
2018-04-12,11.6953763961792
2018-04-13,11.635403633117676
2018-04-16,11.333754539489746
2018-04-17,11.025054931640625
2018-04-18,11.229679107666016
2018-04-19,11.042694091796875
2018-04-20,11.174994468688965
2018-04-23,11.11325454711914
2018-04-24,10.698712348937988
2018-04-25,10.763981819152832
2018-04-26,10.859237670898438
2018-04-27,10.933324813842773
2018-04-30,10.663431167602539
2018-05-02,10.605220794677734
2018-05-03,9.527412414550781
2018-05-04,9.525646209716797
2018-05-07,9.349245071411133
2018-05-08,9.269865036010742
2018-05-09,9.192249298095703
2018-05-10,9.437444686889648
2018-05-11,9.529173851013184
2018-05-14,9.721450805664062
2018-05-15,9.522119522094727
2018-05-16,9.603261947631836
2018-05-17,9.370413780212402
2018-05-18,9.627959251403809
2018-05-21,9.05642032623291
2018-05-22,9.23282241821289
2018-05-23,8.842973709106445
2018-05-24,8.890604019165039
2018-05-25,8.583666801452637
2018-05-28,8.317299842834473
2018-05-29,8.820043563842773
2018-05-30,8.820043563842773
2018-06-01,9.068767547607422
2018-06-04,9.037015914916992
2018-06-05,8.747718811035156
2018-06-06,8.678924560546875
2018-06-07,8.523690223693848
2018-06-08,8.604833602905273
2018-06-11,8.754775047302246
2018-06-12,8.992916107177734
2018-06-13,8.617181777954102
2018-06-14,8.548385620117188
2018-06-15,8.290841102600098
2018-06-18,8.379040718078613
2018-06-19,8.590721130371094
2018-06-20,8.227335929870605
2018-06-21,7.973319053649902
2018-06-22,8.102091789245605
2018-06-25,8.188529014587402
2018-06-26,8.174416542053223
2018-06-27,7.7969183921813965
2018-06-28,7.975080490112305
2018-06-29,8.105619430541992
2018-07-02,8.117964744567871
2018-07-03,8.114439964294434
2018-07-04,8.079158782958984
2018-07-05,8.073866844177246
2018-07-06,8.230864524841309
2018-07-10,8.042116165161133
2018-07-11,8.026238441467285
2018-07-12,7.998016357421875
2018-07-13,7.572889804840088
2018-07-16,7.433530807495117
2018-07-17,7.532317638397217
2018-07-18,7.613462448120117
2018-07-19,7.551721572875977
2018-07-20,7.638157367706299
2018-07-23,7.378848075866699
2018-07-24,7.7228288650512695
2018-07-25,7.938037395477295
2018-07-26,7.629337310791016
2018-07-27,7.714012145996094
2018-07-30,7.800445079803467
2018-07-31,7.170693874359131
2018-08-01,7.003114700317383
2018-08-02,7.532317638397217
2018-08-03,7.969792366027832
2018-08-06,7.841019153594971
2018-08-07,8.049172401428223
2018-08-08,7.9256911277771
2018-08-09,7.705191135406494
2018-08-10,7.3049211502075195
2018-08-13,7.44965934753418
2018-08-14,7.817765712738037
2018-08-15,7.5854668617248535
2018-08-16,7.83742094039917
2018-08-17,7.655157089233398
2018-08-20,7.683745384216309
2018-08-21,7.444300651550293
2018-08-22,7.689107418060303
2018-08-23,7.69804048538208
2018-08-24,7.572957515716553
2018-08-27,7.769519329071045
2018-08-28,7.628352642059326
2018-08-29,7.751648902893066
2018-08-30,7.397839546203613
2018-08-31,7.356740951538086
2018-09-03,7.594400405883789
2018-09-04,7.158392906188965
2018-09-05,7.024372577667236
2018-09-06,7.001143932342529
2018-09-10,6.935028076171875
2018-09-11,6.843896389007568
2018-09-12,6.867125511169434
2018-09-13,6.797435760498047
2018-09-14,6.831387042999268
2018-09-17,7.024372577667236
2018-09-18,6.997569561004639
2018-09-19,6.9689788818359375
2018-09-20,6.7670578956604
2018-09-21,6.575857639312744
2018-09-24,6.61159610748291
2018-09-25,6.557989120483398
2018-09-26,6.863551139831543
2018-09-27,6.870697975158691
2018-09-28,6.670563697814941
2018-10-01,6.665204048156738
2018-10-02,6.995783805847168
2018-10-03,7.160179138183594
2018-10-04,7.124443054199219
2018-10-05,7.102997779846191
2018-10-08,7.580105304718018
2018-10-09,7.803471565246582
2018-10-10,7.410347938537598
2018-10-11,7.186982154846191
2018-10-15,6.9207329750061035
2018-10-16,7.102997779846191
2018-10-17,7.262034893035889
2018-10-18,7.072619915008545
2018-10-19,7.138737201690674
2018-10-22,7.1101460456848145
2018-10-23,7.149456977844238
2018-10-24,7.001143932342529
2018-10-25,7.381758213043213
2018-10-26,7.594400405883789
2018-10-29,7.451446533203125
2018-10-30,8.098311424255371
2018-10-31,7.907112121582031
2018-11-01,7.907112121582031
2018-11-05,7.67659854888916
2018-11-06,7.630139350891113
2018-11-07,7.8249125480651855
2018-11-08,7.39605188369751
2018-11-09,7.235229015350342
2018-11-12,7.220935344696045
2018-11-13,7.058326721191406
2018-11-14,7.39605188369751
2018-11-16,7.808830738067627
2018-11-19,7.790963172912598
2018-11-21,8.135838508605957
2018-11-22,8.112605094909668
2018-11-23,8.148345947265625
2018-11-26,8.085803031921387
2018-11-27,8.237691879272461
2018-11-28,8.43425178527832
2018-11-29,8.652257919311523
2018-11-30,8.44318675994873
2018-12-03,8.502154350280762
2018-12-04,8.403874397277832
2018-12-05,8.45212173461914
2018-12-06,8.754110336303711
2018-12-07,8.580779075622559
2018-12-10,8.468202590942383
2018-12-11,8.654041290283203
2018-12-12,8.934589385986328
2018-12-13,8.809505462646484
2018-12-14,8.882768630981445
2018-12-17,8.845243453979492
2018-12-18,8.898850440979004
2018-12-19,8.845243453979492
2018-12-20,9.031083106994629
2018-12-21,8.86311149597168
2018-12-26,8.96854019165039
2018-12-27,9.211560249328613
2018-12-28,9.506402969360352
2019-01-02,9.710112571716309
2019-01-03,9.529631614685059
2019-01-04,9.465303421020508
2019-01-07,9.175823211669922
2019-01-08,9.023934364318848
2019-01-09,9.313416481018066
2019-01-10,9.55465030670166
2019-01-11,9.504615783691406
2019-01-14,9.572519302368164
2019-01-15,9.488533020019531
2019-01-16,9.4813871383667
2019-01-17,9.828047752380371
2019-01-18,10.010313987731934
2019-01-21,9.83519458770752
2019-01-22,9.720832824707031
2019-01-23,10.054986953735352
2019-01-24,10.31230354309082
2019-01-28,10.398077011108398
2019-01-29,10.194365501403809
2019-01-30,10.128250122070312
2019-01-31,10.221169471740723
2019-02-01,10.003166198730469
2019-02-04,10.147908210754395
2019-02-05,10.185431480407715
2019-02-06,9.756569862365723
2019-02-07,9.636846542358398
2019-02-08,9.638635635375977
2019-02-11,9.631487846374512
2019-02-12,9.59395980834961
2019-02-13,9.863785743713379
2019-02-14,10.010313987731934
2019-02-15,10.194365501403809
2019-02-18,9.956707000732422
2019-02-19,9.988872528076172
2019-02-20,9.772653579711914
2019-02-21,9.291971206665039
2019-02-22,9.560011863708496
2019-02-25,9.733342170715332
2019-02-26,9.65293025970459
2019-02-27,9.847702980041504
2019-02-28,9.543926239013672
2019-03-01,9.306732177734375
2019-03-06,9.270522117614746
2019-03-07,9.397265434265137
2019-03-08,9.505905151367188
2019-03-11,9.66162109375
2019-03-12,9.72318172454834
2019-03-13,9.851737022399902
2019-03-14,9.848116874694824
2019-03-15,9.962186813354492
2019-03-18,9.868034362792969
2019-03-19,9.641703605651855
2019-03-20,9.529443740844727
2019-03-21,9.261467933654785
2019-03-22,8.926496505737305
2019-03-25,8.819668769836426
2019-03-26,8.745431900024414
2019-03-27,8.419514656066895
2019-03-28,8.582475662231445
2019-03-29,8.510048866271973
2019-04-01,8.528155326843262
2019-04-02,8.417706489562988
2019-04-03,8.292769432067871
2019-04-04,8.546260833740234
2019-04-05,8.510048866271973
2019-04-08,8.256558418273926
2019-04-09,8.18956470489502
2019-04-10,8.242071151733398
2019-04-11,8.062817573547363
2019-04-12,7.966855049133301
2019-04-15,8.07911491394043
2019-04-16,8.209480285644531
2019-04-17,8.05195426940918
2019-04-18,8.194994926452637
2019-04-22,8.035656929016113
2019-04-23,8.16602611541748
2019-04-24,7.742334365844727
2019-04-25,7.69525671005249
2019-04-26,7.452628135681152
2019-04-29,7.619208812713623
2019-04-30,7.604722499847412
2019-05-02,7.7749247550964355
2019-05-03,7.680771350860596
2019-05-06,7.698878288269043
2019-05-07,7.749576568603516
2019-05-08,7.869077682495117
2019-05-09,7.8944292068481445
2019-05-10,7.858214378356934
2019-05-13,7.604722499847412
2019-05-14,7.69525671005249
2019-05-15,7.673527240753174
2019-05-16,7.3295063972473145
2019-05-17,7.01445198059082
2019-05-20,7.152061939239502
2019-05-21,7.499706268310547
2019-05-22,7.481600284576416
2019-05-23,7.224488258361816
2019-05-24,7.043422698974609
2019-05-27,7.115848541259766
2019-05-28,7.032557964324951
2019-05-29,7.2607011795043945
2019-05-30,7.2100019454956055
2019-05-31,7.488842964172363
2019-06-03,7.416415691375732
2019-06-04,7.358476638793945
2019-06-05,7.148439884185791
2019-06-06,7.242593765258789
2019-06-07,7.318641185760498
2019-06-10,7.3077778816223145
2019-06-11,7.64093542098999
2019-06-12,7.485221862792969
2019-06-13,7.840108394622803
2019-06-14,7.785787105560303
2019-06-17,7.822000503540039
2019-06-18,7.727848052978516
2019-06-19,7.586617469787598
2019-06-21,7.749576568603516
2019-06-24,7.7749247550964355
2019-06-25,7.535920143127441
2019-06-26,7.550403594970703
2019-06-27,7.423658847808838
2019-06-28,7.278806209564209
2019-07-01,7.152061939239502
2019-07-02,7.043422698974609
2019-07-03,7.061528205871582
2019-07-04,7.115848541259766
2019-07-05,7.101362705230713
2019-07-08,7.13395357131958
2019-07-10,7.550403594970703
2019-07-11,7.488842964172363
2019-07-12,7.416415691375732
2019-07-15,7.449008941650391
2019-07-16,7.311398029327393
2019-07-17,7.3476104736328125
2019-07-18,7.543161392211914
2019-07-19,7.311398029327393
2019-07-22,7.007209777832031
2019-07-23,7.188273906707764
2019-07-24,7.5141921043396
2019-07-25,7.449008941650391
2019-07-26,7.289670944213867
2019-07-29,7.2389726638793945
2019-07-30,7.296913146972656
2019-07-31,7.202759265899658
2019-08-01,7.202759265899658
2019-08-02,7.202759265899658
2019-08-05,6.898570537567139
2019-08-06,6.989102840423584
2019-08-07,6.894949436187744
2019-08-08,7.018072605133057
2019-08-09,7.010830879211426
2019-08-12,6.887706756591797
2019-08-13,6.808038711547852
2019-08-14,6.674050331115723
2019-08-15,6.112748622894287
2019-08-16,5.975139617919922
2019-08-19,5.739755630493164
2019-08-20,5.7361345291137695
2019-08-21,6.054809093475342
2019-08-22,6.206902980804443
2019-08-23,5.869810104370117
2019-08-26,5.715919494628906
2019-08-27,5.708591938018799
2019-08-28,5.851490020751953
2019-08-29,6.170262336730957
2019-08-30,6.016373157501221
2019-09-02,6.082325458526611
2019-09-03,6.225223064422607
2019-09-04,6.44873046875
2019-09-05,6.554988384246826
2019-09-06,6.609949111938477
2019-09-09,6.712541580200195
2019-09-10,6.734526634216309
2019-09-11,6.558650970458984
2019-09-12,6.595293045043945
2019-09-13,6.415753364562988
2019-09-16,6.668572902679443
2019-09-17,6.9690260887146
2019-09-18,6.881088733673096
2019-09-19,6.69055700302124
2019-09-20,6.719870090484619
2019-09-23,6.686893939971924
2019-09-24,6.558650970458984
2019-09-25,6.591628074645996
2019-09-26,6.705214023590088
2019-09-27,6.752846717834473
2019-09-30,6.774831295013428
2019-10-01,7.056962966918945
2019-10-02,7.078946113586426
2019-10-03,6.961697578430176
2019-10-04,6.833455562591553
2019-10-07,6.697885513305664
2019-10-08,6.745518207550049
2019-10-09,7.053299427032471
2019-10-10,6.833455562591553
2019-10-11,7.03497838973999
2019-10-14,7.067955493927002
2019-10-15,7.071618556976318
2019-10-16,7.122915744781494
2019-10-17,6.998337745666504
2019-10-18,7.14856481552124
2019-10-21,7.141234397888184
2019-10-22,7.119251251220703
2019-10-23,7.130243301391602
2019-10-24,7.03497838973999
2019-10-25,7.137571334838867
2019-10-28,7.10459566116333
2019-10-29,6.958033561706543
2019-10-30,6.961697578430176
2019-10-31,6.914064407348633
2019-11-01,7.1082587242126465
2019-11-04,7.122915744781494
2019-11-05,7.071618556976318
2019-11-06,7.163220405578613
2019-11-07,7.5406174659729
2019-11-08,7.503976821899414
2019-11-11,7.511305332183838
2019-11-12,7.48565673828125
2019-11-13,7.328103065490723
2019-11-14,7.416040420532227
2019-11-18,7.44168758392334
2019-11-19,7.569930553436279
2019-11-21,8.038928031921387
2019-11-22,8.310067176818848
2019-11-25,8.123200416564941
2019-11-26,8.035264015197754
2019-11-27,7.987632751464844
2019-11-28,8.024271011352539
2019-11-29,7.9912943840026855
2019-12-02,8.097553253173828
2019-12-03,8.203810691833496
2019-12-04,8.115873336791992
2019-12-05,7.94366455078125
2019-12-06,7.877708435058594
2019-12-09,7.833742618560791
2019-12-10,7.932672500610352
2019-12-11,7.969310760498047
2019-12-12,8.086562156677246
2019-12-13,8.156177520751953
2019-12-16,8.218466758728027
2019-12-17,8.427318572998047
2019-12-18,8.680137634277344
2019-12-19,8.899980545043945
2019-12-20,9.017231941223145
2019-12-23,9.281044006347656
2019-12-26,9.379972457885742
2019-12-27,9.423938751220703
2019-12-30,9.336002349853516
2020-01-02,9.379972457885742
2020-01-03,9.270051002502441
2020-01-06,9.068526268005371
2020-01-07,9.270051002502441
2020-01-08,9.196770668029785
2020-01-09,9.21509075164795
2020-01-10,9.19310474395752
2020-01-13,9.27737808227539
2020-01-14,9.379972457885742
2020-01-15,9.295698165893555
2020-01-16,9.314018249511719
2020-01-17,9.625463485717773
2020-01-20,9.797673225402832
2020-01-21,9.654775619506836
2020-01-22,10.043163299560547
2020-01-23,10.189725875854492
2020-01-24,10.087133407592773
2020-01-27,9.691415786743164
2020-01-28,9.874619483947754
2020-01-29,9.566837310791016
2020-01-30,9.51187801361084
2020-01-31,9.255393028259277
2020-02-03,9.292035102844238
2020-02-04,9.20776081085205
2020-02-05,9.310354232788086
2020-02-06,9.19310474395752
2020-02-07,8.91830062866211
2020-02-10,8.77173900604248
2020-02-11,9.196770668029785
2020-02-12,9.189440727233887
2020-02-13,8.984253883361816
2020-02-14,8.848684310913086
2020-02-17,9.024558067321777
2020-02-18,8.830363273620605
2020-02-19,8.742426872253418
2020-02-20,8.101217269897461
2020-02-21,7.896030902862549
2020-02-26,7.251157760620117
2020-02-27,7.016658782958984
2020-02-28,7.079738140106201
2020-03-02,7.317214488983154
2020-03-03,7.413686752319336
2020-03-04,7.402556896209717
2020-03-05,6.716103553771973
2020-03-06,6.382153034210205
2020-03-09,5.7179646492004395
2020-03-10,6.634471416473389
2020-03-11,6.1854939460754395
2020-03-12,4.871958255767822
2020-03-13,6.011098384857178
2020-03-16,4.727246284484863
2020-03-17,5.194775581359863
2020-03-18,4.478640079498291
2020-03-19,4.526875972747803
2020-03-20,4.5751142501831055
2020-03-23,3.966583251953125
2020-03-24,4.441533088684082
2020-03-25,4.567691802978516
2020-03-26,5.309803009033203
2020-03-27,4.860826015472412
2020-03-30,4.675298690795898
2020-03-31,4.649324893951416
2020-04-01,4.252294540405273
2020-04-02,4.278267860412598
2020-04-03,4.126136779785156
2020-04-06,4.612218856811523
2020-04-07,4.775483131408691
2020-04-08,5.090880393981934
2020-04-09,5.283829212188721
2020-04-13,5.391435623168945
2020-04-14,5.231881618499756
2020-04-15,5.265276908874512
2020-04-16,5.272697448730469
2020-04-17,5.213328838348389
2020-04-20,5.268986701965332
2020-04-22,5.343198299407959
2020-04-23,5.39514684677124
2020-04-24,5.005537986755371
2020-04-27,5.309803009033203
2020-04-28,5.409988880157471
2020-04-29,5.703122138977051
2020-04-30,5.380303859710693
2020-05-04,5.4174089431762695
2020-05-05,5.354329586029053
2020-05-06,5.213328838348389
2020-05-07,4.935036659240723
2020-05-08,5.150249481201172
2020-05-11,4.975853443145752
2020-05-12,5.09459114074707
2020-05-13,5.001827239990234
2020-05-14,5.565831661224365
2020-05-15,5.254144668579102
2020-05-18,5.599225997924805
2020-05-19,5.617779731750488
2020-05-20,5.736516952514648
2020-05-21,6.1038618087768555
2020-05-22,5.973991870880127
2020-05-25,6.3079423904418945
2020-05-26,6.345048427581787
2020-05-27,6.422968864440918
2020-05-28,6.452653884887695
2020-05-29,6.352468490600586
2020-06-01,6.378443717956543
2020-06-02,7.027790546417236
2020-06-03,6.961001396179199
2020-06-04,6.912762641906738
2020-06-05,6.931315898895264
2020-06-08,7.098289966583252
2020-06-09,7.150238037109375
2020-06-10,6.909052848815918
2020-06-12,6.675286769866943
2020-06-15,6.627049446105957
2020-06-16,6.493469715118408
2020-06-17,6.716103553771973
2020-06-18,6.99068546295166
2020-06-19,6.923895835876465
2020-06-22,6.805156230926514
2020-06-23,6.849682331085205
2020-06-24,6.860815525054932
2020-06-25,6.794024467468262
2020-06-26,6.545418739318848
2020-06-29,6.6789984703063965
2020-06-30,6.819998741149902
2020-07-01,6.9758429527282715
2020-07-02,6.916473865509033
2020-07-03,6.838552474975586
2020-07-06,6.879367828369141
2020-07-07,6.693840503692627
2020-07-08,6.964710712432861
2020-07-09,6.897920608520508
2020-07-10,6.8682355880737305
2020-07-13,6.567681789398193
2020-07-14,6.99068546295166
2020-07-15,7.153947830200195
2020-07-16,7.176212787628174
2020-07-17,7.235581398010254
2020-07-20,7.32834529876709
2020-07-21,7.346897602081299
2020-07-22,7.320924758911133
2020-07-23,7.105711936950684
2020-07-24,7.105711936950684
2020-07-27,7.194765090942383
2020-07-28,7.235581398010254
2020-07-29,7.217028617858887
2020-07-30,7.32834529876709
2020-07-31,7.027790546417236
2020-08-03,7.03521203994751
2020-08-04,6.9943952560424805
2020-08-05,7.009236812591553
2020-08-06,7.072318077087402
2020-08-07,7.13168478012085
2020-08-10,7.0574750900268555
2020-08-11,6.97955322265625
2020-08-12,6.923895835876465
2020-08-13,6.8830790519714355
2020-08-14,6.968421459197998
2020-08-17,6.7791829109191895
2020-08-18,6.97955322265625
2020-08-19,7.306081771850586
2020-08-20,7.395135879516602
2020-08-21,7.691979885101318
2020-08-24,7.662295818328857
2020-08-25,7.576952934265137
2020-08-26,7.2726874351501465
2020-08-27,7.217028617858887
2020-08-28,7.5250043869018555
2020-08-31,7.21331787109375
2020-09-01,7.662295818328857
2020-09-02,7.699400424957275
2020-09-03,7.78474235534668
2020-09-04,7.9739813804626465
2020-09-08,7.985113143920898
2020-09-09,8.118692398071289
2020-09-10,7.977691650390625
2020-09-11,7.999954700469971
2020-09-14,8.29308795928955
2020-09-15,8.545406341552734
2020-09-16,8.515722274780273
2020-09-17,8.582510948181152
2020-09-18,8.515722274780273
2020-09-21,8.315353393554688
2020-09-22,8.330193519592285
2020-09-23,7.970271587371826
2020-09-24,7.907192230224609
2020-09-25,7.858953952789307
2020-09-28,7.465635776519775
2020-09-29,7.313501834869385
2020-09-30,7.150238037109375
2020-10-01,7.243002414703369
2020-10-02,7.098289966583252
2020-10-05,7.183631896972656
2020-10-06,7.124263763427734
2020-10-07,6.909052848815918
2020-10-08,7.120553493499756
2020-10-09,6.9943952560424805
2020-10-13,6.901630878448486
2020-10-14,6.838552474975586
2020-10-15,6.98326301574707
2020-10-16,7.031500816345215
2020-10-19,7.079738140106201
2020-10-20,7.1353960037231445
2020-10-21,7.001816272735596
2020-10-22,6.923895835876465
2020-10-23,6.8682355880737305
2020-10-26,6.660445690155029
2020-10-27,6.5788140296936035
2020-10-28,6.211468696594238
2020-10-29,6.230020999908447
2020-10-30,6.077888488769531
2020-11-03,6.1558098793029785
2020-11-04,6.367311477661133
2020-11-05,7.32834529876709
2020-11-06,7.398845195770264
2020-11-09,7.424818992614746
2020-11-10,8.05190372467041
2020-11-11,7.502739906311035
2020-11-12,7.428530216217041
2020-11-13,7.662295818328857
2020-11-16,7.910902500152588
2020-11-17,7.807006359100342
2020-11-18,7.6697163581848145
2020-11-19,7.6771368980407715
2020-11-23,7.640032768249512
2020-11-24,7.614058017730713
2020-11-25,7.703110694885254
2020-11-26,7.710533142089844
2020-11-27,7.569530963897705
2020-11-30,7.5435566902160645
2020-12-01,7.896059036254883
2020-12-02,7.721664905548096
2020-12-03,7.884926795959473
2020-12-04,8.163219451904297
2020-12-07,8.133535385131836
2020-12-08,8.29680061340332
2020-12-09,8.348748207092285
2020-12-10,8.489747047424316
2020-12-11,8.515722274780273
2020-12-14,8.786593437194824
2020-12-15,8.756908416748047
2020-12-16,8.901619911193848
2020-12-17,8.671565055847168
2020-12-18,8.805146217346191
2020-12-21,8.604776382446289
2020-12-22,8.664145469665527
2020-12-23,8.794014930725098
2020-12-28,8.86822509765625
2020-12-29,8.946146965026855
2020-12-30,8.808855056762695
2021-01-04,8.949859619140625
2021-01-05,8.87564468383789
2021-01-06,8.76803970336914
2021-01-07,9.035200119018555
2021-01-08,9.268964767456055
2021-01-11,8.834830284118652
2021-01-12,8.771750450134277
2021-01-13,8.704960823059082
2021-01-14,8.653013229370117
2021-01-15,8.41553783416748
2021-01-18,8.27824592590332
2021-01-19,8.233718872070312
2021-01-20,8.367301940917969
2021-01-21,8.345036506652832
2021-01-22,8.1298246383667
2021-01-26,8.192904472351074
2021-01-27,8.174349784851074
2021-01-28,8.523141860961914
2021-01-29,8.081587791442871
2021-02-01,8.244851112365723
2021-02-02,8.471197128295898
2021-02-03,8.701251029968262
2021-02-04,8.649301528930664
2021-02-05,8.756908416748047
2021-02-08,8.85338306427002
2021-02-09,9.050042152404785
2021-02-10,8.79772663116455
2021-02-11,8.686408042907715
2021-02-12,8.682698249816895
2021-02-17,8.649301528930664
2021-02-18,8.348748207092285
2021-02-19,8.48232650756836
2021-02-22,7.8181376457214355
2021-02-23,7.93316650390625
2021-02-24,7.896059036254883
2021-02-25,7.313501834869385
2021-02-26,7.168789863586426
2021-03-01,6.957291126251221
2021-03-02,6.935025691986084
2021-03-03,6.760629653930664
2021-03-04,7.179923057556152
2021-03-05,7.301422595977783
2021-03-08,6.724294662475586
2021-03-09,6.8154215812683105
2021-03-10,6.955905914306641
2021-03-11,7.400142669677734
2021-03-12,7.411533355712891
2021-03-15,7.316610336303711
2021-03-16,7.2824387550354
2021-03-17,7.631752014160156
2021-03-18,7.377360820770264
2021-03-19,7.525440692901611
2021-03-22,7.5140485763549805
2021-03-23,7.430519104003906
2021-03-24,7.38875150680542
2021-03-25,7.654533863067627
2021-03-26,7.943098068237305
2021-03-29,7.977270126342773
2021-03-30,8.094974517822266
2021-03-31,8.053207397460938
2021-04-01,7.89373779296875
2021-04-05,8.011442184448242
2021-04-06,7.97347354888916
2021-04-07,7.916518211364746
2021-04-08,7.958285808563232
2021-04-09,7.764644622802734
2021-04-12,7.848176956176758
2021-04-13,7.943098068237305
2021-04-14,7.93550443649292
2021-04-15,8.019036293029785
2021-04-16,8.007643699645996
2021-04-19,8.079785346984863
2021-04-20,8.045613288879395
2021-04-22,7.97347354888916
2021-04-23,7.9620819091796875
2021-04-26,8.0038480758667
2021-04-27,7.730472564697266
2021-04-28,7.943098068237305
2021-04-29,8.08737850189209
2021-04-30,8.015237808227539
2021-05-03,8.189897537231445
2021-05-04,8.08737850189209
2021-05-05,8.265833854675293
2021-05-06,7.700096607208252
2021-05-07,7.722877502441406
2021-05-10,7.540627956390381
2021-05-11,7.381157875061035
2021-05-12,7.419127941131592
2021-05-13,7.510251522064209
2021-05-14,7.578596591949463
2021-05-17,7.745659351348877
2021-05-18,7.654533863067627
2021-05-19,7.719080924987793
2021-05-20,7.502659797668457
2021-05-21,7.343189239501953
2021-05-24,7.2824387550354
2021-05-25,7.176126003265381
2021-05-26,7.33939266204834
2021-05-27,7.305219650268555
2021-05-28,7.23687744140625
2021-05-31,7.328001976013184
2021-06-01,7.859565734863281
2021-06-02,7.92031717300415
2021-06-04,8.026627540588379
2021-06-07,8.098770141601562
2021-06-08,8.034223556518555
2021-06-09,7.821597576141357
2021-06-10,7.776034355163574
2021-06-11,7.684909343719482
2021-06-14,7.662126064300537
2021-06-15,7.848176956176758
2021-06-16,7.6469407081604
2021-06-17,7.506455421447754
2021-06-18,7.441909313201904
2021-06-21,7.487471580505371
2021-06-22,7.41533088684082
2021-06-23,7.271048069000244
2021-06-24,7.343189239501953
2021-06-25,7.210298538208008
2021-06-28,15.814702033996582
2021-06-29,15.27078914642334
2021-06-30,15.155412673950195
2021-07-01,14.982348442077637
2021-07-02,15.616915702819824
2021-07-05,15.48505687713623
2021-07-06,15.24606704711914
2021-07-07,15.7405366897583
2021-07-08,15.707568168640137
2021-07-12,15.979524612426758
2021-07-13,15.987765312194824
2021-07-14,16.210275650024414
2021-07-15,15.888873100280762
2021-07-16,15.666362762451172
2021-07-19,15.460335731506348
2021-07-20,15.377922058105469
2021-07-21,15.361437797546387
2021-07-22,15.328475952148438
2021-07-23,15.130691528320312
2021-07-26,15.015314102172852
2021-07-27,14.908178329467773
2021-07-28,15.163655281066895
2021-07-29,15.204861640930176
2021-07-30,14.570292472839355
2021-08-02,14.388988494873047
2021-08-03,14.372507095336914
2021-08-04,14.265371322631836
2021-08-05,14.009897232055664
2021-08-06,14.092309951782227
2021-08-09,14.627983093261719
2021-08-10,14.331302642822266
2021-08-11,14.298337936401367
2021-08-12,12.534737586975098
2021-08-13,12.847900390625
2021-08-16,12.987998962402344
2021-08-17,13.268197059631348
2021-08-18,12.608908653259277
2021-08-19,12.666595458984375
2021-08-20,12.83359146118164
2021-08-23,12.599798202514648
2021-08-24,12.91709041595459
2021-08-25,12.89203929901123
2021-08-26,12.215707778930664
2021-08-27,12.24075698852539
2021-08-30,12.19900894165039
2021-08-31,12.057062149047852
2021-09-01,12.107161521911621
2021-09-02,12.006962776184082
2021-09-03,12.324254989624023
2021-09-06,12.49959945678711
2021-09-08,11.798219680786133
2021-09-09,12.15726089477539
2021-09-10,11.923466682434082
2021-09-13,12.432802200317383
2021-09-14,12.115509986877441
2021-09-15,11.923466682434082
2021-09-16,12.023663520812988
2021-09-17,11.597826957702637
2021-09-20,11.414129257202148
2021-09-21,11.831620216369629
2021-09-22,12.19900894165039
2021-09-23,13.359626770019531
2021-09-24,13.167583465576172
2021-09-27,12.858640670776367
2021-09-28,12.5162992477417
2021-09-29,12.482901573181152
2021-09-30,12.30755615234375
2021-10-01,12.591447830200195
2021-10-04,12.282505989074707
2021-10-05,12.27415657043457
2021-10-06,11.956865310668945
2021-10-07,11.781519889831543
2021-10-08,12.27415657043457
2021-10-11,12.424452781677246
2021-10-13,12.666595458984375
2021-10-14,12.466201782226562
2021-10-15,12.591447830200195
2021-10-18,12.875340461730957
2021-10-19,12.19900894165039
2021-10-20,12.366005897521973
2021-10-21,11.65627384185791
2021-10-22,11.272186279296875
2021-10-25,11.455879211425781
2021-10-26,11.046741485595703
2021-10-27,11.472579002380371
2021-10-28,11.163639068603516
2021-10-29,10.896444320678711
2021-11-01,10.871397018432617
2021-11-03,11.247136116027832
2021-11-04,10.337011337280273
2021-11-05,10.403807640075684
2021-11-08,10.403807640075684
2021-11-09,10.871397018432617
2021-11-10,10.829647064208984
2021-11-11,11.213737487792969
2021-11-12,11.255484580993652
2021-11-16,11.071791648864746
2021-11-17,11.163639068603516
2021-11-18,11.288885116577148
2021-11-19,11.347332954406738
2021-11-22,11.046741485595703
2021-11-23,11.597826957702637
2021-11-24,11.556077003479004
2021-11-25,11.80656909942627
2021-11-26,11.389081001281738
2021-11-29,11.848318099975586
2021-11-30,12.048713684082031
2021-12-01,11.622875213623047
2021-12-02,11.898417472839355
2021-12-03,12.30755615234375
2021-12-06,12.49959945678711
2021-12-07,12.432802200317383
2021-12-08,12.83359146118164
2021-12-09,12.549699783325195
2021-12-10,12.758442878723145
2021-12-13,12.98388671875
2021-12-14,12.750094413757324
2021-12-15,12.699994087219238
2021-12-16,12.808542251586914
2021-12-17,12.683295249938965
2021-12-20,11.956865310668945
2021-12-21,11.865018844604492
2021-12-22,11.915116310119629
2021-12-23,11.915116310119629
2021-12-27,12.15726089477539
2021-12-28,12.19900894165039
2021-12-29,12.023663520812988
2021-12-30,12.140560150146484
2022-01-03,11.789870262145996
2022-01-04,11.347332954406738
2022-01-05,11.046741485595703
2022-01-06,10.888096809387207
2022-01-07,10.812948226928711
2022-01-10,10.671002388000488
2022-01-11,10.846346855163574
2022-01-12,11.272186279296875
2022-01-13,11.171987533569336
2022-01-14,10.98829174041748
2022-01-17,10.737799644470215
2022-01-18,10.704401016235352
2022-01-19,11.046741485595703
2022-01-20,11.397431373596191
2022-01-21,11.56442642211914
2022-01-24,11.238786697387695
2022-01-25,11.698022842407227
2022-01-26,11.940166473388672
2022-01-27,12.624846458435059
2022-01-28,12.658246040344238
2022-01-31,12.616496086120605
2022-02-01,12.39105224609375
2022-02-02,12.015315055847168
2022-02-03,12.39940357208252
2022-02-04,12.123861312866211
2022-02-07,11.731420516967773
2022-02-08,11.82326889038086
2022-02-09,11.973565101623535
2022-02-10,12.115509986877441
2022-02-11,12.132209777832031
2022-02-14,12.207358360290527
2022-02-15,12.633197784423828
2022-02-16,13.192631721496582
2022-02-17,12.950488090515137
2022-02-18,12.558048248291016
2022-02-21,12.608146667480469
2022-02-22,12.791841506958008
2022-02-23,12.45785140991211
2022-02-24,12.90873908996582
2022-02-25,12.366005897521973
2022-03-02,11.948516845703125
2022-03-03,11.848318099975586
2022-03-04,11.781045913696289
2022-03-07,11.011981964111328
2022-03-08,10.910567283630371
2022-03-09,11.40919303894043
2022-03-10,10.978178024291992
2022-03-11,10.420393943786621
2022-03-14,10.310527801513672
2022-03-15,10.471102714538574
2022-03-16,10.40349292755127
2022-03-17,10.809151649475098
2022-03-18,11.316228866577148
2022-03-21,11.40919303894043
2022-03-22,11.789496421813965
2022-03-23,11.84865665435791
2022-03-24,12.465598106384277
2022-03-25,12.575465202331543
2022-03-28,12.305024147033691
2022-03-29,12.457146644592285
2022-03-30,12.296573638916016
2022-03-31,11.958521842956543
2022-04-01,12.364181518554688
2022-04-04,12.144449234008789
2022-04-05,11.966972351074219
2022-04-06,11.764142990112305
2022-04-07,11.544410705566406
2022-04-08,11.603569030761719
2022-04-11,11.578217506408691
2022-04-12,11.95007038116455
2022-04-13,12.431792259216309
2022-04-14,12.693782806396484
2022-04-18,12.583915710449219
2022-04-19,12.279670715332031
2022-04-20,12.21205997467041
2022-04-22,11.992327690124512
2022-04-25,11.916266441345215
2022-04-26,11.240165710449219
2022-04-27,11.375386238098145
2022-04-28,11.637374877929688
2022-04-29,11.045787811279297
2022-05-02,10.631675720214844
2022-05-03,10.445748329162598
2022-05-04,10.876764297485352
2022-05-05,10.572517395019531
2022-05-06,10.310527801513672
2022-05-09,10.133051872253418
2022-05-10,10.378137588500977
2022-05-11,10.327431678771973
2022-05-12,10.85986042022705
2022-05-13,11.054238319396973
2022-05-16,11.62047290802002
2022-05-17,12.169803619384766
2022-05-18,11.231715202331543
2022-05-19,11.138751983642578
2022-05-20,11.519057273864746
2022-05-23,11.569764137268066
2022-05-24,11.824617385864258
2022-05-25,12.01632022857666
2022-05-26,12.530433654785156
2022-05-27,12.434582710266113
2022-05-30,12.373586654663086
2022-05-31,12.521719932556152
2022-06-01,12.303875923156738
2022-06-02,12.2167387008667
2022-06-03,11.876899719238281
2022-06-06,11.606773376464844
2022-06-07,11.55449104309082
2022-06-08,11.310503959655762
2022-06-09,11.301790237426758
2022-06-10,11.110085487365723
2022-06-13,10.665682792663574
2022-06-14,10.639542579650879
2022-06-15,10.892242431640625
2022-06-17,10.622113227844238
2022-06-20,10.473980903625488
2022-06-21,10.613399505615234
2022-06-22,10.961952209472656
2022-06-23,10.517548561096191
2022-06-24,10.604686737060547
2022-06-27,10.927098274230957
2022-06-28,11.075231552124023
2022-06-29,10.944524765014648
2022-06-30,10.726679801940918
2022-07-01,10.578544616699219
2022-07-04,10.34327220916748
2022-07-05,10.229992866516113
2022-07-06,10.299704551696777
2022-07-07,10.34327220916748
2022-07-08,10.395556449890137
2022-07-11,10.325844764709473
2022-07-12,10.500120162963867
2022-07-13,10.465267181396484
2022-07-14,10.395556449890137
2022-07-15,10.34327220916748
2022-07-18,10.473980903625488
2022-07-19,10.465267181396484
2022-07-20,11.083944320678711
2022-07-21,11.049091339111328
2022-07-22,10.857385635375977
2022-07-25,11.144941329956055
2022-07-26,10.839958190917969
2022-07-27,11.23207950592041
2022-07-28,11.127513885498047
2022-07-29,11.0578031539917
2022-08-01,11.240793228149414
2022-08-02,11.319217681884766
2022-08-03,11.728766441345215
2022-08-04,11.6939115524292
2022-08-05,11.589345932006836
2022-08-08,11.763622283935547
2022-08-09,11.903040885925293
2022-08-10,12.225452423095703
2022-08-11,11.85075855255127
2022-08-12,12.338730812072754
2022-08-15,12.155740737915039
2022-08-16,11.964037895202637
2022-08-17,11.937897682189941
2022-08-18,11.964037895202637
2022-08-19,11.824617385864258
2022-08-22,11.833331108093262
2022-08-23,11.955324172973633
2022-08-24,12.364871978759766
2022-08-25,12.242877960205078
2022-08-26,12.225452423095703
2022-08-29,12.312589645385742
2022-08-30,12.112171173095703
2022-08-31,11.789761543273926
2022-09-01,11.876899719238281
2022-09-02,11.937897682189941
2022-09-05,11.990179061889648
2022-09-06,11.685196876525879
2022-09-08,11.624199867248535
2022-09-09,11.77233600616455
2022-09-12,11.85947322845459
2022-09-13,11.624199867248535
2022-09-14,11.632915496826172
2022-09-15,11.205937385559082
2022-09-16,11.101373672485352
2022-09-19,11.336645126342773
2022-09-20,11.310503959655762
2022-09-21,11.327932357788086
2022-09-22,11.64162826538086
2022-09-23,10.961952209472656
2022-09-26,10.55240249633789
2022-09-27,10.43912410736084
2022-09-28,10.325844764709473
2022-09-29,10.108000755310059
2022-09-30,10.22127914428711
2022-10-03,11.040376663208008
2022-10-04,10.944524765014648
2022-10-05,10.900955200195312
2022-10-06,10.961952209472656
2022-10-07,10.796390533447266
2022-10-10,10.831245422363281
2022-10-11,10.857385635375977
2022-10-13,10.656968116760254
2022-10-14,10.517548561096191
2022-10-17,10.831245422363281
2022-10-18,11.441211700439453
2022-10-19,11.484780311584473
2022-10-20,11.467351913452148
2022-10-21,11.833331108093262
2022-10-24,11.458638191223145
2022-10-25,10.988093376159668
2022-10-26,10.639542579650879
2022-10-27,11.23207950592041
2022-10-28,11.319217681884766
2022-10-31,11.685196876525879
2022-11-01,12.199310302734375
2022-11-03,12.417155265808105
2022-11-04,12.469439506530762
2022-11-07,11.81590461730957
2022-11-08,11.789761543273926
2022-11-09,11.81590461730957
2022-11-10,11.537062644958496
2022-11-11,12.16445541381836
2022-11-14,11.955324172973633
2022-11-16,11.223365783691406
2022-11-17,11.441211700439453
2022-11-18,11.449925422668457
2022-11-21,11.519635200500488
2022-11-22,11.80718994140625
2022-11-23,11.528348922729492
2022-11-24,12.190595626831055
2022-11-25,11.502206802368164
2022-11-28,11.615487098693848
2022-11-29,11.97275161743164
2022-11-30,12.373586654663086
2022-12-01,12.208024024963379
2022-12-02,12.208024024963379
2022-12-05,11.781049728393555
2022-12-06,11.737480163574219
2022-12-07,11.6939115524292
2022-12-08,11.17979621887207
2022-12-09,11.022948265075684
2022-12-12,10.752821922302246
2022-12-13,10.595973014831543
2022-12-14,10.787675857543945
2022-12-15,10.447837829589844
2022-12-16,10.27356243133545
2022-12-19,10.587260246276855
2022-12-20,10.874814987182617
2022-12-21,10.848673820495605
2022-12-22,10.979379653930664
2022-12-23,11.18851089477539
2022-12-26,10.76153564453125
2022-12-27,10.70053768157959
2022-12-28,11.066516876220703
2022-12-29,10.988093376159668
2023-01-02,10.412981986999512
2023-01-03,10.247421264648438
2023-01-04,10.491406440734863
2023-01-05,10.630827903747559
2023-01-06,10.752821922302246
2023-01-09,10.717966079711914
2023-01-10,11.083944320678711
2023-01-11,11.449925422668457
2023-01-12,11.432497024536133
2023-01-13,10.970666885375977
2023-01-16,10.76153564453125
2023-01-17,11.083944320678711
2023-01-18,11.258222579956055
2023-01-19,11.214653968811035
2023-01-20,10.996807098388672
2023-01-23,10.839958190917969
2023-01-24,11.301790237426758
2023-01-25,11.467351913452148
2023-01-26,11.458638191223145
2023-01-27,11.423783302307129
2023-01-30,11.197224617004395
2023-01-31,11.49349308013916
2023-02-01,11.223365783691406
2023-02-02,11.127513885498047
2023-02-03,10.74410629272461
2023-02-06,11.205937385559082
2023-02-07,11.014235496520996
2023-02-08,11.519635200500488
2023-02-09,11.162370681762695
2023-02-10,11.310503959655762
2023-02-13,11.371500015258789
2023-02-14,11.040376663208008
2023-02-15,11.423783302307129
2023-02-16,11.23207950592041
2023-02-17,11.510921478271484
2023-02-22,11.659055709838867
2023-02-23,11.946610450744629
2023-02-24,11.893942832946777
2023-02-27,11.7710542678833
2023-02-28,11.569164276123047
2023-03-01,11.402384757995605
2023-03-02,11.314607620239258
2023-03-03,11.411164283752441
2023-03-06,11.753499984741211
2023-03-07,11.586719512939453
2023-03-08,12.087055206298828
2023-03-09,11.990498542785645
2023-03-10,11.841277122497559
2023-03-13,11.613053321838379
2023-03-14,11.595497131347656
2023-03-15,11.516497611999512
2023-03-16,11.709609985351562
2023-03-17,11.665719032287598
2023-03-20,11.613053321838379
2023-03-21,11.955388069152832
2023-03-22,11.920275688171387
2023-03-23,11.55160903930664
2023-03-24,11.490163803100586
2023-03-27,11.718387603759766
2023-03-28,11.79738712310791
2023-03-29,11.929056167602539
2023-03-30,11.972945213317871
2023-03-31,12.253835678100586
2023-04-03,12.262613296508789
2023-04-04,12.455724716186523
2023-04-05,12.56105899810791
2023-04-06,12.666391372680664
2023-04-10,12.683947563171387
2023-04-11,12.929725646972656
2023-04-12,13.070172309875488
2023-04-13,12.929725646972656
2023-04-14,12.999948501586914
2023-04-17,12.69272518157959
2023-04-18,12.79805850982666
2023-04-19,12.727836608886719
2023-04-20,12.604947090148926
2023-04-24,12.80683708190918
2023-04-25,12.701502799987793
2023-04-26,12.429389953613281
2023-04-27,12.4381685256958
2023-04-28,12.675169944763184
2023-05-02,12.525945663452148
2023-05-03,12.710280418395996
2023-05-04,14.211287498474121
2023-05-05,14.36928939819336
2023-05-08,14.685288429260254
2023-05-09,14.69406795501709
2023-05-10,14.544844627380371
2023-05-11,15.106624603271484
2023-05-12,14.852068901062012
2023-05-15,14.895956039428711
2023-05-16,14.843291282653809
2023-05-17,15.097847938537598
2023-05-18,15.46651554107666
2023-05-19,15.378739356994629
2023-05-22,15.27340316772461
2023-05-23,15.141737937927246
2023-05-24,15.308516502380371
2023-05-25,15.001291275024414
2023-05-26,14.764290809631348
2023-05-29,14.860847473144531
2023-05-30,14.895956039428711
2023-05-31,14.860847473144531
2023-06-01,15.492849349975586
2023-06-02,15.800073623657227
2023-06-05,15.79129409790039
2023-06-06,15.69473934173584
2023-06-07,15.55429458618164
2023-06-09,15.88785171508789
2023-06-12,15.738629341125488
2023-06-13,15.642069816589355
2023-06-14,15.800073623657227
2023-06-15,15.721073150634766
2023-06-16,15.484070777893066
2023-06-19,15.721073150634766
2023-06-20,15.958074569702148
2023-06-21,16.089740753173828
2023-06-22,15.896628379821777
2023-06-23,15.896628379821777
2023-06-26,15.879075050354004
2023-06-27,15.650850296020508
2023-06-28,15.677184104919434
2023-06-29,16.458406448364258
2023-06-30,16.581296920776367
2023-07-03,16.59885597229004
2023-07-04,16.43207550048828
2023-07-05,16.546188354492188
2023-07-06,16.195072174072266
2023-07-07,16.941186904907227
2023-07-10,17.037742614746094
2023-07-11,16.879743576049805
2023-07-12,16.91485595703125
2023-07-13,17.371305465698242
2023-07-14,17.327411651611328
2023-07-17,17.327411651611328
2023-07-18,17.002635955810547
2023-07-19,16.572521209716797
2023-07-20,16.563743591308594
2023-07-21,16.756855010986328
2023-07-24,17.081634521484375
2023-07-25,16.9587459564209
2023-07-26,16.651517868041992
2023-07-27,16.414520263671875
2023-07-28,16.572521209716797
2023-07-31,16.581296920776367
2023-08-01,16.660297393798828
2023-08-02,16.73052215576172
2023-08-03,16.70418930053711
2023-08-04,16.721744537353516
2023-08-07,16.90608024597168
2023-08-08,16.93241310119629
2023-08-09,16.827075958251953
2023-08-10,16.238964080810547
2023-08-11,16.335519790649414
2023-08-14,16.317964553833008
2023-08-15,16.449630737304688
2023-08-16,16.440853118896484
2023-08-17,16.309186935424805
2023-08-18,16.282493591308594
2023-08-21,16.238006591796875
2023-08-22,16.478239059448242
2023-08-23,16.531625747680664
2023-08-24,16.424854278564453
2023-08-25,16.469343185424805
2023-08-28,16.558319091796875
2023-08-29,16.77185821533203
2023-08-30,16.665088653564453
2023-08-31,16.157928466796875
2023-09-01,16.3803653717041
2023-09-04,16.318082809448242
2023-09-05,16.309186935424805
2023-09-06,16.318082809448242
2023-09-08,16.353670120239258
2023-09-11,16.86972999572754
2023-09-12,17.00319480895996
2023-09-13,16.309186935424805
2023-09-14,16.68288230895996
2023-09-15,16.9409122467041
2023-09-18,17.05657958984375
2023-09-19,16.68288230895996
2023-09-20,16.86972999572754
2023-09-21,16.65618896484375
2023-09-22,16.57611083984375
2023-09-25,16.57611083984375
2023-09-26,16.104541778564453
2023-09-27,16.282493591308594
2023-09-28,16.5405216217041
2023-09-29,16.68288230895996
2023-10-02,16.273597717285156
2023-10-03,16.255802154541016
2023-10-04,16.415958404541016
2023-10-05,16.282493591308594
2023-10-06,16.469343185424805
2023-10-09,16.86972999572754
2023-10-10,17.37689208984375
2023-10-11,17.599327087402344
2023-10-13,17.66161346435547
2023-10-16,17.981924057006836
2023-10-17,17.634920120239258
2023-10-18,17.58153533935547
2023-10-19,17.563737869262695
2023-10-20,17.626022338867188
2023-10-23,17.554841995239258
2023-10-24,17.706098556518555
2023-10-25,17.946332931518555
2023-10-26,18.68482780456543
2023-10-27,18.213258743286133
2023-10-30,18.142080307006836
2023-10-31,18.195465087890625
2023-11-01,18.87167739868164
2023-11-03,18.98734474182129
2023-11-06,19.432222366333008
2023-11-07,19.574583053588867
2023-11-08,20.99818992614746
2023-11-09,20.85582733154297
2023-11-10,20.83803367614746
2023-11-13,21.300704956054688
2023-11-14,21.798969268798828
2023-11-16,21.941328048706055
2023-11-17,21.905738830566406
2023-11-20,22.386205673217773
2023-11-21,22.048099517822266
2023-11-22,21.82566261291504
2023-11-23,21.754480361938477
2023-11-24,21.65660858154297
2023-11-27,21.754480361938477
2023-11-28,22.199357986450195
2023-11-29,21.99471092224121
2023-11-30,22.46628189086914
2023-12-01,22.768798828125
2023-12-04,22.67092514038086
2023-12-05,22.17266273498535
2023-12-06,22.733205795288086
2023-12-07,22.688718795776367
2023-12-08,23.04462432861328
2023-12-11,23.062416076660156
2023-12-12,22.63533592224121
2023-12-13,22.92005729675293
2023-12-14,23.15139389038086
2023-12-15,22.61754035949707
2023-12-18,22.866670608520508
2023-12-19,23.160289764404297
2023-12-20,22.91115951538086
2023-12-21,23.36493492126465
2023-12-22,23.400524139404297
2023-12-26,23.46280860900879
2023-12-27,23.507293701171875
2023-12-28,23.587371826171875
2024-01-02,23.6496524810791
2024-01-03,23.60516929626465
2024-01-04,23.5695743560791
2024-01-05,24.11232566833496
2024-01-08,23.845399856567383
2024-01-09,24.139019012451172
2024-01-10,24.11232566833496
2024-01-11,24.299175262451172
2024-01-12,24.83302879333496
2024-01-15,24.966489791870117
2024-01-16,24.254688262939453
2024-01-17,24.655075073242188
2024-01-18,24.379253387451172
2024-01-19,24.6105899810791
2024-01-22,24.6016902923584
2024-01-23,24.86861801147461
2024-01-24,24.752948760986328
2024-01-25,24.86861801147461
2024-01-26,25.188926696777344
2024-01-29,24.8508243560791
2024-01-30,24.752948760986328
2024-01-31,25.064361572265625
2024-02-01,25.322389602661133
2024-02-02,24.592792510986328
2024-02-05,25.073261260986328
2024-02-06,25.224517822265625
2024-02-07,25.758371353149414
2024-02-08,25.900732040405273
2024-02-09,26.363405227661133
2024-02-14,26.016399383544922
2024-02-15,26.21214485168457
2024-02-16,26.541353225708008
2024-02-19,26.532455444335938
2024-02-20,27.164182662963867
2024-02-21,27.653547286987305
2024-02-22,27.55567169189453
2024-02-23,27.146387100219727
2024-02-26,27.466699600219727
2024-02-27,27.44890594482422
2024-02-28,27.173080444335938
2024-02-29,26.123172760009766
2024-03-01,26.16765594482422
2024-03-04,25.98080825805664
2024-03-05,25.802858352661133
2024-03-06,25.909629821777344
2024-03-07,25.802858352661133
2024-03-08,26.037431716918945
2024-03-11,25.63144302368164
2024-03-12,25.71263885498047
2024-03-13,25.757749557495117
2024-03-14,25.902101516723633
2024-03-15,25.71263885498047
2024-03-18,25.6133975982666
2024-03-19,25.6133975982666
2024-03-20,25.820905685424805
2024-03-21,25.496112823486328
2024-03-22,25.081098556518555
2024-03-25,25.090124130249023
2024-03-26,24.7292423248291
2024-03-27,25.37882423400879
2024-03-28,25.685571670532227
2024-04-01,25.37882423400879
2024-04-02,25.315671920776367
2024-04-03,25.487091064453125
2024-04-04,25.487091064453125
2024-04-05,25.180343627929688
2024-04-08,25.793838500976562
2024-04-09,25.793838500976562
2024-04-10,24.990882873535156
2024-04-11,25.063058853149414
2024-04-12,24.287168502807617
2024-04-15,24.27814292907715
2024-04-16,24.30521011352539
2024-04-17,24.169879913330078
2024-04-18,23.953353881835938
2024-04-19,23.971397399902344
2024-04-22,24.007484436035156
2024-04-23,23.484210968017578
2024-04-24,23.105289459228516
2024-04-25,23.73682403564453
2024-04-26,23.908245086669922
2024-04-29,23.85411262512207
2024-04-30,23.321815490722656
2024-05-02,23.763893127441406
2024-05-03,24.025527954101562
2024-05-06,23.628562927246094
2024-05-07,24.016508102416992
2024-05-08,24.17890167236328
2024-05-09,22.64516830444336
2024-05-10,22.085805892944336
2024-05-13,22.058738708496094
2024-05-14,22.33841896057129
2024-05-15,22.67223358154297
2024-05-16,22.73538589477539
2024-05-17,22.410594940185547
2024-05-20,22.239177703857422
2024-05-21,22.212112426757812
2024-05-22,22.085805892944336
2024-05-23,21.535463333129883
2024-05-24,21.50839614868164
2024-05-27,21.625682830810547
2024-05-28,21.625682830810547
2024-05-29,21.2918701171875
2024-05-31,20.9039249420166
2024-06-03,20.76859474182129
2024-06-04,20.732507705688477
2024-06-05,20.75957489013672
2024-06-06,20.678375244140625
2024-06-07,19.992706298828125
2024-06-10,20.308475494384766
2024-06-11,20.506956100463867
2024-06-12,19.694978713989258
2024-06-13,19.586715698242188
2024-06-14,19.622804641723633
2024-06-17,19.460407257080078
2024-06-18,19.370187759399414
2024-06-19,19.550626754760742
2024-06-20,19.4243221282959
2024-06-21,19.478452682495117
2024-06-24,19.91150665283203
2024-06-25,19.586715698242188
2024-06-26,19.415298461914062
2024-06-27,19.902484893798828
2024-06-28,19.48747444152832
2024-07-01,19.613780975341797
2024-07-02,19.406274795532227
2024-07-03,19.731067657470703
2024-07-04,19.731067657470703
2024-07-05,19.93857192993164
2024-07-08,20.38064956665039
2024-07-09,20.732507705688477
2024-07-10,20.75054931640625
2024-07-11,20.885881423950195
2024-07-12,20.479890823364258
2024-07-15,20.209230422973633
2024-07-16,20.335540771484375
2024-07-17,20.94001007080078
2024-07-18,20.362606048583984
2024-07-19,20.949033737182617
2024-07-22,20.822729110717773
2024-07-23,20.597179412841797
2024-07-24,20.543046951293945
2024-07-25,20.04683494567871
2024-07-26,20.66033172607422
2024-07-29,20.45282745361328
2024-07-30,20.263364791870117
2024-07-31,20.03781509399414
2024-08-01,20.326520919799805
2024-08-02,20.606199264526367
2024-08-05,19.974660873413086
2024-08-06,19.95661735534668
2024-08-07,21.55350685119629
2024-08-08,20.27238655090332
2024-08-09,20.7956600189209
2024-08-12,20.831748962402344
2024-08-13,21.5805721282959
2024-08-14,21.2918701171875
2024-08-15,21.427200317382812
2024-08-16,21.88309669494629
2024-08-19,21.837507247924805
2024-08-20,21.527498245239258
2024-08-21,21.60955810546875
2024-08-22,21.509260177612305
2024-08-23,21.563968658447266
2024-08-26,21.646028518676758
2024-08-27,21.48190689086914
2024-08-28,21.427200317382812
2024-08-29,21.10807228088379
2024-08-30,21.29954719543457
2024-09-02,20.624818801879883
2024-09-03,20.68864631652832
2024-09-04,20.8801212310791
2024-09-05,21.26307487487793
2024-09-06,20.989538192749023
2024-09-09,21.691619873046875
2024-09-10,20.843650817871094
2024-09-11,20.925710678100586
2024-09-12,20.807178497314453
2024-09-13,20.7889404296875
2024-09-16,21.035125732421875
2024-09-17,21.062480926513672
2024-09-18,20.405988693237305
2024-09-19,20.168922424316406
2024-09-20,19.466838836669922
2024-09-23,19.248008728027344
2024-09-24,19.61272621154785
2024-09-25,19.04741096496582
2024-09-26,19.366540908813477
2024-09-27,19.457721710205078
2024-09-30,19.33918571472168
2024-10-01,19.512426376342773
2024-10-02,19.59449005126953
2024-10-03,19.248008728027344
2024-10-04,19.311832427978516
2024-10-07,19.184181213378906
2024-10-08,19.129474639892578
2024-10-09,18.865053176879883
2024-10-10,19.06564712524414
2024-10-11,19.001821517944336
2024-10-14,19.1203556060791
2024-10-15,18.8194637298584
2024-10-16,19.275360107421875
2024-10-17,19.010940551757812
2024-10-18,18.965351104736328
2024-10-21,19.038293838500977
2024-10-22,18.52768898010254
2024-10-23,18.4638614654541
2024-10-24,18.627986907958984
2024-10-25,18.32709312438965
2024-10-28,19.083885192871094
2024-10-29,19.22977066040039
2024-10-30,18.983585357666016
2024-10-31,19.04741096496582
2024-11-01,18.69181251525879
2024-11-04,19.302715301513672
2024-11-05,19.311832427978516
2024-11-06,19.703907012939453
2024-11-07,18.983585357666016
2024-11-08,18.719165802001953
2024-11-11,18.69181251525879
2024-11-12,18.627986907958984
2024-11-13,18.755638122558594
2024-11-14,17.588539123535156
2024-11-18,16.831748962402344
2024-11-19,16.740570068359375
2024-11-21,16.430559158325195
2024-11-22,16.704097747802734
2024-11-25,16.96851921081543
2024-11-26,16.941164016723633
2024-11-27,16.448795318603516
2024-11-28,15.582587242126465
2024-11-29,16.357614517211914
2024-12-02,16.193492889404297
2024-12-03,16.111431121826172
2024-12-04,16.229965209960938
2024-12-05,16.649389266967773
2024-12-06,16.111431121826172
2024-12-09,16.011131286621094
2024-12-10,16.658506393432617
2024-12-11,16.868221282958984
2024-12-12,15.947306632995605
2024-12-13,15.372876167297363
2024-12-16,14.953449249267578
2024-12-17,15.290815353393555
2024-12-18,14.625204086303711
2024-12-19,14.77109146118164
2024-12-20,15.008156776428223
2024-12-23,14.816680908203125
2024-12-26,14.488433837890625
2024-12-27,14.4519624710083
2024-12-30,14.479315757751465
2025-01-02,14.461078643798828
2025-01-03,14.178423881530762
2025-01-06,14.44284439086914
2025-01-07,14.971685409545898
2025-01-08,14.72550106048584
2025-01-09,14.424607276916504
2025-01-10,14.196659088134766
2025-01-13,14.141951560974121
2025-01-14,14.27872085571289
2025-01-15,15.07198429107666
2025-01-16,14.497551918029785
2025-01-17,14.497551918029785
2025-01-20,14.679910659790039
2025-01-21,14.880505561828613
2025-01-22,14.989922523498535
2025-01-23,14.734619140625
2025-01-24,14.661674499511719
2025-01-27,15.354640007019043
2025-01-28,14.916977882385254
2025-01-29,15.044629096984863
2025-01-30,15.573471069335938
2025-01-31,15.081101417541504
2025-02-03,15.272578239440918
2025-02-04,15.163162231445312
2025-02-05,14.61608600616455
2025-02-06,14.953449249267578
2025-02-07,14.670792579650879
2025-02-10,15.208752632141113
2025-02-11,15.354640007019043
2025-02-12,14.880505561828613
2025-02-13,15.099335670471191
2025-02-14,15.819656372070312
2025-02-17,15.965543746948242
2025-02-18,15.70112133026123
2025-02-19,15.290815353393555
2025-02-20,14.953449249267578
2025-02-21,14.953449249267578
2025-02-24,14.844034194946289
2025-02-25,15.135807991027832
2025-02-26,14.798442840576172
2025-02-27,15.591707229614258
2025-02-28,15.163162231445312
2025-03-05,14.588730812072754
2025-03-06,14.588730812072754
2025-03-07,14.992307662963867
2025-03-10,14.823432922363281
2025-03-11,14.438775062561035
2025-03-12,14.720231056213379
2025-03-13,15.179946899414062
2025-03-14,16.061845779418945
2025-03-17,16.371450424194336
2025-03-18,16.16504669189453
2025-03-19,16.29639434814453
2025-03-20,16.61537742614746
2025-03-21,16.5590877532959
2025-03-24,16.36206817626953
2025-03-25,16.596616744995117
2025-03-26,16.6247615814209
2025-03-27,16.54032325744629
2025-03-28,16.484031677246094
2025-03-31,16.052465438842773
2025-04-01,16.29639434814453
2025-04-02,16.343303680419922
2025-04-03,16.681053161621094
2025-04-04,15.949263572692871
2025-04-07,15.695951461791992
2025-04-08,15.48954963684082
2025-04-09,15.827300071716309
2025-04-10,15.752243041992188
2025-04-11,15.7428617477417
2025-04-14,15.836679458618164
2025-04-15,15.761625289916992
2025-04-16,15.7428617477417
2025-04-17,16.18381118774414
2025-04-22,15.874208450317383
2025-04-23,16.324539184570312
2025-04-24,16.71858024597168
2025-04-25,16.89683723449707
2025-04-28,16.86869239807129
2025-04-29,16.727964401245117
2025-04-30,16.727964401245117
2025-05-02,16.634143829345703
2025-05-05,16.20257568359375
2025-05-06,16.437124252319336
2025-05-07,15.780387878417969
2025-05-08,15.198710441589355
2025-05-09,15.283147811889648
2025-05-12,15.245619773864746
2025-05-13,16.08999252319336
2025-05-14,16.10875701904297
2025-05-15,16.28701400756836
2025-05-16,16.333921432495117
2025-05-19,16.54032325744629
2025-05-20,16.605998992919922
2025-05-21,15.555222511291504
2025-05-22,15.527076721191406
2025-05-23,15.602131843566895
2025-05-26,15.752243041992188
2025-05-27,15.836679458618164
2025-05-28,15.573986053466797
2025-05-29,15.7428617477417
2025-05-30,15.283147811889648
2025-06-02,15.07674503326416
2025-06-03,15.527076721191406
2025-06-04,15.29252815246582
2025-06-05,15.104890823364258
2025-06-06,15.18932819366455
2025-06-09,15.461402893066406
2025-06-10,15.5458402633667
2025-06-11,15.930500030517578
2025-06-12,16.052465438842773
2025-06-13,15.939881324768066
2025-06-16,16.052465438842773
2025-06-17,16.17443084716797
2025-06-18,16.268247604370117
2025-06-20,16.03369903564453
2025-06-23,15.911734580993652
2025-06-24,16.324539184570312
2025-06-25,15.902355194091797
2025-06-26,15.761625289916992
2025-06-27,15.817916870117188
2025-06-30,16.455888748168945
2025-07-01,16.699817657470703
2025-07-02,16.455888748168945
2025-07-03,16.709197998046875
2025-07-04,16.87807273864746
2025-07-07,16.662290573120117
2025-07-08,16.61537742614746
2025-07-09,16.549705505371094
2025-07-10,16.42774200439453
2025-07-11,16.04308319091797
2025-07-14,15.6115140914917
2025-07-15,15.639659881591797
2025-07-16,15.442639350891113
2025-07-17,15.095508575439453
2025-07-18,14.7296142578125
2025-07-21,14.767141342163086
2025-07-22,14.682703971862793
2025-07-23,15.255001068115234
2025-07-24,15.133035659790039
2025-07-25,15.517695426940918
2025-07-28,15.855443000793457
2025-07-29,16.03369903564453
2025-07-30,16.155664443969727
2025-07-31,16.10875701904297
2025-08-01,15.874208450317383
2025-08-04,15.667806625366211
2025-08-05,15.677186012268066
2025-08-06,16.014936447143555
2025-08-07,16.36206817626953
2025-08-08,15.320674896240234
2025-08-11,15.339439392089844
2025-08-12,16.052465438842773
2025-08-13,15.911734580993652
2025-08-14,16.549705505371094
2025-08-15,16.502796173095703
2025-08-18,16.7561092376709
2025-08-19,16.193193435668945
2025-08-20,16.89683723449707
2025-08-21,16.699817657470703
2025-08-22,17.16741180419922
2025-08-25,17.0910701751709
2025-08-26,17.3105525970459
2025-08-27,17.60637855529785
2025-08-28,19.028249740600586
2025-08-29,18.761051177978516
2025-09-01,18.85647964477539
2025-09-02,18.761051177978516
2025-09-03,18.770593643188477
2025-09-04,18.837392807006836
2025-09-05,20.077951431274414
2025-09-08,19.84892463684082
2025-09-09,19.390872955322266
2025-09-10,19.591272354125977
2025-09-11,19.600814819335938
2025-09-12,19.763038635253906
2025-09-15,19.877553939819336
2025-09-16,19.972980499267578
2025-09-17,20.020694732666016
2025-09-18,20.287891387939453
2025-09-19,19.915725708007812
2025-09-22,19.953895568847656
2025-09-23,20.373777389526367
2025-09-24,20.297435760498047
2025-09-25,20.421489715576172
2025-09-26,20.26880645751953
2025-09-29,20.7554874420166
2025-09-30,20.96542739868164
2025-10-01,20.240177154541016
2025-10-02,20.230636596679688
2025-10-03,20.011152267456055
2025-10-06,19.8298397064209
2025-10-07,19.619897842407227
2025-10-08,20.707773208618164
2025-10-09,20.698230743408203
2025-10-10,20.278348922729492
2025-10-13,20.431032180786133
2025-10-14,20.135208129882812
2025-10-15,20.373777389526367
2025-10-16,20.116121292114258
2025-10-17,20.106578826904297
2025-10-20,19.944353103637695
2025-10-21,19.686697006225586
2025-10-22,19.467214584350586
2025-10-23,19.791667938232422
2025-10-24,20.211549758911133
2025-10-27,20.173377990722656
2025-10-28,20.04932403564453
2025-10-29,19.801212310791016
2025-10-30,20.278348922729492
2025-10-31,20.431032180786133
2025-11-03,20.41194725036621
2025-11-04,20.421489715576172
2025-11-05,21.0894832611084
2025-11-06,21.108570098876953
2025-11-07,21.38530731201172
2025-11-10,21.557077407836914
2025-11-11,21.996044158935547
2025-11-12,21.79564666748047
2025-11-13,20.7554874420166
2025-11-14,21.366222381591797
2025-11-17,20.96542739868164
2025-11-18,21.433021545410156
2025-11-19,21.232624053955078
2025-11-21,20.803199768066406
2025-11-24,21.003599166870117
2025-11-25,21.127653121948242
2025-11-26,21.04176902770996
2025-11-27,21.280338287353516
2025-11-28,20.984512329101562
2025-12-01,20.602802276611328
2025-12-02,21.289880752563477
2025-12-03,21.537992477416992
2025-12-04,22.396839141845703
2025-12-05,20.8700008392334
2025-12-08,20.75
2025-12-09,20.549999237060547
2025-12-10,20.760000228881836
2025-12-11,21.079999923706055
2025-12-12,21.5
2025-12-15,21.75
2025-12-16,20.559999465942383
2025-12-17,20.3700008392334
2025-12-18,20.34000015258789
2025-12-19,20.59000015258789
2025-12-22,20.440000534057617
2025-12-23,20.93000030517578
2025-12-26,20.860000610351562
2025-12-29,20.850000381469727
2025-12-30,20.899999618530273
