date,close
2010-12-01,14.576452255249023
2010-12-02,14.53032398223877
2010-12-03,14.438067436218262
2010-12-06,14.953166007995605
2010-12-07,14.914725303649902
2010-12-08,14.53032398223877
2010-12-09,14.491886138916016
2010-12-10,14.73790168762207
2010-12-13,15.306814193725586
2010-12-14,15.045422554016113
2010-12-15,14.70715045928955
2010-12-16,14.676397323608398
2010-12-17,14.714836120605469
2010-12-20,14.53032398223877
2010-12-21,14.983916282653809
2010-12-22,14.68408489227295
2010-12-23,14.58414077758789
2010-12-27,14.376564979553223
2010-12-28,14.076728820800781
2010-12-29,14.46882152557373
2010-12-30,14.73021411895752
2011-01-03,14.745589256286621
2011-01-04,15.329875946044922
2011-01-05,15.683526992797852
2011-01-06,15.568206787109375
2011-01-07,15.837285041809082
2011-01-10,15.606643676757812
2011-01-11,15.906476974487305
2011-01-12,16.06792449951172
2011-01-13,15.598954200744629
2011-01-14,15.645085334777832
2011-01-17,15.522074699401855
2011-01-18,15.322189331054688
2011-01-19,14.960850715637207
2011-01-20,15.222243309020996
2011-01-21,15.183805465698242
2011-01-24,14.991606712341309
2011-01-26,14.538013458251953
2011-01-27,14.53032398223877
2011-01-28,14.376564979553223
2011-01-31,14.937786102294922
2011-02-01,15.48363208770752
2011-02-02,14.837844848632812
2011-02-03,14.945478439331055
2011-02-04,14.568767547607422
2011-02-07,14.630270004272461
2011-02-08,14.837844848632812
2011-02-09,14.438067436218262
2011-02-10,14.68408489227295
2011-02-11,14.64564323425293
2011-02-14,14.561077117919922
2011-02-15,14.45344066619873
2011-02-16,15.099236488342285
2011-02-17,15.606643676757812
2011-02-18,16.16787338256836
2011-02-21,15.69890308380127
2011-02-22,15.437509536743164
2011-02-23,14.637954711914062
2011-02-24,14.637954711914062
2011-02-25,14.299688339233398
2011-02-28,14.607203483581543
2011-03-01,14.069046020507812
2011-03-02,14.568767547607422
2011-03-03,15.414443016052246
2011-03-04,15.991043090820312
2011-03-09,15.991043090820312
2011-03-10,15.48363208770752
2011-03-11,16.206310272216797
2011-03-14,16.54458236694336
2011-03-15,16.329317092895508
2011-03-16,16.183244705200195
2011-03-17,16.06792449951172
2011-03-18,16.206310272216797
2011-03-21,16.529203414916992
2011-03-22,15.856090545654297
2011-03-23,15.848353385925293
2011-03-24,15.848353385925293
2011-03-25,15.848353385925293
2011-03-28,15.848353385925293
2011-03-29,15.848353385925293
2011-03-30,15.848353385925293
2011-03-31,15.848353385925293
2011-04-01,15.848353385925293
2011-04-04,15.848353385925293
2011-04-05,15.407047271728516
2011-04-06,15.283167839050293
2011-04-07,15.306396484375
2011-04-08,15.267682075500488
2011-04-11,14.733470916748047
2011-04-12,14.323132514953613
2011-04-13,13.796656608581543
2011-04-14,13.556652069091797
2011-04-15,13.649555206298828
2011-04-18,13.27793025970459
2011-04-19,13.355353355407715
2011-04-20,13.471487045288086
2011-04-25,13.510198593139648
2011-04-26,13.471487045288086
2011-04-27,12.92953109741211
2011-04-28,12.542418479919434
2011-04-29,12.503706932067871
2011-05-02,12.062400817871094
2011-05-03,11.636576652526855
2011-05-04,11.613350868225098
2011-05-05,11.706257820129395
2011-05-06,11.923039436340332
2011-05-09,11.706257820129395
2011-05-10,11.706257820129395
2011-05-11,11.768193244934082
2011-05-12,11.783679008483887
2011-05-13,11.6675443649292
2011-05-16,11.6675443649292
2011-05-17,11.768193244934082
2011-05-18,11.706257820129395
2011-05-19,11.597867012023926
2011-05-20,11.419795036315918
2011-05-23,11.226237297058105
2011-05-24,11.195269584655762
2011-05-25,11.187527656555176
2011-05-26,11.535926818847656
2011-05-27,11.551413536071777
2011-05-30,11.458505630493164
2011-05-31,11.729484558105469
2011-06-01,11.450763702392578
2011-06-02,11.837875366210938
2011-06-03,11.6675443649292
2011-06-06,11.187527656555176
2011-06-07,11.040424346923828
2011-06-08,10.916550636291504
2011-06-09,11.079134941101074
2011-06-10,10.854612350463867
2011-06-13,10.676539421081543
2011-06-14,10.76170539855957
2011-06-15,10.529436111450195
2011-06-16,10.29716968536377
2011-06-17,10.235234260559082
2011-06-20,10.119099617004395
2011-06-21,10.304912567138672
2011-06-22,10.188780784606934
2011-06-24,10.01070785522461
2011-06-27,10.049418449401855
2011-06-28,10.204264640808105
2011-06-29,10.692025184631348
2011-06-30,10.606860160827637
2011-07-01,10.76944637298584
2011-07-04,11.009454727172852
2011-07-05,10.82364273071289
2011-07-06,10.684282302856445
2011-07-07,10.41330337524414
2011-07-08,10.405562400817871
2011-07-11,9.971997261047363
2011-07-12,9.5693998336792
2011-07-13,9.646822929382324
2011-07-14,9.484236717224121
2011-07-15,9.259713172912598
2011-07-18,9.058414459228516
2011-07-19,9.019702911376953
2011-07-20,8.965506553649902
2011-07-21,9.321648597717285
2011-07-22,9.004219055175781
2011-07-25,8.895825386047363
2011-07-26,8.555166244506836
2011-07-27,8.539684295654297
2011-07-28,8.7022705078125
2011-07-29,8.516458511352539
2011-08-01,8.377096176147461
2011-08-02,8.470003128051758
2011-08-03,8.299674987792969
2011-08-04,7.827397346496582
2011-08-05,8.28419017791748
2011-08-08,7.780943870544434
2011-08-09,8.129344940185547
2011-08-10,8.41580581665039
2011-08-11,9.522947311401367
2011-08-12,10.41330337524414
2011-08-15,9.97973918914795
2011-08-16,9.739728927612305
2011-08-17,9.871346473693848
2011-08-18,9.445527076721191
2011-08-19,9.491978645324707
2011-08-22,9.832637786865234
2011-08-23,10.45201587677002
2011-08-24,10.250717163085938
2011-08-25,9.840377807617188
2011-08-26,9.484236717224121
2011-08-29,9.30616569519043
2011-08-30,9.213258743286133
2011-08-31,9.290680885314941
2011-09-01,9.36810302734375
2011-09-02,8.98099136352539
2011-09-05,8.694528579711914
2011-09-06,9.073896408081055
2011-09-08,9.251969337463379
2011-09-09,9.251969337463379
2011-09-12,9.058414459228516
2011-09-13,9.058414459228516
2011-09-14,9.37584400177002
2011-09-15,9.399072647094727
2011-09-16,9.515205383300781
2011-09-19,9.701019287109375
2011-09-20,9.344876289367676
2011-09-21,9.507463455200195
2011-09-22,9.128092765808105
2011-09-23,8.98099136352539
2011-09-26,8.888083457946777
2011-09-27,8.880341529846191
2011-09-28,8.67130184173584
2011-09-29,8.439032554626465
2011-09-30,8.144831657409668
2011-10-03,7.943533897399902
2011-10-04,7.912564277648926
2011-10-05,8.02869701385498
2011-10-06,8.191283226013184
2011-10-07,8.051921844482422
2011-10-10,8.516458511352539
2011-10-11,8.369354248046875
2011-10-13,8.377096176147461
2011-10-14,8.624849319458008
2011-10-17,8.222250938415527
2011-10-18,8.470003128051758
2011-10-19,8.25322151184082
2011-10-20,8.307416915893555
2011-10-21,8.710014343261719
2011-10-24,9.097122192382812
2011-10-25,9.097122192382812
2011-10-26,9.097122192382812
2011-10-27,9.097122192382812
2011-10-28,9.56165885925293
2011-10-31,9.135836601257324
2011-11-01,8.903569221496582
2011-11-03,8.98099136352539
2011-11-04,9.190031051635742
2011-11-07,9.174548149108887
2011-11-08,9.3139066696167
2011-11-09,9.174548149108887
2011-11-10,9.174548149108887
2011-11-11,9.600369453430176
2011-11-14,9.329390525817871
2011-11-16,9.282938003540039
2011-11-17,9.228742599487305
2011-11-18,9.275195121765137
2011-11-21,9.190031051635742
2011-11-22,8.911312103271484
2011-11-23,8.431292533874512
2011-11-24,8.13708782196045
2011-11-25,8.206767082214355
2011-11-28,8.439032554626465
2011-11-29,7.904821395874023
2011-11-30,8.020954132080078
2011-12-01,8.245479583740234
2011-12-02,8.222250938415527
2011-12-05,8.439032554626465
2011-12-06,8.6016206741333
2011-12-07,8.299674987792969
2011-12-08,8.082891464233398
2011-12-09,8.121603965759277
2011-12-12,8.121603965759277
2011-12-13,7.881593704223633
2011-12-14,7.881593704223633
2011-12-15,7.850625038146973
2011-12-16,7.742234230041504
2011-12-19,7.595131874084473
2011-12-20,7.788686752319336
2011-12-21,7.9512739181518555
2011-12-22,8.02869701385498
2011-12-23,8.113861083984375
2011-12-26,8.098377227783203
2011-12-27,8.206767082214355
2011-12-28,8.013212203979492
2011-12-29,7.858366966247559
2012-01-02,8.152572631835938
2012-01-03,8.377096176147461
2012-01-04,8.199026107788086
2012-01-05,8.044180870056152
2012-01-06,8.051921844482422
2012-01-09,8.199026107788086
2012-01-10,8.470003128051758
2012-01-11,8.57065200805664
2012-01-12,8.771951675415039
2012-01-13,8.485489845275879
2012-01-16,8.617105484008789
2012-01-17,8.617105484008789
2012-01-18,8.64033317565918
2012-01-19,8.539684295654297
2012-01-20,8.888083457946777
2012-01-23,9.035185813903809
2012-01-24,9.019702911376953
2012-01-26,8.98099136352539
2012-01-27,9.066154479980469
2012-01-30,9.035185813903809
2012-01-31,9.073896408081055
2012-02-01,9.128092765808105
2012-02-02,9.066154479980469
2012-02-03,9.290680885314941
2012-02-06,9.259713172912598
2012-02-07,9.422300338745117
2012-02-08,9.414558410644531
2012-02-09,9.600369453430176
2012-02-10,9.174548149108887
2012-02-13,9.437784194946289
2012-02-14,9.282938003540039
2012-02-15,9.259713172912598
2012-02-16,9.205514907836914
2012-02-17,9.275195121765137
2012-02-23,9.190031051635742
2012-02-24,9.18228816986084
2012-02-27,9.050671577453613
2012-02-28,9.097122192382812
2012-02-29,9.019702911376953
2012-03-01,9.220999717712402
2012-03-02,9.430042266845703
2012-03-05,9.693277359008789
2012-03-06,9.406814575195312
2012-03-07,9.197773933410645
2012-03-08,9.298422813415527
2012-03-09,9.298422813415527
2012-03-12,9.422300338745117
2012-03-13,9.84812068939209
2012-03-14,10.366852760314941
2012-03-15,10.475241661071777
2012-03-16,10.537178993225098
2012-03-19,10.537178993225098
2012-03-20,10.628068923950195
2012-03-21,10.20730972290039
2012-03-22,10.074848175048828
2012-03-23,10.20730972290039
2012-03-26,10.090431213378906
2012-03-27,9.506044387817383
2012-03-28,9.357998847961426
2012-03-29,9.365791320800781
2012-03-30,9.357998847961426
2012-04-02,9.615130424499512
2012-04-03,9.420332908630371
2012-04-04,9.404748916625977
2012-04-05,9.389166831970215
2012-04-09,9.264495849609375
2012-04-10,9.046326637268066
2012-04-11,8.913864135742188
2012-04-12,8.867112159729004
2012-04-13,8.758026123046875
2012-04-16,8.781403541564941
2012-04-17,9.11645221710205
2012-04-18,9.326831817626953
2012-04-19,9.132035255432129
2012-04-20,9.07749080657959
2012-04-23,8.85152816772461
2012-04-24,8.765819549560547
2012-04-25,8.781403541564941
2012-04-26,8.68790054321289
2012-04-27,8.586607933044434
2012-04-30,8.508687973022461
2012-05-02,8.563231468200684
2012-05-03,8.41518783569336
2012-05-04,7.986634254455566
2012-05-07,7.947676181793213
2012-05-08,7.932092189788818
2012-05-09,7.932092189788818
2012-05-10,8.072346687316895
2012-05-11,8.064554214477539
2012-05-14,7.823007583618164
2012-05-15,7.7528815269470215
2012-05-16,7.830798625946045
2012-05-17,7.410039901733398
2012-05-18,7.316536903381348
2012-05-21,7.316536903381348
2012-05-22,7.4178314208984375
2012-05-23,7.32432746887207
2012-05-24,7.168492317199707
2012-05-25,7.184075355529785
2012-05-28,7.2230353355407715
2012-05-29,7.08278226852417
2012-05-30,6.934737205505371
2012-05-31,6.623064041137695
2012-06-01,6.513978481292725
2012-06-04,6.3581414222717285
2012-06-05,6.062050819396973
2012-06-06,5.851672172546387
2012-06-08,5.9919233322143555
2012-06-11,6.186720848083496
2012-06-12,6.085426330566406
2012-06-13,6.155553340911865
2012-06-14,6.062050819396973
2012-06-15,5.804920196533203
2012-06-18,5.804920196533203
2012-06-19,5.610124111175537
2012-06-20,5.485454559326172
2012-06-21,5.19715690612793
2012-06-22,5.056902885437012
2012-06-25,4.838732719421387
2012-06-26,5.041320323944092
2012-06-27,4.7686052322387695
2012-06-28,4.7140631675720215
2012-06-29,4.924442768096924
2012-07-02,4.869900226593018
2012-07-03,5.2750749588012695
2012-07-04,5.44649600982666
2012-07-05,5.345202445983887
2012-07-06,5.127029895782471
2012-07-10,4.807565212249756
2012-07-11,4.753022193908691
2012-07-12,4.955610275268555
2012-07-13,4.940026760101318
2012-07-16,4.940026760101318
2012-07-17,4.636144638061523
2012-07-18,4.807565212249756
2012-07-19,4.7919816970825195
2012-07-20,4.636144638061523
2012-07-23,4.4491400718688965
2012-07-24,4.3790130615234375
2012-07-25,4.425764083862305
2012-07-26,4.65172815322876
2012-07-27,5.165989398956299
2012-07-30,5.4620795249938965
2012-07-31,5.750377178192139
2012-08-01,5.656876087188721
2012-08-02,5.641291618347168
2012-08-03,6.155553340911865
2012-08-06,6.638647079467773
2012-08-07,6.077634811401367
2012-08-08,6.428267955780029
2012-08-09,6.2490553855896
2012-08-10,6.2490553855896
2012-08-13,6.3581414222717285
2012-08-14,6.264639377593994
2012-08-15,6.108802795410156
2012-08-16,6.264639377593994
2012-08-17,6.202303409576416
2012-08-20,6.202303409576416
2012-08-21,6.342556476593018
2012-08-22,6.732149124145508
2012-08-23,6.778901100158691
2012-08-24,6.552937030792236
2012-08-27,6.397100448608398
2012-08-28,6.381516456604004
2012-08-29,6.124386310577393
2012-08-30,6.139969348907471
2012-08-31,6.350348949432373
2012-09-03,6.389307975769043
2012-09-04,6.288014888763428
2012-09-05,7.4178314208984375
2012-09-06,7.503541946411133
2012-09-10,7.573668003082275
2012-09-11,7.7528815269470215
2012-09-12,8.376226425170898
2012-09-13,9.506044387817383
2012-09-14,9.28007984161377
2012-09-17,8.921655654907227
2012-09-18,8.960617065429688
2012-09-19,8.937238693237305
2012-09-20,9.007365226745605
2012-09-21,9.007365226745605
2012-09-24,8.711277961730957
2012-09-25,7.971051216125488
2012-09-26,8.119095802307129
2012-09-27,8.080137252807617
2012-09-28,7.885342121124268
2012-10-01,7.869757652282715
2012-10-02,7.900925159454346
2012-10-03,7.947676181793213
2012-10-04,8.041178703308105
2012-10-05,7.916506290435791
2012-10-08,8.025594711303711
2012-10-09,7.986634254455566
2012-10-10,7.410039901733398
2012-10-11,7.448997974395752
2012-10-15,7.854174613952637
2012-10-16,8.041178703308105
2012-10-17,8.220392227172852
2012-10-18,8.103511810302734
2012-10-19,7.791840553283691
2012-10-22,8.010009765625
2012-10-23,7.869757652282715
2012-10-24,7.7528815269470215
2012-10-25,7.869757652282715
2012-10-26,7.5580854415893555
2012-10-29,7.7139201164245605
2012-10-30,7.830798625946045
2012-10-31,7.643795013427734
2012-11-01,8.017803192138672
2012-11-05,8.002220153808594
2012-11-06,8.547648429870605
2012-11-07,8.41518783569336
2012-11-08,8.493104934692383
2012-11-09,8.30610179901123
2012-11-12,8.41518783569336
2012-11-13,8.384018898010254
2012-11-14,8.376226425170898
2012-11-16,8.33726692199707
2012-11-19,8.87490463256836
2012-11-21,8.804778099060059
2012-11-22,8.828154563903809
2012-11-23,9.194371223449707
2012-11-26,9.155409812927246
2012-11-27,9.07749080657959
2012-11-28,9.365791320800781
2012-11-29,9.934595108032227
2012-11-30,9.739800453186035
2012-12-03,10.168350219726562
2012-12-04,10.121600151062012
2012-12-05,9.560586929321289
2012-12-06,9.264495849609375
2012-12-07,9.685256004333496
2012-12-10,9.708632469177246
2012-12-11,9.856677055358887
2012-12-12,9.467084884643555
2012-12-13,9.428126335144043
2012-12-14,8.929449081420898
2012-12-17,8.929449081420898
2012-12-18,9.599547386169434
2012-12-19,9.848885536193848
2012-12-20,9.926802635192871
2012-12-21,9.86446762084961
2012-12-26,10.035888671875
2012-12-27,9.895637512207031
2012-12-28,9.973553657531738
2013-01-02,10.324186325073242
2013-01-03,10.30860424041748
2013-01-04,9.77875804901123
2013-01-07,9.591754913330078
2013-01-08,9.28007984161377
2013-01-09,9.272289276123047
2013-01-10,9.381373405456543
2013-01-11,9.420332908630371
2013-01-14,9.73200798034668
2013-01-15,9.599547386169434
2013-01-16,9.506044387817383
2013-01-17,9.708632469177246
2013-01-18,9.583963394165039
2013-01-21,9.37358283996582
2013-01-22,8.820362091064453
2013-01-23,8.571023941040039
2013-01-24,8.235974311828613
2013-01-28,8.064554214477539
2013-01-29,8.274933815002441
2013-01-30,7.986634254455566
2013-01-31,8.056761741638184
2013-02-01,8.017803192138672
2013-02-04,7.74508810043335
2013-02-05,7.815215587615967
2013-02-06,8.002220153808594
2013-02-07,7.994428634643555
2013-02-08,8.072346687316895
2013-02-13,8.072346687316895
2013-02-14,8.103511810302734
2013-02-15,7.900925159454346
2013-02-18,7.636002063751221
2013-02-19,7.612629413604736
2013-02-20,7.378872394561768
2013-02-21,7.308745861053467
2013-02-22,7.1996588706970215
2013-02-25,7.690546035766602
2013-02-26,7.7762556076049805
2013-02-27,7.534708499908447
2013-02-28,7.636002063751221
2013-03-01,7.550292015075684
2013-03-04,7.674962043762207
2013-03-05,7.51133394241333
2013-03-06,8.056761741638184
2013-03-07,8.235974311828613
2013-03-08,8.041178703308105
2013-03-11,8.119095802307129
2013-03-12,8.321685791015625
2013-03-13,8.274933815002441
2013-03-14,8.33726692199707
2013-03-15,7.900925159454346
2013-03-18,8.197015762329102
2013-03-19,8.087929725646973
2013-03-20,8.025594711303711
2013-03-21,8.025594711303711
2013-03-22,7.955469131469727
2013-03-25,7.8074235916137695
2013-03-26,8.15805435180664
2013-03-27,8.384018898010254
2013-03-28,8.384018898010254
2013-04-01,8.867112159729004
2013-04-02,8.493104934692383
2013-04-03,8.656731605529785
2013-04-04,8.578816413879395
2013-04-05,8.656731605529785
2013-04-08,8.695693969726562
2013-04-09,8.664525032043457
2013-04-10,8.726860046386719
2013-04-11,8.547648429870605
2013-04-12,8.555438995361328
2013-04-15,8.017803192138672
2013-04-16,8.181431770324707
2013-04-17,7.947676181793213
2013-04-18,8.080137252807617
2013-04-19,8.134679794311523
2013-04-22,8.041178703308105
2013-04-23,8.181431770324707
2013-04-24,8.103511810302734
2013-04-25,8.282727241516113
2013-04-26,8.282727241516113
2013-04-29,7.51133394241333
2013-04-30,7.674962043762207
2013-05-02,7.402247428894043
2013-05-03,7.332122325897217
2013-05-06,7.121741771697998
2013-05-07,7.32432746887207
2013-05-08,7.1996588706970215
2013-05-09,6.981489181518555
2013-05-10,6.786693572998047
2013-05-13,6.724358081817627
2013-05-14,6.576313018798828
2013-05-15,6.350348949432373
2013-05-16,6.389307975769043
2013-05-17,6.771108627319336
2013-05-20,6.934737205505371
2013-05-21,6.973696708679199
2013-05-22,7.098365783691406
2013-05-23,7.254202842712402
2013-05-24,7.2697858810424805
2013-05-27,7.32432746887207
2013-05-28,7.441205978393555
2013-05-29,7.168492317199707
2013-05-31,6.934737205505371
2013-06-03,7.036031246185303
2013-06-04,7.137325286865234
2013-06-05,6.739941120147705
2013-06-06,6.638647079467773
2013-06-07,6.420475006103516
2013-06-10,6.295805931091309
2013-06-11,6.085426330566406
2013-06-12,6.054259777069092
2013-06-13,6.584104061126709
2013-06-14,6.49839448928833
2013-06-17,6.389307975769043
2013-06-18,6.529562473297119
2013-06-19,6.295805931091309
2013-06-20,6.2802228927612305
2013-06-21,6.311390399932861
2013-06-24,5.812712669372559
2013-06-25,6.420475006103516
2013-06-26,6.233471870422363
2013-06-27,6.202303409576416
2013-06-28,5.8282952308654785
2013-07-01,5.804920196533203
2013-07-02,5.415328025817871
2013-07-03,5.610124111175537
2013-07-04,5.711418151855469
2013-07-05,5.173780918121338
2013-07-08,5.134822845458984
2013-07-10,5.259492874145508
2013-07-11,5.329618453979492
2013-07-12,5.103654861450195
2013-07-15,5.882838249206543
2013-07-16,5.672458648681641
2013-07-17,5.960757255554199
2013-07-18,5.851672172546387
2013-07-19,5.890630722045898
2013-07-22,6.101010799407959
2013-07-23,5.999716281890869
2013-07-24,5.945173263549805
2013-07-25,6.085426330566406
2013-07-26,6.085426330566406
2013-07-29,7.347705364227295
2013-07-30,7.020448684692383
2013-07-31,6.786693572998047
2013-08-01,6.80227518081665
2013-08-02,6.739941120147705
2013-08-05,6.919154167175293
2013-08-06,6.708773612976074
2013-08-07,6.810068130493164
2013-08-08,7.067199230194092
2013-08-09,7.363287448883057
2013-08-12,7.534708499908447
2013-08-13,7.2931599617004395
2013-08-14,7.636002063751221
2013-08-15,7.682754039764404
2013-08-16,8.041178703308105
2013-08-19,8.539855003356934
2013-08-20,7.986634254455566
2013-08-21,7.947676181793213
2013-08-22,7.89313268661499
2013-08-23,7.947676181793213
2013-08-26,7.947676181793213
2013-08-27,7.900925159454346
2013-08-28,8.025594711303711
2013-08-29,7.971051216125488
2013-08-30,8.095720291137695
2013-09-02,8.220392227172852
2013-09-03,8.134679794311523
2013-09-04,8.072346687316895
2013-09-05,7.947676181793213
2013-09-06,7.947676181793213
2013-09-09,8.017803192138672
2013-09-10,8.15805435180664
2013-09-11,8.181431770324707
2013-09-12,8.220392227172852
2013-09-13,8.259349822998047
2013-09-16,8.134679794311523
2013-09-17,8.064554214477539
2013-09-18,8.298308372497559
2013-09-19,8.298308372497559
2013-09-20,8.103511810302734
2013-09-23,8.15805435180664
2013-09-24,8.064554214477539
2013-09-25,8.095720291137695
2013-09-26,8.197015762329102
2013-09-27,8.274933815002441
2013-09-30,8.197015762329102
2013-10-01,8.500897407531738
2013-10-02,8.680109977722168
2013-10-03,8.578816413879395
2013-10-04,8.68790054321289
2013-10-07,8.87490463256836
2013-10-08,8.890486717224121
2013-10-09,8.843738555908203
2013-10-10,8.78919506072998
2013-10-11,9.061909675598145
2013-10-14,9.428126335144043
2013-10-15,9.451501846313477
2013-10-16,9.428126335144043
2013-10-17,8.85152816772461
2013-10-18,8.758026123046875
2013-10-21,8.726860046386719
2013-10-22,8.960617065429688
2013-10-23,8.828154563903809
2013-10-24,8.804778099060059
2013-10-25,8.765819549560547
2013-10-28,8.867112159729004
2013-10-29,8.81257152557373
2013-10-30,9.100868225097656
2013-10-31,9.256705284118652
2013-11-01,9.272289276123047
2013-11-04,9.256705284118652
2013-11-05,9.194371223449707
2013-11-06,9.202163696289062
2013-11-07,9.506044387817383
2013-11-08,9.802133560180664
2013-11-11,9.809926986694336
2013-11-12,9.825509071350098
2013-11-13,9.75538444519043
2013-11-14,9.926802635192871
2013-11-18,10.20730972290039
2013-11-19,9.95797061920166
2013-11-21,9.60733699798584
2013-11-22,9.521627426147461
2013-11-25,9.661879539489746
2013-11-26,9.420332908630371
2013-11-27,9.646294593811035
2013-11-28,9.700839042663574
2013-11-29,9.700839042663574
2013-12-02,9.646294593811035
2013-12-03,9.583963394165039
2013-12-04,9.77875804901123
2013-12-05,10.456646919250488
2013-12-06,10.363146781921387
2013-12-09,10.324186325073242
2013-12-10,10.40989875793457
2013-12-11,10.331978797912598
2013-12-12,10.113805770874023
2013-12-13,10.183932304382324
2013-12-16,10.285226821899414
2013-12-17,10.324186325073242
2013-12-18,10.838448524475098
2013-12-19,11.22804069519043
2013-12-20,11.017662048339844
2013-12-23,11.298168182373047
2013-12-26,11.22804069519043
2013-12-27,11.103370666503906
2013-12-30,11.07220458984375
2014-01-02,10.456646919250488
2014-01-03,10.752738952636719
2014-01-06,10.970909118652344
2014-01-07,10.877406120300293
2014-01-08,10.89299201965332
2014-01-09,10.63586139678955
2014-01-10,10.705988883972168
2014-01-13,10.643651962280273
2014-01-14,10.6124849319458
2014-01-15,10.799490928649902
2014-01-16,10.838448524475098
2014-01-17,10.861823081970215
2014-01-20,10.620277404785156
2014-01-21,9.934595108032227
2014-01-22,9.996929168701172
2014-01-23,9.708632469177246
2014-01-24,9.700839042663574
2014-01-27,9.521627426147461
2014-01-28,9.529419898986816
2014-01-29,9.599547386169434
2014-01-30,9.47487735748291
2014-01-31,9.272289276123047
2014-02-03,9.054116249084473
2014-02-04,9.342416763305664
2014-02-05,9.29566478729248
2014-02-06,9.622922897338867
2014-02-07,9.591754913330078
2014-02-10,9.108660697937012
2014-02-11,9.233328819274902
2014-02-12,9.435917854309082
2014-02-13,9.37358283996582
2014-02-14,8.99178409576416
2014-02-17,8.508687973022461
2014-02-18,7.838589668273926
2014-02-19,8.025594711303711
2014-02-20,8.30610179901123
2014-02-21,8.111305236816406
2014-02-24,7.939885139465332
2014-02-25,7.791840553283691
2014-02-26,7.7528815269470215
2014-02-27,7.885342121124268
2014-02-28,7.612629413604736
2014-03-05,7.472374439239502
2014-03-06,7.503541946411133
2014-03-07,7.08278226852417
2014-03-10,6.7944841384887695
2014-03-11,6.833443641662598
2014-03-12,6.638647079467773
2014-03-13,6.685397624969482
2014-03-14,7.036031246185303
2014-03-17,6.9425272941589355
2014-03-18,7.230827331542969
2014-03-19,7.51133394241333
2014-03-20,7.402247428894043
2014-03-21,7.441205978393555
2014-03-24,7.5580854415893555
2014-03-25,7.7528815269470215
2014-03-26,7.690546035766602
2014-03-27,8.103511810302734
2014-03-28,8.041178703308105
2014-03-31,7.971051216125488
2014-04-01,7.74508810043335
2014-04-02,7.9788432121276855
2014-04-03,7.838589668273926
2014-04-04,7.9243011474609375
2014-04-07,7.955469131469727
2014-04-08,7.472374439239502
2014-04-09,7.0048627853393555
2014-04-10,7.090573787689209
2014-04-11,7.246411323547363
2014-04-14,7.308745861053467
2014-04-15,7.020448684692383
2014-04-16,7.036031246185303
2014-04-17,7.2775774002075195
2014-04-22,7.3009538650512695
2014-04-23,7.402247428894043
2014-04-24,6.989281177520752
2014-04-25,7.012655258178711
2014-04-28,7.028239727020264
2014-04-29,7.028239727020264
2014-04-30,6.817859649658203
2014-05-02,7.0048627853393555
2014-05-05,6.856818675994873
2014-05-06,6.856818675994873
2014-05-07,6.810068130493164
2014-05-08,6.841235160827637
2014-05-09,6.716565132141113
2014-05-12,6.786693572998047
2014-05-13,6.771108627319336
2014-05-14,6.880193710327148
2014-05-15,6.856818675994873
2014-05-16,6.763317584991455
2014-05-19,6.646439075469971
2014-05-20,6.3581414222717285
2014-05-21,6.467226028442383
2014-05-22,6.521770477294922
2014-05-23,6.467226028442383
2014-05-26,6.482810020446777
2014-05-27,6.47501802444458
2014-05-28,6.3581414222717285
2014-05-29,6.295805931091309
2014-05-30,6.139969348907471
2014-06-02,6.194511890411377
2014-06-03,6.178928375244141
2014-06-04,6.14776086807251
2014-06-05,6.14776086807251
2014-06-06,6.342556476593018
2014-06-09,6.4516425132751465
2014-06-10,6.326972961425781
2014-06-11,6.381516456604004
2014-06-13,6.21009635925293
2014-06-16,6.155553340911865
2014-06-17,6.264639377593994
2014-06-18,6.397100448608398
2014-06-20,6.319180965423584
2014-06-23,6.365932464599609
2014-06-24,6.256847381591797
2014-06-25,6.256847381591797
2014-06-26,6.163344860076904
2014-06-27,5.906213760375977
2014-06-30,5.906213760375977
2014-07-01,6.038675308227539
2014-07-02,6.319180965423584
2014-07-03,6.49839448928833
2014-07-04,6.576313018798828
2014-07-07,6.584104061126709
2014-07-08,6.545144081115723
2014-07-10,6.47501802444458
2014-07-11,6.537353515625
2014-07-14,6.693190574645996
2014-07-15,6.973696708679199
2014-07-16,7.012655258178711
2014-07-17,6.685397624969482
2014-07-18,6.513978481292725
2014-07-21,6.482810020446777
2014-07-22,6.326972961425781
2014-07-23,6.256847381591797
2014-07-24,6.116593837738037
2014-07-25,6.155553340911865
2014-07-28,6.334765434265137
2014-07-29,6.342556476593018
2014-07-30,6.21009635925293
2014-07-31,6.272430419921875
2014-08-01,6.311390399932861
2014-08-04,6.288014888763428
2014-08-05,6.272430419921875
2014-08-06,6.288014888763428
2014-08-07,6.2412638664245605
2014-08-08,6.381516456604004
2014-08-11,6.576313018798828
2014-08-12,6.552937030792236
2014-08-13,6.428267955780029
2014-08-14,6.350348949432373
2014-08-15,6.389307975769043
2014-08-18,6.311390399932861
2014-08-19,6.295805931091309
2014-08-20,6.326972961425781
2014-08-21,6.303598403930664
2014-08-22,6.2802228927612305
2014-08-25,6.43605899810791
2014-08-26,6.397100448608398
2014-08-27,6.529562473297119
2014-08-28,6.326972961425781
2014-08-29,6.303598403930664
2014-09-01,6.311390399932861
2014-09-02,6.545144081115723
2014-09-03,6.887986660003662
2014-09-04,6.864609718322754
2014-09-05,6.513978481292725
2014-09-08,6.350348949432373
2014-09-09,6.365932464599609
2014-09-10,6.155553340911865
2014-09-11,6.108802795410156
2014-09-12,6.233471870422363
2014-09-15,6.326972961425781
2014-09-16,6.233471870422363
2014-09-17,6.272430419921875
2014-09-18,6.389307975769043
2014-09-19,6.365932464599609
2014-09-22,6.14776086807251
2014-09-23,6.124386310577393
2014-09-24,6.062050819396973
2014-09-25,5.890630722045898
2014-09-26,5.547789096832275
2014-09-29,5.150405406951904
2014-09-30,4.9634013175964355
2014-10-01,5.072487831115723
2014-10-02,5.0179443359375
2014-10-03,5.329618453979492
2014-10-06,5.337409496307373
2014-10-07,5.267283916473389
2014-10-08,5.064695358276367
2014-10-09,5.049111843109131
2014-10-10,4.799773693084717
2014-10-13,4.885483264923096
2014-10-14,4.955610275268555
2014-10-15,4.776397228240967
2014-10-16,4.581602096557617
2014-10-17,4.581602096557617
2014-10-20,4.581602096557617
2014-10-21,4.480308532714844
2014-10-22,4.5971856117248535
2014-10-23,4.7218546867370605
2014-10-24,4.846524238586426
2014-10-27,4.854316234588623
2014-10-28,4.636144638061523
2014-10-29,4.2621355056762695
2014-10-30,4.14525842666626
2014-10-31,4.441348552703857
2014-11-03,4.363430023193359
2014-11-04,4.534851551055908
2014-11-05,4.527058124542236
2014-11-06,4.2543439865112305
2014-11-07,4.456932067871094
2014-11-10,4.316679000854492
2014-11-11,4.184217929840088
2014-11-12,4.277719497680664
2014-11-13,4.10629940032959
2014-11-14,4.269927501678467
2014-11-17,3.9738380908966064
2014-11-18,3.9037117958068848
2014-11-19,3.911503791809082
2014-11-21,4.20759391784668
2014-11-24,4.293303966522217
2014-11-25,4.293303966522217
2014-11-26,3.9894216060638428
2014-11-27,3.9738380908966064
2014-11-28,4.0907158851623535
2014-12-01,3.8180010318756104
2014-12-02,3.7946252822875977
2014-12-03,3.802417278289795
2014-12-04,3.8569600582122803
2014-12-05,3.9816300868988037
2014-12-08,3.8257930278778076
2014-12-09,3.8180010318756104
2014-12-10,3.6465799808502197
2014-12-11,3.5920376777648926
2014-12-12,3.366074562072754
2014-12-15,3.568662643432617
2014-12-16,3.8569600582122803
2014-12-17,4.168633460998535
2014-12-18,3.9348788261413574
2014-12-19,4.075132846832275
2014-12-22,4.10629940032959
2014-12-23,4.153050899505615
2014-12-26,4.0127973556518555
2014-12-29,4.051755905151367
2014-12-30,3.9348788261413574
2015-01-02,3.7322916984558105
2015-01-05,3.5063276290893555
2015-01-06,3.677747964859009
2015-01-07,3.8959202766418457
2015-01-08,3.7011237144470215
2015-01-09,3.5530786514282227
2015-01-12,3.4128258228302
2015-01-13,3.288156509399414
2015-01-14,3.1868622303009033
2015-01-15,3.1868622303009033
2015-01-16,3.303739547729492
2015-01-19,3.1946539878845215
2015-01-20,3.1167359352111816
2015-01-21,3.1790707111358643
2015-01-22,3.171278238296509
2015-01-23,3.1089439392089844
2015-01-26,3.101151704788208
2015-01-27,3.0310254096984863
2015-01-28,2.9219400882720947
2015-01-29,2.7661027908325195
2015-01-30,2.6102662086486816
2015-02-02,2.711560010910034
2015-02-03,2.7661027908325195
2015-02-04,2.7271437644958496
2015-02-05,2.742727279663086
2015-02-06,2.7583112716674805
2015-02-09,2.9998581409454346
2015-02-10,3.0232338905334473
2015-02-11,3.085568428039551
2015-02-12,2.851813554763794
2015-02-13,2.8050620555877686
2015-02-18,2.9219400882720947
2015-02-19,2.937523365020752
2015-02-20,3.171278238296509
2015-02-23,3.0232338905334473
2015-02-24,3.0388174057006836
2015-02-25,3.1634864807128906
2015-02-26,3.1401114463806152
2015-02-27,3.218029499053955
2015-03-02,3.2336130142211914
2015-03-03,3.342698812484741
2015-03-04,3.4595770835876465
2015-03-05,3.4673686027526855
2015-03-06,3.443993330001831
2015-03-09,3.537494659423828
2015-03-10,3.537494659423828
2015-03-11,3.6076221466064453
2015-03-12,3.6232056617736816
2015-03-13,3.7868340015411377
2015-03-16,3.810209274291992
2015-03-17,3.9738380908966064
2015-03-18,3.950462579727173
2015-03-19,4.0050048828125
2015-03-20,3.9582531452178955
2015-03-23,3.8959202766418457
2015-03-24,3.7790427207946777
2015-03-25,4.028380870819092
2015-03-26,4.043964862823486
2015-03-27,4.0050048828125
2015-03-30,3.9894216060638428
2015-03-31,3.872544050216675
2015-04-01,3.8257930278778076
2015-04-02,3.8959202766418457
2015-04-06,3.9348788261413574
2015-04-07,3.7400834560394287
2015-04-08,3.5842461585998535
2015-04-09,3.6076221466064453
2015-04-10,3.7790427207946777
2015-04-13,3.763458251953125
2015-04-14,3.8257930278778076
2015-04-15,4.10629940032959
2015-04-16,4.269927501678467
2015-04-17,4.0907158851623535
2015-04-20,4.2153849601745605
2015-04-22,4.3790130615234375
2015-04-23,4.675103664398193
2015-04-24,4.659520149230957
2015-04-27,4.86210823059082
2015-04-28,4.620561122894287
2015-04-29,4.661826133728027
2015-04-30,4.677495956420898
2015-05-04,5.014400482177734
2015-05-05,5.2102766036987305
2015-05-06,5.460996627807617
2015-05-07,4.912545680999756
2015-05-08,4.653991222381592
2015-05-11,4.755846977233887
2015-05-12,4.62265157699585
2015-05-13,4.3954362869262695
2015-05-14,4.301415920257568
2015-05-15,4.270076274871826
2015-05-18,4.270076274871826
2015-05-19,4.113375186920166
2015-05-20,4.19956111907959
2015-05-21,4.23090124130249
2015-05-22,4.152551651000977
2015-05-25,4.152551651000977
2015-05-26,4.2779107093811035
2015-05-27,4.238735675811768
2015-05-28,4.027190208435059
2015-05-29,3.9958512783050537
2015-06-01,3.9566760063171387
2015-06-02,4.042860984802246
2015-06-03,3.948840856552124
2015-06-05,3.8469858169555664
2015-06-08,3.7372958660125732
2015-06-09,3.7686359882354736
2015-06-10,3.745131015777588
2015-06-11,3.7764713764190674
2015-06-12,3.682450294494629
2015-06-15,3.6589455604553223
2015-06-16,3.6041009426116943
2015-06-17,3.4865763187408447
2015-06-18,3.6432764530181885
2015-06-19,3.6432764530181885
2015-06-22,3.588430881500244
2015-06-23,3.5492565631866455
2015-06-24,3.447401285171509
2015-06-25,3.322040557861328
2015-06-26,3.408226490020752
2015-06-29,3.384721040725708
2015-06-30,3.228020429611206
2015-07-01,3.2045161724090576
2015-07-02,3.2201859951019287
2015-07-03,3.157505989074707
2015-07-06,3.275031328201294
2015-07-07,3.2671959400177
2015-07-08,3.157505989074707
2015-07-10,3.212350606918335
2015-07-13,3.3925559520721436
2015-07-14,3.345546007156372
2015-07-15,3.369050979614258
2015-07-16,3.251525640487671
2015-07-17,3.1340010166168213
2015-07-20,3.0948259830474854
2015-07-21,3.008641004562378
2015-07-22,2.930290699005127
2015-07-23,3.0321459770202637
2015-07-24,3.008641004562378
2015-07-27,2.930290699005127
2015-07-28,3.1731762886047363
2015-07-29,3.079155921936035
2015-07-30,3.0164756774902344
2015-07-31,3.079155921936035
2015-08-03,3.1261656284332275
2015-08-04,3.2671959400177
2015-08-05,3.2671959400177
2015-08-06,3.188845634460449
2015-08-07,3.0948259830474854
2015-08-10,3.0713210105895996
2015-08-11,2.969465494155884
2015-08-12,2.8676111698150635
2015-08-13,2.7892606258392334
2015-08-14,2.718745470046997
2015-08-17,2.74225115776062
2015-08-18,2.6325607299804688
2015-08-19,2.530705690383911
2015-08-20,2.4680254459381104
2015-08-21,2.405345916748047
2015-08-24,2.154625654220581
2015-08-25,2.099780559539795
2015-08-26,2.2643158435821533
2015-08-27,2.397510528564453
2015-08-28,2.326995611190796
2015-08-31,2.3348305225372314
2015-09-01,2.4288504123687744
2015-09-02,2.5463755130767822
2015-09-03,2.507200241088867
2015-09-04,2.7109110355377197
2015-09-08,2.9224560260772705
2015-09-09,2.945960760116577
2015-09-10,3.322040557861328
2015-09-11,3.6432764530181885
2015-09-14,3.3533809185028076
2015-09-15,3.329875946044922
2015-09-16,3.4709060192108154
2015-09-17,3.4160609245300293
2015-09-18,3.439565658569336
2015-09-21,3.3377108573913574
2015-09-22,3.063486099243164
2015-09-23,2.593385696411133
2015-09-24,2.7735908031463623
2015-09-25,2.6717355251312256
2015-09-28,2.6795706748962402
2015-09-29,2.687405824661255
2015-09-30,2.6247260570526123
2015-10-01,2.4445204734802246
2015-10-02,2.475860834121704
2015-10-05,2.585550308227539
2015-10-06,2.6012206077575684
2015-10-07,2.6560657024383545
2015-10-08,2.87544584274292
2015-10-09,2.9224560260772705
2015-10-13,2.585550308227539
2015-10-14,2.585550308227539
2015-10-15,2.6325607299804688
2015-10-16,2.609055757522583
2015-10-19,2.51503586769104
2015-10-20,2.436685562133789
2015-10-21,2.358335256576538
2015-10-22,2.405345916748047
2015-10-23,2.405345916748047
2015-10-26,2.381840705871582
2015-10-27,2.381840705871582
2015-10-28,2.2799859046936035
2015-10-29,2.2016355991363525
2015-10-30,2.1781303882598877
2015-11-03,2.2956554889678955
2015-11-04,2.2799859046936035
2015-11-05,2.272150754928589
2015-11-06,2.170295476913452
2015-11-09,2.131120443344116
2015-11-10,2.115450620651245
2015-11-11,2.1859655380249023
2015-11-12,2.1781303882598877
2015-11-13,2.060605764389038
2015-11-16,1.9979256391525269
2015-11-17,1.9274102449417114
2015-11-18,2.209470748901367
2015-11-19,2.0684409141540527
2015-11-23,1.974420428276062
2015-11-24,2.0527703762054443
2015-11-25,2.0292656421661377
2015-11-26,2.005760669708252
2015-11-27,1.9587507247924805
2015-11-30,1.7237006425857544
2015-12-01,1.5905052423477173
2015-12-02,1.6061753034591675
2015-12-03,1.6218452453613281
2015-12-04,1.551330327987671
2015-12-07,1.4886503219604492
2015-12-08,1.4103002548217773
2015-12-09,1.4338055849075317
2015-12-10,1.4494754076004028
2015-12-11,1.4103002548217773
2015-12-14,1.3632903099060059
2015-12-15,1.3162803649902344
2015-12-16,1.2536001205444336
2015-12-17,1.190920352935791
2015-12-18,1.1360753774642944
2015-12-21,1.1987552642822266
2015-12-22,1.1830854415893555
2015-12-23,1.2144252061843872
2015-12-28,1.237930417060852
2015-12-29,1.2144252061843872
2015-12-30,1.2144252061843872
2016-01-04,1.1439104080200195
2016-01-05,1.0498902797698975
2016-01-06,0.9558702111244202
2016-01-07,0.9010252356529236
2016-01-08,0.9245302081108093
2016-01-11,0.9402004480361938
2016-01-12,0.9010252356529236
2016-01-13,0.8070051074028015
2016-01-14,0.8148402571678162
2016-01-15,0.7521602511405945
2016-01-18,0.7991702556610107
2016-01-19,0.7913352251052856
2016-01-20,0.7991702556610107
2016-01-21,0.7678302526473999
2016-01-22,0.7835002541542053
2016-01-26,0.7599952220916748
2016-01-27,0.7051501274108887
2016-01-28,0.6738102436065674
2016-01-29,0.6659751534461975
2016-02-01,0.7521602511405945
2016-02-02,0.7364901900291443
2016-02-03,0.7521602511405945
2016-02-04,0.7991702556610107
2016-02-05,0.7913352251052856
2016-02-10,0.7599952220916748
2016-02-11,0.6659751534461975
2016-02-12,0.6659751534461975
2016-02-15,0.7051501274108887
2016-02-16,0.7678302526473999
2016-02-17,0.7835002541542053
2016-02-18,0.6816451549530029
2016-02-19,0.6894800662994385
2016-02-22,0.7129852175712585
2016-02-23,0.7286551594734192
2016-02-24,0.7129852175712585
2016-02-25,0.7208201885223389
2016-02-26,0.6973151564598083
2016-02-29,0.7051501274108887
2016-03-01,0.7129852175712585
2016-03-02,0.7364901900291443
2016-03-03,0.995045006275177
2016-03-04,1.065560221672058
2016-03-07,1.1439104080200195
2016-03-08,1.2144252061843872
2016-03-09,1.504320502281189
2016-03-10,1.6531853675842285
2016-03-11,1.5826704502105713
2016-03-14,1.4494754076004028
2016-03-15,1.2222602367401123
2016-03-16,1.3554555177688599
2016-03-17,1.4964853525161743
2016-03-18,1.4964853525161743
2016-03-21,1.5278254747390747
2016-03-22,1.504320502281189
2016-03-23,1.378960132598877
2016-03-24,1.4338055849075317
2016-03-28,1.4573103189468384
2016-03-29,1.425970435142517
2016-03-30,1.4338055849075317
2016-03-31,1.4181355237960815
2016-04-01,1.4024653434753418
2016-04-04,1.2927751541137695
2016-04-05,1.2536001205444336
2016-04-06,1.1360753774642944
2016-04-07,1.151745319366455
2016-04-08,1.3162803649902344
2016-04-11,1.4024653434753418
2016-04-12,1.559165358543396
2016-04-13,1.739370584487915
2016-04-14,1.5670005083084106
2016-04-15,1.6453503370285034
2016-04-18,1.6218452453613281
2016-04-19,1.794215440750122
2016-04-20,1.966585636138916
2016-04-22,2.0371005535125732
2016-04-25,1.825555682182312
2016-04-26,1.8804008960723877
2016-04-27,2.021430492401123
2016-04-28,1.9274102449417114
2016-04-29,1.9587507247924805
2016-05-02,1.950915813446045
2016-05-03,1.8020504713058472
2016-05-04,1.9039053916931152
2016-05-05,1.8490604162216187
2016-05-06,1.825555682182312
2016-05-09,1.661020278930664
2016-05-10,1.825555682182312
2016-05-11,1.8647305965423584
2016-05-12,1.8177204132080078
2016-05-13,1.7158654928207397
2016-05-16,1.7080304622650146
2016-05-17,1.692360520362854
2016-05-18,1.5905052423477173
2016-05-19,1.4729803800582886
2016-05-20,1.4338055849075317
2016-05-23,1.3632903099060059
2016-05-24,1.331950306892395
2016-05-25,1.3632903099060059
2016-05-27,1.331950306892395
2016-05-30,1.3006103038787842
2016-05-31,1.3084455728530884
2016-06-01,1.3006103038787842
2016-06-02,1.3476204872131348
2016-06-03,1.425970435142517
2016-06-06,1.504320502281189
2016-06-07,1.4729803800582886
2016-06-08,1.6453503370285034
2016-06-09,1.559165358543396
2016-06-10,1.4024653434753418
2016-06-13,1.3867954015731812
2016-06-14,1.3084455728530884
2016-06-15,1.6061753034591675
2016-06-16,1.5748355388641357
2016-06-17,1.614010214805603
2016-06-20,1.6296805143356323
2016-06-21,1.6531853675842285
2016-06-22,1.6766904592514038
2016-06-23,1.7315356731414795
2016-06-24,1.6061753034591675
2016-06-27,1.5826704502105713
2016-06-28,1.6061753034591675
2016-06-29,1.5826704502105713
2016-06-30,1.5434954166412354
2016-07-01,1.6296805143356323
2016-07-04,1.661020278930664
2016-07-05,1.5905052423477173
2016-07-06,1.6218452453613281
2016-07-07,1.5826704502105713
2016-07-08,1.5983405113220215
2016-07-11,1.6218452453613281
2016-07-12,1.6688554286956787
2016-07-13,1.684525489807129
2016-07-14,1.700195550918579
2016-07-15,1.8412251472473145
2016-07-18,1.9822558164596558
2016-07-19,1.896070957183838
2016-07-20,1.950915813446045
2016-07-21,2.1467905044555664
2016-07-22,2.2016355991363525
2016-07-25,2.248645544052124
2016-07-26,2.381840705871582
2016-07-27,2.593385696411133
2016-07-28,2.6560657024383545
2016-07-29,2.9381263256073
2016-08-01,3.008641004562378
2016-08-02,2.8284358978271484
2016-08-03,3.102660655975342
2016-08-04,3.102660655975342
2016-08-05,3.02431058883667
2016-08-08,2.8832807540893555
2016-08-09,2.9773006439208984
2016-08-10,2.87544584274292
2016-08-11,2.9616308212280273
2016-08-12,2.9146206378936768
2016-08-15,3.0869908332824707
2016-08-16,3.0321459770202637
2016-08-17,3.063486099243164
2016-08-18,3.039980888366699
2016-08-19,3.008641004562378
2016-08-22,2.8284358978271484
2016-08-23,2.9224560260772705
2016-08-24,2.687405824661255
2016-08-25,2.6325607299804688
2016-08-26,2.8049306869506836
2016-08-29,2.687405824661255
2016-08-30,2.64823055267334
2016-08-31,2.718745470046997
2016-09-01,2.6952409744262695
2016-09-02,2.969465494155884
2016-09-05,3.0164756774902344
2016-09-06,3.0556509494781494
2016-09-08,3.1653409004211426
2016-09-09,3.0164756774902344
2016-09-12,3.0478157997131348
2016-09-13,2.8127658367156982
2016-09-14,2.797095775604248
2016-09-15,2.781425714492798
2016-09-16,2.6795706748962402
2016-09-19,2.6403956413269043
2016-09-20,2.66390061378479
2016-09-21,2.859776020050049
2016-09-22,2.8284358978271484
2016-09-23,2.797095775604248
2016-09-26,2.7657558917999268
2016-09-27,2.687405824661255
2016-09-28,2.859776020050049
2016-09-29,2.859776020050049
2016-09-30,2.7657558917999268
2016-10-03,2.797095775604248
2016-10-04,2.8049306869506836
2016-10-05,2.9146206378936768
2016-10-06,2.859776020050049
2016-10-07,2.9381263256073
2016-10-10,2.9616308212280273
2016-10-11,2.906785726547241
2016-10-13,2.781425714492798
2016-10-14,2.7892606258392334
2016-10-17,2.8049306869506836
2016-10-18,2.859776020050049
2016-10-19,2.8832807540893555
2016-10-20,2.9146206378936768
2016-10-21,3.102660655975342
2016-10-24,3.196681022644043
2016-10-25,3.275031328201294
2016-10-26,3.2201859951019287
2016-10-27,3.2593610286712646
2016-10-28,3.6276063919067383
2016-10-31,3.533586025238037
2016-11-01,3.345546007156372
2016-11-03,3.1340010166168213
2016-11-04,3.039980888366699
2016-11-07,3.314206123352051
2016-11-08,3.3377108573913574
2016-11-09,3.3533809185028076
2016-11-10,3.329875946044922
2016-11-11,3.0713210105895996
2016-11-14,3.306370735168457
2016-11-16,3.102660655975342
2016-11-17,3.0869908332824707
2016-11-18,3.1261656284332275
2016-11-21,3.2045161724090576
2016-11-22,3.2985358238220215
2016-11-23,3.5492565631866455
2016-11-24,3.455235719680786
2016-11-25,3.47874116897583
2016-11-28,3.588430881500244
2016-11-29,3.369050979614258
2016-11-30,3.251525640487671
2016-12-01,3.1496710777282715
2016-12-02,3.1104960441589355
2016-12-05,3.1653409004211426
2016-12-06,3.141835927963257
2016-12-07,3.2593610286712646
2016-12-08,3.228020429611206
2016-12-09,3.1340010166168213
2016-12-12,3.0713210105895996
2016-12-13,3.102660655975342
2016-12-14,3.0164756774902344
2016-12-15,3.1731762886047363
2016-12-16,3.1104960441589355
2016-12-19,3.039980888366699
2016-12-20,3.079155921936035
2016-12-21,3.1653409004211426
2016-12-22,3.102660655975342
2016-12-23,3.0948259830474854
2016-12-26,3.1340010166168213
2016-12-27,3.212350606918335
2016-12-28,3.188845634460449
2016-12-29,3.212350606918335
2017-01-02,3.196681022644043
2017-01-03,3.361215591430664
2017-01-04,3.5649259090423584
2017-01-05,3.6041009426116943
2017-01-06,3.5022456645965576
2017-01-09,3.5257506370544434
2017-01-10,3.541421413421631
2017-01-11,3.4709060192108154
2017-01-12,3.5570902824401855
2017-01-13,3.5649259090423584
2017-01-16,3.745131015777588
2017-01-17,3.6981208324432373
2017-01-18,3.6276063919067383
2017-01-19,3.588430881500244
2017-01-20,3.7764713764190674
2017-01-23,4.089870452880859
2017-01-24,4.0350260734558105
2017-01-26,3.948840856552124
2017-01-27,4.066366195678711
2017-01-30,3.9410061836242676
2017-01-31,4.113375186920166
2017-02-01,4.113375186920166
2017-02-02,4.089870452880859
2017-02-03,4.066366195678711
2017-02-06,3.9958512783050537
2017-02-07,3.980180025100708
2017-02-08,3.9958512783050537
2017-02-09,3.980180025100708
2017-02-10,4.207396507263184
2017-02-13,4.262240886688232
2017-02-14,4.270076274871826
2017-02-15,4.324921131134033
2017-02-16,4.2779107093811035
2017-02-17,4.270076274871826
2017-02-20,4.270076274871826
2017-02-21,4.238735675811768
2017-02-22,4.1368818283081055
2017-02-23,3.9410061836242676
2017-02-24,3.8626561164855957
2017-03-01,3.9253365993499756
2017-03-02,3.893995523452759
2017-03-03,4.066366195678711
2017-03-06,4.011521339416504
2017-03-07,3.893995523452759
2017-03-08,3.729461193084717
2017-03-09,3.792141914367676
2017-03-10,3.6354408264160156
2017-03-13,3.6981208324432373
2017-03-14,3.6432764530181885
2017-03-15,3.831315517425537
2017-03-16,3.6902856826782227
2017-03-17,3.4709060192108154
2017-03-20,3.5022456645965576
2017-03-21,3.2436904907226562
2017-03-22,3.290700674057007
2017-03-23,3.2671959400177
2017-03-24,3.1731762886047363
2017-03-27,3.447401285171509
2017-03-28,3.400391101837158
2017-03-29,3.47874116897583
2017-03-30,3.463071346282959
2017-03-31,3.47874116897583
2017-04-03,3.4238955974578857
2017-04-04,3.3768856525421143
2017-04-05,3.2201859951019287
2017-04-06,3.0869908332824707
2017-04-07,3.1496710777282715
2017-04-10,3.1810104846954346
2017-04-11,3.1104960441589355
2017-04-12,2.969465494155884
2017-04-13,2.8989508152008057
2017-04-17,3.1261656284332275
2017-04-18,3.102660655975342
2017-04-19,3.102660655975342
2017-04-20,3.1653409004211426
2017-04-24,3.157505989074707
2017-04-25,3.1731762886047363
2017-04-26,3.345546007156372
2017-04-27,3.251525640487671
2017-04-28,3.3377108573913574
2017-05-02,3.455235719680786
2017-05-03,3.322040557861328
2017-05-04,3.1496710777282715
2017-05-05,3.275031328201294
2017-05-08,3.212350606918335
2017-05-09,3.2828664779663086
2017-05-10,3.369050979614258
2017-05-11,3.3533809185028076
2017-05-12,3.2436904907226562
2017-05-15,3.439565658569336
2017-05-16,3.5257506370544434
2017-05-17,3.447401285171509
2017-05-18,2.891115427017212
2017-05-19,3.0556509494781494
2017-05-22,3.0478157997131348
2017-05-23,3.141835927963257
2017-05-24,3.1731762886047363
2017-05-25,3.188845634460449
2017-05-26,3.1810104846954346
2017-05-29,3.1810104846954346
2017-05-30,3.2045161724090576
2017-05-31,3.1104960441589355
2017-06-01,3.0556509494781494
2017-06-02,3.102660655975342
2017-06-05,3.079155921936035
2017-06-06,3.118330717086792
2017-06-07,3.102660655975342
2017-06-08,3.141835927963257
2017-06-09,3.0948259830474854
2017-06-12,3.0869908332824707
2017-06-13,3.0869908332824707
2017-06-14,3.102660655975342
2017-06-15,3.102660655975342
2017-06-16,3.1261656284332275
2017-06-19,3.118330717086792
2017-06-20,3.0556509494781494
2017-06-21,3.0869908332824707
2017-06-22,3.157505989074707
2017-06-23,3.290700674057007
2017-06-26,3.4317309856414795
2017-06-27,3.4238955974578857
2017-06-28,3.5257506370544434
2017-06-29,3.541421413421631
2017-06-30,3.6041009426116943
2017-07-03,3.682450294494629
2017-07-04,3.6589455604553223
2017-07-05,3.7137906551361084
2017-07-06,3.792141914367676
2017-07-07,3.799976110458374
2017-07-10,3.854820489883423
2017-07-11,3.917501449584961
2017-07-12,3.9723458290100098
2017-07-13,3.933171272277832
2017-07-14,3.917501449584961
2017-07-17,3.917501449584961
2017-07-18,3.8626561164855957
2017-07-19,3.917501449584961
2017-07-20,3.854820489883423
2017-07-21,3.878326177597046
2017-07-24,3.9566760063171387
2017-07-25,3.9958512783050537
2017-07-26,3.893995523452759
2017-07-27,3.933171272277832
2017-07-28,4.027190208435059
2017-07-31,4.050696849822998
2017-08-01,4.1368818283081055
2017-08-02,4.309251308441162
2017-08-03,4.324921131134033
2017-08-04,4.317086696624756
2017-08-07,4.544301509857178
2017-08-08,4.591310977935791
2017-08-09,4.559971809387207
2017-08-10,4.614817142486572
2017-08-11,4.599145889282227
2017-08-14,4.552135944366455
2017-08-15,4.465950965881348
2017-08-16,4.630486488342285
2017-08-17,4.677495956420898
2017-08-18,4.72450590133667
2017-08-21,4.708836078643799
2017-08-22,4.889040946960449
2017-08-23,5.077081680297852
2017-08-24,5.2886271476745605
2017-08-25,5.186771392822266
2017-08-28,5.0927510261535645
2017-08-29,5.124091148376465
2017-08-30,5.139761924743652
2017-08-31,5.398316383361816
2017-09-01,5.954601287841797
2017-09-04,6.42470121383667
2017-09-05,6.322847366333008
2017-09-06,6.526557922363281
2017-09-07,6.526557922363281
2017-09-08,6.369856834411621
2017-09-11,6.683257102966309
2017-09-12,6.659751892089844
2017-09-13,6.628412246704102
2017-09-14,6.604907512664795
2017-09-15,6.800782203674316
2017-09-18,7.286552906036377
2017-09-19,7.208201885223389
2017-09-20,7.325727939605713
2017-09-21,7.458922386169434
2017-09-22,7.364900588989258
2017-09-25,6.448205471038818
2017-09-26,6.550062656402588
2017-09-27,6.244496822357178
2017-09-28,5.946766376495361
2017-09-29,6.0956315994262695
2017-10-02,6.181816577911377
2017-10-03,6.785111904144287
2017-10-04,7.067172050476074
2017-10-05,7.020162582397461
2017-10-06,7.325727939605713
2017-10-09,7.192531108856201
2017-10-10,7.40407657623291
2017-10-11,7.599952220916748
2017-10-12,7.599952220916748
2017-10-13,8.085721969604492
2017-10-16,8.054380416870117
2017-10-17,7.795828342437744
2017-10-18,7.568612098693848
2017-10-19,7.905517101287842
2017-10-20,7.913352012634277
2017-10-23,7.560777187347412
2017-10-24,7.850673198699951
2017-10-25,7.764486789703369
2017-10-26,7.662631034851074
2017-10-27,7.153357982635498
2017-10-30,6.832121849060059
2017-10-31,6.902636528015137
2017-11-01,6.65191650390625
2017-11-02,6.65191650390625
2017-11-03,6.542227268218994
2017-11-06,6.949647426605225
2017-11-07,6.346352577209473
2017-11-08,6.855627059936523
2017-11-09,6.675421714782715
2017-11-10,6.745936393737793
2017-11-13,7.020162582397461
2017-11-14,6.4873809814453125
2017-11-15,6.4873809814453125
2017-11-16,6.738101959228516
2017-11-17,6.839956283569336
2017-11-20,6.839956283569336
2017-11-21,7.325727939605713
2017-11-22,7.333561420440674
2017-11-23,7.239542007446289
2017-11-24,7.192531108856201
2017-11-27,7.364900588989258
2017-11-28,7.263046741485596
2017-11-29,6.9731526374816895
2017-11-30,6.706761837005615
2017-12-01,6.95748233795166
2017-12-04,7.035831451416016
2017-12-05,6.738101959228516
2017-12-06,6.933976650238037
2017-12-07,6.8477911949157715
2017-12-08,6.785111904144287
2017-12-11,7.004491329193115
2017-12-12,6.95748233795166
2017-12-13,6.808617115020752
2017-12-14,6.785111904144287
2017-12-15,6.792946815490723
2017-12-18,6.691092014312744
2017-12-19,6.738101959228516
2017-12-20,7.043666362762451
2017-12-21,7.090676784515381
2017-12-22,7.012327194213867
2017-12-25,7.012327194213867
2017-12-26,7.043666362762451
2017-12-27,7.129851818084717
2017-12-28,7.129851818084717
2017-12-29,7.129851818084717
2018-01-02,7.521603584289551
2018-01-03,7.7723236083984375
2018-01-04,8.211081504821777
2018-01-05,7.858508110046387
2018-01-08,7.9446916580200195
2018-01-09,8.030877113342285
2018-01-10,8.030877113342285
2018-01-11,8.46180248260498
2018-01-12,8.634173393249512
2018-01-15,8.853550910949707
2018-01-16,8.587162017822266
2018-01-17,8.736026763916016
2018-01-18,8.5636568069458
2018-01-19,8.95540714263916
2018-01-22,8.81437873840332
2018-01-23,8.39912223815918
2018-01-24,8.853550910949707
2018-01-25,8.853550910949707
2018-01-26,8.939736366271973
2018-01-29,9.049427032470703
2018-01-30,9.072932243347168
2018-01-31,9.292311668395996
2018-02-01,9.166953086853027
2018-02-02,9.2453031539917
2018-02-05,8.900561332702637
2018-02-06,9.166953086853027
2018-02-07,9.088603019714355
2018-02-08,8.877057075500488
2018-02-09,8.798707008361816
2018-02-14,9.378498077392578
2018-02-15,9.50385856628418
2018-02-16,9.49602222442627
2018-02-19,9.511693954467773
2018-02-20,9.480352401733398
2018-02-21,9.519527435302734
2018-02-22,9.409836769104004
2018-02-23,9.55870246887207
2018-02-26,9.989627838134766
2018-02-27,9.911276817321777
2018-02-28,9.652724266052246
2018-03-01,9.2453031539917
2018-03-02,8.884893417358398
2018-03-05,8.728193283081055
2018-03-06,9.088603019714355
2018-03-07,8.830047607421875
2018-03-08,8.642008781433105
2018-03-09,8.759533882141113
2018-03-12,8.892727851867676
2018-03-13,8.80654239654541
2018-03-14,8.884893417358398
2018-03-15,8.728193283081055
2018-03-16,8.736026763916016
2018-03-19,8.305103302001953
2018-03-20,8.579327583312988
2018-03-21,8.790872573852539
2018-03-22,8.689017295837402
2018-03-23,8.579327583312988
2018-03-26,8.634173393249512
2018-03-27,8.469637870788574
2018-03-28,8.375617980957031
2018-03-29,8.555821418762207
2018-04-02,8.5636568069458
2018-04-03,8.39912223815918
2018-04-04,8.226750373840332
2018-04-05,8.28943157196045
2018-04-06,8.171905517578125
2018-04-09,7.882012367248535
2018-04-10,7.921186447143555
2018-04-11,7.999537467956543
2018-04-12,8.25809383392334
2018-04-13,8.242423057556152
2018-04-16,7.858508110046387
2018-04-17,8.023042678833008
2018-04-18,8.665513038635254
2018-04-19,8.971076965332031
2018-04-20,8.81437873840332
2018-04-23,8.61066722869873
2018-04-24,8.422627449035645
2018-04-25,8.532318115234375
2018-04-26,8.664154052734375
2018-04-27,8.435942649841309
2018-04-30,8.577590942382812
2018-05-02,8.522505760192871
2018-05-03,8.33364200592041
2018-05-04,8.640545845031738
2018-05-07,8.467418670654297
2018-05-08,8.538244247436523
2018-05-09,8.719237327575684
2018-05-10,8.758585929870605
2018-05-11,8.67202377319336
2018-05-14,8.538244247436523
2018-05-15,8.168383598327637
2018-05-16,8.569722175598145
2018-05-17,8.491026878356934
2018-05-18,8.404464721679688
2018-05-21,8.176254272460938
2018-05-22,8.05034351348877
2018-05-23,7.7513108253479
2018-05-24,7.5545759201049805
2018-05-25,7.090284824371338
2018-05-28,6.5709075927734375
2018-05-29,6.7361626625061035
2018-05-30,6.492213249206543
2018-06-01,6.956504821777344
2018-06-04,7.420795917510986
2018-06-05,7.216193675994873
2018-06-06,7.003719806671143
2018-06-07,6.531558990478516
2018-06-08,6.68894624710083
2018-06-11,6.350564956665039
2018-06-12,6.531558990478516
2018-06-13,6.476473808288574
2018-06-14,6.271871566772461
2018-06-15,5.862664699554443
2018-06-18,5.815449237823486
2018-06-19,5.917750358581543
2018-06-20,6.035790920257568
2018-06-21,5.7131476402282715
2018-06-22,5.634454250335693
2018-06-25,5.626585483551025
2018-06-26,5.595107078552246
2018-06-27,5.626585483551025
2018-06-28,5.846926212310791
2018-06-29,5.760364055633545
2018-07-02,5.689539432525635
2018-07-03,6.098745346069336
2018-07-04,6.468605041503906
2018-07-05,6.36630392074585
2018-07-06,6.326956272125244
2018-07-10,6.201046943664551
2018-07-11,5.925620079040527
2018-07-12,6.476473808288574
2018-07-13,6.547299385070801
2018-07-16,6.555169105529785
2018-07-17,6.8463335037231445
2018-07-18,6.6181230545043945
2018-07-19,6.578775882720947
2018-07-20,6.948636531829834
2018-07-23,6.940766334533691
2018-07-24,7.098153591156006
2018-07-25,7.279146671295166
2018-07-26,7.184715270996094
2018-07-27,7.200454235076904
2018-07-30,7.208324432373047
2018-07-31,6.980112552642822
2018-08-01,6.9171576499938965
2018-08-02,7.050938606262207
2018-08-03,7.121760845184326
2018-08-06,6.948636531829834
2018-08-07,6.869941234588623
2018-08-08,6.925026893615723
2018-08-09,6.712554931640625
2018-08-10,6.224654674530029
2018-08-13,6.374173164367676
2018-08-14,6.500081539154053
2018-08-15,6.24039363861084
2018-08-16,6.295479774475098
2018-08-17,6.248262882232666
2018-08-20,6.58664608001709
2018-08-21,6.295479774475098
2018-08-22,6.405650615692139
2018-08-23,6.311218738555908
2018-08-24,6.421388626098633
2018-08-27,6.507951736450195
2018-08-28,6.4449968338012695
2018-08-29,6.555169105529785
2018-08-30,6.358434200286865
2018-08-31,6.350564956665039
2018-09-03,6.311218738555908
2018-09-04,6.303349018096924
2018-09-05,6.201046943664551
2018-09-06,6.248262882232666
2018-09-10,6.193177700042725
2018-09-11,5.823318958282471
2018-09-12,5.744624614715576
2018-09-13,5.595107078552246
2018-09-14,5.508545398712158
2018-09-17,5.988574504852295
2018-09-18,6.295479774475098
2018-09-19,6.5709075927734375
2018-09-20,6.334826469421387
2018-09-21,6.673207759857178
2018-09-24,6.523690700531006
2018-09-25,6.610252857208252
2018-09-26,6.6181230545043945
2018-09-27,6.633861541748047
2018-09-28,6.547299385070801
2018-10-01,6.311218738555908
2018-10-02,6.68894624710083
2018-10-03,6.987982749938965
2018-10-04,7.145369052886963
2018-10-05,7.098153591156006
2018-10-08,7.869350910186768
2018-10-09,7.877219200134277
2018-10-10,7.294888496398926
2018-10-11,7.3263654708862305
2018-10-15,7.60966157913208
2018-10-16,7.798525333404541
2018-10-17,7.77491569519043
2018-10-18,7.601792335510254
2018-10-19,7.633269786834717
2018-10-22,8.223469734191895
2018-10-23,8.02673625946045
2018-10-24,7.633269786834717
2018-10-25,7.79065465927124
2018-10-26,7.91656494140625
2018-10-29,7.892956733703613
2018-10-30,8.152645111083984
2018-10-31,8.089691162109375
2018-11-01,7.963781356811523
2018-11-05,8.018866539001465
2018-11-06,7.814264297485352
2018-11-07,7.719831943511963
2018-11-08,7.633269786834717
2018-11-09,7.8850884437561035
2018-11-12,7.633269786834717
2018-11-13,7.405056476593018
2018-11-14,7.200454235076904
2018-11-16,7.704092502593994
2018-11-19,7.349971771240234
2018-11-21,7.247671127319336
2018-11-22,7.1296305656433105
2018-11-23,6.783378601074219
2018-11-26,6.712554931640625
2018-11-27,6.862072467803955
2018-11-28,6.838464736938477
2018-11-29,7.066675186157227
2018-11-30,7.357842922210693
2018-12-03,7.704092502593994
2018-12-04,7.381450176239014
2018-12-05,7.468010902404785
2018-12-06,7.3184943199157715
2018-12-07,7.082413673400879
2018-12-10,6.8463335037231445
2018-12-11,6.885680198669434
2018-12-12,7.365711212158203
2018-12-13,7.593922138214111
2018-12-14,7.381450176239014
2018-12-17,7.704092502593994
2018-12-18,7.5545759201049805
2018-12-19,7.633269786834717
2018-12-20,7.279146671295166
2018-12-21,7.247671127319336
2018-12-26,7.200454235076904
2018-12-27,7.082413673400879
2018-12-28,7.255540370941162
2019-01-02,7.680485248565674
2019-01-03,7.515228748321533
2019-01-04,7.955913066864014
2019-01-07,7.971651554107666
2019-01-08,7.748929500579834
2019-01-09,8.002732276916504
2019-01-10,8.193082809448242
2019-01-11,8.074114799499512
2019-01-14,7.828240871429443
2019-01-15,7.725133419036865
2019-01-16,7.923418045043945
2019-01-17,7.915485858917236
2019-01-18,7.883760452270508
2019-01-21,7.971005916595459
2019-01-22,7.740996360778809
2019-01-23,7.70927095413208
2019-01-24,7.7727227210998535
2019-01-28,7.70927095413208
2019-01-29,7.6934075355529785
2019-01-30,7.852035999298096
2019-01-31,7.7806549072265625
2019-02-01,7.685476779937744
2019-02-04,7.756860256195068
2019-02-05,7.7727227210998535
2019-02-06,7.415811538696289
2019-02-07,7.4871931076049805
2019-02-08,7.629957675933838
2019-02-11,7.598232269287109
2019-02-12,7.598232269287109
2019-02-13,7.629957675933838
2019-02-14,7.669614315032959
2019-02-15,7.455467700958252
2019-02-18,7.431674003601074
2019-02-19,7.312704086303711
2019-02-20,7.360293388366699
2019-02-21,7.5347819328308105
2019-02-22,7.867898941040039
2019-02-25,8.097907066345215
2019-02-26,7.97893762588501
2019-02-27,7.8361735343933105
2019-02-28,7.661684036254883
2019-03-01,7.6934075355529785
2019-03-06,7.629957675933838
2019-03-07,7.637889862060547
2019-03-08,7.669614315032959
2019-03-11,7.931350231170654
2019-03-12,7.947213172912598
2019-03-13,8.010663032531738
2019-03-14,8.280327796936035
2019-03-15,8.050318717956543
2019-03-18,8.224808692932129
2019-03-19,8.661033630371094
2019-03-20,8.50240707397461
2019-03-21,8.288260459899902
2019-03-22,7.96307373046875
2019-03-25,8.11376953125
2019-03-26,8.129633903503418
2019-03-27,7.526850700378418
2019-03-28,7.677545547485352
2019-03-29,7.96307373046875
2019-04-01,8.105839729309082
2019-04-02,7.6934075355529785
2019-04-03,7.685476779937744
2019-04-04,7.677545547485352
2019-04-05,7.645822048187256
2019-04-08,7.526850700378418
2019-04-09,7.455467700958252
2019-04-10,7.4713311195373535
2019-04-11,7.3444294929504395
2019-04-12,7.280978679656982
2019-04-15,7.193732261657715
2019-04-16,7.098557949066162
2019-04-17,6.987518310546875
2019-04-18,7.154077529907227
2019-04-22,7.114421367645264
2019-04-23,7.066832065582275
2019-04-24,6.866121768951416
2019-04-25,6.95404577255249
2019-04-26,6.882107734680176
2019-04-29,6.882107734680176
2019-04-30,6.898094654083252
2019-05-02,6.754217147827148
2019-05-03,7.089930057525635
2019-05-06,7.017991542816162
2019-05-07,6.762210845947266
2019-05-08,6.858128547668457
2019-05-09,6.802176475524902
2019-05-10,6.738231182098389
2019-05-13,6.538403034210205
2019-05-14,6.514423370361328
2019-05-15,6.354559898376465
2019-05-16,6.154730319976807
2019-05-17,6.306601047515869
2019-05-20,6.402519226074219
2019-05-21,6.738231182098389
2019-05-22,6.754217147827148
2019-05-23,6.514423370361328
2019-05-24,6.554388523101807
2019-05-27,6.578368186950684
2019-05-28,6.602346897125244
2019-05-29,6.602346897125244
2019-05-30,6.658299922943115
2019-05-31,6.554388523101807
2019-06-03,6.394525051116943
2019-06-04,6.618333339691162
2019-06-05,6.602346897125244
2019-06-06,6.586361408233643
2019-06-07,6.874115943908691
2019-06-10,6.95404577255249
2019-06-11,7.201833724975586
2019-06-12,7.033978462219238
2019-06-13,7.137888431549072
2019-06-14,6.922072887420654
2019-06-17,6.874115943908691
2019-06-18,7.017991542816162
2019-06-19,6.922072887420654
2019-06-21,6.946053504943848
2019-06-24,6.986018657684326
2019-06-25,6.770204544067383
2019-06-26,6.866121768951416
2019-06-27,6.930067539215088
2019-06-28,7.1458821296691895
2019-07-01,7.097923278808594
2019-07-02,7.017991542816162
2019-07-03,7.2098283767700195
2019-07-04,7.563026428222656
2019-07-05,7.747101783752441
2019-07-08,7.723090171813965
2019-07-10,7.651063919067383
2019-07-11,7.571031093597412
2019-07-12,7.547021389007568
2019-07-15,7.458985805511475
2019-07-16,7.523010730743408
2019-07-17,7.499001979827881
2019-07-18,7.507004261016846
2019-07-19,7.507004261016846
2019-07-22,7.354944229125977
2019-07-23,7.282916069030762
2019-07-24,7.1788740158081055
2019-07-25,6.962786674499512
2019-07-26,7.058825969696045
2019-07-29,7.0828351974487305
2019-07-30,7.058825969696045
2019-07-31,7.002803325653076
2019-08-01,6.802722930908203
2019-08-02,6.802722930908203
2019-08-05,6.578633785247803
2019-08-06,6.538617134094238
2019-08-07,6.386556148529053
2019-08-08,6.6426591873168945
2019-08-09,6.482594966888428
2019-08-12,6.370550155639648
2019-08-13,6.546620845794678
2019-08-14,6.226492881774902
2019-08-15,5.95438289642334
2019-08-16,5.842339515686035
2019-08-19,5.650260925292969
2019-08-20,5.818329334259033
2019-08-21,5.946380138397217
2019-08-22,6.010406017303467
2019-08-23,5.786316394805908
2019-08-26,5.714287281036377
2019-08-27,5.6022419929504395
2019-08-28,5.610246181488037
2019-08-29,6.122450828552246
2019-08-30,6.322531223297119
2019-09-02,6.258505821228027
2019-09-03,6.194479942321777
2019-09-04,6.122450828552246
2019-09-05,6.162466526031494
2019-09-06,6.138457298278809
2019-09-09,6.634655952453613
2019-09-10,6.658665180206299
2019-09-11,6.602643013000488
2019-09-12,6.626652240753174
2019-09-13,6.50660514831543
2019-09-16,6.490598678588867
2019-09-17,6.658665180206299
2019-09-18,6.738697528839111
2019-09-19,6.602643013000488
2019-09-20,6.50660514831543
2019-09-23,6.50660514831543
2019-09-24,6.322531223297119
2019-09-25,6.44257926940918
2019-09-26,6.434576034545898
2019-09-27,6.402563095092773
2019-09-30,6.25050163269043
2019-10-01,6.194479942321777
2019-10-02,5.986395835876465
2019-10-03,5.986395835876465
2019-10-04,6.074431896209717
2019-10-07,5.930373191833496
2019-10-08,5.882354259490967
2019-10-09,5.842339515686035
2019-10-10,5.978393077850342
2019-10-11,6.138457298278809
2019-10-14,6.074431896209717
2019-10-15,6.162466526031494
2019-10-16,6.106444358825684
2019-10-17,6.106444358825684
2019-10-18,6.066427707672119
2019-10-21,6.106444358825684
2019-10-22,6.050421714782715
2019-10-23,5.986395835876465
2019-10-24,5.8023223876953125
2019-10-25,5.786316394805908
2019-10-28,5.810326099395752
2019-10-29,5.8983612060546875
2019-10-30,5.8983612060546875
2019-10-31,5.810326099395752
2019-11-01,5.938376426696777
2019-11-04,6.074431896209717
2019-11-05,6.074431896209717
2019-11-06,6.154463768005371
2019-11-07,6.6426591873168945
2019-11-08,6.4105658531188965
2019-11-11,6.322531223297119
2019-11-12,6.170470237731934
2019-11-13,6.074431896209717
2019-11-14,6.074431896209717
2019-11-18,6.026413440704346
2019-11-19,6.114447116851807
2019-11-21,6.522610664367676
2019-11-22,6.5706305503845215
2019-11-25,6.714687347412109
2019-11-26,6.786716461181641
2019-11-27,6.722690582275391
2019-11-28,6.746701240539551
2019-11-29,6.810726642608643
2019-12-02,6.946781158447266
2019-12-03,6.882755279541016
2019-12-04,7.050822734832764
2019-12-05,7.042819499969482
2019-12-06,7.202882766723633
2019-12-09,6.962786674499512
2019-12-10,7.042819499969482
2019-12-11,7.1468610763549805
2019-12-12,7.434976100921631
2019-12-13,7.402962684631348
2019-12-16,7.298922061920166
2019-12-17,7.402962684631348
2019-12-18,7.402962684631348
2019-12-19,7.458985805511475
2019-12-20,7.4669880867004395
2019-12-23,7.6270527839660645
2019-12-26,7.6270527839660645
2019-12-27,7.547021389007568
2019-12-30,7.611047744750977
2020-01-02,7.763106822967529
2020-01-03,7.683075904846191
2020-01-06,7.5390191078186035
2020-01-07,7.611047744750977
2020-01-08,7.515008926391602
2020-01-09,7.4669880867004395
2020-01-10,7.314929008483887
2020-01-13,7.635056018829346
2020-01-14,7.667068958282471
2020-01-15,7.515008926391602
2020-01-16,7.739099025726318
2020-01-17,7.811126708984375
2020-01-20,7.8031229972839355
2020-01-21,7.64306116104126
2020-01-22,8.70748519897461
2020-01-23,8.891558647155762
2020-01-24,8.659465789794922
2020-01-27,8.043220520019531
2020-01-28,8.035216331481934
2020-01-29,7.90716552734375
2020-01-30,7.819129943847656
2020-01-31,7.7070841789245605
2020-02-03,7.763106822967529
2020-02-04,7.8351359367370605
2020-02-05,8.219290733337402
2020-02-06,8.035216331481934
2020-02-07,7.699081897735596
2020-02-10,7.434976100921631
2020-02-11,7.939178466796875
2020-02-12,7.891158580780029
2020-02-13,8.283316612243652
2020-02-14,7.923170566558838
2020-02-17,7.787117958068848
2020-02-18,7.819129943847656
2020-02-19,7.779114723205566
2020-02-20,7.571031093597412
2020-02-21,7.338937759399414
2020-02-26,6.578633785247803
2020-02-27,6.554624080657959
2020-02-28,6.538617134094238
2020-03-02,6.778713226318359
2020-03-03,6.634655952453613
2020-03-04,7.098841190338135
2020-03-05,6.722690582275391
2020-03-06,6.298521041870117
2020-03-09,5.282114505767822
2020-03-10,5.6982808113098145
2020-03-11,5.20208215713501
2020-03-12,4.4817938804626465
2020-03-13,5.218088626861572
2020-03-16,4.705883502960205
2020-03-17,4.67387056350708
2020-03-18,3.6814732551574707
2020-03-19,3.6014413833618164
2020-03-20,3.4573841094970703
2020-03-23,3.04121732711792
2020-03-24,3.217288017272949
2020-03-25,3.9055633544921875
2020-03-26,4.113646984100342
2020-03-27,3.9135663509368896
2020-03-30,3.8255319595336914
2020-03-31,3.9375758171081543
2020-04-01,3.753502130508423
2020-04-02,3.7054831981658936
2020-04-03,3.2653069496154785
2020-04-06,3.2573039531707764
2020-04-07,3.2893168926239014
2020-04-08,3.51340651512146
2020-04-09,3.4653866291046143
2020-04-13,3.6094448566436768
2020-04-14,3.817528009414673
2020-04-15,3.761505365371704
2020-04-16,3.641458034515381
2020-04-17,3.7054831981658936
2020-04-20,3.7374958992004395
2020-04-22,3.857544422149658
2020-04-23,3.8095250129699707
2020-04-24,3.473390579223633
2020-04-27,3.473390579223633
2020-04-28,3.7695095539093018
2020-04-29,4.087327003479004
2020-04-30,3.8773064613342285
2020-05-04,3.7803735733032227
2020-05-05,3.7238292694091797
2020-05-06,3.707674026489258
2020-05-07,3.828840494155884
2020-05-08,3.8853838443756104
2020-05-11,3.8449954986572266
2020-05-12,3.707674026489258
2020-05-13,3.513808488845825
2020-05-14,3.675363540649414
2020-05-15,3.643052339553833
2020-05-18,3.9580841064453125
2020-05-19,3.901538610458374
2020-05-20,4.079249858856201
2020-05-21,4.014626979827881
2020-05-22,3.8126845359802246
2020-05-25,3.941927909851074
2020-05-26,3.9580841064453125
2020-05-27,4.604300498962402
2020-05-28,4.846632957458496
2020-05-29,4.967798709869385
2020-06-01,5.0001091957092285
2020-06-02,5.58978271484375
2020-06-03,5.573627471923828
2020-06-04,5.557472229003906
2020-06-05,5.573627471923828
2020-06-08,6.017902374267578
2020-06-09,5.896737098693848
2020-06-10,5.565549850463867
2020-06-12,5.177818775177002
2020-06-15,5.137430667877197
2020-06-16,5.290907382965088
2020-06-17,5.468616962432861
2020-06-18,5.492851257324219
2020-06-19,5.638248920440674
2020-06-22,5.62209415435791
2020-06-23,6.2036895751953125
2020-06-24,5.920969486236572
2020-06-25,5.88865852355957
2020-06-26,5.73518180847168
2020-06-29,5.775570392608643
2020-06-30,5.872503757476807
2020-07-01,5.929047584533691
2020-07-02,5.937124729156494
2020-07-03,6.025980472564697
2020-07-06,6.147146224975586
2020-07-07,6.017902374267578
2020-07-08,6.219845771789551
2020-07-09,6.0340576171875
2020-07-10,6.001746654510498
2020-07-13,5.969435691833496
2020-07-14,6.074446201324463
2020-07-15,6.06636905670166
2020-07-16,5.969435691833496
2020-07-17,6.050212860107422
2020-07-20,6.025980472564697
2020-07-21,5.969435691833496
2020-07-22,6.06636905670166
2020-07-23,5.904813766479492
2020-07-24,6.098680019378662
2020-07-27,6.534875869750977
2020-07-28,6.454098701477051
2020-07-29,6.583342552185059
2020-07-30,6.631809234619141
2020-07-31,6.567188262939453
2020-08-03,6.785284996032715
2020-08-04,6.607576370239258
2020-08-05,6.866063117980957
2020-08-06,6.728741645812988
2020-08-07,6.7045087814331055
2020-08-10,7.011462211608887
2020-08-11,6.849907398223877
2020-08-12,6.979151248931885
2020-08-13,7.019538879394531
2020-08-14,7.0922393798828125
2020-08-17,7.148783206939697
2020-08-18,7.633446216583252
2020-08-19,7.7950005531311035
2020-08-20,7.875777244567871
2020-08-21,7.730378150939941
2020-08-24,7.827311992645264
2020-08-25,7.980787754058838
2020-08-26,7.867700099945068
2020-08-27,7.883855819702148
2020-08-28,8.118110656738281
2020-08-31,8.198887825012207
2020-09-01,8.61085033416748
2020-09-02,8.643160820007324
2020-09-03,8.392753601074219
2020-09-04,8.602771759033203
2020-09-08,8.513917922973633
2020-09-09,9.055126190185547
2020-09-10,8.715861320495605
2020-09-11,8.578540802001953
2020-09-14,8.764328002929688
2020-09-15,9.071279525756836
2020-09-16,8.788559913635254
2020-09-17,9.240912437438965
2020-09-18,8.853182792663574
2020-09-21,8.804716110229492
2020-09-22,8.691629409790039
2020-09-23,8.48968505859375
2020-09-24,8.400829315185547
2020-09-25,8.295820236206055
2020-09-28,8.190810203552246
2020-09-29,7.9565558433532715
2020-09-30,8.101953506469727
2020-10-01,8.134264945983887
2020-10-02,8.093877792358398
2020-10-05,8.5381498336792
2020-10-06,8.33620834350586
2020-10-07,8.55430793762207
2020-10-08,8.33620834350586
2020-10-09,8.174654006958008
2020-10-13,8.198887825012207
2020-10-14,8.263507843017578
2020-10-15,8.764328002929688
2020-10-16,9.143980026245117
2020-10-19,9.071279525756836
2020-10-20,9.305535316467285
2020-10-21,9.483244895935059
2020-10-22,9.475166320800781
2020-10-23,9.459012031555176
2020-10-26,9.394391059875488
2020-10-27,9.49132251739502
2020-10-28,8.756251335144043
2020-10-29,9.079358100891113
2020-10-30,8.804716110229492
2020-11-03,9.354001998901367
2020-11-04,9.030891418457031
2020-11-05,9.192447662353516
2020-11-06,9.273223876953125
2020-11-09,9.192447662353516
2020-11-10,8.837026596069336
2020-11-11,8.732016563415527
2020-11-12,8.723939895629883
2020-11-13,8.820871353149414
2020-11-16,8.96627140045166
2020-11-17,9.11167049407959
2020-11-18,9.055126190185547
2020-11-19,9.184368133544922
2020-11-23,9.49940013885498
2020-11-24,10.080994606018066
2020-11-25,10.791834831237793
2020-11-26,11.228032112121582
2020-11-27,11.114944458007812
2020-11-30,11.026089668273926
2020-12-01,11.228032112121582
2020-12-02,11.163410186767578
2020-12-03,10.589892387390137
2020-12-04,11.324966430664062
2020-12-07,11.680384635925293
2020-12-08,11.1795654296875
2020-12-09,10.711058616638184
2020-12-10,11.042245864868164
2020-12-11,11.03416633605957
2020-12-14,10.743368148803711
2020-12-15,11.163410186767578
2020-12-16,11.163410186767578
2020-12-17,11.074555397033691
2020-12-18,11.623842239379883
2020-12-21,11.502674102783203
2020-12-22,11.284577369689941
2020-12-23,11.809627532958984
2020-12-28,11.680384635925293
2020-12-29,12.181204795837402
2020-12-30,11.80155086517334
2021-01-04,12.068115234375
2021-01-05,12.197360038757324
2021-01-06,12.787032127380371
2021-01-07,13.400938987731934
2021-01-08,13.336318969726562
2021-01-11,13.497871398925781
2021-01-12,13.312084197998047
2021-01-13,12.504310607910156
2021-01-14,12.730488777160645
2021-01-15,12.13273811340332
2021-01-18,12.165048599243164
2021-01-19,11.591530799865723
2021-01-20,11.397665023803711
2021-01-21,11.438054084777832
2021-01-22,11.438054084777832
2021-01-26,10.9210786819458
2021-01-27,10.581814765930176
2021-01-28,11.236109733581543
2021-01-29,10.662591934204102
2021-02-01,10.783759117126465
2021-02-02,10.557580947875977
2021-02-03,10.517192840576172
2021-02-04,10.622203826904297
2021-02-05,11.090710639953613
2021-02-08,11.211877822875977
2021-02-09,11.35727596282959
2021-02-10,11.155333518981934
2021-02-11,11.421897888183594
2021-02-12,11.462286949157715
2021-02-17,12.124659538269043
2021-02-18,11.97926139831543
2021-02-19,12.0923490524292
2021-02-22,12.108504295349121
2021-02-23,12.714332580566406
2021-02-24,13.92599105834961
2021-02-25,13.320161819458008
2021-02-26,13.118219375610352
2021-03-01,13.610960006713867
2021-03-02,13.917913436889648
2021-03-03,13.990612030029297
2021-03-04,13.578649520874023
2021-03-05,14.370266914367676
2021-03-08,13.724048614501953
2021-03-09,13.804824829101562
2021-03-10,13.360552787780762
2021-03-11,13.95830249786377
2021-03-12,13.635193824768066
2021-03-15,13.796748161315918
2021-03-16,14.976095199584961
2021-03-17,14.838773727416992
2021-03-18,14.507589340209961
2021-03-19,14.362189292907715
2021-03-22,13.917913436889648
2021-03-23,13.449405670166016
2021-03-24,13.263618469238281
2021-03-25,13.215152740478516
2021-03-26,13.392863273620605
2021-03-29,13.465561866760254
2021-03-30,13.627115249633789
2021-03-31,13.81290340423584
2021-04-01,13.417096138000488
2021-04-05,13.78059196472168
2021-04-06,14.257177352905273
2021-04-07,14.459118843078613
2021-04-08,15.00032901763916
2021-04-09,15.509225845336914
2021-04-12,15.67885684967041
2021-04-13,16.131208419799805
2021-04-14,16.809738159179688
2021-04-15,16.963212966918945
2021-04-16,17.423643112182617
2021-04-19,17.31055450439453
2021-04-20,17.027835845947266
2021-04-22,17.94061851501465
2021-04-23,17.892154693603516
2021-04-26,18.530292510986328
2021-04-27,18.651456832885742
2021-04-28,18.514137268066406
2021-04-29,18.514137268066406
2021-04-30,18.23946189880371
2021-05-03,17.65450096130371
2021-05-04,17.80886459350586
2021-05-05,18.60506248474121
2021-05-06,19.14940071105957
2021-05-07,18.800048828125
2021-05-10,18.99503517150879
2021-05-11,19.14940071105957
2021-05-12,18.166339874267578
2021-05-13,17.353893280029297
2021-05-14,16.49269676208496
2021-05-17,16.752683639526367
2021-05-18,16.882675170898438
2021-05-19,16.687685012817383
2021-05-20,16.476449966430664
2021-05-21,16.15146827697754
2021-05-24,16.29770851135254
2021-05-25,15.79399299621582
2021-05-26,15.976880073547363
2021-05-27,15.919992446899414
2021-05-28,15.928117752075195
2021-05-31,16.1394100189209
2021-06-01,16.375080108642578
2021-06-02,15.919992446899414
2021-06-04,15.481155395507812
2021-06-07,15.294243812561035
2021-06-08,14.936674118041992
2021-06-09,15.318623542785645
2021-06-10,15.286116600036621
2021-06-11,15.375510215759277
2021-06-14,15.196727752685547
2021-06-15,15.123586654663086
2021-06-16,14.733509063720703
2021-06-17,14.392192840576172
2021-06-18,14.709131240844727
2021-06-21,14.757887840270996
2021-06-22,14.814775466918945
2021-06-23,15.131712913513184
2021-06-24,15.521787643432617
2021-06-25,15.310498237609863
2021-06-28,15.383637428283691
2021-06-29,15.562418937683105
2021-06-30,15.521787643432617
2021-07-01,15.676193237304688
2021-07-02,15.871232032775879
2021-07-05,15.895612716674805
2021-07-06,15.830598831176758
2021-07-07,16.06627082824707
2021-07-08,15.90373706817627
2021-07-12,16.440092086791992
2021-07-13,16.65951156616211
2021-07-14,16.0825252532959
2021-07-15,16.05814552307129
2021-07-16,15.708700180053711
2021-07-19,15.521787643432617
2021-07-20,15.603055000305176
2021-07-21,15.99312973022461
2021-07-22,16.188169479370117
2021-07-23,16.415712356567383
2021-07-26,17.00082778930664
2021-07-27,16.440092086791992
2021-07-28,16.4075870513916
2021-07-29,16.935813903808594
2021-07-30,16.716398239135742
2021-08-02,16.60262680053711
2021-08-03,16.618877410888672
2021-08-04,17.382776260375977
2021-08-05,17.082094192504883
2021-08-06,17.545312881469727
2021-08-09,17.48842430114746
2021-08-10,17.959766387939453
2021-08-11,17.902881622314453
2021-08-12,17.650955200195312
2021-08-13,17.187740325927734
2021-08-16,16.277563095092773
2021-08-17,15.448649406433105
2021-08-18,14.717256546020508
2021-08-19,13.880217552185059
2021-08-20,13.896469116210938
2021-08-23,13.612040519714355
2021-08-24,14.57910442352295
2021-08-25,14.57910442352295
2021-08-26,14.075254440307617
2021-08-27,15.03419303894043
2021-08-30,15.147966384887695
2021-08-31,15.026067733764648
2021-09-01,14.685534477233887
2021-09-02,14.020365715026855
2021-09-03,14.063559532165527
2021-09-06,14.288162231445312
2021-09-08,13.467499732971191
2021-09-09,13.53660774230957
2021-09-10,13.22562026977539
2021-09-13,13.761209487915039
2021-09-14,13.545246124267578
2021-09-15,13.42430591583252
2021-09-16,12.698667526245117
2021-09-17,12.024861335754395
2021-09-20,11.852089881896973
2021-09-21,12.111247062683105
2021-09-22,13.165149688720703
2021-09-23,14.383184432983398
2021-09-24,14.072198867797852
2021-09-27,13.778486251831055
2021-09-28,12.776415824890137
2021-09-29,13.562521934509277
2021-09-30,13.925342559814453
2021-10-01,14.573233604431152
2021-10-04,13.813039779663086
2021-10-05,13.761209487915039
2021-10-06,13.631630897521973
2021-10-07,13.622993469238281
2021-10-08,14.296798706054688
2021-10-11,14.279522895812988
2021-10-13,14.089473724365234
2021-10-14,14.072198867797852
2021-10-15,14.322714805603027
2021-10-18,13.890788078308105
2021-10-19,13.467499732971191
2021-10-20,12.966463088989258
2021-10-21,12.232185363769531
2021-10-22,12.396319389343262
2021-10-25,12.681390762329102
2021-10-26,12.284018516540527
2021-10-27,12.258101463317871
2021-10-28,12.37904167175293
2021-10-29,11.446078300476074
2021-11-01,11.316500663757324
2021-11-03,10.68588638305664
2021-11-04,10.62541675567627
2021-11-05,10.409452438354492
2021-11-08,10.884573936462402
2021-11-09,11.022789001464844
2021-11-10,10.94504165649414
2021-11-11,11.627488136291504
2021-11-12,11.662042617797852
2021-11-16,11.325139045715332
2021-11-17,11.065982818603516
2021-11-18,10.435368537902832
2021-11-19,10.582222938537598
2021-11-22,10.893211364746094
2021-11-23,11.411523818969727
2021-11-24,11.808897018432617
2021-11-25,11.938475608825684
2021-11-26,11.15236759185791
2021-11-29,11.83481216430664
2021-11-30,11.739789009094238
2021-12-01,11.601572036743164
2021-12-02,12.46542739868164
2021-12-03,12.292655944824219
2021-12-06,12.767775535583496
2021-12-07,12.888715744018555
2021-12-08,13.001017570495605
2021-12-09,12.90599250793457
2021-12-10,13.139233589172363
2021-12-13,13.294727325439453
2021-12-14,13.22562026977539
2021-12-15,13.337920188903809
2021-12-16,13.777896881103516
2021-12-17,13.594191551208496
2021-12-20,12.83312702178955
2021-12-21,13.226781845092773
2021-12-22,13.03432846069336
2021-12-23,12.999336242675781
2021-12-27,13.156798362731934
2021-12-28,12.90311050415039
2021-12-29,12.946849822998047
2021-12-30,13.261773109436035
2022-01-03,13.095562934875488
2022-01-04,12.99059009552002
2022-01-05,12.238271713256836
2022-01-06,12.255768775939941
2022-01-07,12.841876029968262
2022-01-10,13.45422649383545
2022-01-11,14.267778396606445
2022-01-12,14.381501197814941
2022-01-13,14.320266723632812
2022-01-14,14.390249252319336
2022-01-17,14.197794914245605
2022-01-18,14.46898078918457
2022-01-19,14.652685165405273
2022-01-20,14.495223045349121
2022-01-21,13.874123573303223
2022-01-24,14.20654296875
2022-01-25,14.13655948638916
2022-01-26,14.294022560119629
2022-01-27,14.224038124084473
2022-01-28,14.005342483520508
2022-01-31,13.970351219177246
2022-02-01,14.512717247009277
2022-02-02,14.547708511352539
2022-02-03,14.171552658081055
2022-02-04,14.276525497436523
2022-02-07,14.740164756774902
2022-02-08,14.705171585083008
2022-02-09,14.827643394470215
2022-02-10,14.67892837524414
2022-02-11,13.585444450378418
2022-02-14,13.716662406921387
2022-02-15,13.637930870056152
2022-02-16,13.55045223236084
2022-02-17,12.999336242675781
2022-02-18,12.90311050415039
2022-02-21,12.66691780090332
2022-02-22,12.876867294311523
2022-02-23,12.474464416503906
2022-02-24,12.465715408325195
2022-02-25,12.868119239807129
2022-03-02,13.445478439331055
2022-03-03,13.935359001159668
2022-03-04,13.847880363464355
2022-03-07,13.392991065979004
2022-03-08,13.25302505493164
2022-03-09,13.305512428283691
2022-03-10,13.471722602844238
2022-03-11,12.89436149597168
2022-03-14,12.220776557922363
2022-03-15,11.695903778076172
2022-03-16,11.949592590332031
2022-03-17,12.500707626342773
2022-03-18,12.771892547607422
2022-03-21,12.815631866455078
2022-03-22,12.693161964416504
2022-03-23,12.500707626342773
2022-03-24,12.579440116882324
2022-03-25,12.185785293579102
2022-03-28,12.255768775939941
2022-03-29,12.456968307495117
2022-03-30,12.55319595336914
2022-03-31,12.220776557922363
2022-04-01,12.045819282531738
2022-04-04,12.282011985778809
2022-04-05,11.984583854675293
2022-04-06,11.862114906311035
2022-04-07,11.84461784362793
2022-04-08,11.415972709655762
2022-04-11,11.328493118286133
2022-04-12,11.398476600646973
2022-04-13,11.354736328125
2022-04-14,11.302249908447266
2022-04-18,11.241015434265137
2022-04-19,11.459711074829102
2022-04-20,10.733638763427734
2022-04-22,10.444957733154297
2022-04-25,10.646160125732422
2022-04-26,10.208765983581543
2022-04-27,10.322488784790039
2022-04-28,10.742385864257812
2022-04-29,10.428093910217285
2022-05-02,10.326671600341797
2022-05-03,10.428093910217285
2022-05-04,10.612499237060547
2022-05-05,10.225248336791992
2022-05-06,10.114605903625488
2022-05-09,9.930200576782227
2022-05-10,9.257122993469238
2022-05-11,9.552170753479004
2022-05-12,9.38620662689209
2022-05-13,9.708913803100586
2022-05-16,9.708913803100586
2022-05-17,9.967082023620605
2022-05-18,9.570611000061035
2022-05-19,10.059284210205078
2022-05-20,10.188366889953613
2022-05-23,10.557177543640137
2022-05-24,10.547956466674805
2022-05-25,10.713920593261719
2022-05-26,10.538737297058105
2022-05-27,10.391213417053223
2022-05-30,10.09616470336914
2022-05-31,10.105385780334473
2022-06-01,10.381993293762207
2022-06-02,10.925987243652344
2022-06-03,10.760022163391113
2022-06-06,10.529516220092773
2022-06-07,10.243688583374023
2022-06-08,9.801117897033691
2022-06-09,9.33088493347168
2022-06-10,9.321664810180664
2022-06-13,8.869873046875
2022-06-14,8.63936710357666
2022-06-15,8.602485656738281
2022-06-17,8.086153030395508
2022-06-20,8.307437896728516
2022-06-21,8.35353946685791
2022-06-22,8.335098266601562
2022-06-23,8.030830383300781
2022-06-24,8.270557403564453
2022-06-27,8.52872371673584
2022-06-28,8.40886116027832
2022-06-29,8.307437896728516
2022-06-30,7.975509166717529
2022-07-01,7.883307456970215
2022-07-04,7.846426010131836
2022-07-05,7.883307456970215
2022-07-06,7.993950366973877
2022-07-07,8.17835521697998
2022-07-08,7.938628196716309
2022-07-11,7.735783100128174
2022-07-12,7.680461883544922
2022-07-13,7.6989030838012695
2022-07-14,7.422295093536377
2022-07-15,7.726562976837158
2022-07-18,7.809545040130615
2022-07-19,8.06771183013916
2022-07-20,8.288996696472168
2022-07-21,8.344319343566895
2022-07-22,8.215235710144043
2022-07-25,8.279776573181152
2022-07-26,8.104592323303223
2022-07-27,8.187575340270996
2022-07-28,8.335098266601562
2022-07-29,7.938628196716309
2022-08-01,7.560598373413086
2022-08-02,7.781883716583252
2022-08-03,7.781883716583252
2022-08-04,8.224456787109375
2022-08-05,8.076931953430176
2022-08-08,8.104592323303223
2022-08-09,8.270557403564453
2022-08-10,8.399640083312988
2022-08-11,8.620926856994629
2022-08-12,8.768449783325195
2022-08-15,8.556384086608887
2022-08-16,8.52872371673584
2022-08-17,8.63936710357666
2022-08-18,8.47340202331543
2022-08-19,8.344319343566895
2022-08-22,8.15991497039795
2022-08-23,8.952855110168457
2022-08-24,8.630146026611328
2022-08-25,8.565605163574219
2022-08-26,7.993950366973877
2022-08-29,7.579039573669434
2022-08-30,7.422295093536377
2022-08-31,7.39463472366333
2022-09-01,7.523717403411865
2022-09-02,7.62514066696167
2022-09-05,7.680461883544922
2022-09-06,7.4868364334106445
2022-09-08,7.459176063537598
2022-09-09,7.7450032234191895
2022-09-12,7.874086380004883
2022-09-13,7.551377773284912
2022-09-14,7.311651706695557
2022-09-15,7.173348426818848
2022-09-16,7.05348539352417
2022-09-19,7.422295093536377
2022-09-20,7.219449520111084
2022-09-21,7.127246856689453
2022-09-22,7.182568550109863
2022-09-23,7.016604423522949
2022-09-26,6.6938958168029785
2022-09-27,6.638574123382568
2022-09-28,6.629354476928711
2022-09-29,6.454169273376465
2022-09-30,6.933621883392334
2022-10-03,7.118026256561279
2022-10-04,7.28399133682251
2022-10-05,7.274770736694336
2022-10-06,7.26555061340332
2022-10-07,7.081145763397217
2022-10-10,7.05348539352417
2022-10-11,7.136466979980469
2022-10-13,7.081145763397217
2022-10-14,6.813758850097656
2022-10-17,6.730777263641357
2022-10-18,6.915181636810303
2022-10-19,6.7768778800964355
2022-10-20,6.9797234535217285
2022-10-21,7.201009273529053
2022-10-24,6.99816370010376
2022-10-25,7.0350446701049805
2022-10-26,6.869080543518066
2022-10-27,7.071925640106201
2022-10-28,6.7768778800964355
2022-10-31,6.666234970092773
2022-11-01,6.924401760101318
2022-11-03,6.869080543518066
2022-11-04,7.39463472366333
2022-11-07,7.025824069976807
2022-11-08,7.136466979980469
2022-11-09,7.007383823394775
2022-11-10,6.712336540222168
2022-11-11,7.422295093536377
2022-11-14,7.219449520111084
2022-11-16,7.247110366821289
2022-11-17,7.293211460113525
2022-11-18,6.988943576812744
2022-11-21,6.82297945022583
2022-11-22,7.090366363525391
2022-11-23,7.071925640106201
2022-11-24,7.191789150238037
2022-11-25,7.016604423522949
2022-11-28,6.712336540222168
2022-11-29,7.118026256561279
2022-11-30,7.210229396820068
2022-12-01,6.8875203132629395
2022-12-02,6.924401760101318
2022-12-05,6.99816370010376
2022-12-06,7.237889766693115
2022-12-07,7.247110366821289
2022-12-08,6.9797234535217285
2022-12-09,7.210229396820068
2022-12-12,7.10880708694458
2022-12-13,6.869080543518066
2022-12-14,7.247110366821289
2022-12-15,6.942842483520508
2022-12-16,6.7768778800964355
2022-12-19,6.361967086791992
2022-12-20,6.500270843505859
2022-12-21,6.481830596923828
2022-12-22,6.454169273376465
2022-12-23,6.380407810211182
2022-12-26,6.417288303375244
2022-12-27,6.472609996795654
2022-12-28,6.601693153381348
2022-12-29,6.601693153381348
2023-01-02,6.481830596923828
2023-01-03,6.40806770324707
2023-01-04,6.53715181350708
2023-01-05,6.924401760101318
2023-01-06,6.99816370010376
2023-01-09,7.025824069976807
2023-01-10,7.28399133682251
2023-01-11,7.237889766693115
2023-01-12,7.26555061340332
2023-01-13,7.201009273529053
2023-01-16,7.136466979980469
2023-01-17,7.3208723068237305
2023-01-18,7.49605655670166
2023-01-19,7.440735340118408
2023-01-20,7.643580436706543
2023-01-23,7.6896820068359375
2023-01-24,7.62514066696167
2023-01-25,7.634360313415527
2023-01-26,7.920187950134277
2023-01-27,7.809545040130615
2023-01-30,7.809545040130615
2023-01-31,7.864866256713867
2023-02-01,7.754223346710205
2023-02-02,7.293211460113525
2023-02-03,7.219449520111084
2023-02-06,7.071925640106201
2023-02-07,6.988943576812744
2023-02-08,7.016604423522949
2023-02-09,6.850639820098877
2023-02-10,6.76765775680542
2023-02-13,6.730777263641357
2023-02-14,6.564812183380127
2023-02-15,6.675455093383789
2023-02-16,6.730777263641357
2023-02-17,6.712336540222168
2023-02-22,6.53715181350708
2023-02-23,6.454169273376465
2023-02-24,6.297425270080566
2023-02-27,6.315865516662598
2023-02-28,6.297425270080566
2023-03-01,6.6109137535095215
2023-03-02,6.5463714599609375
2023-03-03,6.620133876800537
2023-03-06,6.564812183380127
2023-03-07,6.481830596923828
2023-03-08,6.721556663513184
2023-03-09,6.564812183380127
2023-03-10,6.389627933502197
2023-03-13,6.389627933502197
2023-03-14,6.463389873504639
2023-03-15,6.352746963500977
2023-03-16,6.444949150085449
2023-03-17,6.398848056793213
2023-03-20,6.315865516662598
2023-03-21,6.260544300079346
2023-03-22,6.2697649002075195
2023-03-23,6.1222405433654785
2023-03-24,6.103800296783447
2023-03-27,6.103800296783447
2023-03-28,6.297425270080566
2023-03-29,6.297425270080566
2023-03-30,6.739996910095215
2023-03-31,6.721556663513184
2023-04-03,6.629354476928711
2023-04-04,6.601693153381348
2023-04-05,6.53715181350708
2023-04-06,6.463389873504639
2023-04-10,6.675455093383789
2023-04-11,7.127246856689453
2023-04-12,7.0627055168151855
2023-04-13,7.05348539352417
2023-04-14,6.942842483520508
2023-04-17,6.952062606811523
2023-04-18,7.016604423522949
2023-04-19,6.869080543518066
2023-04-20,6.620133876800537
2023-04-24,6.564812183380127
2023-04-25,6.500270843505859
2023-04-26,6.481830596923828
2023-04-27,6.564812183380127
2023-04-28,6.959950923919678
2023-05-02,6.911617755889893
2023-05-03,6.959950923919678
2023-05-04,6.863284587860107
2023-05-05,7.24028205871582
2023-05-08,7.2886152267456055
2023-05-09,7.346614837646484
2023-05-10,7.375614643096924
2023-05-11,7.191949367523193
2023-05-12,7.211282253265381
2023-05-15,7.356281757354736
2023-05-16,7.220948696136475
2023-05-17,7.462613582611084
2023-05-18,7.539947032928467
2023-05-19,7.723611831665039
2023-05-22,7.57861328125
2023-05-23,7.24028205871582
2023-05-24,7.143616199493408
2023-05-25,7.037283897399902
2023-05-26,7.066283226013184
2023-05-29,7.037283897399902
2023-05-30,6.834285259246826
2023-05-31,6.785952091217041
2023-06-01,6.921284198760986
2023-06-02,7.1339497566223145
2023-06-05,7.162949085235596
2023-06-06,7.143616199493408
2023-06-07,7.095283508300781
2023-06-09,7.085616588592529
2023-06-12,7.066283226013184
2023-06-13,7.046950340270996
2023-06-14,7.15328311920166
2023-06-15,7.15328311920166
2023-06-16,7.143616199493408
2023-06-19,7.249948978424072
2023-06-20,7.143616199493408
2023-06-21,7.056617259979248
2023-06-22,6.979283809661865
2023-06-23,6.988950729370117
2023-06-26,7.037283897399902
2023-06-27,6.979283809661865
2023-06-28,6.882617950439453
2023-06-29,6.959950923919678
2023-06-30,6.834285259246826
2023-07-03,7.008284091949463
2023-07-04,7.0759501457214355
2023-07-05,7.1339497566223145
2023-07-06,7.1242828369140625
2023-07-07,7.278948783874512
2023-07-10,7.1242828369140625
2023-07-11,7.095283508300781
2023-07-12,7.104949951171875
2023-07-13,7.423947334289551
2023-07-14,7.249948978424072
2023-07-17,7.172616004943848
2023-07-18,7.172616004943848
2023-07-19,6.9696173667907715
2023-07-20,6.921284198760986
2023-07-21,6.930951118469238
2023-07-24,7.104949951171875
2023-07-25,7.259615421295166
2023-07-26,7.191949367523193
2023-07-27,7.24028205871582
2023-07-28,6.853618621826172
2023-07-31,6.988950729370117
2023-08-01,6.940617561340332
2023-08-02,6.872951507568359
2023-08-03,6.853618621826172
2023-08-04,6.853618621826172
2023-08-07,6.834285259246826
2023-08-08,6.8149518966674805
2023-08-09,6.766618728637695
2023-08-10,6.776285648345947
2023-08-11,6.71828556060791
2023-08-14,6.679619312286377
2023-08-15,6.6602864265441895
2023-08-16,6.63128662109375
2023-08-17,6.63128662109375
2023-08-18,6.621619701385498
2023-08-21,6.650619983673096
2023-08-22,6.698952674865723
2023-08-23,6.669952869415283
2023-08-24,6.611953258514404
2023-08-25,6.573287010192871
2023-08-28,6.650619983673096
2023-08-29,6.71828556060791
2023-08-30,6.727952480316162
2023-08-31,6.650619983673096
2023-09-01,6.698952674865723
2023-09-04,6.756952285766602
2023-09-05,6.669952869415283
2023-09-06,6.689286231994629
2023-09-08,6.6022868156433105
2023-09-11,6.669952869415283
2023-09-12,6.592620372772217
2023-09-13,6.573287010192871
2023-09-14,6.669952869415283
2023-09-15,6.708619594573975
2023-09-18,6.573287010192871
2023-09-19,6.524953842163086
2023-09-20,6.534620761871338
2023-09-21,6.360621929168701
2023-09-22,6.370288372039795
2023-09-25,6.283288955688477
2023-09-26,6.254289150238037
2023-09-27,6.302622318267822
2023-09-28,6.360621929168701
2023-09-29,6.418621063232422
2023-10-02,6.350955486297607
2023-10-03,6.273622035980225
2023-10-04,6.20595645904541
2023-10-05,6.1286234855651855
2023-10-06,6.118956565856934
2023-10-09,6.051290988922119
2023-10-10,6.089957237243652
2023-10-11,6.1286234855651855
2023-10-13,6.051290988922119
2023-10-16,6.060957431793213
2023-10-17,5.993290901184082
2023-10-18,5.973957538604736
2023-10-19,5.89662504196167
2023-10-20,5.751626014709473
2023-10-23,5.732292652130127
2023-10-24,5.77095890045166
2023-10-25,5.674293041229248
2023-10-26,5.780625820159912
2023-10-27,6.0222907066345215
2023-10-30,6.2929558753967285
2023-10-31,6.389621734619141
2023-11-01,6.515286922454834
2023-11-03,6.640953063964844
2023-11-06,6.592620372772217
2023-11-07,6.582953453063965
2023-11-08,6.582953453063965
2023-11-09,6.4476213455200195
2023-11-10,6.582953453063965
2023-11-13,6.544287204742432
2023-11-14,6.834285259246826
2023-11-16,7.327281475067139
2023-11-17,7.346614837646484
2023-11-20,7.501280784606934
2023-11-21,7.520613670349121
2023-11-22,7.626945972442627
2023-11-23,7.501280784606934
2023-11-24,7.4432806968688965
2023-11-27,7.5496134757995605
2023-11-28,7.6076130867004395
2023-11-29,7.491613864898682
2023-11-30,7.597946643829346
2023-12-01,7.945944309234619
2023-12-04,8.013609886169434
2023-12-05,7.984610557556152
2023-12-06,8.013609886169434
2023-12-07,8.0909423828125
2023-12-08,8.197275161743164
2023-12-11,8.216609001159668
2023-12-12,8.216609001159668
2023-12-13,8.303607940673828
2023-12-14,8.429274559020996
2023-12-15,8.535606384277344
2023-12-18,8.554940223693848
2023-12-19,8.564605712890625
2023-12-20,8.506607055664062
2023-12-21,8.825604438781738
2023-12-22,8.970602989196777
2023-12-26,9.009269714355469
2023-12-27,9.028603553771973
2023-12-28,8.980270385742188
2024-01-02,8.825604438781738
2024-01-03,8.777271270751953
2024-01-04,8.641938209533691
2024-01-05,8.62260627746582
2024-01-08,8.564605712890625
2024-01-09,8.34227466583252
2024-01-10,8.119942665100098
2024-01-11,8.235941886901855
2024-01-12,8.18760871887207
2024-01-15,8.255274772644043
2024-01-16,8.0909423828125
2024-01-17,8.013609886169434
2024-01-18,8.235941886901855
2024-01-19,8.216609001159668
2024-01-22,8.313275337219238
2024-01-23,8.351941108703613
2024-01-24,8.670939445495605
2024-01-25,8.728938102722168
2024-01-26,9.183268547058105
2024-01-29,8.989936828613281
2024-01-30,8.786937713623047
2024-01-31,8.8836030960083
2024-02-01,8.922269821166992
2024-02-02,8.786937713623047
2024-02-05,8.786937713623047
2024-02-06,8.912604331970215
2024-02-07,9.018936157226562
2024-02-08,9.086602210998535
2024-02-09,8.970602989196777
2024-02-14,9.047935485839844
2024-02-15,9.550599098205566
2024-02-16,9.772931098937988
2024-02-19,9.821264266967773
2024-02-20,9.985595703125
2024-02-21,10.004929542541504
2024-02-22,10.294926643371582
2024-02-23,10.343259811401367
2024-02-26,10.314260482788086
2024-02-27,10.478592872619629
2024-02-28,10.584924697875977
2024-02-29,10.700923919677734
2024-03-01,10.739590644836426
2024-03-04,10.343259811401367
2024-03-05,10.381926536560059
2024-03-06,10.391592979431152
2024-03-07,10.275594711303711
2024-03-08,10.497925758361816
2024-03-11,10.004929542541504
2024-03-12,9.869597434997559
2024-03-13,9.7535982131958
2024-03-14,9.550599098205566
2024-03-15,9.453932762145996
2024-03-18,9.598932266235352
2024-03-19,9.830930709838867
2024-03-20,10.033928871154785
2024-03-21,9.985595703125
2024-03-22,9.811596870422363
2024-03-25,9.637598991394043
2024-03-26,9.598932266235352
2024-03-27,9.705265045166016
2024-03-28,9.676265716552734
2024-04-01,9.7535982131958
2024-04-02,9.89859676361084
2024-04-03,9.830930709838867
2024-04-04,9.840597152709961
2024-04-05,9.589265823364258
2024-04-08,10.149928092956543
2024-04-09,10.294926643371582
2024-04-10,10.014595985412598
2024-04-11,9.927597045898438
2024-04-12,9.830930709838867
2024-04-15,9.879263877868652
2024-04-16,9.71493148803711
2024-04-17,9.589265823364258
2024-04-18,9.608598709106445
2024-04-19,9.985595703125
2024-04-22,10.217594146728516
2024-04-23,8.796605110168457
2024-04-24,8.467940330505371
2024-04-25,8.206941604614258
2024-04-26,8.199999809265137
2024-04-29,8.210000038146973
2024-04-30,7.909999847412109
2024-05-02,7.980000019073486
2024-05-03,8.0
2024-05-06,8.039999961853027
2024-05-07,8.010000228881836
2024-05-08,8.0600004196167
2024-05-09,8.0
2024-05-10,7.960000038146973
2024-05-13,7.980000019073486
2024-05-14,7.900000095367432
2024-05-15,7.929999828338623
2024-05-16,7.96999979019165
2024-05-17,7.960000038146973
2024-05-20,8.149999618530273
2024-05-21,8.289999961853027
2024-05-22,8.170000076293945
2024-05-23,8.029999732971191
2024-05-24,7.929999828338623
2024-05-27,8.010000228881836
2024-05-28,7.909999847412109
2024-05-29,7.769999980926514
2024-05-31,7.570000171661377
2024-06-03,7.579999923706055
2024-06-04,7.480000019073486
2024-06-05,7.289999961853027
2024-06-06,7.320000171661377
2024-06-07,7.179999828338623
2024-06-10,7.050000190734863
2024-06-11,7.130000114440918
2024-06-12,7.050000190734863
2024-06-13,7.159999847412109
2024-06-14,7.179999828338623
2024-06-17,7.099999904632568
2024-06-18,7.230000019073486
2024-06-19,7.340000152587891
2024-06-20,7.610000133514404
2024-06-21,7.539999961853027
2024-06-24,7.690000057220459
2024-06-25,7.539999961853027
2024-06-26,7.789999961853027
2024-06-27,8.0
2024-06-28,7.909999847412109
2024-07-01,7.869999885559082
2024-07-02,7.96999979019165
2024-07-03,7.989999771118164
2024-07-04,8.149999618530273
2024-07-05,7.989999771118164
2024-07-08,7.869999885559082
2024-07-09,8.020000457763672
2024-07-10,7.920000076293945
2024-07-11,8.0
2024-07-12,8.0600004196167
2024-07-15,8.170000076293945
2024-07-16,8.140000343322754
2024-07-17,8.550000190734863
2024-07-18,8.399999618530273
2024-07-19,8.529999732971191
2024-07-22,8.5600004196167
2024-07-23,8.289999961853027
2024-07-24,8.109999656677246
2024-07-25,8.279999732971191
2024-07-26,6.329999923706055
2024-07-29,6.050000190734863
2024-07-30,6.329999923706055
2024-07-31,6.21999979019165
2024-08-01,6.130000114440918
2024-08-02,5.940000057220459
2024-08-05,5.809999942779541
2024-08-06,5.769999980926514
2024-08-07,5.730000019073486
2024-08-08,5.829999923706055
2024-08-09,5.949999809265137
2024-08-12,6.059999942779541
2024-08-13,6.25
2024-08-14,6.090000152587891
2024-08-15,6.179999828338623
2024-08-16,6.079999923706055
2024-08-19,6.5
2024-08-20,6.449999809265137
2024-08-21,6.639999866485596
2024-08-22,6.409999847412109
2024-08-23,6.579999923706055
2024-08-26,6.599999904632568
2024-08-27,6.460000038146973
2024-08-28,6.239999771118164
2024-08-29,6.230000019073486
2024-08-30,6.230000019073486
2024-09-02,6.159999847412109
2024-09-03,5.960000038146973
2024-09-04,6.079999923706055
2024-09-05,6.079999923706055
2024-09-06,5.989999771118164
2024-09-09,5.840000152587891
2024-09-10,5.769999980926514
2024-09-11,5.909999847412109
2024-09-12,5.909999847412109
2024-09-13,6.170000076293945
2024-09-16,6.050000190734863
2024-09-17,6.090000152587891
2024-09-18,6.260000228881836
2024-09-19,6.230000019073486
2024-09-20,5.880000114440918
2024-09-23,5.599999904632568
2024-09-24,6.03000020980835
2024-09-25,6.039999961853027
2024-09-26,6.380000114440918
2024-09-27,6.239999771118164
2024-09-30,6.239999771118164
2024-10-01,6.239999771118164
2024-10-02,6.309999942779541
2024-10-03,6.110000133514404
2024-10-04,6.210000038146973
2024-10-07,6.28000020980835
2024-10-08,6.019999980926514
2024-10-09,6.289999961853027
2024-10-10,6.230000019073486
2024-10-11,6.25
2024-10-14,6.269999980926514
2024-10-15,6.119999885559082
2024-10-16,6.170000076293945
2024-10-17,6.070000171661377
2024-10-18,6.119999885559082
2024-10-21,6.269999980926514
2024-10-22,6.150000095367432
2024-10-23,6.269999980926514
2024-10-24,6.369999885559082
2024-10-25,6.639999866485596
2024-10-28,6.630000114440918
2024-10-29,6.429999828338623
2024-10-30,6.570000171661377
2024-10-31,6.610000133514404
2024-11-01,6.320000171661377
2024-11-04,6.559999942779541
2024-11-05,6.659999847412109
2024-11-06,6.619999885559082
2024-11-07,6.650000095367432
2024-11-08,6.25
2024-11-11,6.090000152587891
2024-11-12,6.0
2024-11-13,6.090000152587891
2024-11-14,6.099999904632568
2024-11-18,6.199999809265137
2024-11-19,6.210000038146973
2024-11-21,6.050000190734863
2024-11-22,6.179999828338623
2024-11-25,6.25
2024-11-26,6.239999771118164
2024-11-27,6.360000133514404
2024-11-28,6.059999942779541
2024-11-29,6.139999866485596
2024-12-02,6.170000076293945
2024-12-03,6.079999923706055
2024-12-04,6.070000171661377
2024-12-05,6.159999847412109
2024-12-06,5.980000019073486
2024-12-09,6.119999885559082
2024-12-10,6.119999885559082
2024-12-11,6.130000114440918
2024-12-12,5.960000038146973
2024-12-13,5.860000133514404
2024-12-16,5.829999923706055
2024-12-17,5.78000020980835
2024-12-18,5.550000190734863
2024-12-19,5.519999980926514
2024-12-20,5.429999828338623
2024-12-23,5.239999771118164
2024-12-26,5.289999961853027
2024-12-27,5.289999961853027
2024-12-30,5.320000171661377
2025-01-02,5.159999847412109
2025-01-03,4.849999904632568
2025-01-06,5.090000152587891
2025-01-07,5.079999923706055
2025-01-08,4.880000114440918
2025-01-09,4.789999961853027
2025-01-10,4.760000228881836
2025-01-13,4.75
2025-01-14,4.679999828338623
2025-01-15,4.949999809265137
2025-01-16,4.840000152587891
2025-01-17,5.010000228881836
2025-01-20,5.039999961853027
2025-01-21,5.309999942779541
2025-01-22,5.21999979019165
2025-01-23,5.150000095367432
2025-01-24,5.230000019073486
2025-01-27,5.409999847412109
2025-01-28,5.329999923706055
2025-01-29,5.400000095367432
2025-01-30,5.639999866485596
2025-01-31,5.510000228881836
2025-02-03,5.53000020980835
2025-02-04,5.480000019073486
2025-02-05,5.5
2025-02-06,5.599999904632568
2025-02-07,5.599999904632568
2025-02-10,5.71999979019165
2025-02-11,5.920000076293945
2025-02-12,5.679999828338623
2025-02-13,5.869999885559082
2025-02-14,5.980000019073486
2025-02-17,5.949999809265137
2025-02-18,6.039999961853027
2025-02-19,6.070000171661377
2025-02-20,6.130000114440918
2025-02-21,5.980000019073486
2025-02-24,5.820000171661377
2025-02-25,5.909999847412109
2025-02-26,5.96999979019165
2025-02-27,5.960000038146973
2025-02-28,5.710000038146973
2025-03-05,5.849999904632568
2025-03-06,5.920000076293945
2025-03-07,6.019999980926514
2025-03-10,5.960000038146973
2025-03-11,5.880000114440918
2025-03-12,5.860000133514404
2025-03-13,5.650000095367432
2025-03-14,5.880000114440918
2025-03-17,5.869999885559082
2025-03-18,5.840000152587891
2025-03-19,5.940000057220459
2025-03-20,5.889999866485596
2025-03-21,5.789999961853027
2025-03-24,5.869999885559082
2025-03-25,5.900000095367432
2025-03-26,5.929999828338623
2025-03-27,5.949999809265137
2025-03-28,5.71999979019165
2025-03-31,5.679999828338623
2025-04-01,5.900000095367432
2025-04-02,5.820000171661377
2025-04-03,5.760000228881836
2025-04-04,5.349999904632568
2025-04-07,5.360000133514404
2025-04-08,5.110000133514404
2025-04-09,5.46999979019165
2025-04-10,5.329999923706055
2025-04-11,5.420000076293945
2025-04-14,5.599999904632568
2025-04-15,5.460000038146973
2025-04-16,5.579999923706055
2025-04-17,5.670000076293945
2025-04-22,5.710000038146973
2025-04-23,6.070000171661377
2025-04-24,5.809999942779541
2025-04-25,5.730000019073486
2025-04-28,5.75
2025-04-29,5.730000019073486
2025-04-30,5.53000020980835
2025-05-02,5.519999980926514
2025-05-05,5.420000076293945
2025-05-06,5.420000076293945
2025-05-07,5.460000038146973
2025-05-08,5.599999904632568
2025-05-09,5.380000114440918
2025-05-12,5.440000057220459
2025-05-13,5.539999961853027
2025-05-14,5.5
2025-05-15,5.550000190734863
2025-05-16,5.510000228881836
2025-05-19,5.489999771118164
2025-05-20,5.449999809265137
2025-05-21,5.329999923706055
2025-05-22,5.239999771118164
2025-05-23,5.329999923706055
2025-05-26,5.349999904632568
2025-05-27,5.570000171661377
2025-05-28,5.309999942779541
2025-05-29,5.230000019073486
2025-05-30,5.199999809265137
2025-06-02,5.179999828338623
2025-06-03,5.28000020980835
2025-06-04,5.21999979019165
2025-06-05,5.170000076293945
2025-06-06,5.179999828338623
2025-06-09,5.25
2025-06-10,5.170000076293945
2025-06-11,5.170000076293945
2025-06-12,5.070000171661377
2025-06-13,4.769999980926514
2025-06-16,4.929999828338623
2025-06-17,4.590000152587891
2025-06-18,4.539999961853027
2025-06-20,4.400000095367432
2025-06-23,4.349999904632568
2025-06-24,4.199999809265137
2025-06-25,4.019999980926514
2025-06-26,4.139999866485596
2025-06-27,4.150000095367432
2025-06-30,4.119999885559082
2025-07-01,4.099999904632568
2025-07-02,4.320000171661377
2025-07-03,4.409999847412109
2025-07-04,4.46999979019165
2025-07-07,4.389999866485596
2025-07-08,4.380000114440918
2025-07-09,4.239999771118164
2025-07-10,4.320000171661377
2025-07-11,4.289999961853027
2025-07-14,4.21999979019165
2025-07-15,4.199999809265137
2025-07-16,4.010000228881836
2025-07-17,4.03000020980835
2025-07-18,3.9200000762939453
2025-07-21,4.010000228881836
2025-07-22,4.25
2025-07-23,4.360000133514404
2025-07-24,4.28000020980835
2025-07-25,4.199999809265137
2025-07-28,4.170000076293945
2025-07-29,4.199999809265137
2025-07-30,4.139999866485596
2025-07-31,4.380000114440918
2025-08-01,4.389999866485596
2025-08-04,4.389999866485596
2025-08-05,4.28000020980835
2025-08-06,4.380000114440918
2025-08-07,4.440000057220459
2025-08-08,4.420000076293945
2025-08-11,4.360000133514404
2025-08-12,4.389999866485596
2025-08-13,4.309999942779541
2025-08-14,4.0
2025-08-15,4.0
2025-08-18,4.110000133514404
2025-08-19,4.019999980926514
2025-08-20,3.9700000286102295
2025-08-21,4.0
2025-08-22,4.159999847412109
2025-08-25,4.190000057220459
2025-08-26,4.179999828338623
2025-08-27,4.210000038146973
2025-08-28,4.429999828338623
2025-08-29,4.369999885559082
2025-09-01,4.360000133514404
2025-09-02,4.320000171661377
2025-09-03,4.300000190734863
2025-09-04,4.409999847412109
2025-09-05,4.519999980926514
2025-09-08,4.599999904632568
2025-09-09,4.510000228881836
2025-09-10,4.46999979019165
2025-09-11,4.539999961853027
2025-09-12,4.519999980926514
2025-09-15,4.53000020980835
2025-09-16,4.590000152587891
2025-09-17,4.630000114440918
2025-09-18,4.380000114440918
2025-09-19,4.5
2025-09-22,4.440000057220459
2025-09-23,4.440000057220459
2025-09-24,4.449999809265137
2025-09-25,4.420000076293945
2025-09-26,4.400000095367432
2025-09-29,4.389999866485596
2025-09-30,4.230000019073486
2025-10-01,4.389999866485596
2025-10-02,4.369999885559082
2025-10-03,4.429999828338623
2025-10-06,4.579999923706055
2025-10-07,4.420000076293945
2025-10-08,4.420000076293945
2025-10-09,4.389999866485596
2025-10-10,4.25
2025-10-13,4.519999980926514
2025-10-14,4.650000095367432
2025-10-15,4.75
2025-10-16,4.789999961853027
2025-10-17,4.860000133514404
2025-10-20,4.860000133514404
2025-10-21,4.960000038146973
2025-10-22,4.940000057220459
2025-10-23,4.96999979019165
2025-10-24,4.940000057220459
2025-10-27,5.460000038146973
2025-10-28,5.489999771118164
2025-10-29,5.449999809265137
2025-10-30,5.570000171661377
2025-10-31,5.670000076293945
2025-11-03,5.539999961853027
2025-11-04,5.510000228881836
2025-11-05,5.550000190734863
2025-11-06,5.420000076293945
2025-11-07,5.489999771118164
2025-11-10,5.389999866485596
2025-11-11,5.289999961853027
2025-11-12,5.360000133514404
2025-11-13,5.269999980926514
2025-11-14,5.269999980926514
2025-11-17,5.230000019073486
2025-11-18,5.199999809265137
2025-11-19,5.130000114440918
2025-11-21,5.179999828338623
2025-11-24,5.130000114440918
2025-11-25,5.460000038146973
2025-11-26,5.46999979019165
2025-11-27,5.349999904632568
2025-11-28,5.409999847412109
2025-12-01,5.389999866485596
2025-12-02,5.400000095367432
2025-12-03,5.809999942779541
2025-12-04,5.860000133514404
2025-12-05,5.650000095367432
2025-12-08,5.699999809265137
2025-12-09,5.909999847412109
2025-12-10,6.150000095367432
2025-12-11,5.980000019073486
2025-12-12,5.940000057220459
2025-12-15,6.0
2025-12-16,5.980000019073486
2025-12-17,5.960000038146973
2025-12-18,5.920000076293945
2025-12-19,5.860000133514404
2025-12-22,5.880000114440918
2025-12-23,5.900000095367432
2025-12-26,5.920000076293945
2025-12-29,5.929999828338623
2025-12-30,5.949999809265137
