date,close
2010-12-01,21.735017776489258
2010-12-02,21.97083282470703
2010-12-03,22.245962142944336
2010-12-06,22.344226837158203
2010-12-07,22.293134689331055
2010-12-08,21.79789924621582
2010-12-09,22.03765106201172
2010-12-10,22.312782287597656
2010-12-13,22.87089729309082
2010-12-14,22.670446395874023
2010-12-15,22.324573516845703
2010-12-16,22.30492401123047
2010-12-17,22.363876342773438
2010-12-20,22.206663131713867
2010-12-21,22.477861404418945
2010-12-22,22.41497230529785
2010-12-23,22.344226837158203
2010-12-27,21.707500457763672
2010-12-28,21.514917373657227
2010-12-29,21.664268493652344
2010-12-30,21.746807098388672
2011-01-03,22.39139175415039
2011-01-04,22.855173110961914
2011-01-05,23.26786231994629
2011-01-06,22.96915054321289
2011-01-07,22.79622459411621
2011-01-10,22.752988815307617
2011-01-11,22.992738723754883
2011-01-12,23.62946128845215
2011-01-13,23.464384078979492
2011-01-14,23.56657600402832
2011-01-17,23.776004791259766
2011-01-18,24.07236099243164
2011-01-19,23.550771713256836
2011-01-20,23.155630111694336
2011-01-21,23.313684463500977
2011-01-24,23.471738815307617
2011-01-26,23.451984405517578
2011-01-27,23.21884536743164
2011-01-28,22.55104637145996
2011-01-31,22.554996490478516
2011-02-01,23.214895248413086
2011-02-02,22.681446075439453
2011-02-03,22.64192771911621
2011-02-04,22.262598037719727
2011-02-07,22.428544998168945
2011-02-08,22.29814910888672
2011-02-09,21.575035095214844
2011-02-10,21.855579376220703
2011-02-11,22.306053161621094
2011-02-14,22.74072265625
2011-02-15,22.665637969970703
2011-02-16,22.882963180541992
2011-02-17,22.91458511352539
2011-02-18,22.681446075439453
2011-02-21,22.167755126953125
2011-02-22,21.72519302368164
2011-02-23,22.12824058532715
2011-02-24,22.12824058532715
2011-02-25,22.009700775146484
2011-02-28,22.246782302856445
2011-03-01,21.827932357788086
2011-03-02,22.199365615844727
2011-03-03,22.365327835083008
2011-03-04,21.989940643310547
2011-03-09,21.989940643310547
2011-03-10,20.587169647216797
2011-03-11,20.87166976928711
2011-03-14,20.942800521850586
2011-03-15,20.567407608032227
2011-03-16,20.0537166595459
2011-03-17,20.622724533081055
2011-03-18,20.8953800201416
2011-03-21,21.021835327148438
2011-03-22,20.824254989624023
2011-03-23,21.13642120361328
2011-03-24,20.614822387695312
2011-03-25,20.86376190185547
2011-03-28,20.74917984008789
2011-03-29,21.175933837890625
2011-03-30,20.903284072875977
2011-03-31,21.081098556518555
2011-04-01,21.081098556518555
2011-04-04,21.397218704223633
2011-04-05,21.496004104614258
2011-04-06,21.160127639770508
2011-04-07,20.98626708984375
2011-04-08,20.942800521850586
2011-04-11,20.970455169677734
2011-04-12,20.547649383544922
2011-04-13,20.251285552978516
2011-04-14,20.506500244140625
2011-04-15,20.454513549804688
2011-04-18,20.250574111938477
2011-04-19,20.434520721435547
2011-04-20,20.80642318725586
2011-04-25,21.0103702545166
2011-04-26,21.0263614654541
2011-04-27,20.754432678222656
2011-04-28,20.5944766998291
2011-04-29,20.710447311401367
2011-05-02,20.482511520385742
2011-05-03,20.014633178710938
2011-05-04,19.642730712890625
2011-05-05,19.890668869018555
2011-05-06,19.894670486450195
2011-05-09,20.026630401611328
2011-05-10,20.026630401611328
2011-05-11,19.338817596435547
2011-05-12,19.374801635742188
2011-05-13,19.058889389038086
2011-05-16,19.058889389038086
2011-05-17,19.178861618041992
2011-05-18,19.238840103149414
2011-05-19,19.41079330444336
2011-05-20,19.494773864746094
2011-05-23,19.474777221679688
2011-05-24,19.658727645874023
2011-05-25,19.706722259521484
2011-05-26,20.014633178710938
2011-05-27,20.13459587097168
2011-05-30,20.050628662109375
2011-05-31,20.09461212158203
2011-06-01,19.902666091918945
2011-06-02,19.93465805053711
2011-06-03,19.766700744628906
2011-06-06,19.61474609375
2011-06-07,19.578754425048828
2011-06-08,19.594749450683594
2011-06-09,19.810688018798828
2011-06-10,19.590749740600586
2011-06-13,19.226844787597656
2011-06-14,19.32281494140625
2011-06-15,19.19485855102539
2011-06-16,18.97890853881836
2011-06-17,18.882932662963867
2011-06-20,19.17486000061035
2011-06-21,19.350811004638672
2011-06-22,19.414796829223633
2011-06-24,19.5467529296875
2011-06-27,19.40279769897461
2011-06-28,19.63873291015625
2011-06-29,19.650733947753906
2011-06-30,19.790691375732422
2011-07-01,20.67046356201172
2011-07-04,20.934385299682617
2011-07-05,20.514497756958008
2011-07-06,20.446516036987305
2011-07-07,20.574485778808594
2011-07-08,20.434520721435547
2011-07-11,20.25857162475586
2011-07-12,20.274566650390625
2011-07-13,20.526498794555664
2011-07-14,20.2465763092041
2011-07-15,20.234580993652344
2011-07-18,20.294557571411133
2011-07-19,20.338546752929688
2011-07-20,20.338546752929688
2011-07-21,20.39853286743164
2011-07-22,20.462509155273438
2011-07-25,20.45851707458496
2011-07-26,20.426530838012695
2011-07-27,20.270565032958984
2011-07-28,20.454513549804688
2011-07-29,20.046627044677734
2011-08-01,20.07461929321289
2011-08-02,19.65473175048828
2011-08-03,19.13886833190918
2011-08-04,18.035160064697266
2011-08-05,17.595279693603516
2011-08-08,15.919731140136719
2011-08-09,16.73550796508789
2011-08-10,16.75151252746582
2011-08-11,17.475313186645508
2011-08-12,17.403152465820312
2011-08-15,17.721878051757812
2011-08-16,17.599288940429688
2011-08-17,17.897584915161133
2011-08-18,16.998620986938477
2011-08-19,16.75344467163086
2011-08-22,16.728925704956055
2011-08-23,17.284652709960938
2011-08-24,17.39498519897461
2011-08-25,17.202930450439453
2011-08-26,17.493051528930664
2011-08-29,17.938447952270508
2011-08-30,17.979307174682617
2011-08-31,18.306203842163086
2011-09-01,18.416532516479492
2011-09-02,18.14684295654297
2011-09-05,17.7341365814209
2011-09-06,18.232656478881836
2011-09-08,18.633100509643555
2011-09-09,18.347063064575195
2011-09-12,18.453310012817383
2011-09-13,18.592243194580078
2011-09-14,18.816978454589844
2011-09-15,19.025373458862305
2011-09-16,19.12344741821289
2011-09-19,19.38496208190918
2011-09-20,19.581104278564453
2011-09-21,19.254201889038086
2011-09-22,18.232656478881836
2011-09-23,18.101892471313477
2011-09-26,17.86080551147461
2011-09-27,18.069204330444336
2011-09-28,17.97113609313965
2011-09-29,17.86080551147461
2011-09-30,17.427669525146484
2011-10-03,16.904638290405273
2011-10-04,16.75344467163086
2011-10-05,17.100772857666016
2011-10-06,17.345947265625
2011-10-07,16.839258193969727
2011-10-10,17.366374969482422
2011-10-11,17.619720458984375
2011-10-13,17.958873748779297
2011-10-14,17.98748207092285
2011-10-17,16.908723831176758
2011-10-18,16.978187561035156
2011-10-19,16.406116485595703
2011-10-20,16.20180892944336
2011-10-21,16.569570541381836
2011-10-24,17.550256729125977
2011-10-25,17.550256729125977
2011-10-26,17.550256729125977
2011-10-27,17.550256729125977
2011-10-28,18.224483489990234
2011-10-31,17.86080551147461
2011-11-01,17.693275451660156
2011-11-03,18.26125717163086
2011-11-04,18.633100509643555
2011-11-07,18.796550750732422
2011-11-08,18.67804527282715
2011-11-09,18.37158203125
2011-11-10,18.37158203125
2011-11-11,18.559547424316406
2011-11-14,18.469654083251953
2011-11-16,18.62493324279785
2011-11-17,18.122325897216797
2011-11-18,18.061033248901367
2011-11-21,17.954790115356445
2011-11-22,17.795429229736328
2011-11-23,17.325515747070312
2011-11-24,17.345947265625
2011-11-25,16.949588775634766
2011-11-28,17.11711883544922
2011-11-29,16.87602996826172
2011-11-30,17.01905059814453
2011-12-01,17.121204376220703
2011-12-02,17.333690643310547
2011-12-05,17.652416229248047
2011-12-06,17.63198471069336
2011-12-07,16.863780975341797
2011-12-08,16.516448974609375
2011-12-09,16.84743309020996
2011-12-12,16.84743309020996
2011-12-13,16.54096221923828
2011-12-14,16.279447555541992
2011-12-15,16.017932891845703
2011-12-16,16.017932891845703
2011-12-19,15.768671035766602
2011-12-20,16.344825744628906
2011-12-21,16.397947311401367
2011-12-22,16.630861282348633
2011-12-23,16.733016967773438
2011-12-26,16.602256774902344
2011-12-27,16.71258544921875
2011-12-28,16.23041534423828
2011-12-29,16.12008285522461
2012-01-02,16.71258544921875
2012-01-03,17.45627212524414
2012-01-04,17.574769973754883
2012-01-05,17.104860305786133
2012-01-06,16.957754135131836
2012-01-09,16.937326431274414
2012-01-10,16.91689682006836
2012-01-11,17.04356575012207
2012-01-12,16.8719482421875
2012-01-13,16.528703689575195
2012-01-16,16.634944915771484
2012-01-17,16.634944915771484
2012-01-18,17.611549377441406
2012-01-19,17.562511444091797
2012-01-20,17.538000106811523
2012-01-23,17.411325454711914
2012-01-24,17.574769973754883
2012-01-26,17.484880447387695
2012-01-27,17.587032318115234
2012-01-30,17.770915985107422
2012-01-31,18.265344619750977
2012-02-01,18.633100509643555
2012-02-02,18.620838165283203
2012-02-03,18.74342918395996
2012-02-06,18.73525619506836
2012-02-07,18.73116683959961
2012-02-08,18.60040855407715
2012-02-09,18.428787231445312
2012-02-10,18.114152908325195
2012-02-13,18.571813583374023
2012-02-14,18.081466674804688
2012-02-15,17.76274299621582
2012-02-16,17.8281192779541
2012-02-17,17.542081832885742
2012-02-23,17.92210578918457
2012-02-24,18.016088485717773
2012-02-27,17.82402992248535
2012-02-28,18.011999130249023
2012-02-29,17.795429229736328
2012-03-01,17.999738693237305
2012-03-02,18.163188934326172
2012-03-05,17.63198471069336
2012-03-06,16.7779598236084
2012-03-07,16.75344467163086
2012-03-08,16.814739227294922
2012-03-09,16.79839515686035
2012-03-12,16.598169326782227
2012-03-13,17.448102951049805
2012-03-14,17.284652709960938
2012-03-15,17.448102951049805
2012-03-16,17.558429718017578
2012-03-19,17.558429718017578
2012-03-20,17.411325454711914
2012-03-21,17.345947265625
2012-03-22,16.986358642578125
2012-03-23,16.978187561035156
2012-03-26,17.207014083862305
2012-03-27,17.329601287841797
2012-03-28,16.998620986938477
2012-03-29,17.227445602416992
2012-03-30,17.52982521057129
2012-04-02,17.983394622802734
2012-04-03,17.57886505126953
2012-04-04,17.231536865234375
2012-04-05,17.18658447265625
2012-04-09,17.006793975830078
2012-04-10,16.851516723632812
2012-04-11,16.851516723632812
2012-04-12,17.92210578918457
2012-04-13,17.897584915161133
2012-04-16,17.661020278930664
2012-04-17,18.038034439086914
2012-04-18,18.22234535217285
2012-04-19,18.08829689025879
2012-04-20,18.046415328979492
2012-04-23,17.92911720275879
2012-04-24,17.971010208129883
2012-04-25,17.71128273010254
2012-04-26,17.971010208129883
2012-04-27,17.853710174560547
2012-04-30,17.845335006713867
2012-05-02,18.096681594848633
2012-05-03,17.9123592376709
2012-05-04,17.397106170654297
2012-05-07,17.384538650512695
2012-05-08,16.923744201660156
2012-05-09,16.881855010986328
2012-05-10,16.886051177978516
2012-05-11,16.379169464111328
2012-05-14,16.106882095336914
2012-05-15,15.985404968261719
2012-05-16,15.541361808776855
2012-05-17,15.00935173034668
2012-05-18,15.36541748046875
2012-05-21,15.855541229248047
2012-05-22,15.658655166625977
2012-05-23,15.784324645996094
2012-05-24,15.604194641113281
2012-05-25,15.310964584350586
2012-05-28,15.449202537536621
2012-05-29,15.708927154541016
2012-05-30,15.6167631149292
2012-05-31,15.746625900268555
2012-06-01,15.499468803405762
2012-06-04,15.465958595275879
2012-06-05,15.453393936157227
2012-06-06,15.901618003845215
2012-06-08,16.060802459716797
2012-06-11,15.859725952148438
2012-06-12,16.232555389404297
2012-06-13,16.25349998474121
2012-06-14,16.295392990112305
2012-06-15,16.555110931396484
2012-06-18,16.555110931396484
2012-06-19,17.095500946044922
2012-06-20,17.145767211914062
2012-06-21,16.672405242919922
2012-06-22,16.63470458984375
2012-06-25,16.316335678100586
2012-06-26,16.693349838256836
2012-06-27,16.626323699951172
2012-06-28,16.42943572998047
2012-06-29,16.810646057128906
2012-07-02,16.856718063354492
2012-07-03,17.175086975097656
2012-07-04,17.279815673828125
2012-07-05,17.497644424438477
2012-07-06,17.08711814880371
2012-07-10,16.588623046875
2012-07-11,16.571866989135742
2012-07-12,16.50065040588379
2012-07-13,16.852535247802734
2012-07-16,16.588623046875
2012-07-17,16.525787353515625
2012-07-18,16.546730041503906
2012-07-19,16.567678451538086
2012-07-20,16.165531158447266
2012-07-23,15.784324645996094
2012-07-24,15.01353931427002
2012-07-25,14.93394947052002
2012-07-26,15.118270874023438
2012-07-27,15.729866027832031
2012-07-30,15.717301368713379
2012-07-31,15.562307357788086
2012-08-01,15.662839889526367
2012-08-02,15.394746780395508
2012-08-03,15.625144004821777
2012-08-06,15.792704582214355
2012-08-07,15.767568588256836
2012-08-08,15.889053344726562
2012-08-09,16.044048309326172
2012-08-10,16.161340713500977
2012-08-13,16.173904418945312
2012-08-14,15.520416259765625
2012-08-15,15.206235885620117
2012-08-16,15.415690422058105
2012-08-17,14.93394947052002
2012-08-20,14.93394947052002
2012-08-21,15.118270874023438
2012-08-22,15.122455596923828
2012-08-23,14.535988807678223
2012-08-24,14.464778900146484
2012-08-27,14.242757797241211
2012-08-28,14.209245681762695
2012-08-29,13.786149024963379
2012-08-30,13.740069389343262
2012-08-31,14.150602340698242
2012-09-03,14.054248809814453
2012-09-04,13.593453407287598
2012-09-05,13.823851585388184
2012-09-06,14.460586547851562
2012-09-10,14.460586547851562
2012-09-11,15.415690422058105
2012-09-12,15.6167631149292
2012-09-13,16.01472282409668
2012-09-14,16.19066619873047
2012-09-17,16.4168701171875
2012-09-18,16.567678451538086
2012-09-19,16.379169464111328
2012-09-20,16.240936279296875
2012-09-21,15.834592819213867
2012-09-24,15.868109703063965
2012-09-25,15.424065589904785
2012-09-26,15.478525161743164
2012-09-27,15.449202537536621
2012-09-28,15.285828590393066
2012-10-01,15.218805313110352
2012-10-02,15.160157203674316
2012-10-03,14.95489501953125
2012-10-04,15.122455596923828
2012-10-05,15.042863845825195
2012-10-08,15.541361808776855
2012-10-09,15.625144004821777
2012-10-10,15.457581520080566
2012-10-11,15.667035102844238
2012-10-15,15.667035102844238
2012-10-16,15.964458465576172
2012-10-17,16.020130157470703
2012-10-18,15.943394660949707
2012-10-19,15.6023588180542
2012-10-22,15.6023588180542
2012-10-23,15.163280487060547
2012-10-24,15.0567045211792
2012-10-25,15.905031204223633
2012-10-26,15.785670280456543
2012-10-29,15.887978553771973
2012-10-30,15.964712142944336
2012-10-31,15.964712142944336
2012-11-01,16.365428924560547
2012-11-05,16.22048568725586
2012-11-06,16.29722023010254
2012-11-07,16.1267032623291
2012-11-08,15.764352798461914
2012-11-09,15.900765419006348
2012-11-12,15.772876739501953
2012-11-13,15.883713722229004
2012-11-14,15.598097801208496
2012-11-16,15.124910354614258
2012-11-19,15.32526969909668
2012-11-21,15.538420677185059
2012-11-22,15.470211029052734
2012-11-23,15.73877239227295
2012-11-26,15.606626510620117
2012-11-27,15.55120849609375
2012-11-28,15.29116153717041
2012-11-29,15.968971252441406
2012-11-30,16.028656005859375
2012-12-03,15.934868812561035
2012-12-04,15.644989967346191
2012-12-05,15.900765419006348
2012-12-06,15.794190406799316
2012-12-07,15.977499008178711
2012-12-10,16.263118743896484
2012-12-11,16.62546730041504
2012-12-12,16.795982360839844
2012-12-13,16.889766693115234
2012-12-14,17.563312530517578
2012-12-17,17.904346466064453
2012-12-18,18.253908157348633
2012-12-19,17.925662994384766
2012-12-20,18.01091766357422
2012-12-21,17.857458114624023
2012-12-26,17.97681999206543
2012-12-27,17.97255516052246
2012-12-28,18.023710250854492
2013-01-02,18.7995662689209
2013-01-03,18.47984504699707
2013-01-04,18.19422721862793
2013-01-07,17.836143493652344
2013-01-08,17.695465087890625
2013-01-09,17.776460647583008
2013-01-10,17.96402931213379
2013-01-11,17.593156814575195
2013-01-14,17.588891983032227
2013-01-15,17.546262741088867
2013-01-16,17.435420989990234
2013-01-17,17.469528198242188
2013-01-18,17.311803817749023
2013-01-21,17.299015045166016
2013-01-22,17.50789451599121
2013-01-23,17.414113998413086
2013-01-24,17.05176544189453
2013-01-28,16.535945892333984
2013-01-29,16.7277774810791
2013-01-30,16.518892288208008
2013-01-31,17.162593841552734
2013-02-01,17.414113998413086
2013-02-04,17.243593215942383
2013-02-05,16.923873901367188
2013-02-06,17.115705490112305
2013-02-07,16.638256072998047
2013-02-08,16.77040672302246
2013-02-13,16.672353744506836
2013-02-14,16.446420669555664
2013-02-15,16.327062606811523
2013-02-18,16.21622085571289
2013-02-19,16.049970626831055
2013-02-20,15.534152030944824
2013-02-21,15.644989967346191
2013-02-22,15.227225303649902
2013-02-25,15.295427322387695
2013-02-26,15.6023588180542
2013-02-27,15.772876739501953
2013-02-28,16.113914489746094
2013-03-01,15.666305541992188
2013-03-04,15.193117141723633
2013-03-05,15.112123489379883
2013-03-06,15.943394660949707
2013-03-07,15.934868812561035
2013-03-08,15.491525650024414
2013-03-11,15.6322021484375
2013-03-12,15.470211029052734
2013-03-13,14.860610008239746
2013-03-14,14.920291900634766
2013-03-15,14.805191993713379
2013-03-18,14.920291900634766
2013-03-19,14.31495475769043
2013-03-20,14.64319896697998
2013-03-21,14.766824722290039
2013-03-22,14.79666519165039
2013-03-25,14.600569725036621
2013-03-26,14.685827255249023
2013-03-27,14.9757080078125
2013-03-28,14.9757080078125
2013-04-01,14.493998527526855
2013-04-02,14.174278259277344
2013-04-03,15.069491386413574
2013-04-04,14.574991226196289
2013-04-05,14.732718467712402
2013-04-08,14.792403221130371
2013-04-09,15.427580833435059
2013-04-10,14.920291900634766
2013-04-11,14.553680419921875
2013-04-12,14.741247177124023
2013-04-15,13.837504386901855
2013-04-16,14.152962684631348
2013-04-17,13.901824951171875
2013-04-18,13.661992073059082
2013-04-19,13.747640609741211
2013-04-22,13.871842384338379
2013-04-23,14.304401397705078
2013-04-24,14.381495475769043
2013-04-25,14.608477592468262
2013-04-26,14.608477592468262
2013-04-29,14.390054702758789
2013-04-30,14.685569763183594
2013-05-02,14.342947006225586
2013-05-03,14.475712776184082
2013-05-06,14.488561630249023
2013-05-07,14.925402641296387
2013-05-08,14.972509384155273
2013-05-09,15.053885459899902
2013-05-10,14.664155006408691
2013-05-13,14.321538925170898
2013-05-14,14.0431547164917
2013-05-15,13.747640609741211
2013-05-16,13.426438331604004
2013-05-17,13.60631275177002
2013-05-20,14.085981369018555
2013-05-21,14.197335243225098
2013-05-22,13.970348358154297
2013-05-23,13.709098815917969
2013-05-24,13.576335906982422
2013-05-27,13.640579223632812
2013-05-28,13.405021667480469
2013-05-29,13.297957420349121
2013-05-31,13.04098892211914
2013-06-03,13.533506393432617
2013-06-04,13.704819679260254
2013-06-05,13.24228286743164
2013-06-06,13.396459579467773
2013-06-07,13.17803955078125
2013-06-10,13.045272827148438
2013-06-11,12.724064826965332
2013-06-12,12.587016105651855
2013-06-13,13.229430198669434
2013-06-14,12.882527351379395
2013-06-17,13.019577026367188
2013-06-18,13.28939151763916
2013-06-19,13.15234088897705
2013-06-20,13.255131721496582
2013-06-21,13.04098892211914
2013-06-24,12.372879981994629
2013-06-25,12.591301918029785
2013-06-26,12.184436798095703
2013-06-27,12.184436798095703
2013-06-28,12.38144588470459
2013-07-01,12.62984848022461
2013-07-02,12.205854415893555
2013-07-03,12.158740043640137
2013-07-04,12.621277809143066
2013-07-05,12.291509628295898
2013-07-08,12.154459953308105
2013-07-10,12.441405296325684
2013-07-11,13.053836822509766
2013-07-12,12.779743194580078
2013-07-15,12.903940200805664
2013-07-16,13.375042915344238
2013-07-17,13.6362943649292
2013-07-18,13.55492115020752
2013-07-19,13.246562957763672
2013-07-22,13.452134132385254
2013-07-23,13.713379859924316
2013-07-24,13.666272163391113
2013-07-25,13.816167831420898
2013-07-26,13.816167831420898
2013-07-29,13.6362943649292
2013-07-30,13.302236557006836
2013-07-31,13.285109519958496
2013-08-01,13.41787338256836
2013-08-02,13.383606910705566
2013-08-05,13.512091636657715
2013-08-06,13.409306526184082
2013-08-07,13.704819679260254
2013-08-08,14.210185050964355
2013-08-09,14.882572174072266
2013-08-12,15.203781127929688
2013-08-13,15.250893592834473
2013-08-14,15.323700904846191
2013-08-15,15.482162475585938
2013-08-16,15.674888610839844
2013-08-19,15.593512535095215
2013-08-20,15.152390480041504
2013-08-21,14.993926048278809
2013-08-22,15.529266357421875
2013-08-23,15.469311714172363
2013-08-26,15.375093460083008
2013-08-27,15.105278015136719
2013-08-28,14.921116828918457
2013-08-29,14.569931983947754
2013-08-30,14.706986427307129
2013-09-02,15.25517463684082
2013-09-03,15.353680610656738
2013-09-04,15.417922973632812
2013-09-05,15.413634300231934
2013-09-06,15.375093460083008
2013-09-09,15.824779510498047
2013-09-10,16.210229873657227
2013-09-11,15.90615177154541
2013-09-12,15.824779510498047
2013-09-13,15.632059097290039
2013-09-16,15.584942817687988
2013-09-17,15.627775192260742
2013-09-18,15.644906044006348
2013-09-19,15.580662727355957
2013-09-20,15.319417953491211
2013-09-23,15.422199249267578
2013-09-24,15.18237018585205
2013-09-25,15.31085205078125
2013-09-26,15.417922973632812
2013-09-27,15.058164596557617
2013-09-30,14.758376121520996
2013-10-01,14.775506019592285
2013-10-02,14.77978801727295
2013-10-03,14.578502655029297
2013-10-04,14.728398323059082
2013-10-07,14.59991455078125
2013-10-08,14.394342422485352
2013-10-09,14.21875
2013-10-10,14.325815200805664
2013-10-11,14.462864875793457
2013-10-14,15.135258674621582
2013-10-15,15.259459495544434
2013-10-16,15.178086280822754
2013-10-17,15.516422271728516
2013-10-18,15.36440658569336
2013-10-21,15.557896614074707
2013-10-22,15.782157897949219
2013-10-23,15.412782669067383
2013-10-24,15.412782669067383
2013-10-25,15.421570777893066
2013-10-28,15.527109146118164
2013-10-29,15.45235538482666
2013-10-30,15.399589538574219
2013-10-31,15.72059440612793
2013-11-01,16.22629165649414
2013-11-04,16.666025161743164
2013-11-05,16.635250091552734
2013-11-06,16.91667938232422
2013-11-07,16.37140464782715
2013-11-08,16.160337448120117
2013-11-11,16.248275756835938
2013-11-12,15.738183975219727
2013-11-13,15.623851776123047
2013-11-14,15.77776050567627
2013-11-18,15.94046401977539
2013-11-19,15.654631614685059
2013-11-21,15.399589538574219
2013-11-22,15.535906791687012
2013-11-25,15.236884117126465
2013-11-26,14.748778343200684
2013-11-27,15.056591987609863
2013-11-28,15.478739738464355
2013-11-29,15.773359298706055
2013-12-02,15.571083068847656
2013-12-03,15.425969123840332
2013-12-04,15.58867359161377
2013-12-05,15.667828559875488
2013-12-06,15.637045860290527
2013-12-09,15.628250122070312
2013-12-10,15.575483322143555
2013-12-11,15.258869171142578
2013-12-12,15.192907333374023
2013-12-13,15.02140998840332
2013-12-16,15.122554779052734
2013-12-17,15.06978702545166
2013-12-18,15.113757133483887
2013-12-19,15.43916130065918
2013-12-20,15.148935317993164
2013-12-23,15.197307586669922
2013-12-26,15.263266563415527
2013-12-27,15.6106595993042
2013-12-30,15.703009605407715
2014-01-02,15.307243347167969
2014-01-03,14.977439880371094
2014-01-06,14.990633964538574
2014-01-07,14.621254920959473
2014-01-08,14.722392082214355
2014-01-09,14.199106216430664
2014-01-10,14.181512832641602
2014-01-13,14.089171409606934
2014-01-14,14.080374717712402
2014-01-15,14.269458770751953
2014-01-16,14.436564445495605
2014-01-17,14.287052154541016
2014-01-20,13.97923469543457
2014-01-21,13.667023658752441
2014-01-22,13.988032341003418
2014-01-23,13.60106372833252
2014-01-24,13.741778373718262
2014-01-27,13.684610366821289
2014-01-28,13.96164608001709
2014-01-29,14.555291175842285
2014-01-30,14.291448593139648
2014-01-31,14.533306121826172
2014-02-03,14.128744125366211
2014-02-04,14.366204261779785
2014-02-05,14.731183052062988
2014-02-06,15.065383911132812
2014-02-07,14.973041534423828
2014-02-10,14.79274845123291
2014-02-11,15.166525840759277
2014-02-12,15.153334617614746
2014-02-13,15.091772079467773
2014-02-14,15.320435523986816
2014-02-17,15.166525840759277
2014-02-18,15.201709747314453
2014-02-19,15.355611801147461
2014-02-20,15.179716110229492
2014-02-21,15.219291687011719
2014-02-24,14.80594539642334
2014-02-25,14.29584789276123
2014-02-26,14.30024528503418
2014-02-27,14.515716552734375
2014-02-28,14.511321067810059
2014-03-05,14.005621910095215
2014-03-06,13.96164608001709
2014-03-07,13.433964729309082
2014-03-10,13.209694862365723
2014-03-11,12.994221687316895
2014-03-12,13.240478515625
2014-03-13,12.884289741516113
2014-03-14,12.866701126098633
2014-03-17,12.888687133789062
2014-03-18,13.10855770111084
2014-03-19,13.020612716674805
2014-03-20,13.139335632324219
2014-03-21,13.381196975708008
2014-03-24,13.447154998779297
2014-03-25,13.552691459655762
2014-03-26,13.398785591125488
2014-03-27,13.680214881896973
2014-03-28,13.636241912841797
2014-03-31,13.81653118133545
2014-04-01,13.79015064239502
2014-04-02,14.30463981628418
2014-04-03,14.471741676330566
2014-04-04,14.282655715942383
2014-04-07,14.6608304977417
2014-04-08,14.625648498535156
2014-04-09,14.502520561218262
2014-04-10,14.423368453979492
2014-04-11,14.498126029968262
2014-04-14,14.405779838562012
2014-04-15,13.989315032958984
2014-04-16,14.052614212036133
2014-04-17,14.310334205627441
2014-04-22,13.885318756103516
2014-04-23,13.695423126220703
2014-04-24,13.921492576599121
2014-04-25,13.708983421325684
2014-04-28,13.378920555114746
2014-04-29,13.464828491210938
2014-04-30,13.360836029052734
2014-05-02,13.654726028442383
2014-05-05,13.614033699035645
2014-05-06,13.482912063598633
2014-05-07,13.550734519958496
2014-05-08,13.324661254882812
2014-05-09,13.211626052856445
2014-05-12,13.835583686828613
2014-05-13,13.858193397521973
2014-05-14,14.192778587341309
2014-05-15,14.061656951904297
2014-05-16,13.745157241821289
2014-05-19,13.324661254882812
2014-05-20,13.048855781555176
2014-05-21,13.062419891357422
2014-05-22,13.265884399414062
2014-05-23,13.229713439941406
2014-05-26,13.383442878723145
2014-05-27,13.152848243713379
2014-05-28,13.152848243713379
2014-05-29,13.265884399414062
2014-05-30,12.867999076843262
2014-06-02,13.175457000732422
2014-06-03,13.044334411621094
2014-06-04,13.075982093811035
2014-06-05,13.012683868408203
2014-06-06,13.279449462890625
2014-06-09,13.397005081176758
2014-06-10,13.311101913452148
2014-06-11,13.401528358459473
2014-06-13,12.93130111694336
2014-06-16,12.8499116897583
2014-06-17,12.863479614257812
2014-06-18,13.044334411621094
2014-06-20,13.008163452148438
2014-06-23,13.161893844604492
2014-06-24,12.981033325195312
2014-06-25,12.958423614501953
2014-06-26,13.265884399414062
2014-06-27,13.139283180236816
2014-06-30,13.220667839050293
2014-07-01,13.406047821044922
2014-07-02,13.763242721557617
2014-07-03,14.034528732299805
2014-07-04,14.115915298461914
2014-07-07,13.92601203918457
2014-07-08,13.930536270141602
2014-07-10,13.92601203918457
2014-07-11,13.885318756103516
2014-07-14,13.953143119812012
2014-07-15,14.043570518493652
2014-07-16,14.432412147521973
2014-07-17,14.233470916748047
2014-07-18,14.219905853271484
2014-07-21,14.269640922546387
2014-07-22,14.409806251525879
2014-07-23,14.34650707244873
2014-07-24,14.622313499450684
2014-07-25,14.640400886535645
2014-07-28,14.839344024658203
2014-07-29,14.88455581665039
2014-07-30,14.568059921264648
2014-07-31,14.717266082763672
2014-08-01,14.364591598510742
2014-08-04,14.531886100769043
2014-08-05,14.296771049499512
2014-08-06,14.378158569335938
2014-08-07,14.287724494934082
2014-08-08,14.29224967956543
2014-08-11,14.396241188049316
2014-08-12,14.473105430603027
2014-08-13,14.17016887664795
2014-08-14,13.831062316894531
2014-08-15,14.01644229888916
2014-08-18,14.124958992004395
2014-08-19,14.12947940826416
2014-08-20,14.364591598510742
2014-08-21,14.269640922546387
2014-08-22,14.183733940124512
2014-08-25,14.093306541442871
2014-08-26,14.02548599243164
2014-08-27,13.871760368347168
2014-08-28,13.261362075805664
2014-08-29,13.202584266662598
2014-09-01,13.08954906463623
2014-09-02,12.99911880493164
2014-09-03,13.112157821655273
2014-09-04,12.96746826171875
2014-09-05,12.773049354553223
2014-09-08,12.705225944519043
2014-09-09,12.935820579528809
2014-09-10,12.840867042541504
2014-09-11,12.822785377502441
2014-09-12,12.94034194946289
2014-09-15,13.161893844604492
2014-09-16,13.179975509643555
2014-09-17,13.139283180236816
2014-09-18,13.152848243713379
2014-09-19,12.804697036743164
2014-09-22,12.334468841552734
2014-09-23,12.456549644470215
2014-09-24,12.497239112854004
2014-09-25,12.366122245788574
2014-09-26,12.194303512573242
2014-09-29,11.999881744384766
2014-09-30,12.14004898071289
2014-10-01,12.131003379821777
2014-10-02,12.483677864074707
2014-10-03,12.298299789428711
2014-10-06,12.361597061157227
2014-10-07,12.388726234436035
2014-10-08,12.375160217285156
2014-10-09,12.162653923034668
2014-10-10,11.9365816116333
2014-10-13,12.429420471191406
2014-10-14,12.800174713134766
2014-10-15,12.795653343200684
2014-10-16,12.379683494567871
2014-10-17,12.487988471984863
2014-10-20,12.427001953125
2014-10-21,12.53490161895752
2014-10-22,12.553668975830078
2014-10-23,12.783535957336426
2014-10-24,12.877359390258789
2014-10-27,12.412931442260742
2014-10-28,12.262811660766602
2014-10-29,11.615425109863281
2014-10-30,11.118156433105469
2014-10-31,11.728012084960938
2014-11-03,11.681102752685547
2014-11-04,11.310498237609863
2014-11-05,11.258893966674805
2014-11-06,11.094698905944824
2014-11-07,11.268278121948242
2014-11-10,10.930508613586426
2014-11-11,10.588050842285156
2014-11-12,10.564595222473145
2014-11-13,10.53644847869873
2014-11-14,10.789772033691406
2014-11-17,10.756932258605957
2014-11-18,10.334726333618164
2014-11-19,10.395710945129395
2014-11-21,11.06655502319336
2014-11-24,11.118156433105469
2014-11-25,11.240129470825195
2014-11-26,10.808538436889648
2014-11-27,10.780389785766602
2014-11-28,10.925817489624023
2014-12-01,10.381635665893555
2014-12-02,10.072019577026367
2014-12-03,10.297197341918945
2014-12-04,10.16584300994873
2014-12-05,10.264359474182129
2014-12-08,9.93597412109375
2014-12-09,9.710796356201172
2014-12-10,9.349573135375977
2014-12-11,9.086865425109863
2014-12-12,8.871068954467773
2014-12-15,8.767866134643555
2014-12-16,9.077483177185059
2014-12-17,9.246366500854492
2014-12-18,9.363643646240234
2014-12-19,10.118929862976074
2014-12-22,10.025108337402344
2014-12-23,10.423857688903809
2014-12-26,10.170534133911133
2014-12-29,10.372255325317383
2014-12-30,10.27843189239502
2015-01-02,9.982888221740723
2015-01-05,9.832764625549316
2015-01-06,10.226828575134277
2015-01-07,10.602124214172363
2015-01-08,10.714713096618652
2015-01-09,10.484844207763672
2015-01-12,10.620890617370605
2015-01-13,10.559903144836426
2015-01-14,9.710796356201172
2015-01-15,9.823384284973145
2015-01-16,10.264359474182129
2015-01-19,10.156461715698242
2015-01-20,10.19867992401123
2015-01-21,10.358181953430176
2015-01-22,10.27843189239502
2015-01-23,9.626352310180664
2015-01-26,9.185379028320312
2015-01-27,8.913290977478027
2015-01-28,8.861688613891602
2015-01-29,8.46762466430664
2015-01-30,8.73033332824707
2015-02-02,9.2604398727417
2015-02-03,9.790546417236328
2015-02-04,9.640426635742188
2015-02-05,9.593518257141113
2015-02-06,9.57944393157959
2015-02-09,10.128313064575195
2015-02-10,9.570058822631836
2015-02-11,9.898447036743164
2015-02-12,10.12362289428711
2015-02-13,10.545830726623535
2015-02-18,10.653727531433105
2015-02-19,10.367565155029297
2015-02-20,10.611507415771484
2015-02-23,10.14238452911377
2015-02-24,10.339414596557617
2015-02-25,10.386327743530273
2015-02-26,9.968812942504883
2015-02-27,9.968812942504883
2015-03-02,9.645116806030273
2015-03-03,9.753016471862793
2015-03-04,9.565367698669434
2015-03-05,9.147850036621094
2015-03-06,9.190071105957031
2015-03-09,9.16661548614502
2015-03-10,8.96020221710205
2015-03-11,8.847615242004395
2015-03-12,8.847615242004395
2015-03-13,8.856996536254883
2015-03-16,8.866377830505371
2015-03-17,9.326116561889648
2015-03-18,9.190071105957031
2015-03-19,8.983658790588379
2015-03-20,9.499692916870117
2015-03-23,9.560677528381348
2015-03-24,9.185379028320312
2015-03-25,9.269824028015137
2015-03-26,8.875761032104492
2015-03-27,8.608362197875977
2015-03-30,8.735026359558105
2015-03-31,8.416024208068848
2015-04-01,8.228374481201172
2015-04-02,8.444169044494629
2015-04-06,8.505156517028809
2015-04-07,8.913290977478027
2015-04-08,8.79601001739502
2015-04-09,8.819465637207031
2015-04-10,8.64120101928711
2015-04-13,8.556758880615234
2015-04-14,8.79601001739502
2015-04-15,9.014969825744629
2015-04-16,8.753243446350098
2015-04-17,8.627226829528809
2015-04-20,8.59329891204834
2015-04-22,9.426942825317383
2015-04-23,10.221810340881348
2015-04-24,11.244478225708008
2015-04-27,11.370491981506348
2015-04-28,10.929436683654785
2015-04-29,10.231504440307617
2015-04-30,10.977904319763184
2015-05-04,12.010263442993164
2015-05-05,13.11532211303711
2015-05-06,12.082967758178711
2015-05-07,11.574055671691895
2015-05-08,11.026372909545898
2015-05-11,11.283248901367188
2015-05-12,10.822811126708984
2015-05-13,10.468992233276367
2015-05-14,10.338133811950684
2015-05-15,10.313899993896484
2015-05-18,9.809836387634277
2015-05-19,9.751675605773926
2015-05-20,9.620811462402344
2015-05-21,9.814684867858887
2015-05-22,9.819530487060547
2015-05-25,9.969779014587402
2015-05-26,10.076410293579102
2015-05-27,10.153955459594727
2015-05-28,9.955238342285156
2015-05-29,9.717750549316406
2015-06-01,9.712900161743164
2015-06-02,10.34782600402832
2015-06-03,10.124876976013184
2015-06-05,9.984320640563965
2015-06-08,9.741982460021973
2015-06-09,9.683820724487305
2015-06-10,10.279972076416016
2015-06-11,10.338133811950684
2015-06-12,10.2557373046875
2015-06-15,9.858305931091309
2015-06-16,9.572344779968262
2015-06-17,9.436635971069336
2015-06-18,9.887382507324219
2015-06-19,9.848611831665039
2015-06-22,9.543266296386719
2015-06-23,9.601425170898438
2015-06-24,9.596579551696777
2015-06-25,9.363934516906738
2015-06-26,9.509337425231934
2015-06-29,9.30577564239502
2015-06-30,8.86471939086914
2015-07-01,8.777477264404297
2015-07-02,8.758091926574707
2015-07-03,8.569066047668457
2015-07-06,8.55452823638916
2015-07-07,8.690235137939453
2015-07-08,8.317034721374512
2015-07-10,8.292801856994629
2015-07-13,8.966501235961914
2015-07-14,8.636921882629395
2015-07-15,8.292801856994629
2015-07-16,8.549678802490234
2015-07-17,8.457592010498047
2015-07-20,8.389735221862793
2015-07-21,8.506059646606445
2015-07-22,8.380044937133789
2015-07-23,8.394583702087402
2015-07-24,8.137707710266113
2015-07-27,8.123165130615234
2015-07-28,8.76778507232666
2015-07-29,8.893796920776367
2015-07-30,8.457592010498047
2015-07-31,8.661154747009277
2015-08-03,8.525445938110352
2015-08-04,8.772629737854004
2015-08-05,9.21368408203125
2015-08-06,9.489950180053711
2015-08-07,8.927727699279785
2015-08-10,9.378475189208984
2015-08-11,9.014969825744629
2015-08-12,9.170066833496094
2015-08-13,8.956808090209961
2015-08-14,8.821098327636719
2015-08-17,8.729008674621582
2015-08-18,8.443050384521484
2015-08-19,8.161937713623047
2015-08-20,8.321882247924805
2015-08-21,8.094084739685059
2015-08-24,7.464004993438721
2015-08-25,7.439773082733154
2015-08-26,7.706344127655029
2015-08-27,8.573914527893066
2015-08-28,8.389735221862793
2015-08-31,8.685389518737793
2015-09-01,8.28795337677002
2015-09-02,8.777477264404297
2015-09-03,9.077977180480957
2015-09-04,8.840485572814941
2015-09-08,9.174910545349121
2015-09-09,9.23791790008545
2015-09-10,9.664435386657715
2015-09-11,9.426942825317383
2015-09-14,9.281539916992188
2015-09-15,9.014969825744629
2015-09-16,9.228226661682129
2015-09-17,9.446328163146973
2015-09-18,9.649892807006836
2015-09-21,9.659585952758789
2015-09-22,9.431791305541992
2015-09-23,9.160370826721191
2015-09-24,8.942267417907715
2015-09-25,8.690235137939453
2015-09-28,8.040770530700684
2015-09-29,7.987456798553467
2015-09-30,8.03592300415039
2015-10-01,8.346114158630371
2015-10-02,8.636921882629395
2015-10-05,8.792016983032227
2015-10-06,8.874410629272461
2015-10-07,9.766214370727539
2015-10-08,9.722594261169434
2015-10-09,10.076410293579102
2015-10-13,9.005274772644043
2015-10-14,9.063433647155762
2015-10-15,9.194297790527344
2015-10-16,9.10708999633789
2015-10-19,8.800554275512695
2015-10-20,8.706616401672363
2015-10-21,8.94393253326416
2015-10-22,9.151586532592773
2015-10-23,9.196084022521973
2015-10-26,8.830219268798828
2015-10-27,8.419857025146484
2015-10-28,8.192424774169922
2015-10-29,7.9798264503479
2015-10-30,8.434688568115234
2015-11-03,8.775833129882812
2015-11-04,8.602787017822266
2015-11-05,8.380301475524902
2015-11-06,7.747454643249512
2015-11-09,7.6337361335754395
2015-11-10,7.604072093963623
2015-11-11,7.574409484863281
2015-11-12,7.440916061401367
2015-11-13,7.5991291999816895
2015-11-16,7.440916061401367
2015-11-17,7.1788787841796875
2015-11-18,7.2134857177734375
2015-11-19,7.238207817077637
2015-11-23,7.045388698577881
2015-11-24,7.154158115386963
2015-11-25,6.9514479637146
2015-11-26,7.015721797943115
2015-11-27,6.5756940841674805
2015-11-30,6.511420726776123
2015-12-01,6.348263263702393
2015-12-02,6.397705078125
2015-12-03,6.363095760345459
2015-12-04,6.106001853942871
2015-12-07,6.036782741546631
2015-12-08,5.759912014007568
2015-12-09,5.972509384155273
2015-12-10,6.264212608337402
2015-12-11,6.036782741546631
2015-12-14,6.16038703918457
2015-12-15,6.368039608001709
2015-12-16,6.550972938537598
2015-12-17,6.29882287979126
2015-12-18,6.37298583984375
2015-12-21,6.076336860656738
2015-12-22,6.2048845291137695
2015-12-23,6.536139488220215
2015-12-28,6.2493815422058105
2015-12-29,6.28893518447876
2015-12-30,6.442201614379883
2016-01-04,6.274102210998535
2016-01-05,6.190052509307861
2016-01-06,5.735191345214844
2016-01-07,5.394046783447266
2016-01-08,5.211113929748535
2016-01-11,5.062789440155029
2016-01-12,4.652427673339844
2016-01-13,4.449717044830322
2016-01-14,4.7710862159729
2016-01-15,4.632650852203369
2016-01-18,4.395332336425781
2016-01-19,4.538712024688721
2016-01-20,4.553544998168945
2016-01-21,4.5189361572265625
2016-01-22,4.464550018310547
2016-01-26,4.424996852874756
2016-01-27,4.652427673339844
2016-01-28,4.612873554229736
2016-01-29,4.805695533752441
2016-02-01,4.696924686431885
2016-02-02,4.251952648162842
2016-02-03,4.454662799835205
2016-02-04,5.112231254577637
2016-02-05,5.057844638824463
2016-02-10,5.0430121421813965
2016-02-11,4.879856586456299
2016-02-12,5.0677337646484375
2016-02-15,5.196281433105469
2016-02-16,5.5819244384765625
2016-02-17,5.888460159301758
2016-02-18,5.690694332122803
2016-02-19,5.848906517028809
2016-02-22,6.496586322784424
2016-02-23,6.1208343505859375
2016-02-24,5.789578437805176
2016-02-25,5.448431491851807
2016-02-26,5.438544273376465
2016-02-29,5.839018821716309
2016-03-01,6.333432674407959
2016-03-02,7.030554294586182
2016-03-03,7.7227325439453125
2016-03-04,8.182536125183105
2016-03-07,8.69178295135498
2016-03-08,7.431028366088867
2016-03-09,7.168989181518555
2016-03-10,6.921782970428467
2016-03-11,6.857509136199951
2016-03-14,6.644912242889404
2016-03-15,6.664689064025879
2016-03-16,7.327202796936035
2016-03-17,7.663402080535889
2016-03-18,7.579352855682373
2016-03-21,7.490357875823975
2016-03-22,7.628793716430664
2016-03-23,6.981112003326416
2016-03-24,7.440916061401367
2016-03-28,7.500247001647949
2016-03-29,7.460693359375
2016-03-30,7.683178424835205
2016-03-31,7.490357875823975
2016-04-01,7.6683478355407715
2016-04-04,7.3123698234558105
2016-04-05,7.559576511383057
2016-04-06,7.450804233551025
2016-04-07,7.421140670776367
2016-04-08,8.029269218444824
2016-04-11,8.390190124511719
2016-04-12,9.265301704406738
2016-04-13,9.675662994384766
2016-04-14,8.998318672180176
2016-04-15,9.196084022521973
2016-04-18,9.418569564819336
2016-04-19,10.115689277648926
2016-04-20,10.758431434631348
2016-04-22,9.55700397491455
2016-04-25,8.929100036621094
2016-04-26,9.240580558776855
2016-04-27,9.61633586883545
2016-04-28,9.784433364868164
2016-04-29,9.734992980957031
2016-05-02,9.82398796081543
2016-05-03,9.225747108459473
2016-05-04,8.602787017822266
2016-05-05,8.236922264099121
2016-05-06,8.345690727233887
2016-05-09,7.529911994934082
2016-05-10,7.846336841583252
2016-05-11,7.8809428215026855
2016-05-12,7.6337361335754395
2016-05-13,7.257984161376953
2016-05-16,7.381587028503418
2016-05-17,7.480469226837158
2016-05-18,7.2728166580200195
2016-05-19,7.361813068389893
2016-05-20,6.986056804656982
2016-05-23,7.13932466506958
2016-05-24,6.931671619415283
2016-05-25,7.2283196449279785
2016-05-27,7.0651631355285645
2016-05-30,7.060218334197998
2016-05-31,7.030554294586182
2016-06-01,7.134382247924805
2016-06-02,7.391476631164551
2016-06-03,8.029269218444824
2016-06-06,8.350634574890137
2016-06-07,8.192424774169922
2016-06-08,8.405022621154785
2016-06-09,7.7622857093811035
2016-06-10,7.391476631164551
2016-06-13,7.515079498291016
2016-06-14,7.233262538909912
2016-06-15,7.416196823120117
2016-06-16,7.529911994934082
2016-06-17,7.554631233215332
2016-06-20,7.698012828826904
2016-06-21,7.712844371795654
2016-06-22,7.836447715759277
2016-06-23,8.202315330505371
2016-06-24,7.520022869110107
2016-06-27,7.317313194274902
2016-06-28,7.643624782562256
2016-06-29,7.767230033874512
2016-06-30,8.044100761413574
2016-07-01,8.217144966125488
2016-07-04,8.390190124511719
2016-07-05,7.940273284912109
2016-07-06,8.053988456726074
2016-07-07,7.920498371124268
2016-07-08,8.004549026489258
2016-07-11,8.335805892944336
2016-07-12,8.74616813659668
2016-07-13,8.810440063476562
2016-07-14,8.578065872192383
2016-07-15,8.57312297821045
2016-07-18,8.69178295135498
2016-07-19,8.325915336608887
2016-07-20,8.162761688232422
2016-07-21,8.602787017822266
2016-07-22,8.479182243347168
2016-07-25,8.612678527832031
2016-07-26,9.10708999633789
2016-07-27,9.354296684265137
2016-07-28,9.413625717163086
2016-07-29,9.146642684936523
2016-08-01,8.849993705749512
2016-08-02,8.894490242004395
2016-08-03,9.304855346679688
2016-08-04,9.275190353393555
2016-08-05,9.379015922546387
2016-08-08,9.383960723876953
2016-08-09,9.388903617858887
2016-08-10,8.94393253326416
2016-08-11,9.102147102355957
2016-08-12,8.879658699035645
2016-08-15,9.112035751342773
2016-08-16,9.383960723876953
2016-08-17,9.453177452087402
2016-08-18,9.354296684265137
2016-08-19,9.433402061462402
2016-08-22,9.087311744689941
2016-08-23,9.270243644714355
2016-08-24,8.973597526550293
2016-08-25,8.98842716217041
2016-08-26,8.75605297088623
2016-08-29,8.948878288269043
2016-08-30,8.726390838623047
2016-08-31,8.375358581542969
2016-09-01,8.622565269470215
2016-09-02,9.018094062805176
2016-09-05,8.849993705749512
2016-09-06,9.032927513122559
2016-09-08,8.795609474182129
2016-09-09,8.335805892944336
2016-09-12,8.647284507751465
2016-09-13,8.044100761413574
2016-09-14,8.227032661437988
2016-09-15,8.227032661437988
2016-09-16,8.113317489624023
2016-09-19,8.236922264099121
2016-09-20,8.256699562072754
2016-09-21,8.726390838623047
2016-09-22,8.676949501037598
2016-09-23,8.726390838623047
2016-09-26,8.622565269470215
2016-09-27,8.701669692993164
2016-09-28,8.993375778198242
2016-09-29,8.894490242004395
2016-09-30,8.805495262145996
2016-10-03,8.948878288269043
2016-10-04,8.726390838623047
2016-10-05,8.830219268798828
2016-10-06,8.800554275512695
2016-10-07,8.899434089660645
2016-10-10,9.418569564819336
2016-10-11,9.196084022521973
2016-10-13,8.775833129882812
2016-10-14,8.90932559967041
2016-10-17,9.018094062805176
2016-10-18,9.280136108398438
2016-10-19,9.205973625183105
2016-10-20,9.443290710449219
2016-10-21,9.84376335144043
2016-10-24,10.036587715148926
2016-10-25,10.555719375610352
2016-10-26,10.763374328613281
2016-10-27,10.87708854675293
2016-10-28,10.946304321289062
2016-10-31,10.916642189025879
2016-11-01,11.025413513183594
2016-11-03,10.857311248779297
2016-11-04,10.684267044067383
2016-11-07,11.435773849487305
2016-11-08,11.851080894470215
2016-11-09,12.360328674316406
2016-11-10,13.284881591796875
2016-11-11,12.844852447509766
2016-11-14,13.08216667175293
2016-11-16,12.434489250183105
2016-11-17,12.231776237487793
2016-11-18,12.147729873657227
2016-11-21,12.77069091796875
2016-11-22,13.729851722717285
2016-11-23,13.9276123046875
2016-11-24,13.640856742858887
2016-11-25,14.288538932800293
2016-11-28,15.331750869750977
2016-11-29,14.426971435546875
2016-11-30,13.87322998046875
2016-12-01,14.075939178466797
2016-12-02,14.665907859802246
2016-12-05,14.720610618591309
2016-12-06,14.919537544250488
2016-12-07,15.431775093078613
2016-12-08,14.984188079833984
2016-12-09,14.725581169128418
2016-12-12,14.665907859802246
2016-12-13,14.08901596069336
2016-12-14,13.865225791931152
2016-12-15,14.039287567138672
2016-12-16,13.80057430267334
2016-12-19,12.955131530761719
2016-12-20,13.218709945678711
2016-12-21,13.168975830078125
2016-12-22,12.621928215026855
2016-12-23,12.527438163757324
2016-12-26,12.925292015075684
2016-12-27,12.860641479492188
2016-12-28,13.26844310760498
2016-12-29,12.771124839782715
2017-01-02,12.462784767150879
2017-01-03,13.014808654785156
2017-01-04,12.781072616577148
2017-01-05,13.26844310760498
2017-01-06,12.915345191955566
2017-01-09,13.178924560546875
2017-01-10,14.193455696105957
2017-01-11,14.486869812011719
2017-01-12,14.95434856414795
2017-01-13,15.406906127929688
2017-01-16,15.82465648651123
2017-01-17,15.203008651733398
2017-01-18,15.968879699707031
2017-01-19,15.650594711303711
2017-01-20,15.963902473449707
2017-01-23,16.565662384033203
2017-01-24,16.973461151123047
2017-01-26,16.70987892150879
2017-01-27,16.75961685180664
2017-01-30,16.03849983215332
2017-01-31,16.00368881225586
2017-02-01,16.356786727905273
2017-02-02,16.242406845092773
2017-02-03,15.222905158996582
2017-02-06,14.879753112792969
2017-02-07,15.038893699645996
2017-02-08,15.212955474853516
2017-02-09,15.45663833618164
2017-02-10,16.31202507019043
2017-02-13,17.808956146240234
2017-02-14,17.10773468017578
2017-02-15,16.819290161132812
2017-02-16,16.7944278717041
2017-02-17,16.943622589111328
2017-02-20,18.117290496826172
2017-02-21,17.674680709838867
2017-02-22,17.2519588470459
2017-02-23,16.49603271484375
2017-02-24,16.27224349975586
2017-03-01,16.49603271484375
2017-03-02,15.645622253417969
2017-03-03,15.82465648651123
2017-03-06,15.466586112976074
2017-03-07,15.377070426940918
2017-03-08,14.979216575622559
2017-03-09,15.00905704498291
2017-03-10,14.745477676391602
2017-03-13,15.42182731628418
2017-03-14,15.501398086547852
2017-03-15,16.570636749267578
2017-03-16,16.177751541137695
2017-03-17,15.566048622131348
2017-03-20,15.7301664352417
2017-03-21,14.442111015319824
2017-03-22,14.621147155761719
2017-03-23,14.54157543182373
2017-03-24,14.422221183776855
2017-03-27,14.61617660522461
2017-03-28,14.82504940032959
2017-03-29,14.974242210388184
2017-03-30,14.969267845153809
2017-03-31,14.815099716186523
2017-04-03,14.675854682922363
2017-04-04,15.242794036865234
2017-04-05,14.646014213562012
2017-04-06,14.377461433410645
2017-04-07,14.496818542480469
2017-04-10,14.437140464782715
2017-04-11,14.253130912780762
2017-04-12,13.636457443237305
2017-04-13,13.636457443237305
2017-04-17,13.641429901123047
2017-04-18,13.233631134033203
2017-04-19,13.263469696044922
2017-04-20,13.949769020080566
2017-04-24,14.106803894042969
2017-04-25,14.569320678710938
2017-04-26,14.250696182250977
2017-04-27,13.78818130493164
2017-04-28,14.117079734802246
2017-05-02,14.42029094696045
2017-05-03,13.526090621948242
2017-05-04,13.027597427368164
2017-05-05,13.387328147888184
2017-05-08,13.377053260803223
2017-05-09,13.618592262268066
2017-05-10,13.649423599243164
2017-05-11,13.526090621948242
2017-05-12,13.315384864807129
2017-05-15,13.695677757263184
2017-05-16,14.009160995483398
2017-05-17,13.793318748474121
2017-05-18,13.803596496582031
2017-05-19,14.004020690917969
2017-05-22,14.34834098815918
2017-05-23,14.52306842803955
2017-05-24,14.142779350280762
2017-05-25,14.23528003692627
2017-05-26,14.317506790161133
2017-05-29,14.317506790161133
2017-05-30,14.69780158996582
2017-05-31,13.962909698486328
2017-06-01,13.705955505371094
2017-06-02,13.762486457824707
2017-06-05,13.61345100402832
2017-06-06,13.659704208374023
2017-06-07,13.592896461486816
2017-06-08,13.885822296142578
2017-06-09,14.029716491699219
2017-06-12,13.793318748474121
2017-06-13,13.551783561706543
2017-06-14,13.413025856018066
2017-06-15,13.413025856018066
2017-06-16,13.135518074035645
2017-06-19,13.562058448791504
2017-06-20,13.212599754333496
2017-06-21,13.60317325592041
2017-06-22,13.885822296142578
2017-06-23,13.998884201049805
2017-06-26,14.117079734802246
2017-06-27,14.34834098815918
2017-06-28,14.795443534851074
2017-06-29,14.851971626281738
2017-06-30,14.903367042541504
2017-07-03,15.237403869628906
2017-07-04,15.221986770629883
2017-07-05,14.867389678955078
2017-07-06,14.862249374389648
2017-07-07,14.846832275390625
2017-07-10,15.268240928649902
2017-07-11,15.43782901763916
2017-07-12,15.36588191986084
2017-07-13,14.995864868164062
2017-07-14,15.170597076416016
2017-07-17,15.273374557495117
2017-07-18,15.36588191986084
2017-07-19,15.36588191986084
2017-07-20,14.75947093963623
2017-07-21,14.646409034729004
2017-07-24,14.970171928405762
2017-07-25,15.730759620666504
2017-07-26,15.24254322052002
2017-07-27,15.263103485107422
2017-07-28,15.591999053955078
2017-07-31,16.085351943969727
2017-08-01,15.962013244628906
2017-08-02,15.987710952758789
2017-08-03,15.766730308532715
2017-08-04,16.049379348754883
2017-08-07,16.66092872619629
2017-08-08,16.470783233642578
2017-08-09,16.403980255126953
2017-08-10,16.18813705444336
2017-08-11,15.828400611877441
2017-08-14,16.085351943969727
2017-08-15,15.992851257324219
2017-08-16,16.306333541870117
2017-08-17,16.033966064453125
2017-08-18,16.213834762573242
2017-08-21,16.316612243652344
2017-08-22,16.373144149780273
2017-08-23,16.722599029541016
2017-08-24,17.411239624023438
2017-08-25,17.385543823242188
2017-08-28,17.65791893005371
2017-08-29,17.699026107788086
2017-08-30,17.647640228271484
2017-08-31,18.027929306030273
2017-09-01,18.33113670349121
2017-09-04,18.552114486694336
2017-09-05,18.295164108276367
2017-09-06,18.3979434967041
2017-09-07,18.3979434967041
2017-09-08,17.719585418701172
2017-09-11,18.03306770324707
2017-09-12,18.12042999267578
2017-09-13,17.868619918823242
2017-09-14,17.277620315551758
2017-09-15,17.370128631591797
2017-09-18,17.60138511657715
2017-09-19,17.431791305541992
2017-09-20,17.046363830566406
2017-09-21,16.707178115844727
2017-09-22,16.398839950561523
2017-09-25,15.977433204650879
2017-09-26,16.18813705444336
2017-09-27,16.409114837646484
2017-09-28,16.316612243652344
2017-09-29,16.37828254699707
2017-10-02,16.393699645996094
2017-10-03,16.79454803466797
2017-10-04,16.758573532104492
2017-10-05,16.583843231201172
2017-10-06,16.517038345336914
2017-10-09,16.18813705444336
2017-10-10,16.095632553100586
2017-10-11,15.982573509216309
2017-10-12,15.982573509216309
2017-10-13,16.912744522094727
2017-10-16,17.138866424560547
2017-10-17,16.7431583404541
2017-10-18,16.583843231201172
2017-10-19,16.958999633789062
2017-10-20,16.933305740356445
2017-10-23,16.809967041015625
2017-10-24,17.385543823242188
2017-10-25,17.241649627685547
2017-10-26,16.789409637451172
2017-10-27,16.727737426757812
2017-10-30,16.62495994567871
2017-10-31,16.496477127075195
2017-11-01,16.86649513244629
2017-11-02,16.86649513244629
2017-11-03,17.236513137817383
2017-11-06,17.647640228271484
2017-11-07,17.226234436035156
2017-11-08,17.44207191467285
2017-11-09,16.856220245361328
2017-11-10,16.84079933166504
2017-11-13,17.030946731567383
2017-11-14,16.527315139770508
2017-11-15,16.527315139770508
2017-11-16,16.753437042236328
2017-11-17,16.91788673400879
2017-11-20,16.91788673400879
2017-11-21,17.498605728149414
2017-11-22,17.853199005126953
2017-11-23,18.089597702026367
2017-11-24,18.392803192138672
2017-11-27,18.197519302368164
2017-11-28,18.629201889038086
2017-11-29,18.34654998779297
2017-11-30,18.058761596679688
2017-12-01,18.233495712280273
2017-12-04,18.927268981933594
2017-12-05,18.511005401611328
2017-12-06,18.377389907836914
2017-12-07,18.161548614501953
2017-12-08,18.233495712280273
2017-12-11,18.377389907836914
2017-12-12,18.593233108520508
2017-12-13,18.557254791259766
2017-12-14,18.624065399169922
2017-12-15,18.958105087280273
2017-12-18,19.446321487426758
2017-12-19,19.451457977294922
2017-12-20,20.11954116821289
2017-12-21,20.41761016845703
2017-12-22,20.6668758392334
2017-12-25,20.6668758392334
2017-12-26,20.698034286499023
2017-12-27,20.703229904174805
2017-12-28,20.910991668701172
2017-12-29,20.910991668701172
2018-01-02,21.6693172454834
2018-01-03,21.539461135864258
2018-01-04,21.627758026123047
2018-01-05,21.965377807617188
2018-01-08,22.453609466552734
2018-01-09,22.370498657226562
2018-01-10,22.058862686157227
2018-01-11,22.48996353149414
2018-01-12,22.619810104370117
2018-01-15,22.578262329101562
2018-01-16,21.970561981201172
2018-01-17,22.412052154541016
2018-01-18,22.26142692565918
2018-01-19,22.271818161010742
2018-01-22,22.15235137939453
2018-01-23,21.258983612060547
2018-01-24,21.700477600097656
2018-01-25,21.700477600097656
2018-01-26,21.51869010925293
2018-01-29,21.757606506347656
2018-01-30,21.539461135864258
2018-01-31,21.529077529907227
2018-02-01,21.705671310424805
2018-02-02,21.191463470458984
2018-02-05,20.95773696899414
2018-02-06,22.058862686157227
2018-02-07,21.664119720458984
2018-02-08,21.601791381835938
2018-02-09,21.814746856689453
2018-02-14,23.118436813354492
2018-02-15,23.866365432739258
2018-02-16,23.907922744750977
2018-02-19,24.126066207885742
2018-02-20,23.637836456298828
2018-02-21,23.26906394958496
2018-02-22,23.720937728881836
2018-02-23,23.93389320373535
2018-02-26,24.619497299194336
2018-02-27,24.583139419555664
2018-02-28,23.398908615112305
2018-03-01,23.087270736694336
2018-03-02,22.723695755004883
2018-03-05,22.697717666625977
2018-03-06,22.588651657104492
2018-03-07,22.509071350097656
2018-03-08,21.778905868530273
2018-03-09,22.115093231201172
2018-03-12,22.304203033447266
2018-03-13,22.130863189697266
2018-03-14,22.37774658203125
2018-03-15,22.272686004638672
2018-03-16,22.220155715942383
2018-03-19,21.589797973632812
2018-03-20,21.852447509765625
2018-03-21,22.325220108032227
2018-03-22,22.025794982910156
2018-03-23,21.852447509765625
2018-03-26,22.06256866455078
2018-03-27,21.463726043701172
2018-03-28,21.8209285736084
2018-03-29,22.17287826538086
2018-04-02,22.58786392211914
2018-04-03,22.519577026367188
2018-04-04,22.351486206054688
2018-04-05,22.719196319580078
2018-04-06,22.451290130615234
2018-04-09,22.561603546142578
2018-04-10,23.55441665649414
2018-04-11,23.449359893798828
2018-04-12,23.538658142089844
2018-04-13,23.627958297729492
2018-04-16,23.396825790405273
2018-04-17,24.126989364624023
2018-04-18,24.941211700439453
2018-04-19,25.12506103515625
2018-04-20,25.020002365112305
2018-04-23,24.951717376708984
2018-04-24,25.377212524414062
2018-04-25,25.188098907470703
2018-04-26,25.58207130432129
2018-04-27,25.398221969604492
2018-04-30,25.566307067871094
2018-05-02,25.587322235107422
2018-05-03,25.786935806274414
2018-05-04,26.107372283935547
2018-05-07,25.86573600769043
2018-05-08,25.8394718170166
2018-05-09,26.39628791809082
2018-05-10,27.000383377075195
2018-05-11,27.646495819091797
2018-05-14,28.50798797607422
2018-05-15,28.707603454589844
2018-05-16,29.364227294921875
2018-05-17,29.09107208251953
2018-05-18,28.7706298828125
2018-05-21,27.840858459472656
2018-05-22,27.494163513183594
2018-05-23,27.284042358398438
2018-05-24,27.557199478149414
2018-05-25,27.042402267456055
2018-05-28,26.827028274536133
2018-05-29,26.349008560180664
2018-05-30,26.59589958190918
2018-06-01,27.714784622192383
2018-06-04,27.588712692260742
2018-06-05,28.224319458007812
2018-06-06,29.453527450561523
2018-06-07,28.560516357421875
2018-06-08,26.732481002807617
2018-06-11,26.711463928222656
2018-06-12,27.157968521118164
2018-06-13,27.07917022705078
2018-06-14,27.16322898864746
2018-06-15,25.807950973510742
2018-06-18,25.8499698638916
2018-06-19,25.3719482421875
2018-06-20,25.63985824584961
2018-06-21,24.799375534057617
2018-06-22,25.219614028930664
2018-06-25,24.773109436035156
2018-06-26,25.392969131469727
2018-06-27,25.29315757751465
2018-06-28,25.77643585205078
2018-06-29,26.049589157104492
2018-07-02,25.613590240478516
2018-07-03,25.193347930908203
2018-07-04,25.230119705200195
2018-07-05,26.107372283935547
2018-07-06,26.443561553955078
2018-07-10,26.018070220947266
2018-07-11,25.666120529174805
2018-07-12,26.501344680786133
2018-07-13,26.427799224853516
2018-07-16,26.26495933532715
2018-07-17,26.632678985595703
2018-07-18,27.026641845703125
2018-07-19,25.965539932250977
2018-07-20,25.592578887939453
2018-07-23,26.05484390258789
2018-07-24,26.953105926513672
2018-07-25,27.184236526489258
2018-07-26,27.725292205810547
2018-07-27,28.077247619628906
2018-07-30,28.539501190185547
2018-07-31,28.807415008544922
2018-08-01,27.872379302978516
2018-08-02,27.756811141967773
2018-08-03,28.400131225585938
2018-08-06,28.319063186645508
2018-08-07,28.508214950561523
2018-08-08,28.319063186645508
2018-08-09,28.016416549682617
2018-08-10,27.94615936279297
2018-08-13,28.254209518432617
2018-08-14,28.513622283935547
2018-08-15,27.243587493896484
2018-08-16,26.870689392089844
2018-08-17,27.454357147216797
2018-08-20,27.800243377685547
2018-08-21,27.95697021484375
2018-08-22,28.805461883544922
2018-08-23,28.83247947692871
2018-08-24,29.26483726501465
2018-08-27,30.086299896240234
2018-08-28,30.075496673583984
2018-08-29,29.843107223510742
2018-08-30,29.491817474365234
2018-08-31,28.97840118408203
2018-09-03,29.210786819458008
2018-09-04,28.10288429260254
2018-09-05,28.183950424194336
2018-09-06,28.902740478515625
2018-09-10,28.762226104736328
2018-09-11,28.421743392944336
2018-09-12,28.886526107788086
2018-09-13,29.06487274169922
2018-09-14,29.832290649414062
2018-09-17,29.74582862854004
2018-09-18,30.98883819580078
2018-09-19,31.658985137939453
2018-09-20,32.05891036987305
2018-09-21,32.97225570678711
2018-09-24,32.53450012207031
2018-09-25,33.61537170410156
2018-09-26,32.43181610107422
2018-09-27,32.1453742980957
2018-09-28,32.32912826538086
2018-10-01,32.64258575439453
2018-10-02,33.07493209838867
2018-10-03,32.399383544921875
2018-10-04,31.777883529663086
2018-10-05,31.069908142089844
2018-10-08,30.832115173339844
2018-10-09,31.183393478393555
2018-10-10,30.205202102661133
2018-10-11,30.524063110351562
2018-10-15,31.167184829711914
2018-10-16,31.183393478393555
2018-10-17,31.777883529663086
2018-10-18,30.534862518310547
2018-10-19,30.55108070373535
2018-10-22,31.545495986938477
2018-10-23,30.669979095458984
2018-10-24,29.416156768798828
2018-10-25,29.513439178466797
2018-10-26,30.048473358154297
2018-10-29,28.697376251220703
2018-10-30,29.113513946533203
2018-10-31,30.648359298706055
2018-11-01,31.0753116607666
2018-11-05,31.091520309448242
2018-11-06,30.929391860961914
2018-11-07,31.12395477294922
2018-11-08,30.81590461730957
2018-11-09,29.535058975219727
2018-11-12,29.64314842224121
2018-11-13,30.410568237304688
2018-11-14,29.810678482055664
2018-11-16,30.345718383789062
2018-11-19,29.924171447753906
2018-11-21,29.47020149230957
2018-11-22,29.20538330078125
2018-11-23,27.211166381835938
2018-11-26,27.086864471435547
2018-11-27,26.97876739501953
2018-11-28,28.2650203704834
2018-11-29,28.10288429260254
2018-11-30,28.53524398803711
2018-12-03,29.24321937561035
2018-12-04,28.578474044799805
2018-12-05,28.53524398803711
2018-12-06,28.2650203704834
2018-12-07,27.71917724609375
2018-12-10,27.13009262084961
2018-12-11,27.346271514892578
2018-12-12,27.221967697143555
2018-12-13,27.346271514892578
2018-12-14,27.49759292602539
2018-12-17,27.697555541992188
2018-12-18,27.800243377685547
2018-12-19,27.027408599853516
2018-12-20,26.919328689575195
2018-12-21,27.486785888671875
2018-12-26,27.25979995727539
2018-12-27,26.75178337097168
2018-12-28,27.562450408935547
2019-01-02,27.61109161376953
2019-01-03,26.481563568115234
2019-01-04,28.205568313598633
2019-01-07,28.054248809814453
2019-01-08,28.324472427368164
2019-01-09,29.01622772216797
2019-01-10,28.697376251220703
2019-01-11,28.30825424194336
2019-01-14,28.427152633666992
2019-01-15,28.292041778564453
2019-01-16,28.45417594909668
2019-01-17,29.308073043823242
2019-01-18,29.594497680664062
2019-01-21,29.875532150268555
2019-01-22,29.76744270324707
2019-01-23,30.075496673583984
2019-01-24,30.345718383789062
2019-01-28,22.893043518066406
2019-01-29,23.09841537475586
2019-01-30,25.184507369995117
2019-01-31,24.59002685546875
2019-02-01,24.995357513427734
2019-02-04,24.146867752075195
2019-02-05,24.06039810180664
2019-02-06,22.94708824157715
2019-02-07,22.476903915405273
2019-02-08,23.32539939880371
2019-02-11,22.70929718017578
2019-02-12,23.941497802734375
2019-02-13,24.584619522094727
2019-02-14,24.676496505737305
2019-02-15,24.795394897460938
2019-02-18,24.45491600036621
2019-02-19,24.584619522094727
2019-02-20,24.752155303955078
2019-02-21,24.52517318725586
2019-02-22,25.395282745361328
2019-02-25,25.465538024902344
2019-02-26,25.508771896362305
2019-02-27,25.30881118774414
2019-02-28,25.45473289489746
2019-03-01,25.260175704956055
2019-03-06,25.96815299987793
2019-03-07,26.405906677246094
2019-03-08,26.40049934387207
2019-03-11,26.9571533203125
2019-03-12,27.005794525146484
2019-03-13,27.400320053100586
2019-03-14,27.405719757080078
2019-03-15,27.319250106811523
2019-03-18,27.270606994628906
2019-03-19,28.048843383789062
2019-03-20,27.324657440185547
2019-03-21,27.50299835205078
2019-03-22,27.049022674560547
2019-03-25,26.778812408447266
2019-03-26,27.17333221435547
2019-03-27,26.805831909179688
2019-03-28,26.64369773864746
2019-03-29,27.524616241455078
2019-04-01,28.427152633666992
2019-04-02,27.902929306030273
2019-04-03,27.983991622924805
2019-04-04,28.189359664916992
2019-04-05,28.092077255249023
2019-04-08,28.85409927368164
2019-04-09,28.292041778564453
2019-04-10,27.97317886352539
2019-04-11,27.989395141601562
2019-04-12,27.82185935974121
2019-04-15,27.74079704284668
2019-04-16,28.697376251220703
2019-04-17,28.237993240356445
2019-04-18,28.41634178161621
2019-04-22,27.72457504272461
2019-04-23,28.059654235839844
2019-04-24,27.216564178466797
2019-04-25,27.20035171508789
2019-04-26,27.248992919921875
2019-04-29,27.157121658325195
2019-04-30,27.0760498046875
2019-05-02,26.44913673400879
2019-05-03,27.238189697265625
2019-05-06,26.838258743286133
2019-05-07,26.859878540039062
2019-05-08,26.481563568115234
2019-05-09,26.232967376708984
2019-05-10,26.730167388916016
2019-05-13,25.633073806762695
2019-05-14,25.719547271728516
2019-05-15,25.914104461669922
2019-05-16,25.076425552368164
2019-05-17,25.78980255126953
2019-05-20,25.265579223632812
2019-05-21,25.622268676757812
2019-05-22,25.649290084838867
2019-05-23,25.843849182128906
2019-05-24,26.108667373657227
2019-05-27,27.124685287475586
2019-05-28,27.157121658325195
2019-05-29,26.859878540039062
2019-05-30,27.027408599853516
2019-05-31,26.481563568115234
2019-06-03,26.389694213867188
2019-06-04,26.541019439697266
2019-06-05,26.151901245117188
2019-06-06,26.373476028442383
2019-06-07,26.297815322875977
2019-06-10,26.124879837036133
2019-06-11,27.794836044311523
2019-06-12,27.827260971069336
2019-06-13,28.02181625366211
2019-06-14,27.77862548828125
2019-06-17,27.13009262084961
2019-06-18,28.10288429260254
2019-06-19,28.2650203704834
2019-06-21,28.34067726135254
2019-06-24,28.319063186645508
2019-06-25,27.767812728881836
2019-06-26,27.875904083251953
2019-06-27,27.940752029418945
2019-06-28,28.00560760498047
2019-07-01,28.994613647460938
2019-07-02,27.77322006225586
2019-07-03,27.71917724609375
2019-07-04,27.92453956604004
2019-07-05,27.216564178466797
2019-07-08,27.535419464111328
2019-07-10,28.173145294189453
2019-07-11,28.129907608032227
2019-07-12,28.00020980834961
2019-07-15,28.475788116455078
2019-07-16,28.67034912109375
2019-07-17,28.475788116455078
2019-07-18,28.421743392944336
2019-07-19,28.49200439453125
2019-07-22,28.34609031677246
2019-07-23,27.97317886352539
2019-07-24,27.373291015625
2019-07-25,27.286821365356445
2019-07-26,27.14630699157715
2019-07-29,27.162525177001953
2019-07-30,27.027408599853516
2019-07-31,26.919328689575195
2019-08-01,26.157302856445312
2019-08-02,25.854656219482422
2019-08-05,24.860246658325195
2019-08-06,25.195316314697266
2019-08-07,25.11965560913086
2019-08-08,25.497966766357422
2019-08-09,24.584619522094727
2019-08-12,24.406280517578125
2019-08-13,25.13046646118164
2019-08-14,24.254953384399414
2019-08-15,23.71991729736328
2019-08-16,23.611827850341797
2019-08-19,23.59021759033203
2019-08-20,23.692895889282227
2019-08-21,23.860435485839844
2019-08-22,23.71991729736328
2019-08-23,23.390249252319336
2019-08-26,23.13083839416504
2019-08-27,23.411865234375
2019-08-28,23.498336791992188
2019-08-29,24.37384796142578
2019-08-30,24.627859115600586
2019-09-02,24.86565589904785
2019-09-03,24.6008358001709
2019-09-04,25.141273498535156
2019-09-05,25.141273498535156
2019-09-06,25.103445053100586
2019-09-09,25.881677627563477
2019-09-10,26.070833206176758
2019-09-11,25.914104461669922
2019-09-12,26.854467391967773
2019-09-13,26.908519744873047
2019-09-16,26.25998878479004
2019-09-17,26.427522659301758
2019-09-18,26.157302856445312
2019-09-19,26.11406898498535
2019-09-20,26.168109893798828
2019-09-23,25.995166778564453
2019-09-24,25.36285400390625
2019-09-25,25.86546516418457
2019-09-26,25.86546516418457
2019-09-27,25.757373809814453
2019-09-30,25.80601692199707
2019-10-01,25.78439712524414
2019-10-02,24.37384796142578
2019-10-03,24.557600021362305
2019-10-04,25.179101943969727
2019-10-07,24.881866455078125
2019-10-08,24.49275016784668
2019-10-09,24.681900024414062
2019-10-10,25.5303897857666
2019-10-11,26.287004470825195
2019-10-14,25.935720443725586
2019-10-15,25.892486572265625
2019-10-16,25.292600631713867
2019-10-17,25.243961334228516
2019-10-18,24.8764591217041
2019-10-21,25.514179229736328
2019-10-22,25.56281852722168
2019-10-23,25.46013069152832
2019-10-24,25.265579223632812
2019-10-25,26.2437744140625
2019-10-28,26.319438934326172
2019-10-29,26.292417526245117
2019-10-30,26.25998878479004
2019-10-31,25.508771896362305
2019-11-01,26.178922653198242
2019-11-04,26.924728393554688
2019-11-05,26.951749801635742
2019-11-06,26.854467391967773
2019-11-07,27.08145523071289
2019-11-08,26.57884979248047
2019-11-11,26.011383056640625
2019-11-12,25.887088775634766
2019-11-13,25.465538024902344
2019-11-14,25.40068817138672
2019-11-18,25.730358123779297
2019-11-19,26.033002853393555
2019-11-21,26.168109893798828
2019-11-22,27.03822135925293
2019-11-25,27.486785888671875
2019-11-26,27.681337356567383
2019-11-27,27.33546257019043
2019-11-28,27.221967697143555
2019-11-29,27.01119613647461
2019-12-02,27.746192932128906
2019-12-03,27.248992919921875
2019-12-04,27.519210815429688
2019-12-05,27.535419464111328
2019-12-06,27.75160026550293
2019-12-09,27.800243377685547
2019-12-10,27.670536041259766
2019-12-11,28.01101303100586
2019-12-12,28.616308212280273
2019-12-13,29.054058074951172
2019-12-16,28.82708168029785
2019-12-17,28.870304107666016
2019-12-18,28.8973331451416
2019-12-19,29.18376350402832
2019-12-20,29.61071014404297
2019-12-23,29.497224807739258
2019-12-26,29.61071014404297
2019-12-27,29.735187530517578
2019-12-30,29.56875228881836
2020-01-02,30.140159606933594
2020-01-03,29.918251037597656
2020-01-06,29.740726470947266
2020-01-07,29.95708656311035
2020-01-08,29.962635040283203
2020-01-09,29.56875228881836
2020-01-10,29.60204315185547
2020-01-13,30.67828369140625
2020-01-14,30.866897583007812
2020-01-15,30.76704216003418
2020-01-16,30.60616111755371
2020-01-17,31.621374130249023
2020-01-20,31.821088790893555
2020-01-21,31.083251953125
2020-01-22,31.23303985595703
2020-01-23,30.789226531982422
2020-01-24,29.846139907836914
2020-01-27,28.020973205566406
2020-01-28,28.403759002685547
2020-01-29,28.154117584228516
2020-01-30,28.5701904296875
2020-01-31,27.887834548950195
2020-02-03,28.242881774902344
2020-02-04,28.997360229492188
2020-02-05,29.39678192138672
2020-02-06,29.557666778564453
2020-02-07,28.90304183959961
2020-02-10,27.843446731567383
2020-02-11,28.875308990478516
2020-02-12,29.441160202026367
2020-02-13,28.92523193359375
2020-02-14,28.292804718017578
2020-02-17,29.629777908325195
2020-02-18,29.291379928588867
2020-02-19,29.296918869018555
2020-02-20,28.958518981933594
2020-02-21,27.810163497924805
2020-02-26,25.158409118652344
2020-02-27,24.670217514038086
2020-02-28,24.581459045410156
2020-03-02,25.718711853027344
2020-03-03,25.71316909790039
2020-03-04,26.94473648071289
2020-03-05,25.99054527282715
2020-03-06,24.747882843017578
2020-03-09,20.98660659790039
2020-03-10,24.858837127685547
2020-03-11,22.6009578704834
2020-03-12,19.610797882080078
2020-03-13,23.799243927001953
2020-03-16,21.657865524291992
2020-03-17,23.028127670288086
2020-03-18,21.441509246826172
2020-03-19,20.19329833984375
2020-03-20,19.522035598754883
2020-03-23,18.917348861694336
2020-03-24,20.881202697753906
2020-03-25,22.6619815826416
2020-03-26,23.299959182739258
2020-03-27,22.245908737182617
2020-03-30,23.172361373901367
2020-03-31,23.976768493652344
2020-04-01,24.059978485107422
2020-04-02,23.732667922973633
2020-04-03,22.467819213867188
2020-04-06,23.926836013793945
2020-04-07,24.28742790222168
2020-04-08,24.13764762878418
2020-04-09,24.010051727294922
2020-04-13,24.72569465637207
2020-04-14,24.70349884033203
2020-04-15,23.960121154785156
2020-04-16,23.721572875976562
2020-04-17,24.40947914123535
2020-04-20,23.55514907836914
2020-04-22,23.799243927001953
2020-04-23,24.13764762878418
2020-04-24,24.276336669921875
2020-04-27,24.714597702026367
2020-04-28,24.747882843017578
2020-04-29,25.92397689819336
2020-04-30,24.88657569885254
2020-05-04,24.370643615722656
2020-05-05,24.243051528930664
2020-05-06,24.592554092407227
2020-05-07,25.546737670898438
2020-05-08,27.100074768066406
2020-05-11,26.47873878479004
2020-05-12,26.32895278930664
2020-05-13,26.92809295654297
2020-05-14,26.67845344543457
2020-05-15,26.65626335144043
2020-05-18,28.437044143676758
2020-05-19,29.013994216918945
2020-05-20,29.124950408935547
2020-05-21,28.36492156982422
2020-05-22,27.887834548950195
2020-05-25,27.793521881103516
2020-05-26,27.29423713684082
2020-05-27,28.093090057373047
2020-05-28,27.787973403930664
2020-05-29,29.402332305908203
2020-06-01,29.635324478149414
2020-06-02,29.635324478149414
2020-06-03,29.768474578857422
2020-06-04,30.877992630004883
2020-06-05,30.295486450195312
2020-06-08,30.389802932739258
2020-06-09,30.50630760192871
2020-06-10,30.068042755126953
2020-06-12,29.624237060546875
2020-06-15,29.890518188476562
2020-06-16,30.728208541870117
2020-06-17,31.177566528320312
2020-06-18,31.160919189453125
2020-06-19,30.60616111755371
2020-06-22,30.511852264404297
2020-06-23,30.83915901184082
2020-06-24,30.728208541870117
2020-06-25,31.06661033630371
2020-06-26,30.85580062866211
2020-06-29,30.86134910583496
2020-06-30,31.022232055664062
2020-07-01,30.25666046142578
2020-07-02,30.783689498901367
2020-07-03,30.656084060668945
2020-07-06,31.382823944091797
2020-07-07,31.271873474121094
2020-07-08,31.79889488220215
2020-07-09,31.29961395263672
2020-07-10,31.604736328125
2020-07-13,31.981969833374023
2020-07-14,34.2287483215332
2020-07-15,34.27867889404297
2020-07-16,33.35222625732422
2020-07-17,33.862606048583984
2020-07-20,33.729461669921875
2020-07-21,33.119224548339844
2020-07-22,32.86404037475586
2020-07-23,32.64767837524414
2020-07-24,32.50899124145508
2020-07-27,34.04567337036133
2020-07-28,33.474273681640625
2020-07-29,34.92219924926758
2020-07-30,33.99020004272461
2020-07-31,33.679534912109375
2020-08-03,33.42988967895508
2020-08-04,33.67399215698242
2020-08-05,34.50057601928711
2020-08-06,34.300865173339844
2020-08-07,33.53529357910156
2020-08-10,34.506126403808594
2020-08-11,33.44098663330078
2020-08-12,34.117794036865234
2020-08-13,33.47981643676758
2020-08-14,34.03458023071289
2020-08-17,34.522769927978516
2020-08-18,34.98322677612305
2020-08-19,34.61153030395508
2020-08-20,34.92219924926758
2020-08-21,34.506126403808594
2020-08-24,34.9277458190918
2020-08-25,34.184364318847656
2020-08-26,34.25648498535156
2020-08-27,33.723915100097656
2020-08-28,33.89588928222656
2020-08-31,33.108131408691406
2020-09-01,34.26203536987305
2020-09-02,34.01793670654297
2020-09-03,32.90842056274414
2020-09-04,33.5574836730957
2020-09-08,32.880680084228516
2020-09-09,33.28565979003906
2020-09-10,32.47015380859375
2020-09-11,34.3674430847168
2020-09-14,34.345245361328125
2020-09-15,34.72803497314453
2020-09-16,33.82377243041992
2020-09-17,34.439552307128906
2020-09-18,34.20655822753906
2020-09-21,33.28565979003906
2020-09-22,33.411373138427734
2020-09-23,34.156917572021484
2020-09-24,33.902626037597656
2020-09-25,34.243614196777344
2020-09-28,33.971981048583984
2020-09-29,33.72345733642578
2020-09-30,34.16270065307617
2020-10-01,34.01821517944336
2020-10-02,33.706119537353516
2020-10-05,34.44011688232422
2020-10-06,33.87950897216797
2020-10-07,34.775333404541016
2020-10-08,35.42264175415039
2020-10-09,35.6017951965332
2020-10-13,35.91389846801758
2020-10-14,36.410926818847656
2020-10-15,36.1046257019043
2020-10-16,35.97168731689453
2020-10-19,35.80408477783203
2020-10-20,35.740509033203125
2020-10-21,36.32423782348633
2020-10-22,36.468727111816406
2020-10-23,36.67101287841797
2020-10-26,36.1219482421875
2020-10-27,36.13929748535156
2020-10-28,34.82735061645508
2020-10-29,35.844539642333984
2020-10-30,34.994956970214844
2020-11-03,36.60743713378906
2020-11-04,35.59023666381836
2020-11-05,36.15085220336914
2020-11-06,36.5207405090332
2020-11-09,36.5207405090332
2020-11-10,36.50341033935547
2020-11-11,36.7577018737793
2020-11-12,36.22020721435547
2020-11-13,36.555416107177734
2020-11-16,37.520599365234375
2020-11-17,38.70540237426758
2020-11-18,38.40486145019531
2020-11-19,39.138858795166016
2020-11-23,41.202144622802734
2020-11-24,43.23075485229492
2020-11-25,43.635318756103516
2020-11-26,44.25373458862305
2020-11-27,45.33450698852539
2020-11-30,45.0802001953125
2020-12-01,46.95853805541992
2020-12-02,46.143638610839844
2020-12-03,45.635040283203125
2020-12-04,47.38044738769531
2020-12-07,47.94106674194336
2020-12-08,47.912174224853516
2020-12-09,47.796573638916016
2020-12-10,49.12586212158203
2020-12-11,49.044952392578125
2020-12-14,48.2878303527832
2020-12-15,48.836891174316406
2020-12-16,49.83095932006836
2020-12-17,50.39736557006836
2020-12-18,50.74412155151367
2020-12-21,50.200843811035156
2020-12-22,50.24708938598633
2020-12-23,50.489837646484375
2020-12-28,50.46092224121094
2020-12-29,50.32222366333008
2020-12-30,50.54183578491211
2021-01-04,52.85942077636719
2021-01-05,53.74945831298828
2021-01-06,55.51221466064453
2021-01-07,59.13597869873047
2021-01-08,58.9510383605957
2021-01-11,58.939483642578125
2021-01-12,57.32698440551758
2021-01-13,55.6104736328125
2021-01-14,56.52364730834961
2021-01-15,54.067344665527344
2021-01-18,54.50658416748047
2021-01-19,54.36209487915039
2021-01-20,53.35647201538086
2021-01-21,53.95753479003906
2021-01-22,53.84772872924805
2021-01-26,53.02702713012695
2021-01-27,51.55325698852539
2021-01-28,52.651371002197266
2021-01-29,50.830810546875
2021-02-01,52.74961471557617
2021-02-02,50.66321563720703
2021-02-03,52.264137268066406
2021-02-04,51.60527038574219
2021-02-05,53.570308685302734
2021-02-08,54.33319854736328
2021-02-09,54.4719123840332
2021-02-10,54.73198699951172
2021-02-11,53.80727005004883
2021-02-12,54.26384735107422
2021-02-17,55.685611724853516
2021-02-18,56.2924690246582
2021-02-19,56.50630187988281
2021-02-22,55.10765075683594
2021-02-23,56.032379150390625
2021-02-24,56.598777770996094
2021-02-25,55.315711975097656
2021-02-26,54.627952575683594
2021-03-01,56.96866226196289
2021-03-02,58.719852447509766
2021-03-03,57.99740982055664
2021-03-04,57.13626480102539
2021-03-05,60.5256462097168
2021-03-08,60.19948196411133
2021-03-09,59.59550476074219
2021-03-10,58.677433013916016
2021-03-11,60.217594146728516
2021-03-12,58.828433990478516
2021-03-15,58.47810363769531
2021-03-16,58.29088592529297
2021-03-17,59.13041687011719
2021-03-18,58.079490661621094
2021-03-19,57.245975494384766
2021-03-22,56.297725677490234
2021-03-23,54.999141693115234
2021-03-24,56.261474609375
2021-03-25,55.8326530456543
2021-03-26,57.69896697998047
2021-03-29,59.178741455078125
2021-03-30,58.629112243652344
2021-03-31,59.17270278930664
2021-04-01,58.8223876953125
2021-04-05,62.44631576538086
2021-04-06,61.6369743347168
2021-04-07,63.152984619140625
2021-04-08,63.116737365722656
2021-04-09,62.21077346801758
2021-04-12,62.45234680175781
2021-04-13,62.561073303222656
2021-04-14,64.626708984375
2021-04-15,65.35752868652344
2021-04-16,65.63536071777344
2021-04-19,65.06761932373047
2021-04-20,64.11935424804688
2021-04-22,64.1616439819336
2021-04-23,65.22465515136719
2021-04-26,65.5749740600586
2021-04-27,66.51114654541016
2021-04-28,67.59832763671875
2021-04-29,67.616455078125
2021-04-30,65.84677124023438
2021-05-03,65.50852966308594
2021-05-04,66.49906921386719
2021-05-05,66.86750793457031
2021-05-06,69.48880767822266
2021-05-07,69.73041534423828
2021-05-10,69.27137756347656
2021-05-11,71.7054443359375
2021-05-12,69.0539321899414
2021-05-13,67.9426040649414
2021-05-14,66.77690124511719
2021-05-17,68.52847290039062
2021-05-18,69.2170181274414
2021-05-19,67.79764556884766
2021-05-20,67.10910034179688
2021-05-21,66.07627868652344
2021-05-24,66.30580139160156
2021-05-25,64.65690612792969
2021-05-26,66.55946350097656
2021-05-27,67.03661346435547
2021-05-28,67.39900970458984
2021-05-31,69.32573699951172
2021-06-01,68.37144470214844
2021-06-02,69.33782196044922
2021-06-04,68.19023132324219
2021-06-07,67.5258560180664
2021-06-08,66.39035034179688
2021-06-09,67.76744842529297
2021-06-10,67.54397583007812
2021-06-11,69.05998229980469
2021-06-14,68.68550872802734
2021-06-15,67.34465789794922
2021-06-16,65.3212890625
2021-06-17,63.962318420410156
2021-06-18,65.88903045654297
2021-06-21,66.505126953125
2021-06-22,67.28426361083984
2021-06-23,68.29291534423828
2021-06-24,68.38509368896484
2021-06-25,69.2289047241211
2021-06-28,68.1202621459961
2021-06-29,69.29666137695312
2021-06-30,69.75243377685547
2021-07-01,68.5390853881836
2021-07-02,69.95569610595703
2021-07-05,69.70316314697266
2021-07-06,70.07271575927734
2021-07-07,70.27596282958984
2021-07-08,70.00496673583984
2021-07-12,70.8734130859375
2021-07-13,71.29222869873047
2021-07-14,70.90419006347656
2021-07-15,71.12593078613281
2021-07-16,69.84483337402344
2021-07-19,69.08108520507812
2021-07-20,69.6600341796875
2021-07-21,70.46073913574219
2021-07-22,70.6455078125
2021-07-23,70.28826904296875
2021-07-26,71.81575012207031
2021-07-27,70.32524871826172
2021-07-28,72.24688720703125
2021-07-29,71.18135833740234
2021-07-30,66.98696899414062
2021-08-02,67.09169006347656
2021-08-03,69.3767318725586
2021-08-04,69.30281066894531
2021-08-05,67.18406677246094
2021-08-06,67.56591796875
2021-08-09,67.14095306396484
2021-08-10,67.78766632080078
2021-08-11,67.30108642578125
2021-08-12,67.25796508789062
2021-08-13,66.70365142822266
2021-08-16,67.0115966796875
2021-08-17,65.9029541015625
2021-08-18,63.69183349609375
2021-08-19,60.05791473388672
2021-08-20,60.082557678222656
2021-08-23,59.25107192993164
2021-08-24,61.41294479370117
2021-08-25,61.283599853515625
2021-08-26,60.50138854980469
2021-08-27,62.016544342041016
2021-08-30,61.62234878540039
2021-08-31,60.77854919433594
2021-09-01,60.883235931396484
2021-09-02,60.692317962646484
2021-09-03,60.73543167114258
2021-09-06,59.78075408935547
2021-09-08,58.5366096496582
2021-09-09,58.32719802856445
2021-09-10,58.39495086669922
2021-09-13,58.364158630371094
2021-09-14,57.95148468017578
2021-09-15,56.50408172607422
2021-09-16,54.15745544433594
2021-09-17,53.06112289428711
2021-09-20,50.96701431274414
2021-09-21,51.810813903808594
2021-09-22,53.652400970458984
2021-09-23,53.6505241394043
2021-09-24,52.821048736572266
2021-09-27,53.57573699951172
2021-09-28,50.89014434814453
2021-09-29,51.53605270385742
2021-09-30,51.835201263427734
2021-10-01,51.80800247192383
2021-10-04,51.325279235839844
2021-10-05,50.95813751220703
2021-10-06,52.39271926879883
2021-10-07,53.95648193359375
2021-10-08,54.28962707519531
2021-10-11,55.4930419921875
2021-10-13,53.84769058227539
2021-10-14,53.84769058227539
2021-10-15,54.85394287109375
2021-10-18,54.337223052978516
2021-10-19,53.71171188354492
2021-10-20,52.1275634765625
2021-10-21,51.10091781616211
2021-10-22,51.726417541503906
2021-10-25,52.351924896240234
2021-10-26,51.79440689086914
2021-10-27,50.618194580078125
2021-10-28,50.1082649230957
2021-10-29,48.687286376953125
2021-11-01,49.17001724243164
2021-11-03,45.4373893737793
2021-11-04,44.9206657409668
2021-11-05,43.58808135986328
2021-11-08,45.960914611816406
2021-11-09,44.8322868347168
2021-11-10,44.66230392456055
2021-11-11,46.23966979980469
2021-11-12,46.43684005737305
2021-11-16,45.097442626953125
2021-11-17,44.19318389892578
2021-11-18,42.37786102294922
2021-11-19,43.5336799621582
2021-11-22,45.95410919189453
2021-11-23,47.16432571411133
2021-11-24,48.25896453857422
2021-11-25,47.9326057434082
2021-11-26,46.66799545288086
2021-11-29,47.252708435058594
2021-11-30,47.558658599853516
2021-12-01,47.7490348815918
2021-12-02,49.96548080444336
2021-12-03,48.864070892333984
2021-12-06,51.51564407348633
2021-12-07,51.89638900756836
2021-12-08,51.50885772705078
2021-12-09,51.1145133972168
2021-12-10,51.43406677246094
2021-12-13,52.936641693115234
2021-12-14,52.92983627319336
2021-12-15,52.63068389892578
2021-12-16,54.690765380859375
2021-12-17,53.827293395996094
2021-12-20,53.22218704223633
2021-12-21,54.622772216796875
2021-12-22,54.337223052978516
2021-12-23,53.81370162963867
2021-12-27,53.6777229309082
2021-12-28,52.38591766357422
2021-12-29,52.52188491821289
2021-12-30,53.00463104248047
2022-01-03,53.03181457519531
2022-01-04,52.406314849853516
2022-01-05,52.90264129638672
2022-01-06,53.970069885253906
2022-01-07,57.11119079589844
2022-01-10,56.43128967285156
2022-01-11,57.50552749633789
2022-01-12,58.13103485107422
2022-01-13,57.24717330932617
2022-01-14,57.5803108215332
2022-01-17,57.281166076660156
2022-01-18,58.6817512512207
2022-01-19,59.97355270385742
2022-01-20,58.953697204589844
2022-01-21,57.72989273071289
2022-01-24,57.02281188964844
2022-01-25,57.151973724365234
2022-01-26,57.31515884399414
2022-01-27,57.44432830810547
2022-01-28,56.880035400390625
2022-01-31,54.98311233520508
2022-02-01,58.00184631347656
2022-02-02,58.32821273803711
2022-02-03,58.30100631713867
2022-02-04,59.83076477050781
2022-02-07,61.2789421081543
2022-02-08,62.1356201171875
2022-02-09,62.14921188354492
2022-02-10,63.821754455566406
2022-02-11,62.529945373535156
2022-02-14,62.25799560546875
2022-02-15,60.4086799621582
2022-02-16,60.85060501098633
2022-02-17,58.233028411865234
2022-02-18,58.35538864135742
2022-02-21,58.402984619140625
2022-02-22,59.41603469848633
2022-02-23,58.79054260253906
2022-02-24,59.51802062988281
2022-02-25,62.7407112121582
2022-03-02,67.75154876708984
2022-03-03,67.78553771972656
2022-03-04,69.32890319824219
2022-03-07,71.43659210205078
2022-03-08,68.30226135253906
2022-03-09,66.50135803222656
2022-03-10,68.6971206665039
2022-03-11,68.3370361328125
2022-03-14,64.67271423339844
2022-03-15,62.815853118896484
2022-03-16,64.34088897705078
2022-03-17,66.57902526855469
2022-03-18,67.84281158447266
2022-03-21,69.76321411132812
2022-03-22,68.20288848876953
2022-03-23,68.09696960449219
2022-03-24,68.42176055908203
2022-03-25,67.2356185913086
2022-03-28,67.31329345703125
2022-03-29,66.73433685302734
2022-03-30,67.68748474121094
2022-03-31,67.49686431884766
2022-04-01,68.4570541381836
2022-04-04,69.14898681640625
2022-04-05,67.15089416503906
2022-04-06,68.16759490966797
2022-04-07,68.57708740234375
2022-04-08,67.17913818359375
2022-04-11,66.3672103881836
2022-04-12,65.92240905761719
2022-04-13,65.94357299804688
2022-04-14,65.0186767578125
2022-04-18,63.945499420166016
2022-04-19,61.905067443847656
2022-04-20,60.29530715942383
2022-04-22,56.80043411254883
2022-04-25,55.83317184448242
2022-04-26,55.070655822753906
2022-04-27,58.01482391357422
2022-04-28,59.44807052612305
2022-04-29,58.80558395385742
2022-05-02,58.54433822631836
2022-05-03,58.2478141784668
2022-05-04,57.760650634765625
2022-05-05,56.71571731567383
2022-05-06,56.31327819824219
2022-05-09,54.004539489746094
2022-05-10,53.33381652832031
2022-05-11,55.55782699584961
2022-05-12,55.000057220458984
2022-05-13,54.93650817871094
2022-05-16,56.581565856933594
2022-05-17,56.341529846191406
2022-05-18,54.91532516479492
2022-05-19,56.3768196105957
2022-05-20,57.37232971191406
2022-05-23,58.54433822631836
2022-05-24,59.335105895996094
2022-05-25,59.518672943115234
2022-05-26,59.48337173461914
2022-05-27,60.521240234375
2022-05-30,61.1778564453125
2022-05-31,60.8671989440918
2022-06-01,62.300437927246094
2022-06-02,63.47246551513672
2022-06-03,62.45577621459961
2022-06-06,62.519317626953125
2022-06-07,63.980812072753906
2022-06-08,61.77798080444336
2022-06-09,59.6881217956543
2022-06-10,59.70223617553711
2022-06-13,57.81006622314453
2022-06-14,57.69709777832031
2022-06-15,57.66181182861328
2022-06-17,54.65409469604492
2022-06-20,53.30557632446289
2022-06-21,53.65858840942383
2022-06-22,53.19966125488281
2022-06-23,51.25807189941406
2022-06-24,52.68425750732422
2022-06-27,55.10596466064453
2022-06-28,56.09440994262695
2022-06-29,55.62843322753906
2022-06-30,54.05396270751953
2022-07-01,53.02315139770508
2022-07-04,52.71955871582031
2022-07-05,52.458343505859375
2022-07-06,52.95256423950195
2022-07-07,54.49171829223633
2022-07-08,53.23495864868164
2022-07-11,51.420467376708984
2022-07-12,51.5757942199707
2022-07-13,51.399288177490234
2022-07-14,47.975013732910156
2022-07-15,48.27155303955078
2022-07-18,48.52573013305664
2022-07-19,48.631622314453125
2022-07-20,47.57963562011719
2022-07-21,48.41275405883789
2022-07-22,48.864620208740234
2022-07-25,49.768341064453125
2022-07-26,49.67655944824219
2022-07-27,49.789520263671875
2022-07-28,49.90955352783203
2022-07-29,49.24587631225586
2022-08-01,48.066795349121094
2022-08-02,49.59889221191406
2022-08-03,47.67141342163086
2022-08-04,47.39606475830078
2022-08-05,48.010318756103516
2022-08-08,48.41981887817383
2022-08-09,49.422386169433594
2022-08-10,49.45769119262695
2022-08-11,51.18041229248047
2022-08-12,51.835445404052734
2022-08-15,50.72150802612305
2022-08-16,51.850311279296875
2022-08-17,50.66951370239258
2022-08-18,50.2907829284668
2022-08-19,49.72638702392578
2022-08-22,48.99861145019531
2022-08-23,52.139930725097656
2022-08-24,50.461585998535156
2022-08-25,51.44185256958008
2022-08-26,50.66951370239258
2022-08-29,49.68925857543945
2022-08-30,48.24855422973633
2022-08-31,47.89951705932617
2022-09-01,47.44651794433594
2022-09-02,46.726165771484375
2022-09-05,48.43421936035156
2022-09-06,47.283138275146484
2022-09-08,47.90694808959961
2022-09-09,51.64979553222656
2022-09-12,52.1027946472168
2022-09-13,50.68437957763672
2022-09-14,49.75608444213867
2022-09-15,50.75864028930664
2022-09-16,50.68437957763672
2022-09-19,52.32558059692383
2022-09-20,51.57552719116211
2022-09-21,50.83289337158203
2022-09-22,51.99882507324219
2022-09-23,50.92201614379883
2022-09-26,51.03341293334961
2022-09-27,50.27593231201172
2022-09-28,50.75120544433594
2022-09-29,50.818050384521484
2022-09-30,53.498939514160156
2022-10-03,54.954490661621094
2022-10-04,56.28379440307617
2022-10-05,57.15266799926758
2022-10-06,55.867916107177734
2022-10-07,56.07585906982422
2022-10-10,54.94707107543945
2022-10-11,54.575740814208984
2022-10-13,53.60289764404297
2022-10-14,51.85772705078125
2022-10-17,52.67461395263672
2022-10-18,53.43952560424805
2022-10-19,52.80829620361328
2022-10-20,53.48408889770508
2022-10-21,55.05103302001953
2022-10-24,53.41725158691406
2022-10-25,53.41725158691406
2022-10-26,54.60544967651367
2022-10-27,52.65977096557617
2022-10-28,50.09027099609375
2022-10-31,49.852630615234375
2022-11-01,51.36759567260742
2022-11-03,49.867488861083984
2022-11-04,53.65489196777344
2022-11-07,53.37269592285156
2022-11-08,54.99161911010742
2022-11-09,54.323246002197266
2022-11-10,55.36293411254883
2022-11-11,61.1182975769043
2022-11-14,61.868350982666016
2022-11-16,61.22227478027344
2022-11-17,61.71240997314453
2022-11-18,60.026641845703125
2022-11-21,59.35084533691406
2022-11-22,59.51423263549805
2022-11-23,60.100894927978516
2022-11-24,60.48706817626953
2022-11-25,60.07862854003906
2022-11-28,60.375675201416016
2022-11-29,62.70752716064453
2022-11-30,63.65066146850586
2022-12-01,63.999698638916016
2022-12-02,64.46012115478516
2022-12-05,64.39329528808594
2022-12-06,65.3290023803711
2022-12-07,63.00457000732422
2022-12-08,63.77690887451172
2022-12-09,65.90082550048828
2022-12-12,63.932861328125
2022-12-13,64.20262145996094
2022-12-14,64.74657440185547
2022-12-15,64.9552230834961
2022-12-16,63.844932556152344
2022-12-19,63.61393737792969
2022-12-20,63.89710235595703
2022-12-21,64.2622299194336
2022-12-22,63.89710235595703
2022-12-23,64.32183074951172
2022-12-26,64.9105224609375
2022-12-27,66.46044158935547
2022-12-28,66.3114013671875
2022-12-29,66.22943878173828
2023-01-02,66.6169204711914
2023-01-03,66.49768829345703
2023-01-04,66.6169204711914
2023-01-05,67.73465728759766
2023-01-06,68.80767059326172
2023-01-09,68.88219451904297
2023-01-10,69.73167419433594
2023-01-11,69.48576354980469
2023-01-12,69.85089874267578
2023-01-13,69.91051483154297
2023-01-16,68.74060821533203
2023-01-17,68.65119171142578
2023-01-18,69.55282592773438
2023-01-19,69.85089874267578
2023-01-20,70.03719329833984
2023-01-23,70.26819610595703
2023-01-24,71.01333618164062
2023-01-25,71.68397521972656
2023-01-26,73.02526092529297
2023-01-27,71.02825164794922
2023-01-30,70.77490234375
2023-01-31,70.42466735839844
2023-02-01,69.64225769042969
2023-02-02,66.42317962646484
2023-02-03,66.28160095214844
2023-02-06,65.45447540283203
2023-02-07,65.88666534423828
2023-02-08,66.1102294921875
2023-02-09,65.86431121826172
2023-02-10,64.67951965332031
2023-02-13,64.6124496459961
2023-02-14,64.90306091308594
2023-02-15,66.31886291503906
2023-02-16,66.46044158935547
2023-02-17,65.59606170654297
2023-02-22,65.0968017578125
2023-02-23,64.7912826538086
2023-02-24,63.3680419921875
2023-02-27,63.3680419921875
2023-02-28,63.576683044433594
2023-03-01,66.46788787841797
2023-03-02,66.31886291503906
2023-03-03,66.54240417480469
2023-03-06,64.19517517089844
2023-03-07,63.584144592285156
2023-03-08,64.16535949707031
2023-03-09,63.32332992553711
2023-03-10,63.11468505859375
2023-03-13,63.3754997253418
2023-03-14,63.95246124267578
2023-03-15,62.02581024169922
2023-03-16,62.254268646240234
2023-03-17,63.00056076049805
2023-03-20,63.51839065551758
2023-03-21,62.98533248901367
2023-03-22,62.200965881347656
2023-03-23,60.601768493652344
2023-03-24,59.908782958984375
2023-03-27,59.80978775024414
2023-03-28,60.44184875488281
2023-03-29,61.30998992919922
2023-03-30,62.30757522583008
2023-03-31,61.14244842529297
2023-04-03,61.15766906738281
2023-04-04,59.42902374267578
2023-04-05,58.553279876708984
2023-04-06,58.4466667175293
2023-04-10,59.5737190246582
2023-04-11,62.71879577636719
2023-04-12,61.37852096557617
2023-04-13,60.548465728759766
2023-04-14,60.0153923034668
2023-04-17,59.29957580566406
2023-04-18,59.80978775024414
2023-04-19,58.06591033935547
2023-04-20,56.855098724365234
2023-04-24,54.798980712890625
2023-04-25,53.30640411376953
2023-04-26,53.512020111083984
2023-04-27,54.64667892456055
2023-04-28,55.13405990600586
2023-05-02,52.95610809326172
2023-05-03,52.544891357421875
2023-05-04,50.91522979736328
2023-05-05,52.57534408569336
2023-05-08,53.283565521240234
2023-05-09,53.83185577392578
2023-05-10,52.81904220581055
2023-05-11,51.790977478027344
2023-05-12,51.84428787231445
2023-05-15,52.590572357177734
2023-05-16,51.509220123291016
2023-05-17,53.21501541137695
2023-05-18,53.291175842285156
2023-05-19,52.70480728149414
2023-05-22,51.85951614379883
2023-05-23,50.68677520751953
2023-05-24,49.53688430786133
2023-05-25,49.38457489013672
2023-05-26,50.51163101196289
2023-05-29,50.13086700439453
2023-05-30,48.95051193237305
2023-05-31,48.59260177612305
2023-06-01,49.62064743041992
2023-06-02,51.73767852783203
2023-06-05,51.311222076416016
2023-06-06,51.478763580322266
2023-06-07,52.293582916259766
2023-06-09,52.05751419067383
2023-06-12,51.11323165893555
2023-06-13,51.653907775878906
2023-06-14,52.56010818481445
2023-06-15,52.971336364746094
2023-06-16,53.05510711669922
2023-06-19,52.849491119384766
2023-06-20,51.48637008666992
2023-06-21,50.968544006347656
2023-06-22,50.69439697265625
2023-06-23,50.18417739868164
2023-06-26,50.29079055786133
2023-06-27,50.892391204833984
2023-06-28,49.28558349609375
2023-06-29,49.887184143066406
2023-06-30,48.90481948852539
2023-07-03,50.43547821044922
2023-07-04,50.18417739868164
2023-07-05,49.742496490478516
2023-07-06,49.38457489013672
2023-07-07,49.84910202026367
2023-07-10,49.08758544921875
2023-07-11,50.702003479003906
2023-07-12,51.05992126464844
2023-07-13,52.24789047241211
2023-07-14,52.24789047241211
2023-07-17,51.66913604736328
2023-07-18,51.34168243408203
2023-07-19,51.204612731933594
2023-07-20,51.318843841552734
2023-07-21,51.631065368652344
2023-07-24,53.192176818847656
2023-07-25,54.83706283569336
2023-07-26,54.64667892456055
2023-07-27,53.62624740600586
2023-07-28,51.50160217285156
2023-07-31,52.66673278808594
2023-08-01,51.935672760009766
2023-08-02,51.09038162231445
2023-08-03,51.410221099853516
2023-08-04,51.44829559326172
2023-08-07,51.70721435546875
2023-08-08,51.37214279174805
2023-08-09,50.90761184692383
2023-08-10,50.30601119995117
2023-08-11,49.887184143066406
2023-08-14,48.560184478759766
2023-08-15,48.08164596557617
2023-08-16,47.89336395263672
2023-08-17,48.56803512573242
2023-08-18,48.0267333984375
2023-08-21,48.08949279785156
2023-08-22,49.09364318847656
2023-08-23,49.45450973510742
2023-08-24,48.795536041259766
2023-08-25,48.69355392456055
2023-08-28,49.39175033569336
2023-08-29,50.96858215332031
2023-08-30,50.976436614990234
2023-08-31,51.05488204956055
2023-09-01,54.043800354003906
2023-09-04,54.44389724731445
2023-09-05,54.20854568481445
2023-09-06,53.3377571105957
2023-09-08,52.33360290527344
2023-09-11,53.08671569824219
2023-09-12,53.04749298095703
2023-09-13,52.8435173034668
2023-09-14,55.00873565673828
2023-09-15,54.55372619628906
2023-09-18,53.91044235229492
2023-09-19,54.012420654296875
2023-09-20,54.373294830322266
2023-09-21,52.95336151123047
2023-09-22,53.345603942871094
2023-09-25,52.24730682373047
2023-09-26,51.431434631347656
2023-09-27,51.541263580322266
2023-09-28,52.32575988769531
2023-09-29,53.016117095947266
2023-10-02,52.55326843261719
2023-10-03,52.23161697387695
2023-10-04,51.67463302612305
2023-10-05,51.69816589355469
2023-10-06,52.4512825012207
2023-10-09,52.07472229003906
2023-10-10,52.388519287109375
2023-10-11,52.8435173034668
2023-10-13,52.23945999145508
2023-10-16,52.79645538330078
2023-10-17,53.227928161621094
2023-10-18,51.2745361328125
2023-10-19,50.537113189697266
2023-10-20,49.172096252441406
2023-10-23,49.07796096801758
2023-10-24,50.19978332519531
2023-10-25,50.152713775634766
2023-10-26,51.227474212646484
2023-10-27,53.008270263671875
2023-10-30,53.48680877685547
2023-10-31,54.13010025024414
2023-11-01,55.16562271118164
2023-11-03,55.85598373413086
2023-11-06,56.091331481933594
2023-11-07,54.977359771728516
2023-11-08,55.016578674316406
2023-11-09,55.28329849243164
2023-11-10,56.13056182861328
2023-11-13,56.012882232666016
2023-11-14,57.74662399291992
2023-11-16,58.131019592285156
2023-11-17,58.240848541259766
2023-11-20,59.66862869262695
2023-11-21,61.112098693847656
2023-11-22,60.53116989135742
2023-11-23,60.151084899902344
2023-11-24,59.6416015625
2023-11-27,59.2857780456543
2023-11-28,59.41517639160156
2023-11-29,59.398990631103516
2023-11-30,59.72247314453125
2023-12-01,60.83040237426758
2023-12-04,59.46369171142578
2023-12-05,58.913780212402344
2023-12-06,58.525604248046875
2023-12-07,58.71160125732422
2023-12-08,58.87334442138672
2023-12-11,58.9218635559082
2023-12-12,59.0269889831543
2023-12-13,59.03507614135742
2023-12-14,59.35856628417969
2023-12-15,59.730560302734375
2023-12-18,60.01359939575195
2023-12-19,60.43412780761719
2023-12-20,60.240047454833984
2023-12-21,62.2456169128418
2023-12-22,61.77656555175781
2023-12-26,61.99492645263672
2023-12-27,62.59336471557617
2023-12-28,62.431617736816406
2024-01-02,62.3103141784668
2024-01-03,61.98683547973633
2024-01-04,61.153873443603516
2024-01-05,60.36943817138672
2024-01-08,60.06211853027344
2024-01-09,59.30195617675781
2024-01-10,58.412384033203125
2024-01-11,58.71967697143555
2024-01-12,57.975685119628906
2024-01-15,57.86246871948242
2024-01-16,57.11037826538086
2024-01-17,56.08332824707031
2024-01-18,55.80028533935547
2024-01-19,55.072452545166016
2024-01-22,54.8298454284668
2024-01-23,55.96201705932617
2024-01-24,56.52811050415039
2024-01-25,55.13714599609375
2024-01-26,56.204627990722656
2024-01-29,55.93775939941406
2024-01-30,55.62236404418945
2024-01-31,54.79750061035156
2024-02-01,54.54679870605469
2024-02-02,53.43887710571289
2024-02-05,52.97792053222656
2024-02-06,53.916015625
2024-02-07,54.021148681640625
2024-02-08,53.544010162353516
2024-02-09,53.309486389160156
2024-02-14,53.147743225097656
2024-02-15,52.97792053222656
2024-02-16,54.991580963134766
2024-02-19,54.57914352416992
2024-02-20,53.382266998291016
2024-02-21,53.786624908447266
2024-02-22,54.36079788208008
2024-02-23,54.49018478393555
2024-02-26,53.1720085144043
2024-02-27,54.57106399536133
2024-02-28,53.97261428833008
2024-02-29,54.174800872802734
2024-03-01,54.085838317871094
2024-03-04,53.964542388916016
2024-03-05,53.252872467041016
2024-03-06,53.98070526123047
2024-03-07,53.79470443725586
2024-03-08,53.382266998291016
2024-03-11,51.72443771362305
2024-03-12,51.402156829833984
2024-03-13,51.73165512084961
2024-03-14,51.072654724121094
2024-03-15,50.48969268798828
2024-03-18,51.452850341796875
2024-03-19,51.87528991699219
2024-03-20,52.22168731689453
2024-03-21,52.09495162963867
2024-03-22,51.49509811401367
2024-03-25,51.385257720947266
2024-03-26,50.734703063964844
2024-03-27,51.19938278198242
2024-03-28,51.39371109008789
2024-04-01,51.72321319580078
2024-04-02,52.331520080566406
2024-04-03,51.57957458496094
2024-04-04,51.005062103271484
2024-04-05,50.447444915771484
2024-04-08,53.20174026489258
2024-04-09,52.84688949584961
2024-04-10,52.04426193237305
2024-04-11,52.26393127441406
2024-04-12,52.069610595703125
2024-04-15,52.3737678527832
2024-04-16,51.90907669067383
2024-04-17,52.47514343261719
2024-04-18,52.669464111328125
2024-04-19,53.5312385559082
2024-04-22,53.505897521972656
2024-04-23,53.04121398925781
2024-04-24,53.70021438598633
2024-04-25,52.568084716796875
2024-04-26,52.568084716796875
2024-04-29,53.98747253417969
2024-04-30,53.47209930419922
2024-05-02,54.004371643066406
2024-05-03,54.06351089477539
2024-05-06,54.224037170410156
2024-05-07,54.56198501586914
2024-05-08,54.06351089477539
2024-05-09,54.502845764160156
2024-05-10,54.31697463989258
2024-05-13,54.638023376464844
2024-05-14,54.604225158691406
2024-05-15,54.44370651245117
2024-05-16,54.84080123901367
2024-05-17,55.91378402709961
2024-05-20,55.88844299316406
2024-05-21,55.72791290283203
2024-05-22,55.288578033447266
2024-05-23,54.95907974243164
2024-05-24,54.98442459106445
2024-05-27,55.17030334472656
2024-05-28,53.97902297973633
2024-05-29,53.42985916137695
2024-05-31,53.396060943603516
2024-06-03,52.272377014160156
2024-06-04,51.740108489990234
2024-06-05,51.005062103271484
2024-06-06,51.714759826660156
2024-06-07,51.038856506347656
2024-06-10,51.59647750854492
2024-06-11,51.52043533325195
2024-06-12,50.81074142456055
2024-06-13,51.39371109008789
2024-06-14,51.21628189086914
2024-06-17,51.013519287109375
2024-06-18,51.25008010864258
2024-06-19,51.410606384277344
2024-06-20,51.87528991699219
2024-06-21,51.39371109008789
2024-06-24,51.452850341796875
2024-06-25,51.241634368896484
2024-06-26,51.87528991699219
2024-06-27,52.01047134399414
2024-06-28,52.568084716796875
2024-07-01,53.345367431640625
2024-07-02,53.167945861816406
2024-07-03,54.224037170410156
2024-07-04,53.953678131103516
2024-07-05,53.734012603759766
2024-07-08,53.31156921386719
2024-07-09,53.243980407714844
2024-07-10,52.525840759277344
2024-07-11,52.390655517578125
2024-07-12,53.15949249267578
2024-07-15,53.2186393737793
2024-07-16,52.66102600097656
2024-07-17,52.170989990234375
2024-07-18,51.680965423583984
2024-07-19,51.63872146606445
2024-07-22,51.57957458496094
2024-07-23,50.886783599853516
2024-07-24,51.19938278198242
2024-07-25,51.174041748046875
2024-07-26,51.93442916870117
2024-07-29,52.027366638183594
2024-07-30,50.878334045410156
2024-07-31,52.069610595703125
2024-08-01,50.90367889404297
2024-08-02,50.19398880004883
2024-08-05,49.93458938598633
2024-08-06,50.18855667114258
2024-08-07,50.09223175048828
2024-08-08,49.78571701049805
2024-08-09,49.96962356567383
2024-08-12,49.71565628051758
2024-08-13,49.49672317504883
2024-08-14,49.04133987426758
2024-08-15,49.242759704589844
2024-08-16,49.11140060424805
2024-08-19,49.89956283569336
2024-08-20,50.09223175048828
2024-08-21,51.055538177490234
2024-08-22,51.1255989074707
2024-08-23,50.267372131347656
2024-08-26,50.83660125732422
2024-08-27,52.369144439697266
2024-08-28,51.992576599121094
2024-08-29,51.9312744140625
2024-08-30,52.176483154296875
2024-09-02,51.440860748291016
2024-09-03,49.52299499511719
2024-09-04,49.908321380615234
2024-09-05,50.267372131347656
2024-09-06,49.636844635009766
2024-09-09,49.636844635009766
2024-09-10,49.04133987426758
2024-09-11,50.43376541137695
2024-09-12,50.8891487121582
2024-09-13,51.23068618774414
2024-09-16,51.23068618774414
2024-09-17,50.98548126220703
2024-09-18,50.389976501464844
2024-09-19,50.99423599243164
2024-09-20,50.22358703613281
2024-09-23,50.38121795654297
2024-09-24,52.842044830322266
2024-09-25,53.0784912109375
2024-09-26,56.26617431640625
2024-09-27,56.01221466064453
2024-09-30,55.618133544921875
2024-10-01,55.88961410522461
2024-10-02,56.19611740112305
2024-10-03,55.118961334228516
2024-10-04,54.716121673583984
2024-10-07,55.197776794433594
2024-10-08,53.525115966796875
2024-10-09,53.38499450683594
2024-10-10,53.63896560668945
2024-10-11,54.409610748291016
2024-10-14,54.234466552734375
2024-10-15,53.568904876708984
2024-10-16,54.59352111816406
2024-10-17,53.2098503112793
2024-10-18,53.02594757080078
2024-10-21,52.83328628540039
2024-10-22,52.903343200683594
2024-10-23,51.97506332397461
2024-10-24,52.28156661987305
2024-10-25,54.0593147277832
2024-10-28,55.0664176940918
2024-10-29,54.873756408691406
2024-10-30,54.707366943359375
2024-10-31,54.34831237792969
2024-11-01,54.32203674316406
2024-11-04,54.882511138916016
2024-11-05,54.400856018066406
2024-11-06,53.787837982177734
2024-11-07,55.66191864013672
2024-11-08,53.09600830078125
2024-11-11,51.3620491027832
2024-11-12,50.19731140136719
2024-11-13,50.057193756103516
2024-11-14,49.77695846557617
2024-11-18,50.39873123168945
2024-11-19,50.51258087158203
2024-11-21,50.46003723144531
2024-11-22,50.9504508972168
2024-11-25,50.941688537597656
2024-11-26,50.293643951416016
2024-11-27,50.90666198730469
2024-11-28,50.38121795654297
2024-11-29,51.47589111328125
2024-12-02,51.59849166870117
2024-12-03,51.20441436767578
2024-12-04,50.20606994628906
2024-12-05,50.61766815185547
2024-12-06,49.75069046020508
2024-12-09,52.395416259765625
2024-12-10,52.342872619628906
2024-12-11,51.5284309387207
2024-12-12,50.106380462646484
2024-12-13,49.35536193847656
2024-12-16,49.328857421875
2024-12-17,49.57624816894531
2024-12-18,48.42762756347656
2024-12-19,47.508731842041016
2024-12-20,48.25975036621094
2024-12-23,48.46296691894531
2024-12-26,48.604339599609375
2024-12-27,48.36577606201172
2024-12-30,48.19790267944336
2025-01-02,47.932838439941406
2025-01-03,47.04044723510742
2025-01-06,46.43962860107422
2025-01-07,45.989017486572266
2025-01-08,45.547237396240234
2025-01-09,45.26449966430664
2025-01-10,45.52073287963867
2025-01-13,45.51189422607422
2025-01-14,45.81230545043945
2025-01-15,46.474971771240234
2025-01-16,46.53681945800781
2025-01-17,48.14488983154297
2025-01-20,47.968177795410156
2025-01-21,47.729618072509766
2025-01-22,46.527984619140625
2025-01-23,46.227577209472656
2025-01-24,46.85490036010742
2025-01-27,47.676605224609375
2025-01-28,46.5191535949707
2025-01-29,46.65168380737305
2025-01-30,48.62200927734375
2025-01-31,47.862152099609375
2025-02-03,47.89749526977539
2025-02-04,47.729618072509766
2025-02-05,47.9858512878418
2025-02-06,48.710365295410156
2025-02-07,48.44529724121094
2025-02-10,48.94892501831055
2025-02-11,48.736873626708984
2025-02-12,48.40995407104492
2025-02-13,48.471805572509766
2025-02-14,49.18748092651367
2025-02-17,48.92241668701172
2025-02-18,49.24933624267578
2025-02-19,49.20515441894531
2025-02-20,51.01644515991211
2025-02-21,51.387535095214844
2025-02-24,50.91925048828125
2025-02-25,50.42445755004883
2025-02-26,50.11521530151367
2025-02-27,49.74412155151367
2025-02-28,48.7280387878418
2025-03-05,49.116798400878906
2025-03-06,49.655765533447266
2025-03-07,50.380279541015625
2025-03-10,49.56492233276367
2025-03-11,49.9780387878418
2025-03-12,49.3537712097168
2025-03-13,50.03312301635742
2025-03-14,51.676414489746094
2025-03-17,52.420021057128906
2025-03-18,52.80560302734375
2025-03-19,52.71379852294922
2025-03-20,52.54854965209961
2025-03-21,52.74134063720703
2025-03-24,52.46592712402344
2025-03-25,52.64035415649414
2025-03-26,52.961666107177734
2025-03-27,53.383968353271484
2025-03-28,52.842323303222656
2025-03-31,52.05281066894531
2025-04-01,52.502647399902344
2025-04-02,52.26395797729492
2025-04-03,50.37279510498047
2025-04-04,48.3622932434082
2025-04-07,47.78392791748047
2025-04-08,45.167518615722656
2025-04-09,47.600318908691406
2025-04-10,48.454097747802734
2025-04-11,49.26197052001953
2025-04-14,49.904598236083984
2025-04-15,49.39967727661133
2025-04-16,48.25212860107422
2025-04-17,48.545902252197266
2025-04-22,49.40885543823242
2025-04-23,49.996402740478516
2025-04-24,50.776737213134766
2025-04-25,49.436397552490234
2025-04-28,49.61082458496094
2025-04-29,49.427215576171875
2025-04-30,48.52754211425781
2025-05-02,48.47245788574219
2025-05-05,48.61934280395508
2025-05-06,48.656063079833984
2025-05-07,48.56426239013672
2025-05-08,48.41737747192383
2025-05-09,48.610164642333984
2025-05-12,49.831153869628906
2025-05-13,50.64820861816406
2025-05-14,50.40033721923828
2025-05-15,50.9052619934082
2025-05-16,50.94198226928711
2025-05-19,50.80427551269531
2025-05-20,50.813453674316406
2025-05-21,50.16164779663086
2025-05-22,49.785255432128906
2025-05-23,49.86787796020508
2025-05-26,49.583282470703125
2025-05-27,49.427215576171875
2025-05-28,49.03246307373047
2025-05-29,49.069183349609375
2025-05-30,47.829830169677734
2025-06-02,48.25212860107422
2025-06-03,48.22458267211914
2025-06-04,48.444915771484375
2025-06-05,48.57344055175781
2025-06-06,48.63770294189453
2025-06-09,48.92229461669922
2025-06-10,49.25279235839844
2025-06-11,48.821311950683594
2025-06-12,48.5
2025-06-13,47.85737228393555
2025-06-16,49.41803741455078
2025-06-17,47.19638442993164
2025-06-18,47.04031753540039
2025-06-20,45.8285026550293
2025-06-23,46.40686798095703
2025-06-24,46.39768981933594
2025-06-25,46.34260559082031
2025-06-26,47.7380256652832
2025-06-27,48.536720275878906
2025-06-30,48.334754943847656
2025-07-01,48.98655700683594
2025-07-02,50.767555236816406
2025-07-03,50.528865814208984
2025-07-04,50.675750732421875
2025-07-07,49.9321403503418
2025-07-08,50.1065673828125
2025-07-09,49.61082458496094
2025-07-10,50.74919128417969
2025-07-11,51.41018295288086
2025-07-14,50.822635650634766
2025-07-15,49.491477966308594
2025-07-16,49.941322326660156
2025-07-17,49.849517822265625
2025-07-18,50.08820724487305
2025-07-21,51.456085205078125
2025-07-22,52.7872428894043
2025-07-23,52.71379852294922
2025-07-24,51.89674377441406
2025-07-25,51.134769439697266
2025-07-28,50.63903045654297
2025-07-29,50.3268928527832
2025-07-30,49.427215576171875
2025-07-31,49.078365325927734
2025-08-01,49.3445930480957
2025-08-04,49.73935317993164
2025-08-05,49.675086975097656
2025-08-06,49.36295700073242
2025-08-07,49.72098922729492
2025-08-08,50.85017776489258
2025-08-11,50.79509735107422
2025-08-12,51.32756042480469
2025-08-13,51.39919662475586
2025-08-14,50.76252365112305
2025-08-15,50.66749954223633
2025-08-18,50.553470611572266
2025-08-19,50.59148025512695
2025-08-20,50.36341857910156
2025-08-21,50.79103469848633
2025-08-22,52.06437301635742
2025-08-25,52.187904357910156
2025-08-26,52.65353012084961
2025-08-27,52.625022888183594
2025-08-28,52.64402770996094
2025-08-29,52.79607009887695
2025-09-01,52.834075927734375
2025-09-02,52.634525299072266
2025-09-03,52.834075927734375
2025-09-04,52.938602447509766
2025-09-05,53.42323684692383
2025-09-08,53.556270599365234
2025-09-09,53.39472579956055
2025-09-10,53.76532745361328
2025-09-11,54.18343734741211
2025-09-12,54.164432525634766
2025-09-15,54.639556884765625
2025-09-16,54.82960891723633
2025-09-17,54.92463302612305
2025-09-18,54.820106506347656
2025-09-19,55.03866195678711
2025-09-22,55.11468505859375
2025-09-23,54.80109786987305
2025-09-24,55.010154724121094
2025-09-25,55.31423568725586
2025-09-26,54.24995422363281
2025-09-29,54.43050003051758
2025-09-30,54.715579986572266
2025-10-01,55.409263610839844
2025-10-02,55.77986145019531
2025-10-03,55.67533493041992
2025-10-06,56.625587463378906
2025-10-07,55.82737350463867
2025-10-08,56.25498962402344
2025-10-09,56.16946792602539
2025-10-10,55.941402435302734
2025-10-13,56.77762985229492
2025-10-14,56.77762985229492
2025-10-15,57.8324089050293
2025-10-16,57.30026626586914
2025-10-17,57.13872528076172
2025-10-20,57.87042236328125
2025-10-21,57.775394439697266
2025-10-22,58.80167007446289
2025-10-23,58.6876335144043
2025-10-24,58.65913009643555
2025-10-27,58.592613220214844
2025-10-28,59.10574722290039
2025-10-29,60.179534912109375
2025-10-30,60.635658264160156
2025-10-31,62.013526916503906
2025-11-03,62.09904479980469
2025-11-04,61.405364990234375
2025-11-05,62.46014404296875
2025-11-06,62.24158477783203
2025-11-07,61.55739974975586
2025-11-10,61.96601104736328
2025-11-11,61.80447006225586
2025-11-12,62.488651275634766
2025-11-13,62.40312576293945
2025-11-14,62.02302169799805
2025-11-17,61.97551345825195
2025-11-18,61.785457611083984
2025-11-19,61.71894073486328
2025-11-21,61.91850280761719
2025-11-24,61.85197830200195
2025-11-25,62.33660888671875
2025-11-26,63.267860412597656
2025-11-27,63.030296325683594
2025-11-28,64.04706573486328
2025-12-01,64.54119110107422
2025-12-02,65.0733413696289
2025-12-03,67.17340087890625
2025-12-04,68.34220886230469
2025-12-05,66.7267837524414
2025-12-08,66.2706527709961
2025-12-09,66.30867004394531
2025-12-10,67.52498626708984
2025-12-11,68.41822814941406
2025-12-12,68.61000061035156
2025-12-15,69.02999877929688
2025-12-16,69.29000091552734
2025-12-17,70.16999816894531
2025-12-18,70.3499984741211
2025-12-19,70.8499984741211
2025-12-22,72.91999816894531
2025-12-23,72.9000015258789
2025-12-26,73.12000274658203
2025-12-29,72.12000274658203
2025-12-30,71.95999908447266
