date,close
2010-12-01,2.421313762664795
2010-12-02,2.4413928985595703
2010-12-03,2.462531328201294
2010-12-06,2.4255404472351074
2010-12-07,2.4044036865234375
2010-12-08,2.377981185913086
2010-12-09,2.3568432331085205
2010-12-10,2.2828617095947266
2010-12-13,2.303999900817871
2010-12-14,2.3674120903015137
2010-12-15,2.4044036865234375
2010-12-16,2.3991189002990723
2010-12-17,2.4413928985595703
2010-12-20,2.419198751449585
2010-12-21,2.4096875190734863
2010-12-22,2.3461344242095947
2010-12-23,2.3313066959381104
2010-12-27,2.298470973968506
2010-12-28,2.298470973968506
2010-12-29,2.310121774673462
2010-12-30,2.309062957763672
2011-01-03,2.3281290531158447
2011-01-04,2.287877082824707
2011-01-05,2.257162094116211
2011-01-06,2.232800245285034
2011-01-07,2.2359771728515625
2011-01-10,2.2370383739471436
2011-01-11,2.2719905376434326
2011-01-12,2.298470973968506
2011-01-13,2.2719905376434326
2011-01-14,2.2666947841644287
2011-01-17,2.261399745941162
2011-01-18,2.2465689182281494
2011-01-19,2.2539844512939453
2011-01-20,2.2391555309295654
2011-01-21,2.2116165161132812
2011-01-24,2.1808998584747314
2011-01-26,2.153359889984131
2011-01-27,2.1448867321014404
2011-01-28,2.091926336288452
2011-01-31,2.103576898574829
2011-02-01,2.1692488193511963
2011-02-02,2.0855703353881836
2011-02-03,2.0389673709869385
2011-02-04,2.0188403129577637
2011-02-07,1.9595264196395874
2011-02-08,1.9563473463058472
2011-02-09,2.012485980987549
2011-02-10,2.118406057357788
2011-02-11,2.097222089767456
2011-02-14,2.091926336288452
2011-02-15,2.0940451622009277
2011-02-16,2.1194651126861572
2011-02-17,2.2137341499328613
2011-02-18,2.2370383739471436
2011-02-21,2.181957960128784
2011-02-22,2.20632004737854
2011-02-23,2.1927618980407715
2011-02-24,2.1927618980407715
2011-02-25,2.1212358474731445
2011-02-28,2.140451192855835
2011-03-01,2.168207883834839
2011-03-02,2.2162489891052246
2011-03-03,2.2205190658569336
2011-03-04,2.2055721282958984
2011-03-09,2.2055721282958984
2011-03-10,2.17141056060791
2011-03-11,2.1415183544158936
2011-03-14,2.148991823196411
2011-03-15,2.129777193069458
2011-03-16,2.1084237098693848
2011-03-17,2.129777193069458
2011-03-18,2.1618030071258545
2011-03-21,2.1756808757781982
2011-03-22,2.16393780708313
2011-03-23,2.1798171997070312
2011-03-24,2.2483713626861572
2011-03-25,2.2280197143554688
2011-03-28,2.309427499771118
2011-03-29,2.274078607559204
2011-03-30,2.274078607559204
2011-03-31,2.244086265563965
2011-04-01,2.3030009269714355
2011-04-04,2.337277889251709
2011-04-05,2.337277889251709
2011-04-06,2.3512017726898193
2011-04-07,2.3726260662078857
2011-04-08,2.295501470565796
2011-04-11,2.314781665802002
2011-04-12,2.301929473876953
2011-04-13,2.2922892570495605
2011-04-14,2.2280197143554688
2011-04-15,2.174459934234619
2011-04-18,2.2065935134887695
2011-04-19,2.2922892570495605
2011-04-20,2.2772927284240723
2011-04-25,2.2280197143554688
2011-04-26,2.249441623687744
2011-04-27,2.1316142082214355
2011-04-28,2.127328395843506
2011-04-29,2.1101913452148438
2011-05-02,2.0534181594848633
2011-05-03,1.9934340715408325
2011-05-04,1.9923627376556396
2011-05-05,1.997718334197998
2011-05-06,2.0084304809570312
2011-05-09,1.9923627376556396
2011-05-10,1.9923627376556396
2011-05-11,1.9987905025482178
2011-05-12,2.029853105545044
2011-05-13,2.051276445388794
2011-05-16,2.051276445388794
2011-05-17,2.0427069664001465
2011-05-18,1.9923627376556396
2011-05-19,2.0084304809570312
2011-05-20,1.997718334197998
2011-05-23,1.9655841588974
2011-05-24,1.9645122289657593
2011-05-25,1.9420170783996582
2011-05-26,1.9473744630813599
2011-05-27,1.9259494543075562
2011-05-30,1.9184539318084717
2011-05-31,1.9280925989151
2011-06-01,1.924879789352417
2011-06-02,1.8916740417480469
2011-06-03,1.8745349645614624
2011-06-06,1.8745349645614624
2011-06-07,1.8102660179138184
2011-06-08,1.8595393896102905
2011-06-09,1.8659658432006836
2011-06-10,1.847755789756775
2011-06-13,1.8231185674667358
2011-06-14,1.847755789756775
2011-06-15,1.8595393896102905
2011-06-16,1.8381153345108032
2011-06-17,1.847755789756775
2011-06-20,1.8573966026306152
2011-06-21,1.863823652267456
2011-06-22,1.9000245332717896
2011-06-24,1.8828098773956299
2011-06-27,1.9000245332717896
2011-06-28,1.9441345930099487
2011-06-29,1.9774878025054932
2011-06-30,1.9150855541229248
2011-07-01,1.9548943042755127
2011-07-04,1.9366034269332886
2011-07-05,1.9699565172195435
2011-07-06,2.0441925525665283
2011-07-07,1.9807144403457642
2011-07-08,1.9979299306869507
2011-07-11,1.9419838190078735
2011-07-12,1.8720508813858032
2011-07-13,1.9688798189163208
2011-07-14,1.9258439540863037
2011-07-15,1.9742604494094849
2011-07-18,2.0452680587768555
2011-07-19,2.0452680587768555
2011-07-20,2.050647735595703
2011-07-21,2.0646352767944336
2011-07-22,1.9248157739639282
2011-07-25,1.8545279502868652
2011-07-26,1.8750731945037842
2011-07-27,1.8177604675292969
2011-07-28,1.8112726211547852
2011-07-29,1.8274930715560913
2011-08-01,1.8339807987213135
2011-08-02,1.8534455299377441
2011-08-03,1.8545279502868652
2011-08-04,1.7734253406524658
2011-08-05,1.7517982721328735
2011-08-08,1.6220355033874512
2011-08-09,1.6761027574539185
2011-08-10,1.6761027574539185
2011-08-11,1.697730541229248
2011-08-12,1.6869173049926758
2011-08-15,1.7128697633743286
2011-08-16,1.7680190801620483
2011-08-17,1.8112726211547852
2011-08-18,1.7355784177780151
2011-08-19,1.7042181491851807
2011-08-22,1.7107068300247192
2011-08-23,1.7150324583053589
2011-08-24,1.7193574905395508
2011-08-25,1.7063807249069214
2011-08-26,1.7042181491851807
2011-08-29,1.7918082475662231
2011-08-30,1.838305115699768
2011-08-31,1.8610152006149292
2011-09-01,1.935627818107605
2011-09-02,1.9248157739639282
2011-09-05,1.8923749923706055
2011-09-06,1.9367105960845947
2011-09-08,1.9529314041137695
2011-09-09,1.915082573890686
2011-09-12,1.9367105960845947
2011-09-13,1.9734771251678467
2011-09-14,2.04376482963562
2011-09-15,2.0534963607788086
2011-09-16,2.0275444984436035
2011-09-19,2.02862548828125
2011-09-20,2.023218870162964
2011-09-21,2.0495426654815674
2011-09-22,1.977855920791626
2011-09-23,1.9387545585632324
2011-09-26,1.9626500606536865
2011-09-27,1.972426414489746
2011-09-28,1.9517894983291626
2011-09-29,2.0060956478118896
2011-09-30,2.0310776233673096
2011-10-03,2.036508083343506
2011-10-04,1.993062138557434
2011-10-05,1.9984933137893677
2011-10-06,2.0853848457336426
2011-10-07,2.0853848457336426
2011-10-10,2.1179676055908203
2011-10-11,2.075608730316162
2011-10-13,2.1081926822662354
2011-10-14,2.09190034866333
2011-10-17,2.0419390201568604
2011-10-18,2.0419390201568604
2011-10-19,2.0853848457336426
2011-10-20,2.0495426654815674
2011-10-21,2.0614893436431885
2011-10-24,2.0832114219665527
2011-10-25,2.0832114219665527
2011-10-26,2.0669198036193848
2011-10-27,2.0962460041046143
2011-10-28,2.09190034866333
2011-10-31,2.094074010848999
2011-11-01,2.0473692417144775
2011-11-03,2.0680058002471924
2011-11-04,2.062574625015259
2011-11-07,2.0636608600616455
2011-11-08,2.0614893436431885
2011-11-09,2.0310776233673096
2011-11-10,2.0245602130889893
2011-11-11,2.069091558456421
2011-11-14,2.0343358516693115
2011-11-16,2.052799701690674
2011-11-17,2.0028374195098877
2011-11-18,1.9550464153289795
2011-11-21,1.8898792266845703
2011-11-22,1.8953096866607666
2011-11-23,1.846432089805603
2011-11-24,1.875759243965149
2011-11-25,1.8703291416168213
2011-11-28,1.8605526685714722
2011-11-29,1.8507779836654663
2011-11-30,1.9441848993301392
2011-12-01,1.9517894983291626
2011-12-02,1.9278937578201294
2011-12-05,1.928979516029358
2011-12-06,1.9420145750045776
2011-12-07,1.8898792266845703
2011-12-08,1.8594670295715332
2011-12-09,1.8833626508712769
2011-12-12,1.8735873699188232
2011-12-13,1.9300661087036133
2011-12-14,1.8920512199401855
2011-12-15,1.8963959217071533
2011-12-16,1.901825189590454
2011-12-19,1.9137746095657349
2011-12-20,1.9713400602340698
2011-12-21,2.045790433883667
2011-12-22,2.0730667114257812
2011-12-23,2.045790433883667
2011-12-26,2.0119662284851074
2011-12-27,2.029423713684082
2011-12-28,2.0185129642486572
2011-12-29,2.049062490463257
2012-01-02,2.035970687866211
2012-01-03,2.0839781761169434
2012-01-04,2.094888687133789
2012-01-05,2.107982873916626
2012-01-06,2.0839781761169434
2012-01-09,2.0839781761169434
2012-01-10,2.0730667114257812
2012-01-11,2.0730667114257812
2012-01-12,2.0730667114257812
2012-01-13,2.0839781761169434
2012-01-16,2.0839781761169434
2012-01-17,2.0839781761169434
2012-01-18,2.0785224437713623
2012-01-19,2.090524673461914
2012-01-20,2.0883426666259766
2012-01-23,2.0916147232055664
2012-01-24,2.1276211738586426
2012-01-26,2.1614458560943604
2012-01-27,2.138532876968384
2012-01-30,2.102527141571045
2012-01-31,2.125438690185547
2012-02-01,2.123258113861084
2012-02-02,2.101435899734497
2012-02-03,2.094888687133789
2012-02-06,2.1658096313476562
2012-02-07,2.209454298019409
2012-02-08,2.184357166290283
2012-02-09,2.1396236419677734
2012-02-10,2.100344657897949
2012-02-13,2.1439881324768066
2012-02-14,2.0850696563720703
2012-02-15,2.099358081817627
2012-02-16,2.099358081817627
2012-02-17,2.115845203399658
2012-02-23,2.1213417053222656
2012-02-24,2.1290347576141357
2012-02-27,2.105952501296997
2012-02-28,2.086168050765991
2012-02-29,2.099358081817627
2012-03-01,2.1081509590148926
2012-03-02,2.1686041355133057
2012-03-05,2.157613515853882
2012-03-06,2.1180434226989746
2012-03-07,2.155414342880249
2012-03-08,2.16530704498291
2012-03-09,2.134530782699585
2012-03-12,2.1488189697265625
2012-03-13,2.16530704498291
2012-03-14,2.2026774883270264
2012-03-15,2.220264196395874
2012-03-16,2.172999620437622
2012-03-19,2.1982803344726562
2012-03-20,2.157613515853882
2012-03-21,2.2011725902557373
2012-03-22,2.2011725902557373
2012-03-23,2.1581623554229736
2012-03-26,2.205583333969116
2012-03-27,2.22212553024292
2012-03-28,2.211097478866577
2012-03-29,2.184631824493408
2012-03-30,2.183527708053589
2012-04-02,2.172499418258667
2012-04-03,2.1669862270355225
2012-04-04,2.130594253540039
2012-04-05,2.1383132934570312
2012-04-09,2.117361068725586
2012-04-10,2.1394169330596924
2012-04-11,2.1383132934570312
2012-04-12,2.144929885864258
2012-04-13,2.146033525466919
2012-04-16,2.1592676639556885
2012-04-17,2.205583333969116
2012-04-18,2.227640390396118
2012-04-19,2.2386670112609863
2012-04-20,2.2320494651794434
2012-04-23,2.205583333969116
2012-04-24,2.2199199199676514
2012-04-25,2.205583333969116
2012-04-26,2.1548545360565186
2012-04-27,2.22212553024292
2012-04-30,2.2210230827331543
2012-05-02,2.2210230827331543
2012-05-03,2.211097478866577
2012-05-04,2.205583333969116
2012-05-07,2.21661114692688
2012-05-08,2.2485921382904053
2012-05-09,2.2386670112609863
2012-05-10,2.255208969116211
2012-05-11,2.2596206665039062
2012-05-14,2.211097478866577
2012-05-15,2.211097478866577
2012-05-16,2.2088916301727295
2012-05-17,2.205583333969116
2012-05-18,2.205583333969116
2012-05-21,2.205583333969116
2012-05-22,2.214404821395874
2012-05-23,2.205583333969116
2012-05-24,2.205583333969116
2012-05-25,2.233154058456421
2012-05-28,2.2430777549743652
2012-05-29,2.2375643253326416
2012-05-30,2.227640390396118
2012-05-31,2.293806314468384
2012-06-01,2.233154058456421
2012-06-04,2.2000699043273926
2012-06-05,2.187939167022705
2012-06-06,2.2364614009857178
2012-06-08,2.2066874504089355
2012-06-11,2.2066874504089355
2012-06-12,2.205583333969116
2012-06-13,2.192349910736084
2012-06-14,2.1140506267547607
2012-06-15,2.1063334941864014
2012-06-18,2.1063334941864014
2012-06-19,2.07214617729187
2012-06-20,2.087584972381592
2012-06-21,2.095304250717163
2012-06-22,2.1063334941864014
2012-06-25,2.074350595474243
2012-06-26,2.1063334941864014
2012-06-27,2.141188859939575
2012-06-28,2.0803282260894775
2012-06-29,2.156680107116699
2012-07-02,2.124589681625366
2012-07-03,2.124589681625366
2012-07-04,2.102458953857422
2012-07-05,2.0714752674102783
2012-07-06,2.067049026489258
2012-07-10,2.069263219833374
2012-07-11,2.1135244369506836
2012-07-12,2.1212692260742188
2012-07-13,2.0747947692871094
2012-07-16,2.06815505027771
2012-07-17,2.0637295246124268
2012-07-18,2.061516046524048
2012-07-19,2.0747947692871094
2012-07-20,2.0637295246124268
2012-07-23,1.9884841442108154
2012-07-24,1.990696668624878
2012-07-25,2.0229668617248535
2012-07-26,2.0697021484375
2012-07-27,2.087505340576172
2012-07-30,2.136465311050415
2012-07-31,2.0596868991851807
2012-08-01,2.057461738586426
2012-08-02,2.094182014465332
2012-08-03,2.1175496578216553
2012-08-06,2.142029285430908
2012-08-07,2.1642844676971436
2012-08-08,2.136465311050415
2012-08-09,2.142029285430908
2012-08-10,2.142029285430908
2012-08-13,2.190990447998047
2012-08-14,2.232161521911621
2012-08-15,2.17207407951355
2012-08-16,2.1531574726104736
2012-08-17,2.145368814468384
2012-08-20,2.184314489364624
2012-08-21,2.194329023361206
2012-08-22,2.1876513957977295
2012-08-23,2.214357852935791
2012-08-24,2.1709601879119873
2012-08-27,2.2110204696655273
2012-08-28,2.194329023361206
2012-08-29,2.2199223041534424
2012-08-30,2.2388381958007812
2012-08-31,2.236612558364868
2012-09-03,2.2544169425964355
2012-09-04,2.3256313800811768
2012-09-05,2.4146523475646973
2012-09-06,2.4346821308135986
2012-09-10,2.380157947540283
2012-09-11,2.4591617584228516
2012-09-12,2.4235525131225586
2012-09-13,2.5025579929351807
2012-09-14,2.5036709308624268
2012-09-17,2.5236997604370117
2012-09-18,2.531489849090576
2012-09-19,2.520362377166748
2012-09-20,2.535940408706665
2012-09-21,2.5559704303741455
2012-09-24,2.5904645919799805
2012-09-25,2.522587776184082
2012-09-26,2.568899393081665
2012-09-27,2.6157684326171875
2012-09-28,2.6358554363250732
2012-10-01,2.6648685932159424
2012-10-02,2.6057255268096924
2012-10-03,2.592332601547241
2012-10-04,2.622465133666992
2012-10-05,2.5889854431152344
2012-10-08,2.6191179752349854
2012-10-09,2.6213481426239014
2012-10-10,2.563319683074951
2012-10-11,2.6191179752349854
2012-10-15,2.622465133666992
2012-10-16,2.555506706237793
2012-10-17,2.5666677951812744
2012-10-18,2.594564914703369
2012-10-19,2.622465133666992
2012-10-22,2.568899393081665
2012-10-23,2.5878710746765137
2012-10-24,2.5778262615203857
2012-10-25,2.5967977046966553
2012-10-26,2.594564914703369
2012-10-29,2.594564914703369
2012-10-30,2.5967977046966553
2012-10-31,2.6034936904907227
2012-11-01,2.61130428314209
2012-11-05,2.6972320079803467
2012-11-06,2.6782615184783936
2012-11-07,2.668217897415161
2012-11-08,2.633624792098999
2012-11-09,2.622465133666992
2012-11-12,2.620232105255127
2012-11-13,2.6213481426239014
2012-11-14,2.622465133666992
2012-11-16,2.8177549839019775
2012-11-19,2.801015615463257
2012-11-21,2.8177549839019775
2012-11-22,2.823333978652954
2012-11-23,2.816638231277466
2012-11-26,2.816638231277466
2012-11-27,2.816638231277466
2012-11-28,2.8121745586395264
2012-11-29,2.844536781311035
2012-11-30,3.040943145751953
2012-12-03,2.9795660972595215
2012-12-04,2.9739859104156494
2012-12-05,3.163695812225342
2012-12-06,3.0800015926361084
2012-12-07,3.044290542602539
2012-12-10,3.0130443572998047
2012-12-11,3.001885414123535
2012-12-12,3.119060754776001
2012-12-13,3.158115863800049
2012-12-14,3.074420928955078
2012-12-17,3.0175082683563232
2012-12-18,3.0387110710144043
2012-12-19,3.075505256652832
2012-12-20,3.075505256652832
2012-12-21,3.0475471019744873
2012-12-26,3.0822160243988037
2012-12-27,3.1012277603149414
2012-12-28,3.0195870399475098
2013-01-02,3.147080659866333
2013-01-03,3.2879958152770996
2013-01-04,3.2488527297973633
2013-01-07,3.2097089290618896
2013-01-08,3.0810954570770264
2013-01-09,3.1045825481414795
2013-01-10,3.0374813079833984
2013-01-11,3.075505256652832
2013-01-14,3.036363363265991
2013-01-15,3.0195870399475098
2013-01-16,3.075505256652832
2013-01-17,3.0341248512268066
2013-01-18,3.0195870399475098
2013-01-21,2.975970506668091
2013-01-22,3.0195870399475098
2013-01-23,3.0553746223449707
2013-01-24,3.005048990249634
2013-01-28,2.9088690280914307
2013-01-29,2.8574230670928955
2013-01-30,2.842885732650757
2013-01-31,2.8249917030334473
2013-02-01,2.8462393283843994
2013-02-04,2.7735469341278076
2013-02-05,2.684077024459839
2013-02-06,2.7634811401367188
2013-02-07,2.7399964332580566
2013-02-08,2.795914888381958
2013-02-13,2.7567710876464844
2013-02-14,2.795914888381958
2013-02-15,2.8406481742858887
2013-02-18,2.822754144668579
2013-02-19,2.835057497024536
2013-02-20,2.789203405380249
2013-02-21,2.8283464908599854
2013-02-22,2.8182806968688965
2013-02-25,2.795914888381958
2013-02-26,2.7646002769470215
2013-02-27,2.757380485534668
2013-02-28,2.987445116043091
2013-03-01,3.033684492111206
2013-03-04,2.9818062782287598
2013-03-05,3.014512062072754
2013-03-06,3.0393221378326416
2013-03-07,3.012255907058716
2013-03-08,3.023534059524536
2013-03-11,2.935567855834961
2013-03-12,2.9524848461151123
2013-03-13,2.9333131313323975
2013-03-14,2.9671449661254883
2013-03-15,2.922034740447998
2013-03-18,2.87015700340271
2013-03-19,2.954740285873413
2013-03-20,2.9073739051818848
2013-03-21,2.9242897033691406
2013-03-22,2.954740285873413
2013-03-25,2.9344403743743896
2013-03-26,2.937824249267578
2013-03-27,2.9428789615631104
2013-03-28,2.9440090656280518
2013-04-01,2.9078304767608643
2013-04-02,2.8908722400665283
2013-04-03,2.8987858295440674
2013-04-04,2.8094699382781982
2013-04-05,2.8716530799865723
2013-04-08,2.9451398849487305
2013-04-09,2.9734036922454834
2013-04-10,2.946270704269409
2013-04-11,3.016364097595215
2013-04-12,2.9643592834472656
2013-04-15,2.826429605484009
2013-04-16,2.837735414505005
2013-04-17,2.7472894191741943
2013-04-18,2.7246766090393066
2013-04-19,2.803818702697754
2013-04-22,2.7585954666137695
2013-04-23,2.867130994796753
2013-04-24,2.893132448196411
2013-04-25,2.9066998958587646
2013-04-26,2.9066998958587646
2013-04-29,2.868259906768799
2013-04-30,2.963228464126587
2013-05-02,2.9847095012664795
2013-05-03,3.09098219871521
2013-05-06,3.1656010150909424
2013-05-07,3.2063019275665283
2013-05-08,3.239086627960205
2013-05-09,3.139596939086914
2013-05-10,3.145250082015991
2013-05-13,3.1961262226104736
2013-05-14,3.193866014480591
2013-05-15,3.193866014480591
2013-05-16,3.1972572803497314
2013-05-17,3.1836893558502197
2013-05-20,3.174644947052002
2013-05-21,3.2334342002868652
2013-05-22,3.2221298217773438
2013-05-23,3.1644704341888428
2013-05-24,3.116986036300659
2013-05-27,3.1418588161468506
2013-05-28,3.1712536811828613
2013-05-29,3.142988920211792
2013-05-31,3.2006468772888184
2013-06-03,3.1825592517852783
2013-06-04,3.194995641708374
2013-06-05,3.2006468772888184
2013-06-06,3.1486423015594482
2013-06-07,3.1486423015594482
2013-06-10,3.135075330734253
2013-06-11,3.0988972187042236
2013-06-12,3.075155735015869
2013-06-13,3.116986036300659
2013-06-14,3.139596939086914
2013-06-17,3.14411997795105
2013-06-18,3.1486423015594482
2013-06-19,3.1316840648651123
2013-06-20,3.064978837966919
2013-06-21,3.154294729232788
2013-06-24,3.103419065475464
2013-06-25,3.086460828781128
2013-06-26,3.15104603767395
2013-06-27,3.172574281692505
2013-06-28,3.1895699501037598
2013-07-01,3.1929690837860107
2013-07-02,3.130650520324707
2013-07-03,3.149911642074585
2013-07-04,3.1839046478271484
2013-07-05,3.191836357116699
2013-07-08,3.144247055053711
2013-07-10,3.1669087409973145
2013-07-11,3.195234775543213
2013-07-12,3.23602557182312
2013-07-15,3.2371575832366943
2013-07-16,3.2178962230682373
2013-07-17,3.195234775543213
2013-07-18,3.1907026767730713
2013-07-19,3.172574281692505
2013-07-22,3.2065656185150146
2013-07-23,3.1895699501037598
2013-07-24,3.1635091304779053
2013-07-25,3.144247055053711
2013-07-26,3.144247055053711
2013-07-29,3.169174909591675
2013-07-30,3.144247055053711
2013-07-31,3.193866491317749
2013-08-01,3.213258743286133
2013-08-02,3.2029919624328613
2013-08-05,3.204132556915283
2013-08-06,3.1368329524993896
2013-08-07,3.0855042934417725
2013-08-08,3.0855042934417725
2013-08-09,3.0569863319396973
2013-08-12,3.045579433441162
2013-08-13,3.046719551086426
2013-08-14,2.988546371459961
2013-08-15,3.0113601684570312
2013-08-16,3.0912060737609863
2013-08-19,3.166489362716675
2013-08-20,3.1995692253112793
2013-08-21,3.2223832607269287
2013-08-22,3.2007105350494385
2013-08-23,3.2166800498962402
2013-08-26,3.1881628036499023
2013-08-27,3.1835997104644775
2013-08-28,3.189302682876587
2013-08-29,3.169912099838257
2013-08-30,3.193866491317749
2013-09-02,3.181318759918213
2013-09-03,3.1505205631256104
2013-09-04,3.1835997104644775
2013-09-05,3.1653501987457275
2013-09-06,3.193866491317749
2013-09-09,3.2143988609313965
2013-09-10,3.179039239883423
2013-09-11,3.193866491317749
2013-09-12,3.193866491317749
2013-09-13,3.198428153991699
2013-09-16,3.168771743774414
2013-09-17,3.1642091274261475
2013-09-18,3.171053409576416
2013-09-19,3.1391143798828125
2013-09-20,3.133411169052124
2013-09-23,3.1482396125793457
2013-09-24,3.1391143798828125
2013-09-25,3.1467175483703613
2013-09-26,3.173025608062744
2013-09-27,3.1478610038757324
2013-09-30,3.088380813598633
2013-10-01,3.070080280303955
2013-10-02,3.1284148693084717
2013-10-03,3.182176113128662
2013-10-04,3.1753125190734863
2013-10-07,3.202765941619873
2013-10-08,3.2313618659973145
2013-10-09,3.225642442703247
2013-10-10,3.242799758911133
2013-10-11,3.2771146297454834
2013-10-14,3.2416555881500244
2013-10-15,3.258814811706543
2013-10-16,3.237081527709961
2013-10-17,3.253095865249634
2013-10-18,3.2679641246795654
2013-10-21,3.3194382190704346
2013-10-22,3.3514654636383057
2013-10-23,3.2782599925994873
2013-10-24,3.318294048309326
2013-10-25,3.3457462787628174
2013-10-28,3.3457462787628174
2013-10-29,3.335452079772949
2013-10-30,3.3285884857177734
2013-10-31,3.3285884857177734
2013-11-01,3.374342679977417
2013-11-04,3.37548565864563
2013-11-05,3.385779619216919
2013-11-06,3.388070821762085
2013-11-07,3.4486939907073975
2013-11-08,3.408658742904663
2013-11-11,3.38234806060791
2013-11-12,3.318294048309326
2013-11-13,3.385779619216919
2013-11-14,3.440685749053955
2013-11-18,3.4544098377227783
2013-11-19,3.4486939907073975
2013-11-21,3.4658498764038086
2013-11-22,3.500166654586792
2013-11-25,3.511603832244873
2013-11-26,3.6660234928131104
2013-11-27,3.6145496368408203
2013-11-28,3.6031129360198975
2013-11-29,3.6031129360198975
2013-12-02,3.625988245010376
2013-12-03,3.652296543121338
2013-12-04,3.6397149562835693
2013-12-05,3.6717417240142822
2013-12-06,3.6614480018615723
2013-12-09,3.674032688140869
2013-12-10,3.660303831100464
2013-12-11,3.625988245010376
2013-12-12,3.5859527587890625
2013-12-13,3.551638126373291
2013-12-16,3.569938898086548
2013-12-17,3.552781581878662
2013-12-18,3.5556161403656006
2013-12-19,3.6014955043792725
2013-12-20,3.5785553455352783
2013-12-23,3.5384104251861572
2013-12-26,3.5797009468078613
2013-12-27,3.5716726779937744
2013-12-30,3.5739669799804688
2014-01-02,3.4867970943450928
2014-01-03,3.4546821117401123
2014-01-06,3.4730336666107178
2014-01-07,3.47074031829834
2014-01-08,3.411097288131714
2014-01-09,3.349160671234131
2014-01-10,3.3285155296325684
2014-01-13,3.2803406715393066
2014-01-14,3.337690830230713
2014-01-15,3.3193397521972656
2014-01-16,3.3262217044830322
2014-01-17,3.29754638671875
2014-01-20,3.2574033737182617
2014-01-21,3.2424919605255127
2014-01-22,3.2642860412597656
2014-01-23,3.188584566116333
2014-01-24,3.244785785675049
2014-01-27,3.222994804382324
2014-01-28,3.2126710414886475
2014-01-29,3.2264344692230225
2014-01-30,3.1553220748901367
2014-01-31,3.1427061557769775
2014-02-03,3.131235361099243
2014-02-04,3.146146774291992
2014-02-05,3.1197667121887207
2014-02-06,3.1828501224517822
2014-02-07,3.154175281524658
2014-02-10,3.1518807411193848
2014-02-11,3.222994804382324
2014-02-12,3.291811943054199
2014-02-13,3.3262217044830322
2014-02-14,3.4088027477264404
2014-02-17,3.4638566970825195
2014-02-18,3.3961870670318604
2014-02-19,3.416832447052002
2014-02-20,3.434037446975708
2014-02-21,3.4351844787597656
2014-02-24,3.399627447128296
2014-02-25,3.341132164001465
2014-02-26,3.4792115688323975
2014-02-27,3.4826841354370117
2014-02-28,3.540555953979492
2014-03-05,3.5069894790649414
2014-03-06,3.5324532985687256
2014-03-07,3.5046753883361816
2014-03-10,3.458378553390503
2014-03-11,3.464165687561035
2014-03-12,3.4954147338867188
2014-03-13,3.4479618072509766
2014-03-14,3.472266912460327
2014-03-17,3.5741212368011475
2014-03-18,3.6574547290802
2014-03-19,3.6505119800567627
2014-03-20,3.6528258323669434
2014-03-21,3.697965145111084
2014-03-24,3.7037525177001953
2014-03-25,3.6586129665374756
2014-03-26,3.662503957748413
2014-03-27,3.667145013809204
2014-03-28,3.667145013809204
2014-03-31,3.6787497997283936
2014-04-01,3.6787497997283936
2014-04-02,3.743739128112793
2014-04-03,3.754181146621704
2014-04-04,3.7831952571868896
2014-04-07,3.730973958969116
2014-04-08,3.79247784614563
2014-04-09,3.829613447189331
2014-04-10,3.9108479022979736
2014-04-11,3.958428144454956
2014-04-14,3.88763689994812
2014-04-15,3.8760340213775635
2014-04-16,4.0013651847839355
2014-04-17,4.022254467010498
2014-04-22,4.002526760101318
2014-04-23,4.02457332611084
2014-04-24,3.9118919372558594
2014-04-25,3.981290340423584
2014-04-28,4.019004821777344
2014-04-29,4.038617134094238
2014-04-30,4.059737205505371
2014-05-02,4.0884013175964355
2014-05-05,4.01146125793457
2014-05-06,4.0220208168029785
2014-05-07,4.053703784942627
2014-05-08,4.156291961669922
2014-05-09,4.168362140655518
2014-05-12,4.187971591949463
2014-05-13,4.194007396697998
2014-05-14,4.177412509918213
2014-05-15,4.136678695678711
2014-05-16,4.112541675567627
2014-05-19,4.050687789916992
2014-05-20,4.000903129577637
2014-05-21,4.050687789916992
2014-05-22,4.040126323699951
2014-05-23,3.946592092514038
2014-05-26,3.967710018157959
2014-05-27,3.967710018157959
2014-05-28,3.9827985763549805
2014-05-29,3.934522867202759
2014-05-30,3.9239606857299805
2014-06-02,3.92999529838562
2014-06-03,3.9827985763549805
2014-06-04,4.0461626052856445
2014-06-05,4.056720733642578
2014-06-06,4.080860137939453
2014-06-09,4.194007396697998
2014-06-10,4.320733547210693
2014-06-11,4.269438743591309
2014-06-13,4.279997825622559
2014-06-16,4.189480781555176
2014-06-17,4.221163272857666
2014-06-18,4.252845287322998
2014-06-20,4.194007396697998
2014-06-23,4.200041770935059
2014-06-24,4.227198600769043
2014-06-25,4.218212604522705
2014-06-26,4.249973297119141
2014-06-27,4.2348480224609375
2014-06-30,4.278709411621094
2014-07-01,4.287783622741699
2014-07-02,4.2575364112854
2014-07-03,4.310471534729004
2014-07-04,4.284760475158691
2014-07-07,4.174350261688232
2014-07-08,4.062430381774902
2014-07-10,4.0836052894592285
2014-07-11,4.163764476776123
2014-07-14,4.2348480224609375
2014-07-15,4.113853454589844
2014-07-16,4.106291770935059
2014-07-17,4.109317779541016
2014-07-18,4.053356170654297
2014-07-21,4.172839164733887
2014-07-22,4.213674068450928
2014-07-23,4.296627998352051
2014-07-24,4.301187992095947
2014-07-25,4.258604526519775
2014-07-28,4.327044486999512
2014-07-29,4.270771026611328
2014-07-30,4.179515361785889
2014-07-31,4.136927604675293
2014-08-01,4.147574424743652
2014-08-04,4.135407447814941
2014-08-05,4.197765350341797
2014-08-06,4.212974548339844
2014-08-07,4.155179023742676
2014-08-08,4.094342231750488
2014-08-11,4.118677616119385
2014-08-12,4.02894401550293
2014-08-13,3.9924402236938477
2014-08-14,3.962021827697754
2014-08-15,4.031984806060791
2014-08-18,4.10346794128418
2014-08-19,4.054798126220703
2014-08-20,4.079133033752441
2014-08-21,4.0578413009643555
2014-08-22,4.038068771362305
2014-08-25,4.076092720031738
2014-08-26,4.035027503967285
2014-08-27,4.139970302581787
2014-08-28,4.09890604019165
2014-08-29,4.250999450683594
2014-09-01,4.241873264312744
2014-09-02,4.243393421173096
2014-09-03,4.289020538330078
2014-09-04,4.282937526702881
2014-09-05,4.3194403648376465
2014-09-08,4.3650665283203125
2014-09-09,4.301187992095947
2014-09-10,4.3163981437683105
2014-09-11,4.343774318695068
2014-09-12,4.266208648681641
2014-09-15,4.2601237297058105
2014-09-16,4.273813724517822
2014-09-17,4.263165473937988
2014-09-18,4.293583869934082
2014-09-19,4.304230690002441
2014-09-22,4.314876556396484
2014-09-23,4.327044486999512
2014-09-24,4.391358852386475
2014-09-25,4.376111030578613
2014-09-26,4.406608581542969
2014-09-29,4.391358852386475
2014-09-30,4.356288909912109
2014-10-01,4.357818126678467
2014-10-02,4.360866069793701
2014-10-03,4.386787414550781
2014-10-06,4.330368995666504
2014-10-07,4.362390518188477
2014-10-08,4.345617294311523
2014-10-09,4.328845024108887
2014-10-10,4.267853736877441
2014-10-13,4.226684093475342
2014-10-14,4.19313907623291
2014-10-15,4.135197162628174
2014-10-16,4.16264533996582
2014-10-17,4.13367223739624
2014-10-20,4.11690092086792
2014-10-21,4.209909915924072
2014-10-22,4.19313907623291
2014-10-23,4.222108840942383
2014-10-24,4.234308242797852
2014-10-27,4.362390518188477
2014-10-28,4.443204879760742
2014-10-29,4.441677093505859
2014-10-30,4.377635955810547
2014-10-31,4.4569244384765625
2014-11-03,4.527063369750977
2014-11-04,4.559085369110107
2014-11-05,4.604830265045166
2014-11-06,4.59110689163208
2014-11-07,4.565184116363525
2014-11-10,4.574333190917969
2014-11-11,4.5895819664001465
2014-11-12,4.520967483520508
2014-11-13,4.51334285736084
2014-11-14,4.488945960998535
2014-11-17,4.510289669036865
2014-11-18,4.5819573402404785
2014-11-19,4.533163070678711
2014-11-21,4.574333190917969
2014-11-24,4.65057373046875
2014-11-25,4.633800983428955
2014-11-26,4.639900207519531
2014-11-27,4.635324478149414
2014-11-28,4.645997524261475
2014-12-01,4.569762229919434
2014-12-02,4.641424179077148
2014-12-03,4.682595729827881
2014-12-04,4.633800983428955
2014-12-05,4.656670570373535
2014-12-08,4.559085369110107
2014-12-09,4.560610294342041
2014-12-10,4.682595729827881
2014-12-11,4.806102752685547
2014-12-12,4.667346954345703
2014-12-15,4.633800983428955
2014-12-16,4.562135696411133
2014-12-17,4.55242919921875
2014-12-18,4.624276638031006
2014-12-19,4.630391597747803
2014-12-22,4.659435749053955
2014-12-23,4.639561653137207
2014-12-26,4.69306755065918
2014-12-29,4.682368278503418
2014-12-30,4.662493705749512
2015-01-02,4.708353519439697
2015-01-05,4.7404584884643555
2015-01-06,4.670135974884033
2015-01-07,4.616633415222168
2015-01-08,4.694598197937012
2015-01-09,4.673194885253906
2015-01-12,4.647205829620361
2015-01-13,4.664022445678711
2015-01-14,4.738928318023682
2015-01-15,4.738928318023682
2015-01-16,4.738928318023682
2015-01-19,4.763387203216553
2015-01-20,4.8230061531066895
2015-01-21,4.771029949188232
2015-01-22,4.810776233673096
2015-01-23,4.867339134216309
2015-01-26,4.809247016906738
2015-01-27,4.8902692794799805
2015-01-28,4.937657833099365
2015-01-29,5.049252986907959
2015-01-30,4.904026031494141
2015-02-02,5.035494327545166
2015-02-03,4.995747089385986
2015-02-04,5.02020788192749
2015-02-05,5.006448268890381
2015-02-06,4.995747089385986
2015-02-09,5.003389358520508
2015-02-10,5.134857654571533
2015-02-11,5.098171710968018
2015-02-12,5.0400800704956055
2015-02-13,4.959059715270996
2015-02-18,4.952944755554199
2015-02-19,5.044665813446045
2015-02-20,4.968231678009033
2015-02-23,4.9453020095825195
2015-02-24,4.968231678009033
2015-02-25,4.877096652984619
2015-02-26,4.8570942878723145
2015-02-27,4.7047834396362305
2015-03-02,4.781709671020508
2015-03-03,4.877096652984619
2015-03-04,4.869404315948486
2015-03-05,4.815556049346924
2015-03-06,4.8401713371276855
2015-03-09,4.778630256652832
2015-03-10,4.723243236541748
2015-03-11,4.789400577545166
2015-03-12,4.869404315948486
2015-03-13,4.846325397491455
2015-03-16,4.723243236541748
2015-03-17,4.737092971801758
2015-03-18,4.806325435638428
2015-03-19,4.783249378204346
2015-03-20,4.829403400421143
2015-03-23,4.746323108673096
2015-03-24,4.730938911437988
2015-03-25,4.777763366699219
2015-03-26,4.691372394561768
2015-03-27,4.780848979949951
2015-03-30,4.911981105804443
2015-03-31,4.905808925628662
2015-04-01,4.989112377166748
2015-04-02,4.986031532287598
2015-04-06,4.998370170593262
2015-04-07,5.019968032836914
2015-04-08,5.013800621032715
2015-04-09,4.949001789093018
2015-04-10,4.973687171936035
2015-04-13,4.964430332183838
2015-04-14,5.013800621032715
2015-04-15,5.007627487182617
2015-04-16,4.918149471282959
2015-04-17,4.908893585205078
2015-04-20,4.853355407714844
2015-04-22,4.828672409057617
2015-04-23,4.856441974639893
2015-04-24,4.911981105804443
2015-04-27,4.890380382537842
2015-04-28,4.844100475311279
2015-04-29,4.890380382537842
2015-04-30,4.949001789093018
2015-05-04,5.121786117553711
2015-05-05,5.186580181121826
2015-05-06,5.13104248046875
2015-05-07,5.140298843383789
2015-05-08,5.214349746704102
2015-05-11,5.251375675201416
2015-05-12,5.29148530960083
2015-05-13,5.232859134674072
2015-05-14,5.371706962585449
2015-05-15,5.343935489654541
2015-05-18,5.322338581085205
2015-05-19,5.245204448699951
2015-05-20,5.282228469848633
2015-05-21,5.306911468505859
2015-05-22,5.337766170501709
2015-05-25,5.473523139953613
2015-05-26,5.282228469848633
2015-05-27,5.365535736083984
2015-05-28,5.306911468505859
2015-05-29,5.276056289672852
2015-06-01,5.313081741333008
2015-06-02,5.445756435394287
2015-06-03,5.445756435394287
2015-06-05,5.513635158538818
2015-06-08,5.501291275024414
2015-06-09,5.56608772277832
2015-06-10,5.6000261306762695
2015-06-11,5.6617350578308105
2015-06-12,5.593854904174805
2015-06-15,5.553744316101074
2015-06-16,5.6463093757629395
2015-06-17,5.689503192901611
2015-06-18,5.7111005783081055
2015-06-19,5.782066822052002
2015-06-22,5.859201431274414
2015-06-23,5.8098344802856445
2015-06-24,5.815656661987305
2015-06-25,5.905367374420166
2015-06-26,5.9424872398376465
2015-06-29,5.865152835845947
2015-06-30,5.880618572235107
2015-07-01,6.026011943817139
2015-07-02,6.053854465484619
2015-07-03,6.134280681610107
2015-07-06,6.128091812133789
2015-07-07,6.186869144439697
2015-07-08,6.115720272064209
2015-07-10,6.060037612915039
2015-07-13,6.081691741943359
2015-07-14,6.109533309936523
2015-07-15,6.106439113616943
2015-07-16,6.121908187866211
2015-07-17,6.072412014007568
2015-07-20,6.063131332397461
2015-07-21,6.121908187866211
2015-07-22,6.155935287475586
2015-07-23,6.118814468383789
2015-07-24,6.168308258056641
2015-07-27,6.078598499298096
2015-07-28,5.877525806427002
2015-07-29,5.682716369628906
2015-07-30,5.676502227783203
2015-07-31,5.8132100105285645
2015-08-03,5.83185338973999
2015-08-04,5.921955585479736
2015-08-05,5.80078125
2015-08-06,5.738643646240234
2015-08-07,5.654751777648926
2015-08-10,5.7479634284973145
2015-08-11,5.75106954574585
2015-08-12,5.564648628234863
2015-08-13,5.5460076332092285
2015-08-14,5.409299373626709
2015-08-17,5.319195747375488
2015-08-18,5.437262535095215
2015-08-19,5.431048393249512
2015-08-20,5.166953086853027
2015-08-21,5.238412857055664
2015-08-24,5.132776737213135
2015-08-25,5.017816543579102
2015-08-26,5.02713680267334
2015-08-27,5.173170566558838
2015-08-28,5.2011308670043945
2015-08-31,5.20423698425293
2015-09-01,5.055100917816162
2015-09-02,5.241520404815674
2015-09-03,5.241520404815674
2015-09-04,5.126560688018799
2015-09-08,5.073741436004639
2015-09-09,4.996067047119141
2015-09-10,4.971212863922119
2015-09-11,4.983639717102051
2015-09-14,5.104811668395996
2015-09-15,5.126560688018799
2015-09-16,5.166953086853027
2015-09-17,5.20423698425293
2015-09-18,5.107919216156006
2015-09-21,5.048887252807617
2015-09-22,5.129668712615967
2015-09-23,5.07484245300293
2015-09-24,5.06549072265625
2015-09-25,4.918981075286865
2015-09-28,4.875341892242432
2015-09-29,4.831701278686523
2015-09-30,4.816112041473389
2015-10-01,4.953271389007568
2015-10-02,5.093547821044922
2015-10-05,5.218236446380615
2015-10-06,5.205765724182129
2015-10-07,5.249408721923828
2015-10-08,5.06549072265625
2015-10-09,4.975091934204102
2015-10-13,5.093547821044922
2015-10-14,5.034317970275879
2015-10-15,5.046787738800049
2015-10-16,4.987562656402588
2015-10-19,4.959506034851074
2015-10-20,4.971973419189453
2015-10-21,4.881574630737305
2015-10-22,4.940801620483398
2015-10-23,4.940801620483398
2015-10-26,4.878457069396973
2015-10-27,4.865988731384277
2015-10-28,4.725712776184082
2015-10-29,4.529329299926758
2015-10-30,4.488805294036865
2015-11-03,4.4856858253479
2015-11-04,4.479452610015869
2015-11-05,4.797410488128662
2015-11-06,4.6945414543151855
2015-11-09,4.650900840759277
2015-11-10,4.51062536239624
2015-11-11,4.532445907592773
2015-11-12,4.442046642303467
2015-11-13,4.379702568054199
2015-11-16,4.426460266113281
2015-11-17,4.495039463043213
2015-11-18,4.404637813568115
2015-11-19,4.5823211669921875
2015-11-23,4.5823211669921875
2015-11-24,4.710127830505371
2015-11-25,4.812997817993164
2015-11-26,4.784942150115967
2015-11-27,4.881574630737305
2015-11-30,4.73818302154541
2015-12-01,4.953271389007568
2015-12-02,5.009379863739014
2015-12-03,5.143420219421387
2015-12-04,4.8628716468811035
2015-12-07,5.024967670440674
2015-12-08,4.841049671173096
2015-12-09,4.816112041473389
2015-12-10,4.987562656402588
2015-12-11,5.118484020233154
2015-12-14,4.887809753417969
2015-12-15,4.800527095794678
2015-12-16,4.897161960601807
2015-12-17,4.818933963775635
2015-12-18,4.756352424621582
2015-12-21,4.753221035003662
2015-12-22,4.840839385986328
2015-12-23,4.865872383117676
2015-12-28,4.931587219238281
2015-12-29,4.875260353088379
2015-12-30,4.6781229972839355
2016-01-04,4.581118106842041
2016-01-05,4.803288459777832
2016-01-06,4.693767547607422
2016-01-07,4.559212684631348
2016-01-08,4.537309169769287
2016-01-11,4.434045791625977
2016-01-12,4.631183624267578
2016-01-13,4.459080219268799
2016-01-14,4.4622087478637695
2016-01-15,4.418398857116699
2016-01-18,4.368332862854004
2016-01-19,4.402752876281738
2016-01-20,4.3401713371276855
2016-01-21,4.534179210662842
2016-01-22,4.615538597106934
2016-01-26,4.440303802490234
2016-01-27,4.621795177459717
2016-01-28,4.609279155731201
2016-01-29,4.837710380554199
2016-02-01,4.7188029289245605
2016-02-02,4.524792194366455
2016-02-03,4.612410068511963
2016-02-04,4.593634128570557
2016-02-05,4.568600654602051
2016-02-10,4.568600654602051
2016-02-11,4.465337753295898
2016-02-12,4.4903693199157715
2016-02-15,4.3871073722839355
2016-02-16,4.380847930908203
2016-02-17,4.37772274017334
2016-02-18,4.427786827087402
2016-02-19,4.380847930908203
2016-02-22,4.568600654602051
2016-02-23,4.524792194366455
2016-02-24,4.112860202789307
2016-02-25,4.153766632080078
2016-02-26,4.043629169464111
2016-02-29,4.150620937347412
2016-03-01,4.169499397277832
2016-03-02,4.29537296295166
2016-03-03,4.263905048370361
2016-03-04,4.3205485343933105
2016-03-07,4.392924785614014
2016-03-08,4.578585147857666
2016-03-09,4.364603042602539
2016-03-10,4.329986572265625
2016-03-11,4.2859320640563965
2016-03-14,4.248171329498291
2016-03-15,4.248171329498291
2016-03-16,4.339426517486572
2016-03-17,4.493621826171875
2016-03-18,4.531381607055664
2016-03-21,4.5974650382995605
2016-03-22,4.657255172729492
2016-03-23,4.431509494781494
2016-03-24,4.390445232391357
2016-03-28,4.4946794509887695
2016-03-29,4.611546993255615
2016-03-30,4.583119869232178
2016-03-31,4.4378252029418945
2016-04-01,4.523105621337891
2016-04-04,4.377812385559082
2016-04-05,4.371493816375732
2016-04-06,4.450459003448486
2016-04-07,4.422033786773682
2016-04-08,4.384130477905273
2016-04-11,4.216723918914795
2016-04-12,4.254626274108887
2016-04-13,4.377812385559082
2016-04-14,4.40308141708374
2016-04-15,4.516790390014648
2016-04-18,4.422033786773682
2016-04-19,4.463093280792236
2016-04-20,4.418874740600586
2016-04-22,4.459935188293457
2016-04-25,4.450459003448486
2016-04-26,4.583119869232178
2016-04-27,4.801061630249023
2016-04-28,4.823174476623535
2016-04-29,4.794746398925781
2016-05-02,4.823174476623535
2016-05-03,4.8042216300964355
2016-05-04,4.747367858886719
2016-05-05,4.772637367248535
2016-05-06,4.731575965881348
2016-05-09,4.7789530754089355
2016-05-10,4.9210896492004395
2016-05-11,4.892662525177002
2016-05-12,4.958991527557373
2016-05-13,4.848443031311035
2016-05-16,4.769478797912598
2016-05-17,4.7189412117004395
2016-05-18,4.77579402923584
2016-05-19,4.766319751739502
2016-05-20,4.826333045959473
2016-05-23,4.671560764312744
2016-05-24,4.693671703338623
2016-05-25,4.690512657165527
2016-05-27,4.611546993255615
2016-05-30,4.64945125579834
2016-05-31,4.545217514038086
2016-06-01,4.703147888183594
2016-06-02,4.665244102478027
2016-06-03,4.684196949005127
2016-06-06,4.722097873687744
2016-06-07,4.68735408782959
2016-06-08,4.766319751739502
2016-06-09,4.681036472320557
2016-06-10,4.526266574859619
2016-06-13,4.545217514038086
2016-06-14,4.415714740753174
2016-06-15,4.380970478057861
2016-06-16,4.507314682006836
2016-06-17,4.447300434112549
2016-06-20,4.4883623123168945
2016-06-21,4.557851314544678
2016-06-22,4.554693222045898
2016-06-23,4.608388900756836
2016-06-24,4.472568988800049
2016-06-27,4.422033786773682
2016-06-28,4.33991003036499
2016-06-29,4.361082077026367
2016-06-30,4.361082077026367
2016-07-01,4.351559638977051
2016-07-04,4.300775051116943
2016-07-05,4.253164768218994
2016-07-06,4.253164768218994
2016-07-07,4.29760217666626
2016-07-08,4.348386764526367
2016-07-11,4.253164768218994
2016-07-12,4.192859172821045
2016-07-13,4.249990463256836
2016-07-14,4.373777389526367
2016-07-15,4.386474132537842
2016-07-18,4.491213798522949
2016-07-19,4.513433456420898
2016-07-20,4.561044216156006
2016-07-21,4.640395641326904
2016-07-22,4.653090000152588
2016-07-25,4.5991315841674805
2016-07-26,4.634045124053955
2016-07-27,4.824484825134277
2016-07-28,4.856225967407227
2016-07-29,4.846704959869385
2016-08-01,4.92506742477417
2016-08-02,4.909159183502197
2016-08-03,4.915524005889893
2016-08-04,4.969608783721924
2016-08-05,5.055511951446533
2016-08-08,5.195499897003174
2016-08-09,5.300493240356445
2016-08-10,5.281401634216309
2016-08-11,5.450024127960205
2016-08-12,5.430935382843018
2016-08-15,5.465932846069336
2016-08-16,5.440479755401611
2016-08-17,5.475477695465088
2016-08-18,5.450024127960205
2016-08-19,5.408665180206299
2016-08-22,5.281401634216309
2016-08-23,5.268674850463867
2016-08-24,5.281401634216309
2016-08-25,5.230497360229492
2016-08-26,5.106414318084717
2016-08-29,5.35457706451416
2016-08-30,5.255950927734375
2016-08-31,5.259132385253906
2016-09-01,5.249586582183838
2016-09-02,5.335490703582764
2016-09-05,5.268674850463867
2016-09-06,5.430935382843018
2016-09-08,5.446844577789307
2016-09-09,5.2145891189575195
2016-09-12,5.370484828948975
2016-09-13,5.297309875488281
2016-09-14,5.310035705566406
2016-09-15,5.392757415771484
2016-09-16,5.290944576263428
2016-09-19,5.3641228675842285
2016-09-20,5.462751388549805
2016-09-21,5.43729829788208
2016-09-22,5.5772881507873535
2016-09-23,5.56774377822876
2016-09-26,5.439464092254639
2016-09-27,5.465000629425049
2016-09-28,5.637375831604004
2016-09-29,5.602263927459717
2016-09-30,5.637375831604004
2016-10-03,5.65333890914917
2016-10-04,5.640568256378174
2016-10-05,5.698028087615967
2016-10-06,5.74591064453125
2016-10-07,5.739526271820068
2016-10-10,5.800179958343506
2016-10-11,5.682066917419434
2016-10-13,5.694836139678955
2016-10-14,5.560766220092773
2016-10-17,5.662914752960205
2016-10-18,5.704410552978516
2016-10-19,5.662914752960205
2016-10-20,5.7267584800720215
2016-10-21,5.71718168258667
2016-10-24,5.624607086181641
2016-10-25,5.61184024810791
2016-10-26,5.576725959777832
2016-10-27,5.560766220092773
2016-10-28,5.516074180603027
2016-10-31,5.618224143981934
2016-11-01,5.442654609680176
2016-11-03,5.382002830505371
2016-11-04,5.420309543609619
2016-11-07,5.493729114532471
2016-11-08,5.426694393157959
2016-11-09,5.337312698364258
2016-11-10,5.26708459854126
2016-11-11,5.193663597106934
2016-11-14,5.196857452392578
2016-11-16,5.292622089385986
2016-11-17,5.17770528793335
2016-11-18,5.244739055633545
2016-11-21,5.09151554107666
2016-11-22,5.05640172958374
2016-11-23,5.120244979858398
2016-11-24,5.011711120605469
2016-11-25,4.9255218505859375
2016-11-28,5.145781993865967
2016-11-29,5.075557231903076
2016-11-30,4.970212936401367
2016-12-01,4.657378673553467
2016-12-02,4.698880195617676
2016-12-05,4.615880489349365
2016-12-06,4.721222400665283
2016-12-07,4.823374271392822
2016-12-08,4.826565265655518
2016-12-09,4.836139678955078
2016-12-12,4.705262184143066
2016-12-13,4.785067558288574
2016-12-14,4.644612789154053
2016-12-15,4.727609634399414
2016-12-16,4.6797261238098145
2016-12-19,4.708194255828857
2016-12-20,4.6568450927734375
2016-12-21,4.688938617706299
2016-12-22,4.6407976150512695
2016-12-23,4.765964031219482
2016-12-26,4.7242431640625
2016-12-27,4.801269054412842
2016-12-28,4.814106464385986
2016-12-29,4.974575519561768
2017-01-02,4.846199989318848
2017-01-03,5.090115070343018
2017-01-04,4.96815824508667
2017-01-05,4.955318450927734
2017-01-06,4.997041702270508
2017-01-09,4.942479610443115
2017-01-10,4.88792085647583
2017-01-11,4.804477691650391
2017-01-12,4.96815824508667
2017-01-13,4.862244606018066
2017-01-16,4.862244606018066
2017-01-17,4.974575519561768
2017-01-18,4.92643404006958
2017-01-19,4.929645538330078
2017-01-20,4.955318450927734
2017-01-23,5.02592658996582
2017-01-24,5.022715091705322
2017-01-26,5.167137622833252
2017-01-27,5.179976463317871
2017-01-30,5.135045528411865
2017-01-31,5.106159687042236
2017-02-01,5.0676469802856445
2017-02-02,5.115787982940674
2017-02-03,5.215280532836914
2017-02-06,5.19281530380249
2017-02-07,5.196023941040039
2017-02-08,5.215280532836914
2017-02-09,5.228119373321533
2017-02-10,5.2377471923828125
2017-02-13,5.276258945465088
2017-02-14,5.26021146774292
2017-02-15,5.462403774261475
2017-02-16,5.375751972198486
2017-02-17,5.4271016120910645
2017-02-20,5.423890590667725
2017-02-21,5.616455078125
2017-02-22,5.48807954788208
2017-02-23,5.375751972198486
2017-02-24,5.4495673179626465
2017-03-01,5.66981840133667
2017-03-02,5.663374423980713
2017-03-03,5.705255031585693
2017-03-06,5.660151958465576
2017-03-07,5.511965751647949
2017-03-08,5.5087432861328125
2017-03-09,5.540956020355225
2017-03-10,5.589278697967529
2017-03-13,5.428204536437988
2017-03-14,5.424984931945801
2017-03-15,5.453978538513184
2017-03-16,5.434648036956787
2017-03-17,5.431426525115967
2017-03-20,5.5023016929626465
2017-03-21,5.412097930908203
2017-03-22,5.283239364624023
2017-03-23,5.347668170928955
2017-03-24,5.434648036956787
2017-03-27,5.491338729858398
2017-03-28,5.572189807891846
2017-03-29,5.646571159362793
2017-03-30,5.643335342407227
2017-03-31,5.627166271209717
2017-04-03,5.656272888183594
2017-04-04,5.701548099517822
2017-04-05,5.669207572937012
2017-04-06,5.662739276885986
2017-04-07,5.51397705078125
2017-04-10,5.497807025909424
2017-04-11,5.44606351852417
2017-04-12,5.465466022491455
2017-04-13,5.423425674438477
2017-04-17,5.536614894866943
2017-04-18,5.471935749053955
2017-04-19,5.423425674438477
2017-04-20,5.4784040451049805
2017-04-24,5.546315670013428
2017-04-25,5.578655242919922
2017-04-26,5.772695541381836
2017-04-27,5.69508171081543
2017-04-28,5.724186897277832
2017-05-02,5.879419803619385
2017-05-03,6.031417369842529
2017-05-04,5.911759853363037
2017-05-05,5.982908248901367
2017-05-08,5.982908248901367
2017-05-09,6.079928874969482
2017-05-10,6.248096942901611
2017-05-11,6.358053684234619
2017-05-12,6.4744768142700195
2017-05-15,6.603837013244629
2017-05-16,6.306307315826416
2017-05-17,6.202820777893066
2017-05-18,6.031417369842529
2017-05-19,6.1122660636901855
2017-05-22,6.1219682693481445
2017-05-23,6.164012432098389
2017-05-24,6.060523986816406
2017-05-25,6.14784049987793
2017-05-26,6.225457668304443
2017-05-29,6.225457668304443
2017-05-30,6.319241523742676
2017-05-31,6.1446075439453125
2017-06-01,6.186649799346924
2017-06-02,6.1446075439453125
2017-06-05,6.109034538269043
2017-06-06,6.066991806030273
2017-06-07,6.1122660636901855
2017-06-08,6.060523986816406
2017-06-09,5.953801155090332
2017-06-12,5.9214606285095215
2017-06-13,5.879419803619385
2017-06-14,5.902057647705078
2017-06-15,5.902057647705078
2017-06-16,5.850312232971191
2017-06-19,5.9149932861328125
2017-06-20,5.866481781005859
2017-06-21,5.7888665199279785
2017-06-22,5.746825218200684
2017-06-23,5.740356922149658
2017-06-26,5.7759294509887695
2017-06-27,5.653038024902344
2017-06-28,5.633634567260742
2017-06-29,5.659507751464844
2017-06-30,5.724186897277832
2017-07-03,5.824978351593018
2017-07-04,5.847692966461182
2017-07-05,5.876896381378174
2017-07-06,5.750338554382324
2017-07-07,5.828222751617432
2017-07-10,5.9774980545043945
2017-07-11,6.048888683319092
2017-07-12,6.123527526855469
2017-07-13,6.230615139007568
2017-07-14,6.165713787078857
2017-07-17,6.22412633895874
2017-07-18,6.3604207038879395
2017-07-19,6.269557952880859
2017-07-20,6.318233013153076
2017-07-21,6.24359655380249
2017-07-24,6.283622741699219
2017-07-25,6.234808444976807
2017-07-26,6.19901704788208
2017-07-27,6.150204181671143
2017-07-28,6.09163236618042
2017-07-31,6.163221836090088
2017-08-01,6.2315568923950195
2017-08-02,6.351957321166992
2017-08-03,6.238062858581543
2017-08-04,6.2283034324646
2017-08-07,6.361719131469727
2017-08-08,6.280367374420166
2017-08-09,6.225049018859863
2017-08-10,6.254334926605225
2017-08-11,6.264100074768066
2017-08-14,6.296639442443848
2017-08-15,6.3812456130981445
2017-08-16,6.631807804107666
2017-08-17,6.543947219848633
2017-08-18,6.609029769897461
2017-08-21,6.622045516967773
2017-08-22,6.7782392501831055
2017-08-23,6.7782392501831055
2017-08-24,6.7164154052734375
2017-08-25,6.677365779876709
2017-08-28,6.690382480621338
2017-08-29,6.605776786804199
2017-08-30,6.709904670715332
2017-08-31,6.657840728759766
2017-09-01,6.761971950531006
2017-09-04,6.872610569000244
2017-09-05,7.045075416564941
2017-09-06,6.97348690032959
2017-09-07,6.97348690032959
2017-09-08,6.875864028930664
2017-09-11,7.019042015075684
2017-09-12,7.00602912902832
2017-09-13,7.110157012939453
2017-09-14,7.272858619689941
2017-09-15,7.445328235626221
2017-09-18,7.6893839836120605
2017-09-19,7.6308088302612305
2017-09-20,7.373737812042236
2017-09-21,7.305400848388672
2017-09-22,7.145951271057129
2017-09-25,7.100397109985352
2017-09-26,6.947452545166016
2017-09-27,6.869356632232666
2017-09-28,6.859594345092773
2017-09-29,6.963723182678223
2017-10-02,6.9402689933776855
2017-10-03,7.211093425750732
2017-10-04,7.243722915649414
2017-10-05,7.273087978363037
2017-10-06,7.24045991897583
2017-10-09,7.24045991897583
2017-10-10,7.325295448303223
2017-10-11,7.423183441162109
2017-10-12,7.423183441162109
2017-10-13,7.488443374633789
2017-10-16,7.423183441162109
2017-10-17,7.354662895202637
2017-10-18,7.367713928222656
2017-10-19,7.22088098526001
2017-10-20,7.308979034423828
2017-10-23,7.060996055603027
2017-10-24,7.273087978363037
2017-10-25,7.260036468505859
2017-10-26,7.031633377075195
2017-10-27,7.044685363769531
2017-10-30,6.868485450744629
2017-10-31,6.943532466888428
2017-11-01,6.90764045715332
2017-11-02,6.90764045715332
2017-11-03,6.999001502990723
2017-11-06,7.083838939666748
2017-11-07,6.891326427459717
2017-11-08,7.093626976013184
2017-11-09,7.0740485191345215
2017-11-10,7.064262390136719
2017-11-13,6.950056552886963
2017-11-14,6.842381477355957
2017-11-15,6.842381477355957
2017-11-16,7.096890926361084
2017-11-17,7.282876968383789
2017-11-20,7.282876968383789
2017-11-21,7.560226917266846
2017-11-22,7.667902946472168
2017-11-23,7.6026458740234375
2017-11-24,7.504757404327393
2017-11-27,7.472128391265869
2017-11-28,7.436233997344971
2017-11-29,7.439496994018555
2017-11-30,7.465603828430176
2017-12-01,7.393816947937012
2017-12-04,7.553701400756836
2017-12-05,7.765794277191162
2017-12-06,7.782107353210449
2017-12-07,7.5243353843688965
2017-12-08,7.553701400756836
2017-12-11,7.547177314758301
2017-12-12,7.651590824127197
2017-12-13,7.7331671714782715
2017-12-14,7.547177314758301
2017-12-15,7.700533390045166
2017-12-18,7.679946422576904
2017-12-19,7.545841693878174
2017-12-20,7.621071815490723
2017-12-21,7.915445327758789
2017-12-22,7.938340663909912
2017-12-25,7.938340663909912
2017-12-26,8.078988075256348
2017-12-27,8.075719833374023
2017-12-28,7.8860087394714355
2017-12-29,7.8860087394714355
2018-01-02,8.183655738830566
2018-01-03,8.059367179870605
2018-01-04,7.980863094329834
2018-01-05,8.013572692871094
2018-01-08,8.078988075256348
2018-01-09,8.209819793701172
2018-01-10,8.144405364990234
2018-01-11,8.30140495300293
2018-01-12,8.36355209350586
2018-01-15,8.419157028198242
2018-01-16,8.520554542541504
2018-01-17,8.471490859985352
2018-01-18,8.353740692138672
2018-01-19,8.468219757080078
2018-01-22,8.373367309570312
2018-01-23,8.131319999694824
2018-01-24,8.144405364990234
2018-01-25,8.144405364990234
2018-01-26,8.180389404296875
2018-01-29,7.918717384338379
2018-01-30,7.850029945373535
2018-01-31,7.751906871795654
2018-02-01,7.686486721038818
2018-02-02,7.441174030303955
2018-02-05,7.359399795532227
2018-02-06,7.581820011138916
2018-02-07,7.490237236022949
2018-02-08,7.271092414855957
2018-02-09,7.169693470001221
2018-02-14,7.490237236022949
2018-02-15,7.657049179077148
2018-02-16,7.480425834655762
2018-02-19,7.513134479522705
2018-02-20,7.506591320037842
2018-02-21,7.470612049102783
2018-02-22,7.519674777984619
2018-02-23,7.800967693328857
2018-02-26,7.902360916137695
2018-02-27,7.784614086151123
2018-02-28,7.657049179077148
2018-03-01,7.614528656005859
2018-03-02,7.57200813293457
2018-03-05,7.470946311950684
2018-03-06,7.457813739776611
2018-03-07,7.408583164215088
2018-03-08,7.369187355041504
2018-03-09,7.549727439880371
2018-03-12,7.516900062561035
2018-03-13,7.451251029968262
2018-03-14,7.566136360168457
2018-03-15,7.582551002502441
2018-03-16,7.615374565124512
2018-03-19,7.618659019470215
2018-03-20,7.559570789337158
2018-03-21,7.598961353302002
2018-03-22,7.615374565124512
2018-03-23,7.553006649017334
2018-03-26,7.438671112060547
2018-03-27,7.307070732116699
2018-03-28,7.369580268859863
2018-03-29,7.438671112060547
2018-04-02,7.34326171875
2018-04-03,7.34326171875
2018-04-04,7.346553325653076
2018-04-05,7.316941261291504
2018-04-06,7.159022808074951
2018-04-09,7.0076823234558105
2018-04-10,7.073482990264893
2018-04-11,7.1096720695495605
2018-04-12,7.191923141479492
2018-04-13,7.25443172454834
2018-04-16,7.287331581115723
2018-04-17,7.320230960845947
2018-04-18,7.3004913330078125
2018-04-19,7.382740497589111
2018-04-20,7.537371635437012
2018-04-23,7.5077619552612305
2018-04-24,7.471569538116455
2018-04-25,7.3136515617370605
2018-04-26,7.664362907409668
2018-04-27,7.668641567230225
2018-04-30,7.604485988616943
2018-05-02,7.702858924865723
2018-05-03,7.527502536773682
2018-05-04,7.356421947479248
2018-05-07,7.236666679382324
2018-05-08,7.21100378036499
2018-05-09,7.245222091674805
2018-05-10,7.591655731201172
2018-05-11,7.608765125274658
2018-05-14,7.651534080505371
2018-05-15,7.955201148986816
2018-05-16,8.160497665405273
2018-05-17,7.993690490722656
2018-05-18,7.826889514923096
2018-05-21,7.668641567230225
2018-05-22,7.715688705444336
2018-05-23,7.707136154174805
2018-05-24,8.049291610717773
2018-05-25,7.997968673706055
2018-05-28,7.5617194175720215
2018-05-29,7.429132461547852
2018-05-30,7.3478684425354
2018-06-01,7.29226541519165
2018-06-04,7.185342311859131
2018-06-05,7.0142621994018555
2018-06-06,7.2708821296691895
2018-06-07,7.027093887329102
2018-06-08,7.057031631469727
2018-06-11,6.8731207847595215
2018-06-12,6.796137809753418
2018-06-13,6.676381587982178
2018-06-14,6.5224080085754395
2018-06-15,6.749089241027832
2018-06-18,6.53096342086792
2018-06-19,6.5052995681762695
2018-06-20,6.586562633514404
2018-06-21,6.616504669189453
2018-06-22,6.603671550750732
2018-06-25,6.766194820404053
2018-06-26,6.826074600219727
2018-06-27,6.72342586517334
2018-06-28,6.890230178833008
2018-06-29,6.950107574462891
2018-07-02,6.713952541351318
2018-07-03,6.859720230102539
2018-07-04,6.816847801208496
2018-07-05,6.851147174835205
2018-07-06,7.005489349365234
2018-07-10,7.288452625274658
2018-07-11,7.206993579864502
2018-07-12,7.309890270233154
2018-07-13,7.352761745452881
2018-07-16,7.477097034454346
2018-07-17,7.798646450042725
2018-07-18,7.9186906814575195
2018-07-19,8.05159854888916
2018-07-20,7.995860576629639
2018-07-23,8.11316204071045
2018-07-24,8.18206787109375
2018-07-25,8.138998985290527
2018-07-26,7.996894359588623
2018-07-27,7.945216178894043
2018-07-30,8.00981330871582
2018-07-31,7.9710564613342285
2018-08-01,7.884926795959473
2018-08-02,7.7342071533203125
2018-08-03,7.807412147521973
2018-08-06,7.85908842086792
2018-08-07,7.979669094085693
2018-08-08,7.807412147521973
2018-08-09,7.777268409729004
2018-08-10,7.462904930114746
2018-08-13,7.592095851898193
2018-08-14,7.566256523132324
2018-08-15,7.592095851898193
2018-08-16,7.622239112854004
2018-08-17,7.5361127853393555
2018-08-20,7.510275363922119
2018-08-21,7.5361127853393555
2018-08-22,7.695448398590088
2018-08-23,7.699756622314453
2018-08-24,7.613629341125488
2018-08-27,7.7514328956604
2018-08-28,7.9624433517456055
2018-08-29,8.074405670166016
2018-08-30,8.11316204071045
2018-08-31,8.242356300354004
2018-09-03,8.095939636230469
2018-09-04,8.031342506408691
2018-09-05,7.996894359588623
2018-09-06,8.393077850341797
2018-09-10,8.418912887573242
2018-09-11,8.225127220153809
2018-09-12,8.095939636230469
2018-09-13,8.070100784301758
2018-09-14,8.268193244934082
2018-09-17,8.311253547668457
2018-09-18,8.246659278869629
2018-09-19,8.177760124206543
2018-09-20,8.220823287963867
2018-09-21,8.37585163116455
2018-09-24,8.323768615722656
2018-09-25,8.418697357177734
2018-09-26,8.49205493927002
2018-09-27,8.586983680725098
2018-09-28,8.522255897521973
2018-10-01,8.41006851196289
2018-10-02,8.517946243286133
2018-10-03,8.38417911529541
2018-10-04,8.246094703674316
2018-10-05,8.241777420043945
2018-10-08,8.220205307006836
2018-10-09,7.896573543548584
2018-10-10,7.939726829528809
2018-10-11,7.952669143676758
2018-10-15,7.896573543548584
2018-10-16,8.090750694274902
2018-10-17,8.047600746154785
2018-10-18,7.944041728973389
2018-10-19,8.02602767944336
2018-10-22,8.047600746154785
2018-10-23,8.284931182861328
2018-10-24,8.349656105041504
2018-10-25,8.202942848205566
2018-10-26,7.801642417907715
2018-10-29,7.551368236541748
2018-10-30,7.896573543548584
2018-10-31,7.767124176025391
2018-11-01,7.853424072265625
2018-11-05,8.073492050170898
2018-11-06,8.069175720214844
2018-11-07,8.13821792602539
2018-11-08,8.02602767944336
2018-11-09,8.02602767944336
2018-11-12,7.961299896240234
2018-11-13,7.823216915130615
2018-11-14,7.948357582092285
2018-11-16,8.004451751708984
2018-11-19,7.853424072265625
2018-11-21,7.749863624572754
2018-11-22,7.603147506713867
2018-11-23,7.62904167175293
2018-11-26,7.654933452606201
2018-11-27,7.788697242736816
2018-11-28,7.827531814575195
2018-11-29,7.8577399253845215
2018-11-30,7.689449310302734
2018-12-03,7.749863624572754
2018-12-04,7.784382343292236
2018-12-05,7.702396392822266
2018-12-06,7.693765640258789
2018-12-07,7.6333537101745605
2018-12-10,7.426231861114502
2018-12-11,7.508219242095947
2018-12-12,7.465068340301514
2018-12-13,7.495273113250732
2018-12-14,7.4866437911987305
2018-12-17,7.301095008850098
2018-12-18,7.262258529663086
2018-12-19,7.37876558303833
2018-12-20,7.443492889404297
2018-12-21,7.482330799102783
2018-12-26,7.357429027557373
2018-12-27,7.413690567016602
2018-12-28,7.5911383628845215
2019-01-02,7.7815632820129395
2019-01-03,7.959005832672119
2019-01-04,8.049895286560059
2019-01-07,7.924383640289307
2019-01-08,7.859467029571533
2019-01-09,7.946026802062988
2019-01-10,8.006614685058594
2019-01-11,8.088842391967773
2019-01-14,8.179726600646973
2019-01-15,8.019599914550781
2019-01-16,8.188385963439941
2019-01-17,8.136452674865723
2019-01-18,8.093171119689941
2019-01-21,8.145110130310059
2019-01-22,8.03258228302002
2019-01-23,8.123468399047852
2019-01-24,8.145110130310059
2019-01-28,8.274943351745605
2019-01-29,8.313894271850586
2019-01-30,8.404781341552734
2019-01-31,8.153761863708496
2019-02-01,8.495665550231934
2019-02-04,8.52596378326416
2019-02-05,8.677438735961914
2019-02-06,8.370158195495605
2019-02-07,8.296584129333496
2019-02-08,8.22301197052002
2019-02-11,8.17540168762207
2019-02-12,8.166747093200684
2019-02-13,8.075861930847168
2019-02-14,8.153761863708496
2019-02-15,8.179726600646973
2019-02-18,8.257634162902832
2019-02-19,8.391797065734863
2019-02-20,8.132124900817871
2019-02-21,8.171072959899902
2019-02-22,8.244649887084961
2019-02-25,8.024223327636719
2019-02-26,7.967717170715332
2019-02-27,8.07638931274414
2019-02-28,8.006840705871582
2019-03-01,7.9720611572265625
2019-03-06,8.07638931274414
2019-03-07,8.050304412841797
2019-03-08,8.172016143798828
2019-03-11,8.250262260437012
2019-03-12,8.263296127319336
2019-03-13,8.33719539642334
2019-03-14,8.298073768615723
2019-03-15,8.371970176696777
2019-03-18,8.298073768615723
2019-03-19,8.298073768615723
2019-03-20,8.154627799987793
2019-03-21,8.067694664001465
2019-03-22,7.919900417327881
2019-03-25,7.870400905609131
2019-03-26,7.852969169616699
2019-03-27,7.60456657409668
2019-03-28,7.866042137145996
2019-03-29,7.844254016876221
2019-04-01,7.87476110458374
2019-04-02,7.953202247619629
2019-04-03,8.049073219299316
2019-04-04,8.197244644165039
2019-04-05,8.310547828674316
2019-04-08,8.171097755432129
2019-04-09,8.066508293151855
2019-04-10,7.988064765930176
2019-04-11,7.944484233856201
2019-04-12,7.948842525482178
2019-04-15,8.018570899963379
2019-04-16,8.171097755432129
2019-04-17,8.066508293151855
2019-04-18,8.118803977966309
2019-04-22,8.171097755432129
2019-04-23,8.388992309570312
2019-04-24,8.192886352539062
2019-04-25,8.301836967468262
2019-04-26,8.31490707397461
2019-04-29,8.171097755432129
2019-04-30,8.097014427185059
2019-05-02,8.179810523986816
2019-05-03,8.127519607543945
2019-05-06,8.001137733459473
2019-05-07,7.905263423919678
2019-05-08,8.110086441040039
2019-05-09,8.083939552307129
2019-05-10,8.03164291381836
2019-05-13,7.844254016876221
2019-05-14,7.848610877990723
2019-05-15,7.844254016876221
2019-05-16,7.844254016876221
2019-05-17,7.900904655456543
2019-05-20,8.053428649902344
2019-05-21,8.192886352539062
2019-05-22,8.179810523986816
2019-05-23,8.06214714050293
2019-05-24,7.927053451538086
2019-05-27,7.970632076263428
2019-05-28,8.214675903320312
2019-05-29,8.319265365600586
2019-05-30,8.306193351745605
2019-05-31,8.301836967468262
2019-06-03,8.341053009033203
2019-06-04,8.2887601852417
2019-06-05,8.232104301452637
2019-06-06,8.232104301452637
2019-06-07,8.367204666137695
2019-06-10,8.380277633666992
2019-06-11,8.441287994384766
2019-06-12,8.580741882324219
2019-06-13,8.715836524963379
2019-06-14,8.685332298278809
2019-06-17,8.846574783325195
2019-06-18,8.994743347167969
2019-06-19,9.22571086883545
2019-06-21,9.339020729064941
2019-06-24,9.404388427734375
2019-06-25,9.22571086883545
2019-06-26,9.216997146606445
2019-06-27,9.308512687683105
2019-06-28,9.308512687683105
2019-07-01,9.423310279846191
2019-07-02,9.414568901062012
2019-07-03,9.475709915161133
2019-07-04,9.694039344787598
2019-07-05,9.78137493133545
2019-07-08,9.838141441345215
2019-07-10,10.344673156738281
2019-07-11,10.305376052856445
2019-07-12,10.082674980163574
2019-07-15,9.78137493133545
2019-07-16,9.8294095993042
2019-07-17,9.838141441345215
2019-07-18,9.934211730957031
2019-07-19,9.951675415039062
2019-07-22,9.868706703186035
2019-07-23,9.85997486114502
2019-07-24,10.043379783630371
2019-07-25,9.951675415039062
2019-07-26,10.200575828552246
2019-07-29,10.336068153381348
2019-07-30,10.520172119140625
2019-07-31,10.441268920898438
2019-08-01,10.270316123962402
2019-08-02,10.406203269958496
2019-08-05,10.213330268859863
2019-08-06,10.476336479187012
2019-08-07,10.656054496765137
2019-08-08,10.71303939819336
2019-08-09,10.599074363708496
2019-08-12,10.410584449768066
2019-08-13,10.64290714263916
2019-08-14,10.1212797164917
2019-08-15,9.796908378601074
2019-08-16,9.994160652160645
2019-08-19,9.880193710327148
2019-08-20,9.906493186950684
2019-08-21,10.108131408691406
2019-08-22,9.96347713470459
2019-08-23,9.7399263381958
2019-08-26,9.446234703063965
2019-08-27,9.503222465515137
2019-08-28,9.682939529418945
2019-08-29,9.818827629089355
2019-08-30,9.86265754699707
2019-09-02,9.985395431518555
2019-09-03,9.726776123046875
2019-09-04,9.919642448425293
2019-09-05,9.985395431518555
2019-09-06,10.01169490814209
2019-09-09,9.897727966308594
2019-09-10,10.051145553588867
2019-09-11,10.116896629333496
2019-09-12,10.103745460510254
2019-09-13,10.39743709564209
2019-09-16,10.187032699584961
2019-09-17,10.432501792907715
2019-09-18,10.520172119140625
2019-09-19,10.384281158447266
2019-09-20,10.695507049560547
2019-09-23,10.625641822814941
2019-09-24,10.485137939453125
2019-09-25,10.643206596374512
2019-09-26,10.643206596374512
2019-09-27,10.5949068069458
2019-09-30,10.638815879821777
2019-10-01,10.638815879821777
2019-10-02,10.46318531036377
2019-10-03,10.397324562072754
2019-10-04,10.366585731506348
2019-10-07,10.032889366149902
2019-10-08,10.015324592590332
2019-10-09,10.041670799255371
2019-10-10,10.085579872131348
2019-10-11,10.392932891845703
2019-10-14,10.428056716918945
2019-10-15,10.441227912902832
2019-10-16,10.700284957885742
2019-10-17,10.643206596374512
2019-10-18,10.695895195007324
2019-10-21,10.73101806640625
2019-10-22,10.862741470336914
2019-10-23,11.345724105834961
2019-10-24,11.45988655090332
2019-10-25,11.156926155090332
2019-10-28,11.231566429138184
2019-10-29,11.205221176147461
2019-10-30,11.350119590759277
2019-10-31,11.196441650390625
2019-11-01,11.363289833068848
2019-11-04,11.47305965423584
2019-11-05,11.740896224975586
2019-11-06,11.929697036743164
2019-11-07,12.333646774291992
2019-11-08,12.399507522583008
2019-11-11,12.772724151611328
2019-11-12,12.51366901397705
2019-11-13,12.825409889221191
2019-11-14,12.847367286682129
2019-11-18,12.86492919921875
2019-11-19,12.821020126342773
2019-11-21,12.68051815032959
2019-11-22,12.759552955627441
2019-11-25,12.77711296081543
2019-11-26,12.570747375488281
2019-11-27,12.755160331726074
2019-11-28,12.922009468078613
2019-11-29,13.356693267822266
2019-12-02,13.242534637451172
2019-12-03,13.484025955200195
2019-12-04,13.97139835357666
2019-12-05,14.388521194458008
2019-12-06,14.37535285949707
2019-12-09,14.010919570922852
2019-12-10,14.037264823913574
2019-12-11,14.520249366760254
2019-12-12,14.84077262878418
2019-12-13,14.950541496276855
2019-12-16,14.704658508300781
2019-12-17,14.91102409362793
2019-12-18,14.884678840637207
2019-12-19,14.75295639038086
2019-12-20,14.880289077758789
2019-12-23,14.853141784667969
2019-12-26,15.319084167480469
2019-12-27,15.534475326538086
2019-12-30,15.235568046569824
2020-01-02,15.490517616271973
2020-01-03,15.292717933654785
2020-01-06,15.332276344299316
2020-01-07,15.450956344604492
2020-01-08,14.866324424743652
2020-01-09,14.646537780761719
2020-01-10,14.945449829101562
2020-01-13,15.086116790771484
2020-01-14,15.385025024414062
2020-01-15,15.486123085021973
2020-01-16,15.767450332641602
2020-01-17,16.17624855041504
2020-01-20,16.672962188720703
2020-01-21,16.479555130004883
2020-01-22,17.099349975585938
2020-01-23,17.429031372070312
2020-01-24,18.211467742919922
2020-01-27,18.009265899658203
2020-01-28,18.466421127319336
2020-01-29,18.633455276489258
2020-01-30,18.009265899658203
2020-01-31,17.323535919189453
2020-02-03,17.877391815185547
2020-02-04,17.811458587646484
2020-02-05,18.185096740722656
2020-02-06,18.83127212524414
2020-02-07,18.066410064697266
2020-02-10,18.255428314208984
2020-02-11,18.9235782623291
2020-02-12,19.587326049804688
2020-02-13,20.03129768371582
2020-02-14,20.03129768371582
2020-02-17,20.12360954284668
2020-02-18,19.648868560791016
2020-02-19,21.459909439086914
2020-02-20,20.875280380249023
2020-02-21,21.890687942504883
2020-02-26,20.654741287231445
2020-02-27,19.393314361572266
2020-02-28,19.031648635864258
2020-03-02,20.72530746459961
2020-03-03,21.1354923248291
2020-03-04,21.373666763305664
2020-03-05,20.5974063873291
2020-03-06,19.41537094116211
2020-03-09,17.532045364379883
2020-03-10,18.484739303588867
2020-03-11,17.289464950561523
2020-03-12,14.554909706115723
2020-03-13,15.229726791381836
2020-03-16,12.089395523071289
2020-03-17,12.649540901184082
2020-03-18,11.67480182647705
2020-03-19,12.671592712402344
2020-03-20,14.277045249938965
2020-03-23,15.539753913879395
2020-03-24,15.919413566589355
2020-03-25,16.493331909179688
2020-03-26,16.753799438476562
2020-03-27,15.610389709472656
2020-03-30,15.018818855285645
2020-03-31,14.820158004760742
2020-04-01,14.316880226135254
2020-04-02,15.054131507873535
2020-04-03,14.519956588745117
2020-04-06,14.692131042480469
2020-04-07,16.466838836669922
2020-04-08,17.654394149780273
2020-04-09,16.908308029174805
2020-04-13,17.332120895385742
2020-04-14,17.173192977905273
2020-04-15,16.77586555480957
2020-04-16,16.78028106689453
2020-04-17,16.978944778442383
2020-04-20,17.26148223876953
2020-04-22,18.064960479736328
2020-04-23,17.477807998657227
2020-04-24,17.08931541442871
2020-04-27,17.923690795898438
2020-04-28,18.356334686279297
2020-04-29,18.276870727539062
2020-04-30,17.63232421875
2020-05-04,17.58816909790039
2020-05-05,17.221750259399414
2020-05-06,17.142292022705078
2020-05-07,17.257070541381836
2020-05-08,16.881820678710938
2020-05-11,17.142292022705078
2020-05-12,16.55512809753418
2020-05-13,16.77586555480957
2020-05-14,16.48891258239746
2020-05-15,16.073928833007812
2020-05-18,16.16663932800293
2020-05-19,16.299081802368164
2020-05-20,16.61693572998047
2020-05-21,16.52864646911621
2020-05-22,16.440351486206055
2020-05-25,16.79353141784668
2020-05-26,17.844226837158203
2020-05-27,17.91486167907715
2020-05-28,17.959009170532227
2020-05-29,18.466697692871094
2020-06-01,18.612382888793945
2020-06-02,18.72716522216797
2020-06-03,18.80663299560547
2020-06-04,19.336395263671875
2020-06-05,19.570375442504883
2020-06-08,20.21933364868164
2020-06-09,20.22374725341797
2020-06-10,19.861745834350586
2020-06-12,19.535057067871094
2020-06-15,19.543888092041016
2020-06-16,19.760208129882812
2020-06-17,20.37826156616211
2020-06-18,20.365022659301758
2020-06-19,20.400341033935547
2020-06-22,20.131040573120117
2020-06-23,20.360612869262695
2020-06-24,20.329700469970703
2020-06-25,21.729162216186523
2020-06-26,22.073509216308594
2020-06-29,22.05506134033203
2020-06-30,22.35991096496582
2020-07-01,23.23468780517578
2020-07-02,23.667659759521484
2020-07-03,23.857635498046875
2020-07-06,23.50419044494629
2020-07-07,23.817874908447266
2020-07-08,23.990175247192383
2020-07-09,24.060869216918945
2020-07-10,24.166900634765625
2020-07-13,24.272933959960938
2020-07-14,23.853219985961914
2020-07-15,24.012269973754883
2020-07-16,24.10063362121582
2020-07-17,25.664627075195312
2020-07-20,26.57917022705078
2020-07-21,26.45547103881836
2020-07-22,30.13130760192871
2020-07-23,29.592309951782227
2020-07-24,29.47301483154297
2020-07-27,30.963329315185547
2020-07-28,29.741609573364258
2020-07-29,29.64865493774414
2020-07-30,30.100156784057617
2020-07-31,29.812442779541016
2020-08-03,29.467178344726562
2020-08-04,29.564558029174805
2020-08-05,30.188695907592773
2020-08-06,30.91021728515625
2020-08-07,30.299358367919922
2020-08-10,30.538393020629883
2020-08-11,29.82130241394043
2020-08-12,30.100156784057617
2020-08-13,30.49855613708496
2020-08-14,30.618057250976562
2020-08-17,30.086891174316406
2020-08-18,29.96736717224121
2020-08-19,29.16175651550293
2020-08-20,29.754898071289062
2020-08-21,29.923105239868164
2020-08-24,29.42290687561035
2020-08-25,30.22853660583496
2020-08-26,29.405208587646484
2020-08-27,29.343229293823242
2020-08-28,29.741609573364258
2020-08-31,28.6040096282959
2020-09-01,29.62653160095215
2020-09-02,29.573415756225586
2020-09-03,28.51990509033203
2020-09-04,28.546463012695312
2020-09-08,27.886919021606445
2020-09-09,28.741233825683594
2020-09-10,27.63018035888672
2020-09-11,27.484111785888672
2020-09-14,28.032995223999023
2020-09-15,28.364978790283203
2020-09-16,27.8603572845459
2020-09-17,27.807239532470703
2020-09-18,27.439842224121094
2020-09-21,28.063982009887695
2020-09-22,28.6040096282959
2020-09-23,27.665590286254883
2020-09-24,28.546463012695312
2020-09-25,28.44023323059082
2020-09-28,27.85317039489746
2020-09-29,28.761091232299805
2020-09-30,29.097679138183594
2020-10-01,29.6291446685791
2020-10-02,29.695573806762695
2020-10-05,31.081806182861328
2020-10-06,31.657577514648438
2020-10-07,32.40605926513672
2020-10-08,33.296260833740234
2020-10-09,34.058013916015625
2020-10-13,35.054508209228516
2020-10-14,35.68783950805664
2020-10-15,35.77198028564453
2020-10-16,36.338871002197266
2020-10-19,36.34331130981445
2020-10-20,37.003211975097656
2020-10-21,34.72235107421875
2020-10-22,36.36546325683594
2020-10-23,36.170589447021484
2020-10-26,36.64891815185547
2020-10-27,36.86592102050781
2020-10-28,35.050086975097656
2020-10-29,35.44425582885742
2020-10-30,33.58412551879883
2020-11-03,34.24402618408203
2020-11-04,36.40531539916992
2020-11-05,37.97755432128906
2020-11-06,37.20250701904297
2020-11-09,36.37432098388672
2020-11-10,35.0013542175293
2020-11-11,35.69227600097656
2020-11-12,35.785274505615234
2020-11-13,36.702056884765625
2020-11-16,36.1307373046875
2020-11-17,36.179443359375
2020-11-18,35.9136962890625
2020-11-19,35.842857360839844
2020-11-23,34.77106475830078
2020-11-24,34.07573318481445
2020-11-25,34.24402618408203
2020-11-26,34.412322998046875
2020-11-27,34.10230255126953
2020-11-30,32.58320236206055
2020-12-01,32.596492767333984
2020-12-02,32.4326171875
2020-12-03,32.742637634277344
2020-12-04,31.79928970336914
2020-12-07,31.715150833129883
2020-12-08,32.19789123535156
2020-12-09,31.444978713989258
2020-12-10,31.444978713989258
2020-12-11,31.444978713989258
2020-12-14,31.245683670043945
2020-12-15,32.220027923583984
2020-12-16,32.46364212036133
2020-12-17,33.55754470825195
2020-12-18,32.27317810058594
2020-12-21,31.908447265625
2020-12-22,32.267364501953125
2020-12-23,32.178741455078125
2020-12-28,33.45491027832031
2020-12-29,33.299827575683594
2020-12-30,33.561256408691406
2021-01-04,33.06496810913086
2021-01-05,35.09442138671875
2021-01-06,36.02494430541992
2021-01-07,37.51380157470703
2021-01-08,39.78253173828125
2021-01-11,38.56398391723633
2021-01-12,39.91104507446289
2021-01-13,40.00408935546875
2021-01-14,39.82242202758789
2021-01-15,38.17847442626953
2021-01-18,40.85930252075195
2021-01-19,39.702789306640625
2021-01-20,39.303977966308594
2021-01-21,38.838706970214844
2021-01-22,39.42363357543945
2021-01-26,39.41474533081055
2021-01-27,39.299564361572266
2021-01-28,38.980525970458984
2021-01-29,37.128292083740234
2021-02-01,37.46063232421875
2021-02-02,37.766387939453125
2021-02-03,39.29068374633789
2021-02-04,37.91704559326172
2021-02-05,37.442909240722656
2021-02-08,37.88602828979492
2021-02-09,37.66890335083008
2021-02-10,38.12087631225586
2021-02-11,38.55069351196289
2021-02-12,38.40446090698242
2021-02-17,37.19920349121094
2021-02-18,36.94662857055664
2021-02-19,36.884586334228516
2021-02-22,36.65416717529297
2021-02-23,37.07070541381836
2021-02-24,38.41774368286133
2021-02-25,35.44891357421875
2021-02-26,34.58484649658203
2021-03-01,34.71807861328125
2021-03-02,34.299686431884766
2021-03-03,34.272979736328125
2021-03-04,32.594940185546875
2021-03-05,32.5103759765625
2021-03-08,30.778919219970703
2021-03-09,31.824907302856445
2021-03-10,32.172096252441406
2021-03-11,32.01185607910156
2021-03-12,31.66912078857422
2021-03-15,32.59048843383789
2021-03-16,32.67061996459961
2021-03-17,32.577144622802734
2021-03-18,31.9628963470459
2021-03-19,32.02519607543945
2021-03-22,31.73589515686035
2021-03-23,31.873868942260742
2021-03-24,31.38870620727539
2021-03-25,31.633527755737305
2021-03-26,32.3768424987793
2021-03-29,32.10689926147461
2021-03-30,33.42057418823242
2021-03-31,33.202369689941406
2021-04-01,33.425018310546875
2021-04-05,34.24885177612305
2021-04-06,34.33345031738281
2021-04-07,33.91486740112305
2021-04-08,34.0484619140625
2021-04-09,33.62541580200195
2021-04-12,33.62541580200195
2021-04-13,33.389404296875
2021-04-14,33.946044921875
2021-04-15,34.867835998535156
2021-04-16,34.31119918823242
2021-04-19,33.754554748535156
2021-04-20,32.89510726928711
2021-04-22,32.4542350769043
2021-04-23,33.491825103759766
2021-04-26,33.23352813720703
2021-04-27,32.96189498901367
2021-04-28,32.50768280029297
2021-04-29,31.60816764831543
2021-04-30,31.180660247802734
2021-05-03,30.681917190551758
2021-05-04,30.013938903808594
2021-05-05,30.913475036621094
2021-05-06,30.04065704345703
2021-05-07,29.764568328857422
2021-05-10,28.775985717773438
2021-05-11,28.758169174194336
2021-05-12,27.849733352661133
2021-05-13,28.32176399230957
2021-05-14,28.588951110839844
2021-05-17,28.651296615600586
2021-05-18,28.85613250732422
2021-05-19,28.143638610839844
2021-05-20,28.37519645690918
2021-05-21,28.24160385131836
2021-05-24,29.07879066467285
2021-05-25,29.363794326782227
2021-05-26,29.212379455566406
2021-05-27,29.221288681030273
2021-05-28,30.637378692626953
2021-05-31,30.414722442626953
2021-06-01,30.450336456298828
2021-06-02,29.791288375854492
2021-06-04,30.47707176208496
2021-06-07,30.396913528442383
2021-06-08,30.2989444732666
2021-06-09,30.503786087036133
2021-06-10,30.218791961669922
2021-06-11,30.468168258666992
2021-06-14,31.064876556396484
2021-06-15,31.5814266204834
2021-06-16,31.020347595214844
2021-06-17,30.65518569946289
2021-06-18,31.340974807739258
2021-06-21,31.394407272338867
2021-06-22,30.539419174194336
2021-06-23,30.236600875854492
2021-06-24,30.57503318786621
2021-06-25,29.88925552368164
2021-06-28,30.29966163635254
2021-06-29,30.923479080200195
2021-06-30,30.02341079711914
2021-07-01,30.5224552154541
2021-07-02,31.422529220581055
2021-07-05,31.11061668395996
2021-07-06,30.789806365966797
2021-07-07,32.13547134399414
2021-07-08,30.950218200683594
2021-07-12,31.707721710205078
2021-07-13,31.35123634338379
2021-07-14,31.199743270874023
2021-07-15,31.119537353515625
2021-07-16,30.5581111907959
2021-07-19,30.460071563720703
2021-07-20,30.789806365966797
2021-07-21,30.70069694519043
2021-07-22,31.279949188232422
2021-07-23,31.012598037719727
2021-07-26,30.87891960144043
2021-07-27,30.647216796875
2021-07-28,33.15138626098633
2021-07-29,32.19786071777344
2021-07-30,31.82355308532715
2021-08-02,32.80658721923828
2021-08-03,32.6006965637207
2021-08-04,32.287391662597656
2021-08-05,32.09941101074219
2021-08-06,32.4395751953125
2021-08-09,32.367958068847656
2021-08-10,32.305294036865234
2021-08-11,32.3590087890625
2021-08-12,31.786115646362305
2021-08-13,32.018856048583984
2021-08-16,30.80147361755371
2021-08-17,31.05211639404297
2021-08-18,30.058521270751953
2021-08-19,31.49968910217285
2021-08-20,32.20683670043945
2021-08-23,32.00094985961914
2021-08-24,31.92039680480957
2021-08-25,32.56489181518555
2021-08-26,32.91398620605469
2021-08-27,33.03036117553711
2021-08-30,32.83341979980469
2021-08-31,31.830881118774414
2021-09-01,32.48432159423828
2021-09-02,31.992000579833984
2021-09-03,32.44852066040039
2021-09-06,32.56489181518555
2021-09-08,32.66334533691406
2021-09-09,34.76691818237305
2021-09-10,34.60578918457031
2021-09-13,34.82061767578125
2021-09-14,35.25027847290039
2021-09-15,35.662044525146484
2021-09-16,35.71574783325195
2021-09-17,35.08020782470703
2021-09-20,34.81167221069336
2021-09-21,35.58147048950195
2021-09-22,36.31548309326172
2021-09-23,36.85256576538086
2021-09-24,37.00474548339844
2021-09-27,36.59339904785156
2021-09-28,36.42323303222656
2021-09-29,35.706783294677734
2021-09-30,35.491844177246094
2021-10-01,35.9754524230957
2021-10-04,34.73060607910156
2021-10-05,33.611114501953125
2021-10-06,33.593204498291016
2021-10-07,33.63798904418945
2021-10-08,34.61416244506836
2021-10-11,34.587303161621094
2021-10-13,36.3426399230957
2021-10-14,36.36054992675781
2021-10-15,35.930686950683594
2021-10-18,36.14561080932617
2021-10-19,35.24107360839844
2021-10-20,35.930686950683594
2021-10-21,35.24107360839844
2021-10-22,34.82912063598633
2021-10-25,35.42020034790039
2021-10-26,35.518707275390625
2021-10-27,35.10673904418945
2021-10-28,33.87980270385742
2021-10-29,33.136470794677734
2021-11-01,33.100643157958984
2021-11-03,33.74546432495117
2021-11-04,33.781272888183594
2021-11-05,33.74546432495117
2021-11-08,33.22602844238281
2021-11-09,32.94839096069336
2021-11-10,32.491641998291016
2021-11-11,32.68866729736328
2021-11-12,31.92744255065918
2021-11-16,31.685625076293945
2021-11-17,32.034908294677734
2021-11-18,32.16923522949219
2021-11-19,32.05281448364258
2021-11-22,31.049760818481445
2021-11-23,30.593019485473633
2021-11-24,30.0288028717041
2021-11-25,30.27060890197754
2021-11-26,29.276512145996094
2021-11-29,29.025753021240234
2021-11-30,28.864543914794922
2021-12-01,29.097396850585938
2021-12-02,29.303382873535156
2021-12-03,29.357120513916016
2021-12-06,29.5631046295166
2021-12-07,30.95125961303711
2021-12-08,32.276710510253906
2021-12-09,32.68866729736328
2021-12-10,32.061767578125
2021-12-13,31.882654190063477
2021-12-14,31.60502052307129
2021-12-15,31.89161491394043
2021-12-16,31.882654190063477
2021-12-17,31.210973739624023
2021-12-20,30.486677169799805
2021-12-21,30.40599822998047
2021-12-22,30.18189239501953
2021-12-23,30.00261878967285
2021-12-27,29.73369598388672
2021-12-28,29.841262817382812
2021-12-29,29.348249435424805
2021-12-30,29.56336784362793
2022-01-03,28.70283317565918
2022-01-04,28.559404373168945
2022-01-05,27.053451538085938
2022-01-06,27.044483184814453
2022-01-07,26.363218307495117
2022-01-10,25.601276397705078
2022-01-11,26.03154754638672
2022-01-12,27.08930778503418
2022-01-13,26.08533477783203
2022-01-14,27.519582748413086
2022-01-17,27.205839157104492
2022-01-18,27.37615203857422
2022-01-19,27.34029769897461
2022-01-20,27.555438995361328
2022-01-21,27.438905715942383
2022-01-24,26.80245590209961
2022-01-25,27.071378707885742
2022-01-26,27.555438995361328
2022-01-27,29.043466567993164
2022-01-28,28.34427261352539
2022-01-31,28.82832908630371
2022-02-01,28.738689422607422
2022-02-02,28.478729248046875
2022-02-03,27.743680953979492
2022-02-04,27.654043197631836
2022-02-07,27.788503646850586
2022-02-08,27.08930778503418
2022-02-09,27.15205192565918
2022-02-10,26.65903663635254
2022-02-11,26.470781326293945
2022-02-14,27.286514282226562
2022-02-15,29.47374153137207
2022-02-16,28.057416915893555
2022-02-17,27.47475814819336
2022-02-18,26.721776962280273
2022-02-21,26.64524269104004
2022-02-22,26.65426254272461
2022-02-23,25.814836502075195
2022-02-24,26.46471405029297
2022-02-25,26.536924362182617
2022-03-02,27.304153442382812
2022-03-03,28.206768035888672
2022-03-04,28.441448211669922
2022-03-07,28.053319931030273
2022-03-08,28.495603561401367
2022-03-09,29.488487243652344
2022-03-10,28.630992889404297
2022-03-11,28.333131790161133
2022-03-14,27.99916648864746
2022-03-15,27.259023666381836
2022-03-16,28.865673065185547
2022-03-17,29.876605987548828
2022-03-18,30.048105239868164
2022-03-21,29.380168914794922
2022-03-22,29.786348342895508
2022-03-23,29.560688018798828
2022-03-24,29.9036865234375
2022-03-25,29.678037643432617
2022-03-28,30.36186981201172
2022-03-29,30.678133010864258
2022-03-30,30.85886001586914
2022-03-31,31.50946807861328
2022-04-01,31.970312118530273
2022-04-04,31.645015716552734
2022-04-05,31.292604446411133
2022-04-06,31.021512985229492
2022-04-07,30.831745147705078
2022-04-08,30.849821090698242
2022-04-11,29.413057327270508
2022-04-12,29.250402450561523
2022-04-13,29.422096252441406
2022-04-14,29.17811393737793
2022-04-18,28.834735870361328
2022-04-19,28.346771240234375
2022-04-20,28.3919620513916
2022-04-22,28.292556762695312
2022-04-25,28.202190399169922
2022-04-26,27.09073257446289
2022-04-27,28.581714630126953
2022-04-28,28.129905700683594
2022-04-29,27.199169158935547
2022-05-02,26.150962829589844
2022-05-03,25.672035217285156
2022-05-04,26.150962829589844
2022-05-05,25.446130752563477
2022-05-06,24.533470153808594
2022-05-09,24.09069061279297
2022-05-10,23.60273551940918
2022-05-11,23.58466148376465
2022-05-12,23.864789962768555
2022-05-13,23.946109771728516
2022-05-16,23.675024032592773
2022-05-17,24.316598892211914
2022-05-18,23.88286018371582
2022-05-19,23.06959342956543
2022-05-20,23.485260009765625
2022-05-23,24.009363174438477
2022-05-24,23.566587448120117
2022-05-25,22.87079620361328
2022-05-26,23.232250213623047
2022-05-27,23.693096160888672
2022-05-30,23.078636169433594
2022-05-31,22.925018310546875
2022-06-01,23.68406105041504
2022-06-02,23.792495727539062
2022-06-03,23.422012329101562
2022-06-06,23.47623062133789
2022-06-07,23.449113845825195
2022-06-08,22.057533264160156
2022-06-09,22.156930923461914
2022-06-10,21.68704605102539
2022-06-13,21.524391174316406
2022-06-14,21.912948608398438
2022-06-15,21.68704605102539
2022-06-17,20.629802703857422
2022-06-20,21.77741050720215
2022-06-21,22.86176109313965
2022-06-22,23.30454444885254
2022-06-23,23.4129695892334
2022-06-24,23.90996551513672
2022-06-27,23.469444274902344
2022-06-28,23.668567657470703
2022-06-29,23.559959411621094
2022-06-30,23.94010353088379
2022-07-01,23.985355377197266
2022-07-04,23.97630500793457
2022-07-05,24.456016540527344
2022-07-06,24.52842140197754
2022-07-07,24.990032196044922
2022-07-08,24.68229103088379
2022-07-11,24.057767868041992
2022-07-12,24.066816329956055
2022-07-13,24.19352912902832
2022-07-14,23.894847869873047
2022-07-15,24.030611038208008
2022-07-18,23.64141845703125
2022-07-19,24.401710510253906
2022-07-20,23.52374839782715
2022-07-21,22.926380157470703
2022-07-22,23.387985229492188
2022-07-25,24.09026527404785
2022-07-26,23.835535049438477
2022-07-27,24.4450740814209
2022-07-28,25.409408569335938
2022-07-29,25.50948715209961
2022-08-01,25.363924026489258
2022-08-02,25.818798065185547
2022-08-03,25.582263946533203
2022-08-04,26.209991455078125
2022-08-05,26.228191375732422
2022-08-08,27.046964645385742
2022-08-09,26.910503387451172
2022-08-10,27.911230087280273
2022-08-11,27.410863876342773
2022-08-12,28.111377716064453
2022-08-15,27.601911544799805
2022-08-16,27.829355239868164
2022-08-17,27.683792114257812
2022-08-18,28.056791305541992
2022-08-19,27.156137466430664
2022-08-22,26.33736228942871
2022-08-23,26.200895309448242
2022-08-24,26.191802978515625
2022-08-25,26.33736228942871
2022-08-26,26.209991455078125
2022-08-29,25.80970573425293
2022-08-30,25.827896118164062
2022-08-31,25.736919403076172
2022-09-01,25.818798065185547
2022-09-02,27.4836483001709
2022-09-05,28.111377716064453
2022-09-06,27.556428909301758
2022-09-08,27.4836483001709
2022-09-09,27.701990127563477
2022-09-12,28.930156707763672
2022-09-13,27.847545623779297
2022-09-14,27.856651306152344
2022-09-15,27.301700592041016
2022-09-16,27.729280471801758
2022-09-19,27.838451385498047
2022-09-20,28.32061767578125
2022-09-21,28.366107940673828
2022-09-22,28.211450576782227
2022-09-23,27.811155319213867
2022-09-26,27.851346969604492
2022-09-27,27.377601623535156
2022-09-28,27.623586654663086
2022-09-29,27.459596633911133
2022-09-30,29.281734466552734
2022-10-03,30.593669891357422
2022-10-04,30.283916473388672
2022-10-05,30.67566680908203
2022-10-06,30.730327606201172
2022-10-07,30.384124755859375
2022-10-10,31.22230339050293
2022-10-11,30.885211944580078
2022-10-13,30.493453979492188
2022-10-14,29.937698364257812
2022-10-17,30.621004104614258
2022-10-18,31.48652458190918
2022-10-19,31.568510055541992
2022-10-20,31.577627182006836
2022-10-21,32.06959915161133
2022-10-24,31.81449317932129
2022-10-25,31.932952880859375
2022-10-26,34.60237121582031
2022-10-27,35.37678146362305
2022-10-28,35.048789978027344
2022-10-31,36.69783020019531
2022-11-01,35.90519714355469
2022-11-03,36.624942779541016
2022-11-04,37.17157745361328
2022-11-07,37.26268768310547
2022-11-08,37.17157745361328
2022-11-09,36.9893684387207
2022-11-10,35.741207122802734
2022-11-11,36.43361282348633
2022-11-14,37.044029235839844
2022-11-16,35.26744842529297
2022-11-17,36.032752990722656
2022-11-18,35.78675842285156
2022-11-21,35.97808837890625
2022-11-22,35.4405517578125
2022-11-23,35.476993560791016
2022-11-24,36.224056243896484
2022-11-25,35.622772216796875
2022-11-28,34.16504669189453
2022-11-29,34.356388092041016
2022-11-30,35.53166580200195
2022-12-01,34.90302276611328
2022-12-02,35.221900939941406
2022-12-05,34.25615692138672
2022-12-06,34.356388092041016
2022-12-07,33.9463996887207
2022-12-08,33.8917350769043
2022-12-09,33.800628662109375
2022-12-12,32.86223220825195
2022-12-13,32.60713195800781
2022-12-14,33.764198303222656
2022-12-15,33.782413482666016
2022-12-16,34.1195068359375
2022-12-19,34.7803955078125
2022-12-20,35.063232421875
2022-12-21,35.03586959838867
2022-12-22,35.528560638427734
2022-12-23,35.127113342285156
2022-12-26,34.84426498413086
2022-12-27,34.68002700805664
2022-12-28,35.309593200683594
2022-12-29,35.136234283447266
2023-01-02,34.76215362548828
2023-01-03,33.89537811279297
2023-01-04,34.12346649169922
2023-01-05,34.19647216796875
2023-01-06,34.698280334472656
2023-01-09,34.59791946411133
2023-01-10,34.26033401489258
2023-01-11,35.218345642089844
2023-01-12,35.136234283447266
2023-01-13,35.55594253540039
2023-01-16,34.38808059692383
2023-01-17,34.95375442504883
2023-01-18,34.66178894042969
2023-01-19,34.588802337646484
2023-01-20,34.05961227416992
2023-01-23,34.09610366821289
2023-01-24,33.950111389160156
2023-01-25,35.32783126831055
2023-01-26,34.86251449584961
2023-01-27,34.588802337646484
2023-01-30,34.07785415649414
2023-01-31,34.889892578125
2023-02-01,35.02674102783203
2023-02-02,34.70741653442383
2023-02-03,34.588802337646484
2023-02-06,34.278587341308594
2023-02-07,34.36981964111328
2023-02-08,34.360694885253906
2023-02-09,34.65266418457031
2023-02-10,35.218345642089844
2023-02-13,35.20010757446289
2023-02-14,34.99937438964844
2023-02-15,35.473819732666016
2023-02-16,35.38257598876953
2023-02-17,36.14897918701172
2023-02-22,35.23713684082031
2023-02-23,36.00795364379883
2023-02-24,35.65925216674805
2023-02-27,35.604183197021484
2023-02-28,35.93454360961914
2023-03-01,36.136417388916016
2023-03-02,35.93454360961914
2023-03-03,35.64090347290039
2023-03-06,36.18230438232422
2023-03-07,36.32911682128906
2023-03-08,36.852176666259766
2023-03-09,36.57688522338867
2023-03-10,36.283241271972656
2023-03-13,36.51264190673828
2023-03-14,36.943939208984375
2023-03-15,36.769588470458984
2023-03-16,36.98064422607422
2023-03-17,36.586063385009766
2023-03-20,36.478763580322266
2023-03-21,36.717681884765625
2023-03-22,36.31337356567383
2023-03-23,36.65335464477539
2023-03-24,37.223045349121094
2023-03-27,37.847877502441406
2023-03-28,38.01327133178711
2023-03-29,38.34405517578125
2023-03-30,38.4635124206543
2023-03-31,37.25980758666992
2023-04-03,36.377685546875
2023-04-04,36.414459228515625
2023-04-05,35.6058464050293
2023-04-06,35.47720718383789
2023-04-10,35.27505111694336
2023-04-11,35.91826629638672
2023-04-12,36.515525817871094
2023-04-13,36.17554473876953
2023-04-14,35.61503982543945
2023-04-17,36.27661895751953
2023-04-18,36.08365249633789
2023-04-19,35.936641693115234
2023-04-20,36.9841423034668
2023-04-24,37.07603073120117
2023-04-25,37.25061798095703
2023-04-26,36.85549545288086
2023-04-27,37.07603073120117
2023-04-28,37.78355026245117
2023-05-02,37.50788497924805
2023-05-03,36.66255187988281
2023-05-04,36.111228942871094
2023-05-05,36.0377197265625
2023-05-08,36.01934051513672
2023-05-09,36.625789642333984
2023-05-10,36.157161712646484
2023-05-11,36.129600524902344
2023-05-12,35.752864837646484
2023-05-15,36.42363739013672
2023-05-16,36.478763580322266
2023-05-17,36.258243560791016
2023-05-18,36.111228942871094
2023-05-19,36.87388610839844
2023-05-22,37.08522033691406
2023-05-23,36.95658493041992
2023-05-24,36.58903503417969
2023-05-25,35.87232971191406
2023-05-26,36.30418395996094
2023-05-29,35.72529983520508
2023-05-30,35.229122161865234
2023-05-31,34.55835723876953
2023-06-01,34.17243957519531
2023-06-02,34.61347961425781
2023-06-05,34.576725006103516
2023-06-06,35.10047912597656
2023-06-07,35.05453872680664
2023-06-09,34.73292922973633
2023-06-12,34.68699645996094
2023-06-13,34.31943893432617
2023-06-14,34.79725646972656
2023-06-15,34.769691467285156
2023-06-16,34.77887725830078
2023-06-19,34.61347961425781
2023-06-20,33.951908111572266
2023-06-21,33.49247741699219
2023-06-22,33.446533203125
2023-06-23,33.63029861450195
2023-06-26,33.4998893737793
2023-06-27,33.591915130615234
2023-06-28,33.66554641723633
2023-06-29,33.90483474731445
2023-06-30,34.742332458496094
2023-07-03,34.687110900878906
2023-07-04,34.22695541381836
2023-07-05,34.51224136352539
2023-07-06,33.95085144042969
2023-07-07,34.052085876464844
2023-07-10,33.398658752441406
2023-07-11,33.08573913574219
2023-07-12,33.186973571777344
2023-07-13,33.186973571777344
2023-07-14,33.131752014160156
2023-07-17,32.48752975463867
2023-07-18,33.076534271240234
2023-07-19,34.889583587646484
2023-07-20,35.119659423828125
2023-07-21,35.79150390625
2023-07-24,38.373634338378906
2023-07-25,37.41291427612305
2023-07-26,37.39443588256836
2023-07-27,37.27434539794922
2023-07-28,37.24663543701172
2023-07-31,36.87712097167969
2023-08-01,36.82169723510742
2023-08-02,36.97874450683594
2023-08-03,37.34824752807617
2023-08-04,37.736228942871094
2023-08-07,37.81013870239258
2023-08-08,37.56071090698242
2023-08-09,37.67156219482422
2023-08-10,37.1727294921875
2023-08-11,36.76626968383789
2023-08-14,36.31361770629883
2023-08-15,36.3505744934082
2023-08-16,34.743202209472656
2023-08-17,34.0965461730957
2023-08-18,33.49609375
2023-08-21,33.292877197265625
2023-08-22,33.690086364746094
2023-08-23,33.67162322998047
2023-08-24,33.237449645996094
2023-08-25,33.588478088378906
2023-08-28,33.828670501708984
2023-08-29,33.70856857299805
2023-08-30,33.533050537109375
2023-08-31,33.14507293701172
2023-09-01,33.20973205566406
2023-09-04,33.37601089477539
2023-09-05,33.172786712646484
2023-09-06,32.8402214050293
2023-09-08,32.701656341552734
2023-09-11,32.590797424316406
2023-09-12,32.9326057434082
2023-09-13,34.11503601074219
2023-09-14,33.3298225402832
2023-09-15,33.348304748535156
2023-09-18,33.061927795410156
2023-09-19,33.237449645996094
2023-09-20,33.061927795410156
2023-09-21,32.31366729736328
2023-09-22,31.95340919494629
2023-09-25,33.433834075927734
2023-09-26,33.38756561279297
2023-09-27,33.33204650878906
2023-09-28,33.6744270324707
2023-09-29,33.56338882446289
2023-10-02,33.45233917236328
2023-10-03,32.54547119140625
2023-10-04,32.53622055053711
2023-10-05,32.369651794433594
2023-10-06,32.20307922363281
2023-10-09,32.24935531616211
2023-10-10,32.6657829284668
2023-10-11,32.54547119140625
2023-10-13,31.962488174438477
2023-10-16,32.06427764892578
2023-10-17,31.721885681152344
2023-10-18,31.73114776611328
2023-10-19,31.407264709472656
2023-10-20,31.28696060180664
2023-10-23,31.37024688720703
2023-10-24,32.39741897583008
2023-10-25,29.121585845947266
2023-10-26,30.222776412963867
2023-10-27,29.269641876220703
2023-10-30,29.889646530151367
2023-10-31,30.546663284301758
2023-11-01,30.61144256591797
2023-11-03,31.027862548828125
2023-11-06,30.731731414794922
2023-11-07,30.33382797241211
2023-11-08,30.02845573425293
2023-11-09,29.991443634033203
2023-11-10,30.694719314575195
2023-11-13,30.278305053710938
2023-11-14,30.96308135986328
2023-11-16,30.98158836364746
2023-11-17,30.778003692626953
2023-11-20,30.98158836364746
2023-11-21,31.148155212402344
2023-11-22,31.555320739746094
2023-11-23,31.518310546875
2023-11-24,31.20368003845215
2023-11-27,31.592342376708984
2023-11-28,31.805179595947266
2023-11-29,31.583080291748047
2023-11-30,31.638601303100586
2023-12-01,32.18458557128906
2023-12-04,32.16606903076172
2023-12-05,32.6657829284668
2023-12-06,32.74905776977539
2023-12-07,32.72129821777344
2023-12-08,32.06427764892578
2023-12-11,32.26785659790039
2023-12-12,32.415916442871094
2023-12-13,33.36906051635742
2023-12-14,33.591148376464844
2023-12-15,33.341304779052734
2023-12-18,33.41727066040039
2023-12-19,33.769615173339844
2023-12-20,33.528541564941406
2023-12-21,33.74180221557617
2023-12-22,33.85307312011719
2023-12-26,34.047794342041016
2023-12-27,34.1590576171875
2023-12-28,34.223960876464844
2024-01-02,33.90871047973633
2024-01-03,34.1683235168457
2024-01-04,33.713993072509766
2024-01-05,33.35237121582031
2024-01-08,33.435821533203125
2024-01-09,32.61058807373047
2024-01-10,32.74966812133789
2024-01-11,32.28606033325195
2024-01-12,32.14698028564453
2024-01-15,31.82244110107422
2024-01-16,31.164112091064453
2024-01-17,30.96940040588379
2024-01-18,30.728317260742188
2024-01-19,31.0435733795166
2024-01-22,30.95085334777832
2024-01-23,31.312475204467773
2024-01-24,31.034305572509766
2024-01-25,30.83030891418457
2024-01-26,30.756135940551758
2024-01-29,30.83030891418457
2024-01-30,30.5892333984375
2024-01-31,29.98653221130371
2024-02-01,30.255430221557617
2024-02-02,30.218341827392578
2024-02-05,30.839582443237305
2024-02-06,30.821044921875
2024-02-07,31.182661056518555
2024-02-08,31.34028434753418
2024-02-09,30.94158363342285
2024-02-14,31.089935302734375
2024-02-15,30.79322052001953
2024-02-16,30.96940040588379
2024-02-19,31.052846908569336
2024-02-20,31.776079177856445
2024-02-21,33.9643440246582
2024-02-22,32.888755798339844
2024-02-23,33.361637115478516
2024-02-26,34.19184494018555
2024-02-27,34.556488037109375
2024-02-28,34.50973129272461
2024-02-29,34.304039001464844
2024-03-01,34.865020751953125
2024-03-04,34.72477722167969
2024-03-05,34.995914459228516
2024-03-06,34.71543502807617
2024-03-07,34.50038528442383
2024-03-08,34.51907730102539
2024-03-11,34.74348068237305
2024-03-12,35.16421127319336
2024-03-13,35.54755783081055
2024-03-14,35.332515716552734
2024-03-15,35.52884292602539
2024-03-18,35.52884292602539
2024-03-19,36.23942184448242
2024-03-20,36.30487823486328
2024-03-21,36.8658561706543
2024-03-22,37.155696868896484
2024-03-25,36.554351806640625
2024-03-26,36.310909271240234
2024-03-27,36.09555435180664
2024-03-28,35.76783752441406
2024-04-01,35.571205139160156
2024-04-02,35.739742279052734
2024-04-03,35.47757339477539
2024-04-04,35.67420196533203
2024-04-05,35.571205139160156
2024-04-08,35.76783752441406
2024-04-09,36.32963943481445
2024-04-10,35.955101013183594
2024-04-11,35.8052864074707
2024-04-12,35.56184387207031
2024-04-15,35.243499755859375
2024-04-16,36.30154037475586
2024-04-17,35.78656768798828
2024-04-18,36.142364501953125
2024-04-19,36.09555435180664
2024-04-22,35.833377838134766
2024-04-23,35.571205139160156
2024-04-24,35.79591751098633
2024-04-25,36.20790481567383
2024-04-26,36.72289276123047
2024-04-29,36.85397720336914
2024-04-30,37.03187942504883
2024-05-02,36.376441955566406
2024-05-03,36.30154037475586
2024-05-06,36.17045974731445
2024-05-07,36.42326736450195
2024-05-08,36.60116958618164
2024-05-09,36.42326736450195
2024-05-10,36.48881149291992
2024-05-13,36.5918083190918
2024-05-14,37.08806228637695
2024-05-15,37.0974235534668
2024-05-16,37.07869338989258
2024-05-17,37.116153717041016
2024-05-20,37.31277847290039
2024-05-21,37.2285041809082
2024-05-22,36.77907180786133
2024-05-23,36.54499435424805
2024-05-24,35.89891815185547
2024-05-27,35.908287048339844
2024-05-28,35.79591751098633
2024-05-29,35.3277587890625
2024-05-31,35.159217834472656
2024-06-03,34.96259307861328
2024-06-04,35.393306732177734
2024-06-05,35.14985656738281
2024-06-06,35.40266799926758
2024-06-07,35.44011688232422
2024-06-10,35.40266799926758
2024-06-11,35.393306732177734
2024-06-12,35.64611053466797
2024-06-13,35.97382354736328
2024-06-14,36.30154037475586
2024-06-17,36.30154037475586
2024-06-18,36.38581466674805
2024-06-19,37.27532196044922
2024-06-20,38.18356704711914
2024-06-21,38.46446990966797
2024-06-24,38.26783752441406
2024-06-25,38.92326736450195
2024-06-26,39.279075622558594
2024-06-27,39.04499435424805
2024-06-28,39.503787994384766
2024-07-01,39.35635757446289
2024-07-02,39.41261672973633
2024-07-03,39.48762512207031
2024-07-04,39.281333923339844
2024-07-05,39.56264877319336
2024-07-08,41.700660705566406
2024-07-09,41.77567672729492
2024-07-10,41.306819915771484
2024-07-11,42.16014862060547
2024-07-12,43.022857666015625
2024-07-15,43.613616943359375
2024-07-16,43.77303695678711
2024-07-17,44.1199951171875
2024-07-18,44.44820022583008
2024-07-19,44.34504699707031
2024-07-22,44.23252487182617
2024-07-23,44.1199951171875
2024-07-24,43.74490737915039
2024-07-25,43.088504791259766
2024-07-26,43.99809265136719
2024-07-29,43.58549118041992
2024-07-30,43.00410461425781
2024-07-31,47.50518798828125
2024-08-01,49.54942321777344
2024-08-02,46.717491149902344
2024-08-05,45.99041748046875
2024-08-06,46.093963623046875
2024-08-07,45.48213195800781
2024-08-08,46.771671295166016
2024-08-09,46.78108215332031
2024-08-12,47.609397888183594
2024-08-13,48.127098083496094
2024-08-14,48.51301956176758
2024-08-15,49.60489273071289
2024-08-16,50.122589111328125
2024-08-19,48.748329162597656
2024-08-20,49.99081039428711
2024-08-21,50.29201889038086
2024-08-22,51.01679229736328
2024-08-23,50.649696350097656
2024-08-26,50.903839111328125
2024-08-27,50.82854080200195
2024-08-28,50.82854080200195
2024-08-29,50.39555358886719
2024-08-30,50.969730377197266
2024-09-02,49.275447845458984
2024-09-03,49.69902038574219
2024-09-04,50.254356384277344
2024-09-05,50.81912612915039
2024-09-06,49.77431869506836
2024-09-09,49.369571685791016
2024-09-10,49.783729553222656
2024-09-11,50.357906341552734
2024-09-12,50.17906188964844
2024-09-13,50.47085189819336
2024-09-16,49.887271881103516
2024-09-17,50.18848419189453
2024-09-18,50.452030181884766
2024-09-19,50.131988525390625
2024-09-20,49.43545913696289
2024-09-23,51.12974548339844
2024-09-24,52.13690185546875
2024-09-25,52.40987014770508
2024-09-26,52.75813674926758
2024-09-27,52.739315032958984
2024-09-30,51.25972366333008
2024-10-01,52.66397476196289
2024-10-02,52.16447448730469
2024-10-03,51.457645416259766
2024-10-04,51.3634033203125
2024-10-07,50.32671356201172
2024-10-08,51.18433380126953
2024-10-09,50.89216995239258
2024-10-10,51.06180953979492
2024-10-11,51.05239486694336
2024-10-14,51.872310638427734
2024-10-15,53.27656936645508
2024-10-16,53.898582458496094
2024-10-17,52.98440933227539
2024-10-18,52.041954040527344
2024-10-21,51.872310638427734
2024-10-22,52.729949951171875
2024-10-23,52.9655647277832
2024-10-24,53.03153991699219
2024-10-25,52.2775764465332
2024-10-28,53.022098541259766
2024-10-29,53.662960052490234
2024-10-30,50.89216995239258
2024-10-31,50.995845794677734
2024-11-01,51.551883697509766
2024-11-04,52.95613098144531
2024-11-05,52.786495208740234
2024-11-06,52.86188888549805
2024-11-07,52.560306549072266
2024-11-08,51.91944122314453
2024-11-11,52.296424865722656
2024-11-12,52.23045349121094
2024-11-13,51.551883697509766
2024-11-14,51.22203063964844
2024-11-18,50.89216995239258
2024-11-19,51.014686584472656
2024-11-21,50.63771438598633
2024-11-22,50.9015998840332
2024-11-25,49.14864730834961
2024-11-26,49.74238204956055
2024-11-27,49.1109504699707
2024-11-28,49.86490249633789
2024-11-29,50.835628509521484
2024-12-02,50.75080871582031
2024-12-03,51.457645416259766
2024-12-04,51.83462142944336
2024-12-05,51.768653869628906
2024-12-06,52.40009307861328
2024-12-09,52.54145812988281
2024-12-10,53.606422424316406
2024-12-11,55.18030548095703
2024-12-12,54.473472595214844
2024-12-13,54.341529846191406
2024-12-16,53.82319259643555
2024-12-17,54.56772232055664
2024-12-18,53.766639709472656
2024-12-19,53.21059799194336
2024-12-20,52.34354019165039
2024-12-23,51.19188690185547
2024-12-26,51.588279724121094
2024-12-27,50.663352966308594
2024-12-30,49.80449295043945
2025-01-02,49.75730514526367
2025-01-03,49.51191329956055
2025-01-06,49.52135467529297
2025-01-07,50.51234817504883
2025-01-08,50.219764709472656
2025-01-09,51.23907470703125
2025-01-10,50.35189437866211
2025-01-13,50.25751495361328
2025-01-14,49.955501556396484
2025-01-15,51.11637878417969
2025-01-16,50.65391540527344
2025-01-17,51.12581253051758
2025-01-20,52.031864166259766
2025-01-21,52.50376892089844
2025-01-22,53.26824188232422
2025-01-23,54.03273391723633
2025-01-24,54.617881774902344
2025-01-27,50.31414794921875
2025-01-28,51.05030822753906
2025-01-29,51.3712043762207
2025-01-30,53.05117416381836
2025-01-31,51.94692611694336
2025-02-03,50.870994567871094
2025-02-04,51.021995544433594
2025-02-05,51.408958435058594
2025-02-06,51.46559143066406
2025-02-07,50.90874099731445
2025-02-10,51.16356658935547
2025-02-11,50.1253776550293
2025-02-12,49.738426208496094
2025-02-13,49.52135467529297
2025-02-14,50.776607513427734
2025-02-17,49.502471923828125
2025-02-18,49.91774368286133
2025-02-19,49.27595520019531
2025-02-20,49.172142028808594
2025-02-21,49.9743766784668
2025-02-24,48.65304946899414
2025-02-25,49.455284118652344
2025-02-26,45.160980224609375
2025-02-27,46.1519775390625
2025-02-28,45.698951721191406
2025-03-05,45.255088806152344
2025-03-06,44.9036865234375
2025-03-07,45.483028411865234
2025-03-10,45.2835807800293
2025-03-11,44.25785446166992
2025-03-12,44.82770538330078
2025-03-13,44.39082717895508
2025-03-14,44.39082717895508
2025-03-17,45.255088806152344
2025-03-18,45.255088806152344
2025-03-19,45.720462799072266
2025-03-20,45.492523193359375
2025-03-21,45.44503402709961
2025-03-24,45.05565643310547
2025-03-25,44.713172912597656
2025-03-26,44.475341796875
2025-03-27,44.13285446166992
2025-03-28,43.6191291809082
2025-03-31,43.07685470581055
2025-04-01,43.14345169067383
2025-04-02,42.71534729003906
2025-04-03,42.116004943847656
2025-04-04,41.5927619934082
2025-04-07,41.8591423034668
2025-04-08,41.8591423034668
2025-04-09,43.20053482055664
2025-04-10,42.72486877441406
2025-04-11,42.92464828491211
2025-04-14,43.59058380126953
2025-04-15,43.59058380126953
2025-04-16,43.609615325927734
2025-04-17,43.71426010131836
2025-04-22,43.99015426635742
2025-04-23,44.0186882019043
2025-04-24,46.22581100463867
2025-04-25,47.462562561035156
2025-04-28,47.87163162231445
2025-04-29,48.01433181762695
2025-04-30,42.46799850463867
2025-05-02,42.258697509765625
2025-05-05,40.460670471191406
2025-05-06,40.860233306884766
2025-05-07,39.90888595581055
2025-05-08,40.15623092651367
2025-05-09,39.75666427612305
2025-05-12,40.593849182128906
2025-05-13,41.8591423034668
2025-05-14,41.92573547363281
2025-05-15,42.02086639404297
2025-05-16,42.81048583984375
2025-05-19,42.38237762451172
2025-05-20,42.36335754394531
2025-05-21,41.335899353027344
2025-05-22,41.54520034790039
2025-05-23,41.5642204284668
2025-05-26,41.60227966308594
2025-05-27,42.420433044433594
2025-05-28,42.487030029296875
2025-05-29,41.8781623840332
2025-05-30,40.2894287109375
2025-06-02,39.813751220703125
2025-06-03,39.671051025390625
2025-06-04,41.06001281738281
2025-06-05,40.470176696777344
2025-06-06,40.49871826171875
2025-06-09,40.755577087402344
2025-06-10,40.241859436035156
2025-06-11,40.23234558105469
2025-06-12,40.203800201416016
2025-06-13,40.32748031616211
2025-06-16,40.470176696777344
2025-06-17,39.39515686035156
2025-06-18,39.823265075683594
2025-06-20,39.61396789550781
2025-06-23,39.66551208496094
2025-06-24,39.5129508972168
2025-06-25,39.87527847290039
2025-06-26,41.06715393066406
2025-06-27,40.380638122558594
2025-06-30,40.7906379699707
2025-07-01,40.52366256713867
2025-07-02,40.4569206237793
2025-07-03,40.72389221191406
2025-07-04,41.00040817260742
2025-07-07,40.361568450927734
2025-07-08,38.7215461730957
2025-07-09,38.24480438232422
2025-07-10,38.04457473754883
2025-07-11,37.90153884887695
2025-07-14,37.691768646240234
2025-07-15,37.82526397705078
2025-07-16,39.20783615112305
2025-07-17,40.132728576660156
2025-07-18,40.39970779418945
2025-07-21,40.018310546875
2025-07-22,39.398536682128906
2025-07-23,36.24245071411133
2025-07-24,34.545230865478516
2025-07-25,34.48801803588867
2025-07-28,35.188777923583984
2025-07-29,35.045074462890625
2025-07-30,35.30373764038086
2025-07-31,35.55282974243164
2025-08-01,35.619895935058594
2025-08-04,35.51451110839844
2025-08-05,35.57199478149414
2025-08-06,36.55876922607422
2025-08-07,37.363525390625
2025-08-08,36.50128936767578
2025-08-11,35.65821838378906
2025-08-12,35.073814392089844
2025-08-13,35.08339309692383
2025-08-14,34.95884704589844
2025-08-15,34.46066665649414
2025-08-18,34.8822021484375
2025-08-19,34.1061897277832
2025-08-20,34.55647277832031
2025-08-21,34.40318298339844
2025-08-22,35.92646408081055
2025-08-25,36.146820068359375
2025-08-26,36.012691497802734
2025-08-27,36.15639877319336
2025-08-28,36.233036041259766
2025-08-29,36.07975387573242
2025-09-01,36.22345733642578
2025-09-02,36.09891128540039
2025-09-03,36.26177978515625
2025-09-04,35.68695831298828
2025-09-05,36.26177978515625
2025-09-08,35.868980407714844
2025-09-09,35.42828369140625
2025-09-10,35.715702056884766
2025-09-11,35.28458023071289
2025-09-12,35.3995475769043
2025-09-15,34.97801208496094
2025-09-16,35.22709655761719
2025-09-17,35.169612884521484
2025-09-18,35.188777923583984
2025-09-19,34.8247184753418
2025-09-22,35.55282974243164
2025-09-23,35.160037994384766
2025-09-24,35.342063903808594
2025-09-25,34.8247184753418
2025-09-26,34.79597854614258
2025-09-29,34.94995880126953
2025-09-30,35.16136932373047
2025-10-01,34.392608642578125
2025-10-02,34.719337463378906
2025-10-03,34.97878646850586
2025-10-06,34.286903381347656
2025-10-07,34.33494567871094
2025-10-08,34.113929748535156
2025-10-09,35.74755096435547
2025-10-10,35.25746536254883
2025-10-13,36.36256790161133
2025-10-14,35.87247848510742
2025-10-15,35.95896530151367
2025-10-16,36.92953109741211
2025-10-17,38.58237838745117
2025-10-20,37.99618911743164
2025-10-21,38.12111282348633
2025-10-22,38.45745086669922
2025-10-23,39.82200622558594
2025-10-24,39.75474166870117
2025-10-27,40.04302215576172
2025-10-28,40.66764831542969
2025-10-29,40.4081916809082
2025-10-30,39.83161544799805
2025-10-31,40.45623016357422
2025-11-03,41.128910064697266
2025-11-04,41.08085632324219
2025-11-05,41.811180114746094
2025-11-06,42.1955680847168
2025-11-07,43.24300765991211
2025-11-10,43.59856033325195
2025-11-11,44.232791900634766
2025-11-12,43.13730239868164
2025-11-13,43.07003402709961
2025-11-14,42.704872131347656
2025-11-17,42.25322341918945
2025-11-18,41.743919372558594
2025-11-19,41.945716857910156
2025-11-21,41.532508850097656
2025-11-24,41.50367736816406
2025-11-25,41.282657623291016
2025-11-26,42.66644287109375
2025-11-27,42.330101013183594
2025-11-28,42.52228927612305
2025-12-01,43.415977478027344
2025-12-02,43.829193115234375
2025-12-03,43.29105758666992
2025-12-04,44.167606353759766
2025-12-05,45.33246994018555
2025-12-08,46.37113571166992
2025-12-09,46.26435852050781
2025-12-10,47.05064010620117
2025-12-11,47.1282958984375
2025-12-12,48.06989288330078
2025-12-15,48.22520446777344
2025-12-16,48.47758865356445
2025-12-17,48.3416862487793
2025-12-18,48.53583526611328
2025-12-19,48.264034271240234
2025-12-22,47.44621276855469
2025-12-23,48.06343078613281
2025-12-26,48.53132247924805
2025-12-29,48.49150085449219
2025-12-30,48.292396545410156
